timestamp,open,high,low,close,volume
2025-05-06 14:02:00+00:00,29998.01992454022,30012.699661619543,29984.40167341074,29998.7934579386,913
2025-05-06 14:03:00+00:00,29998.98945403903,30015.352652164856,29982.54833797881,29998.92971356409,273
2025-05-06 14:04:00+00:00,29999.642952901384,30002.74434291559,29984.64680064608,30001.596560002636,108
2025-05-06 14:05:00+00:00,29999.15372359858,30010.794018088356,29986.75364333746,29997.50597318388,416
2025-05-06 14:06:00+00:00,30000.056467776234,30009.568715383513,29999.66198481989,29998.74513368864,232
2025-05-06 14:07:00+00:00,29999.945684674996,30006.63002745074,29980.97035370087,29999.669365937716,978
2025-05-06 14:08:00+00:00,30000.72801750435,30015.58388921067,29997.58659155548,29999.617198741373,344
2025-05-06 14:09:00+00:00,30002.001538049677,30017.575906369428,29996.185078067807,30003.378428413856,393
2025-05-06 14:10:00+00:00,30003.128817217683,30014.316176092445,29997.52733944378,30003.210403448917,979
2025-05-06 14:11:00+00:00,30004.81635206336,30009.84135686458,29995.194344232903,30007.534710989705,343
2025-05-06 14:12:00+00:00,30004.76952505,30019.890942258804,30000.68358030593,30005.502925723096,661
2025-05-06 14:13:00+00:00,30002.57791310041,30015.819669604665,29987.06382276245,30002.93457453522,944
2025-05-06 14:14:00+00:00,30001.699952049326,30018.838731395088,29993.32238643233,30002.812531903153,757
2025-05-06 14:15:00+00:00,30002.711749604656,30019.948159773598,30001.712210728034,30002.341800056245,583
2025-05-06 14:16:00+00:00,30000.2430403871,30018.606616120494,29987.810157307435,29999.002481355885,900
2025-05-06 14:17:00+00:00,30001.129233520092,30016.31731807663,29988.4398940245,29999.922417090962,945
2025-05-06 14:18:00+00:00,30000.348800821866,30007.067302557465,29982.471222504973,30000.93600319724,253
2025-05-06 14:19:00+00:00,30000.36086173268,30013.780582863914,29996.550799586734,29999.671054816576,690
2025-05-06 14:20:00+00:00,30000.930235437056,30011.48656781338,29995.68640753939,29999.876283596677,875
2025-05-06 14:21:00+00:00,30000.983333013857,30010.693415117752,29981.159941623642,29999.47318186322,982
2025-05-06 14:22:00+00:00,30000.815507428342,30019.534675667688,29992.378930926167,30000.838493793755,896
2025-05-06 14:23:00+00:00,30000.365464631148,30005.797377078918,29996.125592962366,30000.404793445192,151
2025-05-06 14:24:00+00:00,30001.149427946282,30010.664436056326,29995.800271256554,30002.07042084469,493
2025-05-06 14:25:00+00:00,30000.10111398015,30000.50095263688,29999.156842384145,29999.295255841254,498
2025-05-06 14:26:00+00:00,29999.252160556112,30017.435498352854,29980.55562356762,29999.64468299163,322
2025-05-06 14:27:00+00:00,30000.577495207624,30002.362648106755,29989.991067214138,29998.95361581208,641
2025-05-06 14:28:00+00:00,29999.702288485052,30010.400051795303,29997.44631947858,30000.220215441113,319
2025-05-06 14:29:00+00:00,29998.269187852802,30001.01776054459,29981.386174817733,29997.215499571208,174
2025-05-06 14:30:00+00:00,29997.965107946067,30007.288372259885,29996.051034340646,29998.537596458573,831
2025-05-06 14:31:00+00:00,29997.914766283688,30003.125434089376,29984.092697199612,29997.57080685542,386
2025-05-06 14:32:00+00:00,29998.067037983634,30016.57254382324,29994.278964889752,29998.87593375383,613
2025-05-06 14:33:00+00:00,29997.801797226843,30005.067197227672,29993.944813724607,29997.172943198402,635
2025-05-06 14:34:00+00:00,29999.234552356767,30015.32789777655,29989.878123759838,29998.404076624585,331
2025-05-06 14:35:00+00:00,29999.062152504634,30009.573401840167,29998.809591345773,29998.03598105748,605
2025-05-06 14:36:00+00:00,29997.293128171797,29998.375571096578,29978.96108689726,29997.26784929946,777
2025-05-06 14:37:00+00:00,29998.098305616906,30014.28822698834,29996.420710280254,29996.53343809189,243
2025-05-06 14:38:00+00:00,29995.432399113124,30010.24764442494,29989.3017692735,29995.262474413546,129
2025-05-06 14:39:00+00:00,29993.730157973852,29996.91289277375,29987.948973705286,29992.48988419103,962
2025-05-06 14:40:00+00:00,29992.76371807381,30007.902558118574,29988.23848341935,29992.76316878878,364
2025-05-06 14:41:00+00:00,29992.169136000135,30010.87669589005,29973.106153654408,29993.02788897035,243
2025-05-06 14:42:00+00:00,29991.1899248306,29991.393951996357,29987.814181701084,29990.51855067245,830
2025-05-06 14:43:00+00:00,29991.24228799353,29995.468976884364,29978.98632361681,29990.308217838156,997
2025-05-06 14:44:00+00:00,29991.48472615275,29993.684595524537,29979.61068292331,29991.29962176236,611
2025-05-06 14:45:00+00:00,29990.420943210273,30002.51253930643,29973.265247195777,29990.65435497762,208
2025-05-06 14:46:00+00:00,29988.988922821678,30006.324268456563,29971.96442371676,29987.82897109039,587
2025-05-06 14:47:00+00:00,29989.140868612853,29990.221437759817,29976.59831421462,29989.735062951197,533
2025-05-06 14:48:00+00:00,29988.17578141839,29994.1150349558,29984.431628328264,29987.693453760665,544
2025-05-06 14:49:00+00:00,29987.854427374303,29996.52507872988,29971.063472178925,29987.88759174054,686
2025-05-06 14:50:00+00:00,29988.29366054234,30001.905895258347,29975.662852678353,29990.17571003956,677
2025-05-06 14:51:00+00:00,29988.620310283015,29994.464496539822,29975.573775185712,29987.222631715955,882
2025-05-06 14:52:00+00:00,29988.04369554539,29993.55296254836,29979.465635392626,29988.828166919993,659
2025-05-06 14:53:00+00:00,29988.56796009226,30004.002334412125,29982.851473446684,29987.83417120799,871
2025-05-06 14:54:00+00:00,29989.43005893862,29992.438312879254,29979.24208673155,29988.299419007584,391
2025-05-06 14:55:00+00:00,29990.318365242056,30001.56906239261,29985.019478892944,29990.56346948385,636
2025-05-06 14:56:00+00:00,29990.735187573184,30008.88757486691,29989.5518240811,29991.957791998608,570
2025-05-06 14:57:00+00:00,29990.130414419087,30000.67917573346,29986.41250671145,29990.563563016858,302
2025-05-06 14:58:00+00:00,29990.098884049723,29993.75969258414,29982.73897722457,29991.539019146345,207
2025-05-06 14:59:00+00:00,29989.563649472464,29998.281677734143,29971.59294227203,29990.50347560957,607
2025-05-06 15:00:00+00:00,29989.614375476565,30001.378556766762,29980.664800035996,29989.54412292898,402
2025-05-06 15:01:00+00:00,29988.789253387713,29990.079535615107,29986.1747432901,29989.457430883624,147
2025-05-06 15:02:00+00:00,29988.687257257483,30007.92488712789,29969.932011338104,29987.967046532267,969
2025-05-06 15:03:00+00:00,29989.464104621067,30007.8720384856,29985.177217795022,29988.565728478035,849
2025-05-06 15:04:00+00:00,29990.32887277413,29998.19730605315,29984.885524249847,29990.183476768663,282
2025-05-06 15:05:00+00:00,29989.422914328734,29992.7742463539,29981.615326733147,29990.703991612998,206
2025-05-06 15:06:00+00:00,29990.334838352494,30008.462873441036,29979.495677771534,29992.005268310295,774
2025-05-06 15:07:00+00:00,29989.140039501817,29999.402296427896,29979.00530024287,29987.54090328406,649
2025-05-06 15:08:00+00:00,29989.382279344576,29989.4489456815,29981.831176463063,29988.787569590953,967
2025-05-06 15:09:00+00:00,29989.973602929287,30007.395279946104,29985.812453746814,29990.29725025766,394
2025-05-06 15:10:00+00:00,29990.50761039662,29997.963872974753,29985.99600833444,29990.732716134942,664
2025-05-06 15:11:00+00:00,29991.09270835719,29995.346740944482,29985.00458886609,29991.81603612625,485
2025-05-06 15:12:00+00:00,29990.706066603943,29997.33997450395,29975.996978953015,29991.4869521626,173
2025-05-06 15:13:00+00:00,29990.618094580674,29994.99731545093,29972.977226931005,29991.02073625402,434
2025-05-06 15:14:00+00:00,29991.81625840808,30002.666572825157,29983.556529791505,29992.136111896754,217
2025-05-06 15:15:00+00:00,29990.76411133723,29995.42637230393,29989.66962539591,29991.07823911934,620
2025-05-06 15:16:00+00:00,29991.80886641201,29995.17821351988,29982.83543643451,29991.880753509224,640
2025-05-06 15:17:00+00:00,29991.735290884604,30010.6528188092,29989.549203161314,29991.101002213964,730
2025-05-06 15:18:00+00:00,29992.796050980225,30003.360614554014,29979.460972772664,29994.312321587007,506
2025-05-06 15:19:00+00:00,29992.998017963655,30009.8839499411,29990.239749967604,29993.454052614856,622
2025-05-06 15:20:00+00:00,29993.922762182265,30005.991656899478,29986.178648345565,29995.222269892314,442
2025-05-06 15:21:00+00:00,29993.7159604979,30006.294822151685,29989.004714968378,29995.219629741365,902
2025-05-06 15:22:00+00:00,29992.927522410602,30009.118502450157,29988.86336680716,29992.92508396709,706
2025-05-06 15:23:00+00:00,29993.17388037222,30004.08645386873,29982.49898597777,29992.76548260761,158
2025-05-06 15:24:00+00:00,29991.679846754298,30004.139340803446,29989.53783517092,29991.631855218377,375
2025-05-06 15:25:00+00:00,29990.84599217059,29997.244060432382,29982.837118248768,29991.523238664133,570
2025-05-06 15:26:00+00:00,29990.94047140569,29991.314919200486,29979.99136612616,29992.43645114848,290
2025-05-06 15:27:00+00:00,29989.938352514324,30009.78500443907,29971.26630639735,29991.379630111776,237
2025-05-06 15:28:00+00:00,29989.01897331148,29993.264599608574,29973.252005336948,29988.08530688068,177
2025-05-06 15:29:00+00:00,29988.431549984856,30007.902455737774,29970.322881677144,29985.861633186872,649
2025-05-06 15:30:00+00:00,29987.575029127485,29990.046505634753,29976.901084682155,29987.64486541711,975
2025-05-06 15:31:00+00:00,29987.789652222727,29988.88456502504,29986.931370716153,29988.58440266462,614
2025-05-06 15:32:00+00:00,29987.064346232735,29992.411563464746,29972.078461898167,29987.07486688836,740
2025-05-06 15:33:00+00:00,29986.196331840176,29995.239366815866,29971.352886623274,29984.841770981817,598
2025-05-06 15:34:00+00:00,29986.867845019544,29997.531538993455,29978.722405479937,29985.357833806793,464
2025-05-06 15:35:00+00:00,29986.0962181469,30004.98497026135,29969.084302023133,29984.416060061798,718
2025-05-06 15:36:00+00:00,29986.516756429122,29999.933071473686,29974.202304122064,29986.481315877525,984
2025-05-06 15:37:00+00:00,29986.989703602696,30000.23182670045,29980.715220275124,29984.913878387342,820
2025-05-06 15:38:00+00:00,29987.810586318545,29999.25610873781,29980.664312826677,29987.324717503558,820
2025-05-06 15:39:00+00:00,29986.997755440978,29997.424826882554,29977.681790921186,29986.35407661947,192
2025-05-06 15:40:00+00:00,29986.711823281825,29991.917270170467,29982.164400242636,29985.393810608464,501
2025-05-06 15:41:00+00:00,29986.792788844352,30001.6638833473,29979.72779336866,29987.582156872544,833
2025-05-06 15:42:00+00:00,29986.64301908381,29998.077615649603,29969.072587128332,29986.710882242714,537
2025-05-06 15:43:00+00:00,29988.5221313377,30002.54240887753,29973.935882373273,29989.388620060363,723
2025-05-06 15:44:00+00:00,29987.949305266837,29989.115959183662,29972.79582299561,29989.23638464155,776
2025-05-06 15:45:00+00:00,29988.46294046065,30001.408325025634,29975.683270115536,29988.399569362125,252
2025-05-06 15:46:00+00:00,29989.14022048426,29996.678308729664,29977.668922035024,29991.184976964665,571
2025-05-06 15:47:00+00:00,29989.647142666698,29994.870306625264,29978.145321715867,29991.689912566897,627
2025-05-06 15:48:00+00:00,29989.56948686654,30006.657579214978,29977.595442359838,29990.44334609792,723
2025-05-06 15:49:00+00:00,29989.221453747392,29998.745907788732,29972.247687772728,29988.183853593117,516
2025-05-06 15:50:00+00:00,29989.615731139227,30001.67056610678,29979.42107091539,29990.218119746794,823
2025-05-06 15:51:00+00:00,29990.183318463776,29997.745564748024,29979.706486673105,29991.442741612434,329
2025-05-06 15:52:00+00:00,29989.54815836502,29996.62440602008,29989.486489180752,29988.200119566754,647
2025-05-06 15:53:00+00:00,29989.109626715483,30007.57165023279,29973.573510941536,29990.55609191943,125
2025-05-06 15:54:00+00:00,29990.4604684694,29993.321640858016,29977.61508082941,29989.862330769352,246
2025-05-06 15:55:00+00:00,29989.871462935393,29992.85555657176,29982.279541390584,29990.873007204842,477
2025-05-06 15:56:00+00:00,29990.473228783634,30001.43369894318,29983.27429924069,29988.502303931313,662
2025-05-06 15:57:00+00:00,29990.571937585264,30002.904407643215,29987.2317878092,29989.76008468999,214
2025-05-06 15:58:00+00:00,29989.950649306276,29996.752111745656,29982.909399368156,29990.534409077336,717
2025-05-06 15:59:00+00:00,29990.224949700125,29999.536308045404,29977.650196428815,29990.027942399996,664
2025-05-06 16:00:00+00:00,29989.214420539407,29996.698283405636,29977.166129057834,29990.00004020445,458
2025-05-06 16:01:00+00:00,29988.94955408599,29991.15701862184,29983.82227572741,29989.64013893954,157
2025-05-06 16:02:00+00:00,29988.80117396511,29991.145949907743,29968.879058200335,29989.505233597705,565
2025-05-06 16:03:00+00:00,29987.69745677306,30002.077140335834,29978.078289674482,29988.04501696668,934
2025-05-06 16:04:00+00:00,29988.644287598214,30002.26826385419,29970.940981217045,29989.96620491318,572
2025-05-06 16:05:00+00:00,29988.21515940969,29991.9817371481,29976.546942938294,29989.414311954468,568
2025-05-06 16:06:00+00:00,29987.741118876205,29995.142806975196,29983.612365944962,29987.86492342759,158
2025-05-06 16:07:00+00:00,29986.788385104603,29997.02434169966,29967.95504763387,29986.873830821714,891
2025-05-06 16:08:00+00:00,29988.278553281216,30003.410799159163,29984.565914294053,29987.474172314658,780
2025-05-06 16:09:00+00:00,29988.465261550322,30005.73556197457,29979.105567590195,29986.692789555207,326
2025-05-06 16:10:00+00:00,29988.07302248815,29997.91711487912,29984.850001383867,29989.843952956708,183
2025-05-06 16:11:00+00:00,29987.227539693416,29993.819359473615,29983.425126790524,29987.43512816797,924
2025-05-06 16:12:00+00:00,29986.884136239667,29988.74873507102,29986.211718311868,29988.270051477015,625
2025-05-06 16:13:00+00:00,29986.05632360061,30003.381699781996,29977.280054273182,29986.67790611191,862
2025-05-06 16:14:00+00:00,29985.111582164525,29999.121636893855,29982.01471196448,29983.83971387092,194
2025-05-06 16:15:00+00:00,29983.57562327218,29986.44304907761,29973.496547739604,29982.19447563932,971
2025-05-06 16:16:00+00:00,29982.795692152602,29991.345651136562,29966.607668870656,29984.29047239717,525
2025-05-06 16:17:00+00:00,29983.353087148094,29983.8016090496,29971.54068596767,29982.812248770497,348
2025-05-06 16:18:00+00:00,29983.538058349975,30000.98676876894,29967.35608557151,29986.24994254186,777
2025-05-06 16:19:00+00:00,29985.269230468573,29999.05296106618,29966.316704564237,29984.72399213681,148
2025-05-06 16:20:00+00:00,29985.377905344838,29998.492865453918,29975.661318874045,29986.509496428902,537
2025-05-06 16:21:00+00:00,29985.299038970974,29991.086888665115,29979.967108053435,29986.691764455667,527
2025-05-06 16:22:00+00:00,29984.499483183346,29990.942549931686,29983.888956327475,29983.633074200137,230
2025-05-06 16:23:00+00:00,29986.31387977916,29995.362854932533,29983.626337099577,29984.90664590889,671
2025-05-06 16:24:00+00:00,29987.174345015326,29992.45268709359,29974.72389439047,29988.3868655907,236
2025-05-06 16:25:00+00:00,29987.83552000956,30006.35382437658,29973.85301956617,29985.766866885875,872
2025-05-06 16:26:00+00:00,29988.878228922284,30002.54947090301,29970.48465458382,29988.381470510005,729
2025-05-06 16:27:00+00:00,29990.617899889854,29993.222070306652,29983.338809423243,29991.306731319382,522
2025-05-06 16:28:00+00:00,29991.039650481373,29991.233534190058,29982.52492044796,29989.834934372975,919
2025-05-06 16:29:00+00:00,29991.20830318948,30009.665069100316,29987.83837830811,29990.492977732687,917
2025-05-06 16:30:00+00:00,29992.847668423576,30006.918604169998,29977.558724076385,29993.228956826802,566
2025-05-06 16:31:00+00:00,29991.622058168687,29997.36389262469,29984.784935279662,29990.966553740884,990
2025-05-06 16:32:00+00:00,29989.13274422122,29990.830424192493,29973.581942444507,29990.16834441467,284
2025-05-06 16:33:00+00:00,29987.805507017416,29997.79160172378,29981.956287761364,29988.673137931568,134
2025-05-06 16:34:00+00:00,29986.045026427484,29998.178877684564,29969.023823547897,29985.70843499663,969
2025-05-06 16:35:00+00:00,29986.26984985152,30005.99709371045,29978.043666643604,29986.3599210349,177
2025-05-06 16:36:00+00:00,29984.961285203895,29995.12274645991,29978.01562185726,29985.64316858393,692
2025-05-06 16:37:00+00:00,29983.345154485698,29992.854516121497,29968.064451253573,29982.67070955404,688
2025-05-06 16:38:00+00:00,29983.478442316387,29984.85916396425,29979.304817402663,29984.733425491904,969
2025-05-06 16:39:00+00:00,29983.834905373544,29988.4643815717,29977.844722025733,29984.91400624378,847
2025-05-06 16:40:00+00:00,29984.87824194104,29987.83755411679,29975.58803818709,29984.49958928446,353
2025-05-06 16:41:00+00:00,29984.138550604315,29996.266071705635,29975.092736557643,29983.17729320528,758
2025-05-06 16:42:00+00:00,29984.731236630236,29989.702290838522,29965.5990487107,29985.56281659018,502
2025-05-06 16:43:00+00:00,29983.96894370541,29999.415301705478,29967.01353706115,29985.75304121674,525
2025-05-06 16:44:00+00:00,29983.699666438108,29998.33509038165,29970.95944161265,29983.07842367286,298
2025-05-06 16:45:00+00:00,29984.793607346695,29995.94166163209,29965.567177464705,29984.82638144835,795
2025-05-06 16:46:00+00:00,29984.414287983705,30003.21276008309,29968.955627424857,29984.52938443205,120
2025-05-06 16:47:00+00:00,29985.75769445738,30000.69378090533,29984.36645480937,29985.025818161324,273
2025-05-06 16:48:00+00:00,29987.23786051306,29991.70976488008,29970.253387226,29985.654178392982,758
2025-05-06 16:49:00+00:00,29987.696668081266,29997.54590621846,29979.604410876647,29989.504459908854,129
2025-05-06 16:50:00+00:00,29987.306745586244,30000.131952667605,29981.211345738364,29986.749216053355,245
2025-05-06 16:51:00+00:00,29987.214681884685,30003.62417403001,29972.201358929513,29989.2371121293,642
2025-05-06 16:52:00+00:00,29986.70934499663,29989.884648879906,29972.07196284903,29986.311210002696,429
2025-05-06 16:53:00+00:00,29986.022283778566,29987.777559984905,29970.892031725998,29987.155944392864,368
2025-05-06 16:54:00+00:00,29986.28474337417,29989.03024096558,29969.104196490767,29986.70310210887,451
2025-05-06 16:55:00+00:00,29985.981022578646,29993.237145406827,29967.78027031512,29984.96402868606,972
2025-05-06 16:56:00+00:00,29986.97437408948,29997.06627987727,29975.889256285085,29987.572799717167,578
2025-05-06 16:57:00+00:00,29986.018627099424,30000.1601689703,29982.25650689266,29985.445584866433,392
2025-05-06 16:58:00+00:00,29986.23408797698,29986.83517673885,29972.335878616846,29986.109479977706,852
2025-05-06 16:59:00+00:00,29986.148401289724,30000.57772532502,29979.593022190842,29985.543389998504,690
2025-05-06 17:00:00+00:00,29987.385744919822,29994.401166697004,29985.256141061513,29987.598592497437,510
2025-05-06 17:01:00+00:00,29986.425021142983,29987.99249975422,29975.139960636232,29984.454982211235,679
2025-05-06 17:02:00+00:00,29985.616722315448,30003.60134688235,29967.973638062304,29985.083524595695,352
2025-05-06 17:03:00+00:00,29985.526965227193,29990.644063684973,29982.133219014417,29985.896972612187,847
2025-05-06 17:04:00+00:00,29985.87466439081,29992.702143997984,29985.742921356185,29986.02244476401,186
2025-05-06 17:05:00+00:00,29987.45722813447,30005.450229071066,29977.437421994808,29985.986649852963,911
2025-05-06 17:06:00+00:00,29988.32895838683,30008.02904118011,29970.485654606895,29988.414082593412,481
2025-05-06 17:07:00+00:00,29988.84267920615,29993.827576414893,29972.76435162662,29987.295320084642,392
2025-05-06 17:08:00+00:00,29987.963230733258,29989.040004986553,29983.901997862627,29987.644533477505,664
2025-05-06 17:09:00+00:00,29988.921154504224,29997.295715140037,29974.694906483423,29988.5490722525,373
2025-05-06 17:10:00+00:00,29989.248456103778,29999.84634812126,29970.789544597053,29989.99770711284,616
2025-05-06 17:11:00+00:00,29989.6446739068,30007.779424829296,29978.25541478095,29990.20021075717,341
2025-05-06 17:12:00+00:00,29989.72973566169,30007.930215492255,29973.700359814145,29987.789730020646,115
2025-05-06 17:13:00+00:00,29988.281595315246,29990.70334080815,29972.506877322812,29989.410987146908,276
2025-05-06 17:14:00+00:00,29987.327214280627,29988.209004593267,29983.749068455156,29987.223013624487,164
2025-05-06 17:15:00+00:00,29987.57269273379,29996.51848469659,29986.390771405037,29987.99951508892,499
2025-05-06 17:16:00+00:00,29988.698994363327,29989.706364048125,29982.841162017106,29988.20689802989,419
2025-05-06 17:17:00+00:00,29989.13585742461,30007.81815983225,29979.489622516405,29989.731641472805,633
2025-05-06 17:18:00+00:00,29988.28672166999,29989.59851031715,29976.82348075793,29986.9733737989,889
2025-05-06 17:19:00+00:00,29987.481356558255,30002.06152613526,29987.063434282434,29986.232308784995,603
2025-05-06 17:20:00+00:00,29987.9593766357,29992.878924868663,29977.150000457168,29987.30373257134,881
2025-05-06 17:21:00+00:00,29988.688168322176,30000.429272947862,29983.297896351058,29986.110195724188,615
2025-05-06 17:22:00+00:00,29988.198449230822,30004.877908929713,29982.024514555203,29988.377511190276,576
2025-05-06 17:23:00+00:00,29986.871454990505,29990.06863222862,29983.775054727183,29988.794112596206,396
2025-05-06 17:24:00+00:00,29986.97195963933,30006.07844664503,29974.213377065098,29987.85126208698,964
2025-05-06 17:25:00+00:00,29987.215038198774,29989.09534717524,29967.224039457717,29987.35830338985,752
2025-05-06 17:26:00+00:00,29986.325805109573,29986.425329644055,29974.190982803688,29985.258453173432,880
2025-05-06 17:27:00+00:00,29986.775126719327,29999.269614058085,29978.52712714882,29987.37785400208,894
2025-05-06 17:28:00+00:00,29987.9417665396,29992.027256814366,29973.345385656536,29989.08995774683,423
2025-05-06 17:29:00+00:00,29986.147199334715,30002.627150912078,29981.443439476956,29985.58321243062,297
2025-05-06 17:30:00+00:00,29986.870214058923,29987.899299597655,29980.13461303441,29987.18317494849,804
2025-05-06 17:31:00+00:00,29988.299581787363,29989.655637218788,29973.112554586907,29988.212388911947,824
2025-05-06 17:32:00+00:00,29989.729738569295,29994.304088098947,29976.070836999996,29989.334377553234,273
2025-05-06 17:33:00+00:00,29989.943087089036,29997.533681308665,29970.765262146528,29990.268142100118,381
2025-05-06 17:34:00+00:00,29991.032834521087,29994.839083218998,29981.6845162279,29991.367162999803,667
2025-05-06 17:35:00+00:00,29991.34574617665,30000.35563506453,29975.36027447812,29990.160003277342,648
2025-05-06 17:36:00+00:00,29988.344304098664,30004.783041344333,29980.334953120135,29988.46344400796,839
2025-05-06 17:37:00+00:00,29988.157923326788,29991.780284316323,29982.766973868118,29987.640866807695,331
2025-05-06 17:38:00+00:00,29989.172910712692,29989.293518675408,29970.959429169954,29990.03775013428,376
2025-05-06 17:39:00+00:00,29987.453181494704,29995.970219403847,29977.88462539875,29986.915473347355,389
2025-05-06 17:40:00+00:00,29988.344229723287,29992.154954102738,29970.647366638703,29986.87337138208,714
2025-05-06 17:41:00+00:00,29987.977819266398,30001.185553759988,29982.009430358885,29987.437396550187,404
2025-05-06 17:42:00+00:00,29987.68135594592,29990.594500706302,29973.229986803522,29986.810343082074,625
2025-05-06 17:43:00+00:00,29987.9961724349,29999.43225971408,29978.190262621047,29988.95499663658,741
2025-05-06 17:44:00+00:00,29988.706331065005,29988.93295071934,29978.475065705894,29987.07373796277,900
2025-05-06 17:45:00+00:00,29987.190262792512,29990.864639991156,29973.404950340813,29988.707852994525,696
2025-05-06 17:46:00+00:00,29987.611927770045,29991.3553522731,29977.8267640637,29986.779127493246,695
2025-05-06 17:47:00+00:00,29988.715174975892,30005.421807462943,29982.845524513337,29988.054397198997,942
2025-05-06 17:48:00+00:00,29988.36304387603,30007.74197279312,29987.266999195956,29987.752528582783,627
2025-05-06 17:49:00+00:00,29989.158776224926,29996.290778964634,29979.919303766135,29989.021458230014,664
2025-05-06 17:50:00+00:00,29988.528501852852,29990.22716388966,29987.0424107599,29987.195742758995,724
2025-05-06 17:51:00+00:00,29988.28326909402,30007.07804914272,29975.972380138955,29989.32755257666,434
2025-05-06 17:52:00+00:00,29987.64584593177,30004.508339077103,29970.76530511245,29987.09354827539,607
2025-05-06 17:53:00+00:00,29986.25179969617,29999.104104115675,29982.159265301183,29987.06591048676,584
2025-05-06 17:54:00+00:00,29986.453904949787,30001.511062504615,29976.953509642,29985.755512441017,230
2025-05-06 17:55:00+00:00,29986.809691188937,30005.463823612332,29971.820948027995,29986.279269975916,716
2025-05-06 17:56:00+00:00,29986.353672941266,30004.062165354786,29972.814724546977,29986.96433778891,730
2025-05-06 17:57:00+00:00,29987.325886904546,30001.798788240492,29968.90114400374,29988.28970991859,198
2025-05-06 17:58:00+00:00,29987.346548243993,30001.559451052886,29976.41992836318,29987.06103359574,646
2025-05-06 17:59:00+00:00,29988.45029007186,30003.105739510032,29976.094798276867,29985.81845151425,539
2025-05-06 18:00:00+00:00,29988.86578389016,29993.623714721372,29983.35745349211,29989.642971054625,687
2025-05-06 18:01:00+00:00,29989.313785811944,30002.034685648283,29983.20849676238,29986.030746147208,841
2025-05-06 18:02:00+00:00,29989.4666830606,29996.610419922596,29986.586408994735,29989.205534713587,390
2025-05-06 18:03:00+00:00,29988.02087265827,29996.971815635294,29979.447497534406,29987.576647344715,212
2025-05-06 18:04:00+00:00,29988.377157128518,29996.868192871283,29986.204173473976,29987.925904513857,930
2025-05-06 18:05:00+00:00,29988.240702689796,30005.24162741006,29979.062030041157,29987.820536087747,244
2025-05-06 18:06:00+00:00,29988.733943640487,30000.076023308564,29973.66170453095,29988.28015688624,350
2025-05-06 18:07:00+00:00,29987.459827381506,30003.367540900876,29982.85806347543,29990.422511492656,675
2025-05-06 18:08:00+00:00,29989.715556664516,30008.99092712583,29987.964178108836,29988.34165309789,828
2025-05-06 18:09:00+00:00,29990.727350013247,29999.576975406424,29971.938498732714,29990.254123652056,527
2025-05-06 18:10:00+00:00,29991.42669466258,30008.43067353814,29989.771870186498,29992.19038246052,363
2025-05-06 18:11:00+00:00,29988.91403009264,29996.749153749886,29981.421229613912,29990.165973400748,171
2025-05-06 18:12:00+00:00,29987.3869008798,30004.99804543411,29968.6242137705,29985.12662683342,926
2025-05-06 18:13:00+00:00,29988.11481525423,29996.69045736733,29981.143984664443,29987.086590793635,655
2025-05-06 18:14:00+00:00,29988.2786307963,30004.073687148895,29975.59496873014,29988.47776426576,248
2025-05-06 18:15:00+00:00,29987.856742196116,29989.710520466975,29986.007580641803,29987.458044203737,700
2025-05-06 18:16:00+00:00,29987.262590041762,29991.347328218995,29974.447944683085,29987.245466751603,415
2025-05-06 18:17:00+00:00,29985.722475073708,29990.689449943333,29984.419003635463,29986.18100020263,805
2025-05-06 18:18:00+00:00,29986.5873881989,29998.005044482794,29973.277454831627,29989.275287653618,105
2025-05-06 18:19:00+00:00,29988.661692247206,30003.048985260677,29974.043699733462,29986.33157520753,882
2025-05-06 18:20:00+00:00,29989.310688481022,29999.823646297304,29982.77218030972,29988.896980706486,921
2025-05-06 18:21:00+00:00,29991.128140482764,29997.20055543773,29974.274870351615,29990.88637875528,946
2025-05-06 18:22:00+00:00,29990.550092854923,29999.39769097406,29979.638525016246,29989.176494970627,244
2025-05-06 18:23:00+00:00,29991.8531299043,29995.245733396412,29981.333652432375,29991.843477718714,932
2025-05-06 18:24:00+00:00,29991.30561191495,29991.49481607678,29980.840299486983,29991.873071246242,296
2025-05-06 18:25:00+00:00,29991.75185882998,30005.746981161923,29989.418615462717,29990.71719070463,187
2025-05-06 18:26:00+00:00,29990.95897671884,30002.070425234673,29975.725266979603,29990.346405908633,466
2025-05-06 18:27:00+00:00,29992.149635752266,30011.26237409469,29987.00507180004,29993.538826515975,710
2025-05-06 18:28:00+00:00,29993.741109980136,30000.558862305636,29984.887144364093,29994.942453067706,794
2025-05-06 18:29:00+00:00,29994.844646677924,29996.78476392569,29993.11242089376,29995.036181442658,841
2025-05-06 18:30:00+00:00,29997.863416120992,30013.469168530315,29989.158051930986,29998.315933249494,553
2025-05-06 18:31:00+00:00,29997.614662735883,30016.187809710016,29979.69537576201,29997.67325655776,284
2025-05-06 18:32:00+00:00,29998.363153213562,30010.188819164272,29985.457601964976,29999.17498307813,912
2025-05-06 18:33:00+00:00,29999.26623905948,30009.083506524126,29992.736936532252,29998.460172136358,683
2025-05-06 18:34:00+00:00,29999.76198486972,30010.54270310801,29994.167696504846,29999.20992231381,498
2025-05-06 18:35:00+00:00,30000.911682957434,30008.70646098925,29999.175427268587,30001.833422773456,518
2025-05-06 18:36:00+00:00,30001.68894568576,30009.706551301868,30001.50538725477,30002.363894485192,903
2025-05-06 18:37:00+00:00,30002.191418273003,30015.254751706103,30001.23863435294,30000.667207416416,640
2025-05-06 18:38:00+00:00,30002.71075236848,30017.403664589852,29992.949975261028,30002.2624841814,309
2025-05-06 18:39:00+00:00,30002.454523332188,30013.38412485804,29985.011419526887,30002.609557259282,674
2025-05-06 18:40:00+00:00,30002.66993151059,30017.342584629347,29986.511639472137,30002.950564879284,740
2025-05-06 18:41:00+00:00,30003.293322977024,30010.831469875706,29991.49138554773,30003.123958076936,941
2025-05-06 18:42:00+00:00,30002.65338150419,30002.81788463736,29987.063278820922,30001.545338078955,963
2025-05-06 18:43:00+00:00,30001.218808608784,30011.563635784507,29984.289613040342,30001.382622498357,458
2025-05-06 18:44:00+00:00,30000.31511647637,30013.068134151956,29995.523132636245,30000.24780836375,925
2025-05-06 18:45:00+00:00,29999.2481547339,30011.955711572737,29987.935968763966,29998.39799723788,747
2025-05-06 18:46:00+00:00,29997.914986712345,30012.00478965573,29987.155051209123,29997.99528249439,957
2025-05-06 18:47:00+00:00,29997.53885642818,30002.7433953957,29982.609750016418,29998.815386651182,256
2025-05-06 18:48:00+00:00,29997.678002974717,30005.286990108405,29984.47494847466,29998.311966607776,496
2025-05-06 18:49:00+00:00,30000.736342100023,30003.291842074123,29983.53899168389,29999.88022902162,500
2025-05-06 18:50:00+00:00,30000.47477268015,30013.48944969771,29990.033816118914,30002.097110351937,633
2025-05-06 18:51:00+00:00,30001.957758470773,30013.762382649744,29988.037655998363,30001.81050175988,126
2025-05-06 18:52:00+00:00,30002.491609410357,30020.27886950629,29995.762167778244,30001.60027853407,539
2025-05-06 18:53:00+00:00,30001.96381663034,30002.09915248089,29990.81405446281,30001.1440929525,720
2025-05-06 18:54:00+00:00,30002.26184435963,30021.393393267765,29999.296283979176,30000.91418201534,420
2025-05-06 18:55:00+00:00,30001.709502806687,30020.1813546137,29998.471739806842,30001.14013063419,434
2025-05-06 18:56:00+00:00,30001.32121111468,30015.139451298,29993.310935667945,30002.322775720557,341
2025-05-06 18:57:00+00:00,30001.13481388587,30010.06875827742,29991.532837975745,30001.12668881021,469
2025-05-06 18:58:00+00:00,30002.932130671557,30003.010846415058,29998.278816101047,30003.48605224868,695
2025-05-06 18:59:00+00:00,30003.40649248906,30009.952047774612,30000.767655114854,30003.194559363026,962
2025-05-06 19:00:00+00:00,30003.124088939847,30009.58132020562,29998.213699640004,30002.91132695558,328
2025-05-06 19:01:00+00:00,30002.502194042394,30013.799312752384,30000.750206822482,30004.134751097794,915
2025-05-06 19:02:00+00:00,30002.116847343506,30007.81074499019,29995.084958640102,30000.79940807819,406
2025-05-06 19:03:00+00:00,30000.900543462914,30012.537409753837,29998.931348671857,29998.52162916458,221
2025-05-06 19:04:00+00:00,29999.808284138056,30003.634138437435,29982.126506191285,29999.186235511985,627
2025-05-06 19:05:00+00:00,29999.372504492403,30012.085547980645,29983.484113811173,30001.101314883024,381
2025-05-06 19:06:00+00:00,29999.0720121481,30004.37293450434,29981.446579319676,29999.49096774818,874
2025-05-06 19:07:00+00:00,29999.264785705687,30009.3956460373,29996.323858778032,29997.58939203863,788
2025-05-06 19:08:00+00:00,29999.264364099843,29999.669318099954,29988.09660769256,29999.723937296658,677
2025-05-06 19:09:00+00:00,29999.777013524705,30016.30503250123,29994.023280270343,30001.0279533511,724
2025-05-06 19:10:00+00:00,29998.511115085636,30018.338904066735,29995.727074128947,29998.918976025932,195
2025-05-06 19:11:00+00:00,29996.222994702912,30006.618284629083,29980.069125565027,29995.854073029965,945
2025-05-06 19:12:00+00:00,29997.433819302554,30002.591929808972,29985.697771267263,29997.881215115907,101
2025-05-06 19:13:00+00:00,29995.600094465815,29998.481769619415,29988.802378222164,29994.86190655682,833
2025-05-06 19:14:00+00:00,29994.100896944303,30009.76742031971,29983.87209442996,29992.647018111813,393
2025-05-06 19:15:00+00:00,29993.39215429132,30002.6167250774,29974.739603660342,29993.390234478225,817
2025-05-06 19:16:00+00:00,29993.390678399817,30013.130521572122,29982.695228346958,29993.596422603074,560
2025-05-06 19:17:00+00:00,29992.682666369714,29993.01111976542,29972.801960603207,29991.306876917602,390
2025-05-06 19:18:00+00:00,29993.26389797536,30002.799770401012,29977.936742414568,29992.872763034207,680
2025-05-06 19:19:00+00:00,29993.366858478486,30001.245789545646,29990.713421443634,29994.26852349916,654
2025-05-06 19:20:00+00:00,29993.239000746304,29996.25253205365,29973.77896937936,29992.15636635998,976
2025-05-06 19:21:00+00:00,29995.19022276164,29995.523395190525,29986.219254559997,29996.191266542824,895
2025-05-06 19:22:00+00:00,29995.06382970755,30008.192983770645,29975.65239772597,29995.320058393063,782
2025-05-06 19:23:00+00:00,29992.65177753343,30002.64310814758,29984.823415776442,29991.950393916497,345
2025-05-06 19:24:00+00:00,29992.466000877186,30005.561036183535,29982.68898127475,29992.871428794148,314
2025-05-06 19:25:00+00:00,29992.716652069354,29995.71690223079,29983.26106173566,29991.99362382309,689
2025-05-06 19:26:00+00:00,29994.43792588526,29995.9431719083,29976.822260775385,29995.523552401053,464
2025-05-06 19:27:00+00:00,29994.096800724932,30008.097635736078,29987.955369475614,29993.2639190678,600
2025-05-06 19:28:00+00:00,29994.42991004123,29997.575939018672,29991.515357706943,29993.589343747113,374
2025-05-06 19:29:00+00:00,29993.488331150762,29999.282962205772,29985.82531649471,29993.477809631655,355
2025-05-06 19:30:00+00:00,29994.168963602806,30012.479487350258,29982.4081398557,29993.854449894425,767
2025-05-06 19:31:00+00:00,29994.746587784466,29995.43875678168,29991.24763655213,29994.26066124548,442
2025-05-06 19:32:00+00:00,29994.676190843416,30013.682677066212,29994.33567117732,29994.532762478033,591
2025-05-06 19:33:00+00:00,29994.681082275325,30007.285552245048,29987.165027475996,29993.883674431883,421
2025-05-06 19:34:00+00:00,29992.663758565704,30003.711502380884,29986.082169247973,29993.530937569714,800
2025-05-06 19:35:00+00:00,29992.470827938116,29993.698529249017,29986.968151223045,29991.902230389376,943
2025-05-06 19:36:00+00:00,29991.20927344956,30010.689003158703,29984.279951398992,29991.26783079198,147
2025-05-06 19:37:00+00:00,29991.746838598297,30001.71443242385,29984.32509919785,29991.802162398177,147
2025-05-06 19:38:00+00:00,29992.215668755758,29995.82619475898,29979.198122530375,29991.879324725953,859
2025-05-06 19:39:00+00:00,29992.49437423796,30011.68100878652,29988.80335800022,29991.92883159785,693
2025-05-06 19:40:00+00:00,29991.136957613373,30000.431047082984,29988.53201119429,29990.632734887527,365
2025-05-06 19:41:00+00:00,29990.24203919302,29997.891901636027,29974.477543600824,29991.874807624637,539
2025-05-06 19:42:00+00:00,29992.20624498881,30001.06376757587,29992.202680481387,29991.41416382292,311
2025-05-06 19:43:00+00:00,29992.764460219332,30001.51281805178,29991.950779883333,29993.172442045332,205
2025-05-06 19:44:00+00:00,29992.251435319416,30011.308490148964,29978.918100870687,29991.545044906878,522
2025-05-06 19:45:00+00:00,29991.81403415767,29998.126730624976,29990.657628597593,29992.39239377738,400
2025-05-06 19:46:00+00:00,29991.02902406625,29991.19522298935,29978.989236125446,29992.45372067425,755
2025-05-06 19:47:00+00:00,29990.871779301804,30000.17231286915,29983.555950103557,29991.448032885328,645
2025-05-06 19:48:00+00:00,29992.19974701647,29994.517661051672,29972.323633278727,29988.904458895315,372
2025-05-06 19:49:00+00:00,29992.2157843145,30000.10763314175,29981.79037272239,29991.725286627214,233
2025-05-06 19:50:00+00:00,29992.51520702943,30007.71723957469,29975.993853512595,29992.78002269908,134
2025-05-06 19:51:00+00:00,29994.23553538362,29997.179794165073,29977.9740887026,29993.87710807946,991
2025-05-06 19:52:00+00:00,29993.997119402447,30006.678912838375,29989.891002382043,29995.848496757637,191
2025-05-06 19:53:00+00:00,29993.678176864694,29995.109266972173,29992.438430156897,29993.217938551075,997
2025-05-06 19:54:00+00:00,29994.072256696523,30008.9959866686,29975.94914461194,29993.15923957346,683
2025-05-06 19:55:00+00:00,29994.656141951386,29996.74555348453,29976.81759057785,29994.82168777263,505
2025-05-06 19:56:00+00:00,29994.618808013704,30005.595921853368,29993.775337117,29992.806209690993,490
2025-05-06 19:57:00+00:00,29995.25397561199,30011.326846191183,29989.74365414678,29995.727760255562,292
2025-05-06 19:58:00+00:00,29992.60826481988,30010.494360734756,29987.740291628015,29993.206388759878,299
2025-05-06 19:59:00+00:00,29993.150843761778,29998.525483880007,29977.71389842578,29992.304136319748,456
2025-05-06 20:00:00+00:00,29992.20524633136,29997.759670155305,29981.671006848068,29993.07382024402,474
2025-05-06 20:01:00+00:00,29992.497865397767,30000.446508758178,29990.97273047161,29993.348445685664,938
2025-05-06 20:02:00+00:00,29992.55876002681,29994.551703201614,29986.830763861908,29991.80776566157,303
2025-05-06 20:03:00+00:00,29991.939290650746,29999.671031180584,29980.809637246166,29992.759996001798,974
2025-05-06 20:04:00+00:00,29990.205644869387,29997.936080153213,29985.090066293757,29989.672856684276,774
2025-05-06 20:05:00+00:00,29989.233700920595,29996.409399695727,29986.01467001908,29989.259104120476,121
2025-05-06 20:06:00+00:00,29990.06148004079,29995.06755958352,29990.026376269878,29989.47428265883,124
2025-05-06 20:07:00+00:00,29989.89536793267,30001.418232048043,29981.179335621604,29989.69307115552,728
2025-05-06 20:08:00+00:00,29991.36815786246,30006.3798733245,29988.57767373765,29991.284474325366,696
2025-05-06 20:09:00+00:00,29991.390801472462,30005.52299429161,29983.51669496129,29992.0204104308,304
2025-05-06 20:10:00+00:00,29992.775925578906,29999.344592130645,29989.540043241002,29992.62583235828,541
2025-05-06 20:11:00+00:00,29993.081610206063,30012.898576426905,29977.768595724396,29992.741812912696,242
2025-05-06 20:12:00+00:00,29992.75632809175,30005.378418254375,29975.389923896415,29993.46377403178,940
2025-05-06 20:13:00+00:00,29994.200992942573,30000.129688610676,29976.737214875797,29994.267681774534,728
2025-05-06 20:14:00+00:00,29992.329477935753,30012.09067219849,29980.78561334036,29991.999731670217,191
2025-05-06 20:15:00+00:00,29992.200630964377,30006.276683077438,29977.69329608147,29990.659592033116,884
2025-05-06 20:16:00+00:00,29993.056722258272,30008.14721445276,29980.63795664676,29994.41874015281,666
2025-05-06 20:17:00+00:00,29993.985832670667,29997.196756096644,29976.08778425729,29993.233482036645,122
2025-05-06 20:18:00+00:00,29995.770296198654,30013.351603566578,29977.68215820187,29995.056795715303,960
2025-05-06 20:19:00+00:00,29995.501254000577,30014.68402678366,29987.73258329377,29994.733034234658,599
2025-05-06 20:20:00+00:00,29995.28340403404,30000.67529219079,29983.156753957213,29995.08893625887,939
2025-05-06 20:21:00+00:00,29995.664679411,30008.08342901467,29985.49964285172,29995.57199879726,729
2025-05-06 20:22:00+00:00,29995.01588205641,29997.42083272815,29992.224644585098,29995.806485117075,590
2025-05-06 20:23:00+00:00,29993.739702826137,30013.050180734288,29975.056951969316,29993.738379582675,818
2025-05-06 20:24:00+00:00,29994.628463748424,30011.784169446502,29990.81413566646,29994.041247953206,173
2025-05-06 20:25:00+00:00,29996.02611545289,30013.889447467747,29984.966564796203,29997.915841602633,544
2025-05-06 20:26:00+00:00,29995.545478673197,29995.866087636216,29990.662249325585,29995.015520011093,819
2025-05-06 20:27:00+00:00,29994.124893133834,30013.01179834794,29990.842991115944,29992.85422847123,897
2025-05-06 20:28:00+00:00,29993.09513351521,29997.95047439143,29984.71959223397,29993.795856376568,793
2025-05-06 20:29:00+00:00,29993.062122615614,29997.225624400486,29980.05841219826,29992.71992455922,654
2025-05-06 20:30:00+00:00,29993.776708009296,29993.880720512923,29981.303533545866,29993.66045694074,127
2025-05-06 20:31:00+00:00,29992.17956180717,30009.885633464615,29987.198611000364,29991.74200706722,828
2025-05-06 20:32:00+00:00,29992.22857714387,29993.734350285602,29978.17924909906,29990.318548014162,970
2025-05-06 20:33:00+00:00,29991.823415288956,30006.954369762963,29985.670336381347,29989.960538433683,323
2025-05-06 20:34:00+00:00,29992.050386643943,30003.605800938138,29972.08394915457,29992.492785167276,613
2025-05-06 20:35:00+00:00,29991.712828252545,29996.79523716471,29989.63079377835,29991.931567975673,771
2025-05-06 20:36:00+00:00,29990.628337331415,30009.694647992957,29982.479208930108,29991.04121736478,580
2025-05-06 20:37:00+00:00,29989.52550998754,29992.123905929304,29973.890425097004,29988.631257986523,325
2025-05-06 20:38:00+00:00,29990.391951982874,29993.313571984716,29985.555389051482,29988.787785281937,271
2025-05-06 20:39:00+00:00,29989.539720142584,29996.225092344233,29971.419531411295,29990.497007672013,434
2025-05-06 20:40:00+00:00,29989.330834637363,30005.344294104507,29976.754873316684,29987.461888633363,343
2025-05-06 20:41:00+00:00,29988.66696657067,29991.277068596784,29970.650819672323,29989.373935582367,187
2025-05-06 20:42:00+00:00,29988.178243549257,29996.12450522798,29970.905919745896,29988.792355501548,655
2025-05-06 20:43:00+00:00,29989.045167130807,30004.22388819358,29974.75360586017,29989.725642955294,710
2025-05-06 20:44:00+00:00,29988.54311335673,29997.30985278046,29973.635866504887,29989.311607596625,498
2025-05-06 20:45:00+00:00,29988.45478269555,30007.292469612512,29978.061589355384,29988.324709962606,155
2025-05-06 20:46:00+00:00,29987.675708724597,30001.440124938872,29986.990010106245,29988.718417727243,341
2025-05-06 20:47:00+00:00,29987.585021513798,29988.352666617604,29980.374116665418,29987.26831407001,351
2025-05-06 20:48:00+00:00,29987.44574420467,29994.019226656485,29972.679388358243,29987.306466132814,171
2025-05-06 20:49:00+00:00,29986.322195186374,29993.030960503027,29985.23453418236,29987.74890047748,787
2025-05-06 20:50:00+00:00,29985.777253262033,29987.272228655882,29982.180713516984,29986.37538041492,135
2025-05-06 20:51:00+00:00,29983.370679305597,29999.356853366255,29983.328536631572,29983.49492944099,752
2025-05-06 20:52:00+00:00,29982.636440662838,29991.74488379177,29972.594307994637,29982.415602527468,664
2025-05-06 20:53:00+00:00,29982.631072076445,30000.59923011745,29975.92089055226,29982.660754265504,366
2025-05-06 20:54:00+00:00,29983.54095109951,29998.729735195702,29983.12636660939,29984.199108324712,192
2025-05-06 20:55:00+00:00,29983.072810804988,29988.391480250873,29967.267985864542,29983.55735288481,749
2025-05-06 20:56:00+00:00,29983.418817243662,30001.116328476994,29980.145435771534,29984.038284733284,975
2025-05-06 20:57:00+00:00,29983.892753366606,29994.063106433692,29979.93245056365,29983.646020907876,973
2025-05-06 20:58:00+00:00,29983.62273535345,29998.320159975432,29979.593689904716,29982.398239573213,603
2025-05-06 20:59:00+00:00,29982.57525831325,29991.791486663704,29981.270543310773,29981.381280831323,947
2025-05-06 21:00:00+00:00,29983.10094982397,30001.724686059235,29974.540748565818,29981.044934192978,289
2025-05-06 21:01:00+00:00,29983.919276893288,30003.01472112425,29973.423594674845,29984.112930982054,445
2025-05-06 21:02:00+00:00,29984.867746732707,29987.267872644217,29967.655673302423,29983.917951997148,549
2025-05-06 21:03:00+00:00,29984.670219430755,29985.98266959871,29979.394640254104,29984.230846839186,647
2025-05-06 21:04:00+00:00,29983.55360381253,29988.30096957892,29983.455355076756,29983.154667850995,893
2025-05-06 21:05:00+00:00,29983.843627488757,29985.562236265243,29970.94654351819,29983.72822996212,492
2025-05-06 21:06:00+00:00,29982.99250459559,29995.172147777223,29975.21656473616,29985.484616265854,860
2025-05-06 21:07:00+00:00,29984.297556013396,30003.045512095043,29981.857701360306,29985.33812402417,198
2025-05-06 21:08:00+00:00,29983.20255199788,29986.864401084575,29973.350202176473,29983.01247832539,339
2025-05-06 21:09:00+00:00,29981.40299623654,29983.023984137435,29971.84773264768,29981.485995724197,842
2025-05-06 21:10:00+00:00,29981.682885111506,29993.66677755587,29971.515715333593,29981.101205819843,306
2025-05-06 21:11:00+00:00,29981.54494757627,30000.753708597997,29962.919296785938,29981.26407190122,165
2025-05-06 21:12:00+00:00,29981.76001511131,29999.836326361885,29963.39452025519,29982.140480581893,242
2025-05-06 21:13:00+00:00,29982.652505348164,29991.193446732217,29974.648703215502,29982.93280798746,826
2025-05-06 21:14:00+00:00,29984.533555949718,29996.5846265996,29981.49241619437,29984.676266911578,126
2025-05-06 21:15:00+00:00,29984.406081454825,29994.54682331673,29970.08068393764,29983.10237376078,744
2025-05-06 21:16:00+00:00,29984.203963494096,30001.450143225506,29982.852223384416,29983.605199820584,255
2025-05-06 21:17:00+00:00,29983.81779293202,30002.220388350328,29972.895674734857,29984.83314300044,283
2025-05-06 21:18:00+00:00,29983.54630883744,29985.360746556573,29971.922145014476,29984.754504751872,597
2025-05-06 21:19:00+00:00,29981.02265844127,29999.996320607188,29979.867318872537,29981.180480919113,685
2025-05-06 21:20:00+00:00,29981.967451365857,29983.44154462656,29977.50761518147,29982.079939041534,363
2025-05-06 21:21:00+00:00,29982.526845953875,29992.45998470242,29976.60609532913,29982.305831072183,278
2025-05-06 21:22:00+00:00,29984.53141942279,30002.371473563515,29975.731568604802,29983.690717561436,177
2025-05-06 21:23:00+00:00,29984.4733239397,29999.595001429396,29981.909674996594,29985.122776869295,968
2025-05-06 21:24:00+00:00,29985.676776711,29991.4739487296,29970.293151312646,29985.946972586175,110
2025-05-06 21:25:00+00:00,29984.670407216985,29985.426559141364,29965.672134560347,29987.826533940835,559
2025-05-06 21:26:00+00:00,29984.477996503036,29989.76820457601,29979.44347206879,29983.3197995676,269
2025-05-06 21:27:00+00:00,29984.39506032316,29987.90484042778,29976.454397390855,29983.82800144142,376
2025-05-06 21:28:00+00:00,29985.36057299805,30004.598095031877,29981.715714684746,29984.227562339634,732
2025-05-06 21:29:00+00:00,29985.678844730126,29992.098485616534,29980.780333648625,29984.91795303619,382
2025-05-06 21:30:00+00:00,29984.72328013695,29995.95140162883,29970.314258353796,29983.925296030593,592
2025-05-06 21:31:00+00:00,29986.01325613499,29990.91811421002,29967.877473249715,29986.269688328004,240
2025-05-06 21:32:00+00:00,29987.081350279495,30003.224034975934,29984.240293077073,29986.277599894827,453
2025-05-06 21:33:00+00:00,29986.404565560475,29997.306537775297,29976.834498308763,29984.849041069032,835
2025-05-06 21:34:00+00:00,29986.43083102744,29997.079420580023,29975.89939037027,29986.984509042137,864
2025-05-06 21:35:00+00:00,29986.440175026895,30004.962405524813,29983.99823084755,29984.30002359261,613
2025-05-06 21:36:00+00:00,29985.330331177025,29989.142571562446,29970.98167542799,29983.98030840432,807
2025-05-06 21:37:00+00:00,29986.57269496766,29998.449447948962,29971.01398157939,29985.34384481433,514
2025-05-06 21:38:00+00:00,29986.08926985002,30005.02894013516,29971.995839735482,29985.45507726125,878
2025-05-06 21:39:00+00:00,29986.91838444148,29995.940668927025,29972.582099261213,29987.04927161548,472
2025-05-06 21:40:00+00:00,29987.947425758077,30002.74131506454,29986.950566770705,29987.424648004675,991
2025-05-06 21:41:00+00:00,29986.67090750395,30000.75508982495,29970.961660044133,29986.51868285245,656
2025-05-06 21:42:00+00:00,29986.36330748096,29998.5267273472,29979.70181716542,29986.828534171593,738
2025-05-06 21:43:00+00:00,29986.029044411807,29994.404654137994,29981.739429568224,29986.10843077919,734
2025-05-06 21:44:00+00:00,29985.033825184604,29986.28923437793,29975.663439080094,29985.73790395503,776
2025-05-06 21:45:00+00:00,29985.26719846358,29990.248715375386,29970.095846762255,29984.030286505425,984
2025-05-06 21:46:00+00:00,29985.071756028217,30001.976259319043,29979.492063984588,29983.775997409295,162
2025-05-06 21:47:00+00:00,29984.69250093874,30001.37128793713,29981.03826475014,29985.268283495992,804
2025-05-06 21:48:00+00:00,29984.739095129506,30000.85437676014,29979.88622903188,29983.9872701454,908
2025-05-06 21:49:00+00:00,29983.94936352918,29997.82521144124,29972.896630774285,29985.15933601851,456
2025-05-06 21:50:00+00:00,29985.05480552495,29993.43629131007,29974.295387356313,29982.603366468626,382
2025-05-06 21:51:00+00:00,29984.975685057616,29998.734922708943,29979.019048861282,29984.530583282543,573
2025-05-06 21:52:00+00:00,29986.64658539249,29998.628247790457,29970.54350555024,29986.416665623292,529
2025-05-06 21:53:00+00:00,29985.229755165317,29985.625031302065,29975.50369031236,29983.936119439808,428
2025-05-06 21:54:00+00:00,29984.994054797615,30004.475889554516,29983.29183504809,29985.900933631365,554
2025-05-06 21:55:00+00:00,29984.52275358835,30000.719699866157,29967.76893324115,29983.781684634287,455
2025-05-06 21:56:00+00:00,29983.565220169297,29987.491122982134,29969.38240868634,29981.689843729328,359
2025-05-06 21:57:00+00:00,29982.379019510732,29990.43313495749,29964.96997880275,29982.30679380123,934
2025-05-06 21:58:00+00:00,29980.717168571293,29991.574494753953,29966.009375775633,29982.384560901042,822
2025-05-06 21:59:00+00:00,29981.28039403262,29986.747232099933,29973.1400386223,29983.453359112103,532
2025-05-06 22:00:00+00:00,29980.632816277397,29991.179210531896,29966.70172339918,29979.993484139708,312
2025-05-06 22:01:00+00:00,29981.10632681373,30000.529154861295,29978.82758024779,29982.186271652885,262
2025-05-06 22:02:00+00:00,29981.319356739372,29996.10414698708,29967.938971216954,29981.37531101089,282
2025-05-06 22:03:00+00:00,29982.081912699403,29990.087448626356,29981.84469975648,29981.73400369753,613
2025-05-06 22:04:00+00:00,29982.541633284673,29990.72682379233,29978.495703317738,29982.049771889986,213
2025-05-06 22:05:00+00:00,29983.342483391916,29991.343690095924,29983.22081946055,29982.467453133955,890
2025-05-06 22:06:00+00:00,29983.479102780064,29996.20968579189,29965.23221045521,29982.999049414797,774
2025-05-06 22:07:00+00:00,29983.24201185682,29991.36650250586,29965.876801868366,29983.089350961112,229
2025-05-06 22:08:00+00:00,29982.540807082376,30001.039144065962,29982.402384017398,29983.78973063559,636
2025-05-06 22:09:00+00:00,29983.02061940173,30001.929165008623,29969.88151403855,29982.468288008255,719
2025-05-06 22:10:00+00:00,29983.602191470614,29988.895211672876,29978.27717079291,29983.567504609626,706
2025-05-06 22:11:00+00:00,29985.06572087926,29994.60565182252,29977.701134352377,29984.956328048644,204
2025-05-06 22:12:00+00:00,29983.824650011527,30001.724184345283,29964.34136152951,29984.869039964775,602
2025-05-06 22:13:00+00:00,29983.186097252208,29997.664192963468,29976.56372648661,29983.261169233745,553
2025-05-06 22:14:00+00:00,29983.50696062637,29996.202636563637,29965.071565008515,29982.313316006024,924
2025-05-06 22:15:00+00:00,29982.002362867166,29985.567711318705,29974.983615411125,29982.17103884365,303
2025-05-06 22:16:00+00:00,29982.498250853794,29994.81689360091,29972.877341576186,29983.258729488953,843
2025-05-06 22:17:00+00:00,29982.67947282382,29995.337801516027,29974.1372442756,29982.337792864317,437
2025-05-06 22:18:00+00:00,29983.544724011786,29998.60568744885,29976.850257304955,29984.55698123191,779
2025-05-06 22:19:00+00:00,29982.777379819832,29984.68096275737,29976.03491303593,29983.205394105822,503
2025-05-06 22:20:00+00:00,29983.317339355428,29994.64358034629,29976.987410453014,29982.047698555813,301
2025-05-06 22:21:00+00:00,29984.44023104535,29995.409191232833,29970.096577611283,29984.011520381966,272
2025-05-06 22:22:00+00:00,29983.562503054523,29996.27285144131,29969.127184018358,29982.60950182823,832
2025-05-06 22:23:00+00:00,29982.9956041398,29983.158480518825,29968.806348191705,29984.18124199935,479
2025-05-06 22:24:00+00:00,29982.923583703665,29991.619776523454,29978.698950372644,29981.452914244976,732
2025-05-06 22:25:00+00:00,29983.690477369317,30003.458984988934,29979.176017064492,29983.901591698545,553
2025-05-06 22:26:00+00:00,29982.303076798882,30001.636693952332,29971.50016464756,29982.33972106209,174
2025-05-06 22:27:00+00:00,29981.018669217076,29987.969948350903,29964.697535355415,29981.832214708716,901
2025-05-06 22:28:00+00:00,29981.759771207624,29997.60167704519,29971.864648231833,29981.983137520394,272
2025-05-06 22:29:00+00:00,29981.900109510927,29996.84595484885,29966.09858750804,29981.367791621575,638
2025-05-06 22:30:00+00:00,29982.981392688238,30001.344790762116,29970.466532877086,29981.89664758537,889
2025-05-06 22:31:00+00:00,29984.028370044743,30001.151146331536,29974.204949033046,29985.05153787819,691
2025-05-06 22:32:00+00:00,29981.27605224408,29997.59248473631,29975.323307405346,29983.50088782427,822
2025-05-06 22:33:00+00:00,29982.468182245208,30001.7052084677,29976.465631197476,29982.658769456844,802
2025-05-06 22:34:00+00:00,29984.34978706228,29985.458494133152,29973.51549931874,29982.88017699115,626
2025-05-06 22:35:00+00:00,29984.83107071776,29995.17683042884,29984.5445144999,29982.83724243171,500
2025-05-06 22:36:00+00:00,29985.673131683765,30001.992272660213,29980.27503154662,29984.93524239215,594
2025-05-06 22:37:00+00:00,29986.35690405518,30000.751801546234,29979.458998658858,29986.567426737573,538
2025-05-06 22:38:00+00:00,29985.17734239423,29994.004892885398,29980.12005976719,29984.250295559632,222
2025-05-06 22:39:00+00:00,29983.540471560813,29984.521128414297,29968.31486288563,29983.751118298893,939
2025-05-06 22:40:00+00:00,29982.439247486156,29987.1372822008,29972.72513941919,29982.700410027915,283
2025-05-06 22:41:00+00:00,29981.57851470169,29991.41996391761,29977.335443307038,29981.2447650728,628
2025-05-06 22:42:00+00:00,29981.13010855739,29999.58144526064,29968.909853839177,29980.42041970249,540
2025-05-06 22:43:00+00:00,29980.27515707532,29989.19285548826,29961.621797563777,29980.07176455567,557
2025-05-06 22:44:00+00:00,29980.530927872573,29993.651671937878,29974.503720183166,29980.43818556517,963
2025-05-06 22:45:00+00:00,29978.999179676008,29980.773364327386,29969.835324511827,29980.29151384281,966
2025-05-06 22:46:00+00:00,29979.96369675967,29991.7999508748,29975.422177643628,29980.88507806541,271
2025-05-06 22:47:00+00:00,29979.87227942708,29981.686212339107,29970.21953704433,29978.40969756512,616
2025-05-06 22:48:00+00:00,29979.701714163053,29995.513452096897,29972.953573184433,29979.66695041138,373
2025-05-06 22:49:00+00:00,29979.150034371167,29988.782481128947,29966.2059799229,29979.665871921403,451
2025-05-06 22:50:00+00:00,29980.923686742117,30000.876641807128,29968.88550243608,29982.299177492165,305
2025-05-06 22:51:00+00:00,29981.55138799784,29986.42547675803,29978.38227118039,29982.969901152792,339
2025-05-06 22:52:00+00:00,29981.781119125557,30000.8458035152,29970.051572880882,29981.770553845327,707
2025-05-06 22:53:00+00:00,29981.09796206021,29990.566819377185,29962.038089842616,29979.222528477585,454
2025-05-06 22:54:00+00:00,29980.613329912863,29989.42430535801,29967.22189018864,29981.490947591905,304
2025-05-06 22:55:00+00:00,29981.175475130236,29989.154793545746,29976.068955012117,29981.390489358073,838
2025-05-06 22:56:00+00:00,29978.93479473844,29993.065069378532,29969.634178771175,29979.160917180547,874
2025-05-06 22:57:00+00:00,29979.716833894217,29997.697301702912,29974.089302588774,29979.205032196845,265
2025-05-06 22:58:00+00:00,29977.62969545456,29991.137201331185,29974.5387744987,29976.641686566905,812
2025-05-06 22:59:00+00:00,29976.54926834598,29981.128742156547,29972.05897131125,29975.58600144994,385
2025-05-06 23:00:00+00:00,29978.66638140507,29984.99198532258,29977.389777174845,29979.779291621144,565
2025-05-06 23:01:00+00:00,29978.650882457492,29998.006071160667,29959.31188498561,29976.767395303574,762
2025-05-06 23:02:00+00:00,29979.613991304817,29985.041411867063,29978.340337984962,29979.114320277953,939
2025-05-06 23:03:00+00:00,29978.401384707027,29978.758290339065,29972.66641653307,29978.81797133405,773
2025-05-06 23:04:00+00:00,29977.75385378207,29980.632759816406,29973.10868171558,29976.87520952599,343
2025-05-06 23:05:00+00:00,29976.22030853483,29989.545193454804,29961.89976704862,29976.666353984943,232
2025-05-06 23:06:00+00:00,29977.093967675122,29989.676897643014,29967.320093913317,29976.513956130475,803
2025-05-06 23:07:00+00:00,29977.279370386306,29992.264002111617,29962.80787850909,29977.022174807655,219
2025-05-06 23:08:00+00:00,29976.6463759052,29988.76523405362,29957.738277882287,29976.027464686973,422
2025-05-06 23:09:00+00:00,29977.257409031983,29994.44248971294,29967.592750592055,29980.035514689323,532
2025-05-06 23:10:00+00:00,29974.599503030964,29984.874057261874,29968.02024933205,29974.272354921497,853
2025-05-06 23:11:00+00:00,29976.831383154404,29986.626534672483,29967.390057637844,29977.906597679063,786
2025-05-06 23:12:00+00:00,29975.99537861393,29978.283029582577,29975.218149430057,29977.751241610797,594
2025-05-06 23:13:00+00:00,29976.568540645614,29989.49386412958,29964.257275061496,29977.62217566598,354
2025-05-06 23:14:00+00:00,29975.98282486029,29995.07227236731,29964.501178698818,29975.894720511995,653
2025-05-06 23:15:00+00:00,29974.38778528116,29982.91324034792,29959.467550817026,29974.241104319044,161
2025-05-06 23:16:00+00:00,29973.077043616784,29976.193205542902,29958.179228554236,29970.17637089753,511
2025-05-06 23:17:00+00:00,29973.51798543499,29975.347899914377,29970.97047947604,29974.019686623767,916
2025-05-06 23:18:00+00:00,29973.090167777424,29990.542524415,29960.148116409317,29973.30673915225,819
2025-05-06 23:19:00+00:00,29974.36360989273,29990.451355557467,29973.72996121194,29975.743055636947,467
2025-05-06 23:20:00+00:00,29973.702427672313,29982.78211609668,29971.48804915103,29974.44682586989,528
2025-05-06 23:21:00+00:00,29973.490961572523,29990.133083994006,29956.450648107955,29973.933757611332,676
2025-05-06 23:22:00+00:00,29974.13141433062,29979.538852254205,29969.971498241008,29975.013655757648,185
2025-05-06 23:23:00+00:00,29973.661102656675,29978.409725658123,29955.870982473094,29973.919676412406,132
2025-05-06 23:24:00+00:00,29974.05530646702,29978.586313573644,29960.488430211044,29974.62082514578,773
2025-05-06 23:25:00+00:00,29973.247596974707,29982.963941306618,29953.36827627063,29973.69455386853,328
2025-05-06 23:26:00+00:00,29973.699767184844,29986.233921450897,29958.13005332565,29971.73815013992,294
2025-05-06 23:27:00+00:00,29973.65509604932,29987.55969837141,29969.206560873732,29975.289783889686,406
2025-05-06 23:28:00+00:00,29973.1947563336,29991.5162081468,29959.721799507824,29973.744972625496,122
2025-05-06 23:29:00+00:00,29974.39108847978,29988.211424785797,29967.878956586952,29974.578935251502,826
2025-05-06 23:30:00+00:00,29973.88483513909,29987.135492998856,29968.065909209494,29972.542853151917,254
2025-05-06 23:31:00+00:00,29973.6084621798,29982.50480158622,29966.168662409706,29974.0230836419,323
2025-05-06 23:32:00+00:00,29973.08155528364,29981.583265602192,29971.022249815534,29973.597376192556,666
2025-05-06 23:33:00+00:00,29971.712858424464,29989.067272631215,29952.791106938374,29971.385078523694,940
2025-05-06 23:34:00+00:00,29972.089128778498,29991.390005517867,29959.83672529451,29971.80843576449,443
2025-05-06 23:35:00+00:00,29972.981568421077,29976.16051289934,29962.113204795263,29971.53975947903,824
2025-05-06 23:36:00+00:00,29972.205498587024,29976.96502877342,29959.817955349175,29972.14605497745,420
2025-05-06 23:37:00+00:00,29971.501282196197,29987.109122150156,29956.655881899776,29972.5623257119,246
2025-05-06 23:38:00+00:00,29970.123666747048,29984.14998571535,29960.87976095164,29967.76054706623,781
2025-05-06 23:39:00+00:00,29969.970264943986,29976.753897043232,29963.24399619141,29971.88353918946,442
2025-05-06 23:40:00+00:00,29969.355212701063,29978.38383191375,29962.51307052042,29968.101538483534,326
2025-05-06 23:41:00+00:00,29968.505617804945,29971.43206170814,29952.962422378172,29968.321810242083,791
2025-05-06 23:42:00+00:00,29969.98281544028,29976.499494757238,29951.92741358737,29970.663588565974,206
2025-05-06 23:43:00+00:00,29970.666325116115,29988.393741736956,29958.718277724147,29969.59338709374,218
2025-05-06 23:44:00+00:00,29969.402545124933,29971.886974374775,29963.873128256724,29970.143507504305,731
2025-05-06 23:45:00+00:00,29969.60658070823,29974.93444270458,29958.173746239234,29970.30105350948,214
2025-05-06 23:46:00+00:00,29968.98877728797,29981.135351275563,29960.13957903676,29967.814036567474,903
2025-05-06 23:47:00+00:00,29970.101805808743,29979.25866154321,29952.361240759303,29968.597261183008,863
2025-05-06 23:48:00+00:00,29969.348740125315,29972.562552945703,29965.230100756533,29969.43688676849,624
2025-05-06 23:49:00+00:00,29969.545757829877,29988.374773889736,29962.738185598173,29970.7253699657,838
2025-05-06 23:50:00+00:00,29969.71971093318,29988.611106014218,29949.962481532537,29969.720541335148,480
2025-05-06 23:51:00+00:00,29968.81212743868,29978.220714761293,29964.03416492303,29970.829034282167,265
2025-05-06 23:52:00+00:00,29967.493005956738,29970.399821249994,29950.768837001568,29967.597102051623,819
2025-05-06 23:53:00+00:00,29968.185279798072,29979.586894858385,29948.712864885267,29966.58294065593,405
2025-05-06 23:54:00+00:00,29968.932559744942,29975.685874607567,29954.17742890083,29968.871455452834,492
2025-05-06 23:55:00+00:00,29969.016693115238,29985.196614383407,29959.162009579635,29968.342864541293,864
2025-05-06 23:56:00+00:00,29968.562221966582,29988.041415768286,29959.23574993504,29968.42841893325,870
2025-05-06 23:57:00+00:00,29967.87167367105,29984.450478557552,29949.503096827833,29969.889704428133,799
2025-05-06 23:58:00+00:00,29968.723574995303,29985.805898080933,29959.870510687204,29967.71946531593,481
2025-05-06 23:59:00+00:00,29967.55760957398,29981.175972139772,29953.725857718404,29970.24592263486,117
2025-05-07 00:00:00+00:00,29967.47019524149,29981.968613290377,29962.54405011712,29967.285812332244,384
2025-05-07 00:01:00+00:00,29966.982610540603,29985.667370823798,29952.587702457266,29966.992415296016,406
2025-05-07 00:02:00+00:00,29966.57162418589,29969.953880460955,29955.589913895186,29965.671880511476,347
2025-05-07 00:03:00+00:00,29966.073120174413,29981.254164389185,29951.957919642926,29968.09662486798,300
2025-05-07 00:04:00+00:00,29965.428930624978,29968.028409575687,29957.117267978934,29963.24932187823,505
2025-05-07 00:05:00+00:00,29965.016999016065,29971.272599655455,29953.201282410475,29966.32613163762,156
2025-05-07 00:06:00+00:00,29965.212922885963,29969.05202065507,29945.756675672827,29964.487198609197,635
2025-05-07 00:07:00+00:00,29967.025214030582,29984.650216686627,29948.35752008482,29967.148882498273,836
2025-05-07 00:08:00+00:00,29967.78620086679,29975.163309303847,29958.6391011378,29967.352000118233,676
2025-05-07 00:09:00+00:00,29967.70347460562,29982.563578891175,29948.9620989887,29968.61647033973,394
2025-05-07 00:10:00+00:00,29966.46771924066,29982.185874791343,29960.252777185695,29967.543374683144,792
2025-05-07 00:11:00+00:00,29965.163354364013,29971.19675440152,29952.181523663447,29965.341090118163,843
2025-05-07 00:12:00+00:00,29963.61071217884,29978.87723360552,29962.94686361621,29964.187230924686,114
2025-05-07 00:13:00+00:00,29964.52456459396,29964.813890453162,29951.821277898776,29963.342596883325,926
2025-05-07 00:14:00+00:00,29965.889995198464,29980.706507859722,29954.284838359992,29964.299476774988,736
2025-05-07 00:15:00+00:00,29966.927539525794,29978.38429549068,29953.19602307522,29966.803296291004,131
2025-05-07 00:16:00+00:00,29967.19222933304,29974.992249505933,29953.498262775393,29966.260274826738,766
2025-05-07 00:17:00+00:00,29967.955367425355,29981.787983751557,29956.655555426212,29969.10452181153,827
2025-05-07 00:18:00+00:00,29968.428722891113,29972.811823371347,29967.693806464118,29967.553643199095,935
2025-05-07 00:19:00+00:00,29969.35353653719,29978.033703923444,29966.26409536346,29970.21868301713,591
2025-05-07 00:20:00+00:00,29969.656754331307,29985.789633739747,29955.635733428404,29970.579578122055,799
2025-05-07 00:21:00+00:00,29969.128332499527,29972.069960089073,29965.995885698023,29969.5970604987,556
2025-05-07 00:22:00+00:00,29969.958798395077,29980.537406918163,29960.878163112713,29971.472889621,915
2025-05-07 00:23:00+00:00,29969.284838614898,29969.35795488138,29967.092638123588,29970.538091532646,809
2025-05-07 00:24:00+00:00,29970.694914912594,29971.867290518487,29956.5556548137,29970.276797107454,376
2025-05-07 00:25:00+00:00,29970.251100738766,29978.389905315118,29961.12836519323,29970.032009716735,760
2025-05-07 00:26:00+00:00,29970.66688069084,29984.359107825534,29956.40978682654,29970.13709613169,751
2025-05-07 00:27:00+00:00,29970.69091716112,29972.17169806809,29954.640129556326,29972.621842507877,461
2025-05-07 00:28:00+00:00,29968.71847520897,29981.859589451462,29962.83603883327,29968.35606097847,790
2025-05-07 00:29:00+00:00,29968.537507630357,29969.924511699006,29966.65565726176,29967.40500252841,957
2025-05-07 00:30:00+00:00,29968.380212943193,29970.390421760785,29959.785126486968,29970.073310081098,483
2025-05-07 00:31:00+00:00,29969.50391456299,29970.951054200592,29955.13006029534,29968.625882910255,910
2025-05-07 00:32:00+00:00,29969.150293764982,29972.215159777123,29950.540680167156,29970.340807440873,804
2025-05-07 00:33:00+00:00,29967.34934936143,29983.97349721104,29954.55136296773,29966.898893067522,931
2025-05-07 00:34:00+00:00,29967.319391198074,29986.928217442975,29965.279978934064,29966.23181876143,317
2025-05-07 00:35:00+00:00,29965.807641195937,29976.271109017518,29964.679050665367,29967.074858075517,301
2025-05-07 00:36:00+00:00,29965.83187850256,29983.667200297623,29965.357635581604,29967.07436354286,803
2025-05-07 00:37:00+00:00,29965.6367205199,29965.746777930148,29945.77812092533,29965.027619963428,876
2025-05-07 00:38:00+00:00,29966.422536480568,29967.880454609218,29960.6537184205,29967.014623663577,930
2025-05-07 00:39:00+00:00,29964.979145061072,29973.707603455838,29952.923062241345,29965.29879872278,498
2025-05-07 00:40:00+00:00,29965.221086591017,29975.51256226956,29952.065385468686,29963.645501817387,529
2025-05-07 00:41:00+00:00,29961.571691095298,29974.00824087128,29943.153498557986,29962.345663058895,875
2025-05-07 00:42:00+00:00,29961.332229222375,29977.170213381338,29954.551501350685,29961.366164145318,136
2025-05-07 00:43:00+00:00,29961.21319915636,29965.59421682092,29946.128775783025,29960.658757500416,755
2025-05-07 00:44:00+00:00,29961.161827910848,29974.12687706863,29942.687130206166,29961.20902084225,438
2025-05-07 00:45:00+00:00,29961.703031835,29963.665622248285,29951.733918186885,29961.108186636375,668
2025-05-07 00:46:00+00:00,29961.022279059707,29973.093514008844,29942.74385696117,29961.518858923235,949
2025-05-07 00:47:00+00:00,29962.62073698863,29963.565968060502,29960.07684253837,29960.41000836581,986
2025-05-07 00:48:00+00:00,29961.332305977598,29967.99567111648,29942.077141526195,29961.533346921715,586
2025-05-07 00:49:00+00:00,29960.811272254028,29976.305056786747,29946.328477162966,29962.718415329782,955
2025-05-07 00:50:00+00:00,29960.57168577349,29979.471044342474,29948.966753530578,29961.985296815394,208
2025-05-07 00:51:00+00:00,29960.108813867395,29967.008206054623,29951.17113688594,29961.05152799549,519
2025-05-07 00:52:00+00:00,29957.655715817786,29974.548266233152,29938.3297168921,29956.62952357271,770
2025-05-07 00:53:00+00:00,29956.40439642135,29961.884021447593,29949.335857517577,29958.05202938211,815
2025-05-07 00:54:00+00:00,29957.791510371215,29958.571687652395,29946.25173344429,29958.90851811771,789
2025-05-07 00:55:00+00:00,29956.335798443943,29974.294746908126,29950.374321826297,29957.207078584295,906
2025-05-07 00:56:00+00:00,29956.1726512744,29968.965099739507,29951.894752628898,29955.196157760147,242
2025-05-07 00:57:00+00:00,29957.580332082096,29972.338401889065,29954.200905288268,29956.16546043285,949
2025-05-07 00:58:00+00:00,29956.72022752949,29970.228016518766,29945.307418599485,29955.70272436175,967
2025-05-07 00:59:00+00:00,29955.548904741176,29974.06059966411,29940.209919231183,29956.554065106735,521
2025-05-07 01:00:00+00:00,29957.01001504037,29964.57972160067,29941.19498713068,29956.843836811884,761
2025-05-07 01:01:00+00:00,29955.657545881106,29963.8199206779,29945.952261633225,29956.73597452768,278
2025-05-07 01:02:00+00:00,29955.110463600802,29968.606622986343,29939.8580018868,29956.145209439153,278
2025-05-07 01:03:00+00:00,29955.396144099566,29971.2763978966,29942.457367658764,29954.539356604615,687
2025-05-07 01:04:00+00:00,29956.077495476675,29963.931430051012,29936.130008931555,29953.020995403374,472
2025-05-07 01:05:00+00:00,29955.553918317208,29970.79685644845,29942.044498792216,29953.4697031526,350
2025-05-07 01:06:00+00:00,29957.642886325175,29957.870647915326,29943.072357360375,29956.779416484274,364
2025-05-07 01:07:00+00:00,29958.685355997062,29977.41003586523,29951.277667477618,29957.209831017924,560
2025-05-07 01:08:00+00:00,29959.16201661386,29964.21713216719,29946.224836841946,29959.670699606995,499
2025-05-07 01:09:00+00:00,29959.579924690064,29959.810904638547,29940.10899286423,29959.79716039901,347
2025-05-07 01:10:00+00:00,29959.774262098625,29976.58382999825,29942.9467403682,29960.89306602419,370
2025-05-07 01:11:00+00:00,29960.03018067619,29963.8318633833,29951.43488577565,29960.31659094459,366
2025-05-07 01:12:00+00:00,29960.737229948358,29970.91540131111,29955.015765550033,29960.830071649707,195
2025-05-07 01:13:00+00:00,29960.67642681004,29975.438896367254,29959.063849991064,29960.49679054416,604
2025-05-07 01:14:00+00:00,29959.68533945083,29970.248736591086,29950.743991888427,29960.222173730835,407
2025-05-07 01:15:00+00:00,29960.087735725003,29977.148738301632,29943.62108594544,29960.168346461352,551
2025-05-07 01:16:00+00:00,29959.759908375057,29979.75825117778,29948.89100082602,29960.01295375555,941
2025-05-07 01:17:00+00:00,29958.44127140134,29977.075392000792,29956.096543905536,29958.030733786458,973
2025-05-07 01:18:00+00:00,29958.441878962083,29967.007931068434,29957.550627774515,29957.8961307307,291
2025-05-07 01:19:00+00:00,29959.472266373537,29962.849756356823,29956.876615137695,29960.37690715731,743
2025-05-07 01:20:00+00:00,29958.24855595595,29961.520775989888,29946.185291480084,29958.024039357035,940
2025-05-07 01:21:00+00:00,29957.865025682328,29977.609286594245,29956.574389631212,29958.29472624726,186
2025-05-07 01:22:00+00:00,29957.018833493803,29961.808722447182,29947.60812499897,29955.756613641126,952
2025-05-07 01:23:00+00:00,29956.46611104594,29960.953723415438,29938.764816282503,29955.373585358902,490
2025-05-07 01:24:00+00:00,29956.764414795598,29960.22463696357,29937.213214568466,29957.24086489109,249
2025-05-07 01:25:00+00:00,29958.703132722545,29969.19849110611,29943.12878238532,29957.659021049945,292
2025-05-07 01:26:00+00:00,29958.376125830062,29977.38080578525,29950.102623307856,29956.21605203935,966
2025-05-07 01:27:00+00:00,29958.04283945165,29972.468076272904,29954.150203205878,29958.91578981304,353
2025-05-07 01:28:00+00:00,29958.230119961,29974.14197840778,29940.64531576459,29960.363290941696,607
2025-05-07 01:29:00+00:00,29958.81383969017,29965.036014732716,29944.97151586851,29957.540827681005,499
2025-05-07 01:30:00+00:00,29958.127340720435,29966.245925566236,29950.68851707071,29957.90766790356,366
2025-05-07 01:31:00+00:00,29958.667906855553,29967.700116487056,29946.510818934985,29959.737785303292,759
2025-05-07 01:32:00+00:00,29958.880981871258,29973.215485449626,29949.22404498061,29960.378923129625,348
2025-05-07 01:33:00+00:00,29959.895804393098,29978.8870040921,29943.269285877224,29959.44530678324,995
2025-05-07 01:34:00+00:00,29960.088436715832,29961.32717869391,29959.1377771468,29959.520436075385,481
2025-05-07 01:35:00+00:00,29961.588171080646,29980.882796467027,29958.011741624457,29962.537383199655,219
2025-05-07 01:36:00+00:00,29961.4896195993,29981.241219163727,29952.090712685218,29962.867945614533,467
2025-05-07 01:37:00+00:00,29961.265394201586,29974.414230538605,29954.529231789995,29962.02783210713,970
2025-05-07 01:38:00+00:00,29960.22632918457,29965.183056860555,29958.32479118897,29958.375107131953,679
2025-05-07 01:39:00+00:00,29961.494994355387,29961.637054286042,29943.349456207863,29961.63428011915,482
2025-05-07 01:40:00+00:00,29960.804745956113,29975.089172153337,29946.275972640367,29961.56307250432,191
2025-05-07 01:41:00+00:00,29959.93181836928,29961.39875582114,29955.360435306793,29963.37917565923,518
2025-05-07 01:42:00+00:00,29961.084387871386,29962.601413200875,29960.325384494925,29961.28789622104,804
2025-05-07 01:43:00+00:00,29959.65850145881,29962.017721103963,29945.539145651775,29958.72222339141,294
2025-05-07 01:44:00+00:00,29960.71587777955,29968.896111438058,29944.15510513099,29960.88040731952,494
2025-05-07 01:45:00+00:00,29960.319461990246,29963.597745392333,29946.06663301014,29960.20887507903,335
2025-05-07 01:46:00+00:00,29960.494318114947,29977.526414249176,29958.38597839538,29961.312971494113,975
2025-05-07 01:47:00+00:00,29961.45980030069,29978.453807649243,29957.081099944255,29962.7496838559,544
2025-05-07 01:48:00+00:00,29962.770859550637,29963.0473019194,29946.217252736045,29961.272122974544,540
2025-05-07 01:49:00+00:00,29960.400653976543,29968.19379798532,29951.377473435834,29962.22696320779,451
2025-05-07 01:50:00+00:00,29960.344960380586,29966.941309420163,29949.640461894363,29961.138697982162,703
2025-05-07 01:51:00+00:00,29960.773846459808,29962.96934669866,29951.916136655433,29960.383133162693,993
2025-05-07 01:52:00+00:00,29960.891587624144,29963.10138341559,29950.52496184228,29960.67918349789,524
2025-05-07 01:53:00+00:00,29961.340704578615,29977.674005440393,29949.355103650338,29959.522818898593,920
2025-05-07 01:54:00+00:00,29961.543682846357,29971.844140092024,29959.58896914475,29961.812844568907,396
2025-05-07 01:55:00+00:00,29959.442290823074,29976.80813094103,29945.717299717024,29959.009846979927,664
2025-05-07 01:56:00+00:00,29958.76347023256,29965.778912887286,29950.1699943731,29958.932145958184,278
2025-05-07 01:57:00+00:00,29959.5559459013,29965.635208303105,29959.41244435254,29959.67533438911,413
2025-05-07 01:58:00+00:00,29958.34385519262,29975.130427343876,29953.573889945124,29959.87300679271,877
2025-05-07 01:59:00+00:00,29959.237218033093,29960.763228301497,29953.682941549614,29960.298738351714,713
2025-05-07 02:00:00+00:00,29959.86264543979,29964.020609151066,29946.54476986388,29959.228639593468,591
2025-05-07 02:01:00+00:00,29958.469609794873,29972.5454661586,29953.698838512708,29957.3065600938,162
2025-05-07 02:02:00+00:00,29958.832479844765,29974.436228710496,29950.88755551131,29958.891406780866,492
2025-05-07 02:03:00+00:00,29957.62036584401,29967.54258314812,29949.873191729028,29955.982275302,790
2025-05-07 02:04:00+00:00,29956.550090182533,29962.734707820364,29952.601494746345,29957.36036955364,560
2025-05-07 02:05:00+00:00,29955.235046400496,29965.34374327107,29944.455627695577,29955.673724368247,154
2025-05-07 02:06:00+00:00,29955.25006646724,29955.945107867105,29950.425113477006,29955.975023331368,349
2025-05-07 02:07:00+00:00,29957.552922274386,29966.95905745899,29941.194533689493,29957.540132414517,329
2025-05-07 02:08:00+00:00,29956.753860557215,29961.68403512154,29944.26732751755,29956.996595065866,769
2025-05-07 02:09:00+00:00,29956.343784351426,29959.89414250835,29954.09361397993,29956.030451591047,190
2025-05-07 02:10:00+00:00,29956.289285975177,29969.57366985042,29947.248861450054,29956.294215487735,495
2025-05-07 02:11:00+00:00,29956.86666585001,29976.005158155433,29942.25512507625,29955.767033463933,498
2025-05-07 02:12:00+00:00,29955.850825981695,29955.950210621304,29945.867812509463,29953.34700491736,224
2025-05-07 02:13:00+00:00,29955.93699528644,29968.177289758525,29949.794224166646,29955.22815162503,246
2025-05-07 02:14:00+00:00,29955.169691010262,29966.561511966946,29950.59033581095,29956.551328207806,433
2025-05-07 02:15:00+00:00,29956.954299320096,29973.282217904874,29954.576509006056,29957.93526147943,542
2025-05-07 02:16:00+00:00,29957.97870578642,29964.869851084473,29950.15830204736,29956.44753515134,271
2025-05-07 02:17:00+00:00,29958.015583045148,29973.863112185787,29955.655520660428,29957.403942756337,988
2025-05-07 02:18:00+00:00,29959.62047206231,29966.83643384174,29943.476345246912,29959.082559984246,203
2025-05-07 02:19:00+00:00,29958.74312894878,29978.490189723845,29939.404289069396,29956.66674834781,414
2025-05-07 02:20:00+00:00,29958.526066462724,29966.238257222816,29943.067731368385,29957.96943668725,908
2025-05-07 02:21:00+00:00,29958.068837052408,29972.59825143906,29957.11924636307,29958.956258106933,436
2025-05-07 02:22:00+00:00,29957.90582093987,29960.142334489796,29954.83397911109,29958.186334399008,690
2025-05-07 02:23:00+00:00,29956.636438500518,29970.964236769207,29940.07663382283,29956.014518768443,991
2025-05-07 02:24:00+00:00,29958.779047893764,29960.624706969644,29944.914320976455,29958.15534842903,656
2025-05-07 02:25:00+00:00,29958.035336763875,29960.224396341204,29939.72548513325,29958.692141783173,450
2025-05-07 02:26:00+00:00,29959.08188998486,29975.703685331166,29953.278004740296,29959.335795531526,162
2025-05-07 02:27:00+00:00,29959.131262979045,29974.039843351053,29939.331500265027,29958.084733063042,169
2025-05-07 02:28:00+00:00,29959.225292688872,29965.24187480941,29954.464100808924,29957.887510213455,395
2025-05-07 02:29:00+00:00,29959.771646944133,29972.424748437876,29940.73521687928,29959.439700305138,643
2025-05-07 02:30:00+00:00,29959.558250855433,29968.52416282871,29951.882029004973,29958.858020884327,931
2025-05-07 02:31:00+00:00,29959.656238587497,29977.46394221218,29945.512901621558,29958.159281554243,490
2025-05-07 02:32:00+00:00,29960.024977108562,29976.430785420307,29948.049023048097,29960.457477136413,641
2025-05-07 02:33:00+00:00,29958.173880286806,29968.056997087628,29953.664161418725,29958.997937833352,173
2025-05-07 02:34:00+00:00,29956.071551223515,29972.293038370834,29941.376793053914,29955.086279171286,841
2025-05-07 02:35:00+00:00,29955.94384742193,29961.72820133124,29940.242022954717,29955.74211505036,120
2025-05-07 02:36:00+00:00,29953.509210556793,29964.113857716547,29937.568423671164,29952.109028691997,368
2025-05-07 02:37:00+00:00,29954.86832074739,29971.656517760875,29947.465369634145,29954.957958850224,589
2025-05-07 02:38:00+00:00,29955.053834326016,29963.855339674934,29939.83733310354,29954.09090605657,133
2025-05-07 02:39:00+00:00,29954.93535736504,29966.338879074214,29949.119857188507,29954.561390455205,667
2025-05-07 02:40:00+00:00,29956.32783538912,29970.924937336462,29950.843919499865,29957.356176605284,244
2025-05-07 02:41:00+00:00,29955.648642571516,29962.00100320606,29939.19667884572,29954.663547519292,970
2025-05-07 02:42:00+00:00,29954.52011489877,29955.015820156117,29939.990231001877,29954.547122069518,875
2025-05-07 02:43:00+00:00,29955.161786098786,29965.74026159469,29951.012071317607,29954.942755931017,837
2025-05-07 02:44:00+00:00,29957.1992832617,29960.850142793635,29951.646152409663,29956.100027388817,983
2025-05-07 02:45:00+00:00,29955.652791923185,29958.944924182997,29953.571747281585,29956.385312756593,469
2025-05-07 02:46:00+00:00,29955.035629227914,29966.58579423548,29954.67537615472,29954.908123759975,589
2025-05-07 02:47:00+00:00,29955.41256862452,29958.280739620262,29938.125049559792,29958.102820488664,608
2025-05-07 02:48:00+00:00,29956.9050297358,29960.77481171658,29944.410155426616,29956.70996677157,875
2025-05-07 02:49:00+00:00,29956.14864968456,29971.97432666844,29949.737194410518,29956.83141966815,980
2025-05-07 02:50:00+00:00,29954.73008971926,29970.23927470587,29950.80543969509,29955.29119363894,440
2025-05-07 02:51:00+00:00,29954.769507851015,29966.193831656055,29939.9148679534,29956.394153741574,676
2025-05-07 02:52:00+00:00,29954.189050679914,29955.199948998565,29942.241299649,29954.543015112475,328
2025-05-07 02:53:00+00:00,29955.941874932054,29959.254300391807,29952.87296795733,29955.035932029583,471
2025-05-07 02:54:00+00:00,29956.54074971291,29970.660014624595,29943.117134685017,29955.438432583152,300
2025-05-07 02:55:00+00:00,29954.656141830714,29961.615909602522,29950.76857352798,29954.7300542958,175
2025-05-07 02:56:00+00:00,29954.50025153177,29955.27271427089,29942.167448182106,29955.70773366132,526
2025-05-07 02:57:00+00:00,29954.733305390735,29956.99718188592,29949.34551810426,29957.064545223326,118
2025-05-07 02:58:00+00:00,29954.183178642423,29968.760645273014,29945.633866398908,29953.58230013979,649
2025-05-07 02:59:00+00:00,29953.57566485701,29967.208723590986,29946.401296041196,29955.08293664896,234
2025-05-07 03:00:00+00:00,29953.729589543913,29968.354279480547,29934.974710841423,29954.110652012867,876
2025-05-07 03:01:00+00:00,29954.47120615771,29963.275875184314,29944.736812838262,29953.583295853336,993
2025-05-07 03:02:00+00:00,29953.811267952085,29970.66031532867,29941.703278335634,29954.05953448495,573
2025-05-07 03:03:00+00:00,29956.099070296088,29960.207609360463,29941.468056572165,29957.98126522011,673
2025-05-07 03:04:00+00:00,29956.054589867214,29965.737461471883,29938.867384037636,29957.314843069034,647
2025-05-07 03:05:00+00:00,29955.752045911893,29961.64979699422,29944.604884298147,29956.106520716286,817
2025-05-07 03:06:00+00:00,29954.795605588286,29973.658576753165,29940.373840355416,29954.309177894254,457
2025-05-07 03:07:00+00:00,29954.581725248227,29965.359068345544,29938.337527600834,29955.21262221573,897
2025-05-07 03:08:00+00:00,29955.734386925767,29964.810214699126,29950.131629174124,29956.891977498537,340
2025-05-07 03:09:00+00:00,29957.49906008002,29971.585704795434,29944.9424609498,29957.794246226407,717
2025-05-07 03:10:00+00:00,29958.03344888142,29959.420615899584,29941.841177788494,29958.54037104933,154
2025-05-07 03:11:00+00:00,29958.982380797814,29967.64817907403,29947.400719054225,29956.809956698875,439
2025-05-07 03:12:00+00:00,29957.778905671446,29969.171308125562,29940.947274940103,29957.657088793978,799
2025-05-07 03:13:00+00:00,29957.931468912426,29958.11525001855,29949.070188122627,29958.07557454104,930
2025-05-07 03:14:00+00:00,29958.465714687765,29970.90161475169,29942.885763199425,29957.46480545884,602
2025-05-07 03:15:00+00:00,29958.503407643944,29971.29692043153,29942.29788338476,29958.14805723211,674
2025-05-07 03:16:00+00:00,29957.41312534954,29963.417428622906,29944.199175213773,29957.46366426055,855
2025-05-07 03:17:00+00:00,29957.55336896834,29973.9953420695,29952.336957911615,29958.887687023194,199
2025-05-07 03:18:00+00:00,29957.95021147794,29961.85163910548,29957.696634753596,29959.05861353831,835
2025-05-07 03:19:00+00:00,29957.686032053498,29959.095246313875,29956.68251309412,29958.873260493354,633
2025-05-07 03:20:00+00:00,29957.854228715467,29968.59378721631,29942.401378827075,29959.113514727807,302
2025-05-07 03:21:00+00:00,29960.00906371868,29963.707361129655,29951.85005323646,29962.146128932138,329
2025-05-07 03:22:00+00:00,29957.988478272924,29971.65482762508,29938.73645465693,29957.55951439447,521
2025-05-07 03:23:00+00:00,29960.358886012546,29978.81596862838,29941.851331218008,29960.52256289053,715
2025-05-07 03:24:00+00:00,29961.266668114586,29974.68398479787,29955.250614868055,29961.345215990586,991
2025-05-07 03:25:00+00:00,29960.15200061213,29960.42155212543,29959.67240809914,29960.640601050334,581
2025-05-07 03:26:00+00:00,29959.641877124483,29968.148696290682,29949.358246021573,29960.569328579237,182
2025-05-07 03:27:00+00:00,29959.354754068067,29963.792365358317,29940.82681429515,29959.568007631642,345
2025-05-07 03:28:00+00:00,29957.61230145749,29972.07363824488,29950.857343053398,29956.717004539212,278
2025-05-07 03:29:00+00:00,29958.056428047024,29976.273951755033,29939.60028839537,29957.996861510932,901
2025-05-07 03:30:00+00:00,29957.48388612672,29961.357250628207,29941.129197899696,29956.160852228077,441
2025-05-07 03:31:00+00:00,29956.821150825137,29960.35108440966,29948.785344523367,29958.27417307068,701
2025-05-07 03:32:00+00:00,29955.201419518427,29969.430031341813,29939.482504505686,29954.3613406431,871
2025-05-07 03:33:00+00:00,29955.274134154155,29971.829136254462,29949.68032937991,29954.395414681752,824
2025-05-07 03:34:00+00:00,29954.575388530946,29954.70478438652,29940.43734080132,29954.673288263282,842
2025-05-07 03:35:00+00:00,29956.406637988995,29969.425726745598,29953.305089755828,29955.941432134936,850
2025-05-07 03:36:00+00:00,29956.16851739684,29969.866273347096,29943.297089722964,29954.700139920544,213
2025-05-07 03:37:00+00:00,29956.867294033644,29972.41752963437,29952.988606219722,29956.634090362186,865
2025-05-07 03:38:00+00:00,29957.741816645503,29959.58847467391,29950.746269964784,29957.495140083283,305
2025-05-07 03:39:00+00:00,29960.58182933008,29969.845589347147,29947.673376491817,29961.65518214626,868
2025-05-07 03:40:00+00:00,29960.32660766825,29969.737816019835,29953.729803537066,29959.17469098789,880
2025-05-07 03:41:00+00:00,29960.998274085447,29974.772976402925,29953.22382698168,29961.58782585127,763
2025-05-07 03:42:00+00:00,29959.612795327655,29978.518676523898,29953.13992765841,29959.906232535806,892
2025-05-07 03:43:00+00:00,29960.593715007817,29966.76896249829,29954.716889124113,29960.905231230758,473
2025-05-07 03:44:00+00:00,29961.104643661387,29968.682725545103,29955.905458803973,29961.244256299655,693
2025-05-07 03:45:00+00:00,29960.91579229545,29961.117284426822,29946.582762405968,29961.98943705516,243
2025-05-07 03:46:00+00:00,29959.720745707113,29972.17386129414,29947.707889627232,29958.791428322016,457
2025-05-07 03:47:00+00:00,29960.192337027656,29976.345883262147,29942.706449672147,29959.55555402976,595
2025-05-07 03:48:00+00:00,29960.362187867297,29963.288831849735,29945.85511394296,29960.461853590543,381
2025-05-07 03:49:00+00:00,29961.37004595909,29965.4130085338,29959.2318640002,29962.489051729164,633
2025-05-07 03:50:00+00:00,29959.87617650306,29960.963792976876,29947.71524537794,29961.645938258767,841
2025-05-07 03:51:00+00:00,29960.74383639438,29966.401476689185,29947.3958211768,29961.383332741003,610
2025-05-07 03:52:00+00:00,29959.62053630882,29960.609596963375,29946.14651527317,29961.03093487513,186
2025-05-07 03:53:00+00:00,29960.318035582237,29965.16892925271,29951.987547992143,29960.27473936372,103
2025-05-07 03:54:00+00:00,29959.76065324124,29960.248353407085,29958.340117083542,29961.324765917114,937
2025-05-07 03:55:00+00:00,29960.539536184984,29970.195990365715,29942.387141183415,29960.669318007207,708
2025-05-07 03:56:00+00:00,29959.745875053166,29975.63565405225,29942.620849142375,29957.57106223628,876
2025-05-07 03:57:00+00:00,29959.422234357047,29974.779752073508,29958.409057954552,29959.566423469478,864
2025-05-07 03:58:00+00:00,29960.329945715217,29974.497946117877,29953.63052191673,29960.654252241096,570
2025-05-07 03:59:00+00:00,29958.856513121395,29969.889228658878,29958.015869814273,29959.91321157337,102
2025-05-07 04:00:00+00:00,29960.046403262793,29966.95023487709,29949.822276104784,29959.85516195472,319
2025-05-07 04:01:00+00:00,29961.823714019338,29981.21068415144,29948.790344261062,29961.873673508566,241
2025-05-07 04:02:00+00:00,29962.566178567806,29965.641950153688,29960.52888991442,29962.277302030514,861
2025-05-07 04:03:00+00:00,29961.294773419973,29965.2900323796,29953.508973326447,29962.781162641746,765
2025-05-07 04:04:00+00:00,29961.567233112648,29980.50878011046,29950.750606439942,29961.36687283438,133
2025-05-07 04:05:00+00:00,29961.357181397205,29972.63543377075,29949.6058998259,29959.290312971876,901
2025-05-07 04:06:00+00:00,29961.220491187047,29969.937327720432,29953.04302069297,29961.412283219146,280
2025-05-07 04:07:00+00:00,29960.50076905376,29977.108005377522,29943.075497432612,29958.89485750751,113
2025-05-07 04:08:00+00:00,29960.26645712587,29977.672789290336,29947.803546120205,29961.385400565756,429
2025-05-07 04:09:00+00:00,29960.95601501611,29980.004078033257,29952.726423492724,29961.226367575284,897
2025-05-07 04:10:00+00:00,29959.88754208764,29968.31407842988,29956.46834474307,29959.408560341588,593
2025-05-07 04:11:00+00:00,29958.351618601948,29975.283282755932,29947.34415761739,29958.85285306584,544
2025-05-07 04:12:00+00:00,29958.410361127633,29970.709101437365,29940.2859926602,29957.61410585701,865
2025-05-07 04:13:00+00:00,29957.752050394996,29975.166498661325,29941.190360175948,29956.66023406775,354
2025-05-07 04:14:00+00:00,29958.067438596736,29959.600668974763,29954.933811026254,29958.33912344425,298
2025-05-07 04:15:00+00:00,29958.49266418197,29971.02510511785,29948.783392651567,29958.25866349171,693
2025-05-07 04:16:00+00:00,29957.8239403732,29969.798389134285,29939.877977123306,29957.52528049839,393
2025-05-07 04:17:00+00:00,29957.601400121526,29961.707405013523,29940.59449199735,29958.465715325143,645
2025-05-07 04:18:00+00:00,29959.532374664046,29979.357020583004,29955.35028824966,29960.62284266296,576
2025-05-07 04:19:00+00:00,29956.989312628226,29973.869882783943,29945.143618918664,29956.988541710496,425
2025-05-07 04:20:00+00:00,29956.903702880514,29971.809396822624,29951.67854953163,29956.052714457244,713
2025-05-07 04:21:00+00:00,29956.106463034397,29963.59944124184,29949.010227407376,29954.901916108985,351
2025-05-07 04:22:00+00:00,29955.37740925406,29964.940308821664,29951.89575577934,29955.65265400252,528
2025-05-07 04:23:00+00:00,29955.739689772105,29974.819255378217,29954.471372253633,29954.4554446793,663
2025-05-07 04:24:00+00:00,29954.10993711456,29954.97023323968,29948.92141702515,29954.735434732986,845
2025-05-07 04:25:00+00:00,29952.394026474747,29959.821591840908,29935.22499542126,29954.28674334406,961
2025-05-07 04:26:00+00:00,29953.747955614643,29958.940959451993,29936.531061801215,29953.16836101508,537
2025-05-07 04:27:00+00:00,29953.750680059653,29959.502079241054,29945.02776728429,29953.34677318407,321
2025-05-07 04:28:00+00:00,29954.081343619193,29963.65800806713,29937.739606735442,29953.818514696282,445
2025-05-07 04:29:00+00:00,29954.405475983935,29964.808482967874,29944.68930703467,29954.507044664064,647
2025-05-07 04:30:00+00:00,29954.77680746303,29957.165341791722,29936.421881439528,29954.328432078084,441
2025-05-07 04:31:00+00:00,29954.093983081024,29957.459866298715,29946.1729514895,29954.04792640065,391
2025-05-07 04:32:00+00:00,29954.421878305217,29973.117461646296,29947.36901570987,29955.262996366757,400
2025-05-07 04:33:00+00:00,29954.16387918532,29961.1078605394,29953.664394771804,29954.469681191553,300
2025-05-07 04:34:00+00:00,29956.12415017393,29970.380860342797,29951.480340755876,29954.709286941576,356
2025-05-07 04:35:00+00:00,29955.047352179405,29958.264066525837,29946.100941537232,29954.353185299606,201
2025-05-07 04:36:00+00:00,29955.150689030885,29975.097357212777,29955.076587421045,29956.2866477435,165
2025-05-07 04:37:00+00:00,29954.37307661861,29961.22198462046,29948.810939436993,29954.073405891064,816
2025-05-07 04:38:00+00:00,29953.278731940478,29967.386098834366,29944.1267459145,29952.276043495523,626
2025-05-07 04:39:00+00:00,29954.382839121336,29958.186729318626,29943.301079819186,29953.299472081122,637
2025-05-07 04:40:00+00:00,29954.038618685023,29971.167817191486,29943.917657815673,29955.00650088067,557
2025-05-07 04:41:00+00:00,29954.75398537697,29974.685326583032,29954.332062464426,29953.363933928365,823
2025-05-07 04:42:00+00:00,29953.751420614877,29957.35014114375,29939.107667144683,29953.38114412506,475
2025-05-07 04:43:00+00:00,29954.89476457336,29955.196300235402,29945.061966099605,29956.199963446503,515
2025-05-07 04:44:00+00:00,29955.297436085853,29960.686081555123,29954.712157401093,29953.69132984686,868
2025-05-07 04:45:00+00:00,29955.569326094756,29961.21945036621,29940.121336210024,29958.76414043155,953
2025-05-07 04:46:00+00:00,29955.246109257223,29974.169795489062,29953.05582055338,29955.836562206216,121
2025-05-07 04:47:00+00:00,29955.28268329735,29969.29015596159,29941.202916753005,29955.759154563424,496
2025-05-07 04:48:00+00:00,29955.03312575659,29956.620260887546,29937.0928747907,29954.544708896836,820
2025-05-07 04:49:00+00:00,29953.471224896122,29954.886469870788,29942.802836609942,29952.46481231494,186
2025-05-07 04:50:00+00:00,29952.12424502014,29958.43495715159,29933.72178845869,29953.392611487907,712
2025-05-07 04:51:00+00:00,29950.385581438237,29964.026632515903,29939.48560748548,29951.172824608315,807
2025-05-07 04:52:00+00:00,29950.525853746054,29968.454724519648,29934.38053967055,29951.822589479758,504
2025-05-07 04:53:00+00:00,29949.98396184169,29965.4267313825,29936.025582955284,29949.661324492314,795
2025-05-07 04:54:00+00:00,29949.28843557342,29959.604903283944,29933.68532577862,29950.814600693306,286
2025-05-07 04:55:00+00:00,29948.884608904442,29952.64371323577,29934.00488292893,29947.191525687016,223
2025-05-07 04:56:00+00:00,29948.905943729493,29952.27240321896,29935.028897557433,29949.51685770702,526
2025-05-07 04:57:00+00:00,29948.784507903547,29955.251169403364,29931.76488430556,29947.892574460366,641
2025-05-07 04:58:00+00:00,29949.272092631043,29960.4358863618,29949.080122749045,29948.011785569266,961
2025-05-07 04:59:00+00:00,29948.840152725552,29953.324840525886,29948.11970453346,29948.630580482397,828
2025-05-07 05:00:00+00:00,29948.935113237447,29963.791864756706,29932.814685680394,29949.255337632003,371
2025-05-07 05:01:00+00:00,29948.26673222396,29964.62782195646,29938.937782950452,29947.72185462963,327
2025-05-07 05:02:00+00:00,29947.874686361778,29959.300066848795,29935.353290357627,29946.751136989467,994
2025-05-07 05:03:00+00:00,29946.636300927483,29952.227797719013,29941.07751673046,29947.717088318448,343
2025-05-07 05:04:00+00:00,29946.46002252456,29957.733435059086,29926.944871678217,29946.680624291188,705
2025-05-07 05:05:00+00:00,29947.31965109985,29954.132529959363,29930.30565710128,29947.71786143196,893
2025-05-07 05:06:00+00:00,29947.41116160769,29955.098151465223,29932.691347118565,29946.587750698756,770
2025-05-07 05:07:00+00:00,29946.46185899809,29951.204268560698,29936.13917102907,29946.913448080068,670
2025-05-07 05:08:00+00:00,29946.213568814008,29946.40692717019,29942.187202526824,29946.57559069714,949
2025-05-07 05:09:00+00:00,29947.035779746264,29966.993253090033,29936.33337448612,29946.8283829234,125
2025-05-07 05:10:00+00:00,29946.72147970412,29950.93469780617,29936.242582901636,29945.801021665513,961
2025-05-07 05:11:00+00:00,29947.83454665572,29966.88029333536,29933.789682996547,29946.55831853158,481
2025-05-07 05:12:00+00:00,29948.157152999796,29965.344610453394,29937.010525227895,29946.36757311136,412
2025-05-07 05:13:00+00:00,29947.859003629295,29964.18462754862,29942.181820575286,29949.48827033576,435
2025-05-07 05:14:00+00:00,29948.52978968261,29950.404992734777,29939.748314056847,29948.427240551046,605
2025-05-07 05:15:00+00:00,29948.92625195777,29958.47468859943,29943.52652935826,29947.532081284327,387
2025-05-07 05:16:00+00:00,29949.119613395567,29949.584935207535,29940.202051632412,29948.138685916387,670
2025-05-07 05:17:00+00:00,29947.8601491407,29963.820312174234,29939.615779789525,29947.86675731116,944
2025-05-07 05:18:00+00:00,29947.632156730342,29959.846706705794,29928.86309357975,29948.750887985025,267
2025-05-07 05:19:00+00:00,29949.41006087508,29951.03453445709,29940.53576020016,29950.3297178739,139
2025-05-07 05:20:00+00:00,29951.861809759168,29954.221304963397,29932.302517955257,29951.91739184222,332
2025-05-07 05:21:00+00:00,29953.092777878064,29970.861184798414,29953.078914044305,29954.674634937313,502
2025-05-07 05:22:00+00:00,29952.52256939337,29964.150052319812,29937.052391741137,29953.445461657226,680
2025-05-07 05:23:00+00:00,29952.74803774054,29956.959202051843,29935.619284380464,29954.644739073745,622
2025-05-07 05:24:00+00:00,29951.92707722532,29966.8044135575,29947.501427056683,29953.116504348985,518
2025-05-07 05:25:00+00:00,29952.469072954576,29959.456988882746,29942.792265006996,29951.48569331297,560
2025-05-07 05:26:00+00:00,29952.766245772233,29969.611429176515,29945.103337010845,29952.808927526898,458
2025-05-07 05:27:00+00:00,29954.116127089583,29956.756338692423,29945.60805741442,29953.069628023906,568
2025-05-07 05:28:00+00:00,29953.94005660025,29954.15363266961,29949.84878722551,29953.03523158396,117
2025-05-07 05:29:00+00:00,29953.88994630884,29967.43068817424,29942.22193333104,29953.099227164133,813
2025-05-07 05:30:00+00:00,29953.16950286643,29972.963886844245,29936.625030720763,29953.16733492175,293
2025-05-07 05:31:00+00:00,29953.90400180474,29957.87166932819,29942.1002061636,29955.545446834854,775
2025-05-07 05:32:00+00:00,29955.051508529734,29956.340580565513,29941.36129969305,29956.944090652356,598
2025-05-07 05:33:00+00:00,29954.938225267975,29973.701402809293,29953.50376052266,29954.764417981885,272
2025-05-07 05:34:00+00:00,29954.830277638677,29967.847778177133,29946.855006452195,29952.191387818417,595
2025-05-07 05:35:00+00:00,29955.038777988604,29973.316647919426,29946.410509905767,29955.377262629863,502
2025-05-07 05:36:00+00:00,29955.600953734724,29957.376617794755,29942.34541770232,29954.79315442549,611
2025-05-07 05:37:00+00:00,29955.35559823362,29969.635263614924,29940.16459277966,29955.61509495523,363
2025-05-07 05:38:00+00:00,29956.068873642253,29967.610334153633,29941.234840984616,29957.784007743536,278
2025-05-07 05:39:00+00:00,29956.547893878003,29966.883826235353,29950.853539759693,29958.322237371725,757
2025-05-07 05:40:00+00:00,29956.293874632822,29957.56885349755,29948.255381702522,29955.85181125899,930
2025-05-07 05:41:00+00:00,29956.2179495392,29967.287700876226,29936.500144751797,29957.140848096595,874
2025-05-07 05:42:00+00:00,29958.208983388122,29973.503102003873,29946.684508290607,29959.298893789164,175
2025-05-07 05:43:00+00:00,29956.743774362592,29961.644141738154,29937.617233098386,29956.579152648515,407
2025-05-07 05:44:00+00:00,29958.735096361357,29972.89915919127,29940.467324387853,29960.773964842232,281
2025-05-07 05:45:00+00:00,29959.036717738534,29976.6090793421,29944.529549222607,29959.064697645135,461
2025-05-07 05:46:00+00:00,29958.499463192118,29973.069912951574,29945.5959417262,29959.559700598074,545
2025-05-07 05:47:00+00:00,29960.581876983884,29973.113035064973,29955.725115293113,29960.655788122425,926
2025-05-07 05:48:00+00:00,29959.828275688105,29963.32756148116,29956.811810636387,29960.55995245677,950
2025-05-07 05:49:00+00:00,29959.293932484106,29967.170208531617,29957.25367981831,29959.90635292833,195
2025-05-07 05:50:00+00:00,29958.369840494488,29972.530946227183,29948.9579316876,29957.466474627596,417
2025-05-07 05:51:00+00:00,29959.724530480842,29979.226422298838,29942.376772313433,29960.148977451685,345
2025-05-07 05:52:00+00:00,29961.049443308744,29967.969455551978,29942.11856180244,29961.71496541374,223
2025-05-07 05:53:00+00:00,29960.25778651228,29964.314630176585,29940.66583956267,29959.760188635926,215
2025-05-07 05:54:00+00:00,29959.29331539628,29967.636145217442,29944.57531653471,29961.236823487256,291
2025-05-07 05:55:00+00:00,29959.442581050596,29968.8585217447,29948.873053899668,29960.17727766546,947
2025-05-07 05:56:00+00:00,29959.74271587741,29979.088105750852,29940.67737648423,29959.344324966838,182
2025-05-07 05:57:00+00:00,29959.801151456828,29961.97236640745,29958.559764566737,29959.783618107005,551
2025-05-07 05:58:00+00:00,29959.227692637734,29978.802569132622,29956.951490682044,29960.56569801164,936
2025-05-07 05:59:00+00:00,29959.045164334326,29970.070735862857,29952.317331143186,29959.806062222004,932
2025-05-07 06:00:00+00:00,29958.60854070753,29961.421420787174,29951.967973301747,29957.834625008843,628
2025-05-07 06:01:00+00:00,29957.015615472985,29965.025551828927,29950.068573734534,29956.43211735661,479
2025-05-07 06:02:00+00:00,29959.050077564145,29968.4405768736,29957.52461273364,29959.329026888936,269
2025-05-07 06:03:00+00:00,29957.850937921332,29972.27945897638,29950.567043844134,29958.184520349496,217
2025-05-07 06:04:00+00:00,29956.002168798484,29959.973892576574,29940.65729350416,29954.723523134613,363
2025-05-07 06:05:00+00:00,29954.08768497552,29967.61558251411,29936.539267701246,29953.564940541422,935
2025-05-07 06:06:00+00:00,29952.294840851995,29968.652826550468,29936.9918554824,29951.672792496218,852
2025-05-07 06:07:00+00:00,29952.810095672852,29971.559926647504,29937.799736510486,29952.184223508048,265
2025-05-07 06:08:00+00:00,29954.225368794636,29972.445938555844,29934.27230786156,29953.20153698049,808
2025-05-07 06:09:00+00:00,29953.44184973039,29972.906532512538,29943.373987483552,29953.724715277178,112
2025-05-07 06:10:00+00:00,29954.249160644624,29959.964146201415,29935.5275909583,29955.88734429199,992
2025-05-07 06:11:00+00:00,29953.332050627305,29955.386523975834,29937.58439448289,29952.326478180534,266
2025-05-07 06:12:00+00:00,29952.248923158633,29969.229878956197,29940.96838262374,29951.41847238688,295
2025-05-07 06:13:00+00:00,29952.943466814293,29956.814373492,29935.80287952494,29951.818058360008,320
2025-05-07 06:14:00+00:00,29952.077182038072,29961.351297502693,29949.308537577403,29955.446645221688,534
2025-05-07 06:15:00+00:00,29953.37432959042,29957.795276466426,29940.244524855712,29954.555032995537,449
2025-05-07 06:16:00+00:00,29955.03412023939,29966.505258998353,29950.399221967502,29952.924250163636,878
2025-05-07 06:17:00+00:00,29955.06176835068,29960.45185980303,29951.057925506095,29954.378995154562,991
2025-05-07 06:18:00+00:00,29954.265755452787,29964.41192546806,29949.467305450748,29955.221084753837,719
2025-05-07 06:19:00+00:00,29952.999542197012,29967.48513342681,29951.99357233536,29951.63990073832,625
2025-05-07 06:20:00+00:00,29953.054537393476,29956.426457298316,29936.198137517844,29953.146470884712,143
2025-05-07 06:21:00+00:00,29951.311000618072,29962.679027773705,29941.71918414559,29950.28455324434,168
2025-05-07 06:22:00+00:00,29952.85674726997,29968.768737732622,29947.050967802137,29953.529951223456,533
2025-05-07 06:23:00+00:00,29953.125584998,29955.884558556572,29939.85379589543,29953.456970873354,383
2025-05-07 06:24:00+00:00,29952.916268890523,29959.899732967035,29946.54043772998,29952.0083977422,645
2025-05-07 06:25:00+00:00,29952.975336126612,29952.975501292814,29949.64707093087,29951.226514712744,596
2025-05-07 06:26:00+00:00,29951.794533807402,29954.193136966136,29936.103639100427,29952.87583954095,841
2025-05-07 06:27:00+00:00,29951.380625144153,29965.93263535747,29950.373684366117,29952.19758356964,228
2025-05-07 06:28:00+00:00,29951.2508944053,29952.05072516994,29947.253877516516,29952.044261001956,456
2025-05-07 06:29:00+00:00,29950.386604685224,29965.597272421473,29947.3644081905,29950.32036602514,150
2025-05-07 06:30:00+00:00,29950.870963852518,29962.04782404424,29950.101626106083,29952.065869412043,194
2025-05-07 06:31:00+00:00,29951.22844253463,29964.247944696475,29948.218383030493,29951.144950307174,529
2025-05-07 06:32:00+00:00,29951.71691638074,29964.41636389097,29938.302849170374,29954.547026174594,523
2025-05-07 06:33:00+00:00,29951.191448676105,29968.93491971337,29932.58287073273,29951.63480990615,529
2025-05-07 06:34:00+00:00,29953.520170339125,29971.36617720132,29952.193976811817,29953.819037370435,812
2025-05-07 06:35:00+00:00,29953.06423595381,29968.28576656032,29940.418626529015,29952.58330674828,198
2025-05-07 06:36:00+00:00,29953.106247429158,29954.06303221971,29935.580261329265,29953.540213129985,841
2025-05-07 06:37:00+00:00,29953.841006664643,29959.123007243554,29953.226020847807,29953.72177337959,422
2025-05-07 06:38:00+00:00,29954.18391211836,29957.86067884698,29943.75009001331,29954.513348272034,388
2025-05-07 06:39:00+00:00,29955.6045268168,29967.43493163986,29949.780738260342,29957.103906968645,400
2025-05-07 06:40:00+00:00,29955.728572661705,29969.812563812924,29953.47241127236,29955.677156998674,596
2025-05-07 06:41:00+00:00,29956.904446721463,29971.117111089563,29947.176239390235,29957.650470608078,708
2025-05-07 06:42:00+00:00,29956.594892978996,29961.66838627664,29944.2377163563,29956.536764359953,443
2025-05-07 06:43:00+00:00,29956.060033673,29974.392120159806,29946.897534048232,29955.710193405524,842
2025-05-07 06:44:00+00:00,29956.648069235223,29960.198915804955,29943.44166615108,29955.83462386771,323
2025-05-07 06:45:00+00:00,29958.686888774002,29958.710309444752,29951.44089252014,29960.324174997684,334
2025-05-07 06:46:00+00:00,29958.68551658539,29974.639090277888,29953.99569097724,29959.86066538042,580
2025-05-07 06:47:00+00:00,29958.981288343206,29962.212078253404,29945.48440478356,29958.000183215237,209
2025-05-07 06:48:00+00:00,29958.972656667644,29975.62621545496,29944.75072802122,29958.44815459081,969
2025-05-07 06:49:00+00:00,29957.041417404853,29970.740101303916,29956.58483833554,29957.297985635345,194
2025-05-07 06:50:00+00:00,29956.918041106797,29959.789947468606,29952.70849442799,29956.06098407686,619
2025-05-07 06:51:00+00:00,29956.446766899062,29967.19333173689,29954.779183855913,29954.919350921526,802
2025-05-07 06:52:00+00:00,29957.217265757132,29963.09026536007,29950.749964803374,29956.31971809165,814
2025-05-07 06:53:00+00:00,29958.992535502748,29970.561612207224,29956.962030374474,29958.57127708899,840
2025-05-07 06:54:00+00:00,29959.585758423345,29965.13936058914,29950.924593867858,29959.962334214535,679
2025-05-07 06:55:00+00:00,29958.44845323253,29962.186613169077,29948.046906089297,29959.92233355052,666
2025-05-07 06:56:00+00:00,29957.943010088333,29973.529746991237,29945.03751107931,29956.837666674754,186
2025-05-07 06:57:00+00:00,29957.89850443677,29968.733983419534,29956.00695427753,29958.42549407124,270
2025-05-07 06:58:00+00:00,29957.137189689533,29961.923971626053,29941.670628626558,29955.468823205596,166
2025-05-07 06:59:00+00:00,29957.39757160643,29971.23859590855,29952.714928160058,29959.156133883273,593
2025-05-07 07:00:00+00:00,29956.973711999402,29959.20629816698,29949.895928312184,29957.36244500248,911
2025-05-07 07:01:00+00:00,29957.520383486324,29974.949306820465,29951.375111911166,29957.06556577261,555
2025-05-07 07:02:00+00:00,29957.638118626506,29960.84628465467,29938.826830338625,29955.676855276983,559
2025-05-07 07:03:00+00:00,29956.770328720202,29970.499880774365,29939.446461268097,29955.493116324633,911
2025-05-07 07:04:00+00:00,29957.180806349013,29967.766878708495,29944.64323615066,29954.583640954126,927
2025-05-07 07:05:00+00:00,29957.170015400967,29974.345880186203,29947.40207862548,29956.40952109755,545
2025-05-07 07:06:00+00:00,29957.31587675828,29961.34290188287,29947.508853733307,29955.53810592233,242
2025-05-07 07:07:00+00:00,29957.923015505665,29967.621034817046,29955.73245633072,29958.37459875075,917
2025-05-07 07:08:00+00:00,29958.27978091931,29975.361457865572,29956.263182323157,29957.487018038897,791
2025-05-07 07:09:00+00:00,29957.589211815244,29973.601227473293,29957.247411876186,29957.35840466003,913
2025-05-07 07:10:00+00:00,29957.390462648098,29975.230326692425,29942.099882552746,29956.963967526048,935
2025-05-07 07:11:00+00:00,29957.271060806903,29966.275362296103,29944.27054556704,29957.88953743386,153
2025-05-07 07:12:00+00:00,29957.878343969063,29960.864746137937,29948.90127537472,29960.340549142566,510
2025-05-07 07:13:00+00:00,29957.8930349264,29969.571109999844,29944.16815393484,29958.637586363908,821
2025-05-07 07:14:00+00:00,29956.27189505088,29956.416375367575,29939.099922641126,29956.225625523726,436
2025-05-07 07:15:00+00:00,29955.90043685924,29967.04690823934,29955.22335090915,29955.649343402976,679
2025-05-07 07:16:00+00:00,29955.85675445536,29970.00047228345,29946.280614121926,29955.34786562603,797
2025-05-07 07:17:00+00:00,29955.3516776094,29968.880482752866,29954.208555183992,29954.52576595252,353
2025-05-07 07:18:00+00:00,29956.75725888208,29966.613139278586,29942.669492184876,29958.20371500889,194
2025-05-07 07:19:00+00:00,29958.741456516673,29960.584146254456,29954.837006877653,29959.626933806114,845
2025-05-07 07:20:00+00:00,29958.68745090472,29961.89548849466,29958.420231764514,29959.046028183933,141
2025-05-07 07:21:00+00:00,29959.153814143105,29974.551405805436,29949.695748985792,29957.338393438942,863
2025-05-07 07:22:00+00:00,29959.531474892836,29967.98315026434,29953.651611203433,29959.71170700278,301
2025-05-07 07:23:00+00:00,29959.731947015494,29969.887464373547,29958.792794472964,29959.126377364482,438
2025-05-07 07:24:00+00:00,29958.033484002535,29968.84422609466,29955.236108300665,29956.06704059077,271
2025-05-07 07:25:00+00:00,29960.05214424727,29974.40135324053,29942.717597747353,29959.914178344716,982
2025-05-07 07:26:00+00:00,29959.065135545374,29970.88755729053,29946.54906097775,29958.37835856746,102
2025-05-07 07:27:00+00:00,29960.16738766315,29971.42517044991,29942.172863373205,29960.159263806665,424
2025-05-07 07:28:00+00:00,29960.73972408745,29964.005069060822,29948.480154626875,29962.34067290386,503
2025-05-07 07:29:00+00:00,29961.242764032337,29965.17509732996,29951.79016588686,29962.365487259598,313
2025-05-07 07:30:00+00:00,29959.954086496786,29974.455805136266,29959.383019520643,29960.766090234607,391
2025-05-07 07:31:00+00:00,29959.128922406697,29975.248674928,29941.800174549768,29959.068586573034,306
2025-05-07 07:32:00+00:00,29961.13024060994,29975.780410568328,29945.915166058407,29961.93873069986,620
2025-05-07 07:33:00+00:00,29961.579287174467,29973.780053299684,29949.505981925606,29962.39228277332,879
2025-05-07 07:34:00+00:00,29962.149204898917,29970.76067604358,29959.222090908115,29961.241908509546,789
2025-05-07 07:35:00+00:00,29962.16262191182,29962.301742166892,29961.30211848663,29960.154847540725,716
2025-05-07 07:36:00+00:00,29963.851604979103,29980.50373872413,29948.239206759565,29964.24837289766,624
2025-05-07 07:37:00+00:00,29964.71944553941,29971.591017547413,29964.581030479934,29965.265468958416,416
2025-05-07 07:38:00+00:00,29964.717806711542,29975.204887523138,29960.865202570832,29964.22823304189,571
2025-05-07 07:39:00+00:00,29965.29368611602,29979.599980833056,29945.501669488352,29965.890299940747,410
2025-05-07 07:40:00+00:00,29964.38360375016,29982.745870775096,29952.282601162267,29964.86574067849,858
2025-05-07 07:41:00+00:00,29965.056390194273,29969.97955285316,29963.34356254661,29964.372916261964,234
2025-05-07 07:42:00+00:00,29965.322474435936,29979.16588898246,29956.712765348708,29965.76722610845,345
2025-05-07 07:43:00+00:00,29963.58744103416,29981.714921130075,29953.73007323946,29964.388444295382,628
2025-05-07 07:44:00+00:00,29964.86445514141,29977.305299543434,29963.42451624209,29965.476995766337,870
2025-05-07 07:45:00+00:00,29966.03290400696,29972.443131868964,29953.586915948465,29966.793491499735,602
2025-05-07 07:46:00+00:00,29966.043863813866,29980.83731353328,29956.05632549515,29964.949863664635,726
2025-05-07 07:47:00+00:00,29964.508686941794,29976.644251750855,29956.85585168862,29962.7773414695,992
2025-05-07 07:48:00+00:00,29964.175811683584,29971.279503895923,29958.969003306935,29964.92680654089,658
2025-05-07 07:49:00+00:00,29965.94365559842,29981.254291553538,29964.298905687443,29966.862696411656,422
2025-05-07 07:50:00+00:00,29964.13435992846,29975.92077698385,29957.130050560132,29962.32456487389,763
2025-05-07 07:51:00+00:00,29964.032319021477,29978.243686115464,29951.074942596035,29963.53601954498,300
2025-05-07 07:52:00+00:00,29965.141946787804,29971.567673936315,29949.781300035935,29965.80896759381,696
2025-05-07 07:53:00+00:00,29965.70900012185,29967.04814860605,29963.95877322143,29964.641049441063,759
2025-05-07 07:54:00+00:00,29965.44283501908,29967.029334970284,29949.11273448172,29967.07712644014,936
2025-05-07 07:55:00+00:00,29965.11815310225,29971.011319324454,29947.167460094348,29966.319994972888,210
2025-05-07 07:56:00+00:00,29964.394233818643,29966.25936475782,29958.06649163909,29964.594618014562,978
2025-05-07 07:57:00+00:00,29963.2543371494,29968.30339457551,29955.552960140965,29963.632013316146,124
2025-05-07 07:58:00+00:00,29964.122587095502,29972.768799872974,29951.526828242317,29964.321577914638,136
2025-05-07 07:59:00+00:00,29965.729449244187,29984.776139850852,29953.623724556237,29965.06830102842,456
2025-05-07 08:00:00+00:00,29964.309457499574,29966.431253910487,29954.835777587417,29965.615375656016,902
2025-05-07 08:01:00+00:00,29965.073203672608,29976.16125349349,29954.579003233615,29965.270588181935,646
2025-05-07 08:02:00+00:00,29964.980853725887,29965.61889409602,29957.400493881,29965.698288199455,699
2025-05-07 08:03:00+00:00,29965.21438528299,29972.40121437249,29955.049460066773,29965.927123918893,809
2025-05-07 08:04:00+00:00,29966.734365091535,29977.094368766095,29962.622250859447,29964.87816340492,370
2025-05-07 08:05:00+00:00,29965.836332285508,29973.007759547414,29961.568215827232,29963.828437169177,137
2025-05-07 08:06:00+00:00,29966.09886107025,29981.48706076553,29958.438163692957,29966.79023174864,855
2025-05-07 08:07:00+00:00,29964.948395304647,29984.02802240958,29951.082330271274,29964.571675718165,190
2025-05-07 08:08:00+00:00,29965.580247085596,29978.533511641366,29955.48950709508,29964.903899710705,921
2025-05-07 08:09:00+00:00,29968.040551330756,29980.502706419597,29954.381342200883,29967.999913963966,720
2025-05-07 08:10:00+00:00,29967.339150178217,29985.808223601874,29948.536969342505,29968.484448791634,721
2025-05-07 08:11:00+00:00,29968.85823277159,29976.520277706226,29952.06358344412,29967.92935767759,453
2025-05-07 08:12:00+00:00,29970.598539929448,29973.801724569465,29956.648249810558,29970.789588103973,133
2025-05-07 08:13:00+00:00,29970.54776531246,29973.136942276087,29957.08811104033,29971.853299013976,728
2025-05-07 08:14:00+00:00,29968.888044431857,29979.622698309577,29957.404676939328,29969.193636242635,448
2025-05-07 08:15:00+00:00,29969.885471984348,29983.67812782852,29950.625466553036,29971.19046675708,488
2025-05-07 08:16:00+00:00,29969.80690119547,29977.950897663388,29960.61768225095,29970.47534206378,934
2025-05-07 08:17:00+00:00,29969.134741000787,29971.179176385824,29957.244839543466,29968.562202768288,229
2025-05-07 08:18:00+00:00,29969.667862999864,29981.81153276625,29967.44210343344,29970.175787383225,915
2025-05-07 08:19:00+00:00,29967.435951782885,29972.895025929538,29960.007795781443,29967.072690614146,580
2025-05-07 08:20:00+00:00,29968.08230852926,29971.251533441096,29958.210252778597,29966.697240248064,855
2025-05-07 08:21:00+00:00,29967.533944208335,29969.05312128344,29957.39807701705,29968.267551405643,497
2025-05-07 08:22:00+00:00,29969.00547574533,29985.9501657762,29949.053870384305,29969.24750449921,104
2025-05-07 08:23:00+00:00,29970.014452523417,29985.803166562782,29964.028546699996,29971.518140847533,761
2025-05-07 08:24:00+00:00,29969.794310387704,29980.165102805266,29965.643924930602,29969.88425529072,636
2025-05-07 08:25:00+00:00,29970.04391145852,29974.128774137567,29952.026645865004,29970.854315871497,982
2025-05-07 08:26:00+00:00,29969.847084905065,29985.665671040617,29956.685715061405,29969.932215147808,566
2025-05-07 08:27:00+00:00,29971.4640605454,29980.459272862656,29967.936379087118,29972.047926280968,547
2025-05-07 08:28:00+00:00,29969.498657933775,29986.640036076547,29965.36492433555,29969.819463014574,207
2025-05-07 08:29:00+00:00,29970.101761623522,29983.86041157233,29967.097148934332,29970.7669986325,852
2025-05-07 08:30:00+00:00,29969.45816488719,29983.21012677756,29949.734757341594,29968.86779073529,686
2025-05-07 08:31:00+00:00,29968.768407788535,29979.935680518924,29949.806666451845,29968.78877658867,211
2025-05-07 08:32:00+00:00,29968.562351273744,29984.414650751405,29952.41275716726,29969.87173680225,364
2025-05-07 08:33:00+00:00,29967.610582390582,29969.848211878245,29959.364614271937,29968.466376283763,698
2025-05-07 08:34:00+00:00,29968.72480098435,29979.036654174175,29966.218561452406,29968.023501784726,797
2025-05-07 08:35:00+00:00,29968.99757155112,29984.603449664075,29955.321904230936,29969.63899932045,596
2025-05-07 08:36:00+00:00,29969.186377184535,29975.053852575205,29969.129535651555,29970.745894201755,177
2025-05-07 08:37:00+00:00,29969.738375068286,29988.30527273041,29968.467761543066,29969.277943797057,901
2025-05-07 08:38:00+00:00,29971.765663034952,29989.644938488662,29969.426825302584,29970.880495995923,772
2025-05-07 08:39:00+00:00,29971.30853439675,29971.425496613843,29969.635037845354,29971.351811540775,502
2025-05-07 08:40:00+00:00,29970.9255936126,29974.113497482107,29956.343878674328,29970.619113785746,392
2025-05-07 08:41:00+00:00,29971.622167351892,29986.76375818863,29960.643304384725,29972.860727989202,462
2025-05-07 08:42:00+00:00,29972.29640916169,29974.184738351516,29969.412379711295,29971.924624041658,144
2025-05-07 08:43:00+00:00,29971.552283054487,29988.54262951142,29956.62323840872,29972.5015487309,357
2025-05-07 08:44:00+00:00,29971.758636538754,29983.906853919503,29963.63268317417,29970.92560805755,395
2025-05-07 08:45:00+00:00,29971.358896148467,29975.66881553414,29964.784224739135,29972.311580740778,344
2025-05-07 08:46:00+00:00,29971.3494939901,29990.430681979764,29967.705066537677,29971.022713188147,185
2025-05-07 08:47:00+00:00,29971.612210269606,29972.791579146415,29959.779330005837,29972.29288780291,410
2025-05-07 08:48:00+00:00,29972.507802316402,29992.146969189173,29956.07370219277,29971.852421647505,265
2025-05-07 08:49:00+00:00,29974.037868972002,29986.418980970237,29954.914654791228,29972.961801604095,526
2025-05-07 08:50:00+00:00,29973.52185343611,29985.740919718977,29960.60086846499,29972.443931048034,346
2025-05-07 08:51:00+00:00,29973.54696951905,29988.648373949047,29970.86688292072,29974.416202382403,683
2025-05-07 08:52:00+00:00,29975.387039219313,29993.007181035966,29972.42148282009,29974.462570006643,873
2025-05-07 08:53:00+00:00,29976.68609090093,29978.87630164024,29965.148820238617,29975.413587347895,251
2025-05-07 08:54:00+00:00,29976.15873865261,29981.957773693975,29972.058002333157,29976.502814007068,430
2025-05-07 08:55:00+00:00,29976.17947357272,29983.2830941732,29956.33759623742,29976.31459004744,781
2025-05-07 08:56:00+00:00,29978.47257998901,29986.528878379526,29975.73375455564,29977.03247645533,317
2025-05-07 08:57:00+00:00,29978.722027883327,29983.594179074356,29978.437018370758,29978.025019709698,378
2025-05-07 08:58:00+00:00,29979.269725562517,29986.32550374481,29970.806225039352,29979.573815331572,849
2025-05-07 08:59:00+00:00,29979.01602128395,29996.150318738917,29971.561904935366,29979.683323448582,187
2025-05-07 09:00:00+00:00,29977.95973474058,29982.438263578813,29974.423064030525,29977.840485666216,476
2025-05-07 09:01:00+00:00,29976.920601105026,29984.410265379716,29966.447675302978,29977.22158242301,715
2025-05-07 09:02:00+00:00,29974.874036690613,29983.73163055588,29961.96603226567,29974.04919933863,741
2025-05-07 09:03:00+00:00,29972.44549580016,29982.771675826596,29956.034009024857,29971.79441545725,254
2025-05-07 09:04:00+00:00,29973.362359025774,29983.784049953872,29965.515732762793,29973.23300888625,566
2025-05-07 09:05:00+00:00,29973.797661044817,29983.26446773019,29973.194300697,29974.48666617324,622
2025-05-07 09:06:00+00:00,29973.303332911106,29976.82383207828,29956.9936877357,29973.60461392868,642
2025-05-07 09:07:00+00:00,29975.917921583794,29992.329346981813,29957.39653742348,29977.15995119643,827
2025-05-07 09:08:00+00:00,29975.1244051498,29982.182909789597,29971.545561952043,29975.809191751603,834
2025-05-07 09:09:00+00:00,29974.41439004197,29987.020412314934,29973.070718496434,29975.052935711596,439
2025-05-07 09:10:00+00:00,29974.61493151484,29988.76553565056,29968.900253437972,29972.353851803502,124
2025-05-07 09:11:00+00:00,29973.760520583925,29976.966549696102,29967.464220074795,29974.025643418972,128
2025-05-07 09:12:00+00:00,29972.572098208188,29976.788538085275,29969.277433790758,29973.097611119294,781
2025-05-07 09:13:00+00:00,29973.636893416427,29982.508207180064,29966.91296202321,29972.715013280333,253
2025-05-07 09:14:00+00:00,29974.085706428497,29979.25720008562,29958.5449710206,29972.304310990356,308
2025-05-07 09:15:00+00:00,29972.46889678014,29984.111186722686,29970.036928869813,29972.52510160234,674
2025-05-07 09:16:00+00:00,29973.29803295968,29987.463967628537,29965.246717120164,29973.7502964112,139
2025-05-07 09:17:00+00:00,29974.17860898676,29982.995272139888,29959.633485392806,29973.617295178316,450
2025-05-07 09:18:00+00:00,29975.21684598357,29994.52009100715,29964.316661040382,29974.83838633681,795
2025-05-07 09:19:00+00:00,29976.215004148482,29984.01432077156,29972.861049793777,29976.854921027123,300
2025-05-07 09:20:00+00:00,29976.84094331087,29987.782788408094,29960.58246152355,29976.566089301115,726
2025-05-07 09:21:00+00:00,29975.671216751052,29984.292594836443,29956.05528626979,29976.03941198427,273
2025-05-07 09:22:00+00:00,29976.557966469314,29982.604346651657,29966.4065627752,29977.609477374466,388
2025-05-07 09:23:00+00:00,29977.317211582435,29991.841410036206,29973.76908092283,29977.158436456793,711
2025-05-07 09:24:00+00:00,29976.91834429219,29988.013097849693,29957.045457449454,29977.274989657115,906
2025-05-07 09:25:00+00:00,29976.154333432867,29976.88738742202,29970.9015297311,29976.127657815654,717
2025-05-07 09:26:00+00:00,29977.160788868085,29983.58734130342,29958.394631675383,29978.21483824389,525
2025-05-07 09:27:00+00:00,29978.79440593748,29984.88514950599,29968.95651104614,29979.846198951527,911
2025-05-07 09:28:00+00:00,29978.338089701454,29980.112093071853,29963.498319611015,29978.45138051671,885
2025-05-07 09:29:00+00:00,29978.74536211277,29995.530716138444,29976.04186017111,29978.07176138038,457
2025-05-07 09:30:00+00:00,29979.18258615032,29993.734382696064,29965.611784291443,29980.28432963737,946
2025-05-07 09:31:00+00:00,29977.53719320213,29989.25720188116,29972.3423430533,29977.981262356865,853
2025-05-07 09:32:00+00:00,29978.8353217784,29984.505563358955,29977.019146018447,29978.011119651354,993
2025-05-07 09:33:00+00:00,29978.29318256154,29978.40050159064,29967.30849271274,29977.3158562502,812
2025-05-07 09:34:00+00:00,29977.81627964614,29997.801240793717,29977.5395658419,29977.68745725889,896
2025-05-07 09:35:00+00:00,29978.64493745093,29996.280998725455,29958.72066478104,29978.383247427108,638
2025-05-07 09:36:00+00:00,29978.123901157385,29994.185753641836,29974.775432032355,29976.157975747985,417
2025-05-07 09:37:00+00:00,29977.166776156697,29996.93515264796,29969.894442054614,29977.32099487804,237
2025-05-07 09:38:00+00:00,29976.337204302414,29982.414595787468,29966.487278431858,29976.62085245304,298
2025-05-07 09:39:00+00:00,29977.33379720753,29980.615482106143,29971.842585810253,29978.85976945782,431
2025-05-07 09:40:00+00:00,29975.194931072307,29990.044283928582,29959.70196878583,29975.621569725514,875
2025-05-07 09:41:00+00:00,29972.763528649488,29977.709175946246,29970.471521831547,29972.803956454958,597
2025-05-07 09:42:00+00:00,29972.31838140273,29980.85436533139,29971.674123336434,29971.640196728124,156
2025-05-07 09:43:00+00:00,29972.682673582887,29976.410484680826,29955.75088095813,29971.77701022875,618
2025-05-07 09:44:00+00:00,29973.337845100046,29989.455772858357,29957.55527339784,29972.406598079968,235
2025-05-07 09:45:00+00:00,29972.28698662119,29989.42883448294,29960.655801439087,29971.933019581676,460
2025-05-07 09:46:00+00:00,29972.25167589958,29978.727326270375,29956.82999835092,29973.170552268377,407
2025-05-07 09:47:00+00:00,29971.85444990655,29990.44921855393,29956.26801940893,29972.08152619054,389
2025-05-07 09:48:00+00:00,29971.82258155975,29980.358840767218,29952.524176896408,29970.63767154576,491
2025-05-07 09:49:00+00:00,29972.138194391613,29982.253280158526,29968.76102211267,29970.62107389817,951
2025-05-07 09:50:00+00:00,29971.793920981992,29981.54724521039,29966.68703658329,29969.938643276484,529
2025-05-07 09:51:00+00:00,29973.626596868922,29980.584654864288,29971.52608208149,29972.264282232925,450
2025-05-07 09:52:00+00:00,29973.672462111575,29978.47642312195,29973.39013073461,29973.98501110587,773
2025-05-07 09:53:00+00:00,29974.8544836903,29993.129388161593,29967.403717060188,29975.214596242404,256
2025-05-07 09:54:00+00:00,29976.511021646187,29984.299684548318,29969.277671128006,29975.71527440389,231
2025-05-07 09:55:00+00:00,29974.394454475554,29974.823787244903,29958.852043781088,29975.03931797812,270
2025-05-07 09:56:00+00:00,29974.977233445457,29984.985315982394,29964.913776401783,29975.05023903818,873
2025-05-07 09:57:00+00:00,29974.807297259646,29977.4248148539,29970.168241459905,29975.474257871145,955
2025-05-07 09:58:00+00:00,29974.794605354986,29993.121277040824,29960.166626477872,29975.411200031944,319
2025-05-07 09:59:00+00:00,29974.64921094829,29988.031006105884,29963.37642079734,29975.28126428737,861
2025-05-07 10:00:00+00:00,29973.696357641657,29988.362036305512,29966.876600999414,29974.03653594741,777
2025-05-07 10:01:00+00:00,29973.8652310862,29987.378269937322,29960.302391910598,29974.269737437317,703
2025-05-07 10:02:00+00:00,29973.11002897814,29984.219270442758,29972.944324988053,29974.420637231528,977
2025-05-07 10:03:00+00:00,29972.972844418626,29982.019990168053,29971.25060850505,29973.708423623033,953
2025-05-07 10:04:00+00:00,29972.39781477576,29985.18382858711,29959.8816795554,29972.422920107274,948
2025-05-07 10:05:00+00:00,29970.93213877771,29974.874382115515,29964.008872114944,29971.929694779858,291
2025-05-07 10:06:00+00:00,29968.720447792693,29986.798644996292,29961.552388201908,29968.026118435595,345
2025-05-07 10:07:00+00:00,29968.22036609317,29968.706275326265,29955.161925801833,29968.792605362163,302
2025-05-07 10:08:00+00:00,29967.935524599623,29983.044113404354,29956.7323453221,29968.4721132283,564
2025-05-07 10:09:00+00:00,29966.26146332128,29967.694699644922,29948.24814029197,29967.310922235407,527
2025-05-07 10:10:00+00:00,29968.75438540419,29971.864386361558,29963.005990646376,29969.52435047778,340
2025-05-07 10:11:00+00:00,29968.966518108333,29970.074990944617,29961.346671468757,29968.73973003865,404
2025-05-07 10:12:00+00:00,29968.461310771745,29983.97759478979,29949.53144193984,29968.165795203167,159
2025-05-07 10:13:00+00:00,29968.320030388357,29979.40861997432,29959.444642370217,29967.13956776901,548
2025-05-07 10:14:00+00:00,29969.140848477666,29982.2465597338,29949.301376059684,29969.836927472308,652
2025-05-07 10:15:00+00:00,29968.822475456105,29981.348581392707,29967.229304282606,29969.495061439742,956
2025-05-07 10:16:00+00:00,29969.44118534112,29976.096702985476,29951.699853995593,29970.688732655493,153
2025-05-07 10:17:00+00:00,29970.569967257645,29987.512960019016,29954.405037221986,29970.169670088344,109
2025-05-07 10:18:00+00:00,29970.111058351948,29986.64503640931,29966.56470937535,29970.288997136497,838
2025-05-07 10:19:00+00:00,29971.341674014187,29987.107681075726,29959.73155009808,29970.962770315145,834
2025-05-07 10:20:00+00:00,29970.12488355425,29977.31358326092,29951.034609954862,29969.225361423927,174
2025-05-07 10:21:00+00:00,29969.159307375678,29976.578025136052,29966.74068358982,29970.309632292956,857
2025-05-07 10:22:00+00:00,29969.169536101403,29983.59141161771,29968.981111476718,29969.288515470624,678
2025-05-07 10:23:00+00:00,29968.70887872854,29985.63684304315,29956.388693974583,29968.981134315578,991
2025-05-07 10:24:00+00:00,29970.280992395616,29976.266582568325,29965.27774885563,29970.03546147194,735
2025-05-07 10:25:00+00:00,29970.22990963683,29971.32591548847,29961.79705505191,29970.351051531477,697
2025-05-07 10:26:00+00:00,29969.37781815705,29975.450342012784,29955.139316709327,29968.582110601885,558
2025-05-07 10:27:00+00:00,29971.446976468054,29984.689256366844,29960.049225953706,29971.618009284615,891
2025-05-07 10:28:00+00:00,29970.84824716347,29990.2385352436,29966.345070961273,29971.719006991392,408
2025-05-07 10:29:00+00:00,29971.076426831733,29989.708795439117,29965.27815512591,29970.376204353342,187
2025-05-07 10:30:00+00:00,29970.533314787892,29989.035128115967,29955.206160823585,29971.232828289685,884
2025-05-07 10:31:00+00:00,29970.037348181286,29972.606223863393,29963.20917963809,29969.509042420497,528
2025-05-07 10:32:00+00:00,29969.815995446443,29974.15766628842,29962.064224911584,29970.225576876986,871
2025-05-07 10:33:00+00:00,29970.43574801454,29979.576481836957,29964.368381391752,29970.444015562447,185
2025-05-07 10:34:00+00:00,29968.424727547466,29975.92767433014,29953.080808879473,29967.753295353206,887
2025-05-07 10:35:00+00:00,29967.823441541812,29977.383841284976,29966.27573026367,29966.8734838573,642
2025-05-07 10:36:00+00:00,29968.373205933498,29979.644351163468,29967.842085665332,29967.184970634033,516
2025-05-07 10:37:00+00:00,29967.72423665948,29980.516571764707,29956.593764703684,29967.182515888293,786
2025-05-07 10:38:00+00:00,29966.540753447964,29971.437522464523,29948.31819351606,29966.716321749787,144
2025-05-07 10:39:00+00:00,29965.43289071633,29976.268340654948,29959.04730767625,29965.1750664239,994
2025-05-07 10:40:00+00:00,29965.430036085414,29984.16667798564,29948.236592117533,29966.228662046462,809
2025-05-07 10:41:00+00:00,29966.792043423622,29972.656969648942,29958.316028651345,29966.617945315014,751
2025-05-07 10:42:00+00:00,29966.56001559198,29970.185474956685,29955.348511241147,29967.47168483404,648
2025-05-07 10:43:00+00:00,29966.730118449246,29973.63418117697,29962.01817101651,29967.931525550244,990
2025-05-07 10:44:00+00:00,29965.283543676338,29980.84818011126,29960.081295238302,29963.4483494276,296
2025-05-07 10:45:00+00:00,29964.502123267426,29974.2997704316,29953.916103773037,29963.930150763175,657
2025-05-07 10:46:00+00:00,29964.697813890998,29982.74582498693,29955.23954176899,29964.53825185907,108
2025-05-07 10:47:00+00:00,29965.018751717274,29973.860259306606,29950.57426397446,29966.13485794431,834
2025-05-07 10:48:00+00:00,29964.552699716478,29976.899061347813,29948.229841766253,29965.335391208726,986
2025-05-07 10:49:00+00:00,29964.821544778406,29978.419599895045,29956.166822793304,29964.50433033617,241
2025-05-07 10:50:00+00:00,29964.32228183746,29965.27652201122,29944.939335146795,29965.39093884346,903
2025-05-07 10:51:00+00:00,29963.8993069341,29966.237938337734,29960.390000372576,29963.86974467503,791
2025-05-07 10:52:00+00:00,29963.897727987678,29983.623034077973,29959.722840320286,29964.169025253268,729
2025-05-07 10:53:00+00:00,29963.79425424562,29965.281399132,29944.701362560503,29964.069538838252,945
2025-05-07 10:54:00+00:00,29964.71797824194,29964.996477897104,29952.365491035474,29965.614458827502,617
2025-05-07 10:55:00+00:00,29965.02247786752,29982.401271699346,29952.739402165204,29964.881423435618,706
2025-05-07 10:56:00+00:00,29965.401958259252,29984.65424097314,29951.806865231305,29967.16388187843,906
2025-05-07 10:57:00+00:00,29963.660205042277,29967.489588442448,29962.25693740259,29962.92203480581,359
2025-05-07 10:58:00+00:00,29961.798218860833,29972.316190766807,29952.506470825447,29961.79938051533,556
2025-05-07 10:59:00+00:00,29962.536482463976,29971.7963512278,29947.40753938816,29962.884978932452,491
2025-05-07 11:00:00+00:00,29960.727832129083,29973.361446618143,29945.02516460412,29960.0489472518,390
2025-05-07 11:01:00+00:00,29963.16495333789,29981.259226701095,29950.884739461955,29961.677413165085,624
2025-05-07 11:02:00+00:00,29964.414867140862,29974.887361042212,29964.212692318346,29964.9529262501,353
2025-05-07 11:03:00+00:00,29965.889139667383,29979.420175797768,29962.524902459212,29965.863762895548,871
2025-05-07 11:04:00+00:00,29965.364681904666,29971.177223562347,29963.87981092524,29964.9805175899,684
2025-05-07 11:05:00+00:00,29965.48265741189,29971.048916170806,29959.394183927976,29966.29727288926,697
2025-05-07 11:06:00+00:00,29966.751278362866,29980.689493109603,29951.52742757216,29968.351686530048,621
2025-05-07 11:07:00+00:00,29967.221001445134,29969.149452091453,29961.094097889094,29966.399795097816,788
2025-05-07 11:08:00+00:00,29966.959790485904,29986.843467139293,29958.190908028544,29966.039662681935,976
2025-05-07 11:09:00+00:00,29967.41263105128,29978.656099404758,29960.108540366058,29966.607527362088,322
2025-05-07 11:10:00+00:00,29968.21612884062,29982.778524117533,29951.505723043952,29967.632971009116,858
2025-05-07 11:11:00+00:00,29967.56128519251,29968.452520317354,29955.418785813148,29966.952365217723,395
2025-05-07 11:12:00+00:00,29966.88840566471,29980.559508718492,29950.550510191813,29965.239229271894,354
2025-05-07 11:13:00+00:00,29965.641800883026,29970.435431551916,29959.16755828178,29966.90326102862,305
2025-05-07 11:14:00+00:00,29966.08166404448,29981.354321238712,29956.240997062177,29966.46629046049,869
2025-05-07 11:15:00+00:00,29965.046735144086,29971.045821641335,29957.60920542121,29964.19630243171,203
2025-05-07 11:16:00+00:00,29966.037404672214,29966.612385370816,29955.023167683437,29965.940131392155,662
2025-05-07 11:17:00+00:00,29966.373255316204,29973.85289563477,29958.81979689821,29965.37547584541,524
2025-05-07 11:18:00+00:00,29965.846886359348,29985.002566896354,29951.540800921943,29964.662655829386,448
2025-05-07 11:19:00+00:00,29964.848651202534,29983.659577111008,29963.927471109087,29964.117145635384,859
2025-05-07 11:20:00+00:00,29964.70598679996,29977.24921261577,29946.55637654987,29965.945997228955,227
2025-05-07 11:21:00+00:00,29964.467842213282,29981.511514492828,29962.851091921235,29963.905848369785,345
2025-05-07 11:22:00+00:00,29962.606003300534,29977.587442933727,29961.879363009582,29961.199284498085,370
2025-05-07 11:23:00+00:00,29963.46563410936,29964.82186818107,29959.40332207654,29964.248632006565,158
2025-05-07 11:24:00+00:00,29962.96793178233,29980.28015789642,29948.30701979094,29963.41132167084,208
2025-05-07 11:25:00+00:00,29962.818072240912,29971.436612687576,29959.133020969668,29961.590669273584,335
2025-05-07 11:26:00+00:00,29963.141044365973,29977.76308922988,29960.903209926317,29963.36416866097,120
2025-05-07 11:27:00+00:00,29963.230126447786,29973.216292227266,29954.57251421987,29962.39501605448,429
2025-05-07 11:28:00+00:00,29964.141502606297,29977.775569360914,29956.040858451164,29962.809933111777,672
2025-05-07 11:29:00+00:00,29964.603552745797,29972.078827391815,29953.789951988274,29964.688607811844,627
2025-05-07 11:30:00+00:00,29964.416092704447,29972.416302038593,29956.672669918968,29964.098481004366,356
2025-05-07 11:31:00+00:00,29964.818215082625,29980.45248224033,29964.48670536388,29965.628140740697,479
2025-05-07 11:32:00+00:00,29964.828671329673,29975.94967186164,29950.59982795117,29964.88988459609,608
2025-05-07 11:33:00+00:00,29964.106986215847,29967.167580198744,29949.46843971134,29963.408243853482,390
2025-05-07 11:34:00+00:00,29962.971093419546,29977.108744598507,29962.549612109542,29963.239068363226,315
2025-05-07 11:35:00+00:00,29963.69527485712,29981.779430655333,29949.33749902086,29965.11335574447,910
2025-05-07 11:36:00+00:00,29964.32708966957,29979.565545206122,29957.149472644633,29965.752821220365,442
2025-05-07 11:37:00+00:00,29964.7270608652,29981.06393377669,29954.277302902494,29964.77359200027,149
2025-05-07 11:38:00+00:00,29965.699702828388,29976.258186031468,29946.128220029055,29965.904386412432,257
2025-05-07 11:39:00+00:00,29965.250548807406,29970.7331542102,29949.280240029984,29964.35586470538,760
2025-05-07 11:40:00+00:00,29964.812358793573,29975.46731547308,29948.95677821483,29964.256468316682,893
2025-05-07 11:41:00+00:00,29966.20955567819,29968.845717675904,29964.99105172561,29964.727820244403,949
2025-05-07 11:42:00+00:00,29967.490863561743,29971.417611557896,29948.322918771835,29966.110359621285,273
2025-05-07 11:43:00+00:00,29966.576921070042,29977.494617150176,29956.127714961443,29967.304564666032,746
2025-05-07 11:44:00+00:00,29966.42384149885,29983.99769860463,29955.097853511317,29967.45924651866,755
2025-05-07 11:45:00+00:00,29969.30599345253,29985.009080501317,29952.605454469154,29968.13002425441,590
2025-05-07 11:46:00+00:00,29970.828457938213,29976.561579527428,29959.377900328003,29972.658663954688,371
2025-05-07 11:47:00+00:00,29968.573049178958,29973.662734293568,29955.060561570095,29966.01066084626,141
2025-05-07 11:48:00+00:00,29970.10988619067,29976.876844596176,29959.577203459394,29970.291570860314,507
2025-05-07 11:49:00+00:00,29969.463560630473,29977.829604196028,29957.09041982695,29970.717656372104,688
2025-05-07 11:50:00+00:00,29969.89071706401,29973.844255301145,29968.12851856847,29971.761729066024,208
2025-05-07 11:51:00+00:00,29968.911357403398,29976.372732425203,29959.899603336973,29968.77388661802,494
2025-05-07 11:52:00+00:00,29969.214138039843,29988.963757686834,29959.698922334122,29969.788161455584,672
2025-05-07 11:53:00+00:00,29969.509425433713,29971.57732108223,29964.80423732766,29969.0041407492,977
2025-05-07 11:54:00+00:00,29968.32222218758,29986.608566322167,29964.37050649162,29969.907318982838,572
2025-05-07 11:55:00+00:00,29968.607279815664,29979.74010651332,29964.60389821264,29967.110512048777,672
2025-05-07 11:56:00+00:00,29969.37917902011,29977.320161751875,29957.55007841027,29968.85799809824,450
2025-05-07 11:57:00+00:00,29970.49961696068,29976.234942749892,29957.335969416865,29970.017211281574,803
2025-05-07 11:58:00+00:00,29970.604477645964,29975.930568869906,29966.783338587124,29970.462893786484,487
2025-05-07 11:59:00+00:00,29969.888598227037,29976.571760980096,29968.373863665413,29968.82139289038,366
2025-05-07 12:00:00+00:00,29969.35121729559,29971.20307880813,29962.965742765024,29966.945823426195,819
2025-05-07 12:01:00+00:00,29969.786808078494,29972.089017536553,29963.33249501067,29971.000974338454,960
2025-05-07 12:02:00+00:00,29969.486313646674,29985.45140832822,29956.22276600195,29970.24831501002,343
2025-05-07 12:03:00+00:00,29968.930656254415,29980.727155549634,29962.36548127938,29969.1595129546,158
2025-05-07 12:04:00+00:00,29970.271679771016,29988.149307687134,29965.376699940818,29969.361839308818,545
2025-05-07 12:05:00+00:00,29969.61981617215,29977.13941339831,29968.95709196902,29968.447397753524,784
2025-05-07 12:06:00+00:00,29970.25282809172,29979.832748972218,29966.918136720804,29971.831172776547,959
2025-05-07 12:07:00+00:00,29971.06957806425,29983.60563847923,29962.458421814823,29970.88713719867,104
2025-05-07 12:08:00+00:00,29970.413022801975,29978.985281320307,29964.212325489298,29969.175952506634,863
2025-05-07 12:09:00+00:00,29970.130629153,29988.768224863255,29962.9388058646,29968.734205290733,561
2025-05-07 12:10:00+00:00,29970.670760969333,29979.470413125142,29952.69285839879,29970.093953742326,488
2025-05-07 12:11:00+00:00,29969.75138279456,29974.893325992707,29957.832998866696,29970.76284878805,635
2025-05-07 12:12:00+00:00,29970.15139675846,29984.585837866256,29957.87861696964,29971.87466099943,206
2025-05-07 12:13:00+00:00,29968.88160034602,29976.403750339967,29963.831653038003,29967.766838145813,491
2025-05-07 12:14:00+00:00,29968.556478280163,29980.278794426187,29961.902962969827,29969.091538861147,956
2025-05-07 12:15:00+00:00,29969.228309714334,29972.5719551546,29955.08612869157,29967.292754688915,894
2025-05-07 12:16:00+00:00,29966.2425086024,29979.524053111043,29958.85564959938,29967.330650126463,956
2025-05-07 12:17:00+00:00,29966.401759847737,29968.066409829273,29952.045237208607,29964.858042381486,640
2025-05-07 12:18:00+00:00,29965.518782188934,29965.84540527916,29958.10011913772,29965.328602190686,687
2025-05-07 12:19:00+00:00,29965.53667681855,29980.30310147558,29948.376221116905,29965.493073041987,781
2025-05-07 12:20:00+00:00,29966.373414738144,29971.672788147353,29955.046323290906,29967.18148918445,988
2025-05-07 12:21:00+00:00,29966.50690212599,29971.167780223066,29954.952849117093,29965.24432186279,454
2025-05-07 12:22:00+00:00,29966.25279900744,29978.73922233848,29964.799519027376,29966.72560676922,102
2025-05-07 12:23:00+00:00,29964.400682342708,29977.55971500663,29960.579618462765,29962.41352885154,867
2025-05-07 12:24:00+00:00,29965.57099751224,29977.95325863444,29957.101917023632,29965.720307623254,335
2025-05-07 12:25:00+00:00,29965.579887332584,29966.766313664433,29956.97793757814,29966.446616456957,410
2025-05-07 12:26:00+00:00,29964.902893124712,29965.605804609648,29960.144481273557,29963.541810428895,987
2025-05-07 12:27:00+00:00,29966.428714553378,29976.1662363524,29965.94836623593,29966.775075430985,256
2025-05-07 12:28:00+00:00,29966.524048117917,29982.78532439257,29960.99949828372,29968.093671372397,622
2025-05-07 12:29:00+00:00,29967.420093320696,29980.268287132923,29957.35325257161,29965.00934094566,435
2025-05-07 12:30:00+00:00,29967.943046169006,29976.35441093003,29961.240909251002,29967.791978478926,564
2025-05-07 12:31:00+00:00,29967.86438667024,29978.765904241285,29948.8913588411,29967.981475643133,914
2025-05-07 12:32:00+00:00,29967.457153848616,29978.92089228625,29955.43664826954,29969.02310460647,783
2025-05-07 12:33:00+00:00,29966.22681444776,29973.265794499508,29960.82287233326,29967.01351703452,308
2025-05-07 12:34:00+00:00,29965.125345146847,29978.72249529966,29947.094724498795,29966.67560833663,510
2025-05-07 12:35:00+00:00,29967.961073611714,29980.890139633273,29950.4932612992,29967.492983709115,876
2025-05-07 12:36:00+00:00,29968.919431202532,29976.26293749918,29950.950069326842,29967.655703161105,474
2025-05-07 12:37:00+00:00,29968.921226235027,29975.480638246878,29960.826299370936,29970.36523936271,854
2025-05-07 12:38:00+00:00,29969.106398935917,29969.675589925915,29965.342972339313,29970.84526877093,602
2025-05-07 12:39:00+00:00,29968.355783583032,29972.805978860917,29957.962773987656,29966.64813123227,213
2025-05-07 12:40:00+00:00,29968.25212491811,29974.89066733336,29957.249589578736,29969.302769755504,379
2025-05-07 12:41:00+00:00,29969.698125267325,29975.398918739273,29961.73219473728,29968.84597480279,988
2025-05-07 12:42:00+00:00,29971.353418844268,29988.56910298994,29960.45216775341,29971.656055287338,867
2025-05-07 12:43:00+00:00,29970.681503232838,29974.666017878222,29965.50194208728,29970.28478164326,897
2025-05-07 12:44:00+00:00,29971.523225253954,29989.08976183407,29968.971415722153,29972.480765403256,313
2025-05-07 12:45:00+00:00,29970.428904489087,29972.0350278339,29960.000384644583,29970.91288861394,109
2025-05-07 12:46:00+00:00,29971.350868101086,29978.689613837698,29962.22078988788,29971.90430804232,700
2025-05-07 12:47:00+00:00,29969.63802080813,29985.653408652593,29956.94006852375,29968.66174345736,367
2025-05-07 12:48:00+00:00,29972.08679889671,29985.34684096517,29971.903932352026,29971.969098723228,156
2025-05-07 12:49:00+00:00,29971.480784175666,29983.990924442627,29960.248648810815,29973.419851312225,297
2025-05-07 12:50:00+00:00,29972.964028905364,29974.159998569598,29964.036208747253,29971.763149923943,119
2025-05-07 12:51:00+00:00,29972.162711298093,29988.853390904824,29953.496868937815,29971.61568085335,644
2025-05-07 12:52:00+00:00,29970.548745083226,29974.01292704494,29970.42135102805,29969.556513007545,731
2025-05-07 12:53:00+00:00,29968.741870484286,29969.64519351451,29959.52759302222,29969.762364116516,904
2025-05-07 12:54:00+00:00,29970.219233420878,29976.010100980588,29961.20586102227,29971.896286613206,320
2025-05-07 12:55:00+00:00,29971.76104741705,29980.550161348332,29969.91585475386,29973.24523221958,272
2025-05-07 12:56:00+00:00,29970.69805830124,29976.339689107084,29956.732594490455,29970.80712454726,290
2025-05-07 12:57:00+00:00,29971.534961661728,29978.790350934116,29964.71705486604,29973.569312712552,689
2025-05-07 12:58:00+00:00,29971.895242493792,29977.676960138924,29962.477966522965,29971.43765181085,245
2025-05-07 12:59:00+00:00,29970.601240904292,29974.848283014853,29968.787559393397,29970.373511775324,556
2025-05-07 13:00:00+00:00,29970.683911462467,29979.099588948713,29970.257794417892,29971.267008897685,743
2025-05-07 13:01:00+00:00,29971.56967987213,29973.571439050167,29964.307099482787,29971.25435756646,714
2025-05-07 13:02:00+00:00,29971.024527307723,29988.38717750654,29963.95983751022,29970.034143667108,450
2025-05-07 13:03:00+00:00,29970.117904127655,29976.29793922312,29950.352857480506,29971.517127171108,594
2025-05-07 13:04:00+00:00,29968.752346398065,29971.98903587941,29962.17331603075,29967.776641344644,407
2025-05-07 13:05:00+00:00,29969.412348659152,29982.458254233858,29950.613288524273,29968.630958907368,748
2025-05-07 13:06:00+00:00,29969.320022941298,29976.267547428593,29957.71498875806,29971.319987276132,679
2025-05-07 13:07:00+00:00,29968.936039543416,29981.432117847427,29958.409574602323,29969.13936991362,743
2025-05-07 13:08:00+00:00,29967.771980631576,29981.56724077826,29966.218016315648,29968.050880589115,752
2025-05-07 13:09:00+00:00,29967.76099312528,29978.0034555038,29965.875174548397,29968.282903733176,765
2025-05-07 13:10:00+00:00,29967.132869047033,29973.156064220915,29960.330838566224,29967.595684932807,284
2025-05-07 13:11:00+00:00,29968.893262754817,29971.943451153013,29966.571478545866,29969.284778154222,631
2025-05-07 13:12:00+00:00,29969.985764577683,29981.689948638465,29968.79423920584,29969.183651793075,527
2025-05-07 13:13:00+00:00,29970.966353853557,29988.52875083183,29966.254279877314,29970.72124522996,491
2025-05-07 13:14:00+00:00,29972.241679834966,29985.371972175904,29966.10116433127,29972.388025038366,323
2025-05-07 13:15:00+00:00,29972.280856004432,29982.501673702463,29969.76130819963,29973.026211882254,679
2025-05-07 13:16:00+00:00,29972.958526929764,29985.500013628724,29969.91882348755,29973.999353877178,735
2025-05-07 13:17:00+00:00,29971.744246843748,29980.72996575054,29956.649826148587,29971.73591728506,972
2025-05-07 13:18:00+00:00,29972.347831707215,29973.049995572746,29963.4970955736,29974.802962894883,399
2025-05-07 13:19:00+00:00,29972.524748244487,29974.96432093497,29960.904546806778,29971.274448551285,466
2025-05-07 13:20:00+00:00,29971.38197309387,29979.368943719855,29965.941472108232,29972.262189756202,655
2025-05-07 13:21:00+00:00,29970.957371909764,29973.459384057245,29952.400774262904,29969.60209239559,264
2025-05-07 13:22:00+00:00,29970.094814098655,29975.01488657909,29957.00241171275,29971.048636442632,749
2025-05-07 13:23:00+00:00,29968.786542820573,29979.371866215333,29964.97874814722,29967.65585734764,387
2025-05-07 13:24:00+00:00,29968.651853292144,29971.951561844144,29961.635773696722,29969.353634618135,314
2025-05-07 13:25:00+00:00,29968.844719796074,29984.958144134413,29960.378799987197,29970.359418348093,319
2025-05-07 13:26:00+00:00,29969.483163940804,29981.163221537223,29964.517503033137,29970.27440161318,442
2025-05-07 13:27:00+00:00,29970.39602789804,29972.121727558744,29968.607720162025,29968.880756360122,171
2025-05-07 13:28:00+00:00,29969.821677121083,29975.20207923645,29957.43352123397,29969.608496744637,982
2025-05-07 13:29:00+00:00,29970.585066574382,29971.983907528134,29956.57226418288,29970.923216377483,944
2025-05-07 13:30:00+00:00,29970.569362337967,29970.911334533543,29969.084756212116,29970.29770093397,153
2025-05-07 13:31:00+00:00,29969.504772221317,29971.060093679578,29961.018170046318,29970.35081884407,538
2025-05-07 13:32:00+00:00,29968.964340832867,29979.842620937965,29966.638086889347,29968.33939278954,685
2025-05-07 13:33:00+00:00,29968.91149830736,29985.254197698752,29961.16588428885,29970.870284751345,797
2025-05-07 13:34:00+00:00,29970.209561306867,29971.048760720478,29952.678301505977,29969.880769796295,853
2025-05-07 13:35:00+00:00,29967.81204262222,29982.887676181577,29956.549551475713,29965.91167813832,904
2025-05-07 13:36:00+00:00,29970.030010305327,29976.387024323358,29967.45312118141,29970.730683624482,845
2025-05-07 13:37:00+00:00,29971.689590944792,29988.619364651473,29965.601437941812,29972.530294378626,548
2025-05-07 13:38:00+00:00,29972.05248143742,29985.776887268843,29966.09265850766,29971.431044847108,718
2025-05-07 13:39:00+00:00,29972.035388979515,29972.329696158835,29964.524197800492,29973.398739738255,520
2025-05-07 13:40:00+00:00,29970.84370357036,29974.301914243617,29954.005550476413,29971.474807450544,828
2025-05-07 13:41:00+00:00,29973.29118535128,29978.083583282536,29966.231748628736,29971.939330209316,225
2025-05-07 13:42:00+00:00,29973.348817603517,29987.105250999386,29961.069143471017,29973.593762241795,996
2025-05-07 13:43:00+00:00,29973.44715632828,29988.30173051316,29954.176734426183,29974.609417236392,640
2025-05-07 13:44:00+00:00,29973.564888755558,29983.63938309849,29959.209212025737,29972.810982732186,152
2025-05-07 13:45:00+00:00,29973.27921586251,29985.97113547213,29969.143293698493,29973.20738994121,161
2025-05-07 13:46:00+00:00,29974.162121272224,29983.58549958483,29972.41781885135,29973.54237625992,675
2025-05-07 13:47:00+00:00,29972.909473076903,29986.524361597025,29972.84625078534,29972.389546158793,219
2025-05-07 13:48:00+00:00,29971.667948092803,29982.818088811433,29960.06531616172,29971.653368335752,995
2025-05-07 13:49:00+00:00,29970.017975084276,29976.49767330473,29954.187866684926,29970.550031123494,895
2025-05-07 13:50:00+00:00,29969.568754655378,29971.728389804306,29966.8347825456,29970.377107081975,396
2025-05-07 13:51:00+00:00,29971.001807769335,29982.82746660389,29954.725293690823,29971.440440170278,176
2025-05-07 13:52:00+00:00,29972.507917379324,29977.870982514218,29953.8711838949,29972.411673801187,889
2025-05-07 13:53:00+00:00,29973.478461495783,29986.31633605211,29962.458126830505,29974.72515885112,655
2025-05-07 13:54:00+00:00,29972.965246189404,29975.112094137865,29957.89953237593,29974.846801805885,185
2025-05-07 13:55:00+00:00,29972.499679032848,29975.288597874718,29965.95952583258,29971.796513962363,264
2025-05-07 13:56:00+00:00,29972.009842813677,29990.597578959932,29970.402247726608,29971.8595277658,658
2025-05-07 13:57:00+00:00,29973.04943836218,29985.322733671706,29957.660938895933,29973.29074717033,717
2025-05-07 13:58:00+00:00,29974.423017594523,29991.13816705203,29966.170852751602,29974.87085880742,976
2025-05-07 13:59:00+00:00,29974.435744330207,29978.856990471046,29965.899516621732,29974.41726060331,350
2025-05-07 14:00:00+00:00,29972.565728854595,29986.440345091494,29969.356966244577,29972.73461753779,943
2025-05-07 14:01:00+00:00,29972.78759163696,29980.286798552606,29960.766198875124,29972.426603043972,610
2025-05-07 14:02:00+00:00,29974.12410611164,29977.212926992423,29954.46478398249,29972.01394917487,803
2025-05-07 14:03:00+00:00,29973.4898091629,29981.649130149817,29971.978683957997,29971.534383343795,756
2025-05-07 14:04:00+00:00,29974.652745364292,29983.237035204373,29964.36939446812,29973.793197708103,690
2025-05-07 14:05:00+00:00,29974.0503167418,29980.066038301837,29959.272844461528,29974.05815301034,674
2025-05-07 14:06:00+00:00,29974.883478360898,29988.866200137396,29974.445555325405,29973.7946756777,345
2025-05-07 14:07:00+00:00,29975.46383252217,29978.975060987785,29969.39792227857,29976.89882316667,735
2025-05-07 14:08:00+00:00,29976.597172985996,29992.15437669149,29962.22235055074,29975.82119112388,975
2025-05-07 14:09:00+00:00,29975.241830967083,29980.822880457068,29966.243872039853,29976.438564486198,437
2025-05-07 14:10:00+00:00,29974.76907975989,29985.53293034869,29973.23534086819,29974.586998448747,698
2025-05-07 14:11:00+00:00,29975.336400852084,29994.70765529261,29969.454044553473,29976.891199603015,652
2025-05-07 14:12:00+00:00,29974.229094611776,29974.691208225227,29959.54572983894,29974.38399108327,972
2025-05-07 14:13:00+00:00,29973.45418881698,29981.06643500478,29963.247255405644,29972.63303061001,552
2025-05-07 14:14:00+00:00,29974.456440774826,29980.316213482107,29960.80088600534,29973.9518303883,907
2025-05-07 14:15:00+00:00,29973.70354720422,29982.394420106288,29959.232641859537,29974.48358934453,807
2025-05-07 14:16:00+00:00,29973.602326483724,29977.04064238567,29970.803681448902,29973.37803905792,270
2025-05-07 14:17:00+00:00,29973.163645515666,29992.778637335454,29970.36547946437,29973.714320868676,169
2025-05-07 14:18:00+00:00,29972.552193994128,29984.100536950788,29967.930850820245,29972.551529569657,901
2025-05-07 14:19:00+00:00,29971.675299124836,29991.109432659952,29962.322039031493,29973.39534287966,813
2025-05-07 14:20:00+00:00,29970.500513647115,29984.652287494762,29951.547475384967,29972.90586088179,479
2025-05-07 14:21:00+00:00,29969.998721234995,29983.02405612251,29968.51391948945,29972.273048244326,751
2025-05-07 14:22:00+00:00,29969.91657910362,29977.200230674545,29951.92452173982,29969.204074024183,519
2025-05-07 14:23:00+00:00,29970.69096475603,29976.952449652614,29963.544103362936,29969.70534188602,277
2025-05-07 14:24:00+00:00,29969.175842946384,29978.545517804236,29954.67308240016,29968.00010623811,390
2025-05-07 14:25:00+00:00,29969.42897754801,29980.246685897047,29960.488570098303,29970.815069894263,129
2025-05-07 14:26:00+00:00,29970.890362653878,29980.43605880938,29953.242556047364,29970.551039679045,676
2025-05-07 14:27:00+00:00,29970.639812288722,29979.41673806055,29954.644312691653,29971.98265252272,711
2025-05-07 14:28:00+00:00,29970.935676645026,29971.999543549347,29963.16007676627,29971.15559570629,224
2025-05-07 14:29:00+00:00,29970.73726858594,29973.16638324733,29961.180206045992,29971.38661856082,420
2025-05-07 14:30:00+00:00,29969.058652511016,29988.508397273366,29956.351595716707,29968.6223515095,186
2025-05-07 14:31:00+00:00,29968.687753294023,29987.913439113418,29956.489538889535,29967.23523390139,146
2025-05-07 14:32:00+00:00,29967.210605122447,29981.21829536287,29957.679114817805,29967.468074828797,856
2025-05-07 14:33:00+00:00,29967.337469040933,29979.469624107533,29966.4274323577,29968.43774692252,255
2025-05-07 14:34:00+00:00,29968.463493747295,29987.324659993268,29959.84021426327,29966.015578498624,488
2025-05-07 14:35:00+00:00,29969.317775765412,29979.293002962593,29949.371711191154,29970.328662530756,903
2025-05-07 14:36:00+00:00,29968.81249034684,29969.448808951616,29955.923016463625,29970.52606191288,869
2025-05-07 14:37:00+00:00,29969.91599550964,29974.3675311767,29952.067905725435,29969.831004898584,880
2025-05-07 14:38:00+00:00,29969.881819274375,29980.542254126056,29954.793873387174,29969.36751273405,353
2025-05-07 14:39:00+00:00,29968.567819795884,29985.960031037648,29960.91916479256,29970.611491822452,740
2025-05-07 14:40:00+00:00,29969.834562248736,29975.005611901513,29954.549728644542,29971.017817489173,488
2025-05-07 14:41:00+00:00,29970.387665543414,29981.769242364277,29965.09701963466,29971.651649653882,556
2025-05-07 14:42:00+00:00,29968.549397974646,29976.539127272026,29959.130084409764,29967.205332790636,986
2025-05-07 14:43:00+00:00,29969.997543471236,29983.572938923364,29957.81751291763,29967.91758772305,886
2025-05-07 14:44:00+00:00,29969.283588168502,29970.141565893202,29954.504639256986,29969.790580556008,833
2025-05-07 14:45:00+00:00,29969.99752810727,29983.891179577924,29964.395160905937,29970.617727433753,173
2025-05-07 14:46:00+00:00,29969.747189069567,29981.393509013214,29956.795671633034,29969.78905717308,742
2025-05-07 14:47:00+00:00,29971.120050502916,29976.627233968047,29954.32985042668,29971.963865800437,854
2025-05-07 14:48:00+00:00,29969.705356977083,29971.07126421868,29960.832387560968,29970.158911070423,764
2025-05-07 14:49:00+00:00,29970.5343470627,29975.92937958335,29958.198346656038,29970.482463302946,589
2025-05-07 14:50:00+00:00,29972.738255659475,29980.07988557802,29955.08725282893,29972.03152610322,567
2025-05-07 14:51:00+00:00,29972.95165908005,29978.36522766057,29972.17460331779,29971.725929287262,749
2025-05-07 14:52:00+00:00,29970.14705664998,29986.244176500302,29958.59059558276,29968.566743431835,742
2025-05-07 14:53:00+00:00,29971.998656750595,29980.177876615257,29955.93707111188,29973.637117533,571
2025-05-07 14:54:00+00:00,29972.951276817843,29979.040265031195,29966.948922473624,29974.817394632733,798
2025-05-07 14:55:00+00:00,29973.181007487896,29990.43286573629,29964.363570478636,29973.46481955469,909
2025-05-07 14:56:00+00:00,29972.916589772685,29980.998999273237,29960.08142937481,29973.611841136273,668
2025-05-07 14:57:00+00:00,29971.403093434812,29980.120789984903,29952.565861287167,29970.336114443777,426
2025-05-07 14:58:00+00:00,29972.333124383644,29990.531947592564,29952.72652414059,29972.15049284845,770
2025-05-07 14:59:00+00:00,29971.14675597316,29975.945045132787,29967.908226150896,29972.56095180048,130
2025-05-07 15:00:00+00:00,29970.4466343785,29989.333754478434,29962.07319902374,29970.531352849688,485
2025-05-07 15:01:00+00:00,29969.130126101107,29981.02303318424,29962.909357633467,29967.69814270022,834
2025-05-07 15:02:00+00:00,29968.263733063828,29978.499025927504,29957.22878356498,29969.773854559444,477
2025-05-07 15:03:00+00:00,29968.059328623167,29978.95800289895,29954.10189609064,29968.46479510532,656
2025-05-07 15:04:00+00:00,29969.118689103587,29972.558428549524,29951.213808622906,29969.909097571865,198
2025-05-07 15:05:00+00:00,29967.967098559577,29973.478464189033,29953.23470799927,29967.54241796721,975
2025-05-07 15:06:00+00:00,29967.2538999163,29976.96720432893,29961.000734802066,29966.549440916555,412
2025-05-07 15:07:00+00:00,29966.686130768747,29986.537992286056,29948.81202635253,29967.529420169285,824
2025-05-07 15:08:00+00:00,29966.283553905905,29974.251547633346,29966.004496484456,29966.498215968048,630
2025-05-07 15:09:00+00:00,29965.813699188024,29982.9389870023,29954.670310544076,29966.714004604157,790
2025-05-07 15:10:00+00:00,29967.40422515071,29983.74366511424,29954.355673713126,29966.503344677174,502
2025-05-07 15:11:00+00:00,29967.226168541183,29974.547091530614,29952.72707703409,29967.55486256303,745
2025-05-07 15:12:00+00:00,29967.694816532676,29974.588414991988,29958.85162238575,29967.905437595666,292
2025-05-07 15:13:00+00:00,29966.213907419173,29967.300874249333,29957.099225505797,29967.361041879853,979
2025-05-07 15:14:00+00:00,29966.557425560517,29984.180019258027,29950.94998725497,29966.67275204413,452
2025-05-07 15:15:00+00:00,29965.872399516404,29978.352342807048,29948.602447897025,29967.596005897933,284
2025-05-07 15:16:00+00:00,29966.235392187726,29984.18216225731,29961.74477261604,29964.55455624038,782
2025-05-07 15:17:00+00:00,29964.641723570076,29978.884336412237,29960.326315635546,29964.864524583652,598
2025-05-07 15:18:00+00:00,29965.511043302555,29980.73196209831,29950.88404043336,29965.824643579745,818
2025-05-07 15:19:00+00:00,29966.18571702047,29983.37775208714,29955.285898979833,29966.688543797,977
2025-05-07 15:20:00+00:00,29964.712036142006,29984.32839643436,29947.92180486915,29966.052823424525,656
2025-05-07 15:21:00+00:00,29965.230416229097,29981.908269633554,29949.63167289043,29964.02535320263,739
2025-05-07 15:22:00+00:00,29967.087175410343,29975.540860217257,29959.705499668962,29968.58738479204,197
2025-05-07 15:23:00+00:00,29967.195792001578,29984.678543539452,29960.349456940043,29967.086818532214,372
2025-05-07 15:24:00+00:00,29966.52175732591,29976.97851293266,29953.161465282355,29964.567822221758,697
2025-05-07 15:25:00+00:00,29966.105247964562,29978.51498678736,29955.987965055952,29966.107856987943,398
2025-05-07 15:26:00+00:00,29965.427400226105,29978.929397112854,29949.99080864935,29963.7994716995,207
2025-05-07 15:27:00+00:00,29965.895177576578,29982.366294639556,29965.724222103738,29967.32307543229,746
2025-05-07 15:28:00+00:00,29965.738484896698,29965.7670761903,29958.880162436977,29966.867700957053,989
2025-05-07 15:29:00+00:00,29965.397136699838,29980.7167827501,29949.83798778523,29967.060810480307,894
2025-05-07 15:30:00+00:00,29965.73400313663,29967.66075338159,29951.945501156995,29967.14041908686,438
2025-05-07 15:31:00+00:00,29965.916377124515,29971.020627926915,29948.90907027995,29964.940972699547,728
2025-05-07 15:32:00+00:00,29964.919772330682,29981.246174314827,29959.759172988593,29964.564399788855,205
2025-05-07 15:33:00+00:00,29964.01199766309,29976.39095716759,29952.508653926976,29964.729309357648,281
2025-05-07 15:34:00+00:00,29965.01939778248,29973.509122789932,29955.996608986094,29963.691254705544,892
2025-05-07 15:35:00+00:00,29964.966154557234,29973.087135017235,29961.862206927133,29966.567471740724,482
2025-05-07 15:36:00+00:00,29964.568354700685,29970.20119955109,29953.919798390343,29965.174214787792,442
2025-05-07 15:37:00+00:00,29964.419595163385,29983.971893226564,29944.7575958751,29963.127089520032,400
2025-05-07 15:38:00+00:00,29963.203042920028,29968.626071437153,29952.608499495316,29963.997504783838,237
2025-05-07 15:39:00+00:00,29964.1982107323,29982.220940507068,29947.044181983238,29963.78859189087,485
2025-05-07 15:40:00+00:00,29963.241592826806,29978.300535632447,29959.76176600717,29962.80466268885,799
2025-05-07 15:41:00+00:00,29962.196635127955,29981.166158209453,29949.517953359362,29962.746394843325,450
2025-05-07 15:42:00+00:00,29961.069139936222,29977.797459387384,29952.221071008167,29961.728676077633,999
2025-05-07 15:43:00+00:00,29962.010084864396,29968.41660748069,29951.206268469567,29961.69231585169,218
2025-05-07 15:44:00+00:00,29960.48320546238,29977.588240687932,29959.5683561749,29961.08161927096,422
2025-05-07 15:45:00+00:00,29959.53210350486,29979.03996028277,29953.16163959853,29960.18130068587,405
2025-05-07 15:46:00+00:00,29960.196647543886,29978.192493190156,29955.8868395239,29961.393950990187,962
2025-05-07 15:47:00+00:00,29960.880434560804,29967.338254075363,29946.02823384399,29963.039683814302,567
2025-05-07 15:48:00+00:00,29960.91043042906,29979.480636338674,29950.661499642552,29961.034647697605,303
2025-05-07 15:49:00+00:00,29962.140060603633,29965.730844192403,29942.84966906852,29962.989864999392,155
2025-05-07 15:50:00+00:00,29962.553718116797,29980.231978584507,29951.950386284123,29963.805827234268,245
2025-05-07 15:51:00+00:00,29963.089273211455,29978.369297773923,29959.327509521983,29962.874695475704,131
2025-05-07 15:52:00+00:00,29964.01202553009,29970.482120508266,29947.31166185776,29965.85301323981,942
2025-05-07 15:53:00+00:00,29964.597145202795,29973.065675390677,29946.167550267954,29965.07603863077,743
2025-05-07 15:54:00+00:00,29965.875933265885,29977.576730473465,29947.063344560534,29964.42672757676,294
2025-05-07 15:55:00+00:00,29965.16154265466,29965.52524917915,29949.586097053252,29964.72134260224,265
2025-05-07 15:56:00+00:00,29966.709711492633,29977.70127071415,29963.744195106156,29967.547349457545,824
2025-05-07 15:57:00+00:00,29966.110082643416,29974.806086941895,29963.599240323816,29965.981733507684,147
2025-05-07 15:58:00+00:00,29967.58238653019,29970.348317147727,29951.814595617485,29967.89196880795,407
2025-05-07 15:59:00+00:00,29968.36514351233,29973.299034862557,29957.532982867142,29969.544554329856,107
2025-05-07 16:00:00+00:00,29969.635024432748,29972.589707835577,29958.01998663805,29968.004849372628,192
2025-05-07 16:01:00+00:00,29968.933261308073,29983.50997569861,29961.027865567277,29969.30496366359,185
2025-05-07 16:02:00+00:00,29969.32218384147,29969.858720456323,29959.77585923966,29969.17252464637,404
2025-05-07 16:03:00+00:00,29970.60882347573,29986.353637989352,29965.293663980403,29969.520673607403,970
2025-05-07 16:04:00+00:00,29969.347244782228,29980.264096069383,29954.73469751588,29969.614721485985,367
2025-05-07 16:05:00+00:00,29969.909194641714,29981.811972391883,29951.86818710943,29970.589494865726,885
2025-05-07 16:06:00+00:00,29969.365081064458,29988.586390475524,29952.23775816729,29969.893727999985,515
2025-05-07 16:07:00+00:00,29967.83236775077,29968.774752970825,29957.652630160537,29967.46191255279,202
2025-05-07 16:08:00+00:00,29967.92840778285,29976.228812584905,29948.16017539714,29968.544506041344,560
2025-05-07 16:09:00+00:00,29968.610829614707,29984.22342131271,29957.821419131,29967.930173839428,651
2025-05-07 16:10:00+00:00,29969.840493950127,29981.72404466029,29960.180996496656,29968.69535801472,949
2025-05-07 16:11:00+00:00,29971.83545373019,29981.455006993383,29960.91006621188,29972.07097173783,900
2025-05-07 16:12:00+00:00,29971.320273936137,29979.330557684887,29953.786114446106,29971.670256706388,514
2025-05-07 16:13:00+00:00,29971.214695451774,29983.131580039,29957.259225178084,29970.934696768294,565
2025-05-07 16:14:00+00:00,29971.34134764156,29972.112473614143,29964.57269371705,29971.11480468727,762
2025-05-07 16:15:00+00:00,29972.54177997433,29985.188397726815,29958.311029549568,29972.26872167875,725
2025-05-07 16:16:00+00:00,29973.719033647663,29975.439329943187,29953.740724557974,29973.488040225726,248
2025-05-07 16:17:00+00:00,29973.561751232784,29979.131874701943,29969.265265879112,29974.819149910465,142
2025-05-07 16:18:00+00:00,29973.260451180795,29980.291382782565,29965.255937593993,29972.41013005091,766
2025-05-07 16:19:00+00:00,29973.35125437256,29983.80477073518,29960.11529216145,29972.30996510534,268
2025-05-07 16:20:00+00:00,29972.889889679856,29973.561860217837,29967.50441488727,29973.43892943992,665
2025-05-07 16:21:00+00:00,29972.36633660785,29981.189542220705,29955.557161522855,29971.62983297051,589
2025-05-07 16:22:00+00:00,29973.03203398841,29975.996793787628,29965.254301286725,29973.381600269957,903
2025-05-07 16:23:00+00:00,29972.60535452553,29979.449058908398,29966.31221818808,29972.884343832262,785
2025-05-07 16:24:00+00:00,29973.385339694483,29974.989532122505,29963.72320006653,29974.441974501355,713
2025-05-07 16:25:00+00:00,29973.401651083113,29976.889820300778,29954.996280729025,29972.342770069743,691
2025-05-07 16:26:00+00:00,29973.93446946814,29974.764844935093,29958.965021835316,29974.271581581015,899
2025-05-07 16:27:00+00:00,29974.699654492408,29978.038833613668,29964.549792653255,29975.67518602852,726
2025-05-07 16:28:00+00:00,29973.869600136153,29981.42693363738,29964.990524561592,29972.152089079253,970
2025-05-07 16:29:00+00:00,29973.56004517276,29983.766615190936,29967.904634668026,29974.41184757651,932
2025-05-07 16:30:00+00:00,29973.28784496543,29979.957748340552,29958.329208157476,29973.20009956338,240
2025-05-07 16:31:00+00:00,29974.053850330994,29991.888859553208,29971.02138815203,29973.61782251021,275
2025-05-07 16:32:00+00:00,29974.503798351143,29990.71519056774,29973.848091018204,29974.18578124897,956
2025-05-07 16:33:00+00:00,29976.304831752997,29982.40000998806,29968.751883367848,29974.315937293984,179
2025-05-07 16:34:00+00:00,29977.38850649442,29979.46630806421,29961.81209333268,29977.328005577478,578
2025-05-07 16:35:00+00:00,29978.54471090418,29991.87435847439,29960.989980071085,29980.00893930776,304
2025-05-07 16:36:00+00:00,29976.536337989102,29979.140718873387,29967.66332754134,29976.39372523883,949
2025-05-07 16:37:00+00:00,29976.173983573233,29991.61565038474,29972.11423895015,29976.706284280714,465
2025-05-07 16:38:00+00:00,29975.822374118503,29992.276206325918,29965.343161274828,29975.704960130144,604
2025-05-07 16:39:00+00:00,29976.69617646655,29989.708552449472,29962.213090525216,29977.35333319062,787
2025-05-07 16:40:00+00:00,29976.286328708833,29995.13846198886,29970.418973747153,29977.480935472624,704
2025-05-07 16:41:00+00:00,29975.421690093033,29993.062840968272,29956.938914577226,29975.430536473636,802
2025-05-07 16:42:00+00:00,29975.17785984396,29989.738428510413,29963.60921107067,29975.673225853385,382
2025-05-07 16:43:00+00:00,29975.203963769138,29982.729517740147,29973.383915286704,29973.503974782314,789
2025-05-07 16:44:00+00:00,29974.498696340623,29981.40842498826,29955.803301055465,29973.225134614277,712
2025-05-07 16:45:00+00:00,29974.035682289068,29990.61477858289,29958.931246146018,29974.301214566665,274
2025-05-07 16:46:00+00:00,29973.974200107357,29976.583241569628,29972.477252792534,29972.3910221273,248
2025-05-07 16:47:00+00:00,29973.557176671682,29976.934936495512,29954.871418391434,29974.399708857003,916
2025-05-07 16:48:00+00:00,29974.446896511574,29986.9594984298,29956.77523594015,29975.79455343496,839
2025-05-07 16:49:00+00:00,29973.892788553214,29993.628542370283,29969.51605064714,29974.28507035019,492
2025-05-07 16:50:00+00:00,29975.159185197866,29991.178957079042,29961.931454048958,29974.158800987145,258
2025-05-07 16:51:00+00:00,29975.953581825954,29981.441194768784,29960.7441995459,29978.819851551445,179
2025-05-07 16:52:00+00:00,29974.837979094464,29992.34419162116,29961.504524457887,29974.69448463452,734
2025-05-07 16:53:00+00:00,29975.540054733512,29995.024021676134,29966.514954646314,29973.758623163365,136
2025-05-07 16:54:00+00:00,29973.831617519485,29976.641994305897,29965.544203595793,29975.359758280232,331
2025-05-07 16:55:00+00:00,29974.298239042626,29977.388703465527,29961.09451063337,29974.630455010312,702
2025-05-07 16:56:00+00:00,29976.437936154343,29993.874688410007,29960.984235927957,29977.798329255413,636
2025-05-07 16:57:00+00:00,29976.23848036868,29995.90035516296,29960.790202442495,29976.1511098304,258
2025-05-07 16:58:00+00:00,29976.895619628485,29989.00334013285,29973.190467444878,29978.071177054848,464
2025-05-07 16:59:00+00:00,29977.35492958717,29988.963072628452,29968.714427388808,29977.093178968968,392
2025-05-07 17:00:00+00:00,29977.460850519874,29989.937490974655,29961.53611037743,29975.986468293035,453
2025-05-07 17:01:00+00:00,29976.90228125043,29990.963827422154,29961.803716955557,29976.981307238406,244
2025-05-07 17:02:00+00:00,29975.536201953742,29976.370196482294,29971.249068648962,29977.026305598665,390
2025-05-07 17:03:00+00:00,29973.813016166197,29990.517772650506,29960.223684554032,29974.945262905672,967
2025-05-07 17:04:00+00:00,29972.032829414264,29988.97704743309,29970.002767278635,29972.574878267063,758
2025-05-07 17:05:00+00:00,29972.682303101104,29980.632861887007,29953.46970570882,29973.4421234945,502
2025-05-07 17:06:00+00:00,29971.63548872144,29984.602218278793,29964.401354807305,29972.185776930986,328
2025-05-07 17:07:00+00:00,29971.297004523025,29984.701581622066,29964.303184348737,29971.55363794359,383
2025-05-07 17:08:00+00:00,29971.00607951955,29989.67781059245,29954.241878095207,29969.510883694493,809
2025-05-07 17:09:00+00:00,29970.394341115814,29983.986490435313,29959.97998779705,29970.03119755552,885
2025-05-07 17:10:00+00:00,29969.156191841314,29974.42421172473,29968.339613830474,29967.71588327746,720
2025-05-07 17:11:00+00:00,29969.828945116606,29978.846965078228,29954.19817736692,29968.0897018452,593
2025-05-07 17:12:00+00:00,29968.83642053944,29985.536581429966,29949.016532189755,29970.30542061319,877
2025-05-07 17:13:00+00:00,29970.082742492035,29985.3439794781,29964.002260478173,29970.516380188998,421
2025-05-07 17:14:00+00:00,29970.53545463011,29988.61747640671,29969.82660838896,29970.199889323787,118
2025-05-07 17:15:00+00:00,29971.408198472407,29988.82276144473,29967.69964069491,29970.10167094542,691
2025-05-07 17:16:00+00:00,29971.523117319502,29983.61957210015,29960.160402453403,29972.086676347226,736
2025-05-07 17:17:00+00:00,29972.102813836966,29982.122948516277,29957.94357282715,29972.797722158608,889
2025-05-07 17:18:00+00:00,29973.328133459156,29983.046527267492,29963.983092813614,29974.344564055365,371
2025-05-07 17:19:00+00:00,29973.189183804014,29979.368825289,29968.407984693444,29972.201394243297,935
2025-05-07 17:20:00+00:00,29973.159765870027,29974.72495331137,29961.6811198186,29973.02203100313,807
2025-05-07 17:21:00+00:00,29973.143963816663,29985.984116585274,29961.283675591112,29973.782938518543,579
2025-05-07 17:22:00+00:00,29974.158152328742,29981.27336894474,29955.602485947635,29974.728367753454,944
2025-05-07 17:23:00+00:00,29974.869804966598,29976.035686225856,29967.991619846718,29976.398657002777,626
2025-05-07 17:24:00+00:00,29973.745315296324,29983.19359015635,29972.01945316913,29976.215453736833,996
2025-05-07 17:25:00+00:00,29973.57486551358,29975.740293518564,29959.135938052852,29972.374048601287,233
2025-05-07 17:26:00+00:00,29973.13387963564,29975.13782369979,29969.302011206524,29975.502431573885,599
2025-05-07 17:27:00+00:00,29972.433186757047,29981.09829024531,29963.295111115924,29970.75665108876,218
2025-05-07 17:28:00+00:00,29971.77482562076,29977.561363548026,29955.381462446832,29972.72812814087,765
2025-05-07 17:29:00+00:00,29970.963009842955,29982.49750208012,29968.22662835292,29971.011881175764,767
2025-05-07 17:30:00+00:00,29971.92661710677,29975.747064186853,29969.74174087725,29972.33163826966,235
2025-05-07 17:31:00+00:00,29972.028384559944,29974.547454637323,29966.935634936108,29970.679570224598,368
2025-05-07 17:32:00+00:00,29971.532108338957,29989.04694841241,29964.477327692053,29971.101129902294,323
2025-05-07 17:33:00+00:00,29970.5318459006,29973.295352886245,29963.656246799655,29972.780556930462,277
2025-05-07 17:34:00+00:00,29971.177309656643,29982.440988564023,29957.895448884996,29971.454383194858,254
2025-05-07 17:35:00+00:00,29971.48212375827,29974.83374517281,29955.671035356405,29970.951445667062,888
2025-05-07 17:36:00+00:00,29970.54134752141,29986.266204775442,29959.74533436907,29970.58036944145,751
2025-05-07 17:37:00+00:00,29971.049023284562,29987.776574765267,29955.100880714843,29970.063543718752,793
2025-05-07 17:38:00+00:00,29970.935732647074,29989.769554000162,29966.04852210007,29973.9280028665,191
2025-05-07 17:39:00+00:00,29969.949061766794,29980.482609425053,29963.029085930182,29970.16808797528,981
2025-05-07 17:40:00+00:00,29970.62876682368,29982.80274091315,29965.995002251093,29970.020394271145,678
2025-05-07 17:41:00+00:00,29971.217987978802,29975.081116153717,29957.705422397143,29970.87400393538,179
2025-05-07 17:42:00+00:00,29969.35762522129,29973.581786164406,29967.330473864055,29969.243763720384,111
2025-05-07 17:43:00+00:00,29970.522427449458,29981.193295861733,29970.230097651907,29971.992111391584,351
2025-05-07 17:44:00+00:00,29968.609683182454,29984.81766136489,29955.571868660732,29968.059943849003,362
2025-05-07 17:45:00+00:00,29969.454420337137,29970.322269852564,29968.281251223336,29968.505936630958,708
2025-05-07 17:46:00+00:00,29969.809150887715,29974.52241190564,29967.76710925467,29968.16676457381,234
2025-05-07 17:47:00+00:00,29969.237801081053,29974.154668212916,29966.114345053087,29967.86446429592,298
2025-05-07 17:48:00+00:00,29972.364093494743,29980.61999718605,29966.173101526816,29972.815107000293,386
2025-05-07 17:49:00+00:00,29971.36943845391,29986.23256444713,29951.822514219704,29972.532299252867,608
2025-05-07 17:50:00+00:00,29971.048132914297,29975.04305856209,29970.052293619916,29969.501437979176,317
2025-05-07 17:51:00+00:00,29971.277337490174,29990.23364459782,29960.252746427668,29971.202516259593,285
2025-05-07 17:52:00+00:00,29971.228658853448,29979.31684615262,29956.76805079356,29970.845064510653,843
2025-05-07 17:53:00+00:00,29971.756786426686,29986.648624788377,29953.562560356426,29971.177979362183,747
2025-05-07 17:54:00+00:00,29971.054271653054,29980.02126958533,29966.780216291416,29970.713495996257,750
2025-05-07 17:55:00+00:00,29971.422947742492,29974.707808038682,29971.34766720644,29971.315532850458,422
2025-05-07 17:56:00+00:00,29971.603253217447,29972.941901831557,29969.40083544612,29970.731448477465,703
2025-05-07 17:57:00+00:00,29972.62313568199,29991.32222987071,29955.59104600425,29971.435883410122,292
2025-05-07 17:58:00+00:00,29973.11610132273,29974.569249438806,29962.493765081388,29975.828327846677,339
2025-05-07 17:59:00+00:00,29973.365101070667,29984.734461675063,29957.04650131737,29972.92801801032,595
2025-05-07 18:00:00+00:00,29972.92477439638,29988.14214979024,29967.641335719964,29974.471967662557,642
2025-05-07 18:01:00+00:00,29972.47714647123,29992.285562525154,29967.800031908293,29972.75942249699,141
2025-05-07 18:02:00+00:00,29971.578741217396,29975.00026017861,29955.7259248946,29970.953562980205,190
2025-05-07 18:03:00+00:00,29970.994348634227,29986.427862258646,29966.757928153922,29971.44469661309,585
2025-05-07 18:04:00+00:00,29971.898666559973,29985.862647542643,29966.27527769321,29970.95626666532,914
2025-05-07 18:05:00+00:00,29971.194201615213,29978.586605294713,29969.904942712517,29971.865698598864,188
2025-05-07 18:06:00+00:00,29970.937298183006,29972.86011324733,29962.175736323585,29969.904556139492,645
2025-05-07 18:07:00+00:00,29970.98651013408,29990.640000072828,29957.83952544137,29970.759425990047,747
2025-05-07 18:08:00+00:00,29972.151832121115,29973.200807731813,29953.057188527433,29971.320982936395,163
2025-05-07 18:09:00+00:00,29973.69375774476,29984.31659449625,29956.642739187573,29974.789666119934,143
2025-05-07 18:10:00+00:00,29973.918556391203,29984.408409851476,29970.026303541403,29973.26674323932,727
2025-05-07 18:11:00+00:00,29973.14654005723,29992.607956238935,29956.478963611204,29973.961221487392,339
2025-05-07 18:12:00+00:00,29971.997080879442,29981.438503285568,29958.745977200706,29974.002220514853,842
2025-05-07 18:13:00+00:00,29971.439172236558,29982.020336437778,29966.510180444875,29971.80609229106,933
2025-05-07 18:14:00+00:00,29972.336364494913,29991.65435183102,29958.18063824027,29972.61070309478,254
2025-05-07 18:15:00+00:00,29972.203584555995,29991.093381556453,29955.06764958577,29972.023110420145,360
2025-05-07 18:16:00+00:00,29971.833801732588,29981.04528479283,29968.76661933736,29971.7318838677,526
2025-05-07 18:17:00+00:00,29971.196035348923,29983.076031576682,29968.447143034973,29973.090569137483,945
2025-05-07 18:18:00+00:00,29971.71137214671,29990.013682248366,29968.06326836506,29972.98928261501,336
2025-05-07 18:19:00+00:00,29971.283053707884,29977.972563282572,29963.1160164594,29972.026969939947,887
2025-05-07 18:20:00+00:00,29971.011639108707,29976.843364964963,29962.810972424908,29971.651597807177,229
2025-05-07 18:21:00+00:00,29972.11213289658,29977.24407659805,29955.440973454894,29972.090791709135,118
2025-05-07 18:22:00+00:00,29970.811142061026,29982.309615246366,29965.067369572174,29969.589324536206,284
2025-05-07 18:23:00+00:00,29969.47585432398,29988.643587495302,29957.357582095967,29969.60707031311,510
2025-05-07 18:24:00+00:00,29968.544160889625,29985.004112267794,29950.50069467003,29967.589936635835,505
2025-05-07 18:25:00+00:00,29968.973050607656,29988.036611279516,29965.639605364504,29968.130049971947,283
2025-05-07 18:26:00+00:00,29969.317238075335,29984.31537083583,29959.196957114076,29968.190595279386,779
2025-05-07 18:27:00+00:00,29969.582313599632,29975.087401187797,29963.30507462035,29969.77307458813,303
2025-05-07 18:28:00+00:00,29969.327710468493,29969.8981840645,29963.139563455556,29969.993860477745,777
2025-05-07 18:29:00+00:00,29970.52944120674,29985.881008203833,29951.91519709853,29969.441342586335,967
2025-05-07 18:30:00+00:00,29970.553831443012,29989.825410837333,29970.387767424494,29972.28835473117,323
2025-05-07 18:31:00+00:00,29969.663244458345,29975.74759652835,29949.83638842009,29968.579371404267,165
2025-05-07 18:32:00+00:00,29970.801865037472,29988.39505154409,29968.213949125657,29972.418951503285,838
2025-05-07 18:33:00+00:00,29969.508606479314,29975.772682483286,29954.33741363547,29970.766093889866,904
2025-05-07 18:34:00+00:00,29970.317761531634,29979.17788949332,29967.27884544679,29970.594237231024,379
2025-05-07 18:35:00+00:00,29970.361526562683,29980.383704205975,29965.678565301598,29971.20277000104,766
2025-05-07 18:36:00+00:00,29970.07252676044,29987.883732528695,29964.700186315305,29970.252933033065,324
2025-05-07 18:37:00+00:00,29969.4075563707,29983.3449153081,29951.108240367023,29970.206198496042,419
2025-05-07 18:38:00+00:00,29970.997117065857,29974.438446700533,29963.934808631475,29970.026971303687,521
2025-05-07 18:39:00+00:00,29972.0964691026,29981.568734380897,29960.86318799566,29972.77724073257,595
2025-05-07 18:40:00+00:00,29972.38743869279,29980.717182893695,29965.181140905297,29971.74238036218,219
2025-05-07 18:41:00+00:00,29971.882381858184,29976.96430111098,29968.050885713463,29969.97203873369,941
2025-05-07 18:42:00+00:00,29973.758146441247,29990.402108908223,29969.174902892042,29975.130931892953,973
2025-05-07 18:43:00+00:00,29972.712897324673,29974.96616485056,29961.106260242337,29970.582294430842,789
2025-05-07 18:44:00+00:00,29973.508665656198,29989.27955756086,29971.465692353115,29972.96295354906,693
2025-05-07 18:45:00+00:00,29974.739240330386,29986.631002724655,29957.964575317637,29976.283216627307,123
2025-05-07 18:46:00+00:00,29974.5930302605,29983.26562127118,29957.93039797669,29974.15951985064,965
2025-05-07 18:47:00+00:00,29976.39820355754,29993.690612931226,29961.93665558559,29977.891995592086,211
2025-05-07 18:48:00+00:00,29974.43843924556,29976.63990799175,29958.21996583254,29974.60991069835,961
2025-05-07 18:49:00+00:00,29973.664065896424,29980.36423920644,29971.425539535634,29974.204253890846,535
2025-05-07 18:50:00+00:00,29973.86410795719,29978.411559423417,29963.74798667199,29974.032476954446,689
2025-05-07 18:51:00+00:00,29974.566545845835,29991.144035223184,29970.400285885822,29974.547623144586,336
2025-05-07 18:52:00+00:00,29973.827017062005,29984.50292880221,29962.54909485541,29973.923008591995,766
2025-05-07 18:53:00+00:00,29974.274106995756,29977.85277074658,29973.06882341419,29974.02441178715,356
2025-05-07 18:54:00+00:00,29975.975347067484,29991.329703055955,29959.384420103608,29974.01281260079,637
2025-05-07 18:55:00+00:00,29976.161492597807,29985.723146981578,29961.510254581823,29977.254473512,285
2025-05-07 18:56:00+00:00,29975.949923339693,29991.05000332501,29967.61112291021,29976.590332202562,262
2025-05-07 18:57:00+00:00,29974.695104716586,29994.518147324176,29966.500360369177,29974.440268909348,530
2025-05-07 18:58:00+00:00,29973.694260873544,29990.594078194103,29959.064805442325,29975.756266131382,694
2025-05-07 18:59:00+00:00,29973.244902576436,29988.34582356554,29962.971516135938,29972.329848394642,572
2025-05-07 19:00:00+00:00,29972.389959662603,29989.781515765593,29956.086945434497,29971.997125924325,485
2025-05-07 19:01:00+00:00,29971.516042611718,29972.925628780264,29970.462303451015,29969.784962794678,791
2025-05-07 19:02:00+00:00,29971.583227277275,29978.727682830988,29956.806994680566,29971.12434513839,173
2025-05-07 19:03:00+00:00,29970.323062346077,29971.519693439026,29960.168829637267,29969.909528135595,931
2025-05-07 19:04:00+00:00,29970.0448125235,29989.621852696164,29967.33332562171,29969.728804571532,241
2025-05-07 19:05:00+00:00,29970.13760749311,29990.073447925442,29954.314313905383,29970.21061864221,617
2025-05-07 19:06:00+00:00,29968.236129110956,29986.726492256297,29967.900009121964,29970.672758719287,325
2025-05-07 19:07:00+00:00,29968.42989382927,29969.307692747665,29949.329187049403,29968.066384351692,419
2025-05-07 19:08:00+00:00,29970.495061921763,29976.379730106866,29968.70718980381,29969.632980250506,722
2025-05-07 19:09:00+00:00,29969.858870327473,29970.992001081242,29953.39664469814,29968.631416365784,767
2025-05-07 19:10:00+00:00,29969.925458049744,29970.66944156396,29967.81055056517,29969.17280410442,898
2025-05-07 19:11:00+00:00,29969.361696478332,29974.300257573985,29966.6572465365,29970.59580973509,634
2025-05-07 19:12:00+00:00,29969.29919353257,29983.304056509543,29952.50407851765,29968.217250209917,151
2025-05-07 19:13:00+00:00,29969.231560237997,29970.380145806455,29960.686719664627,29969.788757550057,483
2025-05-07 19:14:00+00:00,29969.90632920091,29974.074952731684,29960.59650719146,29971.630066616006,749
2025-05-07 19:15:00+00:00,29969.33076022873,29979.831851252296,29955.523890341625,29968.180805016127,992
2025-05-07 19:16:00+00:00,29970.02996466953,29970.046956286096,29965.179881633685,29970.234504438264,342
2025-05-07 19:17:00+00:00,29970.919856922534,29982.598779872944,29957.16757806165,29971.98406128515,536
2025-05-07 19:18:00+00:00,29970.27108200606,29971.1835911199,29953.533214384657,29969.886666304643,338
2025-05-07 19:19:00+00:00,29973.036367771583,29973.9018679074,29961.042236669728,29970.68352902197,249
2025-05-07 19:20:00+00:00,29972.942236632258,29979.248844310918,29958.723917047242,29972.825493041593,548
2025-05-07 19:21:00+00:00,29973.204579780395,29985.640035928776,29955.331582294348,29971.711378272463,528
2025-05-07 19:22:00+00:00,29973.061622829326,29983.2923556857,29964.711811372108,29973.82245661021,670
2025-05-07 19:23:00+00:00,29972.829194069083,29979.673354515107,29964.02642931663,29973.152571697203,465
2025-05-07 19:24:00+00:00,29973.492569012335,29991.620773099774,29955.97593552822,29973.176601801828,353
2025-05-07 19:25:00+00:00,29973.597385594254,29976.210858574395,29961.18594607417,29973.448407215863,242
2025-05-07 19:26:00+00:00,29974.515016040164,29982.4830526206,29957.79150534771,29973.921845180168,756
2025-05-07 19:27:00+00:00,29974.99401591852,29981.686896366777,29971.80299062499,29974.7722315586,165
2025-05-07 19:28:00+00:00,29974.366439176698,29983.38501367147,29971.376113549515,29974.218093863095,619
2025-05-07 19:29:00+00:00,29974.557698522483,29978.727704704834,29957.005613383615,29972.54007264621,680
2025-05-07 19:30:00+00:00,29973.80884581793,29987.754274362844,29966.47953966103,29974.05554627777,662
2025-05-07 19:31:00+00:00,29973.915062727443,29988.68820048411,29956.14646838961,29974.779900107973,428
2025-05-07 19:32:00+00:00,29973.4626443036,29973.62405853579,29964.409059197427,29973.78709168267,640
2025-05-07 19:33:00+00:00,29973.53404844178,29988.945943154744,29963.67318065971,29974.54128574548,104
2025-05-07 19:34:00+00:00,29973.850497991112,29982.83223797091,29957.13876492716,29973.84900625402,371
2025-05-07 19:35:00+00:00,29972.31500808837,29983.93199537424,29952.480323344756,29973.029283916796,846
2025-05-07 19:36:00+00:00,29971.834554464032,29974.38036975195,29953.280508897304,29970.58566910679,191
2025-05-07 19:37:00+00:00,29971.738763894136,29989.434747690164,29961.874132086545,29973.030106300663,970
2025-05-07 19:38:00+00:00,29972.904896239634,29985.376301774842,29959.835528451724,29973.091037789738,511
2025-05-07 19:39:00+00:00,29971.36518127698,29983.918704991498,29970.017887939397,29971.774761724064,121
2025-05-07 19:40:00+00:00,29969.92931336811,29982.795469638128,29968.41167737383,29970.600389119616,552
2025-05-07 19:41:00+00:00,29969.915286873005,29972.309446324944,29966.857723286532,29971.3653606247,204
2025-05-07 19:42:00+00:00,29970.856968149907,29987.70978573098,29964.291667344754,29971.44498052715,940
2025-05-07 19:43:00+00:00,29970.28848416794,29973.55542764528,29967.113419170422,29968.82296058404,397
2025-05-07 19:44:00+00:00,29970.650084347828,29989.162582915156,29958.20456877848,29971.049687232462,685
2025-05-07 19:45:00+00:00,29969.806813887986,29988.74310932248,29969.38519880875,29968.762878374633,646
2025-05-07 19:46:00+00:00,29969.448636869063,29978.571870915777,29968.058313368183,29967.59516029366,835
2025-05-07 19:47:00+00:00,29969.19297007438,29982.258861392922,29954.126860939963,29970.403246555037,657
2025-05-07 19:48:00+00:00,29967.484198820737,29985.86063101973,29948.659258323823,29966.552062859184,911
2025-05-07 19:49:00+00:00,29967.16795279935,29983.88655197412,29951.188192320846,29967.340223507064,203
2025-05-07 19:50:00+00:00,29968.227396484075,29974.010748639997,29950.25126548039,29969.61501898768,994
2025-05-07 19:51:00+00:00,29968.300566200793,29975.998208589477,29950.407180844668,29968.786876310234,261
2025-05-07 19:52:00+00:00,29968.535457397185,29972.48220789429,29953.001945811786,29968.303502534327,559
2025-05-07 19:53:00+00:00,29968.968468851108,29971.33367995566,29959.05429012416,29968.90036619048,991
2025-05-07 19:54:00+00:00,29968.222886657128,29968.875217349814,29954.381567827062,29968.662714488404,242
2025-05-07 19:55:00+00:00,29968.14570341098,29982.683860999303,29966.924882625484,29967.965035336383,891
2025-05-07 19:56:00+00:00,29969.59154428828,29987.44217136025,29956.602636294745,29969.80005007164,359
2025-05-07 19:57:00+00:00,29970.09522835008,29976.07271386279,29961.851740065656,29970.132886657146,574
2025-05-07 19:58:00+00:00,29969.719146209838,29971.779299626593,29955.72806694799,29969.909965279086,925
2025-05-07 19:59:00+00:00,29969.04408909471,29975.501232505558,29959.807393868985,29967.480603881188,773
2025-05-07 20:00:00+00:00,29969.297607632445,29978.585424966142,29949.786055061926,29967.77840089326,727
2025-05-07 20:01:00+00:00,29970.033677198448,29981.974794493937,29962.63878343958,29970.17086702438,268
2025-05-07 20:02:00+00:00,29969.034584112796,29984.838548862932,29963.9837693127,29967.50974774672,287
2025-05-07 20:03:00+00:00,29969.443591511146,29978.93626970352,29960.929639979153,29969.37293256905,955
2025-05-07 20:04:00+00:00,29971.526835084787,29977.747768037076,29965.911839052103,29971.85362376311,544
2025-05-07 20:05:00+00:00,29969.729941913698,29970.933575279094,29968.11299817045,29971.363965862525,495
2025-05-07 20:06:00+00:00,29970.816904133397,29980.073245557058,29970.302998546656,29970.839873594177,590
2025-05-07 20:07:00+00:00,29970.15957259386,29981.134795514114,29956.57621415603,29971.315231223907,706
2025-05-07 20:08:00+00:00,29969.278521410954,29979.855314583507,29968.48859576597,29968.836760027185,407
2025-05-07 20:09:00+00:00,29969.04431657227,29970.63427986953,29967.614737204607,29968.29930703125,904
2025-05-07 20:10:00+00:00,29968.532640676618,29970.55404001305,29953.92463145684,29968.129093801974,430
2025-05-07 20:11:00+00:00,29968.564294653333,29984.513962341625,29954.36109269856,29968.982412494628,109
2025-05-07 20:12:00+00:00,29968.21295366802,29977.312949582098,29960.5984082345,29967.97858678565,999
2025-05-07 20:13:00+00:00,29968.5570560632,29978.409910204216,29967.235797101748,29968.307968774527,622
2025-05-07 20:14:00+00:00,29967.261193112812,29974.311669758634,29952.626419196524,29967.07057452098,531
2025-05-07 20:15:00+00:00,29968.152038233966,29979.105791881455,29952.545110195988,29967.563287752637,282
2025-05-07 20:16:00+00:00,29968.319002527453,29979.044396720565,29958.893382568527,29967.086018289177,681
2025-05-07 20:17:00+00:00,29969.78070329242,29982.343183838002,29961.35561592579,29970.86715031393,137
2025-05-07 20:18:00+00:00,29968.139133667988,29986.777343371545,29950.504103961248,29966.887824271053,971
2025-05-07 20:19:00+00:00,29968.18289249336,29982.212091454152,29965.208969810847,29968.212448882736,285
2025-05-07 20:20:00+00:00,29968.614779810465,29978.939971001335,29959.78154137957,29967.7557858698,711
2025-05-07 20:21:00+00:00,29969.02560614246,29980.39173247561,29967.551508283548,29970.90010620857,318
2025-05-07 20:22:00+00:00,29968.22605808278,29974.43133956405,29950.61986797253,29967.83385496634,751
2025-05-07 20:23:00+00:00,29967.999730741292,29973.209333671926,29957.0008034682,29966.204658469014,210
2025-05-07 20:24:00+00:00,29968.226254838293,29980.986385322863,29961.622542110104,29967.596966126526,254
2025-05-07 20:25:00+00:00,29968.465660102993,29971.866745916086,29951.898513142038,29968.16107961156,795
2025-05-07 20:26:00+00:00,29967.072616165973,29972.559410743586,29947.20791130828,29967.425926816453,500
2025-05-07 20:27:00+00:00,29967.198654105658,29979.881977390327,29962.54875344485,29968.90510708305,422
2025-05-07 20:28:00+00:00,29968.012269296323,29978.912882546556,29956.080486370935,29966.492904894843,480
2025-05-07 20:29:00+00:00,29966.475628547607,29982.625057022506,29960.014596170888,29964.99622781005,783
2025-05-07 20:30:00+00:00,29967.076511778938,29981.93461257509,29966.26219524226,29967.167570295052,840
2025-05-07 20:31:00+00:00,29965.807999728728,29968.150604811202,29947.406918904977,29966.097700667982,764
2025-05-07 20:32:00+00:00,29964.940333055278,29968.745206294392,29959.812668246133,29964.902231013624,969
2025-05-07 20:33:00+00:00,29966.141721370306,29968.215352783463,29949.21086641158,29965.960092380956,103
2025-05-07 20:34:00+00:00,29968.47154148405,29970.191587801826,29963.45112329467,29970.250416188137,888
2025-05-07 20:35:00+00:00,29968.268386280663,29984.601087221974,29955.01133555391,29971.159832175716,740
2025-05-07 20:36:00+00:00,29968.88371941802,29982.003641199695,29955.378335129986,29969.17402949746,778
2025-05-07 20:37:00+00:00,29969.27714671149,29979.688112137617,29960.176654053466,29970.93524554882,608
2025-05-07 20:38:00+00:00,29970.702435652118,29990.61256756277,29957.58606223935,29971.1790144899,735
2025-05-07 20:39:00+00:00,29971.028860863113,29983.558141724356,29963.822276874376,29971.431192276126,117
2025-05-07 20:40:00+00:00,29970.1795301404,29987.35084082676,29950.52510660634,29971.700857775966,816
2025-05-07 20:41:00+00:00,29968.91782785827,29979.05317481004,29968.606303069206,29968.916269719768,710
2025-05-07 20:42:00+00:00,29969.47323071143,29981.455028014258,29965.444132680663,29969.141115183542,601
2025-05-07 20:43:00+00:00,29968.67352710745,29975.17924183176,29959.284332287905,29968.618418770722,247
2025-05-07 20:44:00+00:00,29966.058328671035,29980.456285229182,29965.40331696785,29964.42494606869,437
2025-05-07 20:45:00+00:00,29967.74496399732,29983.792703622392,29966.56825333897,29968.71298128026,720
2025-05-07 20:46:00+00:00,29967.34860610285,29986.958896578326,29949.890265152208,29966.94772253591,213
2025-05-07 20:47:00+00:00,29966.27886410418,29979.812140983664,29946.484089223806,29965.384520840085,257
2025-05-07 20:48:00+00:00,29965.454557477977,29979.777382790242,29951.937457893706,29965.038444923965,959
2025-05-07 20:49:00+00:00,29965.829334776197,29978.412928417372,29965.14149509508,29964.672359560696,319
2025-05-07 20:50:00+00:00,29966.17110203694,29984.305148367323,29957.02805231134,29965.782895674824,980
2025-05-07 20:51:00+00:00,29966.279531653287,29972.30046676461,29948.866607264812,29966.739811801544,179
2025-05-07 20:52:00+00:00,29966.56930671772,29979.494535535265,29960.32934879706,29966.260286308563,171
2025-05-07 20:53:00+00:00,29966.82530622707,29984.583034843316,29950.36934646,29967.188119963525,286
2025-05-07 20:54:00+00:00,29968.498320289757,29968.904374451307,29961.38613983353,29969.596057671977,316
2025-05-07 20:55:00+00:00,29969.301391843157,29981.078247788308,29959.343099087884,29968.418268644167,607
2025-05-07 20:56:00+00:00,29968.193424400717,29978.97500536515,29966.253254154763,29970.145177154867,671
2025-05-07 20:57:00+00:00,29968.282609393274,29971.54754032722,29966.88395027148,29967.0250640956,745
2025-05-07 20:58:00+00:00,29967.785245455983,29973.491195878465,29961.25976054083,29967.298456874938,969
2025-05-07 20:59:00+00:00,29967.260115690413,29980.112769392632,29952.645439329117,29967.668072648587,708
2025-05-07 21:00:00+00:00,29969.98169679701,29977.10964818058,29966.23258831466,29970.381493387,792
2025-05-07 21:01:00+00:00,29968.9401901926,29980.37080597659,29962.67093600482,29969.111624510246,425
2025-05-07 21:02:00+00:00,29969.68896463777,29983.640046710734,29950.170291115057,29970.88980626781,828
2025-05-07 21:03:00+00:00,29969.500754268352,29987.556391901777,29958.384801259752,29969.801811523103,932
2025-05-07 21:04:00+00:00,29970.311296932632,29973.74501059282,29968.094536185527,29969.535003073008,985
2025-05-07 21:05:00+00:00,29968.878488630715,29985.572032274453,29962.18317015774,29969.728487031163,254
2025-05-07 21:06:00+00:00,29968.290276994743,29979.66131180361,29966.58232585979,29967.822290940574,866
2025-05-07 21:07:00+00:00,29968.453931165128,29979.792321450394,29960.187275634496,29970.426722455668,536
2025-05-07 21:08:00+00:00,29968.663548601282,29987.574355857418,29957.687108957223,29968.346244306897,482
2025-05-07 21:09:00+00:00,29968.076053659166,29982.981874617028,29965.811807112066,29968.051813908398,448
2025-05-07 21:10:00+00:00,29967.03720201209,29971.867589852453,29963.56274674573,29966.335275551814,251
2025-05-07 21:11:00+00:00,29967.843863082886,29970.216045276324,29956.060170880293,29967.626454705234,843
2025-05-07 21:12:00+00:00,29968.570253423717,29969.17486496843,29968.05278672872,29967.715545074912,538
2025-05-07 21:13:00+00:00,29968.714564603208,29970.35104454972,29953.0660786857,29969.509876691336,774
2025-05-07 21:14:00+00:00,29969.40565871912,29982.33181139563,29951.109052185544,29968.577028100975,153
2025-05-07 21:15:00+00:00,29969.626210747625,29982.541949692768,29964.637752350918,29969.800128517367,376
2025-05-07 21:16:00+00:00,29971.767710259068,29974.80697850514,29957.395678497323,29971.99220071654,287
2025-05-07 21:17:00+00:00,29970.67301324359,29980.676154059136,29965.163511479117,29970.7119859032,333
2025-05-07 21:18:00+00:00,29972.702018082055,29988.177380697714,29969.691159661408,29972.19347717355,647
2025-05-07 21:19:00+00:00,29973.108013791265,29982.407071895883,29968.108084487296,29974.16463994548,317
2025-05-07 21:20:00+00:00,29972.643622878593,29979.38639584375,29972.478992158703,29973.279031352697,525
2025-05-07 21:21:00+00:00,29972.87892905802,29988.40987253032,29964.87035969861,29974.08911108811,567
2025-05-07 21:22:00+00:00,29971.575368779027,29979.312018512446,29970.458420891126,29972.924385378137,485
2025-05-07 21:23:00+00:00,29972.14028533542,29979.7111500295,29962.897822749863,29971.3760086779,167
2025-05-07 21:24:00+00:00,29973.601702982254,29975.420686001307,29960.259524229936,29972.25074911685,118
2025-05-07 21:25:00+00:00,29974.35840628276,29986.391531984966,29962.93726810655,29972.98002057436,684
2025-05-07 21:26:00+00:00,29973.511595794305,29980.735556047686,29958.259904995462,29972.555366735443,674
2025-05-07 21:27:00+00:00,29975.09016165618,29979.360399888064,29964.58710060845,29975.710523914895,696
2025-05-07 21:28:00+00:00,29975.85211333005,29982.471178907996,29960.447670981368,29976.267811247442,428
2025-05-07 21:29:00+00:00,29974.80744994587,29985.487806693272,29965.761230749966,29974.13808653259,891
2025-05-07 21:30:00+00:00,29975.175080729747,29979.890166199373,29962.637795789313,29975.282850492807,805
2025-05-07 21:31:00+00:00,29972.895665913413,29977.566006658715,29969.592804538508,29971.96917785896,554
2025-05-07 21:32:00+00:00,29973.036554440645,29979.358772734216,29964.111693394083,29971.092087148598,204
2025-05-07 21:33:00+00:00,29973.942884133252,29991.034282887154,29963.187180260204,29973.688067498097,530
2025-05-07 21:34:00+00:00,29974.341631440708,29984.54554332682,29954.634458451892,29974.389909073685,254
2025-05-07 21:35:00+00:00,29976.456691909767,29976.48641641495,29971.556952743715,29976.54312805979,803
2025-05-07 21:36:00+00:00,29976.98080442591,29987.922057255597,29968.458450812046,29977.264569341274,389
2025-05-07 21:37:00+00:00,29976.6691507647,29983.25255762348,29972.783696387298,29976.506350351665,799
2025-05-07 21:38:00+00:00,29976.056925582325,29983.06406996191,29966.03580408737,29976.39782162877,230
2025-05-07 21:39:00+00:00,29975.85477386835,29993.63994074946,29963.988981301238,29977.39283184526,165
2025-05-07 21:40:00+00:00,29976.196106025563,29987.957673399582,29975.752643558426,29978.592468434697,184
2025-05-07 21:41:00+00:00,29977.999911931034,29996.545353270816,29962.57682801946,29979.11040967146,330
2025-05-07 21:42:00+00:00,29977.377025268815,29984.787359311984,29962.300834717582,29976.937099054863,809
2025-05-07 21:43:00+00:00,29977.070384192804,29989.331117538517,29968.73899164641,29977.14450414563,732
2025-05-07 21:44:00+00:00,29974.977320732305,29984.324619100316,29974.350833838194,29974.924617147586,269
2025-05-07 21:45:00+00:00,29974.851597942656,29977.967581565703,29958.776820194544,29974.643311424607,172
2025-05-07 21:46:00+00:00,29975.32378008677,29990.503250981266,29959.027661945234,29976.701134368883,570
2025-05-07 21:47:00+00:00,29975.034921513154,29979.699329426458,29957.15570606201,29974.91243183681,827
2025-05-07 21:48:00+00:00,29976.189452721577,29981.872841199627,29964.174067255943,29975.774355621437,494
2025-05-07 21:49:00+00:00,29976.381798657763,29996.16595979677,29958.855036556943,29977.54316858716,582
2025-05-07 21:50:00+00:00,29976.459253776542,29993.796864053147,29972.1496564191,29976.009841041898,697
2025-05-07 21:51:00+00:00,29976.560265380773,29995.685606377552,29967.16886468098,29975.515364043316,724
2025-05-07 21:52:00+00:00,29977.932239178146,29990.943179140577,29977.085316259134,29976.326189616713,771
2025-05-07 21:53:00+00:00,29976.971924375517,29993.114911374832,29965.758801108255,29978.144870016014,668
2025-05-07 21:54:00+00:00,29977.642143164874,29988.64763048832,29963.583573354226,29977.628155522667,257
2025-05-07 21:55:00+00:00,29979.29886706801,29988.545646777617,29976.023591214966,29978.898458107233,922
2025-05-07 21:56:00+00:00,29978.572370151112,29995.77522112302,29974.39257129926,29979.707969797364,280
2025-05-07 21:57:00+00:00,29977.7258909919,29979.031618281468,29970.87074288932,29976.602410490457,607
2025-05-07 21:58:00+00:00,29978.19298977946,29993.413138270447,29960.21425429446,29977.312586131495,585
2025-05-07 21:59:00+00:00,29977.88175766759,29994.496384436585,29975.292122283823,29977.732254943763,290
2025-05-07 22:00:00+00:00,29979.99807529188,29989.84199413658,29960.235257411616,29979.462484527383,961
2025-05-07 22:01:00+00:00,29981.537433275873,29999.667534105694,29971.478808438722,29978.744353763836,568
2025-05-07 22:02:00+00:00,29981.490189482713,30000.651882112874,29973.781945609055,29981.08100208663,775
2025-05-07 22:03:00+00:00,29982.032995211048,29983.59862081955,29965.104043024137,29982.16640622781,958
2025-05-07 22:04:00+00:00,29983.348619212928,29996.96655731507,29981.66626639765,29982.880097171674,289
2025-05-07 22:05:00+00:00,29984.948775038923,29993.371989477204,29967.372751676652,29985.267631969386,399
2025-05-07 22:06:00+00:00,29984.23404198075,30002.03845506953,29977.537635699144,29983.613615362698,212
2025-05-07 22:07:00+00:00,29984.30108702622,29987.63085687446,29970.731560347962,29983.364869532455,627
2025-05-07 22:08:00+00:00,29983.764872756597,29986.031834297188,29976.81390764201,29984.607812302726,894
2025-05-07 22:09:00+00:00,29982.626832670034,29990.50159246898,29963.438732699808,29981.63125850036,979
2025-05-07 22:10:00+00:00,29981.647239185062,29981.712033981068,29965.250946333763,29980.248509069934,703
2025-05-07 22:11:00+00:00,29982.30830749395,29994.551585242516,29981.25294217512,29981.32352414071,424
2025-05-07 22:12:00+00:00,29982.949312708413,29987.25516964586,29976.260150378606,29982.870118060197,498
2025-05-07 22:13:00+00:00,29983.095680290644,29986.12956452083,29972.61567457862,29984.154908132088,968
2025-05-07 22:14:00+00:00,29981.89906238887,29986.146840585476,29971.09046458697,29981.75296119945,973
2025-05-07 22:15:00+00:00,29981.909587305654,29989.148568341272,29979.973211506658,29982.465766800153,476
2025-05-07 22:16:00+00:00,29981.374042337862,29992.106032736836,29968.511764146468,29980.72692433559,555
2025-05-07 22:17:00+00:00,29981.07270648331,29990.80156938484,29979.831479820994,29979.81648271793,302
2025-05-07 22:18:00+00:00,29979.934942777454,29994.54638008138,29976.962879294475,29980.077239357444,186
2025-05-07 22:19:00+00:00,29979.239494089703,29998.57973153559,29969.98695185377,29979.863772374687,532
2025-05-07 22:20:00+00:00,29980.17676510748,29982.187719134457,29979.358818352393,29979.170176901785,653
2025-05-07 22:21:00+00:00,29980.82250493239,29987.04927443018,29967.11124532441,29981.87432546262,536
2025-05-07 22:22:00+00:00,29981.39947083544,29996.431359001974,29965.249796008986,29983.93183943594,120
2025-05-07 22:23:00+00:00,29979.990736734173,29983.925045422857,29969.23036365782,29979.72922880018,152
2025-05-07 22:24:00+00:00,29979.148770980773,29992.768857468232,29969.602003251803,29977.532998840426,126
2025-05-07 22:25:00+00:00,29978.774860683403,29996.702537236193,29963.565734295582,29978.00483119335,965
2025-05-07 22:26:00+00:00,29979.578647790673,29991.772391582155,29976.516835545513,29980.105736977457,625
2025-05-07 22:27:00+00:00,29978.857908519196,29989.50618816883,29971.116321177225,29977.56047318129,209
2025-05-07 22:28:00+00:00,29980.41298433177,29989.96785249785,29977.7534552828,29979.84153023509,232
2025-05-07 22:29:00+00:00,29980.290492849083,29981.453763631576,29971.68102373223,29979.62519761424,206
2025-05-07 22:30:00+00:00,29980.959543070712,29981.574353861484,29978.483552091984,29980.512442901858,949
2025-05-07 22:31:00+00:00,29980.819832280777,29985.598287933168,29977.707301375456,29980.452493467994,160
2025-05-07 22:32:00+00:00,29979.184375436693,29996.82887936321,29963.698233729236,29980.201369971088,514
2025-05-07 22:33:00+00:00,29979.295363137655,29991.990755669925,29978.888774414067,29978.744323311348,276
2025-05-07 22:34:00+00:00,29981.147538930167,29985.765762061845,29978.33277476662,29980.00917851004,227
2025-05-07 22:35:00+00:00,29980.613331088774,29993.775218333685,29976.104111248227,29980.343189053845,450
2025-05-07 22:36:00+00:00,29978.862015137292,29994.15083985363,29976.781766005886,29979.118068411473,967
2025-05-07 22:37:00+00:00,29979.54308043086,29997.911993626563,29977.94237757206,29977.513905888907,268
2025-05-07 22:38:00+00:00,29979.61505278187,29982.51747815649,29977.672038390807,29980.407676960604,129
2025-05-07 22:39:00+00:00,29980.198816298285,29988.811340368688,29976.439264025266,29980.497366653934,882
2025-05-07 22:40:00+00:00,29981.519344833567,29996.684465283455,29967.089776678957,29980.315895987413,377
2025-05-07 22:41:00+00:00,29981.367456879896,30001.00160416593,29976.15647556045,29982.23524722715,713
2025-05-07 22:42:00+00:00,29980.9392990901,29991.236814957563,29974.202136281972,29979.782744164313,128
2025-05-07 22:43:00+00:00,29982.17563149357,30002.141943283663,29972.848864544987,29980.960981758402,845
2025-05-07 22:44:00+00:00,29981.98959700717,29993.995243607573,29962.155483962408,29982.09280845734,206
2025-05-07 22:45:00+00:00,29981.07553039573,29983.765363310347,29978.7407125153,29980.574574421706,711
2025-05-07 22:46:00+00:00,29981.47035111293,29983.892978854303,29979.835130517953,29982.041149130386,923
2025-05-07 22:47:00+00:00,29982.29266125775,29997.183017387517,29973.094649557297,29981.182783272205,961
2025-05-07 22:48:00+00:00,29982.510398683586,29993.33710738692,29964.708740978644,29982.014911907776,591
2025-05-07 22:49:00+00:00,29984.884304783467,29995.790386946544,29965.701160735807,29985.951607051473,116
2025-05-07 22:50:00+00:00,29986.881654955032,29988.25575643085,29968.412349121034,29987.81224919569,157
2025-05-07 22:51:00+00:00,29986.466789647657,29995.250451557495,29982.42850894489,29986.386550463252,442
2025-05-07 22:52:00+00:00,29986.883714509237,29994.676841503722,29981.078440897214,29986.71680422718,736
2025-05-07 22:53:00+00:00,29986.861549494355,29988.03886489419,29986.026037475756,29987.682031352117,979
2025-05-07 22:54:00+00:00,29987.437947014892,30000.942700662625,29982.49784650422,29987.202187167673,144
2025-05-07 22:55:00+00:00,29986.987580710498,29992.487502137872,29975.26840399645,29987.602560557232,138
2025-05-07 22:56:00+00:00,29988.296808181945,29997.524519844716,29981.461940130794,29989.61448750526,509
2025-05-07 22:57:00+00:00,29987.97255337699,29990.81462635244,29980.614450462963,29986.855181263058,396
2025-05-07 22:58:00+00:00,29987.67204563152,29998.54382051498,29969.713327847767,29988.086109188476,575
2025-05-07 22:59:00+00:00,29987.979424013418,30006.21869650378,29975.23233563341,29988.534925883905,730
2025-05-07 23:00:00+00:00,29987.449980231395,30007.30013230264,29983.175089482276,29987.461879601586,337
2025-05-07 23:01:00+00:00,29986.408014292603,30003.843396467448,29981.78581780652,29986.239842183895,479
2025-05-07 23:02:00+00:00,29986.387808900512,29999.92769429873,29975.194296401543,29986.6748592854,947
2025-05-07 23:03:00+00:00,29984.55324347506,30000.877020794338,29976.158465578726,29984.455307609493,234
2025-05-07 23:04:00+00:00,29986.103942175818,29998.893682762566,29968.730588701215,29986.831170225625,317
2025-05-07 23:05:00+00:00,29985.30917427083,29996.141845182694,29971.24807079839,29985.785793794978,528
2025-05-07 23:06:00+00:00,29984.66520911507,29984.731586253103,29977.623051825096,29984.274522205716,718
2025-05-07 23:07:00+00:00,29984.612935352725,29992.26314114128,29970.77133737049,29985.144970668356,406
2025-05-07 23:08:00+00:00,29984.465027203485,29985.936012415328,29966.814829896106,29985.667136773,162
2025-05-07 23:09:00+00:00,29984.163279369917,29990.91660046426,29964.980514952767,29984.261749985468,303
2025-05-07 23:10:00+00:00,29983.99010065857,29984.112915681468,29980.345044260088,29984.498736513273,410
2025-05-07 23:11:00+00:00,29983.992495670187,30002.329317470172,29973.5244276552,29983.76442265515,633
2025-05-07 23:12:00+00:00,29980.861545155283,29992.66205520826,29971.44016770735,29980.475453664865,415
2025-05-07 23:13:00+00:00,29980.018949842542,29990.33121041894,29972.9665388258,29980.438312692386,655
2025-05-07 23:14:00+00:00,29980.2547021583,29999.17225782738,29970.41931332057,29980.56341027976,207
2025-05-07 23:15:00+00:00,29979.853957094256,29997.6011303148,29976.10664664213,29980.329649898806,780
2025-05-07 23:16:00+00:00,29979.318598806683,29997.909575243008,29960.404649089127,29978.22680934395,132
2025-05-07 23:17:00+00:00,29979.57786949488,29992.696416127772,29970.69253835305,29980.880169281892,699
2025-05-07 23:18:00+00:00,29979.19213749434,29996.353171687773,29968.06531047309,29979.64476553786,200
2025-05-07 23:19:00+00:00,29979.25953106835,29979.29645038858,29977.923914407213,29980.029850370975,324
2025-05-07 23:20:00+00:00,29980.554087077897,29987.59044964464,29973.54414590047,29983.256315729497,865
2025-05-07 23:21:00+00:00,29980.285055415578,29982.612750261193,29966.707493741684,29979.859254390114,681
2025-05-07 23:22:00+00:00,29979.720991031212,29995.55104112717,29974.22730075995,29980.718051277076,692
2025-05-07 23:23:00+00:00,29979.931261160677,29985.238247952853,29974.909963426664,29981.478112755976,122
2025-05-07 23:24:00+00:00,29981.125464215187,29995.94736135694,29971.241141727845,29981.622675626644,337
2025-05-07 23:25:00+00:00,29981.121841498727,29994.523765414655,29972.744867978327,29979.698659070866,272
2025-05-07 23:26:00+00:00,29982.24565376751,29998.715336664165,29977.995895737957,29983.023259264304,752
2025-05-07 23:27:00+00:00,29981.62028725065,29995.265436489462,29974.404442320065,29982.536942151422,717
2025-05-07 23:28:00+00:00,29982.799204295894,29987.089457362563,29963.83769098425,29979.728734191343,921
2025-05-07 23:29:00+00:00,29981.50727756744,29997.67966696006,29975.336568678544,29981.575308707754,556
2025-05-07 23:30:00+00:00,29980.320582722357,29983.80455434645,29979.480193123265,29980.144899585535,965
2025-05-07 23:31:00+00:00,29980.4269599236,29993.247888870563,29964.400444148803,29980.461127970913,223
2025-05-07 23:32:00+00:00,29980.19369636631,29999.542695430093,29977.021445483773,29979.58369975959,212
2025-05-07 23:33:00+00:00,29981.2467035654,29998.81897672426,29980.708917726268,29981.145570054392,864
2025-05-07 23:34:00+00:00,29981.11575994647,29989.355964183906,29980.500949304966,29981.73109619961,903
2025-05-07 23:35:00+00:00,29981.26669794309,29994.595852897914,29969.231239871206,29982.314512324334,483
2025-05-07 23:36:00+00:00,29979.205190862966,29997.534595914487,29963.445501394304,29978.864167146676,847
2025-05-07 23:37:00+00:00,29978.871207110013,29983.460126891332,29961.86752964276,29979.023424082476,491
2025-05-07 23:38:00+00:00,29977.845285894036,29996.666748418484,29977.67075703844,29977.39753790721,477
2025-05-07 23:39:00+00:00,29977.340889188807,29989.3466530999,29974.526794928668,29977.148194044075,695
2025-05-07 23:40:00+00:00,29976.008084528217,29983.17548033721,29964.805470669035,29975.903883830673,988
2025-05-07 23:41:00+00:00,29974.996420524552,29990.496687545347,29960.58114627317,29976.245742315263,319
2025-05-07 23:42:00+00:00,29975.387119837163,29992.099560812625,29973.07779697033,29974.44487310783,389
2025-05-07 23:43:00+00:00,29976.01430515302,29991.164786739922,29961.250479797727,29976.47221102812,392
2025-05-07 23:44:00+00:00,29976.074096402066,29976.716855623952,29967.56982936511,29976.290805610337,187
2025-05-07 23:45:00+00:00,29975.390830199634,29979.092917254387,29965.76389452676,29974.73725400932,865
2025-05-07 23:46:00+00:00,29976.264560137104,29978.146953812146,29962.143038093538,29978.015379828776,593
2025-05-07 23:47:00+00:00,29976.837484314852,29980.309105127024,29958.28625598984,29976.247032995998,628
2025-05-07 23:48:00+00:00,29975.85713315963,29988.033854220736,29968.23716690295,29974.695626731864,489
2025-05-07 23:49:00+00:00,29978.506779609128,29984.82300566055,29970.7764320236,29978.80526164223,462
2025-05-07 23:50:00+00:00,29978.140820630044,29991.473806928832,29959.1843513858,29977.441759355897,525
2025-05-07 23:51:00+00:00,29978.131205781174,29985.527279942104,29967.97595762251,29976.949005132537,682
2025-05-07 23:52:00+00:00,29978.266033373482,29994.45761855298,29960.083937333344,29978.775514271994,502
2025-05-07 23:53:00+00:00,29976.915786490656,29990.336243005248,29969.12583579122,29975.515544298392,388
2025-05-07 23:54:00+00:00,29975.71620374483,29977.628890632863,29955.800859505685,29977.45631961656,288
2025-05-07 23:55:00+00:00,29975.165544092164,29991.661574086764,29972.725940678458,29975.470302881018,313
2025-05-07 23:56:00+00:00,29973.58778437746,29987.152757272546,29959.49072782303,29974.47997656571,479
2025-05-07 23:57:00+00:00,29974.611759016047,29994.59098338557,29969.1046547945,29976.18174966065,264
2025-05-07 23:58:00+00:00,29976.379600477656,29977.44687704737,29966.27966992864,29976.615632579134,507
2025-05-07 23:59:00+00:00,29975.130727485885,29977.048906185093,29974.148932519165,29975.00552266975,472
2025-05-08 00:00:00+00:00,29973.809516101664,29974.408226967436,29958.100805280657,29973.994153087286,541
2025-05-08 00:01:00+00:00,29975.258257866095,29989.723279734353,29971.71660486053,29975.99335967148,499
2025-05-08 00:02:00+00:00,29977.300637152734,29980.689276526777,29971.645634233384,29975.864403113366,800
2025-05-08 00:03:00+00:00,29977.112971817554,29989.182838120676,29966.024744445735,29977.28462323734,335
2025-05-08 00:04:00+00:00,29977.307167866704,29982.993633501563,29974.116623527658,29976.06125116181,121
2025-05-08 00:05:00+00:00,29975.470662032218,29986.178253305374,29974.934739350083,29975.51556549054,529
2025-05-08 00:06:00+00:00,29973.744869448223,29975.645280146317,29970.437250261242,29973.988954890865,493
2025-05-08 00:07:00+00:00,29972.63421248458,29990.447042689866,29964.16192476205,29972.295935520448,773
2025-05-08 00:08:00+00:00,29974.487405342996,29991.307978088127,29971.226407656315,29976.09709549289,633
2025-05-08 00:09:00+00:00,29974.879193211633,29990.2055739586,29970.67189442142,29973.284697019353,296
2025-05-08 00:10:00+00:00,29973.361000084496,29976.02529884878,29962.84553352674,29972.66585128564,252
2025-05-08 00:11:00+00:00,29974.119492566704,29992.21301016816,29972.418458333395,29973.22697300036,715
2025-05-08 00:12:00+00:00,29973.148565353746,29974.49181225683,29969.287778111044,29973.024739122007,292
2025-05-08 00:13:00+00:00,29974.803404141545,29986.81882446433,29955.941553258574,29973.700470717693,954
2025-05-08 00:14:00+00:00,29975.95191169895,29989.951053492907,29974.184568658064,29977.2334522048,542
2025-05-08 00:15:00+00:00,29974.831233481975,29977.227537666866,29955.703916777944,29973.657444925637,584
2025-05-08 00:16:00+00:00,29975.609515950393,29975.61874961123,29967.168958501148,29974.73778599734,633
2025-05-08 00:17:00+00:00,29976.931016269726,29984.63147344795,29970.16646048471,29977.986361565097,198
2025-05-08 00:18:00+00:00,29976.66663316365,29993.17752119632,29975.530489776615,29976.176679751123,170
2025-05-08 00:19:00+00:00,29976.698952901308,29992.351793483467,29964.188021842892,29978.566405097597,102
2025-05-08 00:20:00+00:00,29976.901980836075,29993.000412766007,29968.555835341904,29977.545043394544,776
2025-05-08 00:21:00+00:00,29978.01095197272,29979.112397375226,29962.828644741985,29975.994521169883,237
2025-05-08 00:22:00+00:00,29978.048986477763,29993.23264162226,29958.753477940758,29979.30928926491,584
2025-05-08 00:23:00+00:00,29976.31899777579,29991.36302046153,29970.13262441232,29975.264238040894,609
2025-05-08 00:24:00+00:00,29974.87224234832,29989.31176323215,29958.450123304377,29973.151887026364,373
2025-05-08 00:25:00+00:00,29975.847429070673,29979.1109437355,29968.076515088753,29975.554549163036,178
2025-05-08 00:26:00+00:00,29976.69360159113,29981.12699445138,29960.277582727536,29976.442054053,762
2025-05-08 00:27:00+00:00,29976.482891690986,29992.48796152948,29959.305840900248,29976.80695555296,960
2025-05-08 00:28:00+00:00,29977.894720897806,29983.63925009867,29962.1564686118,29979.5623413501,297
2025-05-08 00:29:00+00:00,29978.512397108338,29985.480140504485,29965.965066459998,29977.88018547528,667
2025-05-08 00:30:00+00:00,29979.408394513364,29989.5315829665,29964.254494091954,29980.492765577936,882
2025-05-08 00:31:00+00:00,29980.59725220217,29995.227787693977,29971.572821418038,29980.142514283616,488
2025-05-08 00:32:00+00:00,29979.790206423368,29982.699792736552,29960.1347171997,29980.0659886638,241
2025-05-08 00:33:00+00:00,29979.972541843454,29983.673762869144,29975.188386310347,29980.411067631412,730
2025-05-08 00:34:00+00:00,29980.52510853659,29995.873687646832,29964.305999488904,29980.72496703942,844
2025-05-08 00:35:00+00:00,29977.40087059578,29986.35302177677,29964.7513805746,29978.476528658608,753
2025-05-08 00:36:00+00:00,29977.418543315904,29993.835346153883,29976.26157219519,29977.80893189709,416
2025-05-08 00:37:00+00:00,29976.059239586528,29984.70732408641,29959.984190935505,29975.745074901475,105
2025-05-08 00:38:00+00:00,29976.133970871673,29991.21904965421,29966.651913322763,29976.715833566137,618
2025-05-08 00:39:00+00:00,29977.786810258145,29993.908427592272,29973.322937268473,29977.59371148531,786
2025-05-08 00:40:00+00:00,29976.11709237883,29994.763277090584,29962.454234589488,29975.134561102575,141
2025-05-08 00:41:00+00:00,29975.853113053796,29987.856233873652,29966.214781739334,29974.51768064533,806
2025-05-08 00:42:00+00:00,29975.71364977131,29987.472022322996,29961.73282704174,29975.60847468135,319
2025-05-08 00:43:00+00:00,29975.760169248788,29995.48458499414,29969.013108984207,29975.93510114273,545
2025-05-08 00:44:00+00:00,29976.775702649393,29989.047112778684,29961.745320437916,29976.69680452926,160
2025-05-08 00:45:00+00:00,29976.723233668603,29977.909457257905,29967.02187360146,29976.48243678114,688
2025-05-08 00:46:00+00:00,29975.968859405733,29990.81786056823,29972.84896053442,29976.07299022559,969
2025-05-08 00:47:00+00:00,29975.770429804812,29993.620237641368,29966.698933219086,29975.61411451903,600
2025-05-08 00:48:00+00:00,29976.578999966554,29987.052335906665,29965.87866227362,29976.374876203954,633
2025-05-08 00:49:00+00:00,29975.528502769746,29978.098407546302,29961.61398801047,29975.268663760125,919
2025-05-08 00:50:00+00:00,29975.638900666654,29980.146214035944,29960.023813959266,29975.59675213406,331
2025-05-08 00:51:00+00:00,29976.02054493704,29984.749946785356,29966.068479762343,29976.16389136488,951
2025-05-08 00:52:00+00:00,29975.28545355997,29994.641789040812,29969.567370074965,29976.89115196498,395
2025-05-08 00:53:00+00:00,29974.380699829202,29989.517413801776,29966.58582214535,29973.961585670197,915
2025-05-08 00:54:00+00:00,29973.1568977694,29988.660761951774,29970.409414688016,29971.903813956484,970
2025-05-08 00:55:00+00:00,29972.52947183584,29980.02361253497,29964.364264608255,29971.339259247543,560
2025-05-08 00:56:00+00:00,29974.13148565163,29991.862892784775,29957.12296590129,29973.303455411195,797
2025-05-08 00:57:00+00:00,29973.65766512088,29974.221614055237,29971.70349154126,29974.105888360973,250
2025-05-08 00:58:00+00:00,29972.47048718542,29976.058616990165,29959.8981260348,29973.170267774116,711
2025-05-08 00:59:00+00:00,29972.190460955542,29979.024926531318,29954.30768802271,29971.46244403691,663
2025-05-08 01:00:00+00:00,29973.840995004117,29991.911044787044,29972.08251269034,29973.135692560652,171
2025-05-08 01:01:00+00:00,29972.958924822913,29985.614303987277,29960.80115926009,29973.650759253178,822
2025-05-08 01:02:00+00:00,29975.028923048845,29986.82486888224,29969.35456411834,29974.72664511785,864
2025-05-08 01:03:00+00:00,29973.517220126032,29992.311132199797,29964.03445259513,29974.395798145357,361
2025-05-08 01:04:00+00:00,29973.183060953386,29983.4288102627,29968.78934551374,29972.83135720323,460
2025-05-08 01:05:00+00:00,29972.806056474117,29976.780739507514,29959.829428464105,29973.715319455776,121
2025-05-08 01:06:00+00:00,29971.904200817055,29973.277722853825,29953.833952237575,29972.787502308125,648
2025-05-08 01:07:00+00:00,29972.87488052395,29985.50596068283,29957.552083481725,29971.386026799537,526
2025-05-08 01:08:00+00:00,29973.354789901172,29987.82994661677,29967.310144496732,29972.25450529557,520
2025-05-08 01:09:00+00:00,29972.27540807748,29981.015570246407,29972.148153262337,29973.569167897618,256
2025-05-08 01:10:00+00:00,29972.08127218804,29978.94841536316,29963.40079301769,29973.015957675074,714
2025-05-08 01:11:00+00:00,29971.431935027842,29980.47744846241,29959.720412915172,29971.056406856835,316
2025-05-08 01:12:00+00:00,29971.881702503142,29978.530675583974,29962.414533344094,29971.54144321902,563
2025-05-08 01:13:00+00:00,29970.73170019514,29988.851593497016,29956.50287135928,29969.80404247833,225
2025-05-08 01:14:00+00:00,29970.390969551143,29990.347877609838,29958.454564968855,29971.508432693696,621
2025-05-08 01:15:00+00:00,29971.422876069282,29990.666926660644,29952.64256126112,29972.547400610434,312
2025-05-08 01:16:00+00:00,29971.538691333088,29991.33631079573,29966.146514020533,29970.929265623996,198
2025-05-08 01:17:00+00:00,29970.94764211706,29988.153457344317,29954.28044089952,29969.7447727633,193
2025-05-08 01:18:00+00:00,29970.341537730936,29981.242730326343,29960.912067513334,29968.33540708684,250
2025-05-08 01:19:00+00:00,29972.241472352493,29982.325814651627,29953.457968238734,29972.05504234308,954
2025-05-08 01:20:00+00:00,29972.406264540998,29983.48912187371,29969.54118165045,29971.54681927638,814
2025-05-08 01:21:00+00:00,29970.484357301022,29985.27503953914,29950.555142450008,29968.83043523338,305
2025-05-08 01:22:00+00:00,29969.211588187343,29974.09758852207,29958.626258684963,29969.865331619163,430
2025-05-08 01:23:00+00:00,29969.94783740945,29987.384757000236,29963.988496586684,29970.120759840443,414
2025-05-08 01:24:00+00:00,29969.44840221155,29975.03766969114,29967.228232625377,29970.22616086236,708
2025-05-08 01:25:00+00:00,29970.6070008758,29982.035137218874,29962.499389930636,29970.991282588882,348
2025-05-08 01:26:00+00:00,29970.06086573548,29989.716404563274,29968.085990790692,29968.6979514645,384
2025-05-08 01:27:00+00:00,29971.708492972455,29991.244500389217,29969.046105937658,29972.180235881995,557
2025-05-08 01:28:00+00:00,29971.53420940139,29972.24717317583,29956.67878389864,29968.401394633,714
2025-05-08 01:29:00+00:00,29971.17711158858,29980.040279857283,29956.0924338391,29972.263029712783,342
2025-05-08 01:30:00+00:00,29972.095525092758,29988.573586031125,29970.267548649495,29972.193752134706,970
2025-05-08 01:31:00+00:00,29971.91847782445,29972.870171871014,29967.585962532652,29972.171163572355,751
2025-05-08 01:32:00+00:00,29971.29614835131,29973.16351542113,29969.72760442075,29969.76016643481,458
2025-05-08 01:33:00+00:00,29971.043372268326,29984.655237329953,29958.545942250446,29970.59536427434,914
2025-05-08 01:34:00+00:00,29970.68942904721,29983.249766394598,29967.282726475343,29970.013324318774,625
2025-05-08 01:35:00+00:00,29969.513061830257,29988.263373197573,29953.578756177056,29970.521294497765,628
2025-05-08 01:36:00+00:00,29969.14444008801,29972.03901926918,29952.123376478947,29969.514437385238,882
2025-05-08 01:37:00+00:00,29969.454052956808,29973.823065120712,29964.69141345064,29970.099183093083,177
2025-05-08 01:38:00+00:00,29969.011387789287,29988.064625610867,29949.837407698193,29969.58438719394,682
2025-05-08 01:39:00+00:00,29970.190418867223,29988.836451768784,29958.335109435106,29969.27688894909,330
2025-05-08 01:40:00+00:00,29969.48517343581,29985.68437156327,29967.318589778126,29970.669463343063,458
2025-05-08 01:41:00+00:00,29969.87058780982,29977.272432958373,29969.16051127621,29968.67926365433,505
2025-05-08 01:42:00+00:00,29971.34644034935,29988.710110801705,29959.031715337565,29971.08138738047,299
2025-05-08 01:43:00+00:00,29970.68740042851,29976.135560043,29951.38633840205,29970.766673516373,672
2025-05-08 01:44:00+00:00,29971.283120281154,29986.267178034603,29968.42246527097,29970.707347228737,315
2025-05-08 01:45:00+00:00,29969.06359157837,29984.543936829614,29963.45590497975,29967.636603893974,283
2025-05-08 01:46:00+00:00,29967.87444058482,29984.155667426523,29963.032612980223,29966.92491191947,340
2025-05-08 01:47:00+00:00,29966.45367085676,29968.51620122482,29947.758267579316,29966.99475177231,872
2025-05-08 01:48:00+00:00,29968.088656988217,29975.109230931994,29961.757050197644,29966.89350190481,869
2025-05-08 01:49:00+00:00,29967.922836157213,29978.960447876325,29963.226904951804,29968.169141375987,993
2025-05-08 01:50:00+00:00,29968.071065817552,29977.50301455665,29959.429501878098,29968.330446815962,132
2025-05-08 01:51:00+00:00,29967.022450303855,29981.208759196696,29956.550085395334,29970.024416746168,642
2025-05-08 01:52:00+00:00,29967.35782608461,29972.751100130954,29951.308462746183,29967.91838284424,162
2025-05-08 01:53:00+00:00,29967.277907416108,29983.539031136683,29963.560380807077,29967.612250155926,775
2025-05-08 01:54:00+00:00,29968.337624896856,29981.387527239225,29954.299685137277,29968.22581266584,604
2025-05-08 01:55:00+00:00,29969.318822469522,29987.156665664203,29951.92843154004,29971.25222636257,249
2025-05-08 01:56:00+00:00,29969.31458442321,29981.085279358573,29966.397957928693,29968.991955655973,337
2025-05-08 01:57:00+00:00,29967.564948810963,29982.829373303568,29952.850475809766,29967.17975195146,362
2025-05-08 01:58:00+00:00,29968.837605110406,29972.054634348402,29963.18338566412,29968.221097724458,810
2025-05-08 01:59:00+00:00,29967.679776885536,29987.272956974764,29955.162111847287,29968.957092151675,676
2025-05-08 02:00:00+00:00,29966.708277294674,29982.378411979724,29956.842143304813,29965.878883578127,782
2025-05-08 02:01:00+00:00,29966.116187992175,29966.164885500533,29960.003748195544,29966.25106197418,666
2025-05-08 02:02:00+00:00,29966.71818494723,29974.445867667364,29953.42541913819,29966.19284125254,223
2025-05-08 02:03:00+00:00,29968.082121895586,29977.11582225829,29960.952655801488,29967.272609695738,799
2025-05-08 02:04:00+00:00,29968.417359053085,29968.469408194895,29951.406542762277,29967.48778163128,989
2025-05-08 02:05:00+00:00,29969.042001941307,29973.994294514276,29952.548342118098,29968.523753299658,365
2025-05-08 02:06:00+00:00,29970.257855626714,29981.230291687414,29959.940716806523,29970.08168596915,770
2025-05-08 02:07:00+00:00,29970.770442217585,29981.938781154404,29968.940966186026,29969.474277904148,994
2025-05-08 02:08:00+00:00,29970.047343259233,29977.00380671076,29950.123054401804,29968.181395287873,800
2025-05-08 02:09:00+00:00,29970.47961627477,29979.248988792046,29959.590930695194,29971.344717818556,834
2025-05-08 02:10:00+00:00,29968.732834355633,29976.949943691845,29958.324220774735,29969.518684712762,590
2025-05-08 02:11:00+00:00,29970.61815805443,29990.463810622856,29955.863108924324,29970.633526429305,122
2025-05-08 02:12:00+00:00,29971.66248005603,29977.145152893907,29956.236320516342,29971.341469495615,324
2025-05-08 02:13:00+00:00,29969.556468262585,29972.232181053478,29952.705283473122,29968.692512591202,984
2025-05-08 02:14:00+00:00,29968.912178441413,29972.729091336205,29968.858672228875,29968.77739739223,237
2025-05-08 02:15:00+00:00,29968.948973788334,29974.97585570543,29967.589612063955,29969.310032879912,220
2025-05-08 02:16:00+00:00,29967.902275716744,29975.559124890897,29956.155638156382,29967.361968653775,860
2025-05-08 02:17:00+00:00,29968.800873840548,29970.478669582637,29950.03411248431,29968.476617802597,241
2025-05-08 02:18:00+00:00,29970.420140383016,29980.728751136714,29970.129450442844,29969.48142379664,278
2025-05-08 02:19:00+00:00,29968.874719944815,29981.458349525896,29964.997430344567,29966.64033725826,129
2025-05-08 02:20:00+00:00,29969.844845600182,29989.682214882465,29956.60638738144,29970.044948075538,835
2025-05-08 02:21:00+00:00,29970.163310992102,29980.621694512512,29952.270333827037,29972.451934836117,109
2025-05-08 02:22:00+00:00,29970.989363832054,29983.86679956721,29951.06898512799,29972.064708283593,133
2025-05-08 02:23:00+00:00,29972.521144178772,29991.260404104858,29963.055702933445,29971.67606920238,572
2025-05-08 02:24:00+00:00,29973.61852384071,29992.68712426523,29967.58797048677,29974.980955761526,137
2025-05-08 02:25:00+00:00,29972.470769556494,29990.01052868792,29969.69755959837,29971.150758380387,350
2025-05-08 02:26:00+00:00,29973.037690417048,29977.69221869058,29969.764103525216,29972.40611720739,115
2025-05-08 02:27:00+00:00,29974.26275420148,29990.2713171208,29968.458957832863,29973.719461314464,437
2025-05-08 02:28:00+00:00,29974.44397856051,29993.508139255482,29967.752397972716,29975.084681432505,205
2025-05-08 02:29:00+00:00,29975.320148362156,29979.45658797986,29958.03228586287,29973.518520423208,268
2025-05-08 02:30:00+00:00,29973.68136698627,29979.538740788874,29962.284144221623,29973.118517955518,359
2025-05-08 02:31:00+00:00,29973.66472695159,29986.664667169898,29967.935007137803,29972.61203662643,413
2025-05-08 02:32:00+00:00,29973.424420013675,29985.862365416466,29965.74273853453,29971.704307700176,902
2025-05-08 02:33:00+00:00,29975.51959136902,29986.50975987949,29956.302007654493,29975.654659053238,362
2025-05-08 02:34:00+00:00,29976.09609521616,29986.78204972263,29969.526419321955,29975.76349867642,345
2025-05-08 02:35:00+00:00,29975.89026602935,29984.74723839563,29957.436820265793,29976.69044490242,452
2025-05-08 02:36:00+00:00,29976.01687039431,29982.09929427321,29972.771558984,29975.560018767148,316
2025-05-08 02:37:00+00:00,29974.597150891535,29983.56001692419,29967.45543056794,29975.880650286977,809
2025-05-08 02:38:00+00:00,29974.10781453411,29976.08065891209,29970.730442925636,29974.228494426152,818
2025-05-08 02:39:00+00:00,29973.919465893803,29982.219336167673,29955.610397563072,29973.46087921923,745
2025-05-08 02:40:00+00:00,29974.823123230344,29978.964621309373,29970.291728967564,29974.85602910744,721
2025-05-08 02:41:00+00:00,29975.501878212,29981.002508611884,29955.692429953422,29976.157175848435,399
2025-05-08 02:42:00+00:00,29976.326352832733,29978.96746557774,29975.80072363639,29976.698375285996,868
2025-05-08 02:43:00+00:00,29977.642207211517,29996.267239377812,29961.682555585292,29976.272191862077,361
2025-05-08 02:44:00+00:00,29976.57810576184,29976.59345041939,29972.56464762189,29978.446540313907,530
2025-05-08 02:45:00+00:00,29976.43905014802,29978.06247986639,29957.800449783415,29977.290050315158,234
2025-05-08 02:46:00+00:00,29977.674994486824,29989.577226527203,29966.168885666386,29978.005464824568,626
2025-05-08 02:47:00+00:00,29977.84909313746,29991.961642711194,29974.895964700456,29978.80554865332,962
2025-05-08 02:48:00+00:00,29977.875298178667,29986.30927912298,29964.38093575579,29977.09378689911,774
2025-05-08 02:49:00+00:00,29977.80127751481,29989.52973136489,29966.38439891922,29978.883937165112,177
2025-05-08 02:50:00+00:00,29977.840333265773,29993.99226226907,29973.04844446728,29977.351481387213,805
2025-05-08 02:51:00+00:00,29978.91467355531,29992.250179882965,29971.933075989124,29977.790797784073,547
2025-05-08 02:52:00+00:00,29979.393871671025,29995.95358155608,29974.606766243982,29979.651723562332,897
2025-05-08 02:53:00+00:00,29979.59143655829,29992.185159790493,29976.91513210053,29978.125232048715,946
2025-05-08 02:54:00+00:00,29978.32853587372,29994.957406746293,29959.385475349052,29977.979419919877,927
2025-05-08 02:55:00+00:00,29977.599812582477,29988.173310982682,29968.409628211346,29976.857564402922,813
2025-05-08 02:56:00+00:00,29976.89121918742,29982.615823316155,29972.634306288117,29975.677240268687,947
2025-05-08 02:57:00+00:00,29976.51790174502,29985.508917490275,29963.99056251937,29976.843921883068,770
2025-05-08 02:58:00+00:00,29977.213313343815,29982.437194502385,29971.201915794863,29978.34709138635,536
2025-05-08 02:59:00+00:00,29977.43924556615,29982.84890308897,29967.413284798127,29976.877766927715,346
2025-05-08 03:00:00+00:00,29977.320526281957,29987.424663406604,29967.52813042662,29977.03302832408,480
2025-05-08 03:01:00+00:00,29976.51997235295,29978.674143379412,29969.961051772185,29976.01317093429,820
2025-05-08 03:02:00+00:00,29977.233935533124,29988.215093414008,29967.07072002814,29977.769945145712,596
2025-05-08 03:03:00+00:00,29976.177861120344,29992.51293195955,29962.532239481032,29975.128992695198,630
2025-05-08 03:04:00+00:00,29976.7601215198,29987.963580999694,29965.92062986914,29976.091036471546,523
2025-05-08 03:05:00+00:00,29975.95424928295,29979.813716153876,29973.597279758586,29976.551603444557,182
2025-05-08 03:06:00+00:00,29975.212075326024,29977.54209620958,29970.621791052767,29974.36499393469,203
2025-05-08 03:07:00+00:00,29974.39326825416,29984.81558347534,29970.875750010797,29974.771735525137,121
2025-05-08 03:08:00+00:00,29976.512991149946,29992.096900428885,29971.01667290544,29976.11772570194,862
2025-05-08 03:09:00+00:00,29975.919310306508,29995.327612769495,29972.083203431506,29976.285901260035,105
2025-05-08 03:10:00+00:00,29975.69484745482,29988.777155057436,29968.77099888578,29975.848590040303,964
2025-05-08 03:11:00+00:00,29974.737830144928,29992.272516277295,29969.94461493242,29974.77514147918,218
2025-05-08 03:12:00+00:00,29974.593333458477,29975.598612631467,29956.09594462235,29974.8349678967,556
2025-05-08 03:13:00+00:00,29972.311436212192,29982.981800728325,29962.939655928858,29972.698326416485,937
2025-05-08 03:14:00+00:00,29972.630608641794,29985.095668868693,29957.401697935653,29972.68097561663,901
2025-05-08 03:15:00+00:00,29972.862813872976,29983.340772432686,29955.793027209256,29970.48779071309,665
2025-05-08 03:16:00+00:00,29970.983579523043,29981.492909535453,29959.104137371385,29970.720349793002,847
2025-05-08 03:17:00+00:00,29971.526829261336,29983.56255467112,29964.718568004984,29973.969234280416,515
2025-05-08 03:18:00+00:00,29971.9584448689,29977.36312797674,29968.39613913253,29971.98293501476,129
2025-05-08 03:19:00+00:00,29971.641625329295,29977.712438552346,29960.7071580513,29972.475687133017,277
2025-05-08 03:20:00+00:00,29971.74611559817,29981.937498820374,29955.73211059637,29972.196804526146,675
2025-05-08 03:21:00+00:00,29972.010031051006,29977.669514008674,29970.64856254384,29972.970571110447,290
2025-05-08 03:22:00+00:00,29972.125509211233,29974.38792428062,29959.064732181385,29971.738014172017,707
2025-05-08 03:23:00+00:00,29971.87948312783,29985.688086115504,29958.66826952739,29971.65809474289,149
2025-05-08 03:24:00+00:00,29971.945854772304,29986.297260935666,29962.59505644459,29970.369497526128,856
2025-05-08 03:25:00+00:00,29972.814059113585,29978.964171600008,29958.622132880773,29973.16424308359,253
2025-05-08 03:26:00+00:00,29973.263071543115,29979.77339743688,29954.756761259585,29972.48918430319,950
2025-05-08 03:27:00+00:00,29973.7074524611,29991.659352607738,29972.325220482515,29974.835887490473,743
2025-05-08 03:28:00+00:00,29973.23146557691,29973.99567138967,29959.913802767824,29975.44948418474,198
2025-05-08 03:29:00+00:00,29973.72997068909,29993.469617046077,29955.2823292794,29972.775349704687,463
2025-05-08 03:30:00+00:00,29972.149511044223,29978.502336492686,29966.590603648354,29971.59658697473,774
2025-05-08 03:31:00+00:00,29971.009652665685,29986.919985058114,29970.25046713682,29969.989073758596,505
2025-05-08 03:32:00+00:00,29970.284749587776,29971.53119222513,29955.193565961494,29969.173999926992,721
2025-05-08 03:33:00+00:00,29971.41413240678,29973.6670657683,29957.663648407855,29969.79530743396,181
2025-05-08 03:34:00+00:00,29972.565201784982,29982.51630441196,29971.533050566075,29973.1959833425,641
2025-05-08 03:35:00+00:00,29972.04415749269,29982.33007029864,29955.138010153427,29972.070692220965,743
2025-05-08 03:36:00+00:00,29972.338956631003,29973.868580017333,29959.02715825913,29972.06973176011,897
2025-05-08 03:37:00+00:00,29971.315086006623,29977.940146735447,29962.365193946865,29972.086028652124,848
2025-05-08 03:38:00+00:00,29970.37834449598,29987.182796511526,29957.48713371179,29972.608471762614,689
2025-05-08 03:39:00+00:00,29971.39698511209,29985.645014404283,29964.07637783045,29971.168670065967,623
2025-05-08 03:40:00+00:00,29970.666199878255,29979.214465029025,29968.40353975048,29971.06860787605,256
2025-05-08 03:41:00+00:00,29971.331158817742,29971.51310525704,29970.819986151277,29970.797402148648,340
2025-05-08 03:42:00+00:00,29970.64673522939,29984.585774913332,29966.539965549277,29970.979852499775,483
2025-05-08 03:43:00+00:00,29970.872958017793,29986.517830847846,29955.86540677065,29969.139732867865,553
2025-05-08 03:44:00+00:00,29971.866010654,29987.658247847663,29952.303513689167,29971.681070404127,521
2025-05-08 03:45:00+00:00,29971.475757959382,29980.300308420734,29960.31008743899,29971.840961785118,905
2025-05-08 03:46:00+00:00,29970.89443591451,29988.723906044153,29955.395921055388,29971.221696204593,315
2025-05-08 03:47:00+00:00,29969.46649171896,29980.967038988685,29968.4230276987,29969.620819820244,966
2025-05-08 03:48:00+00:00,29968.19353236109,29977.950805661425,29950.11075635705,29968.52120446352,946
2025-05-08 03:49:00+00:00,29967.72181553795,29982.07101727355,29967.592016850587,29968.961160839695,301
2025-05-08 03:50:00+00:00,29966.705448328397,29982.67649145228,29956.8154876542,29966.965257462485,160
2025-05-08 03:51:00+00:00,29966.36800666714,29982.346048881718,29952.74617618689,29966.671763962368,934
2025-05-08 03:52:00+00:00,29966.05828010452,29970.9244217112,29955.803609945036,29964.382421969116,190
2025-05-08 03:53:00+00:00,29967.747988983312,29971.25816755619,29964.090179941682,29967.18539638144,502
2025-05-08 03:54:00+00:00,29967.50498319206,29985.088839065505,29951.45412620764,29967.98374822675,464
2025-05-08 03:55:00+00:00,29969.08519026515,29970.183404822652,29960.051779192123,29967.56716911837,417
2025-05-08 03:56:00+00:00,29968.78633674668,29987.77053875071,29961.391056297507,29970.094187435432,784
2025-05-08 03:57:00+00:00,29965.80053757917,29983.668769639084,29947.988029642645,29967.53546686928,297
2025-05-08 03:58:00+00:00,29967.67404123373,29968.54024283935,29958.38675534107,29967.920489740733,874
2025-05-08 03:59:00+00:00,29967.83655591423,29979.48411573174,29963.357780246897,29968.75109212585,689
2025-05-08 04:00:00+00:00,29969.047732664196,29985.009523567245,29963.663821220827,29968.498541729663,625
2025-05-08 04:01:00+00:00,29968.50756819297,29975.53683155635,29951.351314597203,29967.97045884321,332
2025-05-08 04:02:00+00:00,29967.52567894435,29979.811924733,29956.41806785747,29965.215727683266,162
2025-05-08 04:03:00+00:00,29967.133648919804,29982.608614570538,29959.83178502127,29966.746132978864,538
2025-05-08 04:04:00+00:00,29967.225657213377,29981.725475245268,29952.68827960123,29966.540508787,393
2025-05-08 04:05:00+00:00,29966.92478465247,29982.28010593349,29951.907178667552,29966.358176585145,152
2025-05-08 04:06:00+00:00,29967.55501288092,29979.32273713216,29956.75716887771,29966.49742487514,633
2025-05-08 04:07:00+00:00,29967.854107316285,29983.511083885605,29955.675301618638,29969.00790180956,119
2025-05-08 04:08:00+00:00,29969.03568773524,29988.60248449502,29964.12998150719,29967.586129174008,401
2025-05-08 04:09:00+00:00,29970.362105337164,29989.17170912409,29966.630661318984,29971.777946701335,240
2025-05-08 04:10:00+00:00,29971.653043688788,29985.534257573952,29956.386615640295,29972.890420266307,208
2025-05-08 04:11:00+00:00,29969.644255426763,29976.686633105575,29958.763587900026,29970.17502241284,357
2025-05-08 04:12:00+00:00,29969.530240605858,29979.38946829477,29949.59177612633,29970.93657605881,929
2025-05-08 04:13:00+00:00,29969.038354397617,29986.85722276307,29968.98656638821,29968.656528342643,221
2025-05-08 04:14:00+00:00,29969.607311432006,29982.04357461996,29969.538665230684,29971.05045500537,415
2025-05-08 04:15:00+00:00,29969.680465526624,29975.37920995456,29961.72282316857,29970.012257575418,164
2025-05-08 04:16:00+00:00,29969.620765738255,29986.50398816656,29962.287919076767,29970.570093012775,685
2025-05-08 04:17:00+00:00,29969.50167185786,29974.65863052277,29953.026445246443,29970.110570590365,258
2025-05-08 04:18:00+00:00,29968.438382012722,29968.460150826657,29957.9758712092,29968.924269897638,692
2025-05-08 04:19:00+00:00,29969.980919466234,29975.585904515367,29955.541405311036,29970.2772526512,332
2025-05-08 04:20:00+00:00,29969.7165572543,29983.734070589828,29958.645851125282,29969.951513968776,570
2025-05-08 04:21:00+00:00,29970.638463239004,29980.911368698835,29957.561287223674,29970.03295425653,730
2025-05-08 04:22:00+00:00,29970.508379235092,29984.13548149504,29960.113033654485,29970.441649630226,364
2025-05-08 04:23:00+00:00,29969.97754414396,29989.171600163572,29961.683061844535,29970.92238866287,472
2025-05-08 04:24:00+00:00,29968.777361532193,29972.247595538673,29961.59385200213,29968.600080150147,608
2025-05-08 04:25:00+00:00,29968.044563773616,29979.221380927604,29959.707041457405,29967.30317053809,176
2025-05-08 04:26:00+00:00,29968.43552728304,29975.25246937228,29967.19810024775,29969.7512952895,123
2025-05-08 04:27:00+00:00,29969.180180111525,29976.40506157725,29958.472999966205,29969.11038331975,856
2025-05-08 04:28:00+00:00,29969.946165810983,29977.254790681214,29953.216998034623,29969.15212067198,369
2025-05-08 04:29:00+00:00,29969.6327890951,29976.11978226467,29953.095656796053,29969.88228538241,862
2025-05-08 04:30:00+00:00,29969.254464735426,29972.715518326717,29950.181439573746,29970.6043854421,229
2025-05-08 04:31:00+00:00,29969.60070175624,29985.92378403824,29967.116743430997,29968.40348695457,154
2025-05-08 04:32:00+00:00,29970.18503467711,29986.744653201848,29961.872414031935,29971.225676562524,814
2025-05-08 04:33:00+00:00,29969.00922044521,29984.614969803442,29957.606338092977,29968.163303966838,550
2025-05-08 04:34:00+00:00,29969.21066199359,29973.138347453263,29957.366556662502,29967.11094063728,633
2025-05-08 04:35:00+00:00,29967.87411677027,29970.112155877945,29965.461718084785,29966.1328161048,178
2025-05-08 04:36:00+00:00,29967.11989084306,29978.809867208045,29950.023635159934,29968.281196128737,165
2025-05-08 04:37:00+00:00,29968.52446388634,29986.82529987513,29963.514486943397,29966.46594222521,136
2025-05-08 04:38:00+00:00,29968.88654395554,29980.20349434865,29960.532590113628,29969.0915659895,335
2025-05-08 04:39:00+00:00,29967.063224024892,29977.312433046478,29948.428197964877,29967.51174820099,159
2025-05-08 04:40:00+00:00,29967.566727612935,29978.962660777448,29964.00785241256,29966.931385350024,667
2025-05-08 04:41:00+00:00,29967.680501585422,29984.66906140718,29963.34543181284,29967.783348587964,806
2025-05-08 04:42:00+00:00,29968.895678583427,29976.43191943323,29959.406931223308,29969.06425968601,185
2025-05-08 04:43:00+00:00,29969.321738962884,29981.13480793972,29963.226143513246,29969.118923219656,826
2025-05-08 04:44:00+00:00,29969.493612409435,29984.48415511795,29955.29781569665,29968.98286048061,102
2025-05-08 04:45:00+00:00,29968.586941750593,29968.670791226024,29958.43608489322,29968.011521500226,987
2025-05-08 04:46:00+00:00,29968.876022836524,29969.493495554678,29964.771892993536,29969.94507735665,538
2025-05-08 04:47:00+00:00,29971.00640105447,29975.7974256079,29962.280938527107,29971.550751878633,644
2025-05-08 04:48:00+00:00,29970.69173851965,29982.364830797545,29968.616801391705,29969.793153319108,678
2025-05-08 04:49:00+00:00,29972.571106343446,29976.517855126895,29953.85909799655,29973.243346199302,872
2025-05-08 04:50:00+00:00,29974.839117425883,29978.360321205942,29964.72509754774,29976.159036994744,823
2025-05-08 04:51:00+00:00,29974.614655127123,29988.756285153224,29968.203733340582,29975.33310897153,753
2025-05-08 04:52:00+00:00,29975.556076094756,29993.1160664457,29957.265887707188,29974.314247260463,724
2025-05-08 04:53:00+00:00,29976.263699437422,29977.304679653917,29973.519495796445,29976.08454227189,943
2025-05-08 04:54:00+00:00,29976.535081999238,29991.8606593652,29961.047991053485,29976.475653293346,227
2025-05-08 04:55:00+00:00,29975.58403842471,29994.412991413374,29956.467462580695,29975.49738143576,271
2025-05-08 04:56:00+00:00,29975.667684381722,29993.717147901614,29961.277286440076,29977.313799946834,966
2025-05-08 04:57:00+00:00,29974.950361605435,29983.86618913746,29969.15863003374,29974.780461660233,181
2025-05-08 04:58:00+00:00,29973.9259080066,29982.41024795672,29963.942333509487,29974.87532696938,189
2025-05-08 04:59:00+00:00,29973.59998556258,29989.740962239764,29953.89237560886,29973.804487101617,568
2025-05-08 05:00:00+00:00,29974.07077566109,29976.15286447986,29960.46257477945,29975.13157931153,360
2025-05-08 05:01:00+00:00,29975.064696233592,29978.05170172218,29967.795363673547,29975.164789156497,655
2025-05-08 05:02:00+00:00,29973.81311904742,29983.48663621883,29961.05841552578,29973.69542067895,517
2025-05-08 05:03:00+00:00,29973.74017757954,29974.64436769466,29955.69991905482,29973.557138954013,437
2025-05-08 05:04:00+00:00,29973.395154187838,29983.51716953038,29970.835136981343,29972.795307010234,802
2025-05-08 05:05:00+00:00,29974.3127610314,29987.34933012216,29968.87646290041,29973.292053842222,481
2025-05-08 05:06:00+00:00,29974.988702823463,29984.52173174435,29963.423839429503,29975.62455281128,655
2025-05-08 05:07:00+00:00,29974.638489007626,29981.487514923283,29955.77017932676,29974.151614634895,484
2025-05-08 05:08:00+00:00,29972.348055354225,29986.790636096743,29966.29462433211,29973.235758020954,375
2025-05-08 05:09:00+00:00,29972.92202656909,29981.770952218478,29965.438306968485,29974.431806644043,522
2025-05-08 05:10:00+00:00,29971.602985091424,29974.650038284515,29957.36109134219,29972.862522708445,334
2025-05-08 05:11:00+00:00,29971.804588244046,29984.60173348597,29965.844893026475,29971.51457281246,677
2025-05-08 05:12:00+00:00,29970.569937901204,29983.306124145172,29960.538369934147,29969.28053332323,366
2025-05-08 05:13:00+00:00,29970.192306620964,29970.870074229322,29960.31599029716,29972.24098944522,794
2025-05-08 05:14:00+00:00,29968.856011983204,29984.468049312283,29952.582675487127,29968.86373201448,295
2025-05-08 05:15:00+00:00,29969.44240929538,29987.901033022583,29967.19174132176,29968.739015265717,555
2025-05-08 05:16:00+00:00,29968.783506328702,29974.65905345768,29956.091093537798,29968.73464349294,957
2025-05-08 05:17:00+00:00,29971.157062366805,29985.514069473156,29953.051174554275,29972.32788441036,742
2025-05-08 05:18:00+00:00,29970.107809831126,29985.856506128537,29964.288841726844,29969.509082897996,353
2025-05-08 05:19:00+00:00,29968.67095007728,29982.0669881972,29960.117348671112,29970.433612777044,831
2025-05-08 05:20:00+00:00,29968.600938858785,29970.828151378642,29949.814956553593,29969.37658498602,272
2025-05-08 05:21:00+00:00,29967.54149426526,29977.256002903017,29950.245027181187,29967.15828442645,182
2025-05-08 05:22:00+00:00,29967.991069096683,29979.189165410746,29953.75190340672,29967.05976827754,306
2025-05-08 05:23:00+00:00,29968.62224877086,29971.244264759873,29950.335203173425,29969.968371276307,322
2025-05-08 05:24:00+00:00,29967.976837731723,29984.879894642312,29951.79743839727,29968.640075602983,935
2025-05-08 05:25:00+00:00,29968.370906405355,29979.218077233414,29950.977902638737,29967.489669580904,957
2025-05-08 05:26:00+00:00,29967.872616882025,29978.55972285859,29961.764806938987,29969.234057466787,132
2025-05-08 05:27:00+00:00,29967.743296446377,29968.731067589455,29948.68137405668,29967.90162366948,155
2025-05-08 05:28:00+00:00,29967.56947491595,29984.894613212746,29950.121032584597,29967.473915362003,180
2025-05-08 05:29:00+00:00,29967.402314066585,29983.889750813472,29947.888337268163,29967.351113790126,280
2025-05-08 05:30:00+00:00,29965.898413866027,29973.94317973102,29961.77950921676,29964.99842275586,549
2025-05-08 05:31:00+00:00,29967.061574741467,29983.337107276355,29965.12332705067,29967.34653625269,659
2025-05-08 05:32:00+00:00,29965.33883107491,29980.288695985335,29963.637666995783,29966.631217196424,764
2025-05-08 05:33:00+00:00,29967.71030914731,29982.740591502068,29958.211117873572,29967.730374454903,753
2025-05-08 05:34:00+00:00,29968.241639493506,29969.542760852146,29958.829941681553,29968.39707900333,370
2025-05-08 05:35:00+00:00,29967.232981411064,29974.50108497142,29964.3181798954,29966.98361519687,550
2025-05-08 05:36:00+00:00,29967.111834375493,29967.186710056492,29963.285072486877,29967.23004514758,731
2025-05-08 05:37:00+00:00,29967.08889422614,29986.430414235012,29950.173741646413,29967.596318912023,343
2025-05-08 05:38:00+00:00,29967.703288776433,29980.96602989678,29965.239161183497,29967.156044000014,628
2025-05-08 05:39:00+00:00,29967.68146753406,29984.014003360026,29963.14355289121,29967.312954121797,423
2025-05-08 05:40:00+00:00,29966.65914416202,29972.151120669027,29951.212530493885,29967.29279263952,250
2025-05-08 05:41:00+00:00,29966.186443998376,29984.15784874283,29963.875175980655,29965.174132664873,348
2025-05-08 05:42:00+00:00,29964.68786594529,29966.47258112427,29953.22055511085,29966.025150316564,535
2025-05-08 05:43:00+00:00,29964.692395315156,29981.511371422483,29954.73281173599,29963.898120579008,857
2025-05-08 05:44:00+00:00,29964.83072612759,29979.732321784326,29964.775005319836,29965.11825780338,496
2025-05-08 05:45:00+00:00,29964.67889079228,29983.216993705693,29960.85526678437,29964.33495302565,451
2025-05-08 05:46:00+00:00,29965.703836571138,29966.77001989891,29953.035053922995,29965.066822156954,788
2025-05-08 05:47:00+00:00,29964.124602242384,29967.95261118331,29948.72059277197,29964.350856613306,178
2025-05-08 05:48:00+00:00,29963.649704484003,29977.142930331047,29956.25735245855,29962.94024219842,575
2025-05-08 05:49:00+00:00,29963.615871313134,29983.430736778206,29961.987549957506,29963.39164977188,151
2025-05-08 05:50:00+00:00,29962.274812970158,29970.808131438334,29943.49086562737,29961.802761240488,146
2025-05-08 05:51:00+00:00,29965.053064284548,29979.007602019115,29952.299857745045,29965.637276692476,659
2025-05-08 05:52:00+00:00,29966.221099503044,29971.489189351636,29947.45802557905,29967.277881685328,940
2025-05-08 05:53:00+00:00,29967.208023131367,29978.14825273623,29953.908460718507,29966.43255809485,355
2025-05-08 05:54:00+00:00,29965.265833642632,29975.48816007053,29955.87783871862,29965.507086453876,291
2025-05-08 05:55:00+00:00,29964.83777671325,29967.539755091788,29957.277528113347,29965.314601727674,967
2025-05-08 05:56:00+00:00,29967.010202557565,29972.657194143314,29959.90533228551,29966.717322073488,186
2025-05-08 05:57:00+00:00,29966.958785602612,29974.436382593853,29959.10078046833,29967.265769247097,386
2025-05-08 05:58:00+00:00,29966.739705684882,29978.732600565065,29952.505691213268,29967.54695742364,360
2025-05-08 05:59:00+00:00,29967.794155198055,29978.968835781932,29953.553948007273,29968.042514113924,404
2025-05-08 06:00:00+00:00,29968.238962201915,29984.99818673717,29949.84390782619,29968.876814614086,670
2025-05-08 06:01:00+00:00,29967.941447182413,29974.25951883248,29961.411473030803,29968.28073887217,961
2025-05-08 06:02:00+00:00,29968.541329513024,29976.230135369642,29963.450100797425,29970.472265584634,304
2025-05-08 06:03:00+00:00,29966.67089394146,29974.28796336973,29960.662138477343,29967.29328616162,273
2025-05-08 06:04:00+00:00,29968.12811041109,29971.25451881207,29955.716845452953,29969.47639540598,165
2025-05-08 06:05:00+00:00,29968.494539668885,29978.773336116414,29954.23964070603,29969.162525205968,157
2025-05-08 06:06:00+00:00,29967.928050724746,29973.456503205147,29957.214663023482,29968.236000726603,408
2025-05-08 06:07:00+00:00,29967.97755353524,29984.525307232983,29954.367387767157,29967.697360076432,384
2025-05-08 06:08:00+00:00,29969.31629756558,29974.729350375237,29956.15601530902,29969.576670547078,637
2025-05-08 06:09:00+00:00,29969.372012947784,29976.868423279157,29955.694190143702,29967.23760059258,728
2025-05-08 06:10:00+00:00,29969.529311203474,29969.831403579738,29956.834968258,29968.849408366757,564
2025-05-08 06:11:00+00:00,29969.410752978863,29979.20413262411,29958.69346994386,29970.91371685157,847
2025-05-08 06:12:00+00:00,29968.617792264493,29983.972857267894,29953.339045440454,29968.14614416389,131
2025-05-08 06:13:00+00:00,29970.49566637737,29988.078338488092,29956.520596957616,29969.978207278946,131
2025-05-08 06:14:00+00:00,29971.769306668295,29977.36852025851,29971.396781331157,29971.488572819806,341
2025-05-08 06:15:00+00:00,29973.31508743629,29992.383776183233,29958.397375820172,29974.076991820104,250
2025-05-08 06:16:00+00:00,29971.70392206587,29985.053647318946,29955.420507515133,29972.063483672177,122
2025-05-08 06:17:00+00:00,29968.90041804231,29979.313615249685,29951.496106245566,29967.728569497434,766
2025-05-08 06:18:00+00:00,29969.116170963483,29981.474445999993,29962.764189477868,29969.40555149013,687
2025-05-08 06:19:00+00:00,29970.100219195305,29983.16205404513,29965.611533942145,29970.52256964461,519
2025-05-08 06:20:00+00:00,29970.70268551792,29990.244873750828,29961.920015134707,29971.636406913334,971
2025-05-08 06:21:00+00:00,29971.400999296606,29986.74183576462,29966.087082889164,29971.415538426678,794
2025-05-08 06:22:00+00:00,29971.214495531465,29973.060092393138,29959.01417924328,29970.55515668638,638
2025-05-08 06:23:00+00:00,29970.299499864526,29983.502952744144,29957.126725043716,29970.661856589028,468
2025-05-08 06:24:00+00:00,29970.907561936125,29977.554943658073,29952.213362377293,29968.632535447727,990
2025-05-08 06:25:00+00:00,29971.748369058037,29984.02456943522,29959.927324107273,29970.48911702198,119
2025-05-08 06:26:00+00:00,29969.31011558809,29980.04284446198,29967.72109194783,29969.64424662346,123
2025-05-08 06:27:00+00:00,29968.9766868109,29977.13867436634,29959.710272183773,29971.018057663696,661
2025-05-08 06:28:00+00:00,29970.112129583744,29989.63143497727,29960.770811193834,29969.261300265167,684
2025-05-08 06:29:00+00:00,29969.13941083575,29983.110689299057,29965.631770868786,29970.316894345036,167
2025-05-08 06:30:00+00:00,29967.18495920427,29974.94850260711,29965.81607444167,29970.086226058807,100
2025-05-08 06:31:00+00:00,29966.4346779741,29974.38202206795,29964.215807009074,29965.224396023455,284
2025-05-08 06:32:00+00:00,29966.398515539124,29981.114546145145,29962.700594615024,29968.216981405974,890
2025-05-08 06:33:00+00:00,29967.25324469312,29974.16547343686,29964.431237498688,29968.80084744338,904
2025-05-08 06:34:00+00:00,29967.350566933463,29970.758242951015,29956.076024169502,29966.48902421595,252
2025-05-08 06:35:00+00:00,29967.114932089647,29970.063189595978,29959.052205217915,29966.426982876306,263
2025-05-08 06:36:00+00:00,29967.493504660142,29983.526902671307,29962.89786230094,29968.54547346423,922
2025-05-08 06:37:00+00:00,29965.30684131317,29977.107366412998,29948.735364842825,29964.7893587126,391
2025-05-08 06:38:00+00:00,29965.013516685514,29984.29516746724,29947.98660455918,29966.28136704347,404
2025-05-08 06:39:00+00:00,29965.73647291076,29978.13131234761,29954.672491968646,29966.41864277753,304
2025-05-08 06:40:00+00:00,29965.735683299587,29973.25667821418,29959.263780765617,29964.388638880726,558
2025-05-08 06:41:00+00:00,29966.120090713463,29972.618945513274,29950.027482827656,29964.387503156846,420
2025-05-08 06:42:00+00:00,29967.349375194473,29971.217902040855,29962.061263801774,29967.964236655836,282
2025-05-08 06:43:00+00:00,29966.98459514623,29985.238988307265,29956.30182475927,29966.62087050694,875
2025-05-08 06:44:00+00:00,29966.95229218965,29983.088627592882,29966.56456981949,29968.03956056766,607
2025-05-08 06:45:00+00:00,29966.531770671107,29977.35253211177,29946.762887201217,29964.700550585858,389
2025-05-08 06:46:00+00:00,29967.78586093657,29980.382398387163,29948.313023034098,29967.012228962165,808
2025-05-08 06:47:00+00:00,29967.401208939056,29987.331753467963,29954.101792694684,29969.07324853049,891
2025-05-08 06:48:00+00:00,29966.5929750753,29974.420166802593,29957.23069186078,29966.847712692674,698
2025-05-08 06:49:00+00:00,29967.29222711711,29980.909103853435,29955.33995709506,29966.81478364436,456
2025-05-08 06:50:00+00:00,29965.375517692388,29965.601054752657,29958.16339711603,29963.461724065586,492
2025-05-08 06:51:00+00:00,29964.54286218198,29974.202455898296,29952.751389826775,29964.03296397794,795
2025-05-08 06:52:00+00:00,29966.013935268722,29976.967930748546,29956.74087035574,29966.34055601711,156
2025-05-08 06:53:00+00:00,29966.610050426665,29975.324295800463,29966.42885470802,29967.253107488512,459
2025-05-08 06:54:00+00:00,29968.216713578317,29987.35012535323,29961.897514870936,29967.760106819962,296
2025-05-08 06:55:00+00:00,29968.005416694465,29985.240809807703,29949.07203271138,29968.91385330543,931
2025-05-08 06:56:00+00:00,29967.2787428556,29968.327530082148,29952.813620066107,29967.238653376502,325
2025-05-08 06:57:00+00:00,29966.331745231335,29970.423539608684,29957.734049275903,29965.124053406278,290
2025-05-08 06:58:00+00:00,29966.93002857585,29970.89135752173,29963.51014428819,29967.79515726467,850
2025-05-08 06:59:00+00:00,29967.080654552792,29969.97091380597,29965.099056074825,29969.10106465436,639
2025-05-08 07:00:00+00:00,29966.486648169375,29983.235085543933,29959.59586394044,29962.809630646087,316
2025-05-08 07:01:00+00:00,29967.335232015626,29967.8065886757,29963.439037527758,29967.52234968435,808
2025-05-08 07:02:00+00:00,29968.926310270705,29984.203340560405,29954.516226936328,29968.69168838627,253
2025-05-08 07:03:00+00:00,29968.742983357028,29973.312126655743,29960.750632769585,29969.10495778109,759
2025-05-08 07:04:00+00:00,29969.192162085794,29973.565786750674,29965.213982364436,29969.420355630908,305
2025-05-08 07:05:00+00:00,29970.069789656412,29984.861996453663,29951.73501410715,29970.952010015786,189
2025-05-08 07:06:00+00:00,29972.047558633338,29979.349400916602,29963.44370029751,29971.811097455826,386
2025-05-08 07:07:00+00:00,29972.246854178327,29973.626475108143,29957.570040512874,29971.196138820265,741
2025-05-08 07:08:00+00:00,29971.61711612376,29974.0166978679,29959.460957318566,29971.50981183811,593
2025-05-08 07:09:00+00:00,29971.64758763402,29977.17440364245,29961.765783871186,29971.8720214236,169
2025-05-08 07:10:00+00:00,29969.70825193471,29976.461895009354,29953.070783293806,29970.435527459103,522
2025-05-08 07:11:00+00:00,29970.638219695764,29973.2210070034,29966.849123761167,29969.89920254474,776
2025-05-08 07:12:00+00:00,29971.353806151637,29971.37937887655,29961.146145513918,29971.21340322604,798
2025-05-08 07:13:00+00:00,29972.736308171923,29988.478453178926,29956.34666242966,29971.92864280698,692
2025-05-08 07:14:00+00:00,29973.40275160583,29993.27443432339,29959.29452394366,29973.978246849776,779
2025-05-08 07:15:00+00:00,29973.152296340202,29975.45336782161,29957.72204117599,29973.437714523523,761
2025-05-08 07:16:00+00:00,29973.598708351685,29987.21997325132,29972.872793529976,29973.71940784289,341
2025-05-08 07:17:00+00:00,29973.656789141733,29988.710541797085,29972.876922009025,29974.747388319414,994
2025-05-08 07:18:00+00:00,29974.772619634743,29985.744064561426,29971.448952607487,29975.703310108798,241
2025-05-08 07:19:00+00:00,29976.001547076696,29983.21653818998,29963.544601780923,29974.925038240584,425
2025-05-08 07:20:00+00:00,29974.792397995305,29976.633622939702,29966.28045315521,29974.666357458205,305
2025-05-08 07:21:00+00:00,29974.71559629933,29988.25967500308,29961.754354971847,29976.71123207241,196
2025-05-08 07:22:00+00:00,29974.426735194113,29988.5734786684,29957.6088015712,29974.093811578736,210
2025-05-08 07:23:00+00:00,29975.29310597249,29979.323178906714,29972.21521082873,29975.834390555498,684
2025-05-08 07:24:00+00:00,29976.150118266276,29983.85970051647,29960.96361545632,29976.144421892775,295
2025-05-08 07:25:00+00:00,29975.00703346295,29984.376391630718,29973.33078597604,29975.776764192804,753
2025-05-08 07:26:00+00:00,29973.766426476544,29983.094038032865,29957.97038597031,29973.504409630208,762
2025-05-08 07:27:00+00:00,29972.680428371288,29985.337354733696,29959.208663189045,29971.29110983382,665
2025-05-08 07:28:00+00:00,29972.01818517184,29979.68030646832,29965.91609354057,29973.94325047171,585
2025-05-08 07:29:00+00:00,29970.802618717826,29983.0967326527,29958.623933221526,29970.815319172194,274
2025-05-08 07:30:00+00:00,29970.08682189256,29988.653846297322,29961.296196969808,29970.86403532081,756
2025-05-08 07:31:00+00:00,29971.25943669662,29980.965491505798,29951.688027509623,29970.286016380593,581
2025-05-08 07:32:00+00:00,29970.865973558422,29981.850532602202,29953.340604073248,29970.691804983246,460
2025-05-08 07:33:00+00:00,29970.709833367477,29981.899335584647,29955.041878318272,29971.07113482918,221
2025-05-08 07:34:00+00:00,29970.472017345408,29979.54153675189,29963.86882291578,29971.6600569804,717
2025-05-08 07:35:00+00:00,29970.939742664435,29978.789369123137,29969.60575534675,29972.581974788023,132
2025-05-08 07:36:00+00:00,29971.245721020015,29987.508984125576,29968.40965005402,29970.967059712817,501
2025-05-08 07:37:00+00:00,29972.423284569613,29988.44697643312,29970.8608812586,29971.8879967978,572
2025-05-08 07:38:00+00:00,29971.413609011397,29979.837958088003,29953.63335212865,29971.16316716893,761
2025-05-08 07:39:00+00:00,29970.775519572035,29987.961532829588,29952.326469285345,29971.647434703937,980
2025-05-08 07:40:00+00:00,29969.71287939499,29976.872062505052,29965.462444390923,29970.312378497947,545
2025-05-08 07:41:00+00:00,29970.627296832758,29979.424379997534,29962.097436821863,29970.3988545978,529
2025-05-08 07:42:00+00:00,29970.025661066833,29977.377766852052,29950.23862454604,29969.975002352094,783
2025-05-08 07:43:00+00:00,29970.40963027081,29972.89228036169,29969.519473346834,29971.419402845324,521
2025-05-08 07:44:00+00:00,29971.67017097689,29971.942936499003,29963.957558389695,29972.474967334736,932
2025-05-08 07:45:00+00:00,29973.044402577478,29980.506800815998,29953.322202496227,29974.5176698273,645
2025-05-08 07:46:00+00:00,29973.558884649425,29984.601198232118,29956.555447416846,29973.818611819443,339
2025-05-08 07:47:00+00:00,29973.21700645077,29982.897761493092,29968.400366618167,29974.476481885235,609
2025-05-08 07:48:00+00:00,29973.033477236604,29983.555271394285,29968.91860234163,29973.280042714177,167
2025-05-08 07:49:00+00:00,29971.453530934734,29971.4994477312,29958.456218703224,29970.557593038116,155
2025-05-08 07:50:00+00:00,29971.482556722738,29974.26729739085,29965.31260622256,29970.873194409647,487
2025-05-08 07:51:00+00:00,29971.100002130646,29978.314785530005,29954.594546498796,29971.583469797064,782
2025-05-08 07:52:00+00:00,29972.157791179394,29984.854798081895,29955.545239275685,29971.99524888168,939
2025-05-08 07:53:00+00:00,29973.052883902667,29988.257188764834,29970.60894567923,29972.66350967746,230
2025-05-08 07:54:00+00:00,29972.995124607056,29990.464820246147,29957.24737661899,29972.644171352265,331
2025-05-08 07:55:00+00:00,29970.52261790665,29986.251327572067,29968.29958663362,29970.263068486944,358
2025-05-08 07:56:00+00:00,29969.010248599232,29982.590118818367,29963.817944864917,29968.771204262972,840
2025-05-08 07:57:00+00:00,29970.537482056996,29974.04291774572,29966.18463355432,29969.640138271847,718
2025-05-08 07:58:00+00:00,29970.567065789077,29972.726839552055,29955.448085791253,29973.26718039756,557
2025-05-08 07:59:00+00:00,29971.615959567996,29975.110720764842,29952.663136930274,29971.944576063117,475
2025-05-08 08:00:00+00:00,29970.137025850705,29982.28047726634,29964.816968811137,29969.045065623934,672
2025-05-08 08:01:00+00:00,29970.10961994505,29983.295926626717,29963.524851538354,29972.20421904254,880
2025-05-08 08:02:00+00:00,29969.30636284412,29983.70458168919,29963.426957831725,29969.199516054778,316
2025-05-08 08:03:00+00:00,29969.999907393933,29976.74292644351,29953.95661369533,29970.479681170717,854
2025-05-08 08:04:00+00:00,29970.94789484287,29989.387073573293,29961.9425486131,29972.181861830257,452
2025-05-08 08:05:00+00:00,29971.111706951564,29977.99214083745,29969.865193538157,29970.919834050874,354
2025-05-08 08:06:00+00:00,29971.621436853893,29990.505232241154,29953.445946776053,29971.98331065823,704
2025-05-08 08:07:00+00:00,29971.798365016206,29991.527168673212,29958.36243581016,29972.548902950966,784
2025-05-08 08:08:00+00:00,29971.351803967435,29984.321258967128,29951.383939507465,29971.34126175538,454
2025-05-08 08:09:00+00:00,29971.240125942204,29987.063749172015,29964.898108545876,29972.28584980917,246
2025-05-08 08:10:00+00:00,29971.880475313636,29983.38288398718,29961.952575800216,29971.39711264039,997
2025-05-08 08:11:00+00:00,29970.508439583242,29972.135441630497,29966.01923197622,29967.566416504753,647
2025-05-08 08:12:00+00:00,29969.073486029585,29976.075489733325,29967.755506096128,29969.8156969209,906
2025-05-08 08:13:00+00:00,29968.70977464086,29978.28570771836,29957.3524820128,29968.783584669545,118
2025-05-08 08:14:00+00:00,29970.277054832535,29986.383359049807,29967.934567791777,29969.341986853746,578
2025-05-08 08:15:00+00:00,29969.928984414255,29974.877319471943,29954.722330301945,29968.998785600616,707
2025-05-08 08:16:00+00:00,29969.139501780945,29986.78063898053,29959.573961701462,29968.864408656926,500
2025-05-08 08:17:00+00:00,29970.55419146569,29982.063272962263,29962.707023779727,29971.105715406713,423
2025-05-08 08:18:00+00:00,29971.1584185409,29983.516741401178,29965.841804833446,29972.81079728992,179
2025-05-08 08:19:00+00:00,29970.07122907971,29982.85293453295,29969.105404620732,29969.84610000576,651
2025-05-08 08:20:00+00:00,29971.594570742847,29972.38189639464,29960.004037913342,29972.773669242997,965
2025-05-08 08:21:00+00:00,29972.303640648668,29981.544349829594,29964.274685932945,29971.65624081809,339
2025-05-08 08:22:00+00:00,29969.898542704348,29983.832746157852,29967.34848603083,29968.25177530613,212
2025-05-08 08:23:00+00:00,29969.560394196506,29981.97618672891,29962.8623847731,29970.58062427129,480
2025-05-08 08:24:00+00:00,29968.96867619225,29984.901403604523,29958.436798756888,29969.51197756015,936
2025-05-08 08:25:00+00:00,29969.64727533856,29981.609303008576,29965.739000833008,29969.402116049587,457
2025-05-08 08:26:00+00:00,29967.758747748318,29983.648952207684,29957.38272233974,29967.29640391194,526
2025-05-08 08:27:00+00:00,29969.361729950528,29982.98298895669,29954.257447174135,29966.744195137515,626
2025-05-08 08:28:00+00:00,29968.580829942868,29980.28542324756,29960.744078369054,29967.817340744525,237
2025-05-08 08:29:00+00:00,29969.18300181325,29988.966798275847,29959.834306578956,29969.86419206929,209
2025-05-08 08:30:00+00:00,29970.90273553266,29985.61630177503,29964.082237188704,29969.453656278023,321
2025-05-08 08:31:00+00:00,29970.28590207006,29984.772474295176,29958.813228142593,29970.062973575124,455
2025-05-08 08:32:00+00:00,29971.19766019272,29984.120766785316,29968.1243658223,29972.229720602834,402
2025-05-08 08:33:00+00:00,29971.11477806149,29980.681287722102,29967.739543972508,29971.521982209095,995
2025-05-08 08:34:00+00:00,29971.11644717091,29971.94507971254,29968.189955412476,29970.889699702846,968
2025-05-08 08:35:00+00:00,29971.752205015284,29977.918450607034,29957.799181418464,29970.369620071964,322
2025-05-08 08:36:00+00:00,29970.534398326843,29981.720108790003,29970.185652576147,29971.87778570604,666
2025-05-08 08:37:00+00:00,29969.100829959127,29981.54618053924,29951.82322854909,29969.163018173,615
2025-05-08 08:38:00+00:00,29969.85547432622,29982.621555502345,29966.438267186437,29970.295406634334,216
2025-05-08 08:39:00+00:00,29969.380099617225,29978.83116643279,29962.759387689683,29970.647657842757,575
2025-05-08 08:40:00+00:00,29968.139118661897,29980.67660541057,29968.115489087395,29966.646853932823,441
2025-05-08 08:41:00+00:00,29969.5578297143,29978.174098826097,29949.989995500626,29969.538602267694,891
2025-05-08 08:42:00+00:00,29970.48022840553,29982.187075173075,29967.85160821143,29970.53306552467,700
2025-05-08 08:43:00+00:00,29970.556048056776,29977.723886455868,29962.385481669113,29969.849949237927,437
2025-05-08 08:44:00+00:00,29969.123809533037,29972.651675419813,29957.57932935732,29968.938899574576,605
2025-05-08 08:45:00+00:00,29969.329890090856,29973.62018191321,29956.19175597782,29969.279561815183,741
2025-05-08 08:46:00+00:00,29969.195323213047,29971.827348465584,29963.449855666997,29968.63031143144,335
2025-05-08 08:47:00+00:00,29967.135833526496,29978.41570552411,29966.684985030504,29965.439092975907,122
2025-05-08 08:48:00+00:00,29967.58974835555,29986.28053735268,29966.06684947169,29967.878296120904,127
2025-05-08 08:49:00+00:00,29968.549812749072,29969.238806978898,29955.61044512147,29970.872881831165,996
2025-05-08 08:50:00+00:00,29969.966790602204,29985.348922230583,29967.83724752749,29971.459373239748,603
2025-05-08 08:51:00+00:00,29968.669265792396,29976.092248327805,29958.85449551102,29968.485892208773,118
2025-05-08 08:52:00+00:00,29969.083625342344,29977.901496868202,29957.823588291474,29968.629101904684,632
2025-05-08 08:53:00+00:00,29967.52944872164,29984.95332526762,29962.54972750723,29966.446531074103,616
2025-05-08 08:54:00+00:00,29966.240567147353,29970.703909526845,29953.88476514398,29967.019840966936,601
2025-05-08 08:55:00+00:00,29964.677242679798,29984.17327618004,29959.429113003283,29963.670442986473,713
2025-05-08 08:56:00+00:00,29964.281122806904,29975.849278641737,29953.784955217758,29966.273577284395,833
2025-05-08 08:57:00+00:00,29964.92507428829,29978.51364384715,29952.580066456998,29963.432075580284,819
2025-05-08 08:58:00+00:00,29965.554990687062,29982.864484749305,29963.567269065185,29965.166468885403,321
2025-05-08 08:59:00+00:00,29966.4027060427,29977.684958771926,29950.961321271614,29968.71963366704,439
2025-05-08 09:00:00+00:00,29966.445063279753,29972.479119525437,29957.98654068496,29967.09516818852,532
2025-05-08 09:01:00+00:00,29967.64799752073,29970.69725221637,29958.51251498718,29967.649643679175,333
2025-05-08 09:02:00+00:00,29968.006724290874,29971.68415646012,29956.027931897344,29966.63059139772,655
2025-05-08 09:03:00+00:00,29967.231690464494,29984.843496733592,29962.142529818542,29967.722378305916,313
2025-05-08 09:04:00+00:00,29967.036331633306,29978.240480063832,29960.877681012054,29967.55173302247,510
2025-05-08 09:05:00+00:00,29965.9080558098,29979.37367129176,29948.577442655478,29966.69364409667,695
2025-05-08 09:06:00+00:00,29964.02885207821,29975.667123749285,29961.534011113657,29965.038622487817,577
2025-05-08 09:07:00+00:00,29963.577198144154,29974.4474933783,29956.403708872407,29963.75388053625,833
2025-05-08 09:08:00+00:00,29963.867618829267,29976.734276417876,29963.11207444294,29963.20296570806,619
2025-05-08 09:09:00+00:00,29965.839475966164,29978.2700142835,29950.455750678517,29965.998454473483,756
2025-05-08 09:10:00+00:00,29966.39762980096,29985.52612871169,29951.391171771713,29966.78026360163,340
2025-05-08 09:11:00+00:00,29967.533325981185,29968.546193557995,29964.04232832506,29967.994813201865,130
2025-05-08 09:12:00+00:00,29967.355389295117,29972.81573338447,29956.960066435688,29968.70794043897,608
2025-05-08 09:13:00+00:00,29967.3221605816,29973.046511675802,29949.969063528817,29966.64857909347,728
2025-05-08 09:14:00+00:00,29968.64005142256,29979.061297285196,29961.22113686145,29967.65486719055,302
2025-05-08 09:15:00+00:00,29967.73535033469,29976.749665537867,29959.93814769114,29967.5400120387,952
2025-05-08 09:16:00+00:00,29968.411040636987,29982.801132388988,29954.282921453574,29968.010194619677,467
2025-05-08 09:17:00+00:00,29967.22522870419,29970.196666369586,29962.51181793238,29968.407337107972,275
2025-05-08 09:18:00+00:00,29967.689921839188,29979.309857419623,29964.696280646756,29968.28556445284,202
2025-05-08 09:19:00+00:00,29967.52216388461,29982.61836473943,29962.508502294055,29966.95890645328,997
2025-05-08 09:20:00+00:00,29968.24581141467,29985.95924227522,29952.174311515864,29968.11982018376,277
2025-05-08 09:21:00+00:00,29968.70394296627,29983.011596028206,29950.409196885154,29967.489112689695,805
2025-05-08 09:22:00+00:00,29967.924612525698,29978.06605555356,29962.684499219165,29967.298231263125,954
2025-05-08 09:23:00+00:00,29967.27546158653,29980.975590025213,29964.59908803229,29968.240045128317,897
2025-05-08 09:24:00+00:00,29966.119621982118,29977.808719756635,29954.836635009557,29965.944194119074,296
2025-05-08 09:25:00+00:00,29966.469529224643,29977.382698752437,29955.64542497622,29965.93865431538,411
2025-05-08 09:26:00+00:00,29967.915352395234,29981.00528282636,29952.75111098086,29966.967112274004,888
2025-05-08 09:27:00+00:00,29966.376979329296,29979.99282304098,29950.390358115757,29968.267165438756,332
2025-05-08 09:28:00+00:00,29967.93960442617,29981.81165085391,29961.349862488838,29969.01529976104,150
2025-05-08 09:29:00+00:00,29967.172861382427,29986.23373167358,29952.196595143563,29964.18473902036,127
2025-05-08 09:30:00+00:00,29968.781868212172,29979.592697694778,29952.911537246593,29970.14602735644,552
2025-05-08 09:31:00+00:00,29968.783020685638,29987.964694990278,29957.228004726894,29967.722265110548,569
2025-05-08 09:32:00+00:00,29967.96903893777,29983.887307198063,29948.23325023889,29967.74526976162,214
2025-05-08 09:33:00+00:00,29967.219766653016,29975.68729022541,29965.347459284214,29969.876169533683,341
2025-05-08 09:34:00+00:00,29967.330312382113,29972.65388845922,29962.85863560156,29968.30159790889,719
2025-05-08 09:35:00+00:00,29967.99109713049,29971.62898183235,29960.01282362212,29966.663765944908,275
2025-05-08 09:36:00+00:00,29966.890327854686,29969.796335195642,29951.135466785832,29965.815951770597,844
2025-05-08 09:37:00+00:00,29965.583579455277,29978.067260594587,29954.62218410043,29966.853224191233,868
2025-05-08 09:38:00+00:00,29966.490726477994,29983.201418131728,29960.426645152056,29965.614249481467,338
2025-05-08 09:39:00+00:00,29966.716561619203,29981.070858906856,29955.473787436968,29964.956379017396,368
2025-05-08 09:40:00+00:00,29964.46807119547,29977.486421800233,29945.042156886568,29966.05334901617,323
2025-05-08 09:41:00+00:00,29965.957692455522,29975.591158223713,29953.77950480546,29967.381117146408,708
2025-05-08 09:42:00+00:00,29966.206396749727,29983.12247117909,29963.026825648503,29967.248952381666,413
2025-05-08 09:43:00+00:00,29967.0385792731,29970.518998503827,29948.859693568018,29967.373049100093,749
2025-05-08 09:44:00+00:00,29967.119721779916,29977.781871256997,29953.63581609458,29966.94746988411,602
2025-05-08 09:45:00+00:00,29966.070969266646,29983.252818541914,29952.41694857207,29965.080713205596,887
2025-05-08 09:46:00+00:00,29966.623730704992,29975.500527145294,29946.927000218904,29967.620967181436,569
2025-05-08 09:47:00+00:00,29966.980782359962,29981.9733650685,29957.048565689005,29966.06272859926,262
2025-05-08 09:48:00+00:00,29967.639996989223,29978.949957432204,29958.06462075957,29968.223820738564,892
2025-05-08 09:49:00+00:00,29967.765841131433,29972.946465914352,29963.34817861482,29968.106297158552,772
2025-05-08 09:50:00+00:00,29966.992547580878,29973.27430997085,29961.651561038474,29967.69883640008,755
2025-05-08 09:51:00+00:00,29967.489843650248,29978.706399748004,29967.327792379496,29967.217691831633,384
2025-05-08 09:52:00+00:00,29969.518128882235,29987.437032903406,29966.944707538903,29969.948563286605,803
2025-05-08 09:53:00+00:00,29971.78937148895,29988.825214333392,29960.793119177022,29972.400096855486,727
2025-05-08 09:54:00+00:00,29972.015551122247,29978.68391196584,29959.50564490816,29974.06234924852,678
2025-05-08 09:55:00+00:00,29970.271354423803,29989.290637006685,29966.999314636727,29970.7580814575,767
2025-05-08 09:56:00+00:00,29971.240316422023,29979.07154628159,29968.72978028734,29971.059278211356,936
2025-05-08 09:57:00+00:00,29970.823689518562,29971.35541229083,29958.160349636168,29971.654067977444,792
2025-05-08 09:58:00+00:00,29970.373483692587,29988.21486544352,29957.088250454068,29970.120946930485,755
2025-05-08 09:59:00+00:00,29968.48237126131,29983.082300732975,29968.41561352522,29967.658538229134,780
2025-05-08 10:00:00+00:00,29968.261618563374,29979.773092127678,29950.711892326253,29968.581381745018,851
2025-05-08 10:01:00+00:00,29968.470672025658,29969.409422861227,29957.54304083252,29967.98663721467,850
2025-05-08 10:02:00+00:00,29968.783187878256,29979.606426596467,29964.515619865164,29969.016389283403,305
2025-05-08 10:03:00+00:00,29969.342740337637,29988.265533502206,29950.96807861071,29968.426295454185,435
2025-05-08 10:04:00+00:00,29970.311038302774,29980.379688178786,29954.13273045682,29970.70564155464,612
2025-05-08 10:05:00+00:00,29969.638354081537,29972.23295186504,29953.112441829653,29968.43400617574,931
2025-05-08 10:06:00+00:00,29972.19805303805,29975.10672440276,29969.93110042398,29970.45194450867,555
2025-05-08 10:07:00+00:00,29971.6751409035,29978.911619646122,29958.00910965461,29972.026008240628,483
2025-05-08 10:08:00+00:00,29969.85890353104,29973.128719393324,29957.985692235317,29969.647798895265,113
2025-05-08 10:09:00+00:00,29969.449703443937,29975.535198100555,29966.197874080703,29968.860185973568,520
2025-05-08 10:10:00+00:00,29969.716819736102,29979.91553870684,29962.419279528356,29968.716865941075,506
2025-05-08 10:11:00+00:00,29970.363430269656,29989.30810189755,29951.938471676323,29974.637187203396,967
2025-05-08 10:12:00+00:00,29971.52311824913,29989.7485048528,29960.289726337985,29971.370258949402,266
2025-05-08 10:13:00+00:00,29970.355556341838,29984.723304317064,29953.55716095436,29972.255931170017,965
2025-05-08 10:14:00+00:00,29969.076699145877,29981.12406377535,29958.748656136275,29968.195190045357,839
2025-05-08 10:15:00+00:00,29968.02724387456,29979.197032174598,29955.70416425446,29967.27834307928,613
2025-05-08 10:16:00+00:00,29967.13637983806,29969.50467786932,29965.85438641282,29965.983888933817,286
2025-05-08 10:17:00+00:00,29968.03031706437,29982.157267866212,29948.55710317356,29968.967038602455,331
2025-05-08 10:18:00+00:00,29968.284479278573,29972.12795761453,29955.987899736596,29966.73877171217,377
2025-05-08 10:19:00+00:00,29968.535121910347,29978.244638977572,29953.027410366936,29968.73194586072,718
2025-05-08 10:20:00+00:00,29968.60177157329,29983.8318363583,29957.33385869147,29968.33515459049,204
2025-05-08 10:21:00+00:00,29968.472518284987,29971.66100916193,29955.622276839444,29968.68275867373,493
2025-05-08 10:22:00+00:00,29970.579122657502,29980.121306468085,29953.784663544775,29971.523469366413,272
2025-05-08 10:23:00+00:00,29970.07480396289,29982.716190171894,29954.44318554304,29968.945269132997,414
2025-05-08 10:24:00+00:00,29968.329922856537,29982.400380868225,29956.123298510513,29968.28115569526,812
2025-05-08 10:25:00+00:00,29968.023547745757,29976.09509570113,29952.79409686466,29966.72848078288,861
2025-05-08 10:26:00+00:00,29966.003115311843,29979.974836507838,29956.602200504847,29965.814221143482,410
2025-05-08 10:27:00+00:00,29967.176894682383,29979.99356416656,29956.843972366485,29965.945287761446,639
2025-05-08 10:28:00+00:00,29967.2499233209,29975.771810233808,29966.77661762296,29966.809369030405,851
2025-05-08 10:29:00+00:00,29965.41281355307,29980.11712120716,29961.67729243686,29966.923253501198,352
2025-05-08 10:30:00+00:00,29966.33959970534,29983.189094217243,29953.649120200418,29965.448885979844,863
2025-05-08 10:31:00+00:00,29967.506036208742,29980.8697398978,29952.713562844277,29967.130792514894,543
2025-05-08 10:32:00+00:00,29967.789638547838,29976.501513819494,29960.24584268796,29967.326228864946,451
2025-05-08 10:33:00+00:00,29968.237775278267,29983.146991830632,29958.212359871635,29968.667573753803,399
2025-05-08 10:34:00+00:00,29968.691567161666,29972.53822459957,29961.23402522228,29968.807777178048,162
2025-05-08 10:35:00+00:00,29969.229265329865,29987.001908748374,29961.15170787241,29969.457325368046,492
2025-05-08 10:36:00+00:00,29969.01164164393,29973.95754433366,29952.276256993715,29970.91621199145,260
2025-05-08 10:37:00+00:00,29968.798426881447,29969.972300944955,29963.78745660438,29969.415141403122,576
2025-05-08 10:38:00+00:00,29968.534421874094,29977.001636156823,29963.146720813304,29970.967381751274,903
2025-05-08 10:39:00+00:00,29967.457136993107,29986.00970136185,29966.660803485793,29968.319640707854,795
2025-05-08 10:40:00+00:00,29967.55616759823,29982.475559259532,29966.181280974004,29968.406193152285,952
2025-05-08 10:41:00+00:00,29967.05824552942,29969.953014030572,29955.910080147274,29965.51943175295,910
2025-05-08 10:42:00+00:00,29966.451772142056,29976.864485438775,29957.085721804673,29965.509151402384,851
2025-05-08 10:43:00+00:00,29965.953001467955,29985.196333281823,29955.964795322987,29964.43860942511,668
2025-05-08 10:44:00+00:00,29966.44137815874,29973.318878240272,29963.76735529086,29966.61874916216,252
2025-05-08 10:45:00+00:00,29966.40751804645,29969.23497332899,29963.68141376759,29964.859494233624,362
2025-05-08 10:46:00+00:00,29965.102540898875,29979.212306709633,29950.719124581352,29965.502775690442,396
2025-05-08 10:47:00+00:00,29966.333274359495,29976.61177647462,29965.002299173204,29967.408908016907,659
2025-05-08 10:48:00+00:00,29966.047564349363,29981.80359163684,29952.368894879968,29965.966509515394,189
2025-05-08 10:49:00+00:00,29966.310365463665,29980.067157718448,29952.827042059795,29964.995502551265,972
2025-05-08 10:50:00+00:00,29964.937694447875,29980.40029214782,29954.594261263457,29965.57359210091,643
2025-05-08 10:51:00+00:00,29964.282835644997,29976.777094101824,29951.274837116904,29962.045952380577,258
2025-05-08 10:52:00+00:00,29964.27403027639,29972.823842334627,29961.09523967237,29964.785777753765,772
2025-05-08 10:53:00+00:00,29962.931895633956,29979.959753592302,29946.57677668032,29963.758329661076,750
2025-05-08 10:54:00+00:00,29962.44199681232,29980.656890482536,29956.09647419916,29960.977983691577,720
2025-05-08 10:55:00+00:00,29964.446183429052,29964.971898107575,29960.36644827679,29962.865680969495,124
2025-05-08 10:56:00+00:00,29964.695954765957,29983.25972121955,29947.31101656874,29964.414732351554,678
2025-05-08 10:57:00+00:00,29964.69428393324,29970.399405055836,29963.76259235087,29964.632210673222,895
2025-05-08 10:58:00+00:00,29965.604461406827,29984.674783740084,29958.54941921137,29965.029440571238,133
2025-05-08 10:59:00+00:00,29966.107754838566,29975.402555345765,29964.129448157957,29965.177997267496,261
2025-05-08 11:00:00+00:00,29965.097206327046,29979.351369906974,29947.648641330466,29965.58857863831,205
2025-05-08 11:01:00+00:00,29965.053844576625,29975.794551634222,29956.684852141752,29965.683922954795,637
2025-05-08 11:02:00+00:00,29964.451098895017,29980.319940750625,29958.07476426778,29964.11105159946,798
2025-05-08 11:03:00+00:00,29964.796991222396,29979.24250351548,29957.68137293712,29965.185275996097,107
2025-05-08 11:04:00+00:00,29964.72390211792,29972.55455299545,29959.807498329013,29965.76760572228,367
2025-05-08 11:05:00+00:00,29965.16884065539,29973.36387389176,29948.476072262558,29967.62900079199,851
2025-05-08 11:06:00+00:00,29965.28281256061,29977.57257432453,29959.30664656305,29965.942058893634,930
2025-05-08 11:07:00+00:00,29965.615167856362,29970.25458303148,29960.25199372334,29967.184544248696,893
2025-05-08 11:08:00+00:00,29965.630132065577,29981.645194998342,29951.24073851329,29963.443331201022,481
2025-05-08 11:09:00+00:00,29965.853999942407,29971.632711463913,29950.157585726,29966.44322128959,821
2025-05-08 11:10:00+00:00,29965.283188612175,29971.946819879697,29948.19118999292,29967.03550000041,607
2025-05-08 11:11:00+00:00,29966.131036635685,29979.39166355599,29964.329983657346,29966.783732135176,525
2025-05-08 11:12:00+00:00,29967.02589773385,29970.128640476025,29952.028407011083,29967.698726686336,330
2025-05-08 11:13:00+00:00,29967.649975925982,29982.574287282536,29961.938082337914,29968.340723717505,774
2025-05-08 11:14:00+00:00,29969.02442391833,29977.18976050606,29952.019816903794,29968.261071400757,118
2025-05-08 11:15:00+00:00,29969.920212469926,29987.734363180345,29959.821968947996,29969.57688085707,729
2025-05-08 11:16:00+00:00,29970.43293735439,29981.872729782823,29957.658854551963,29970.829980852846,767
2025-05-08 11:17:00+00:00,29970.42550763136,29976.054129596738,29955.13342117941,29970.698976359054,750
2025-05-08 11:18:00+00:00,29969.99236868853,29978.514691971923,29967.84405548116,29970.48151819344,382
2025-05-08 11:19:00+00:00,29968.247928729445,29981.37106636026,29954.17070263161,29969.314621754336,162
2025-05-08 11:20:00+00:00,29967.90162920485,29976.04166720015,29964.352915564326,29966.9333410416,274
2025-05-08 11:21:00+00:00,29967.32555795299,29973.299572087213,29961.366749359964,29966.612341463646,816
2025-05-08 11:22:00+00:00,29968.34741386535,29977.582023115843,29954.27232067775,29966.738627431347,405
2025-05-08 11:23:00+00:00,29968.45152342247,29981.590440751173,29954.36581208482,29968.97829629662,248
2025-05-08 11:24:00+00:00,29968.384183230115,29972.20796609311,29964.796002165884,29970.336806048832,129
2025-05-08 11:25:00+00:00,29968.791937521048,29975.038995165814,29951.359485062374,29968.233192564938,516
2025-05-08 11:26:00+00:00,29966.88945791453,29979.1963710145,29947.167160056128,29967.731546095263,489
2025-05-08 11:27:00+00:00,29966.703424861065,29973.91072457115,29949.376707049618,29965.95728936162,673
2025-05-08 11:28:00+00:00,29969.069807068012,29972.849959472504,29963.56990940887,29968.166140073154,908
2025-05-08 11:29:00+00:00,29970.152271750932,29980.60374826664,29951.73467388892,29969.730201529877,360
2025-05-08 11:30:00+00:00,29968.7982955463,29984.566479892477,29963.979877920883,29967.48973283718,142
2025-05-08 11:31:00+00:00,29967.494025910644,29972.742465235056,29954.160282675333,29967.596577203632,325
2025-05-08 11:32:00+00:00,29966.1653027437,29973.904010285933,29947.943089170953,29966.497179551156,222
2025-05-08 11:33:00+00:00,29967.719718784254,29976.68527216745,29955.66221034576,29970.12869672374,196
2025-05-08 11:34:00+00:00,29967.26290173621,29979.8447908515,29957.52233040061,29968.871280835974,455
2025-05-08 11:35:00+00:00,29967.254257244564,29981.475985079178,29960.221095784593,29967.251221754883,710
2025-05-08 11:36:00+00:00,29965.534535267067,29972.523819923772,29953.116083128756,29964.747396716364,364
2025-05-08 11:37:00+00:00,29965.16885718095,29975.69333602436,29961.22240239071,29964.854451440555,264
2025-05-08 11:38:00+00:00,29966.286443960587,29976.743809793632,29963.693526419083,29968.297520854772,686
2025-05-08 11:39:00+00:00,29967.801203964158,29985.87712178257,29959.00918320492,29968.380909764426,390
2025-05-08 11:40:00+00:00,29968.540735314586,29978.45553239998,29952.580062411118,29968.880794803285,555
2025-05-08 11:41:00+00:00,29968.62025417213,29980.251698068823,29955.434024257684,29966.002925889807,417
2025-05-08 11:42:00+00:00,29968.339344585318,29970.79768762824,29957.633875767777,29969.480261528202,195
2025-05-08 11:43:00+00:00,29966.76692120454,29967.47545082721,29958.49942954956,29966.53478757781,111
2025-05-08 11:44:00+00:00,29965.91880989616,29973.411029009192,29963.66519741397,29964.317540016764,637
2025-05-08 11:45:00+00:00,29965.245900010294,29982.441967399936,29958.622546525457,29964.630054609865,529
2025-05-08 11:46:00+00:00,29965.746715129495,29985.71612665578,29958.420272763204,29965.260057600528,550
2025-05-08 11:47:00+00:00,29965.37239118489,29968.103829832693,29957.049998782022,29964.29663871851,384
2025-05-08 11:48:00+00:00,29966.95457023153,29967.000475618202,29960.00925592871,29964.701096785568,264
2025-05-08 11:49:00+00:00,29966.75580222025,29970.71293721663,29957.900139846493,29966.468616343624,902
2025-05-08 11:50:00+00:00,29967.888954891045,29975.671526922684,29961.63022018008,29967.47664610972,878
2025-05-08 11:51:00+00:00,29968.937092000975,29986.80752854514,29964.03156005886,29969.136443275194,341
2025-05-08 11:52:00+00:00,29969.3673956041,29981.983988884167,29960.656584838158,29968.23303368104,898
2025-05-08 11:53:00+00:00,29970.181385269105,29989.71382005095,29958.583697326772,29969.721353834688,954
2025-05-08 11:54:00+00:00,29969.26848002633,29980.759410901635,29955.160598913164,29969.316079357985,502
2025-05-08 11:55:00+00:00,29969.71227424841,29987.427265301383,29959.15492723096,29969.30591052622,164
2025-05-08 11:56:00+00:00,29969.51670706674,29989.406093943475,29959.132636765895,29969.644424568196,872
2025-05-08 11:57:00+00:00,29968.305520576883,29985.90420816329,29967.945819459463,29969.059861673453,469
2025-05-08 11:58:00+00:00,29966.832213950285,29974.842499536873,29950.005054948633,29966.67640147671,485
2025-05-08 11:59:00+00:00,29967.45353643884,29979.587834980015,29955.53503710625,29968.333477843906,908
2025-05-08 12:00:00+00:00,29968.410534548784,29987.92404340455,29964.848398358117,29967.751661153692,406
2025-05-08 12:01:00+00:00,29969.544046811163,29986.305705437102,29966.82408822275,29969.141695650567,897
2025-05-08 12:02:00+00:00,29970.16941070029,29976.99382148204,29963.75970893565,29969.523989445082,278
2025-05-08 12:03:00+00:00,29970.15704350238,29988.593962506864,29952.040390668364,29970.29085663668,469
2025-05-08 12:04:00+00:00,29971.19733151287,29989.34597034994,29968.639460303402,29972.833293899595,707
2025-05-08 12:05:00+00:00,29970.937793627094,29980.363347066726,29959.06938573499,29970.48899078759,534
2025-05-08 12:06:00+00:00,29970.325343282388,29980.16368551748,29958.067940253586,29972.463133635396,228
2025-05-08 12:07:00+00:00,29969.307108551104,29982.070614891916,29957.26107249778,29971.330804533813,101
2025-05-08 12:08:00+00:00,29969.716620009083,29989.109523303625,29961.230332380805,29968.337887279027,347
2025-05-08 12:09:00+00:00,29968.403152569812,29980.379580829074,29962.986844897623,29968.78233285971,690
2025-05-08 12:10:00+00:00,29968.276039309752,29973.634840702623,29957.193053956795,29968.471057970684,160
2025-05-08 12:11:00+00:00,29968.04835789621,29985.775886124215,29955.235171043547,29969.214065711098,300
2025-05-08 12:12:00+00:00,29968.0367036835,29970.190564851386,29959.589035488276,29968.015175263834,761
2025-05-08 12:13:00+00:00,29967.21770890813,29981.155507179086,29956.11876104144,29967.544939122512,294
2025-05-08 12:14:00+00:00,29966.16466358594,29984.890181480783,29951.810764960086,29964.675504356717,448
2025-05-08 12:15:00+00:00,29966.504863100996,29973.850230790813,29949.17564338667,29965.35011843405,337
2025-05-08 12:16:00+00:00,29967.446958105273,29982.19230814064,29948.871515257397,29966.955329315842,952
2025-05-08 12:17:00+00:00,29967.484775536697,29979.95838483138,29955.26358304773,29965.746726840684,929
2025-05-08 12:18:00+00:00,29969.149827319958,29987.504501945154,29950.53606434749,29968.942937408265,874
2025-05-08 12:19:00+00:00,29967.644492691717,29985.598022912043,29961.9169191428,29967.38580768101,738
2025-05-08 12:20:00+00:00,29968.388987209364,29980.525336074188,29956.614824645185,29968.77802319902,162
2025-05-08 12:21:00+00:00,29967.121307625835,29973.535226954755,29957.401544536846,29968.167295243617,611
2025-05-08 12:22:00+00:00,29966.403413991677,29973.395496265293,29956.806234468644,29966.20067772515,598
2025-05-08 12:23:00+00:00,29964.930543616647,29971.89636657936,29964.86828300165,29965.508296008924,784
2025-05-08 12:24:00+00:00,29963.619976761827,29981.420959165855,29947.455000058824,29963.536439709627,237
2025-05-08 12:25:00+00:00,29963.622053966566,29974.553055239572,29949.245067435335,29962.082056734354,690
2025-05-08 12:26:00+00:00,29963.424815487182,29968.204598540906,29954.532898589776,29963.56696866724,817
2025-05-08 12:27:00+00:00,29961.2939243087,29971.08391786569,29953.10514973913,29962.50422996127,497
2025-05-08 12:28:00+00:00,29960.621613571475,29977.716828764456,29948.76190590504,29961.052206088614,728
2025-05-08 12:29:00+00:00,29961.34709530482,29979.50527239315,29946.021983712566,29962.86699107265,253
2025-05-08 12:30:00+00:00,29961.7749566927,29962.030412768665,29950.925779164543,29960.814239862633,663
2025-05-08 12:31:00+00:00,29961.652619694454,29975.537840632333,29958.466458322848,29961.75675123869,225
2025-05-08 12:32:00+00:00,29963.47466467351,29970.93841576212,29956.090328326587,29963.460203258914,886
2025-05-08 12:33:00+00:00,29963.659039343427,29979.198150144064,29953.019477362057,29964.492660961707,298
2025-05-08 12:34:00+00:00,29963.32191498389,29979.505832184444,29948.166740430283,29964.28846061555,332
2025-05-08 12:35:00+00:00,29963.671813552144,29978.93801300292,29952.44070086126,29963.84297682078,759
2025-05-08 12:36:00+00:00,29963.548623297862,29967.561556974506,29951.902568023805,29963.583913564566,691
2025-05-08 12:37:00+00:00,29964.712191481758,29979.779316041975,29946.300126251466,29963.941658754884,708
2025-05-08 12:38:00+00:00,29965.586946955,29973.20186564658,29945.73024168906,29965.441681106695,453
2025-05-08 12:39:00+00:00,29966.21172791675,29969.190659057418,29961.65328499903,29966.540198219638,674
2025-05-08 12:40:00+00:00,29966.469498017024,29976.56689738651,29960.587033051794,29967.99015109227,514
2025-05-08 12:41:00+00:00,29966.221417501933,29986.15696314477,29955.018465794128,29965.136119012674,826
2025-05-08 12:42:00+00:00,29965.61907984369,29968.935699109574,29958.17606064607,29966.641726171783,452
2025-05-08 12:43:00+00:00,29964.986724968265,29968.169369573523,29963.73424884738,29964.451558951478,561
2025-05-08 12:44:00+00:00,29965.780240757245,29983.31543139178,29961.463129340365,29966.45628219027,588
2025-05-08 12:45:00+00:00,29965.236632538818,29966.46422979483,29948.6968949839,29966.28097775689,250
2025-05-08 12:46:00+00:00,29966.46843021027,29982.59378751963,29951.274607741565,29967.609024685557,865
2025-05-08 12:47:00+00:00,29966.071869152995,29980.801402361474,29955.220138318364,29966.63942763575,275
2025-05-08 12:48:00+00:00,29965.72085650463,29974.625448075865,29949.788591334844,29964.04016520941,821
2025-05-08 12:49:00+00:00,29965.795579518926,29980.340463627228,29958.83924391394,29967.142696809227,807
2025-05-08 12:50:00+00:00,29964.718227611433,29976.15656265008,29946.567152421154,29965.81264466822,526
2025-05-08 12:51:00+00:00,29964.151070854667,29967.34029060658,29953.581876802506,29964.38362970231,960
2025-05-08 12:52:00+00:00,29964.059942987453,29972.01459665829,29946.38161365026,29964.47394561503,894
2025-05-08 12:53:00+00:00,29965.21480144907,29977.570184135468,29954.508735958876,29964.38895797757,930
2025-05-08 12:54:00+00:00,29967.24843840938,29980.389931668735,29963.743398559913,29966.043045370556,587
2025-05-08 12:55:00+00:00,29966.298699838375,29981.39439865307,29964.289719876946,29966.706326521322,942
2025-05-08 12:56:00+00:00,29965.950325135775,29974.560524551427,29964.371390268247,29967.92561093127,274
2025-05-08 12:57:00+00:00,29965.292158565655,29980.70780709459,29946.094898624688,29965.941145491306,940
2025-05-08 12:58:00+00:00,29965.461196893702,29968.49594499515,29945.572908904403,29966.51619156674,466
2025-05-08 12:59:00+00:00,29966.60499030524,29984.567296990972,29947.234733778616,29966.149559897378,590
2025-05-08 13:00:00+00:00,29966.325871855584,29968.086810565113,29953.132655987403,29966.2420367446,887
2025-05-08 13:01:00+00:00,29965.333727656245,29982.643587793526,29950.170135589055,29962.26651273749,769
2025-05-08 13:02:00+00:00,29966.415615390677,29969.010024504034,29953.672036528336,29965.793000851,548
2025-05-08 13:03:00+00:00,29965.90929062275,29980.12448825521,29955.380710925772,29965.25914362143,625
2025-05-08 13:04:00+00:00,29965.860586101287,29969.84544201313,29955.006635742157,29966.13990289017,167
2025-05-08 13:05:00+00:00,29966.225874204596,29966.70724937224,29957.427877770515,29966.392653348936,221
2025-05-08 13:06:00+00:00,29965.927518045635,29972.11410490322,29957.995635331976,29965.435426900796,576
2025-05-08 13:07:00+00:00,29965.556542565348,29973.000214996126,29954.734449405307,29964.85826228296,616
2025-05-08 13:08:00+00:00,29966.72898750864,29972.43715974568,29954.120931213754,29966.48883399418,826
2025-05-08 13:09:00+00:00,29966.421723897733,29968.055714636484,29954.028795351383,29968.133558112546,531
2025-05-08 13:10:00+00:00,29967.61358221825,29986.47711692701,29956.743627150296,29968.576187827628,887
2025-05-08 13:11:00+00:00,29967.250919465467,29974.181610505155,29960.109818051154,29965.987716350992,149
2025-05-08 13:12:00+00:00,29968.308759917058,29983.339485596174,29962.467092593997,29967.183239225975,232
2025-05-08 13:13:00+00:00,29970.684960042,29974.76107035481,29954.063640505457,29970.82206266686,183
2025-05-08 13:14:00+00:00,29971.128160042674,29987.53680681123,29963.103710369713,29970.86695675381,759
2025-05-08 13:15:00+00:00,29971.79984168804,29990.745158855007,29965.076478693405,29973.730878380906,377
2025-05-08 13:16:00+00:00,29971.337121145465,29980.02640824386,29952.268572915076,29970.441544601203,600
2025-05-08 13:17:00+00:00,29971.51230874478,29990.53245191358,29965.540499225826,29972.16672941417,822
2025-05-08 13:18:00+00:00,29971.40726890326,29972.06719074855,29958.439618284818,29972.22232313085,437
2025-05-08 13:19:00+00:00,29970.978259387884,29972.50760520656,29959.911762589698,29970.253289610784,709
2025-05-08 13:20:00+00:00,29971.679576610964,29976.09274222146,29968.872995052814,29971.610575509203,338
2025-05-08 13:21:00+00:00,29969.79487202999,29982.533236756077,29955.09127471152,29970.68391153333,713
2025-05-08 13:22:00+00:00,29971.874171628788,29978.55754413835,29956.7030108435,29972.72888050089,494
2025-05-08 13:23:00+00:00,29970.713725888832,29982.7166744618,29959.25782082082,29970.85784894991,693
2025-05-08 13:24:00+00:00,29972.420845855995,29973.584189965637,29965.024846570726,29971.18035550804,963
2025-05-08 13:25:00+00:00,29974.725780030843,29987.559139732286,29957.72676737347,29974.484438846594,471
2025-05-08 13:26:00+00:00,29975.847303382838,29987.772920912856,29971.90045813851,29977.552455870427,196
2025-05-08 13:27:00+00:00,29976.251054524928,29991.054094155796,29958.23676360067,29976.655751523744,540
2025-05-08 13:28:00+00:00,29977.4517095749,29989.507522097017,29976.326372385167,29977.02268863739,121
2025-05-08 13:29:00+00:00,29979.392352874347,29989.71983922222,29973.28409009573,29978.237357311606,973
2025-05-08 13:30:00+00:00,29980.385769497174,29980.988721098005,29966.896766450307,29980.316762217502,581
2025-05-08 13:31:00+00:00,29982.322978579738,29992.84074783192,29968.839843406575,29982.917606236395,285
2025-05-08 13:32:00+00:00,29983.130374135297,30001.381012166028,29970.897668723956,29985.217625168312,938
2025-05-08 13:33:00+00:00,29981.53162115341,29999.043324903807,29965.40035888806,29980.678589445743,874
2025-05-08 13:34:00+00:00,29982.01565684263,29991.131711427533,29963.270382127776,29981.944431202955,902
2025-05-08 13:35:00+00:00,29983.595029711465,29984.28350767267,29966.851662072626,29983.28862423277,912
2025-05-08 13:36:00+00:00,29984.254526671742,29995.966291869285,29975.664961268052,29985.23077090807,383
2025-05-08 13:37:00+00:00,29984.05927936924,30002.387318799014,29973.976050232395,29984.26317671738,427
2025-05-08 13:38:00+00:00,29983.723743146435,29995.636260368126,29965.825277977605,29984.53176858435,391
2025-05-08 13:39:00+00:00,29983.117453224262,29984.51047033564,29977.032799520777,29984.344151536738,987
2025-05-08 13:40:00+00:00,29983.57634849706,29996.170395062876,29966.99842803277,29982.333424786506,154
2025-05-08 13:41:00+00:00,29982.86025314358,30000.92584880436,29974.00370020327,29982.4001598283,955
2025-05-08 13:42:00+00:00,29983.09779082842,29998.68060664153,29970.753667880894,29984.712562278182,975
2025-05-08 13:43:00+00:00,29983.59966328542,30000.642279768806,29965.845601518246,29985.327329993663,413
2025-05-08 13:44:00+00:00,29984.470798490955,29993.18116708512,29981.356992897647,29982.261004221407,516
2025-05-08 13:45:00+00:00,29985.04079496293,29997.02771139138,29971.04310292519,29984.700399435664,751
2025-05-08 13:46:00+00:00,29985.432045720445,29994.338883078577,29967.290316251263,29985.233909797025,301
2025-05-08 13:47:00+00:00,29984.95119194076,29999.517511234822,29979.75780564503,29984.685555963315,458
2025-05-08 13:48:00+00:00,29985.138433352622,29995.185526537207,29971.80783408554,29984.057525672608,879
2025-05-08 13:49:00+00:00,29986.144420221175,30001.839183558957,29971.16598999984,29986.584432396314,889
2025-05-08 13:50:00+00:00,29987.719468869163,30005.796963813264,29977.95616644441,29987.906395085123,308
2025-05-08 13:51:00+00:00,29986.808972843908,29998.99598598456,29985.285872273445,29986.892693609047,246
2025-05-08 13:52:00+00:00,29986.959106248567,30001.27777008603,29977.714342258918,29987.939921548088,322
2025-05-08 13:53:00+00:00,29985.747526371735,29992.434018259384,29967.491689764454,29984.974639740693,860
2025-05-08 13:54:00+00:00,29986.720877765707,29994.421610595688,29972.29303917805,29985.417266173547,171
2025-05-08 13:55:00+00:00,29985.562289640573,29986.429935733388,29981.23652098732,29984.984874039845,261
2025-05-08 13:56:00+00:00,29985.062121709827,30003.423279555343,29970.84693658384,29985.738065980357,845
2025-05-08 13:57:00+00:00,29984.24859143759,29984.74515768581,29976.54584252131,29982.444591962692,436
2025-05-08 13:58:00+00:00,29983.983149755033,29990.178947299813,29977.370188296845,29983.699588578475,367
2025-05-08 13:59:00+00:00,29985.03186820193,29997.279155369717,29974.484812684143,29983.03126624921,460
2025-05-08 14:00:00+00:00,29985.582447205845,30003.337974993374,29984.6916270947,29986.432587199382,291
2025-05-08 14:01:00+00:00,29984.94006157674,29992.5191145553,29966.889883985645,29985.341810104597,695
2025-05-08 14:02:00+00:00,29983.28102001577,29987.465878052975,29979.69081171399,29981.82164484681,687
2025-05-08 14:03:00+00:00,29984.20045122876,29994.12533798847,29965.55857295204,29984.93500481269,291
2025-05-08 14:04:00+00:00,29985.131021977617,30003.463440385247,29969.829791781885,29984.70582906785,713
2025-05-08 14:05:00+00:00,29986.097452748312,30006.094858650817,29967.141865895665,29987.249270553995,963
2025-05-08 14:06:00+00:00,29985.558154641607,29987.237120143414,29968.194792966704,29985.922873976866,698
2025-05-08 14:07:00+00:00,29986.11642514021,29999.45969537065,29977.6399881454,29986.318255000388,927
2025-05-08 14:08:00+00:00,29986.721275815176,30001.666419976184,29978.70731851523,29984.243592483144,557
2025-05-08 14:09:00+00:00,29987.75500282709,30005.5607335439,29971.17680797154,29986.24613736631,463
2025-05-08 14:10:00+00:00,29986.58619484891,29991.71514286097,29986.552375844785,29987.59948553964,526
2025-05-08 14:11:00+00:00,29985.34442550724,30002.17265480461,29980.81030656012,29986.61963896094,866
2025-05-08 14:12:00+00:00,29985.416801074203,29996.604763166637,29979.79685190595,29985.835823053443,749
2025-05-08 14:13:00+00:00,29985.137640272384,30001.667471455552,29976.085142807467,29985.160569160456,864
2025-05-08 14:14:00+00:00,29986.232209907248,29998.01085697308,29976.12787659104,29987.192992426382,904
2025-05-08 14:15:00+00:00,29987.134459653716,29999.816186946467,29979.5066436928,29986.894239116045,997
2025-05-08 14:16:00+00:00,29986.765298356582,29997.928263824488,29984.63612489034,29987.597857330853,232
2025-05-08 14:17:00+00:00,29987.842464964553,29991.300238176456,29985.505730304798,29988.6363680552,901
2025-05-08 14:18:00+00:00,29987.84856842432,30004.144680161975,29983.584275746936,29986.500818933015,739
2025-05-08 14:19:00+00:00,29987.492362586487,30001.02452362034,29975.600882531387,29986.330261092706,985
2025-05-08 14:20:00+00:00,29989.815749161295,30002.683610397005,29971.87513198135,29989.77433887019,522
2025-05-08 14:21:00+00:00,29990.401263703763,30001.75856852172,29976.146266275482,29990.76782810999,939
2025-05-08 14:22:00+00:00,29991.862069404877,30002.684999982353,29980.04759024586,29993.93977187983,548
2025-05-08 14:23:00+00:00,29990.970220687566,29996.608139610187,29985.11843405667,29992.08699719972,809
2025-05-08 14:24:00+00:00,29990.903758502463,29992.432090553477,29989.99600674578,29990.621616093777,752
2025-05-08 14:25:00+00:00,29992.115352226712,30000.06418642814,29987.37737239607,29991.724066850195,976
2025-05-08 14:26:00+00:00,29992.568227701056,30009.880634557303,29986.95113780995,29991.96498418222,923
2025-05-08 14:27:00+00:00,29994.911092863877,29998.62406284668,29983.647951893414,29995.99143851521,610
2025-05-08 14:28:00+00:00,29994.107430621312,30006.19466295902,29989.539159834927,29995.138117605034,121
2025-05-08 14:29:00+00:00,29994.550873406082,30007.36734038073,29977.100980557145,29995.73534210507,346
2025-05-08 14:30:00+00:00,29996.795023318136,30016.475015451782,29988.479220152498,29996.120308834797,126
2025-05-08 14:31:00+00:00,29998.288558776905,30015.04998563096,29985.47167577644,30000.02560436795,126
2025-05-08 14:32:00+00:00,29998.76872777899,30004.901247723836,29997.791286923108,29998.977725322165,380
2025-05-08 14:33:00+00:00,29998.609462159566,30016.686642195928,29987.59785312412,29997.57182224613,704
2025-05-08 14:34:00+00:00,29997.34270383797,30008.650952492007,29980.611207884715,29996.41526673415,359
2025-05-08 14:35:00+00:00,29996.874766100613,30014.33269056117,29978.5241527803,29996.709032110823,287
2025-05-08 14:36:00+00:00,29997.05586051477,30008.443338564986,29987.194501213467,29996.238424962696,328
2025-05-08 14:37:00+00:00,29997.382902310987,30012.88401849656,29992.7098693943,29997.993762811097,240
2025-05-08 14:38:00+00:00,29998.42174033344,30017.78608810492,29988.495738267993,29998.37986604612,214
2025-05-08 14:39:00+00:00,29999.32857989036,30011.24990178291,29987.882296213673,29998.809128459194,896
2025-05-08 14:40:00+00:00,29998.596841318344,30006.195267597795,29990.450148728563,29997.44094880106,289
2025-05-08 14:41:00+00:00,29998.198136702307,30012.278814222467,29992.560025475257,29998.191189471094,311
2025-05-08 14:42:00+00:00,29998.10050990375,30004.98539262088,29998.01895468678,29998.700224003678,891
2025-05-08 14:43:00+00:00,29997.921026630356,30009.567468157693,29981.245164347878,29997.16344853429,595
2025-05-08 14:44:00+00:00,29998.030354249528,30004.53123447975,29991.946998777243,29999.090737398947,769
2025-05-08 14:45:00+00:00,30000.064323285544,30018.32555836117,29999.30077863403,30000.94988519489,283
2025-05-08 14:46:00+00:00,30000.53066778893,30002.580268666316,29992.245960257027,30000.258948202223,151
2025-05-08 14:47:00+00:00,30000.085110463235,30019.160297122286,29992.8915380377,29999.887972410317,848
2025-05-08 14:48:00+00:00,29999.594565422773,30013.952822141116,29984.872887472244,29999.070210305632,333
2025-05-08 14:49:00+00:00,29999.109018065992,30000.338727868093,29994.982265258153,29999.55451469823,965
2025-05-08 14:50:00+00:00,29999.518830955913,30011.0686854489,29991.636985808113,29999.428809580022,341
2025-05-08 14:51:00+00:00,29998.594337835624,30002.269509413563,29993.432419410827,29996.677818812324,930
2025-05-08 14:52:00+00:00,29997.291619062536,30004.47126990233,29993.00439727254,29996.165017670035,272
2025-05-08 14:53:00+00:00,29997.12722528036,30005.785486540368,29983.25354700509,29995.418453752118,462
2025-05-08 14:54:00+00:00,29997.949017855302,30004.34357954157,29986.509464180093,29997.308291739188,489
2025-05-08 14:55:00+00:00,29996.690094660717,30012.458851612253,29985.86357979089,29995.91564093902,856
2025-05-08 14:56:00+00:00,29998.430173726025,30017.9284541584,29981.9186640007,29999.394283386708,391
2025-05-08 14:57:00+00:00,29998.276774316942,30009.29530056778,29985.212812946196,29999.682207264,198
2025-05-08 14:58:00+00:00,29998.106700719964,30001.42515690184,29989.603488690052,29997.50661369475,162
2025-05-08 14:59:00+00:00,29997.671882853494,29998.031734115393,29981.942481736518,29996.220464439015,301
2025-05-08 15:00:00+00:00,29996.76120551832,30007.349962957574,29994.015122894907,29997.691899586003,229
2025-05-08 15:01:00+00:00,29997.07977307972,30008.57246485738,29993.82170326663,29997.213306965972,719
2025-05-08 15:02:00+00:00,29998.206713258704,30000.510770496654,29987.73997890398,29998.739263360934,268
2025-05-08 15:03:00+00:00,29999.032065275504,30007.36126445575,29983.180625334327,29998.00309147098,443
2025-05-08 15:04:00+00:00,29999.413000852106,30001.70289150423,29979.667025793384,29999.668704787582,371
2025-05-08 15:05:00+00:00,30000.479138316692,30005.51685808953,29997.563187855252,29999.807723231475,508
2025-05-08 15:06:00+00:00,30002.371935930212,30005.181268127733,29992.788140045577,30002.967914927736,511
2025-05-08 15:07:00+00:00,30004.545606949938,30020.466061683463,29990.02766108147,30005.39400978907,824
2025-05-08 15:08:00+00:00,30003.51986152508,30008.467697651813,29987.881215824156,30002.634909641016,467
2025-05-08 15:09:00+00:00,30003.722318010154,30022.518872504552,29993.817991784796,30002.747991619588,920
2025-05-08 15:10:00+00:00,30002.990250783878,30004.642311078205,29996.11903780008,30002.134803762856,690
2025-05-08 15:11:00+00:00,30004.688408164235,30018.371315472574,29994.487868388096,30004.86711036925,656
2025-05-08 15:12:00+00:00,30004.860531823928,30024.57078562076,29999.641582107975,30005.731005169186,819
2025-05-08 15:13:00+00:00,30004.683102582057,30009.513486566633,29995.471288193057,30002.086333094987,917
2025-05-08 15:14:00+00:00,30005.10154958292,30021.461522477424,29985.78622090365,30005.795732520135,261
2025-05-08 15:15:00+00:00,30004.599103038086,30007.272051560438,30003.88313943795,30004.24477224362,402
2025-05-08 15:16:00+00:00,30004.282809715223,30005.353671893405,30002.38783417534,30003.61319085139,882
2025-05-08 15:17:00+00:00,30005.83967988752,30010.61436804217,29992.00351162792,30004.23898725224,485
2025-05-08 15:18:00+00:00,30005.854994469857,30023.979418207513,29987.05332893106,30006.584639500234,364
2025-05-08 15:19:00+00:00,30005.054230898717,30014.366361351313,30001.014778953635,30004.90246004569,727
2025-05-08 15:20:00+00:00,30003.874726511018,30011.704556393415,29987.015637710927,30002.33762672357,576
2025-05-08 15:21:00+00:00,30005.62432839641,30008.638818071984,29987.363675329776,30004.08117183194,986
2025-05-08 15:22:00+00:00,30005.359120157624,30018.540106896544,29990.966630466708,30006.08418539661,410
2025-05-08 15:23:00+00:00,30004.689291599087,30024.571622409843,29991.172062272624,30003.304685202344,342
2025-05-08 15:24:00+00:00,30002.73688726847,30003.217545292227,29998.877725497896,30001.77969025695,792
2025-05-08 15:25:00+00:00,30004.75306481865,30016.193167599344,30001.000152220848,30004.9904382926,761
2025-05-08 15:26:00+00:00,30003.501412380898,30015.25910391451,30002.29753188211,30002.003586971976,694
2025-05-08 15:27:00+00:00,30003.217807405403,30007.70043630054,29998.848472397516,30002.57493501707,500
2025-05-08 15:28:00+00:00,30000.122282993463,30008.268757398655,29992.57401628067,29999.816657385174,982
2025-05-08 15:29:00+00:00,29999.907357087275,30018.028082949313,29999.869072666566,30000.486808489713,348
2025-05-08 15:30:00+00:00,30000.340912252064,30014.03192623247,29982.905239955253,30000.331637032636,163
2025-05-08 15:31:00+00:00,30000.854784694926,30003.973921963327,29983.865286647506,30000.62722543787,329
2025-05-08 15:32:00+00:00,30001.111950708993,30013.545804742105,29988.335939841283,30001.833096674778,430
2025-05-08 15:33:00+00:00,30002.329078278286,30011.165393309373,29983.207644970706,30001.61747468474,628
2025-05-08 15:34:00+00:00,30003.692821982197,30013.73516141669,29983.885837441405,30004.14944524491,839
2025-05-08 15:35:00+00:00,30004.290762803023,30014.23875454875,29986.712831388308,30004.1594023441,425
2025-05-08 15:36:00+00:00,30003.450360472623,30011.488270106638,29986.459189799556,30001.79467347583,746
2025-05-08 15:37:00+00:00,30004.07984221765,30014.450091570357,30002.66618112006,30004.99652860887,814
2025-05-08 15:38:00+00:00,30005.125637927278,30010.439478868764,29996.78248683024,30004.50683482188,284
2025-05-08 15:39:00+00:00,30004.26172022724,30022.769686931064,29993.705176093183,30004.751117315634,600
2025-05-08 15:40:00+00:00,30004.14854637355,30004.86929730795,29992.84869859802,30005.43030456029,769
2025-05-08 15:41:00+00:00,30003.74450438303,30014.579434669773,29995.343492293137,30003.37017574984,823
2025-05-08 15:42:00+00:00,30003.58339421308,30006.10934009677,29987.721316337735,30003.338617465175,581
2025-05-08 15:43:00+00:00,30002.711150321775,30022.049849488,29988.02336926774,30003.254250039776,408
2025-05-08 15:44:00+00:00,30002.84953470368,30011.725181294925,29986.24018952859,30002.613657145543,929
2025-05-08 15:45:00+00:00,30001.490104513792,30011.705886787382,29986.74314114594,30000.9845937264,877
2025-05-08 15:46:00+00:00,30001.888682638037,30005.811922759374,29997.274387537112,30001.892372978025,686
2025-05-08 15:47:00+00:00,30001.7659196251,30019.93308840081,30000.673657790125,30002.547189079516,359
2025-05-08 15:48:00+00:00,30001.58861278719,30007.087410992073,30000.835052439037,30002.38952822713,373
2025-05-08 15:49:00+00:00,30001.30869678008,30018.323829940357,29988.29084609476,30000.700133131108,323
2025-05-08 15:50:00+00:00,30002.462379557892,30012.29217802913,29995.153159315705,30003.458418689934,185
2025-05-08 15:51:00+00:00,30004.36544906445,30012.03970662565,30001.72050101259,30004.876580378892,929
2025-05-08 15:52:00+00:00,30004.009122455085,30009.1524751861,29999.833829597203,30003.841141728106,421
2025-05-08 15:53:00+00:00,30004.57327901888,30021.286193711865,29999.52444871429,30005.042352604698,524
2025-05-08 15:54:00+00:00,30002.705949743602,30006.738382794985,29987.33464887638,30002.94906825755,399
2025-05-08 15:55:00+00:00,30002.51761279135,30008.931398723656,29992.77607938987,30002.239812722015,683
2025-05-08 15:56:00+00:00,30001.216314639067,30012.9797201619,29981.994920820645,30000.38503106284,648
2025-05-08 15:57:00+00:00,29999.238243177108,30006.523786921476,29984.7247274116,30000.168587351316,188
2025-05-08 15:58:00+00:00,29999.58827995503,30013.2954272747,29986.4870833695,30001.172448141875,541
2025-05-08 15:59:00+00:00,29999.252102825103,30006.613034185302,29991.581982806772,29999.565569846098,218
2025-05-08 16:00:00+00:00,29997.615976215773,30009.488344546655,29978.154536882306,29999.016848239065,437
2025-05-08 16:01:00+00:00,29997.296291099152,30007.309140947502,29979.234533661693,29997.257001112415,172
2025-05-08 16:02:00+00:00,29997.065387423816,30000.76045979855,29981.91369214785,29996.146085839137,718
2025-05-08 16:03:00+00:00,29995.51503412391,30002.56436251904,29981.149839848415,29994.667429733625,584
2025-05-08 16:04:00+00:00,29995.395402344668,30004.789422614256,29987.24728816333,29997.480408261137,423
2025-05-08 16:05:00+00:00,29995.404124287437,30001.51274090711,29994.890396304407,29995.005166967676,984
2025-05-08 16:06:00+00:00,29994.3608320371,30002.028635018298,29987.790863006278,29994.803148621864,247
2025-05-08 16:07:00+00:00,29994.39226229912,29998.106248568576,29982.733349652146,29995.606143351582,982
2025-05-08 16:08:00+00:00,29994.815240983247,30004.636270366947,29985.62456950206,29994.427566179736,569
2025-05-08 16:09:00+00:00,29996.947484261276,30002.273753630958,29995.72655193974,29997.222854535452,266
2025-05-08 16:10:00+00:00,29998.50562984674,29999.175001477375,29985.012186947766,29998.37043065605,589
2025-05-08 16:11:00+00:00,29999.08035604836,30006.169467297783,29982.59684196071,30000.693525031973,536
2025-05-08 16:12:00+00:00,29998.47833654656,30007.524619805245,29984.783739399278,29998.92737403436,699
2025-05-08 16:13:00+00:00,29998.981748611935,30014.4453509715,29984.837470104023,29999.309141303,516
2025-05-08 16:14:00+00:00,29999.585119377905,30010.19264226599,29995.75950727392,29998.735100448648,687
2025-05-08 16:15:00+00:00,29999.203688995844,30007.636370409124,29988.04935603618,29998.032006802314,230
2025-05-08 16:16:00+00:00,29996.671477727738,29997.711047970963,29992.27605996451,29996.772315637318,471
2025-05-08 16:17:00+00:00,29995.019845873565,30003.26146914497,29978.963512357328,29994.143417942993,796
2025-05-08 16:18:00+00:00,29995.595485531972,30004.24486981388,29991.30662278841,29996.33238619338,541
2025-05-08 16:19:00+00:00,29996.01220959804,30008.006332066954,29980.082621762354,29996.21892235205,506
2025-05-08 16:20:00+00:00,29996.822895229143,30004.851569845505,29982.583322124916,29997.149007622724,578
2025-05-08 16:21:00+00:00,29996.26398359328,30014.51856989483,29978.32439200865,29997.24701172314,564
2025-05-08 16:22:00+00:00,29998.1035105358,30001.256499770614,29979.41652051211,29998.60035423457,982
2025-05-08 16:23:00+00:00,29998.434124972664,30004.90405411283,29987.817528981737,29999.433918588362,238
2025-05-08 16:24:00+00:00,29997.267983255108,29997.87134518447,29993.985324158763,29999.239042235815,866
2025-05-08 16:25:00+00:00,29997.835224883864,30016.131602495752,29994.870163119624,29997.331860081376,946
2025-05-08 16:26:00+00:00,29998.11111327082,30004.58563416515,29991.922052710957,29997.95893420507,963
2025-05-08 16:27:00+00:00,29999.236386807628,30013.36216248653,29985.303642426894,29998.958941466615,443
2025-05-08 16:28:00+00:00,29998.308155465198,30003.63601463007,29994.865636030212,29998.539102471965,487
2025-05-08 16:29:00+00:00,29997.99053417763,30017.0968756733,29987.906601533316,29999.53755441079,428
2025-05-08 16:30:00+00:00,29998.50634632487,30005.615518202037,29991.257901281035,29999.452383359054,555
2025-05-08 16:31:00+00:00,29999.114619023865,30017.969846621472,29998.232521640213,29998.66046597647,735
2025-05-08 16:32:00+00:00,29997.771191349006,29999.55265907633,29996.36439238285,29996.95293118495,444
2025-05-08 16:33:00+00:00,29996.195226182936,29996.466707009848,29982.760877324665,29995.853629678386,174
2025-05-08 16:34:00+00:00,29996.35036094408,30005.58006225543,29993.75307200051,29997.590603056324,672
2025-05-08 16:35:00+00:00,29995.595940623927,30008.001085464388,29980.345693658015,29994.13359347856,467
2025-05-08 16:36:00+00:00,29994.43347911812,30003.79076354489,29990.17338444915,29994.86899012999,750
2025-05-08 16:37:00+00:00,29994.02887895605,30007.21110842156,29984.646331760625,29994.28250668454,652
2025-05-08 16:38:00+00:00,29995.593040855554,29997.448099258683,29993.809286018794,29996.93175726855,733
2025-05-08 16:39:00+00:00,29995.745737706253,30002.337570462227,29978.128238469635,29996.07396374772,369
2025-05-08 16:40:00+00:00,29994.706756065818,30014.56239095398,29975.676319198643,29995.123161962303,846
2025-05-08 16:41:00+00:00,29994.782241545272,30005.28141014564,29981.346743344184,29994.399578669985,247
2025-05-08 16:42:00+00:00,29995.401848691406,30007.43013212255,29994.76559068841,29994.745717758597,712
2025-05-08 16:43:00+00:00,29994.76267391827,30008.646008727006,29987.52922111916,29992.566635055144,324
2025-05-08 16:44:00+00:00,29992.301441656626,30009.698371465867,29989.394995814055,29992.704926850576,307
2025-05-08 16:45:00+00:00,29990.656168647056,29992.314235221234,29989.95473096167,29991.4877131353,770
2025-05-08 16:46:00+00:00,29991.13425997655,30001.126108575412,29981.004468025698,29991.70613145529,612
2025-05-08 16:47:00+00:00,29988.78191903365,29995.541931784886,29986.98773809467,29988.17382913012,848
2025-05-08 16:48:00+00:00,29988.525110126477,30002.6977876895,29970.44951670637,29988.047519207797,702
2025-05-08 16:49:00+00:00,29989.14371225335,29994.80215872181,29987.468023584297,29990.021819965597,760
2025-05-08 16:50:00+00:00,29988.991955048135,29993.13278833697,29982.43231575521,29989.7150780707,403
2025-05-08 16:51:00+00:00,29990.055862970235,29992.864375388002,29986.21447147316,29990.47291532642,450
2025-05-08 16:52:00+00:00,29989.847169397177,30005.23587976216,29989.533835247,29991.08062478521,541
2025-05-08 16:53:00+00:00,29991.392819531167,29999.309419796988,29986.54997844141,29993.09506483842,499
2025-05-08 16:54:00+00:00,29990.73185681969,30005.717345455334,29973.39507496715,29991.03618225473,772
2025-05-08 16:55:00+00:00,29992.62258012546,30001.680965879044,29991.509175466825,29993.177720412114,346
2025-05-08 16:56:00+00:00,29994.63649660192,30002.116808633753,29976.287682207854,29993.465510355756,357
2025-05-08 16:57:00+00:00,29994.75515616424,30009.46188757926,29977.759023681032,29995.285185035023,461
2025-05-08 16:58:00+00:00,29995.47745279576,30007.992780379485,29982.149773160083,29994.840808198383,561
2025-05-08 16:59:00+00:00,29994.248372004393,29998.14800383947,29988.282052244067,29994.199354560114,653
2025-05-08 17:00:00+00:00,29994.104479060345,30006.466474245004,29993.461832310768,29992.336365791318,143
2025-05-08 17:01:00+00:00,29994.020172771077,30001.46620581613,29987.762043401064,29994.296514165373,670
2025-05-08 17:02:00+00:00,29993.996649566965,29998.198911816922,29982.67350350427,29994.08885466362,881
2025-05-08 17:03:00+00:00,29996.136414532866,30006.815065698334,29986.32854045265,29996.156461407638,944
2025-05-08 17:04:00+00:00,29996.86579365911,30004.93816165372,29982.88988562531,29998.063980140272,135
2025-05-08 17:05:00+00:00,29997.769080214428,30014.33068946995,29985.204636486687,29996.081447081986,808
2025-05-08 17:06:00+00:00,29997.208124352746,30004.61799291906,29986.500219582107,29996.4968210227,400
2025-05-08 17:07:00+00:00,29996.908732244257,30004.958561950574,29984.686533433425,29997.333705098354,731
2025-05-08 17:08:00+00:00,29996.566629724344,30005.341029148072,29995.588854492984,29998.53932280499,281
2025-05-08 17:09:00+00:00,29996.224577597717,30015.09113587566,29983.738257626293,29996.372370503326,591
2025-05-08 17:10:00+00:00,29995.07492418952,30006.339130907985,29978.94728001685,29994.82040221212,730
2025-05-08 17:11:00+00:00,29997.117379679574,30009.557694296902,29991.79339384532,29996.7740948345,381
2025-05-08 17:12:00+00:00,29997.132771887293,30000.72950097847,29993.913629311504,29996.634529436164,447
2025-05-08 17:13:00+00:00,29996.587981094286,30008.087094089995,29991.475911070644,29994.20025167647,987
2025-05-08 17:14:00+00:00,29996.653443885076,30011.118833322587,29978.78632911043,29996.70128966862,548
2025-05-08 17:15:00+00:00,29996.103666478954,30008.514999866635,29980.964645298012,29997.08247812856,888
2025-05-08 17:16:00+00:00,29996.130819596157,30005.01840732592,29986.13601319052,29997.65935270852,409
2025-05-08 17:17:00+00:00,29994.85211389061,29997.539580020726,29991.480196044093,29994.418734801344,748
2025-05-08 17:18:00+00:00,29994.989939074578,29999.862827844907,29992.142788982794,29995.994927793075,726
2025-05-08 17:19:00+00:00,29993.48764231924,29998.72450992991,29989.44754473117,29994.72989834561,800
2025-05-08 17:20:00+00:00,29994.573954319734,29994.90166001459,29984.28418017566,29992.7040024341,785
2025-05-08 17:21:00+00:00,29996.589177199818,30011.614890318913,29976.81179065654,29997.325754190704,275
2025-05-08 17:22:00+00:00,29994.957498674125,30011.11999380988,29976.110378431276,29996.029128896473,674
2025-05-08 17:23:00+00:00,29996.436128097255,29997.185911667777,29981.101641755464,29994.960730038234,463
2025-05-08 17:24:00+00:00,29995.307405911954,29996.923573822667,29992.392589944553,29994.40039149313,713
2025-05-08 17:25:00+00:00,29994.36399351062,29999.56363573937,29977.661403669226,29994.359399783632,778
2025-05-08 17:26:00+00:00,29994.234541650047,30010.98542770091,29979.462016467463,29995.110539426994,189
2025-05-08 17:27:00+00:00,29993.92377507314,30010.30260297952,29984.58750499374,29993.606521809823,403
2025-05-08 17:28:00+00:00,29993.280843449418,30006.444470797487,29974.22657155601,29994.73536113486,510
2025-05-08 17:29:00+00:00,29992.94333809067,29996.22566731152,29982.24334304212,29992.675885600343,439
2025-05-08 17:30:00+00:00,29993.455696831603,30012.938364300702,29992.78156059624,29994.193577661677,995
2025-05-08 17:31:00+00:00,29995.36948761097,30003.408738433744,29986.75231271821,29994.413270267334,741
2025-05-08 17:32:00+00:00,29992.866992883042,30008.90220278495,29981.110400041707,29993.060655434958,572
2025-05-08 17:33:00+00:00,29992.220492383327,30008.329505974863,29977.750221229864,29992.17796400548,137
2025-05-08 17:34:00+00:00,29991.952345320038,30009.642908213376,29982.406098899202,29991.27858177106,882
2025-05-08 17:35:00+00:00,29992.036389330453,30000.059234376702,29986.016168707385,29990.945373026163,786
2025-05-08 17:36:00+00:00,29991.178752556305,30004.06888273483,29979.643742463835,29991.044032813334,564
2025-05-08 17:37:00+00:00,29991.600220238306,29991.862749818905,29988.441155718006,29991.174502086415,970
2025-05-08 17:38:00+00:00,29992.796675657235,30009.070603782766,29979.269074709882,29991.16499795116,173
2025-05-08 17:39:00+00:00,29993.00192931677,30007.876883452205,29977.710810836325,29993.311378253304,148
2025-05-08 17:40:00+00:00,29993.838676350093,30008.82179170566,29989.817948517993,29995.83312982015,137
2025-05-08 17:41:00+00:00,29992.380063034205,29995.57680366047,29984.673708876937,29993.461740475937,855
2025-05-08 17:42:00+00:00,29990.114109192768,30000.76754589281,29982.344237202076,29991.69186607278,384
2025-05-08 17:43:00+00:00,29989.402011038226,30000.806286243896,29987.49954382818,29991.984633444354,762
2025-05-08 17:44:00+00:00,29990.46518388721,30000.464467134767,29977.293060670334,29989.68073542617,493
2025-05-08 17:45:00+00:00,29989.228850589807,29996.217886717943,29988.78829643562,29991.25344436899,642
2025-05-08 17:46:00+00:00,29989.35541004504,29996.44454430194,29975.371968326195,29989.71034194701,819
2025-05-08 17:47:00+00:00,29988.159217160275,29989.981120564807,29982.867511672703,29988.359070711565,224
2025-05-08 17:48:00+00:00,29986.799035835425,29993.754260029273,29982.871417075756,29985.530507883173,491
2025-05-08 17:49:00+00:00,29985.828357051014,29991.976363505564,29968.768229808964,29985.672832595807,499
2025-05-08 17:50:00+00:00,29986.480678578537,29995.553874181544,29978.473754079405,29988.16672027989,630
2025-05-08 17:51:00+00:00,29987.08080078436,29996.018655670436,29969.89931998496,29985.626979246634,216
2025-05-08 17:52:00+00:00,29987.39547581562,29989.35427468993,29969.344644044162,29988.495765262593,632
2025-05-08 17:53:00+00:00,29986.774561446204,30001.547913684746,29986.69357245056,29986.23348504099,872
2025-05-08 17:54:00+00:00,29987.08858085657,29987.21749865383,29985.062768954187,29986.535337010406,499
2025-05-08 17:55:00+00:00,29987.298791139423,30005.393263329508,29974.70653296072,29986.750782835334,776
2025-05-08 17:56:00+00:00,29986.993200213547,29997.231821743488,29970.95671742933,29987.037732301273,499
2025-05-08 17:57:00+00:00,29987.491031276993,29993.674978271923,29982.766654071074,29987.414910073046,553
2025-05-08 17:58:00+00:00,29989.127310091342,29996.07338893735,29981.750602910237,29988.137238816264,346
2025-05-08 17:59:00+00:00,29988.53373388665,30006.213832911864,29986.130643989178,29987.61522841109,866
2025-05-08 18:00:00+00:00,29986.94081132965,29991.55141288242,29967.447269294404,29987.299868400623,251
2025-05-08 18:01:00+00:00,29985.135874909687,29986.291431509748,29976.30743317483,29986.438270126135,380
2025-05-08 18:02:00+00:00,29985.761841083182,29994.64780301138,29967.382921785575,29986.10470546057,577
2025-05-08 18:03:00+00:00,29986.312650184245,30003.93701781448,29976.10560531596,29984.775479451524,984
2025-05-08 18:04:00+00:00,29986.893425856997,30002.09105581199,29982.975533496407,29986.843297548254,773
2025-05-08 18:05:00+00:00,29986.791501636853,29991.017560262026,29979.33371997324,29987.85866322363,736
2025-05-08 18:06:00+00:00,29987.843476548718,29999.660554595597,29973.836672973408,29987.145776727568,641
2025-05-08 18:07:00+00:00,29987.6185942924,29991.98268023228,29980.747468467027,29987.58459407568,454
2025-05-08 18:08:00+00:00,29987.17017743417,29991.025936330778,29971.332707779795,29986.184047304043,564
2025-05-08 18:09:00+00:00,29986.72827533888,30000.17031390608,29980.701212729808,29986.277489285876,536
2025-05-08 18:10:00+00:00,29986.29535193243,29992.695462718082,29979.257397164907,29986.331747507727,444
2025-05-08 18:11:00+00:00,29988.94985383503,30006.99567236934,29982.074509959995,29989.017079115118,265
2025-05-08 18:12:00+00:00,29988.835516823947,29997.669871168506,29972.475290076633,29989.004104107982,341
2025-05-08 18:13:00+00:00,29990.712598290036,30006.581770938577,29976.162194501994,29990.49854012039,101
2025-05-08 18:14:00+00:00,29990.03273205179,29996.186349935524,29979.512074203663,29990.910566357445,872
2025-05-08 18:15:00+00:00,29988.289770452528,29997.08614759496,29972.671716854584,29988.16480997352,429
2025-05-08 18:16:00+00:00,29988.413590901077,29995.82487189681,29981.79181182708,29988.558313764093,679
2025-05-08 18:17:00+00:00,29987.954506893187,30002.490044933857,29974.235318237024,29988.17634142193,132
2025-05-08 18:18:00+00:00,29988.184153382786,29996.28202323481,29970.812919737687,29988.78973747273,257
2025-05-08 18:19:00+00:00,29986.52117815337,29995.06922547112,29981.977118436334,29986.094340696614,758
2025-05-08 18:20:00+00:00,29983.765530804263,29998.438122116015,29978.088602760272,29986.537377844907,296
2025-05-08 18:21:00+00:00,29985.038593593814,29989.009845838573,29982.998478049252,29985.564887279364,182
2025-05-08 18:22:00+00:00,29985.633944419395,29992.87344640274,29978.49725607252,29988.359867439445,529
2025-05-08 18:23:00+00:00,29985.53173217341,29999.76339135046,29965.75703015634,29983.47155226137,197
2025-05-08 18:24:00+00:00,29987.771507275967,29999.676771433453,29979.99648820788,29989.978825415114,991
2025-05-08 18:25:00+00:00,29987.715840446523,29987.82521990199,29979.700203215645,29987.33530965409,676
2025-05-08 18:26:00+00:00,29988.859389617457,30002.022301278157,29974.96937398182,29988.041049477783,375
2025-05-08 18:27:00+00:00,29987.028051088848,30004.917768799103,29977.530026533506,29987.0987112564,702
2025-05-08 18:28:00+00:00,29986.482894715144,29995.630486376012,29970.42539963659,29987.382045716357,798
2025-05-08 18:29:00+00:00,29985.20735813647,29993.49589747327,29973.870193392253,29985.21997838677,782
2025-05-08 18:30:00+00:00,29985.294965176046,29999.022796071025,29968.32465398163,29984.918695402277,311
2025-05-08 18:31:00+00:00,29984.61332422155,30000.35222840913,29967.493199877652,29984.752763421475,835
2025-05-08 18:32:00+00:00,29983.89098816818,29997.00881907617,29967.261832597218,29984.59658847129,187
2025-05-08 18:33:00+00:00,29983.91666154368,30000.009299227222,29969.456740809146,29984.07270437369,361
2025-05-08 18:34:00+00:00,29984.788137203126,29987.643179910443,29970.264350972087,29983.985821874026,463
2025-05-08 18:35:00+00:00,29984.3211150847,29985.540766862807,29983.389831795335,29983.88859033113,907
2025-05-08 18:36:00+00:00,29984.059803931836,29989.33897812198,29979.756552171923,29984.60680861752,255
2025-05-08 18:37:00+00:00,29983.32461657025,29994.273126565076,29982.18310547075,29983.323135315903,798
2025-05-08 18:38:00+00:00,29983.893077170127,29988.2765205725,29965.55845196023,29983.624274834565,338
2025-05-08 18:39:00+00:00,29984.694690397893,30002.60680878949,29970.25876736456,29985.13331140178,451
2025-05-08 18:40:00+00:00,29985.18546810069,30000.904305345208,29973.696679230827,29985.03107046441,567
2025-05-08 18:41:00+00:00,29985.220020134515,29996.63305328158,29980.109590206925,29985.818123726694,262
2025-05-08 18:42:00+00:00,29985.10140653627,30000.663650338825,29967.78087897185,29985.246524680108,980
2025-05-08 18:43:00+00:00,29986.56965139361,29997.572776283196,29976.472830375238,29986.779946428414,681
2025-05-08 18:44:00+00:00,29985.11277984045,30000.691059218872,29976.321482190786,29983.600667498245,661
2025-05-08 18:45:00+00:00,29984.024020792385,29993.60525269164,29971.744071667188,29984.106905675282,559
2025-05-08 18:46:00+00:00,29982.806462388755,30002.380744458645,29968.382770360993,29983.723951691554,762
2025-05-08 18:47:00+00:00,29982.016706837065,29982.319829860407,29969.731623794265,29982.47416170939,139
2025-05-08 18:48:00+00:00,29980.21732195963,29996.166194184592,29960.810937909184,29981.50186946358,321
2025-05-08 18:49:00+00:00,29981.176062013586,30000.19189889988,29973.376373263043,29981.731402773337,640
2025-05-08 18:50:00+00:00,29980.415048472005,29991.35519416585,29976.481345333465,29981.41642284819,166
2025-05-08 18:51:00+00:00,29981.342293308277,29995.027828872866,29964.260000364426,29980.719400008176,952
2025-05-08 18:52:00+00:00,29980.948201850817,29999.9354142348,29965.349371081087,29981.940575706885,985
2025-05-08 18:53:00+00:00,29980.669644055768,29987.3248748166,29964.650335961993,29980.107187216126,815
2025-05-08 18:54:00+00:00,29979.85328660262,29982.795613604878,29967.22501959483,29980.074716579285,579
2025-05-08 18:55:00+00:00,29979.41232805572,29995.488429789028,29976.42293038556,29978.76381124102,705
2025-05-08 18:56:00+00:00,29980.043666852092,29982.532000834395,29964.000734820384,29979.614206997518,486
2025-05-08 18:57:00+00:00,29980.141599842627,29997.111818371435,29972.54318774392,29978.621492256607,419
2025-05-08 18:58:00+00:00,29978.930587204017,29983.00208883574,29974.17546652295,29978.650265659355,791
2025-05-08 18:59:00+00:00,29978.017308325485,29993.64086487557,29975.802626420584,29977.653213906324,512
2025-05-08 19:00:00+00:00,29978.885421313753,29994.95648611031,29976.70170015486,29979.432004156104,154
2025-05-08 19:01:00+00:00,29978.72380437549,29993.898893249236,29965.75396995599,29979.084595360466,453
2025-05-08 19:02:00+00:00,29978.954622000678,29998.312634741975,29959.649804187924,29978.04580512221,179
2025-05-08 19:03:00+00:00,29979.335066474654,29983.880108049732,29966.205865671716,29979.721588568762,853
2025-05-08 19:04:00+00:00,29980.06774698139,29994.843872351114,29979.114576390737,29978.5138421489,416
2025-05-08 19:05:00+00:00,29981.12154125634,29984.899855213454,29967.151263247135,29980.462221114558,181
2025-05-08 19:06:00+00:00,29981.400573111943,29991.14141278384,29971.11695826484,29981.707853628624,806
2025-05-08 19:07:00+00:00,29981.61285535417,30001.20062233301,29980.464243013706,29981.975412237658,587
2025-05-08 19:08:00+00:00,29980.15257250001,29991.92277098658,29977.636341104335,29979.288227961682,225
2025-05-08 19:09:00+00:00,29979.310468931264,29983.459067405773,29978.29732770993,29981.835022641226,507
2025-05-08 19:10:00+00:00,29980.983698593554,29988.956335254108,29969.277964637262,29982.872404583988,233
2025-05-08 19:11:00+00:00,29980.463289213516,29988.65992034088,29966.475702949003,29979.783141373733,835
2025-05-08 19:12:00+00:00,29980.743524595302,29985.742811207776,29979.900634538808,29980.0829906809,566
2025-05-08 19:13:00+00:00,29981.074265648767,29983.915193259938,29979.99875300485,29980.976383963065,881
2025-05-08 19:14:00+00:00,29982.994322899613,29986.240804631674,29966.44371788113,29983.362960302136,757
2025-05-08 19:15:00+00:00,29983.673426742585,29986.33114041699,29965.106997697025,29984.48683428164,133
2025-05-08 19:16:00+00:00,29984.413509399637,29988.334848421768,29971.697924884844,29984.556960989565,895
2025-05-08 19:17:00+00:00,29984.202410965845,30001.00809987238,29982.297873719363,29984.80775427839,592
2025-05-08 19:18:00+00:00,29985.529648324973,29989.926053642714,29980.893719794083,29985.580635700815,655
2025-05-08 19:19:00+00:00,29986.48963378319,30002.073266210376,29983.431576408017,29987.58992192108,370
2025-05-08 19:20:00+00:00,29987.212867498045,29996.540525395667,29979.804959718796,29987.48484219165,363
2025-05-08 19:21:00+00:00,29987.76665695416,29988.063812532073,29976.22711411314,29987.047910417354,706
2025-05-08 19:22:00+00:00,29989.87256453424,29997.340673229184,29983.697747792277,29990.88745680688,453
2025-05-08 19:23:00+00:00,29990.40288908638,30004.66182344305,29972.775986438355,29988.38434305473,494
2025-05-08 19:24:00+00:00,29987.76940582556,30007.36889589288,29972.258110253148,29986.859252836057,641
2025-05-08 19:25:00+00:00,29987.750766987254,30007.093823379095,29976.731043271833,29988.432521411567,927
2025-05-08 19:26:00+00:00,29988.932022525565,29996.353248684685,29971.723398477843,29988.57012764812,911
2025-05-08 19:27:00+00:00,29987.1366158629,29999.066482441533,29976.871292060558,29987.37760036065,186
2025-05-08 19:28:00+00:00,29987.54986074644,30006.03601167239,29970.22323327777,29987.343816774057,456
2025-05-08 19:29:00+00:00,29989.010940057313,29995.765090982088,29979.647464944454,29987.987961394818,979
2025-05-08 19:30:00+00:00,29989.10139795726,30004.495956182644,29980.266251025452,29990.48027760274,100
2025-05-08 19:31:00+00:00,29987.097837711335,29988.563958083112,29969.13108705187,29987.707501305584,562
2025-05-08 19:32:00+00:00,29986.237664711796,29987.50847475678,29983.872807249158,29987.42820285641,872
2025-05-08 19:33:00+00:00,29985.89971936189,30003.174738111982,29966.420757336742,29985.138452202475,308
2025-05-08 19:34:00+00:00,29986.207307454537,29998.415119380246,29974.782850915184,29986.082225591468,495
2025-05-08 19:35:00+00:00,29986.314638898923,29987.784023087628,29967.582067918585,29987.835439960232,788
2025-05-08 19:36:00+00:00,29986.99149164502,29990.34527918441,29968.02661998416,29987.94901862268,201
2025-05-08 19:37:00+00:00,29987.274127243723,30000.504330043168,29979.42306642132,29987.789887970426,815
2025-05-08 19:38:00+00:00,29984.413140518398,29989.911285052072,29982.04206928686,29984.485413558596,254
2025-05-08 19:39:00+00:00,29982.8023038196,29988.718637690192,29980.460290785,29983.12529826738,254
2025-05-08 19:40:00+00:00,29980.44024148019,29995.1405809892,29977.707023931514,29980.91609627654,271
2025-05-08 19:41:00+00:00,29980.297128582206,29994.164244776588,29974.031982651657,29981.80357236367,938
2025-05-08 19:42:00+00:00,29979.119074259794,29983.287747709717,29969.296007243156,29979.721066023794,857
2025-05-08 19:43:00+00:00,29979.105943009934,29982.1360942278,29975.199287956835,29979.71366660873,393
2025-05-08 19:44:00+00:00,29978.473449569723,29991.473157853823,29961.10379597406,29978.190493428974,110
2025-05-08 19:45:00+00:00,29979.07705517942,29991.273434913517,29970.736425409315,29978.940760843674,723
2025-05-08 19:46:00+00:00,29979.993642331494,29990.03942219251,29968.197175077545,29980.94698889658,822
2025-05-08 19:47:00+00:00,29981.81585643509,29992.045449560635,29976.698358269135,29984.325816256096,158
2025-05-08 19:48:00+00:00,29980.861591394103,29986.38359221759,29977.57806692359,29980.408884927336,820
2025-05-08 19:49:00+00:00,29981.952754204747,29992.71047975239,29967.117082636545,29981.049343982384,716
2025-05-08 19:50:00+00:00,29983.17785625019,29988.467998461154,29974.167826857563,29983.585153680033,825
2025-05-08 19:51:00+00:00,29983.913292264257,30002.866564820655,29973.386472379694,29982.777687697548,442
2025-05-08 19:52:00+00:00,29982.967525099953,29988.187868403144,29981.687716620556,29981.026474367645,766
2025-05-08 19:53:00+00:00,29985.276220643882,30004.81337842623,29971.29353630513,29986.744536051076,926
2025-05-08 19:54:00+00:00,29984.14007721974,30000.753124149083,29967.136462936873,29983.84023543194,741
2025-05-08 19:55:00+00:00,29984.128240142014,29989.472601064725,29981.065146513687,29984.844093108306,412
2025-05-08 19:56:00+00:00,29984.296411865605,29984.402723675736,29966.234003641785,29985.66747914841,570
2025-05-08 19:57:00+00:00,29984.552008389357,29992.602847719085,29975.374967044958,29985.482691856643,796
2025-05-08 19:58:00+00:00,29983.746824734462,29994.232523898703,29971.462291507323,29983.538210817525,560
2025-05-08 19:59:00+00:00,29983.136966710445,29999.492610548128,29971.27437012053,29984.449276928055,429
2025-05-08 20:00:00+00:00,29982.35113570574,29997.38512050877,29979.323068183265,29982.863495403843,399
2025-05-08 20:01:00+00:00,29982.890865064142,29991.644948054716,29976.31038731945,29983.547304003394,861
2025-05-08 20:02:00+00:00,29984.40262531625,29986.702337729956,29964.46792204009,29984.808551349506,115
2025-05-08 20:03:00+00:00,29984.357127848925,29992.472528917497,29983.808410435577,29983.47188438479,115
2025-05-08 20:04:00+00:00,29984.822127667754,30001.413157941915,29969.756316606894,29985.90589299389,611
2025-05-08 20:05:00+00:00,29984.968274996074,29992.10401770197,29984.343725157305,29984.243417139336,730
2025-05-08 20:06:00+00:00,29984.729516713327,30001.596177467534,29967.691248181607,29985.16353419603,649
2025-05-08 20:07:00+00:00,29986.012101092365,29990.074672325096,29985.702310939625,29984.377641105133,607
2025-05-08 20:08:00+00:00,29985.41395997092,29998.599142313262,29984.909961625443,29985.522796512156,145
2025-05-08 20:09:00+00:00,29985.37934660689,29999.47992390731,29983.565082007815,29984.52609430633,690
2025-05-08 20:10:00+00:00,29983.70040098532,29987.49970137199,29975.84955353297,29985.39856466351,176
2025-05-08 20:11:00+00:00,29984.080883279446,29988.74247427015,29966.738413498315,29985.35364188976,672
2025-05-08 20:12:00+00:00,29984.24687495404,30003.911758935203,29978.604614977772,29983.697164198376,736
2025-05-08 20:13:00+00:00,29983.61161561095,29999.94538915353,29974.04188127465,29985.300148987204,486
2025-05-08 20:14:00+00:00,29984.826300473414,30003.410221970094,29984.524726653894,29984.030707894897,495
2025-05-08 20:15:00+00:00,29985.216025210593,29986.77135106433,29978.54937824271,29985.81785838645,394
2025-05-08 20:16:00+00:00,29984.16503546645,29996.417443466868,29983.242539014933,29984.456064510985,258
2025-05-08 20:17:00+00:00,29985.763107641244,30003.93488412732,29972.317358493536,29984.660486798486,322
2025-05-08 20:18:00+00:00,29984.692921275142,29991.93885788917,29982.98011672757,29985.53182175613,554
2025-05-08 20:19:00+00:00,29985.776710717048,30005.337713626708,29967.35536321075,29985.95551984989,220
2025-05-08 20:20:00+00:00,29984.610518221285,29987.79506355913,29981.837655253847,29984.54915350721,555
2025-05-08 20:21:00+00:00,29984.706651554658,30002.505931038777,29971.51460853591,29984.99018902578,655
2025-05-08 20:22:00+00:00,29983.758085982678,29989.780372386784,29974.43670734668,29983.687407439586,802
2025-05-08 20:23:00+00:00,29983.956283904423,29999.25166704993,29981.570417164494,29984.86945874966,644
2025-05-08 20:24:00+00:00,29982.711822998004,29986.501315524536,29972.067553109464,29982.204078098814,126
2025-05-08 20:25:00+00:00,29981.932802931737,29990.61688575382,29966.677182938336,29983.073495292017,850
2025-05-08 20:26:00+00:00,29983.9899854286,29992.558746323935,29964.0089756121,29983.563262738127,772
2025-05-08 20:27:00+00:00,29982.30796367412,29983.906679418957,29967.374665605952,29983.330675900223,777
2025-05-08 20:28:00+00:00,29980.813849457714,30000.29934750721,29962.870126277805,29981.173993056378,314
2025-05-08 20:29:00+00:00,29982.86739271694,29993.048843149365,29972.662605302936,29983.98975287042,638
2025-05-08 20:30:00+00:00,29983.663053196742,29993.35430686554,29979.02096559224,29984.156343251572,241
2025-05-08 20:31:00+00:00,29983.756181090404,29991.206515807073,29973.803604242996,29983.725290702107,767
2025-05-08 20:32:00+00:00,29982.942803380214,29992.189742200382,29965.545955468668,29982.82498507979,686
2025-05-08 20:33:00+00:00,29982.26776386468,29985.09737403508,29969.899547984547,29981.46781753057,131
2025-05-08 20:34:00+00:00,29983.004861723344,29990.300932610386,29971.971026442494,29982.52549552728,354
2025-05-08 20:35:00+00:00,29983.577126626107,29991.755176558443,29972.29792248811,29983.7295653857,512
2025-05-08 20:36:00+00:00,29983.128916649675,29999.860613089128,29970.09578496018,29981.3418727212,691
2025-05-08 20:37:00+00:00,29984.690515973194,29998.834703646855,29978.363064952573,29984.845685570486,605
2025-05-08 20:38:00+00:00,29984.470136078922,29994.461887246038,29983.252673852665,29985.52458843512,385
2025-05-08 20:39:00+00:00,29985.24171802933,29989.01730898024,29975.469737631916,29984.304328982034,796
2025-05-08 20:40:00+00:00,29987.027688230686,29995.511285925106,29980.109687053544,29986.891450087336,757
2025-05-08 20:41:00+00:00,29987.366404842556,29999.446708534928,29986.191451178645,29987.849756531577,196
2025-05-08 20:42:00+00:00,29987.16985820746,30000.05560026687,29972.84745832551,29985.22518336508,660
2025-05-08 20:43:00+00:00,29986.893922514402,29995.821930898077,29982.45072992383,29985.25470705621,582
2025-05-08 20:44:00+00:00,29987.103134997633,30003.5663991163,29967.340999255608,29987.621988993284,340
2025-05-08 20:45:00+00:00,29988.417897096373,29990.51437572496,29981.93992437986,29989.85540336645,253
2025-05-08 20:46:00+00:00,29988.006990293306,30004.247676166655,29981.63925342878,29988.03160714914,477
2025-05-08 20:47:00+00:00,29987.894132848996,30000.666003401555,29970.474456768126,29987.76105138319,909
2025-05-08 20:48:00+00:00,29987.511805511927,29990.84182665549,29981.622054039177,29986.12153079742,795
2025-05-08 20:49:00+00:00,29986.853651811667,29988.01076119495,29971.60353907895,29987.193519847013,203
2025-05-08 20:50:00+00:00,29987.831957174338,29997.998318463535,29982.768007576753,29988.15767277766,519
2025-05-08 20:51:00+00:00,29988.792374039556,30005.222230442436,29971.470228558926,29989.25069076458,537
2025-05-08 20:52:00+00:00,29988.391786886215,29990.546914268474,29981.480871749958,29989.274575093652,782
2025-05-08 20:53:00+00:00,29990.102124242225,29997.06331202625,29977.602300252027,29990.030854351047,492
2025-05-08 20:54:00+00:00,29989.689017212484,30001.091855979703,29972.75510164378,29990.76444808923,540
2025-05-08 20:55:00+00:00,29989.54449277274,30005.848832719345,29980.083889046786,29990.529076546034,162
2025-05-08 20:56:00+00:00,29989.926591688225,29999.446238468317,29983.843445100872,29988.90642545777,960
2025-05-08 20:57:00+00:00,29988.98509642199,29999.8663653339,29978.389572392003,29988.654759383895,150
2025-05-08 20:58:00+00:00,29990.300026685465,29995.865546437133,29972.972487285588,29990.538139740536,377
2025-05-08 20:59:00+00:00,29988.287134476468,29993.768085161035,29970.127290108016,29987.493733959407,666
2025-05-08 21:00:00+00:00,29987.757292492006,29999.04366659334,29973.48660448168,29987.84660102918,350
2025-05-08 21:01:00+00:00,29987.886523242516,29992.88576494651,29987.043607245098,29987.897434821964,189
2025-05-08 21:02:00+00:00,29988.458840051902,30001.966981641934,29975.592845333795,29987.82479618567,398
2025-05-08 21:03:00+00:00,29989.5978289882,30004.75180334933,29975.606039915627,29989.37807174034,875
2025-05-08 21:04:00+00:00,29990.42525653411,29996.374652808387,29989.071188266724,29988.93343400585,696
2025-05-08 21:05:00+00:00,29989.62759554844,30008.652359979416,29978.682592242516,29988.947012221215,437
2025-05-08 21:06:00+00:00,29987.19474820465,30003.820947296037,29969.515626148084,29985.10959434335,572
2025-05-08 21:07:00+00:00,29987.63277062397,29992.334643940096,29985.91175116187,29985.35206843172,360
2025-05-08 21:08:00+00:00,29986.798787108182,29993.11926472088,29975.86536649725,29987.10409735545,202
2025-05-08 21:09:00+00:00,29988.517396883366,30005.69417953077,29982.8458605202,29989.903330793313,396
2025-05-08 21:10:00+00:00,29987.91291610576,29997.054638463807,29981.49661657329,29989.362324985497,252
2025-05-08 21:11:00+00:00,29989.0834283961,30000.443423929282,29987.552736879446,29988.04330273455,873
2025-05-08 21:12:00+00:00,29991.089001976532,29995.15735516514,29985.05012143888,29991.786300624153,778
2025-05-08 21:13:00+00:00,29990.99024703888,30004.811118096644,29980.02648373401,29989.90882038084,845
2025-05-08 21:14:00+00:00,29992.17379471551,29995.784817376232,29984.462491263806,29990.662826075994,729
2025-05-08 21:15:00+00:00,29990.585190969963,29998.808884326554,29988.660620481638,29990.79229470754,615
2025-05-08 21:16:00+00:00,29990.021250167094,30007.83886476211,29975.974853707103,29988.96326232795,520
2025-05-08 21:17:00+00:00,29991.36036116137,30003.229636748965,29986.75074763087,29990.837825122817,120
2025-05-08 21:18:00+00:00,29990.207451193775,30009.556519136186,29977.006247452675,29990.11829681878,280
2025-05-08 21:19:00+00:00,29991.16925352733,29998.84547769421,29987.149834360673,29991.141498343575,378
2025-05-08 21:20:00+00:00,29991.267596412843,29994.429937127803,29971.749297369915,29991.773162124267,900
2025-05-08 21:21:00+00:00,29991.165481421267,29996.09564805799,29989.216368152556,29990.81167592805,986
2025-05-08 21:22:00+00:00,29992.787846161926,29997.847616411025,29976.050367282613,29991.459838777,472
2025-05-08 21:23:00+00:00,29992.91686831475,30001.56458777586,29977.698460025586,29992.472613616344,779
2025-05-08 21:24:00+00:00,29991.584773792612,30000.769899439532,29985.738850163274,29991.576998488683,477
2025-05-08 21:25:00+00:00,29990.60445016633,30006.08317152204,29988.886033993655,29991.077613430487,671
2025-05-08 21:26:00+00:00,29990.997411856035,30007.690821786127,29979.329789715648,29990.32033942536,331
2025-05-08 21:27:00+00:00,29989.050029973896,30002.689218842457,29986.351951377288,29987.438549758223,795
2025-05-08 21:28:00+00:00,29989.720035344777,29993.884926833147,29986.245674183447,29990.38267956374,397
2025-05-08 21:29:00+00:00,29990.25147469616,29990.828487642775,29989.361847785774,29989.224196686046,516
2025-05-08 21:30:00+00:00,29991.77670404042,30001.296643861024,29983.94090188565,29992.418356028655,468
2025-05-08 21:31:00+00:00,29992.224768292403,30008.14069546569,29979.452349832667,29994.032148848873,271
2025-05-08 21:32:00+00:00,29993.182806943936,30005.010090642136,29980.15325371179,29992.59223962719,265
2025-05-08 21:33:00+00:00,29993.32712934415,30008.835881670675,29979.811434352963,29994.10677721006,471
2025-05-08 21:34:00+00:00,29990.816959976637,30009.901172248916,29971.038964640506,29991.284218032903,414
2025-05-08 21:35:00+00:00,29989.345693501626,30002.965033064418,29973.90781531691,29989.663963853185,414
2025-05-08 21:36:00+00:00,29988.22316938694,30006.8177620765,29972.968604991725,29988.35859925676,204
2025-05-08 21:37:00+00:00,29986.590217590405,30000.817036943157,29982.479457289155,29987.003137799198,420
2025-05-08 21:38:00+00:00,29985.662891658365,29986.300952859932,29977.259845830664,29986.451338248477,393
2025-05-08 21:39:00+00:00,29984.98964872059,29994.450095341734,29979.716883958336,29983.619518009684,187
2025-05-08 21:40:00+00:00,29985.302223183648,29987.903555547044,29983.81389416174,29986.70222203005,140
2025-05-08 21:41:00+00:00,29986.06421134936,29999.39496290342,29977.369340349986,29986.756890892535,835
2025-05-08 21:42:00+00:00,29985.7763306447,29997.910211553204,29974.110959652262,29987.514754693744,217
2025-05-08 21:43:00+00:00,29984.3342654562,29987.541083596232,29967.467576047584,29983.36880900994,583
2025-05-08 21:44:00+00:00,29983.583841418458,29995.105551403314,29982.748756419922,29983.72311067899,533
2025-05-08 21:45:00+00:00,29982.17994052548,29990.421233988793,29967.090658116933,29983.624170711046,817
2025-05-08 21:46:00+00:00,29981.388265244856,29995.062914037055,29968.434235425597,29981.631838615493,806
2025-05-08 21:47:00+00:00,29982.84628234945,29992.86635212297,29976.696781387032,29982.095770200936,693
2025-05-08 21:48:00+00:00,29983.99056314322,30001.278976574835,29976.4477644097,29984.938825731308,806
2025-05-08 21:49:00+00:00,29984.288310399857,29994.2940222758,29964.79991088145,29983.48415141854,420
2025-05-08 21:50:00+00:00,29984.453023268354,29998.13854053882,29971.707303091862,29985.49479263028,221
2025-05-08 21:51:00+00:00,29984.350551618732,29996.017024902172,29966.820610755916,29985.11931578405,834
2025-05-08 21:52:00+00:00,29984.599681313524,29991.5736111006,29969.790577335196,29985.202641574335,975
2025-05-08 21:53:00+00:00,29985.17696787433,29990.784220277237,29966.392537583328,29987.53814698332,932
2025-05-08 21:54:00+00:00,29985.109109429497,29985.991661308784,29983.584374396567,29984.478215393276,959
2025-05-08 21:55:00+00:00,29984.474415021996,29991.854732572425,29975.708491003865,29986.378765594207,723
2025-05-08 21:56:00+00:00,29985.848636326842,29997.43067225932,29968.872673453287,29986.03328322225,483
2025-05-08 21:57:00+00:00,29985.336161232346,29992.860634909102,29967.458226246596,29984.044740975587,795
2025-05-08 21:58:00+00:00,29985.58277985387,29992.63089804216,29979.14908375829,29984.317228682517,417
2025-05-08 21:59:00+00:00,29986.14004270705,29993.565709498573,29969.29270308695,29985.887741704813,490
2025-05-08 22:00:00+00:00,29986.5532913546,29997.125543869253,29981.106430020107,29986.063587310673,821
2025-05-08 22:01:00+00:00,29986.211533132657,29987.376798799472,29973.740186999647,29985.699355432287,486
2025-05-08 22:02:00+00:00,29985.714989924018,29999.699445861275,29971.188997506062,29985.67003599634,298
2025-05-08 22:03:00+00:00,29984.357295120757,29999.11685380513,29976.367785903938,29985.971454946433,890
2025-05-08 22:04:00+00:00,29983.955305313597,29991.203928569874,29969.185657665872,29984.575092354113,646
2025-05-08 22:05:00+00:00,29984.64264424518,29995.448686128533,29972.893935155058,29986.16907057506,352
2025-05-08 22:06:00+00:00,29984.12206976071,29989.470227984366,29971.38727280328,29984.102659156455,289
2025-05-08 22:07:00+00:00,29983.29819725076,29997.194607447524,29963.755460910947,29983.92738675065,140
2025-05-08 22:08:00+00:00,29983.813542288277,30000.88548474139,29965.879054336132,29984.97492526103,524
2025-05-08 22:09:00+00:00,29983.8266021334,29999.984109138622,29972.45730918227,29985.224855049102,628
2025-05-08 22:10:00+00:00,29983.850582534746,29996.483116099625,29964.443659606986,29984.181557553937,593
2025-05-08 22:11:00+00:00,29983.341058651928,29997.13513649203,29974.548195633302,29983.720740759876,886
2025-05-08 22:12:00+00:00,29982.214385894677,29986.108833629107,29975.884995991633,29982.576142232512,620
2025-05-08 22:13:00+00:00,29982.086400193857,29995.27405030568,29974.84320290703,29982.371938953907,436
2025-05-08 22:14:00+00:00,29980.293113094613,29995.558977940476,29969.55640374367,29981.488446816224,671
2025-05-08 22:15:00+00:00,29981.038514325668,29989.357482918545,29974.515008071463,29981.320751675736,849
2025-05-08 22:16:00+00:00,29980.954515041394,29990.112163494727,29979.128877998934,29980.780067122298,505
2025-05-08 22:17:00+00:00,29979.817613902796,29998.696582003206,29974.55858173534,29979.492529807805,149
2025-05-08 22:18:00+00:00,29979.58216085722,29991.547102140747,29970.73572357182,29979.97220827028,957
2025-05-08 22:19:00+00:00,29980.039076186702,29998.9448546526,29968.78372557863,29979.455195448794,414
2025-05-08 22:20:00+00:00,29981.807706834516,29983.63089193675,29964.428032211064,29981.39600295877,719
2025-05-08 22:21:00+00:00,29982.647792515734,29994.542870351703,29977.879437194344,29982.99016850299,194
2025-05-08 22:22:00+00:00,29981.997777258828,29995.606594019308,29978.361974793,29979.910950396516,942
2025-05-08 22:23:00+00:00,29983.237251275856,30000.00720361614,29975.72477044652,29981.227219472898,835
2025-05-08 22:24:00+00:00,29982.918046899824,29985.264794000595,29976.869729286882,29983.35154824525,479
2025-05-08 22:25:00+00:00,29983.93005196272,30000.78636376854,29967.83145697786,29984.185888812066,618
2025-05-08 22:26:00+00:00,29983.719339973257,29993.58507824196,29977.688537839444,29985.145621501644,182
2025-05-08 22:27:00+00:00,29984.2409643818,29993.630486039554,29979.562272038642,29984.18512858038,829
2025-05-08 22:28:00+00:00,29982.476146844514,29992.16920455496,29975.084405855076,29982.532238658125,196
2025-05-08 22:29:00+00:00,29980.63633031787,29997.436285742027,29975.763793408663,29980.081144191165,676
2025-05-08 22:30:00+00:00,29980.423746146866,29982.26524440492,29973.138399015923,29979.447508803543,664
2025-05-08 22:31:00+00:00,29979.949854796258,29996.053449904255,29964.706396251193,29978.854865020425,212
2025-05-08 22:32:00+00:00,29980.58739868851,29999.745868974176,29966.643703101476,29980.397528752197,434
2025-05-08 22:33:00+00:00,29981.07593770082,29991.68857014298,29979.162866443618,29982.315738462537,198
2025-05-08 22:34:00+00:00,29981.437969404873,29992.19453327909,29968.992731504255,29980.624878783292,351
2025-05-08 22:35:00+00:00,29980.795156867778,29987.769745668706,29969.587423144032,29979.669494496266,428
2025-05-08 22:36:00+00:00,29981.103403768953,29995.04513251054,29966.0083690575,29982.518016330087,603
2025-05-08 22:37:00+00:00,29980.943009704242,29993.263113394012,29976.70324216887,29980.21341628945,250
2025-05-08 22:38:00+00:00,29980.030402001026,29981.27390074861,29963.207178586345,29978.83902220305,814
2025-05-08 22:39:00+00:00,29979.225897607223,29990.881681354105,29971.533696629238,29978.089134454785,346
2025-05-08 22:40:00+00:00,29980.39493736649,29997.261952772948,29977.70332076577,29980.586384508722,629
2025-05-08 22:41:00+00:00,29981.510838805934,29998.236819270784,29976.0831986117,29982.425014128872,621
2025-05-08 22:42:00+00:00,29981.401592537655,29997.723293671872,29977.915496947164,29981.87436308368,538
2025-05-08 22:43:00+00:00,29980.932644511657,29997.577365023055,29980.412934399243,29981.40473048558,615
2025-05-08 22:44:00+00:00,29980.362010760673,29991.79199563755,29966.823584908714,29982.06784989057,258
2025-05-08 22:45:00+00:00,29980.744507040425,29991.13243255416,29962.159684435992,29980.69132147205,753
2025-05-08 22:46:00+00:00,29981.61701811287,29989.728060871188,29972.138169619026,29982.576736688006,344
2025-05-08 22:47:00+00:00,29981.6574038409,29996.414224118267,29968.853311692612,29981.208041688486,843
2025-05-08 22:48:00+00:00,29981.817857177164,29994.3731320207,29971.329762987774,29980.584011599174,196
2025-05-08 22:49:00+00:00,29980.17288473604,29994.821570691456,29972.378175972626,29981.168041658653,124
2025-05-08 22:50:00+00:00,29979.2869325765,29995.463816162326,29971.87891924555,29979.232146824303,614
2025-05-08 22:51:00+00:00,29978.973140807597,29997.77115231754,29966.374536410436,29979.126967788874,531
2025-05-08 22:52:00+00:00,29977.69634658461,29995.53021504232,29964.907323257234,29977.527236174355,794
2025-05-08 22:53:00+00:00,29978.920587337878,29980.82665481258,29968.565978141858,29980.80892305716,959
2025-05-08 22:54:00+00:00,29978.213276073126,29980.1293312386,29961.108864457256,29979.325387320143,336
2025-05-08 22:55:00+00:00,29976.482736118942,29990.0275280775,29970.67194596424,29977.133637542145,759
2025-05-08 22:56:00+00:00,29975.326995497333,29977.61574523127,29966.971014746774,29974.866184070233,782
2025-05-08 22:57:00+00:00,29974.73344629475,29988.91534742105,29954.947598067596,29974.247112891113,246
2025-05-08 22:58:00+00:00,29974.12947146784,29993.57718380909,29965.44265763072,29974.05284759348,330
2025-05-08 22:59:00+00:00,29973.6067988666,29984.322660081187,29973.404680348955,29973.981796383076,169
2025-05-08 23:00:00+00:00,29975.007383628046,29979.656072739595,29959.801863193046,29977.11410724519,770
2025-05-08 23:01:00+00:00,29975.91205779193,29986.12784638074,29957.401008047415,29976.270623144803,645
2025-05-08 23:02:00+00:00,29976.77376575178,29994.30053696953,29972.66936076394,29976.834988397666,812
2025-05-08 23:03:00+00:00,29975.649239133665,29985.88020363448,29974.715888274444,29977.08065516559,351
2025-05-08 23:04:00+00:00,29974.79003509548,29976.98247445492,29963.18145183247,29975.413992282887,680
2025-05-08 23:05:00+00:00,29976.888423637734,29991.73191303131,29961.13663946515,29975.213913982116,167
2025-05-08 23:06:00+00:00,29975.974487767024,29992.528838655726,29967.451723479575,29975.4183950814,285
2025-05-08 23:07:00+00:00,29975.513368311484,29993.081387213286,29965.931621148517,29973.989725250056,574
2025-05-08 23:08:00+00:00,29973.32535937308,29987.408837061997,29954.805367845056,29973.703036309937,292
2025-05-08 23:09:00+00:00,29973.968770113708,29992.110902811586,29971.28330192899,29971.87555762695,218
2025-05-08 23:10:00+00:00,29973.449594896585,29992.007265997836,29963.01336805029,29973.930985898765,978
2025-05-08 23:11:00+00:00,29971.3088894168,29981.772800886047,29955.839187050573,29970.40734913199,902
2025-05-08 23:12:00+00:00,29972.26202486384,29975.695578239905,29967.300783386214,29972.310861757367,690
2025-05-08 23:13:00+00:00,29974.749530367397,29978.29973247023,29960.045041600137,29972.942513512702,705
2025-05-08 23:14:00+00:00,29973.8081857654,29978.283324820495,29953.91707631386,29971.7590043961,126
2025-05-08 23:15:00+00:00,29975.65264020934,29980.748533465332,29964.862951884257,29977.26188269054,654
2025-05-08 23:16:00+00:00,29976.54683616018,29984.789178561892,29960.517950891655,29975.951042185337,725
2025-05-08 23:17:00+00:00,29976.077104590295,29991.989730214995,29958.406239380576,29974.33596601284,970
2025-05-08 23:18:00+00:00,29976.181988728044,29980.51932897599,29958.400923247995,29977.126319815034,931
2025-05-08 23:19:00+00:00,29977.599153442465,29979.43196587945,29974.257240602506,29977.64518874235,470
2025-05-08 23:20:00+00:00,29977.722100582003,29978.37434149108,29967.28376987142,29977.99172270667,746
2025-05-08 23:21:00+00:00,29979.0219091103,29983.746072128884,29974.211045301643,29979.49939835476,871
2025-05-08 23:22:00+00:00,29978.2154751786,29986.11224033311,29960.175695645954,29978.24338309559,568
2025-05-08 23:23:00+00:00,29978.778085435446,29996.521031194196,29969.570147264247,29977.989346778562,627
2025-05-08 23:24:00+00:00,29979.928685604336,29986.859750873176,29963.155623683553,29979.7036092949,668
2025-05-08 23:25:00+00:00,29979.207085256465,29989.871822813293,29960.115520661933,29980.52372406174,273
2025-05-08 23:26:00+00:00,29979.848560581784,29981.720959045386,29969.040781929558,29981.312581858216,846
2025-05-08 23:27:00+00:00,29978.939696941772,29994.136658469808,29961.498134298763,29978.295784241778,990
2025-05-08 23:28:00+00:00,29978.182891827353,29995.295785730883,29960.61314179111,29976.99070267099,349
2025-05-08 23:29:00+00:00,29978.00293316258,29989.835445989745,29961.81731558944,29979.729329076497,693
2025-05-08 23:30:00+00:00,29976.63854064609,29995.72477160813,29958.795644001246,29977.820954985233,800
2025-05-08 23:31:00+00:00,29976.664137918484,29983.831938445175,29973.803337363257,29976.722732024522,814
2025-05-08 23:32:00+00:00,29976.074673669078,29990.504103180345,29974.061870003577,29975.406335948017,391
2025-05-08 23:33:00+00:00,29977.272724998387,29988.878565581916,29966.668399135473,29976.582799345284,690
2025-05-08 23:34:00+00:00,29976.271377455723,29985.197067475416,29968.957087416144,29976.55017781483,518
2025-05-08 23:35:00+00:00,29975.35834974589,29978.387095834238,29970.33933029047,29974.356843446807,610
2025-05-08 23:36:00+00:00,29975.272637105558,29986.922592232,29964.951160437322,29977.827536076515,554
2025-05-08 23:37:00+00:00,29975.348302798626,29975.873678250577,29972.01267795585,29978.064666887145,110
2025-05-08 23:38:00+00:00,29974.661931840546,29993.786170740445,29973.99550612118,29975.22426237986,806
2025-05-08 23:39:00+00:00,29972.779511179462,29977.603066353186,29956.033098059466,29973.84530171676,572
2025-05-08 23:40:00+00:00,29973.95613338425,29983.328669226034,29965.77016168525,29975.31850600711,940
2025-05-08 23:41:00+00:00,29972.199921440864,29976.352679234285,29961.592173480596,29973.545634842892,190
2025-05-08 23:42:00+00:00,29970.838818777698,29988.29566158719,29957.426508881843,29971.971163047456,141
2025-05-08 23:43:00+00:00,29971.98615427063,29984.98717062626,29959.801822927217,29972.262784320592,472
2025-05-08 23:44:00+00:00,29972.268928959966,29988.490882669903,29960.477664544127,29971.66643178407,871
2025-05-08 23:45:00+00:00,29972.34273045702,29974.318509930334,29961.262856631693,29972.519838191776,115
2025-05-08 23:46:00+00:00,29971.692204512547,29983.459627666405,29961.458324691757,29972.040219012542,845
2025-05-08 23:47:00+00:00,29971.39843638244,29976.75043029625,29963.495415335306,29973.11728487625,835
2025-05-08 23:48:00+00:00,29970.821863725254,29990.50296736982,29961.286126447576,29971.59688594826,776
2025-05-08 23:49:00+00:00,29970.946792383893,29989.34031863128,29951.66745167232,29971.632585950083,947
2025-05-08 23:50:00+00:00,29969.998278823587,29974.64699612817,29958.35140834838,29968.192497700267,507
2025-05-08 23:51:00+00:00,29971.037616439433,29973.285570289976,29960.324495893296,29971.190750456048,142
2025-05-08 23:52:00+00:00,29971.828981003804,29973.85671645099,29966.31140547695,29970.013346526317,732
2025-05-08 23:53:00+00:00,29972.5298733929,29976.12308046205,29956.966186736663,29971.331576263834,354
2025-05-08 23:54:00+00:00,29973.22219144647,29983.961837546598,29955.899165292034,29972.3427801559,132
2025-05-08 23:55:00+00:00,29974.419746893203,29974.59062628259,29968.34338438122,29973.839508726138,141
2025-05-08 23:56:00+00:00,29975.209407765502,29978.518560000124,29962.73636177861,29973.258722488838,843
2025-05-08 23:57:00+00:00,29975.66634614024,29995.514197539113,29962.50557384295,29976.211083772665,672
2025-05-08 23:58:00+00:00,29975.47680069247,29982.328380956977,29961.017373511553,29975.659445323512,671
2025-05-08 23:59:00+00:00,29974.589996630504,29982.45460578141,29967.534856113532,29973.943669548295,790
2025-05-09 00:00:00+00:00,29974.147855018706,29983.380764950794,29957.899573327675,29974.100310191312,831
2025-05-09 00:01:00+00:00,29973.62479568176,29981.785686479492,29971.925091148845,29972.121004585468,763
2025-05-09 00:02:00+00:00,29975.628007598294,29987.40946508816,29958.03348989661,29974.843234550215,916
2025-05-09 00:03:00+00:00,29976.059880257508,29984.676313901287,29956.43783072943,29974.69602158656,341
2025-05-09 00:04:00+00:00,29976.595520460567,29992.97899241978,29962.468062944306,29976.246101836798,319
2025-05-09 00:05:00+00:00,29977.38948555101,29979.888657116153,29964.302263992773,29977.212979281125,126
2025-05-09 00:06:00+00:00,29977.441352389993,29981.75356415042,29959.67679460884,29978.547176629323,643
2025-05-09 00:07:00+00:00,29976.965287439616,29990.9430649947,29968.993917460142,29977.20096027029,818
2025-05-09 00:08:00+00:00,29975.34353819363,29990.063777778723,29971.77856090214,29974.427163501045,340
2025-05-09 00:09:00+00:00,29975.415910463336,29977.566550770935,29963.48617260616,29975.998142651493,498
2025-05-09 00:10:00+00:00,29976.1677695984,29990.730106699466,29961.418058442647,29975.66095436918,265
2025-05-09 00:11:00+00:00,29977.366752205086,29981.00488015828,29967.401469817643,29976.22173635426,378
2025-05-09 00:12:00+00:00,29978.156887552417,29984.621028285266,29963.224092989498,29977.10980414818,419
2025-05-09 00:13:00+00:00,29976.37369282688,29981.853457935227,29975.380361798194,29975.32108298581,911
2025-05-09 00:14:00+00:00,29976.52582094374,29986.805154459616,29961.687469491942,29977.742741923736,635
2025-05-09 00:15:00+00:00,29975.165178085004,29990.471049188778,29968.54803724748,29973.53253886458,280
2025-05-09 00:16:00+00:00,29976.16277927819,29980.093719404493,29969.044461449965,29976.268344042808,608
2025-05-09 00:17:00+00:00,29975.781263174144,29980.252362177285,29957.84035407264,29974.046712248368,692
2025-05-09 00:18:00+00:00,29975.531799143457,29982.37021187581,29966.594758972074,29975.76518009371,719
2025-05-09 00:19:00+00:00,29973.88798522666,29987.940829242227,29966.306183525023,29974.775808914168,485
2025-05-09 00:20:00+00:00,29973.50800326655,29992.151326885345,29959.089999064738,29973.111103400584,289
2025-05-09 00:21:00+00:00,29973.001679454752,29981.00867194652,29965.767013795466,29972.475099646243,557
2025-05-09 00:22:00+00:00,29972.62882361721,29992.404622224323,29955.873909423666,29972.54624368878,441
2025-05-09 00:23:00+00:00,29973.40963702512,29977.24420031067,29957.941747035187,29973.736351597618,628
2025-05-09 00:24:00+00:00,29973.238631264605,29984.653328768465,29972.864134961786,29972.678818766944,761
2025-05-09 00:25:00+00:00,29974.14204770827,29975.350722520303,29974.03745834014,29972.50376906867,914
2025-05-09 00:26:00+00:00,29974.239958976457,29989.052385888932,29972.642311365187,29974.754451323908,792
2025-05-09 00:27:00+00:00,29974.88292018737,29990.733065231874,29974.72812871853,29975.51999511916,290
2025-05-09 00:28:00+00:00,29975.368834368353,29985.052849012336,29969.599725954766,29975.746159309518,478
2025-05-09 00:29:00+00:00,29975.430974362906,29982.144534095114,29973.02580672697,29973.638482038044,733
2025-05-09 00:30:00+00:00,29974.569908372043,29978.117888515193,29969.43568725744,29973.647164832604,857
2025-05-09 00:31:00+00:00,29974.08052727416,29975.21904198577,29962.15309388954,29975.494767917746,872
2025-05-09 00:32:00+00:00,29973.398816835273,29991.363274654377,29959.955232442047,29974.495067811727,902
2025-05-09 00:33:00+00:00,29973.24398634594,29986.9792199545,29953.44194707923,29972.61578979861,864
2025-05-09 00:34:00+00:00,29974.307085285156,29985.593599223295,29958.434936252805,29974.973779633383,848
2025-05-09 00:35:00+00:00,29974.4721454905,29980.634167487344,29968.554087344677,29974.345219147013,133
2025-05-09 00:36:00+00:00,29972.474323336817,29975.032839832333,29966.954620537817,29972.650022939244,746
2025-05-09 00:37:00+00:00,29971.667628849067,29975.612969922495,29964.952933836794,29970.528320130117,899
2025-05-09 00:38:00+00:00,29971.330533431297,29981.37870609295,29960.85221058991,29971.596477872787,581
2025-05-09 00:39:00+00:00,29970.524967658643,29976.538491786567,29961.431711377187,29969.32510486012,455
2025-05-09 00:40:00+00:00,29970.618420335322,29981.926963826892,29952.802740648585,29969.8578765201,813
2025-05-09 00:41:00+00:00,29973.029758360746,29983.554745444693,29963.548256445654,29974.664607162624,693
2025-05-09 00:42:00+00:00,29973.300018123442,29983.03268232788,29973.04320929805,29973.147568400604,136
2025-05-09 00:43:00+00:00,29972.505598529537,29979.310174083686,29955.42108239601,29973.42969482408,826
2025-05-09 00:44:00+00:00,29972.846609624525,29976.762448495694,29970.28469458646,29973.692257197363,446
2025-05-09 00:45:00+00:00,29972.92191410766,29979.786964483825,29970.94567500566,29973.01229763544,351
2025-05-09 00:46:00+00:00,29974.877481293308,29987.83899445962,29963.725757333996,29976.834340370104,813
2025-05-09 00:47:00+00:00,29974.998016775335,29983.498460490136,29971.156723060743,29973.8869235336,584
2025-05-09 00:48:00+00:00,29976.12968153974,29976.213269090877,29965.621489995763,29977.014803683574,736
2025-05-09 00:49:00+00:00,29976.50886827348,29995.056217429737,29959.19760342731,29974.9047356673,473
2025-05-09 00:50:00+00:00,29976.51522289034,29991.62682870188,29967.079144703348,29977.93733136061,492
2025-05-09 00:51:00+00:00,29977.18597207784,29987.18045740462,29975.359533595652,29977.50051433349,469
2025-05-09 00:52:00+00:00,29976.066751640403,29986.335509569635,29969.99334314664,29975.731587020597,427
2025-05-09 00:53:00+00:00,29975.245440155748,29993.31199337946,29971.460875961202,29976.87141688349,755
2025-05-09 00:54:00+00:00,29972.97131103203,29986.499225224445,29953.57425428684,29973.36808714228,244
2025-05-09 00:55:00+00:00,29974.8510966339,29982.52762833691,29968.567624098883,29976.2912550203,611
2025-05-09 00:56:00+00:00,29975.100746664455,29986.81765644135,29965.12123965978,29976.439705209024,916
2025-05-09 00:57:00+00:00,29974.136066813346,29979.23735495156,29967.462627106528,29973.913904180332,217
2025-05-09 00:58:00+00:00,29974.363853434283,29975.63721160518,29959.2047864162,29974.387835632093,410
2025-05-09 00:59:00+00:00,29973.320201385024,29975.885249034935,29968.27632555424,29975.11435010344,450
2025-05-09 01:00:00+00:00,29974.825810926362,29990.376725413123,29962.77999575014,29974.657038373905,222
2025-05-09 01:01:00+00:00,29973.56709351856,29984.82265904183,29959.377043727614,29970.103512536632,980
2025-05-09 01:02:00+00:00,29975.125183843866,29983.730236724605,29969.40947691931,29974.99650754379,649
2025-05-09 01:03:00+00:00,29975.334654861395,29993.003017587685,29966.924922236372,29974.15411255906,343
2025-05-09 01:04:00+00:00,29974.7638286934,29992.0686975719,29956.720071156506,29973.47620745666,920
2025-05-09 01:05:00+00:00,29975.050557548686,29992.612057115737,29955.669463738166,29975.88856156817,462
2025-05-09 01:06:00+00:00,29976.15956992794,29990.718973172814,29975.43621615716,29977.70433176228,455
2025-05-09 01:07:00+00:00,29975.022235856595,29978.8028504885,29970.900496532835,29973.263335641077,638
2025-05-09 01:08:00+00:00,29976.59643034698,29987.33956990022,29967.727896991586,29975.577162600854,945
2025-05-09 01:09:00+00:00,29976.31079853173,29992.539330977197,29971.43180578344,29974.298160612332,156
2025-05-09 01:10:00+00:00,29976.068468889862,29995.38329721023,29962.768894552588,29975.362299121625,791
2025-05-09 01:11:00+00:00,29976.36481658422,29977.484279350738,29971.479921370126,29976.257120315568,353
2025-05-09 01:12:00+00:00,29975.513656221123,29993.849539419254,29973.705379874064,29976.31811720453,147
2025-05-09 01:13:00+00:00,29976.54787895056,29989.701969833728,29959.682041551674,29975.2856655096,458
2025-05-09 01:14:00+00:00,29976.051109016636,29992.958022632884,29965.43219512991,29977.482708819716,852
2025-05-09 01:15:00+00:00,29976.428058444588,29977.729431310156,29956.844091136027,29976.607928062873,581
2025-05-09 01:16:00+00:00,29977.5874623257,29985.701357349695,29974.588988654385,29975.336090044188,737
2025-05-09 01:17:00+00:00,29978.112822741707,29997.07247064957,29977.313780461962,29979.6600014897,528
2025-05-09 01:18:00+00:00,29977.816837897324,29994.816443570187,29960.961614886313,29978.20658665137,303
2025-05-09 01:19:00+00:00,29976.625593316796,29994.090657764667,29966.648803201042,29978.398772112207,626
2025-05-09 01:20:00+00:00,29977.184553462834,29979.88453240708,29967.511280181847,29976.768624079246,767
2025-05-09 01:21:00+00:00,29978.506127418874,29978.553116479794,29961.605480197144,29978.728163426134,140
2025-05-09 01:22:00+00:00,29977.99110385462,29985.660377072472,29963.60356132438,29976.040371588184,952
2025-05-09 01:23:00+00:00,29978.045864716452,29997.63055282116,29976.24408722503,29978.312061663717,203
2025-05-09 01:24:00+00:00,29979.915274237144,29996.199893248024,29968.021791995667,29980.535568400468,888
2025-05-09 01:25:00+00:00,29978.483429026728,29979.876768544545,29967.620268025352,29977.933193719924,535
2025-05-09 01:26:00+00:00,29978.154864733977,29992.225772088255,29969.587003960078,29978.2645110875,361
2025-05-09 01:27:00+00:00,29977.634059895605,29979.18706741995,29975.48416696645,29977.560575547814,857
2025-05-09 01:28:00+00:00,29977.960792877373,29992.719040173728,29960.01077371045,29977.854498797304,679
2025-05-09 01:29:00+00:00,29979.218636647412,29979.46789160895,29971.73911108842,29979.358123917835,324
2025-05-09 01:30:00+00:00,29977.851761424765,29983.240187051797,29965.722438848275,29978.17201687604,892
2025-05-09 01:31:00+00:00,29978.407649904762,29987.68885630231,29970.555158440155,29978.63434776692,880
2025-05-09 01:32:00+00:00,29977.80312947754,29982.677225510048,29971.63753254853,29978.185063542598,435
2025-05-09 01:33:00+00:00,29976.862624455098,29988.72427844408,29963.602680797598,29976.226070350232,301
2025-05-09 01:34:00+00:00,29977.707939499414,29987.34063047416,29975.736207453243,29977.545830645562,388
2025-05-09 01:35:00+00:00,29977.469541417133,29982.89142067623,29962.928671257978,29976.48097586097,204
2025-05-09 01:36:00+00:00,29976.125288326235,29990.909976340212,29970.321873586778,29976.73408431188,182
2025-05-09 01:37:00+00:00,29977.29966955932,29981.041297245472,29972.387380571374,29978.62187496633,369
2025-05-09 01:38:00+00:00,29976.148064490782,29993.605816058458,29958.777812506127,29976.070452652784,215
2025-05-09 01:39:00+00:00,29975.595952369862,29982.920389725798,29975.19018417134,29974.98549373678,665
2025-05-09 01:40:00+00:00,29974.323386083193,29976.997630615944,29968.44791912883,29974.49901785263,641
2025-05-09 01:41:00+00:00,29975.35107879694,29983.05743095759,29957.927622666528,29976.477802601494,604
2025-05-09 01:42:00+00:00,29972.4982457011,29976.99095169561,29969.880017868658,29971.586255735205,881
2025-05-09 01:43:00+00:00,29970.44989225391,29978.277122200936,29966.592986130272,29970.374990506,578
2025-05-09 01:44:00+00:00,29970.24035080946,29975.440091445194,29968.248248512133,29970.64979234488,377
2025-05-09 01:45:00+00:00,29970.36003626782,29972.124567121078,29954.51513798204,29970.4318427133,304
2025-05-09 01:46:00+00:00,29971.62778945885,29977.415826896962,29967.925102714555,29971.836363352268,504
2025-05-09 01:47:00+00:00,29971.860870523506,29980.586095338207,29968.289489375144,29971.325387277986,858
2025-05-09 01:48:00+00:00,29969.379876247778,29976.67502523505,29950.146740249336,29968.01073372423,595
2025-05-09 01:49:00+00:00,29967.533422841076,29970.268369311903,29950.051304297744,29968.020775723042,518
2025-05-09 01:50:00+00:00,29966.395940794533,29980.615745199102,29955.349062773465,29966.42828751107,654
2025-05-09 01:51:00+00:00,29965.87056587132,29977.02221057923,29960.64297260777,29967.529965998518,119
2025-05-09 01:52:00+00:00,29965.132030319062,29969.12271840068,29964.11105223273,29964.256001308062,700
2025-05-09 01:53:00+00:00,29967.305519621357,29978.841172872886,29948.849810771004,29967.674432110925,536
2025-05-09 01:54:00+00:00,29966.799002886535,29968.060248499925,29954.333747029308,29968.96370693617,322
2025-05-09 01:55:00+00:00,29966.738959087143,29968.160605127912,29961.565060335302,29967.97513681273,359
2025-05-09 01:56:00+00:00,29967.960285444675,29968.1034608159,29961.94107026647,29967.081056784402,867
2025-05-09 01:57:00+00:00,29968.9635566772,29975.476017291578,29956.864730264733,29970.152304299158,774
2025-05-09 01:58:00+00:00,29968.99928817973,29987.935086337293,29960.22422347801,29968.631069525174,100
2025-05-09 01:59:00+00:00,29969.82131320304,29979.060183664733,29958.314127100093,29967.72059500646,590
2025-05-09 02:00:00+00:00,29967.696955102798,29971.707093592293,29950.619652011297,29968.850297970792,761
2025-05-09 02:01:00+00:00,29968.653233068137,29972.424855632362,29949.665005147173,29968.38597283124,879
2025-05-09 02:02:00+00:00,29967.93088307535,29979.3035832025,29958.952145442483,29967.78750626076,361
2025-05-09 02:03:00+00:00,29967.963269252275,29974.83991911612,29951.972284658492,29969.41844112385,113
2025-05-09 02:04:00+00:00,29967.96745490643,29985.46451972895,29952.486048006904,29969.159666142055,779
2025-05-09 02:05:00+00:00,29967.24770331838,29985.699978016688,29963.392419692824,29966.467628896982,568
2025-05-09 02:06:00+00:00,29968.133492718676,29981.40312354961,29950.79989067726,29967.18231589469,619
2025-05-09 02:07:00+00:00,29966.429808380806,29982.111402682218,29952.367000684746,29965.305589290747,126
2025-05-09 02:08:00+00:00,29965.878424911076,29980.30631374679,29953.69545814059,29966.559304640872,454
2025-05-09 02:09:00+00:00,29966.976601032307,29982.558001704678,29954.082422280597,29966.904117976374,857
2025-05-09 02:10:00+00:00,29968.694005541933,29970.805363721473,29952.516173720865,29967.844653793018,793
2025-05-09 02:11:00+00:00,29969.07729472931,29971.119161261275,29961.97342250497,29971.44838043983,913
2025-05-09 02:12:00+00:00,29970.995706074926,29983.20267373217,29962.50008427987,29972.047630135752,795
2025-05-09 02:13:00+00:00,29970.746515604118,29977.755675628476,29952.32283009499,29969.15267740757,957
2025-05-09 02:14:00+00:00,29971.25191719032,29977.78530524771,29965.490807870203,29972.495723708107,395
2025-05-09 02:15:00+00:00,29971.39371376643,29990.467260547484,29966.819907852514,29970.07169582539,916
2025-05-09 02:16:00+00:00,29970.010612090606,29974.302086711825,29968.040981102084,29970.006815322868,571
2025-05-09 02:17:00+00:00,29970.234893038712,29972.27138833956,29951.660385941515,29970.985018504663,738
2025-05-09 02:18:00+00:00,29968.696109857112,29974.299983599576,29950.419558506917,29970.04449154617,339
2025-05-09 02:19:00+00:00,29967.380543069463,29977.954802414708,29967.338136135542,29968.28284365789,161
2025-05-09 02:20:00+00:00,29967.06292360131,29969.815785086616,29957.84847606009,29968.3964301951,880
2025-05-09 02:21:00+00:00,29965.964457129485,29970.333826618305,29955.717782277658,29965.58295546008,492
2025-05-09 02:22:00+00:00,29967.281350339585,29979.293498535626,29961.01586971014,29966.628846802785,201
2025-05-09 02:23:00+00:00,29968.711268807987,29972.56523970685,29949.831573808486,29967.2526213302,672
2025-05-09 02:24:00+00:00,29969.25359940087,29970.34283756941,29953.936054546077,29970.763468515117,610
2025-05-09 02:25:00+00:00,29970.655012523486,29973.509591453134,29954.937742422826,29968.26733590365,721
2025-05-09 02:26:00+00:00,29972.766162357348,29977.583911455542,29955.847029251792,29972.60937305624,134
2025-05-09 02:27:00+00:00,29972.761825863887,29977.635146720935,29972.152678641785,29972.841037659775,157
2025-05-09 02:28:00+00:00,29974.196736614365,29991.57100485099,29955.59119888703,29973.68362195562,171
2025-05-09 02:29:00+00:00,29973.184333533503,29983.56353154208,29965.263962022833,29972.521021437828,700
2025-05-09 02:30:00+00:00,29972.261836327107,29981.234461959088,29963.749922841624,29972.74232593171,783
2025-05-09 02:31:00+00:00,29972.943994057045,29974.011823395762,29968.2706401999,29971.57904506463,313
2025-05-09 02:32:00+00:00,29973.60136579339,29984.572479597333,29959.276945634563,29972.962449533068,311
2025-05-09 02:33:00+00:00,29975.628607421626,29994.04783596281,29958.988822918218,29977.4259725397,956
2025-05-09 02:34:00+00:00,29977.012257512546,29985.00844359752,29969.697868558003,29978.772691688115,695
2025-05-09 02:35:00+00:00,29976.302838332602,29980.764979951964,29972.207681505664,29977.062916104285,462
2025-05-09 02:36:00+00:00,29976.775882817143,29979.723800146414,29976.522353202097,29976.367281496376,160
2025-05-09 02:37:00+00:00,29976.03577839347,29989.884614818322,29963.363713770985,29977.562892795937,211
2025-05-09 02:38:00+00:00,29975.844246833756,29987.98918941613,29968.313254304845,29974.967154764345,141
2025-05-09 02:39:00+00:00,29976.285117663014,29988.123530508798,29959.48713586884,29975.58749424208,513
2025-05-09 02:40:00+00:00,29974.576501241656,29981.625230433587,29967.441032270035,29975.373529108194,237
2025-05-09 02:41:00+00:00,29974.59194997125,29994.372733023396,29968.735647741658,29974.382692940064,192
2025-05-09 02:42:00+00:00,29974.873073094746,29979.064783914808,29961.955443671446,29974.50520114205,736
2025-05-09 02:43:00+00:00,29974.227593523065,29977.112878720556,29957.589298080627,29974.108515001284,571
2025-05-09 02:44:00+00:00,29974.452285141037,29989.23855833103,29972.333229452503,29973.540229433813,684
2025-05-09 02:45:00+00:00,29976.201373085354,29988.15189079568,29972.357143311157,29975.67384415467,534
2025-05-09 02:46:00+00:00,29975.17373810752,29985.416599498334,29974.658951041656,29975.6232468854,332
2025-05-09 02:47:00+00:00,29975.656482707218,29995.36412115584,29971.76306902629,29975.605676380717,116
2025-05-09 02:48:00+00:00,29975.743698369453,29983.5629498639,29968.370404183865,29975.471703558953,206
2025-05-09 02:49:00+00:00,29974.857659949917,29976.154314341944,29957.06446952364,29976.159724259393,443
2025-05-09 02:50:00+00:00,29974.43932179469,29980.072239316625,29969.423890131126,29974.358879257557,301
2025-05-09 02:51:00+00:00,29974.907752123694,29982.827812516814,29960.0004181496,29974.659630220685,217
2025-05-09 02:52:00+00:00,29973.342600989312,29985.65723050221,29956.4837036688,29974.57787369309,469
2025-05-09 02:53:00+00:00,29972.991519801544,29989.36207522771,29972.424944896535,29971.953053242392,679
2025-05-09 02:54:00+00:00,29973.30332262355,29980.129933665063,29967.148265406446,29972.313845200453,689
2025-05-09 02:55:00+00:00,29973.843516093904,29983.05737060166,29956.926580169475,29974.74908641562,232
2025-05-09 02:56:00+00:00,29973.527397054957,29979.96460344177,29973.368832796692,29974.553258232223,424
2025-05-09 02:57:00+00:00,29973.4528638968,29982.065558953807,29963.932924672798,29975.097394932203,994
2025-05-09 02:58:00+00:00,29973.01216584099,29983.331201289137,29961.01188221105,29972.324603134344,303
2025-05-09 02:59:00+00:00,29973.049063855688,29979.82402880606,29970.9401710648,29975.16643312749,284
2025-05-09 03:00:00+00:00,29972.689550205723,29978.19521129878,29960.122330124846,29972.378297025632,344
2025-05-09 03:01:00+00:00,29974.23799204364,29986.357783230287,29969.8254963811,29975.35337105972,818
2025-05-09 03:02:00+00:00,29974.611739905144,29976.47528771356,29966.743765813026,29974.696545572577,701
2025-05-09 03:03:00+00:00,29976.29640235711,29985.989514020515,29969.65236580026,29976.090467868937,101
2025-05-09 03:04:00+00:00,29977.886079679738,29988.36248315109,29972.12181477572,29977.12828309649,238
2025-05-09 03:05:00+00:00,29976.69541117544,29989.64560278812,29970.175330666327,29976.946386480773,297
2025-05-09 03:06:00+00:00,29977.182027959934,29995.45208745893,29968.510087342318,29977.151744468265,417
2025-05-09 03:07:00+00:00,29977.16019972514,29985.34143988646,29960.022013379996,29977.442412215918,313
2025-05-09 03:08:00+00:00,29977.46032082446,29994.538283132726,29958.120229359392,29976.472773692083,483
2025-05-09 03:09:00+00:00,29976.572712310808,29986.550605476717,29966.73153987418,29978.228088201045,802
2025-05-09 03:10:00+00:00,29977.986036336948,29986.059461200883,29964.75163880815,29978.212975992403,172
2025-05-09 03:11:00+00:00,29978.36181202275,29995.04832692841,29974.743008105717,29978.3744536668,750
2025-05-09 03:12:00+00:00,29977.52144209873,29991.699619193878,29964.477986644506,29977.262004982775,411
2025-05-09 03:13:00+00:00,29977.298847642793,29988.244552633838,29962.90475816234,29978.77931967,449
2025-05-09 03:14:00+00:00,29976.76150216612,29979.156059988352,29969.41015416978,29978.459748135694,243
2025-05-09 03:15:00+00:00,29974.935063897654,29986.378767195318,29955.464725854534,29973.784319625727,209
2025-05-09 03:16:00+00:00,29974.75718135987,29993.269754846842,29972.888819350814,29975.368610074107,969
2025-05-09 03:17:00+00:00,29974.905237007322,29983.264963919024,29968.9387815961,29974.802152932,289
2025-05-09 03:18:00+00:00,29974.973977205842,29986.414608386538,29961.28173325825,29976.18684404383,385
2025-05-09 03:19:00+00:00,29974.228102057965,29984.958707514696,29963.784834412545,29973.36488672538,247
2025-05-09 03:20:00+00:00,29974.925362268146,29991.37633192942,29967.548702650012,29975.792614365484,803
2025-05-09 03:21:00+00:00,29975.850930888628,29993.736151252557,29965.186454642808,29975.69721956214,172
2025-05-09 03:22:00+00:00,29976.38507828949,29982.82980362023,29975.600604089163,29976.45706192702,841
2025-05-09 03:23:00+00:00,29977.41070967112,29988.426551464327,29961.945444318702,29976.5797381852,868
2025-05-09 03:24:00+00:00,29978.060821830102,29994.233275553255,29963.21867502306,29975.529090611686,224
2025-05-09 03:25:00+00:00,29978.22467004333,29979.567847432747,29966.614674201777,29978.27144722666,583
2025-05-09 03:26:00+00:00,29978.07232497005,29988.680623967062,29975.769071653882,29978.306111406895,277
2025-05-09 03:27:00+00:00,29977.898896099803,29985.57585274841,29970.326098205707,29977.323335881905,932
2025-05-09 03:28:00+00:00,29977.618890065263,29987.263545120928,29972.96943507379,29977.49182476106,722
2025-05-09 03:29:00+00:00,29977.332231967044,29985.167420620066,29964.857544035935,29976.45547055492,626
2025-05-09 03:30:00+00:00,29977.299883626973,29984.48170958802,29962.82822043234,29977.315880141403,121
2025-05-09 03:31:00+00:00,29978.26345914784,29988.893949611094,29964.19868781196,29979.06946327213,716
2025-05-09 03:32:00+00:00,29979.454081761523,29994.013708261205,29968.73393577751,29979.73113341154,640
2025-05-09 03:33:00+00:00,29978.98134618515,29995.030566594596,29966.938127536174,29978.0623215634,416
2025-05-09 03:34:00+00:00,29981.04637660928,29983.29871667766,29971.016142114004,29980.73942629718,810
2025-05-09 03:35:00+00:00,29980.550798162305,29983.81124633954,29963.471940052998,29979.14872972858,515
2025-05-09 03:36:00+00:00,29981.009852750965,29985.119509800425,29976.042523620057,29978.71329668151,541
2025-05-09 03:37:00+00:00,29981.627032746437,29990.398009970813,29972.079561951832,29981.4517635325,517
2025-05-09 03:38:00+00:00,29981.29591293651,29997.34369741717,29973.359106017688,29979.615592874336,581
2025-05-09 03:39:00+00:00,29980.819896541023,29988.225918363438,29962.78915474481,29979.3855296016,316
2025-05-09 03:40:00+00:00,29981.04884378722,29988.247310253046,29970.86923159394,29980.648588066582,991
2025-05-09 03:41:00+00:00,29979.301758438378,29998.88576603114,29970.037760886782,29979.622341459784,951
2025-05-09 03:42:00+00:00,29978.99948713513,29990.533406520542,29961.843720387402,29977.231952614322,106
2025-05-09 03:43:00+00:00,29979.61957607611,29981.569140553,29966.201522745436,29979.37589232745,173
2025-05-09 03:44:00+00:00,29979.473037582542,29997.597272088282,29971.239347990264,29980.011238324634,145
2025-05-09 03:45:00+00:00,29978.154367581614,29987.649091226784,29968.42582138578,29976.876158212217,292
2025-05-09 03:46:00+00:00,29976.588109248536,29981.50758433157,29959.66171517743,29975.61226514132,232
2025-05-09 03:47:00+00:00,29975.878237474273,29990.778483938673,29974.871642278486,29976.342178416347,272
2025-05-09 03:48:00+00:00,29976.443210049805,29991.11612095403,29965.587894903358,29976.48242650711,647
2025-05-09 03:49:00+00:00,29976.735323730456,29977.892960458605,29960.671686262052,29978.971536889076,858
2025-05-09 03:50:00+00:00,29975.61350998434,29991.148371713844,29960.831455784155,29974.720805218105,915
2025-05-09 03:51:00+00:00,29973.948716022147,29983.24699207841,29964.078139080644,29972.600189687277,160
2025-05-09 03:52:00+00:00,29972.96927851091,29982.3757714028,29957.055562097976,29974.5362736822,258
2025-05-09 03:53:00+00:00,29972.258150214788,29973.17471609964,29960.91583971446,29972.58469638355,372
2025-05-09 03:54:00+00:00,29972.021429980086,29972.91012244554,29961.818157677568,29973.4271363525,985
2025-05-09 03:55:00+00:00,29973.378960917515,29976.1773457604,29972.720093364216,29973.250942541486,816
2025-05-09 03:56:00+00:00,29973.70903588067,29980.46621115478,29968.844340978816,29973.241388765964,851
2025-05-09 03:57:00+00:00,29973.612414718154,29980.904498119886,29969.411455178688,29973.28129819552,738
2025-05-09 03:58:00+00:00,29975.621145473302,29986.222192786427,29958.867676048147,29975.212769530568,504
2025-05-09 03:59:00+00:00,29974.98027186993,29985.566620350746,29958.817032816372,29976.95499722728,648
2025-05-09 04:00:00+00:00,29975.908119647916,29986.08540302924,29971.723140700604,29977.03185446232,394
2025-05-09 04:01:00+00:00,29975.68948020932,29983.092419670596,29975.432828059245,29976.221441341717,707
2025-05-09 04:02:00+00:00,29975.838451096282,29978.414814966367,29964.27921155083,29975.32819172085,424
2025-05-09 04:03:00+00:00,29977.340181603216,29993.062801463042,29976.783747322075,29978.439810067102,421
2025-05-09 04:04:00+00:00,29978.32640012102,29994.254858695902,29971.16692411125,29977.5642424854,276
2025-05-09 04:05:00+00:00,29978.078644114663,29987.940502137117,29962.86796871145,29977.458666701496,665
2025-05-09 04:06:00+00:00,29978.489545266013,29982.06943422755,29973.23127973517,29979.198233319796,861
2025-05-09 04:07:00+00:00,29977.846852840972,29984.46913726762,29967.573373873558,29979.632729249486,510
2025-05-09 04:08:00+00:00,29978.09193996473,29981.824449427306,29961.459380616103,29979.08483358105,997
2025-05-09 04:09:00+00:00,29978.663443755508,29996.858557884487,29969.43986403084,29976.881888116008,656
2025-05-09 04:10:00+00:00,29977.327707710072,29985.855617215035,29964.82265885767,29978.619568079386,319
2025-05-09 04:11:00+00:00,29975.77896993775,29977.76411306905,29970.282151876912,29975.876573299516,945
2025-05-09 04:12:00+00:00,29975.387236895884,29985.849072399673,29964.786374048774,29974.97448132154,550
2025-05-09 04:13:00+00:00,29975.418856655553,29981.703946794503,29959.494441562245,29976.0167197058,672
2025-05-09 04:14:00+00:00,29977.012084102404,29996.851067029063,29965.66547935564,29977.64615965178,254
2025-05-09 04:15:00+00:00,29978.444540615117,29994.9918129058,29961.57040330288,29978.257438777524,646
2025-05-09 04:16:00+00:00,29977.138149822473,29990.31308208593,29959.603222992377,29977.660546107883,773
2025-05-09 04:17:00+00:00,29976.829145633743,29994.89124897873,29969.2543428667,29976.85516003911,519
2025-05-09 04:18:00+00:00,29976.38581100644,29991.989641989367,29962.43841081881,29976.270237486842,856
2025-05-09 04:19:00+00:00,29974.695211610455,29975.279824622052,29968.78142256259,29974.125186885158,110
2025-05-09 04:20:00+00:00,29974.46030744842,29978.897065801404,29960.79515028737,29975.748217345405,366
2025-05-09 04:21:00+00:00,29972.98585409047,29988.03208993099,29957.402980659474,29973.338607800324,796
2025-05-09 04:22:00+00:00,29973.47172064969,29984.91455331501,29954.837322054693,29973.856642250743,261
2025-05-09 04:23:00+00:00,29972.11495632682,29990.54964816227,29970.24476503803,29973.41145102476,276
2025-05-09 04:24:00+00:00,29970.252543152477,29988.68922990201,29961.45219817984,29970.242815653433,994
2025-05-09 04:25:00+00:00,29969.378259052657,29973.580260831353,29961.003577992953,29970.56517801426,726
2025-05-09 04:26:00+00:00,29970.186769031636,29982.46667141904,29956.289160489247,29971.05123247645,984
2025-05-09 04:27:00+00:00,29970.82516595218,29979.788200311694,29958.369357250856,29970.740266324003,471
2025-05-09 04:28:00+00:00,29971.187012697388,29975.16559251255,29961.07853310453,29970.44481088389,519
2025-05-09 04:29:00+00:00,29973.853136660342,29987.26099088693,29972.56452483068,29972.7931591579,221
2025-05-09 04:30:00+00:00,29972.811230294294,29981.101385067177,29958.840872806337,29971.330033784336,224
2025-05-09 04:31:00+00:00,29972.950853726084,29976.93984164935,29959.712480006903,29972.26069020523,769
2025-05-09 04:32:00+00:00,29973.594407293123,29982.894038214115,29954.2229853515,29974.380907214327,889
2025-05-09 04:33:00+00:00,29972.512566997568,29992.313558735044,29972.33522100713,29973.254387542125,917
2025-05-09 04:34:00+00:00,29972.387559127008,29979.959801659443,29970.083656322167,29970.245805743984,148
2025-05-09 04:35:00+00:00,29973.228319722883,29991.012441550585,29966.72974128452,29971.936047879142,882
2025-05-09 04:36:00+00:00,29974.017310787083,29984.170186469128,29961.727424391484,29972.80742665741,196
2025-05-09 04:37:00+00:00,29974.2688174545,29981.38499006048,29963.86328774948,29974.071717765397,870
2025-05-09 04:38:00+00:00,29975.205162471695,29977.489125981694,29973.59350817523,29975.0728415822,806
2025-05-09 04:39:00+00:00,29976.353965096147,29976.557217270387,29956.5412986185,29975.437397646296,710
2025-05-09 04:40:00+00:00,29976.991711243194,29992.81300530099,29973.829232978653,29976.836192024664,506
2025-05-09 04:41:00+00:00,29976.752909655377,29986.428201258375,29960.606951796988,29978.891477275123,668
2025-05-09 04:42:00+00:00,29976.381047503048,29991.682333614594,29958.774786903035,29978.389057286884,689
2025-05-09 04:43:00+00:00,29976.822429261487,29991.14956899103,29961.255130184694,29975.464763593347,718
2025-05-09 04:44:00+00:00,29975.06526842587,29981.869275544523,29956.631079583683,29975.919468188422,477
2025-05-09 04:45:00+00:00,29973.139955551407,29982.640641680395,29955.09885082694,29973.221205814803,940
2025-05-09 04:46:00+00:00,29970.593206846697,29980.217581367324,29953.668739556524,29972.366823161,553
2025-05-09 04:47:00+00:00,29971.992179050954,29976.393045182227,29958.036951246846,29970.39713407672,650
2025-05-09 04:48:00+00:00,29972.869835038477,29978.093156707808,29959.10150656416,29972.067227651012,624
2025-05-09 04:49:00+00:00,29974.506483218367,29984.3177413531,29970.757533600805,29973.654126888447,256
2025-05-09 04:50:00+00:00,29974.196298588242,29984.00422118157,29967.215769127077,29972.981884958448,992
2025-05-09 04:51:00+00:00,29973.051660976034,29988.2679403659,29968.01492261512,29972.85653549262,532
2025-05-09 04:52:00+00:00,29972.689677178965,29984.163728322645,29967.5874036752,29970.541123278537,458
2025-05-09 04:53:00+00:00,29972.002757954928,29973.39600228379,29953.405041727015,29973.01764341863,137
2025-05-09 04:54:00+00:00,29971.863971936884,29980.287141536104,29956.985463978745,29972.79637750382,897
2025-05-09 04:55:00+00:00,29971.83548453666,29975.70377045843,29961.29658792183,29972.1835932458,708
2025-05-09 04:56:00+00:00,29972.559216095207,29989.62547732388,29967.926652594462,29972.154263278793,137
2025-05-09 04:57:00+00:00,29973.06131980647,29984.17141785758,29965.55474668777,29973.072380566835,306
2025-05-09 04:58:00+00:00,29975.145873689333,29984.182782662057,29974.207707884263,29974.909528034346,333
2025-05-09 04:59:00+00:00,29975.730040313127,29987.316474126823,29961.15942158796,29974.93057313783,799
2025-05-09 05:00:00+00:00,29974.869981251366,29980.33954027415,29974.679956379994,29974.70226637189,778
2025-05-09 05:01:00+00:00,29973.373672988862,29979.889203722098,29972.076791013966,29973.284483515778,714
2025-05-09 05:02:00+00:00,29971.73743095453,29972.424494137147,29969.319626722456,29970.76017933707,277
2025-05-09 05:03:00+00:00,29972.388381412973,29981.701672585474,29965.117298101595,29972.13338351584,923
2025-05-09 05:04:00+00:00,29973.003791485906,29980.239372856744,29956.251690329857,29971.918002699676,727
2025-05-09 05:05:00+00:00,29972.71446578022,29987.051191227823,29961.52053089789,29973.134134194923,234
2025-05-09 05:06:00+00:00,29974.239752362493,29980.211048312245,29968.459447234196,29975.883527617803,644
2025-05-09 05:07:00+00:00,29973.86457612909,29982.62865818299,29971.043470600893,29974.496737796962,168
2025-05-09 05:08:00+00:00,29972.94861214251,29973.845237418875,29955.272005068182,29973.114193410656,190
2025-05-09 05:09:00+00:00,29973.785805812622,29974.2635383693,29954.44568515694,29974.91544164133,455
2025-05-09 05:10:00+00:00,29972.359159336946,29978.646987371605,29961.941722951233,29972.214032293792,883
2025-05-09 05:11:00+00:00,29970.394250919875,29976.304154861675,29961.156940544042,29969.424758919708,214
2025-05-09 05:12:00+00:00,29968.9439740809,29985.782665092018,29955.587451423864,29968.397149177417,838
2025-05-09 05:13:00+00:00,29968.41974215359,29980.31692926819,29952.81930962529,29969.602564762554,350
2025-05-09 05:14:00+00:00,29967.78733037896,29980.322182271637,29961.760856717126,29968.123405528862,630
2025-05-09 05:15:00+00:00,29966.905614753327,29971.129087662342,29966.522192946704,29965.49991293661,488
2025-05-09 05:16:00+00:00,29966.225358638,29974.67353961966,29953.594326362156,29965.407311416922,971
2025-05-09 05:17:00+00:00,29966.278850513616,29966.683393708645,29963.60224768281,29966.17743091246,240
2025-05-09 05:18:00+00:00,29966.00934117782,29982.289558954537,29961.338890925574,29965.327517490972,360
2025-05-09 05:19:00+00:00,29964.635363057187,29983.124020909654,29953.517326377965,29966.35375420652,602
2025-05-09 05:20:00+00:00,29963.865480049284,29978.218585848404,29953.584583233907,29961.973490021344,585
2025-05-09 05:21:00+00:00,29964.610381442406,29983.71339527644,29960.627961329497,29963.968638471935,923
2025-05-09 05:22:00+00:00,29964.542035088056,29977.348602636943,29947.465386981658,29963.950730601802,226
2025-05-09 05:23:00+00:00,29964.439464285544,29968.872954266673,29950.736417549346,29963.3257551359,529
2025-05-09 05:24:00+00:00,29963.870573005715,29975.07366926817,29955.869795906103,29964.104807202028,692
2025-05-09 05:25:00+00:00,29963.159132350287,29963.692725164772,29961.570251500103,29962.475602553346,312
2025-05-09 05:26:00+00:00,29962.410926861914,29976.131407167224,29947.15540267081,29963.25269045089,313
2025-05-09 05:27:00+00:00,29961.214138654126,29971.715315656293,29957.574931489788,29962.210150152558,785
2025-05-09 05:28:00+00:00,29962.561151070076,29974.709806116076,29954.8354853809,29961.341442562676,993
2025-05-09 05:29:00+00:00,29962.76746219869,29962.80096214623,29946.329211103817,29965.092720854085,554
2025-05-09 05:30:00+00:00,29963.137564847504,29981.167792753036,29944.85292300941,29963.22836168561,988
2025-05-09 05:31:00+00:00,29963.964288017673,29968.817483484738,29962.365047378033,29965.739206189588,954
2025-05-09 05:32:00+00:00,29964.39802027968,29966.769469765786,29955.90227938671,29965.646062355823,713
2025-05-09 05:33:00+00:00,29965.210785131676,29975.13395890726,29946.55483028142,29965.206996305213,609
2025-05-09 05:34:00+00:00,29963.6952577209,29972.56335852094,29946.644111202233,29964.44089330594,641
2025-05-09 05:35:00+00:00,29964.437142490948,29976.740118296,29944.851929863144,29964.222456454438,894
2025-05-09 05:36:00+00:00,29965.99402472279,29976.550412579258,29950.909656698426,29966.313914084407,525
2025-05-09 05:37:00+00:00,29965.285502878593,29982.012616411826,29961.01111348421,29964.94308886216,989
2025-05-09 05:38:00+00:00,29964.870004478988,29980.160394569477,29952.699301530814,29964.664196810972,472
2025-05-09 05:39:00+00:00,29965.96592266205,29979.92325060395,29960.840867134044,29967.81395376981,405
2025-05-09 05:40:00+00:00,29966.706337550542,29975.565296001416,29950.880586919186,29966.038918372033,551
2025-05-09 05:41:00+00:00,29965.826229899936,29972.60289135932,29955.716683168852,29966.532294617777,427
2025-05-09 05:42:00+00:00,29964.209038243112,29980.555945650558,29956.461713338078,29963.954193296086,935
2025-05-09 05:43:00+00:00,29964.15862012739,29965.723566814995,29958.50210012915,29964.924909006488,962
2025-05-09 05:44:00+00:00,29963.817985740952,29969.55502803355,29947.20268408157,29965.818268440606,944
2025-05-09 05:45:00+00:00,29963.524677574784,29971.745878860063,29957.041972118484,29963.004622210006,444
2025-05-09 05:46:00+00:00,29963.894252758128,29973.170783100526,29953.07986715244,29963.879834885018,249
2025-05-09 05:47:00+00:00,29964.761936202663,29970.77375979585,29957.59868992441,29964.951267642013,936
2025-05-09 05:48:00+00:00,29964.215285767117,29966.812647745377,29946.824560954465,29963.863844047904,393
2025-05-09 05:49:00+00:00,29963.81373802803,29983.184223974367,29953.508127372446,29964.466185570735,624
2025-05-09 05:50:00+00:00,29965.372801721598,29977.217797417197,29954.00713408979,29966.320966557654,591
2025-05-09 05:51:00+00:00,29964.095152869475,29983.426966871397,29956.241179773184,29964.90833155566,608
2025-05-09 05:52:00+00:00,29963.619289334863,29977.25805059619,29961.905745723943,29964.069923501465,101
2025-05-09 05:53:00+00:00,29962.186463675404,29976.18276149565,29944.52237710204,29962.523112982333,211
2025-05-09 05:54:00+00:00,29962.112952751893,29976.012713826938,29943.47659651936,29961.54325194865,267
2025-05-09 05:55:00+00:00,29961.177760553,29961.722948406365,29959.370095429436,29960.749013844288,741
2025-05-09 05:56:00+00:00,29962.00210426429,29963.012354921895,29959.734506075987,29961.084862815005,392
2025-05-09 05:57:00+00:00,29963.078299956305,29973.61250799057,29961.058022310237,29963.511460099093,628
2025-05-09 05:58:00+00:00,29963.91499204812,29965.415513231193,29959.31826433995,29964.061885868323,452
2025-05-09 05:59:00+00:00,29961.665496673748,29969.32168588511,29960.0750048875,29963.01649739936,457
2025-05-09 06:00:00+00:00,29960.634696750338,29975.65934575817,29956.255311247216,29960.584521249973,148
2025-05-09 06:01:00+00:00,29961.304872967416,29967.900521182222,29946.677632936287,29960.65686351155,443
2025-05-09 06:02:00+00:00,29961.48756753567,29971.171008815578,29943.961396617367,29961.680896817878,795
2025-05-09 06:03:00+00:00,29960.094976728404,29960.1922033678,29955.82792148994,29958.5857273391,243
2025-05-09 06:04:00+00:00,29962.30028073807,29978.336471870178,29942.758955622427,29960.631609516655,941
2025-05-09 06:05:00+00:00,29961.944229989644,29973.79202788589,29947.600641399153,29963.06456483162,825
2025-05-09 06:06:00+00:00,29963.414795571836,29965.473992260624,29945.419247897105,29964.830890114816,822
2025-05-09 06:07:00+00:00,29963.69430127607,29973.92987622,29963.160545049584,29963.476450337865,648
2025-05-09 06:08:00+00:00,29964.081219049873,29967.7511168741,29954.803946064327,29964.37974195589,440
2025-05-09 06:09:00+00:00,29962.485000535897,29967.7853125011,29945.020101741582,29963.480965014358,340
2025-05-09 06:10:00+00:00,29962.40952616015,29976.206756670068,29952.628838788252,29961.226699164003,518
2025-05-09 06:11:00+00:00,29961.838286246424,29965.980047539204,29944.247612955292,29962.306815321466,885
2025-05-09 06:12:00+00:00,29962.92592727563,29965.83785119203,29946.602722118598,29963.788749722116,489
2025-05-09 06:13:00+00:00,29963.95214873453,29977.807225174092,29944.488388593087,29964.825466358867,464
2025-05-09 06:14:00+00:00,29963.90683235566,29968.2263326055,29958.57227477148,29963.768800163645,963
2025-05-09 06:15:00+00:00,29965.005730251243,29968.454741680005,29952.68132974688,29965.691040021695,589
2025-05-09 06:16:00+00:00,29965.309760412485,29975.95003574831,29947.587490744056,29963.217583219444,514
2025-05-09 06:17:00+00:00,29964.959779650275,29966.274729864283,29949.909614160406,29963.19739033529,922
2025-05-09 06:18:00+00:00,29962.74977594443,29971.80167593105,29954.958581964693,29963.602796177787,402
2025-05-09 06:19:00+00:00,29962.25668230588,29966.033634101677,29942.306070789713,29962.14479750275,903
2025-05-09 06:20:00+00:00,29961.832306606804,29966.302410451633,29960.07044099426,29962.616162540173,979
2025-05-09 06:21:00+00:00,29961.69549285166,29967.509112250922,29944.887694331377,29962.18861684531,909
2025-05-09 06:22:00+00:00,29960.869686485046,29963.97875423092,29956.137076801493,29961.174997220158,243
2025-05-09 06:23:00+00:00,29961.991707511414,29980.384909865825,29954.594056980997,29960.36674983074,105
2025-05-09 06:24:00+00:00,29962.44448094351,29979.44704860052,29951.831171727255,29962.05174986744,210
2025-05-09 06:25:00+00:00,29963.3017515626,29983.074666711695,29945.176084661387,29964.418606252308,214
2025-05-09 06:26:00+00:00,29962.638516587325,29975.67232188497,29959.399281580652,29961.900021154288,970
2025-05-09 06:27:00+00:00,29963.396454681162,29965.36575879479,29955.463970241068,29963.97062900019,482
2025-05-09 06:28:00+00:00,29963.08519849405,29965.98650506253,29943.701433192826,29963.869948721727,982
2025-05-09 06:29:00+00:00,29962.522090356673,29975.542245993194,29956.622898591548,29962.194093224723,752
2025-05-09 06:30:00+00:00,29963.435615518396,29975.951235586104,29952.533716981172,29964.5585786706,181
2025-05-09 06:31:00+00:00,29962.89702845233,29982.71909644265,29952.727901014885,29962.878201101707,542
2025-05-09 06:32:00+00:00,29963.830177951604,29973.65927247926,29952.725950828903,29965.619826003003,526
2025-05-09 06:33:00+00:00,29963.025574039995,29963.961266833987,29953.951190376356,29963.793976385485,387
2025-05-09 06:34:00+00:00,29962.702516658712,29968.746478006426,29962.167679348666,29961.08711851003,338
2025-05-09 06:35:00+00:00,29962.581104656998,29966.66534392195,29951.845311711135,29962.810735035167,306
2025-05-09 06:36:00+00:00,29964.33742920151,29980.869487741307,29945.23978243458,29964.825594962185,248
2025-05-09 06:37:00+00:00,29966.63353358989,29983.59716811147,29947.670090785057,29967.586714440466,614
2025-05-09 06:38:00+00:00,29966.907308665744,29973.454905564882,29962.153303073716,29967.051375459847,389
2025-05-09 06:39:00+00:00,29967.063577612567,29968.89608658965,29963.73533891703,29966.698698790897,881
2025-05-09 06:40:00+00:00,29967.17526828253,29985.98893111775,29951.58942106124,29967.96100587652,647
2025-05-09 06:41:00+00:00,29966.85754005322,29986.658431348136,29948.930710937533,29966.621561853855,520
2025-05-09 06:42:00+00:00,29966.124860410593,29978.130727162978,29962.9230122054,29965.596854922493,894
2025-05-09 06:43:00+00:00,29966.425492690065,29981.823989243756,29955.728800811114,29967.70053173779,663
2025-05-09 06:44:00+00:00,29965.606388835688,29972.098832988766,29950.287333406526,29963.577345989102,924
2025-05-09 06:45:00+00:00,29964.28845131746,29978.65295394876,29951.58730479672,29963.778582244748,937
2025-05-09 06:46:00+00:00,29965.434527077272,29976.95381660439,29957.00870607366,29965.593944355012,133
2025-05-09 06:47:00+00:00,29966.468402119266,29985.502602069693,29959.974729198326,29966.788937536476,741
2025-05-09 06:48:00+00:00,29966.796675885977,29978.477477857272,29962.148351050564,29966.154576071847,161
2025-05-09 06:49:00+00:00,29967.883599772515,29976.288112397066,29967.232224460415,29967.785918463214,342
2025-05-09 06:50:00+00:00,29968.011521851073,29969.38344769602,29962.485741368815,29968.558004262522,293
2025-05-09 06:51:00+00:00,29967.26309469994,29986.335546188162,29966.705619665398,29967.214265000788,619
2025-05-09 06:52:00+00:00,29966.970817071047,29985.725478178927,29950.145454273377,29966.190671327666,746
2025-05-09 06:53:00+00:00,29967.283382964895,29976.380656615922,29963.644010425527,29968.42877452903,263
2025-05-09 06:54:00+00:00,29966.928389456676,29976.131988271736,29960.202040971293,29965.937547156518,578
2025-05-09 06:55:00+00:00,29966.78323311206,29978.450956592955,29956.78666314676,29967.110306468756,174
2025-05-09 06:56:00+00:00,29967.44683340668,29973.723415171367,29954.67035384152,29968.01017515518,611
2025-05-09 06:57:00+00:00,29968.92187616735,29976.36588953676,29955.512808450985,29968.98235585955,257
2025-05-09 06:58:00+00:00,29968.970504390298,29973.00564030263,29952.335903476163,29969.402471834404,692
2025-05-09 06:59:00+00:00,29968.752963672763,29973.48279842709,29962.02153059104,29969.32284254188,363
2025-05-09 07:00:00+00:00,29968.966484290555,29970.526363963258,29960.216477853257,29968.700761208744,760
2025-05-09 07:01:00+00:00,29968.947619167033,29973.032497285112,29958.67081244958,29968.975028198423,600
2025-05-09 07:02:00+00:00,29968.587744511915,29969.495841543066,29959.85666621231,29968.83171346197,102
2025-05-09 07:03:00+00:00,29968.040117624423,29976.497224405033,29953.4998695001,29968.553291115262,387
2025-05-09 07:04:00+00:00,29967.778771293466,29976.633606741074,29965.31800411861,29966.73636051832,243
2025-05-09 07:05:00+00:00,29968.1660310166,29983.57962638016,29960.06934400012,29968.487964733715,657
2025-05-09 07:06:00+00:00,29968.089617448943,29981.89449678455,29964.48492288508,29967.771351352396,306
2025-05-09 07:07:00+00:00,29967.992547838243,29975.830687925572,29954.507803542703,29969.698235359043,882
2025-05-09 07:08:00+00:00,29967.395335211306,29967.701068693517,29962.19059876676,29966.982286256978,104
2025-05-09 07:09:00+00:00,29967.246850856925,29986.278143082996,29965.490344483063,29968.088078156514,288
2025-05-09 07:10:00+00:00,29966.42586551399,29972.546359777465,29952.79102604038,29967.32897176541,634
2025-05-09 07:11:00+00:00,29965.2069569169,29978.82703858845,29953.29662470983,29965.653104409645,885
2025-05-09 07:12:00+00:00,29965.198924771128,29979.730259815526,29947.449581788926,29966.575083042655,860
2025-05-09 07:13:00+00:00,29965.501913824344,29979.529865155706,29961.407990311247,29965.645069824146,856
2025-05-09 07:14:00+00:00,29966.43130250999,29972.452581864036,29964.2189788025,29967.604504853236,521
2025-05-09 07:15:00+00:00,29966.95525750233,29973.075918098584,29962.81662616106,29966.023986856955,491
2025-05-09 07:16:00+00:00,29968.640334141666,29979.645779972525,29955.743218789317,29968.183341931046,194
2025-05-09 07:17:00+00:00,29967.16759688056,29978.44380862446,29963.08082927339,29967.486117540044,105
2025-05-09 07:18:00+00:00,29966.870591699797,29970.858895375197,29959.246774918938,29967.26758782978,270
2025-05-09 07:19:00+00:00,29966.607473475324,29979.68067896021,29951.193471188453,29966.93162779618,599
2025-05-09 07:20:00+00:00,29967.473260804818,29971.977840586853,29963.94336059941,29967.911136837964,255
2025-05-09 07:21:00+00:00,29966.787524032134,29971.057970203867,29950.29051017832,29967.80945932653,349
2025-05-09 07:22:00+00:00,29967.205029695717,29984.097597240474,29948.667653675053,29966.37051912898,838
2025-05-09 07:23:00+00:00,29966.054013488956,29971.828408992693,29964.628265081854,29965.400896871248,358
2025-05-09 07:24:00+00:00,29965.531522797708,29977.159984636477,29950.748177540172,29965.157554766116,609
2025-05-09 07:25:00+00:00,29964.671186343472,29965.489702538234,29952.23103292663,29966.244094334783,755
2025-05-09 07:26:00+00:00,29966.482058693684,29968.1398254365,29957.402050319142,29967.25906895764,341
2025-05-09 07:27:00+00:00,29965.46461166271,29982.537649343078,29960.905305070082,29966.25415643568,296
2025-05-09 07:28:00+00:00,29965.020490775787,29974.13572875074,29958.15679093821,29964.4434052632,345
2025-05-09 07:29:00+00:00,29964.799051453767,29973.548768063858,29954.06436036731,29964.493208088858,919
2025-05-09 07:30:00+00:00,29965.62934820535,29969.540739706998,29954.74851592153,29966.21651694782,366
2025-05-09 07:31:00+00:00,29964.724334271352,29976.16820106103,29955.98950277473,29964.870034205593,138
2025-05-09 07:32:00+00:00,29964.65868577148,29965.589675177474,29954.327039419022,29964.763427747883,380
2025-05-09 07:33:00+00:00,29963.874950083162,29972.179255648898,29948.08034129344,29965.233189723665,621
2025-05-09 07:34:00+00:00,29966.60944129586,29977.039190115152,29957.303022490498,29966.335368492048,377
2025-05-09 07:35:00+00:00,29966.041427975993,29978.47344854719,29951.435800682568,29966.515344176634,998
2025-05-09 07:36:00+00:00,29964.48878554353,29975.222708380432,29944.90272724533,29964.06954753138,250
2025-05-09 07:37:00+00:00,29964.049396155762,29970.537475501304,29953.660054298696,29964.021311090302,377
2025-05-09 07:38:00+00:00,29964.245577687903,29974.527217874314,29951.311887037184,29964.186212739103,227
2025-05-09 07:39:00+00:00,29962.86428648092,29977.27558725447,29953.143532599854,29961.487870330537,150
2025-05-09 07:40:00+00:00,29961.49796699033,29970.602709364786,29960.99223719926,29960.64558999568,853
2025-05-09 07:41:00+00:00,29962.2878683587,29976.284502241408,29947.565442962834,29961.823344577555,707
2025-05-09 07:42:00+00:00,29961.832041050766,29981.656219922792,29946.264265392758,29962.013892617444,900
2025-05-09 07:43:00+00:00,29962.227845905156,29978.478314145887,29955.730704906302,29962.018126925534,829
2025-05-09 07:44:00+00:00,29962.112019043816,29968.32667681479,29953.269527555447,29961.569688552358,631
2025-05-09 07:45:00+00:00,29962.184485809372,29979.04620633713,29958.112682162104,29963.97660623954,961
2025-05-09 07:46:00+00:00,29962.131761343946,29976.210637657034,29954.163266805146,29962.712084615472,522
2025-05-09 07:47:00+00:00,29961.177610288843,29972.27480591582,29955.729786823915,29961.744903317776,557
2025-05-09 07:48:00+00:00,29961.64555877963,29977.811926069,29954.548203394308,29962.895901370626,841
2025-05-09 07:49:00+00:00,29961.78354908725,29975.419337019743,29944.26516206874,29961.028989063903,228
2025-05-09 07:50:00+00:00,29962.42015837586,29966.016397249663,29959.18802968073,29964.338849093918,307
2025-05-09 07:51:00+00:00,29962.525381315107,29971.600554987705,29954.226633630555,29963.96894171139,630
2025-05-09 07:52:00+00:00,29964.164864876144,29969.733236495624,29957.496657693348,29963.78423940656,946
2025-05-09 07:53:00+00:00,29963.304243368842,29975.501662076163,29961.442043672505,29963.422532735563,317
2025-05-09 07:54:00+00:00,29964.04031007925,29973.37095362456,29948.2955178592,29965.298895499487,646
2025-05-09 07:55:00+00:00,29963.880495447014,29971.071131876197,29962.152313591785,29964.740155240845,662
2025-05-09 07:56:00+00:00,29963.088006753067,29981.48724911407,29950.484328978717,29962.076613836347,587
2025-05-09 07:57:00+00:00,29964.247977614265,29978.320902997577,29945.32946335685,29965.35522344941,727
2025-05-09 07:58:00+00:00,29964.6981212633,29968.43540470438,29945.774969184655,29964.35790151825,726
2025-05-09 07:59:00+00:00,29966.19725021053,29966.527531733278,29959.393351835035,29965.70670154865,201
2025-05-09 08:00:00+00:00,29965.717433617967,29966.664380991624,29965.18469803323,29966.511613797113,846
2025-05-09 08:01:00+00:00,29964.945202670646,29974.785794687865,29961.558091572646,29965.72948903022,927
2025-05-09 08:02:00+00:00,29965.27955067205,29980.774131772385,29948.847870461497,29965.625554589256,228
2025-05-09 08:03:00+00:00,29966.22290428789,29977.33301451508,29962.870423979075,29966.124025127247,152
2025-05-09 08:04:00+00:00,29965.026572752784,29971.96628454914,29956.6231482621,29965.16048872982,109
2025-05-09 08:05:00+00:00,29964.59186894269,29966.36687439771,29956.078466108316,29964.244384062575,898
2025-05-09 08:06:00+00:00,29964.905567854625,29971.685341236534,29950.40666208611,29962.828905388462,382
2025-05-09 08:07:00+00:00,29965.623898048358,29979.6538632256,29953.77050532507,29964.859941318653,772
2025-05-09 08:08:00+00:00,29966.34372514241,29968.01577015669,29963.40534998464,29966.049109340125,868
2025-05-09 08:09:00+00:00,29965.717173455258,29976.379201248248,29961.005054408903,29965.72752988516,949
2025-05-09 08:10:00+00:00,29963.99203925883,29965.380674534917,29950.2689260179,29964.386986371876,282
2025-05-09 08:11:00+00:00,29965.10675299329,29966.731676715222,29959.589966260217,29964.92828586547,238
2025-05-09 08:12:00+00:00,29964.324436805015,29982.76690035679,29945.94272949723,29965.17738897257,547
2025-05-09 08:13:00+00:00,29964.217914440826,29983.924911810693,29948.781003423694,29965.629931971092,436
2025-05-09 08:14:00+00:00,29963.7027773392,29964.64361871703,29955.328289529934,29964.38008192336,339
2025-05-09 08:15:00+00:00,29963.047084596226,29981.9741444553,29955.827157793523,29962.601063766382,824
2025-05-09 08:16:00+00:00,29965.24773998111,29978.643940186455,29946.707301956463,29964.900966379624,824
2025-05-09 08:17:00+00:00,29964.710198078712,29969.407040177477,29958.508419182537,29964.262738276397,998
2025-05-09 08:18:00+00:00,29965.52444752464,29966.59712759177,29954.583120203304,29965.395250920516,891
2025-05-09 08:19:00+00:00,29966.20059585908,29969.33461511517,29948.843424600105,29966.370561296484,153
2025-05-09 08:20:00+00:00,29966.179628203845,29972.326257909834,29954.156529342526,29965.58573115752,138
2025-05-09 08:21:00+00:00,29965.920628985816,29985.673602837334,29952.59393963856,29964.7941229307,254
2025-05-09 08:22:00+00:00,29968.100416967667,29985.70815253201,29967.932765443293,29969.034188438847,361
2025-05-09 08:23:00+00:00,29967.811263390246,29984.2526561293,29964.026686767844,29966.684341377964,589
2025-05-09 08:24:00+00:00,29970.0868443247,29977.13328405686,29967.96766007969,29971.557587304036,968
2025-05-09 08:25:00+00:00,29970.32295467231,29982.397991706162,29966.14785866443,29969.476565124463,789
2025-05-09 08:26:00+00:00,29971.390709953415,29980.210851399057,29957.173271780204,29971.66804022416,195
2025-05-09 08:27:00+00:00,29970.612628918625,29979.100267710874,29967.085604813383,29971.58526900879,248
2025-05-09 08:28:00+00:00,29969.669894370945,29973.92065940896,29969.193675545448,29971.155893678835,762
2025-05-09 08:29:00+00:00,29969.11498632219,29974.299579075934,29956.921230238386,29967.726747354496,799
2025-05-09 08:30:00+00:00,29968.73088476442,29975.47870126311,29962.404908259083,29967.962948867855,725
2025-05-09 08:31:00+00:00,29968.001468046925,29978.639650556765,29951.873587229544,29966.98775161697,311
2025-05-09 08:32:00+00:00,29967.717993349073,29975.891730541363,29962.10075075718,29966.669447814733,797
2025-05-09 08:33:00+00:00,29968.581072683104,29974.453692474788,29965.421558618003,29967.742536683334,797
2025-05-09 08:34:00+00:00,29967.6935913494,29978.368623959534,29960.228268239123,29966.807600707692,589
2025-05-09 08:35:00+00:00,29966.363508768038,29969.49387128848,29949.765833024205,29966.7245659374,213
2025-05-09 08:36:00+00:00,29965.119012422543,29977.801253726513,29963.967541386086,29966.847353528785,510
2025-05-09 08:37:00+00:00,29963.474362535246,29964.649545463562,29960.627807081775,29964.92027881898,262
2025-05-09 08:38:00+00:00,29964.74009567276,29981.64501018887,29951.359933603908,29964.880140020643,772
2025-05-09 08:39:00+00:00,29964.419175398136,29977.94092310155,29964.112277294942,29964.104097203228,946
2025-05-09 08:40:00+00:00,29964.969733347705,29968.560589571975,29945.762021007355,29965.797333820305,217
2025-05-09 08:41:00+00:00,29966.04118712366,29985.5583345751,29957.404708819042,29965.511506793304,536
2025-05-09 08:42:00+00:00,29965.9764080326,29974.162846926694,29952.276631867517,29964.760383369838,152
2025-05-09 08:43:00+00:00,29966.3438548609,29973.751541663813,29952.41945582887,29966.624491407685,593
2025-05-09 08:44:00+00:00,29965.354951500885,29985.155497357977,29946.493173066498,29966.714622343934,257
2025-05-09 08:45:00+00:00,29965.948431146022,29982.22348965845,29963.472812225376,29966.97423242436,545
2025-05-09 08:46:00+00:00,29965.267597338,29977.772136382893,29946.89321985804,29964.33587211209,893
2025-05-09 08:47:00+00:00,29965.84935664944,29977.648428668323,29953.792918787993,29965.8699333043,129
2025-05-09 08:48:00+00:00,29964.429266970004,29974.258434158386,29950.545200141405,29964.504794738677,603
2025-05-09 08:49:00+00:00,29964.192042702947,29973.246718930437,29952.413131301306,29965.90635866626,931
2025-05-09 08:50:00+00:00,29965.420330074896,29970.879435636973,29947.464919325106,29966.471376049823,741
2025-05-09 08:51:00+00:00,29964.464625976274,29971.074922004704,29948.440123262495,29964.764169015416,524
2025-05-09 08:52:00+00:00,29963.722248835307,29971.199711791804,29959.376331392443,29965.065903493687,393
2025-05-09 08:53:00+00:00,29963.087931985356,29972.20449708571,29951.289304341826,29964.341853832044,162
2025-05-09 08:54:00+00:00,29961.33945767685,29967.286686295567,29959.60587530099,29961.08702205429,847
2025-05-09 08:55:00+00:00,29961.508624945178,29969.622347037057,29958.86581204942,29961.26081951272,532
2025-05-09 08:56:00+00:00,29961.72744481813,29962.55063311234,29953.400149094894,29962.80982353054,661
2025-05-09 08:57:00+00:00,29961.50290291483,29961.844694223957,29951.278473000788,29961.468399162157,472
2025-05-09 08:58:00+00:00,29961.414694188898,29966.31179332942,29950.65852245072,29960.509074103484,107
2025-05-09 08:59:00+00:00,29960.67815602228,29973.265849896554,29956.54666817129,29958.633153515384,482
2025-05-09 09:00:00+00:00,29961.97519734445,29965.93009290244,29955.01089100033,29960.998770636274,602
2025-05-09 09:01:00+00:00,29962.335708146238,29965.773801859697,29957.633630475688,29962.55994844661,585
2025-05-09 09:02:00+00:00,29961.33962177999,29970.473325280866,29954.536147638024,29962.540654808854,748
2025-05-09 09:03:00+00:00,29961.591458899595,29980.883887492564,29942.087707762752,29962.818056984695,316
2025-05-09 09:04:00+00:00,29962.509977101683,29966.310706137236,29960.02073722754,29961.622408380055,840
2025-05-09 09:05:00+00:00,29963.81063619675,29975.789850131732,29948.86004663927,29964.085682041736,900
2025-05-09 09:06:00+00:00,29964.14418450333,29975.05540332065,29957.691815409482,29964.955736581425,875
2025-05-09 09:07:00+00:00,29965.40588559296,29970.941934199673,29954.335987571827,29963.29764847832,898
2025-05-09 09:08:00+00:00,29963.991412165185,29983.69540641485,29951.02837797633,29963.56566985541,594
2025-05-09 09:09:00+00:00,29963.897745164417,29966.41662886906,29960.47492004186,29964.897628158105,188
2025-05-09 09:10:00+00:00,29963.690526162456,29981.14323768762,29948.230887257287,29963.33796807535,615
2025-05-09 09:11:00+00:00,29963.661125739472,29975.16612012959,29959.6461628132,29963.152579497004,105
2025-05-09 09:12:00+00:00,29963.53076572121,29968.50101760098,29944.892793619798,29962.727875258464,945
2025-05-09 09:13:00+00:00,29963.116553269305,29965.65901705258,29953.528613915,29963.610247370085,626
2025-05-09 09:14:00+00:00,29961.483693917664,29978.538977122957,29951.038483450968,29962.458790518904,864
2025-05-09 09:15:00+00:00,29961.662376716708,29965.81684461931,29945.0512609203,29962.02902080179,121
2025-05-09 09:16:00+00:00,29962.141962847196,29968.530033345476,29949.227693268655,29962.265560001888,496
2025-05-09 09:17:00+00:00,29962.071374943553,29981.590445209335,29944.83346887825,29961.59183593064,414
2025-05-09 09:18:00+00:00,29961.30332407585,29974.646108148787,29954.79198771878,29961.520003666516,751
2025-05-09 09:19:00+00:00,29960.85841555358,29976.96134722399,29960.58712990977,29961.894132469864,518
2025-05-09 09:20:00+00:00,29960.959450718026,29970.57821080122,29946.97101303382,29961.540565829873,711
2025-05-09 09:21:00+00:00,29961.60844687379,29977.943700609292,29948.396851106456,29962.585261994667,735
2025-05-09 09:22:00+00:00,29961.574319661842,29973.053433509358,29947.793092793938,29959.835387706604,849
2025-05-09 09:23:00+00:00,29962.629200627438,29976.52882376385,29947.131408236557,29962.290849058714,935
2025-05-09 09:24:00+00:00,29962.443343987037,29978.67401986221,29947.904113219694,29962.33365238177,218
2025-05-09 09:25:00+00:00,29961.8245318698,29962.759756092026,29950.78444289367,29961.585638283603,730
2025-05-09 09:26:00+00:00,29962.443485772095,29962.759142173338,29955.333038222023,29961.33487093766,204
2025-05-09 09:27:00+00:00,29962.890577811548,29967.062962271488,29950.655833632496,29963.91125479721,542
2025-05-09 09:28:00+00:00,29964.586695331873,29982.60715261293,29956.69133213087,29965.972784453174,632
2025-05-09 09:29:00+00:00,29963.90823239344,29980.27201142611,29963.302788718873,29966.05193220592,247
2025-05-09 09:30:00+00:00,29964.473217206974,29979.63568358746,29957.780025353022,29964.16811632263,330
2025-05-09 09:31:00+00:00,29964.27853359795,29973.777913247948,29948.62307110647,29963.94760596728,433
2025-05-09 09:32:00+00:00,29964.652054861934,29968.92623770172,29951.30302654683,29964.175873457636,322
2025-05-09 09:33:00+00:00,29964.10606270529,29965.27632992981,29955.49944729409,29964.22518999371,386
2025-05-09 09:34:00+00:00,29962.631872011585,29979.393859942895,29947.1990129731,29961.64578673792,510
2025-05-09 09:35:00+00:00,29961.688215878454,29965.74484930865,29954.53706395957,29962.525355078018,709
2025-05-09 09:36:00+00:00,29961.186081763928,29963.00519620778,29951.102050877937,29961.957093388464,541
2025-05-09 09:37:00+00:00,29960.65397085837,29976.161983124348,29941.176353367795,29961.89169801172,384
2025-05-09 09:38:00+00:00,29961.21379897541,29974.928081378635,29952.790782367425,29962.11402502621,146
2025-05-09 09:39:00+00:00,29961.044988682377,29972.0810833723,29952.17652344852,29962.17954043129,923
2025-05-09 09:40:00+00:00,29960.97828406874,29978.43702350477,29946.166574523362,29961.19783732795,795
2025-05-09 09:41:00+00:00,29960.638691102202,29961.29343573725,29944.848388889757,29960.29697219156,999
2025-05-09 09:42:00+00:00,29962.211484523803,29978.26926589604,29957.650265121825,29963.34765092206,221
2025-05-09 09:43:00+00:00,29962.844200104602,29971.62027850534,29950.26835428161,29962.884375371632,741
2025-05-09 09:44:00+00:00,29961.640498112316,29979.701703951232,29953.985588948184,29962.184088121732,250
2025-05-09 09:45:00+00:00,29962.053441841566,29980.892871381402,29953.691507834705,29962.202450433066,963
2025-05-09 09:46:00+00:00,29961.822505763324,29963.06216422046,29947.824194085177,29960.37913962449,777
2025-05-09 09:47:00+00:00,29962.289392958188,29979.305661192608,29956.653741669394,29961.908401304943,188
2025-05-09 09:48:00+00:00,29963.139078224674,29975.381401422506,29946.315491734702,29962.66499427683,403
2025-05-09 09:49:00+00:00,29962.242014465617,29979.833120108025,29960.709572569103,29961.165146072104,546
2025-05-09 09:50:00+00:00,29962.854442222444,29967.320637951496,29953.655246787992,29963.632342475994,218
2025-05-09 09:51:00+00:00,29963.71896837072,29971.54083979406,29956.806723628226,29963.05324346203,721
2025-05-09 09:52:00+00:00,29965.0239379155,29965.437712064817,29957.241880926158,29962.441144246517,495
2025-05-09 09:53:00+00:00,29964.89605355466,29977.667616100844,29961.98306979747,29965.290547809138,851
2025-05-09 09:54:00+00:00,29964.23475482449,29971.98296675252,29961.577866283522,29964.614512632794,906
2025-05-09 09:55:00+00:00,29963.975229377247,29971.368224342496,29946.668606350704,29964.192195114938,718
2025-05-09 09:56:00+00:00,29963.86670144125,29974.7693251901,29948.753205409364,29964.19512552474,873
2025-05-09 09:57:00+00:00,29963.00857184525,29965.221886974352,29958.27596834534,29963.618523365534,322
2025-05-09 09:58:00+00:00,29965.824704504597,29971.579358570507,29963.472892606056,29965.6132091439,262
2025-05-09 09:59:00+00:00,29966.105027203645,29971.94364773859,29953.066108760137,29967.12884560718,977
2025-05-09 10:00:00+00:00,29965.02885549065,29972.287114341587,29954.65530423244,29963.906947728567,574
2025-05-09 10:01:00+00:00,29965.949641911153,29966.191017586927,29946.21412982326,29964.22296472845,787
2025-05-09 10:02:00+00:00,29963.999541029494,29978.851726671877,29959.684873799775,29965.44628767252,489
2025-05-09 10:03:00+00:00,29963.64277821261,29972.782641738784,29963.033172449082,29962.48147483984,489
2025-05-09 10:04:00+00:00,29965.28651745751,29968.113028370168,29953.357537772317,29964.95509615457,982
2025-05-09 10:05:00+00:00,29963.791755270777,29967.056045932637,29956.644925438333,29964.910067105597,376
2025-05-09 10:06:00+00:00,29962.536106143863,29968.78271855132,29948.115757347467,29962.865773477006,828
2025-05-09 10:07:00+00:00,29963.416330058608,29980.176912622104,29956.338624293083,29961.413179306084,590
2025-05-09 10:08:00+00:00,29963.47743257051,29966.286283384663,29954.984161594828,29961.626415038438,166
2025-05-09 10:09:00+00:00,29962.977848313323,29976.50918663535,29954.869618066954,29965.787336401543,917
2025-05-09 10:10:00+00:00,29963.532399492375,29975.44136796474,29955.202197341703,29963.716915839137,874
2025-05-09 10:11:00+00:00,29962.701568996752,29972.00848268484,29962.62177263888,29963.314194962666,220
2025-05-09 10:12:00+00:00,29963.234823616767,29975.087943214312,29959.807242203897,29963.063373611843,443
2025-05-09 10:13:00+00:00,29961.96974807844,29967.65095741786,29943.68073652977,29963.12800838121,185
2025-05-09 10:14:00+00:00,29960.824842514885,29969.03332754272,29952.883215970087,29961.211172794934,480
2025-05-09 10:15:00+00:00,29962.34564917722,29980.17094433647,29958.64525077708,29962.4382396581,718
2025-05-09 10:16:00+00:00,29962.4697136012,29978.58551045068,29958.117791456836,29962.449897119957,864
2025-05-09 10:17:00+00:00,29961.301230287863,29980.805853923972,29951.913576245228,29962.687112386928,532
2025-05-09 10:18:00+00:00,29960.782080480603,29965.34076820664,29960.477939557317,29960.99248081073,483
2025-05-09 10:19:00+00:00,29961.72206774762,29980.1165603169,29949.67075492055,29960.79415556559,242
2025-05-09 10:20:00+00:00,29963.321385924766,29965.40606905023,29947.292147642853,29964.07028369464,739
2025-05-09 10:21:00+00:00,29965.517537154876,29983.69943662057,29949.779067382675,29966.33491100557,589
2025-05-09 10:22:00+00:00,29965.242714091943,29983.257061261414,29949.506371380965,29965.81347629069,356
2025-05-09 10:23:00+00:00,29965.45683926405,29968.688746275013,29951.22956532836,29965.468883407288,926
2025-05-09 10:24:00+00:00,29965.9068008276,29974.863383162454,29954.16956104722,29965.295437317134,678
2025-05-09 10:25:00+00:00,29967.34999370372,29977.75194655644,29964.617047591557,29967.597723469302,479
2025-05-09 10:26:00+00:00,29967.767466331028,29979.700270990594,29954.31678086152,29968.615545878532,155
2025-05-09 10:27:00+00:00,29967.03697959634,29983.781687269646,29948.738383882257,29966.582227407234,981
2025-05-09 10:28:00+00:00,29966.965220751674,29985.14869221406,29960.27490580456,29968.007519848154,385
2025-05-09 10:29:00+00:00,29966.915490351013,29974.848516009646,29966.120695701986,29967.13881918094,342
2025-05-09 10:30:00+00:00,29967.660123556994,29985.17165812467,29964.729068454417,29968.869471759823,108
2025-05-09 10:31:00+00:00,29966.636499905253,29981.805446866856,29964.628004732633,29966.477476041735,563
2025-05-09 10:32:00+00:00,29965.03743943189,29970.83104823466,29962.777163633997,29964.629509237417,165
2025-05-09 10:33:00+00:00,29964.819063963943,29973.519900958992,29954.283421753273,29965.37657648952,684
2025-05-09 10:34:00+00:00,29963.573867000596,29973.628965800675,29962.126881581004,29963.47169166965,151
2025-05-09 10:35:00+00:00,29963.65554927314,29972.364703413103,29948.71363149088,29964.701455918945,406
2025-05-09 10:36:00+00:00,29964.26424268963,29978.970983015137,29961.55540076476,29965.6982202924,236
2025-05-09 10:37:00+00:00,29964.74307993711,29965.424398713505,29958.031685732087,29966.451717933367,551
2025-05-09 10:38:00+00:00,29962.46664677992,29972.062641931767,29953.826373394986,29960.26322563223,525
2025-05-09 10:39:00+00:00,29963.379215709905,29972.304726723716,29947.339676731863,29963.57678436791,349
2025-05-09 10:40:00+00:00,29964.172236907907,29975.340367045992,29962.330855954067,29963.734594307563,584
2025-05-09 10:41:00+00:00,29962.779135832894,29971.330091796204,29956.050161443425,29962.337181403807,640
2025-05-09 10:42:00+00:00,29961.068677963158,29964.719256609427,29947.995432232827,29962.341463642657,885
2025-05-09 10:43:00+00:00,29961.90538961987,29970.183839321806,29952.002819354926,29961.301803324535,675
2025-05-09 10:44:00+00:00,29963.14745816752,29979.479009046485,29943.283519346212,29964.86067052941,885
2025-05-09 10:45:00+00:00,29965.25239414255,29977.518856359522,29963.933862686074,29964.222685924502,900
2025-05-09 10:46:00+00:00,29963.146238079167,29975.205731788126,29948.20544300446,29962.962804161158,366
2025-05-09 10:47:00+00:00,29962.473552651656,29981.40571092141,29954.3828014873,29961.489343583173,578
2025-05-09 10:48:00+00:00,29963.264346492484,29980.01553042486,29958.27883609638,29964.239916928378,834
2025-05-09 10:49:00+00:00,29964.7832277516,29984.57205674879,29954.049110132695,29962.59282386973,680
2025-05-09 10:50:00+00:00,29965.00834144452,29979.10986688222,29947.65650491687,29965.767294555015,814
2025-05-09 10:51:00+00:00,29965.08273448648,29980.82127399795,29957.69430087728,29966.434389616454,844
2025-05-09 10:52:00+00:00,29966.51880941347,29973.289084476473,29949.780203198712,29965.42167799438,281
2025-05-09 10:53:00+00:00,29966.132616653354,29985.461162521886,29957.741451003512,29969.266629403137,687
2025-05-09 10:54:00+00:00,29965.440936139606,29982.252563133636,29953.873732700777,29964.611888270047,250
2025-05-09 10:55:00+00:00,29966.41697192833,29967.329812592077,29960.658296708894,29966.339823571983,820
2025-05-09 10:56:00+00:00,29965.66514452799,29972.967582298046,29956.037544441017,29966.569256890703,803
2025-05-09 10:57:00+00:00,29966.765676023293,29972.916140349487,29959.761137086425,29965.96369825927,724
2025-05-09 10:58:00+00:00,29967.273098926722,29985.274332180354,29947.96292752738,29967.606084281077,398
2025-05-09 10:59:00+00:00,29968.12916798611,29973.55270345846,29963.99218073815,29969.564949215262,510
2025-05-09 11:00:00+00:00,29968.27166386141,29988.26556899284,29960.39827455865,29968.730231105335,885
2025-05-09 11:01:00+00:00,29967.872954163504,29976.621478330842,29955.882400298902,29965.094328065356,603
2025-05-09 11:02:00+00:00,29968.57701262632,29974.785342121046,29955.672351494904,29969.638901263097,234
2025-05-09 11:03:00+00:00,29969.081825066936,29970.056685469932,29958.866279547587,29970.447456899114,875
2025-05-09 11:04:00+00:00,29968.755922467702,29982.037832675604,29954.558068465692,29967.918054128837,524
2025-05-09 11:05:00+00:00,29968.89991771554,29971.4449116735,29956.157640821577,29968.413113811413,522
2025-05-09 11:06:00+00:00,29968.74123211999,29970.135878627916,29962.330926130267,29968.83899478285,235
2025-05-09 11:07:00+00:00,29967.637609204816,29974.666055287846,29954.05786229344,29966.58021462311,244
2025-05-09 11:08:00+00:00,29966.62647291205,29974.393416970863,29963.22209603948,29966.35750006317,416
2025-05-09 11:09:00+00:00,29967.13805934054,29983.59825468674,29948.523866561583,29966.845097135865,852
2025-05-09 11:10:00+00:00,29966.15506829102,29979.82449776719,29957.238386243374,29964.6303911907,762
2025-05-09 11:11:00+00:00,29965.735482764183,29985.169777224146,29958.99655100738,29965.377653323536,332
2025-05-09 11:12:00+00:00,29965.989767490362,29985.759067601826,29954.290463468238,29965.60241992946,484
2025-05-09 11:13:00+00:00,29964.715496764315,29972.369408856903,29952.89514795637,29962.915986049487,242
2025-05-09 11:14:00+00:00,29964.633492324574,29982.872484429907,29949.095088451402,29963.684016637948,493
2025-05-09 11:15:00+00:00,29962.4600472188,29976.8708412031,29958.036174037643,29964.681429727356,872
2025-05-09 11:16:00+00:00,29961.46464721948,29970.818980952372,29954.512810884327,29961.93632416241,569
2025-05-09 11:17:00+00:00,29961.46695821475,29976.78407953936,29952.79908112332,29962.608864704707,722
2025-05-09 11:18:00+00:00,29961.29554484344,29979.487934960835,29960.111543757346,29961.160844338086,101
2025-05-09 11:19:00+00:00,29961.357264184677,29968.07214411487,29942.606631768496,29962.37074989487,156
2025-05-09 11:20:00+00:00,29962.376902107073,29975.668453968425,29945.25367193101,29961.67998815425,779
2025-05-09 11:21:00+00:00,29963.506556946722,29965.4656219369,29948.51359868077,29963.568173413885,783
2025-05-09 11:22:00+00:00,29963.441585271208,29971.83006250756,29960.239637540108,29961.45700530099,309
2025-05-09 11:23:00+00:00,29962.861596385013,29979.67538079533,29955.30167682523,29960.651800916374,389
2025-05-09 11:24:00+00:00,29964.208191965343,29981.22617504434,29950.918586468633,29966.040834894022,384
2025-05-09 11:25:00+00:00,29965.178724658203,29972.088231665544,29958.770048646427,29965.752610518284,965
2025-05-09 11:26:00+00:00,29965.546866484714,29974.163563935643,29961.372693844874,29964.340616786874,605
2025-05-09 11:27:00+00:00,29964.948365428907,29968.479967435545,29964.552989637883,29966.13013008373,752
2025-05-09 11:28:00+00:00,29963.824014494036,29981.382262873627,29952.39036783974,29963.16983532536,561
2025-05-09 11:29:00+00:00,29964.277756988762,29964.519827204425,29953.78544918604,29964.697537132382,927
2025-05-09 11:30:00+00:00,29963.643720249936,29963.738832311363,29961.93943965935,29961.411436203423,938
2025-05-09 11:31:00+00:00,29961.95474380503,29963.55278220413,29945.550479165016,29961.76783139416,264
2025-05-09 11:32:00+00:00,29961.863463533053,29964.525860225116,29943.032581470245,29960.172614933297,160
2025-05-09 11:33:00+00:00,29962.983679189132,29963.151340212185,29955.77704338171,29962.816670870645,148
2025-05-09 11:34:00+00:00,29963.437466490792,29964.65091537346,29960.747157682785,29962.128219184568,281
2025-05-09 11:35:00+00:00,29963.268625567278,29980.04082296388,29950.56844173765,29965.352271118372,555
2025-05-09 11:36:00+00:00,29962.49356540736,29979.882402390635,29943.076547858396,29961.922035471634,801
2025-05-09 11:37:00+00:00,29962.560010909532,29971.21519908191,29954.59926084786,29961.821814094757,830
2025-05-09 11:38:00+00:00,29961.447553825827,29967.935910980843,29958.33279245456,29962.301122639237,667
2025-05-09 11:39:00+00:00,29961.652521249966,29962.3288697238,29950.203127161036,29961.362738643922,164
2025-05-09 11:40:00+00:00,29960.68981864131,29966.2398329312,29954.11172241158,29962.735283022208,243
2025-05-09 11:41:00+00:00,29959.14574597307,29969.558212360516,29939.96818356278,29957.20002990431,721
2025-05-09 11:42:00+00:00,29957.40890508571,29963.230948744244,29943.131064711208,29960.407369223194,803
2025-05-09 11:43:00+00:00,29957.73632769227,29967.84730265234,29939.010623590908,29958.13938413208,349
2025-05-09 11:44:00+00:00,29957.697463602137,29965.463568622894,29951.489327213163,29959.0201819237,261
2025-05-09 11:45:00+00:00,29958.07862309723,29972.77842896136,29951.669995882276,29959.243977819122,336
2025-05-09 11:46:00+00:00,29957.273264693693,29975.49133466375,29939.443394414844,29956.665607977196,200
2025-05-09 11:47:00+00:00,29955.319976330833,29967.819141592223,29946.794105148394,29955.63981209935,649
2025-05-09 11:48:00+00:00,29955.729933493414,29957.433050117044,29941.297001314488,29953.945892350803,852
2025-05-09 11:49:00+00:00,29957.6894395188,29977.560756245468,29952.54272887996,29957.940103297977,158
2025-05-09 11:50:00+00:00,29958.654045469008,29975.829315987507,29939.66082874954,29958.277376079404,596
2025-05-09 11:51:00+00:00,29961.081408084323,29968.695450678388,29943.459314139236,29961.679577802504,304
2025-05-09 11:52:00+00:00,29961.15720647562,29970.422784758906,29952.87747250624,29962.432682850707,919
2025-05-09 11:53:00+00:00,29962.48688656969,29971.764238685682,29948.7956316486,29962.945610204635,132
2025-05-09 11:54:00+00:00,29964.695029109196,29967.185157009408,29949.274966573816,29965.219370737857,138
2025-05-09 11:55:00+00:00,29965.69982801758,29972.105293316486,29964.829018129603,29965.985825672127,676
2025-05-09 11:56:00+00:00,29965.408031310642,29978.15561295429,29947.204748438493,29963.448154156773,208
2025-05-09 11:57:00+00:00,29964.04622535435,29966.75651016897,29953.30041572352,29965.3049087496,677
2025-05-09 11:58:00+00:00,29962.459785155785,29972.46221332458,29948.298054823434,29961.346721432266,446
2025-05-09 11:59:00+00:00,29961.08124599642,29971.13788042356,29950.89605485557,29962.25027471457,774
2025-05-09 12:00:00+00:00,29962.2408358708,29973.938084664194,29943.775693687872,29959.693880238163,657
2025-05-09 12:01:00+00:00,29960.695296461654,29965.067938840803,29941.823735722533,29959.620590995386,872
2025-05-09 12:02:00+00:00,29959.155084959228,29962.31637725515,29947.516869711762,29957.249005515783,251
2025-05-09 12:03:00+00:00,29958.508695099415,29974.31131016512,29946.74609964275,29957.165114401047,106
2025-05-09 12:04:00+00:00,29960.315424566194,29978.62923473184,29947.93230374628,29960.02531586621,633
2025-05-09 12:05:00+00:00,29959.65485231934,29968.81212973024,29951.869846797752,29959.881184745063,372
2025-05-09 12:06:00+00:00,29958.551585271536,29960.8079035057,29951.77927111289,29959.755415568423,275
2025-05-09 12:07:00+00:00,29957.98010316535,29967.83673706525,29952.28200119922,29959.33764740078,270
2025-05-09 12:08:00+00:00,29958.037862316298,29959.248101288747,29940.40868667362,29959.94149234322,689
2025-05-09 12:09:00+00:00,29958.122918541958,29968.185506617156,29938.23910172457,29958.288268373253,899
2025-05-09 12:10:00+00:00,29957.358045828634,29959.425432907134,29951.121425352416,29955.75759281223,841
2025-05-09 12:11:00+00:00,29958.089021591844,29962.124583438213,29938.297363792666,29958.709296075485,159
2025-05-09 12:12:00+00:00,29959.40950529403,29979.356201580384,29942.240010514823,29959.242229859396,732
2025-05-09 12:13:00+00:00,29959.909492566836,29966.981489037677,29959.676007673716,29960.62372681966,680
2025-05-09 12:14:00+00:00,29961.274994945798,29971.911388677232,29953.140186193115,29960.093268260858,496
2025-05-09 12:15:00+00:00,29961.143230156344,29973.372742272993,29945.626596120343,29960.382619822787,292
2025-05-09 12:16:00+00:00,29959.52626750328,29971.105607534773,29945.514955693154,29959.96751361338,594
2025-05-09 12:17:00+00:00,29960.296558831906,29978.1537408516,29944.5218618797,29961.109843689985,139
2025-05-09 12:18:00+00:00,29961.771088524318,29965.68405250852,29948.62266797942,29961.632104412245,672
2025-05-09 12:19:00+00:00,29961.343624793688,29962.075501434276,29957.38665795772,29962.140756236222,989
2025-05-09 12:20:00+00:00,29962.75375348948,29970.63283373007,29952.03202148792,29963.07580968917,143
2025-05-09 12:21:00+00:00,29963.50982929842,29977.417312847032,29955.19072367665,29962.413436839975,792
2025-05-09 12:22:00+00:00,29963.686818949125,29974.951727618314,29962.591382611594,29963.309965653432,446
2025-05-09 12:23:00+00:00,29964.51007565389,29967.80043851084,29948.516222666007,29966.902970388954,969
2025-05-09 12:24:00+00:00,29964.1569820171,29981.71582358534,29951.191490480018,29964.82634689045,243
2025-05-09 12:25:00+00:00,29965.028717003668,29981.62540334154,29953.027838546543,29966.692573459917,924
2025-05-09 12:26:00+00:00,29966.653883686595,29984.566576878544,29962.521521569597,29967.425083856946,645
2025-05-09 12:27:00+00:00,29967.244025714674,29981.829053943376,29958.332613151713,29967.130478618103,762
2025-05-09 12:28:00+00:00,29966.42208172355,29972.47782122281,29956.91436636578,29966.567253636917,819
2025-05-09 12:29:00+00:00,29967.239328576077,29984.93641056847,29966.491447560344,29967.679836239444,583
2025-05-09 12:30:00+00:00,29968.58499707597,29980.346204752033,29957.42596978751,29969.02361557572,728
2025-05-09 12:31:00+00:00,29969.19048500276,29983.638407220944,29967.81104328995,29968.37335111853,791
2025-05-09 12:32:00+00:00,29968.949754913792,29977.91350555284,29956.98492867802,29968.71627610731,979
2025-05-09 12:33:00+00:00,29968.26409412541,29976.8167668392,29965.864887592303,29967.05174267243,193
2025-05-09 12:34:00+00:00,29967.92230044188,29986.346472496636,29961.66852956893,29967.8492608577,155
2025-05-09 12:35:00+00:00,29968.61474475994,29971.963989345448,29965.463220467485,29968.770230180762,376
2025-05-09 12:36:00+00:00,29968.73053653693,29970.88389979674,29959.805018141647,29971.32747425948,440
2025-05-09 12:37:00+00:00,29970.230787062348,29982.071223887888,29958.77697150166,29970.716162400284,142
2025-05-09 12:38:00+00:00,29969.915743003916,29971.1869028311,29967.329103648233,29971.08718689437,188
2025-05-09 12:39:00+00:00,29971.25210494785,29975.105706490125,29965.197955981537,29971.235716566294,195
2025-05-09 12:40:00+00:00,29970.890060477905,29978.118510673765,29962.7428844052,29970.346913440586,203
2025-05-09 12:41:00+00:00,29972.722604930143,29985.007358225204,29964.983827285207,29973.70830994764,589
2025-05-09 12:42:00+00:00,29972.67990918548,29977.143477251237,29954.57444822758,29973.56025780679,564
2025-05-09 12:43:00+00:00,29972.324237194218,29986.9621955499,29965.195216783883,29973.732258549637,881
2025-05-09 12:44:00+00:00,29972.34677592227,29975.752572612484,29961.65237971888,29969.398510741994,111
2025-05-09 12:45:00+00:00,29971.6803036671,29974.066023150168,29965.583022357157,29971.217824646268,138
2025-05-09 12:46:00+00:00,29971.87966194506,29981.712060886934,29970.094951166742,29971.509867656576,422
2025-05-09 12:47:00+00:00,29970.618205666702,29979.727450196642,29959.19334376627,29971.675162445452,594
2025-05-09 12:48:00+00:00,29971.408248648135,29982.994701538766,29970.760352069792,29971.34542952039,468
2025-05-09 12:49:00+00:00,29970.63331996252,29972.830791144126,29955.30178652933,29969.57378957291,843
2025-05-09 12:50:00+00:00,29970.5458295565,29983.47966617088,29967.952661891228,29970.762788291882,398
2025-05-09 12:51:00+00:00,29970.283712547916,29982.87400475027,29951.26440639624,29970.43061146314,760
2025-05-09 12:52:00+00:00,29971.897150400957,29977.085205689607,29955.711139862902,29972.212978924053,209
2025-05-09 12:53:00+00:00,29974.203536345234,29992.21568479933,29969.30418088386,29973.111613252386,277
2025-05-09 12:54:00+00:00,29974.620990526997,29987.497693957324,29958.407010112176,29975.552755452507,848
2025-05-09 12:55:00+00:00,29975.31420888729,29978.53684233531,29963.804025854377,29976.814409417082,540
2025-05-09 12:56:00+00:00,29975.630024738934,29985.927738776474,29961.13315903197,29976.499821821806,311
2025-05-09 12:57:00+00:00,29976.03098914697,29979.69875135429,29973.592126487532,29976.52561445003,365
2025-05-09 12:58:00+00:00,29975.96478057573,29995.326097399506,29957.25114749226,29975.7705151176,583
2025-05-09 12:59:00+00:00,29974.81903331977,29994.76077157072,29955.989271859456,29974.673128569044,362
2025-05-09 13:00:00+00:00,29973.84819611263,29977.149844832624,29965.283166198882,29974.10240994135,619
2025-05-09 13:01:00+00:00,29973.575310036198,29982.45053544109,29968.899478370313,29972.008635832524,280
2025-05-09 13:02:00+00:00,29974.84742589601,29976.72906546509,29955.58153639186,29975.81197440438,360
2025-05-09 13:03:00+00:00,29974.888357647884,29980.301075732776,29963.304018251878,29975.19550293368,526
2025-05-09 13:04:00+00:00,29974.808006815154,29988.43454802523,29960.82657572639,29974.01300013085,148
2025-05-09 13:05:00+00:00,29976.269903216853,29981.14245239379,29965.277629762917,29977.026106188434,105
2025-05-09 13:06:00+00:00,29975.958448339858,29994.153394781322,29963.816951869976,29977.32128533683,739
2025-05-09 13:07:00+00:00,29975.35784865053,29986.579107947055,29962.387076624513,29974.58387612887,956
2025-05-09 13:08:00+00:00,29973.82234897452,29981.720953534645,29960.449180071173,29973.72164474893,360
2025-05-09 13:09:00+00:00,29973.831488533615,29976.686281112507,29954.108091911014,29972.919866180855,612
2025-05-09 13:10:00+00:00,29974.646138884556,29988.193485410877,29964.27061510069,29973.832689211682,799
2025-05-09 13:11:00+00:00,29975.11791150287,29985.42100912344,29972.10525236345,29974.846417067776,649
2025-05-09 13:12:00+00:00,29974.72355413657,29992.55666672732,29962.948498293063,29974.319117454364,627
2025-05-09 13:13:00+00:00,29975.479126077917,29979.862175237868,29974.831718321926,29976.79230885676,744
2025-05-09 13:14:00+00:00,29975.330387738108,29976.66370253763,29971.46613692144,29974.892125645205,462
2025-05-09 13:15:00+00:00,29975.267937367644,29991.018529110297,29974.14700448699,29973.97231026556,648
2025-05-09 13:16:00+00:00,29975.522584349717,29977.91650567112,29964.06104307932,29976.155634379385,603
2025-05-09 13:17:00+00:00,29975.5595979799,29975.72376927988,29957.006124254054,29975.215847646727,499
2025-05-09 13:18:00+00:00,29975.67753008277,29989.146394688996,29969.842751119093,29976.6864107056,684
2025-05-09 13:19:00+00:00,29974.40259017871,29988.877927388367,29972.374812129037,29974.779113098724,905
2025-05-09 13:20:00+00:00,29975.446442410997,29984.34031632288,29957.454441923866,29975.490563445805,119
2025-05-09 13:21:00+00:00,29975.8795468291,29978.337664556155,29957.772608277664,29974.74885789099,372
2025-05-09 13:22:00+00:00,29976.842162422363,29979.411069323327,29956.8485524961,29977.971563713905,223
2025-05-09 13:23:00+00:00,29975.363823563235,29978.791097825942,29958.507500850876,29974.386352174337,265
2025-05-09 13:24:00+00:00,29976.343165009348,29989.758590254638,29959.625789357022,29976.746014943597,842
2025-05-09 13:25:00+00:00,29973.09156872466,29992.831100229563,29972.191696452726,29973.318473336185,880
2025-05-09 13:26:00+00:00,29972.902230224965,29981.297914127765,29964.457179082994,29972.708496258558,135
2025-05-09 13:27:00+00:00,29973.6762544098,29976.268262442245,29970.046973052584,29973.60648291459,884
2025-05-09 13:28:00+00:00,29971.252339287235,29974.501079348844,29952.53542506876,29972.11436437773,624
2025-05-09 13:29:00+00:00,29971.149748276534,29979.08974860781,29967.697531223792,29970.086263410845,266
2025-05-09 13:30:00+00:00,29971.28407483453,29976.68681917522,29969.05387846454,29971.17380068046,306
2025-05-09 13:31:00+00:00,29971.692603961088,29986.68227857035,29969.960308149446,29972.39862402996,571
2025-05-09 13:32:00+00:00,29971.172079923483,29985.814389116164,29956.904299450296,29970.071204019438,186
2025-05-09 13:33:00+00:00,29971.0926091345,29979.28016733392,29966.04705935649,29972.082158197576,751
2025-05-09 13:34:00+00:00,29970.518137730553,29980.660553876613,29955.99107477923,29970.131626532893,322
2025-05-09 13:35:00+00:00,29970.056179688316,29970.591401028003,29954.535874386776,29971.593403753774,779
2025-05-09 13:36:00+00:00,29968.93925003654,29975.385479378816,29961.499756403584,29969.186237749323,510
2025-05-09 13:37:00+00:00,29970.15771267369,29974.778009550675,29951.44670727588,29970.382311307552,371
2025-05-09 13:38:00+00:00,29970.004546283708,29981.732660556067,29953.318682318135,29969.660233169787,706
2025-05-09 13:39:00+00:00,29969.517674763654,29971.13641365422,29967.436090708776,29968.83979795728,269
2025-05-09 13:40:00+00:00,29968.822160505748,29973.900881647172,29961.23955765746,29969.43465426848,196
2025-05-09 13:41:00+00:00,29968.777104003006,29976.350020970123,29963.347595266132,29969.342258049484,376
2025-05-09 13:42:00+00:00,29970.333821772823,29981.080334714537,29953.289424586812,29970.263280649408,256
2025-05-09 13:43:00+00:00,29970.53661579301,29977.380862788188,29968.189060470333,29970.976498162738,642
2025-05-09 13:44:00+00:00,29970.858701008456,29979.887179882982,29960.526069714764,29971.479994226887,967
2025-05-09 13:45:00+00:00,29971.918895134993,29988.204812509877,29960.441194705763,29970.977973013814,182
2025-05-09 13:46:00+00:00,29971.997590919214,29978.397010997563,29969.377126375686,29970.730780243583,806
2025-05-09 13:47:00+00:00,29971.51033088343,29990.533572258562,29956.10216691563,29973.5668236796,205
2025-05-09 13:48:00+00:00,29971.528640045075,29989.969274076964,29967.385406387057,29971.8119723114,318
2025-05-09 13:49:00+00:00,29968.75906454459,29978.827848738903,29954.071124972364,29967.100187487566,990
2025-05-09 13:50:00+00:00,29969.69480475151,29974.82190933381,29959.12121288916,29968.526241475156,392
2025-05-09 13:51:00+00:00,29968.79662128156,29979.068903461335,29964.843874785227,29969.869295340563,709
2025-05-09 13:52:00+00:00,29970.40545349305,29985.26783552833,29950.89785172528,29970.364843043146,268
2025-05-09 13:53:00+00:00,29970.31575172776,29978.554945280568,29958.852745826833,29971.81614446733,360
2025-05-09 13:54:00+00:00,29971.542922456,29984.50204869064,29957.502980917045,29970.950835496296,936
2025-05-09 13:55:00+00:00,29969.855114126356,29980.142760747436,29957.119254190162,29970.014352627553,222
2025-05-09 13:56:00+00:00,29971.237013777427,29974.130110519334,29955.468513818334,29971.954834426444,675
2025-05-09 13:57:00+00:00,29971.45260785434,29980.7494540338,29970.335668619777,29972.566124004094,237
2025-05-09 13:58:00+00:00,29971.108137897885,29983.494138741997,29958.194464673892,29971.598616538988,263
2025-05-09 13:59:00+00:00,29970.842010863915,29977.267814047762,29968.514050102345,29971.27654216211,881
2025-05-09 14:00:00+00:00,29970.335284879307,29984.975840595675,29961.749746868074,29971.176482724204,277
2025-05-09 14:01:00+00:00,29970.4731743003,29973.72050486459,29955.9094571008,29970.486391753788,196
2025-05-09 14:02:00+00:00,29971.44759017283,29984.253114000094,29965.431536034208,29969.943630223763,155
2025-05-09 14:03:00+00:00,29969.219976570137,29980.23668047587,29956.7648465956,29968.42454345099,406
2025-05-09 14:04:00+00:00,29968.313236759765,29975.006676315115,29959.45201025317,29968.59118665565,730
2025-05-09 14:05:00+00:00,29968.25162938954,29986.55885225817,29961.687883827653,29967.66693832692,476
2025-05-09 14:06:00+00:00,29967.982930605653,29975.758195310395,29948.70224856221,29967.595804138116,812
2025-05-09 14:07:00+00:00,29968.90955240104,29970.898773000394,29955.02778397945,29970.391577791554,852
2025-05-09 14:08:00+00:00,29968.965500551905,29980.44574664099,29961.183433787843,29970.092639998496,741
2025-05-09 14:09:00+00:00,29969.663134754017,29971.88605880214,29968.34952527251,29967.87681873265,337
2025-05-09 14:10:00+00:00,29969.7155509897,29974.28803131248,29956.16690717844,29968.974760090503,655
2025-05-09 14:11:00+00:00,29968.966190750052,29977.427838080363,29954.624464305143,29969.65923062863,980
2025-05-09 14:12:00+00:00,29967.057193536064,29979.488177786716,29955.411180058516,29967.391869381263,560
2025-05-09 14:13:00+00:00,29966.86539666965,29982.603024116797,29952.036277097548,29965.48791221235,520
2025-05-09 14:14:00+00:00,29968.002143146845,29971.929934713007,29962.249779982038,29967.720098932394,457
2025-05-09 14:15:00+00:00,29968.52732836746,29968.92420743578,29962.71981922831,29968.35611287695,893
2025-05-09 14:16:00+00:00,29967.910350030037,29969.699026417733,29964.3620858641,29969.230919253663,488
2025-05-09 14:17:00+00:00,29969.61838226538,29972.797685357353,29960.756555862336,29968.285729697604,789
2025-05-09 14:18:00+00:00,29968.97737360203,29976.98215640901,29950.896643887405,29969.31399660831,951
2025-05-09 14:19:00+00:00,29968.617699021735,29979.686549103717,29950.26162636554,29968.668069524276,181
2025-05-09 14:20:00+00:00,29968.012014016356,29975.66112398668,29966.49628761549,29967.892235305222,256
2025-05-09 14:21:00+00:00,29967.966654288688,29982.132957313657,29961.45256901786,29969.634686396515,168
2025-05-09 14:22:00+00:00,29967.63460761908,29971.699765879912,29953.090310192245,29966.72430273216,565
2025-05-09 14:23:00+00:00,29966.732032269832,29985.65079233605,29949.638016285924,29966.056345243487,131
2025-05-09 14:24:00+00:00,29967.1341426739,29973.894320245316,29955.786358365887,29968.168991751252,579
2025-05-09 14:25:00+00:00,29968.136104617795,29973.029333377093,29949.25653539183,29968.988578771496,315
2025-05-09 14:26:00+00:00,29968.78188726909,29981.030382714154,29953.827493209294,29968.624280726362,258
2025-05-09 14:27:00+00:00,29969.89170442882,29985.81630840793,29964.521117053435,29970.435896707284,642
2025-05-09 14:28:00+00:00,29970.645774781566,29983.773671814008,29965.001663643183,29970.62148895974,116
2025-05-09 14:29:00+00:00,29970.826824500284,29976.563170950772,29970.379863034177,29969.965833236107,993
2025-05-09 14:30:00+00:00,29971.9221183621,29980.082507697447,29970.204604429993,29973.079950690568,400
2025-05-09 14:31:00+00:00,29970.570699435004,29989.81783312559,29968.83365025028,29970.901806685568,802
2025-05-09 14:32:00+00:00,29971.000258737236,29979.985775121866,29964.712826939438,29970.024599427943,840
2025-05-09 14:33:00+00:00,29970.99862785629,29978.238895572165,29964.302778052315,29970.640691903543,497
2025-05-09 14:34:00+00:00,29970.535378608187,29977.91139258589,29965.153539154922,29969.5771244631,288
2025-05-09 14:35:00+00:00,29972.95141730065,29973.42389378257,29960.562412690822,29975.38861705155,452
2025-05-09 14:36:00+00:00,29972.810293414692,29989.104990741373,29971.62608712461,29973.9226605864,596
2025-05-09 14:37:00+00:00,29971.966335446214,29973.22633678964,29961.031401806238,29971.948187331964,320
2025-05-09 14:38:00+00:00,29971.95151699076,29982.897278339384,29963.380387115747,29972.167219404877,671
2025-05-09 14:39:00+00:00,29972.10062674713,29986.90793956599,29962.855938839624,29970.38611376564,549
2025-05-09 14:40:00+00:00,29972.533046016488,29992.378472432996,29964.55356914228,29973.07242003309,270
2025-05-09 14:41:00+00:00,29972.46850290701,29979.79578707342,29967.000371888702,29972.086052258852,700
2025-05-09 14:42:00+00:00,29971.581209273663,29991.438445787215,29961.888359547072,29972.446946085332,575
2025-05-09 14:43:00+00:00,29972.04767396311,29989.858194634333,29952.684965832745,29971.99674417983,717
2025-05-09 14:44:00+00:00,29972.169039645047,29988.989043760823,29960.67918020659,29970.778237549708,701
2025-05-09 14:45:00+00:00,29972.750929816404,29983.7337643571,29970.888749825986,29972.973271524956,520
2025-05-09 14:46:00+00:00,29971.96925523114,29987.172537249062,29963.423922560443,29973.285544048114,701
2025-05-09 14:47:00+00:00,29971.481681451838,29977.69160020983,29963.39958366312,29970.571560164575,544
2025-05-09 14:48:00+00:00,29969.723006918244,29971.658780516962,29963.517996642193,29969.807911831682,205
2025-05-09 14:49:00+00:00,29968.991000626935,29981.61923011244,29962.79915513687,29968.52807106681,226
2025-05-09 14:50:00+00:00,29970.896821345774,29987.281431801202,29962.352610907466,29973.217361317995,697
2025-05-09 14:51:00+00:00,29971.63792639014,29982.001291180073,29970.563205689883,29972.257225416233,304
2025-05-09 14:52:00+00:00,29970.31396290291,29974.02264917337,29967.484784041804,29970.675169634585,613
2025-05-09 14:53:00+00:00,29972.769123692422,29982.21002116307,29967.55838487591,29971.155010862403,256
2025-05-09 14:54:00+00:00,29971.556635352896,29986.42349981523,29967.861533720785,29971.142771567676,113
2025-05-09 14:55:00+00:00,29972.738147473934,29977.853799923923,29955.49141919096,29972.587482425977,188
2025-05-09 14:56:00+00:00,29972.093711303463,29990.054359817135,29959.807898401326,29971.01181088932,434
2025-05-09 14:57:00+00:00,29971.79900168726,29973.15320683159,29962.860881856246,29970.57960495962,789
2025-05-09 14:58:00+00:00,29972.519641603998,29991.712257324696,29961.494890509188,29969.509606671454,331
2025-05-09 14:59:00+00:00,29971.911298579096,29976.34576096993,29968.64998887466,29972.03097519683,535
2025-05-09 15:00:00+00:00,29974.03628656091,29989.29977711087,29965.98814665488,29973.85215525533,640
2025-05-09 15:01:00+00:00,29973.945140772237,29974.654636660558,29964.258756894364,29973.7509156551,898
2025-05-09 15:02:00+00:00,29973.3328442522,29975.527124142707,29961.750799539757,29972.754371242787,353
2025-05-09 15:03:00+00:00,29972.99630192919,29974.827989676705,29955.262207636213,29972.12687239175,949
2025-05-09 15:04:00+00:00,29973.49520997856,29992.300304320568,29971.449038384366,29974.104294233755,702
2025-05-09 15:05:00+00:00,29972.51105632239,29975.423256271413,29957.521347421913,29972.888795667022,883
2025-05-09 15:06:00+00:00,29972.763191207076,29981.52700104522,29966.984597510942,29973.216230504586,890
2025-05-09 15:07:00+00:00,29971.802510722147,29975.27135043894,29965.00239994421,29971.671555781464,890
2025-05-09 15:08:00+00:00,29971.529124890032,29987.410393957085,29963.90778128152,29971.376328999053,799
2025-05-09 15:09:00+00:00,29972.36539144255,29989.23947311117,29961.25314167437,29971.561268896345,286
2025-05-09 15:10:00+00:00,29972.54778503596,29991.97126835952,29953.58320295201,29971.57056640219,366
2025-05-09 15:11:00+00:00,29973.787925000604,29984.86745873813,29967.395238674817,29975.232361511764,349
2025-05-09 15:12:00+00:00,29975.4957579697,29979.49591895106,29968.215602296346,29975.062458734832,955
2025-05-09 15:13:00+00:00,29974.739413486044,29975.260307220997,29973.608858730437,29974.555004812206,845
2025-05-09 15:14:00+00:00,29973.593922076798,29974.182803720225,29971.133191141005,29974.645258434488,668
2025-05-09 15:15:00+00:00,29973.4696743322,29987.16423453523,29961.330906983825,29973.477188179473,652
2025-05-09 15:16:00+00:00,29971.88363967286,29987.42916219455,29952.027892202317,29971.461324525993,162
2025-05-09 15:17:00+00:00,29973.772051700085,29980.860652464504,29954.519341333482,29975.25635133078,711
2025-05-09 15:18:00+00:00,29973.766803249153,29975.29497121892,29964.91985957495,29973.139099312124,841
2025-05-09 15:19:00+00:00,29974.072874748283,29981.48920991745,29957.559741463858,29974.836090426747,696
2025-05-09 15:20:00+00:00,29974.043700703216,29983.324277316264,29965.148868664415,29972.102416912436,842
2025-05-09 15:21:00+00:00,29974.19535253257,29977.2346717932,29954.715706807376,29973.718802620795,774
2025-05-09 15:22:00+00:00,29974.305446579136,29991.791994350686,29967.077735568528,29974.143937793644,652
2025-05-09 15:23:00+00:00,29974.483820540205,29980.81598684534,29963.40895860694,29974.737731208796,263
2025-05-09 15:24:00+00:00,29974.566591990402,29988.421623184764,29970.62060238005,29974.947737396804,785
2025-05-09 15:25:00+00:00,29976.17818286836,29976.959305380966,29971.41971613096,29976.930270161887,614
2025-05-09 15:26:00+00:00,29975.38605111208,29988.8897175562,29967.007597816602,29975.958845195855,357
2025-05-09 15:27:00+00:00,29976.15101052377,29986.466728389434,29966.450600917535,29978.108023744386,507
2025-05-09 15:28:00+00:00,29974.887864238914,29992.923432510725,29968.800089348086,29976.379929019145,689
2025-05-09 15:29:00+00:00,29975.57720316162,29991.971084546578,29958.228104476602,29974.464116041152,885
2025-05-09 15:30:00+00:00,29975.078275379237,29980.912262464775,29972.876954497217,29973.92783243195,469
2025-05-09 15:31:00+00:00,29976.002794273034,29990.8912706928,29962.3991904104,29975.725602961076,506
2025-05-09 15:32:00+00:00,29976.377142503683,29988.121986020917,29963.39250449929,29975.779781291876,828
2025-05-09 15:33:00+00:00,29975.22502226351,29975.444512172617,29965.37991660968,29975.265861171167,509
2025-05-09 15:34:00+00:00,29975.81179812119,29987.28677913426,29957.782285813406,29974.310613321275,717
2025-05-09 15:35:00+00:00,29975.72442457944,29994.06220186909,29963.680535174266,29975.537531015394,713
2025-05-09 15:36:00+00:00,29974.44071963375,29982.49006468536,29968.80817874612,29973.733966902153,956
2025-05-09 15:37:00+00:00,29974.531902926192,29976.565466787823,29967.971165222545,29973.382288309433,966
2025-05-09 15:38:00+00:00,29976.37946738564,29987.009759762557,29969.975996300655,29976.914688321438,142
2025-05-09 15:39:00+00:00,29975.71287552883,29982.376925821052,29959.192118774357,29975.988051558885,616
2025-05-09 15:40:00+00:00,29975.36648350873,29993.376849922155,29965.96109459729,29976.366867764493,391
2025-05-09 15:41:00+00:00,29977.210692754586,29981.050629491805,29962.421744872936,29976.993286325087,853
2025-05-09 15:42:00+00:00,29975.642275829312,29990.67489527371,29967.557787334845,29977.174500857513,716
2025-05-09 15:43:00+00:00,29973.69507577344,29973.996174411204,29966.37911517328,29975.43062497122,605
2025-05-09 15:44:00+00:00,29975.564249189985,29988.05444517442,29970.326963100142,29974.2089244403,514
2025-05-09 15:45:00+00:00,29977.09114527326,29985.15447397834,29959.611864394003,29976.19227778925,183
2025-05-09 15:46:00+00:00,29974.850234312788,29981.98876015812,29963.72054744441,29975.198966100616,761
2025-05-09 15:47:00+00:00,29974.031957583014,29993.741160850197,29955.397421172886,29975.8878080881,147
2025-05-09 15:48:00+00:00,29974.977100140994,29978.843709743353,29960.75832002086,29974.667860090376,706
2025-05-09 15:49:00+00:00,29974.944478361278,29989.643443379802,29958.628012029305,29974.413436661805,537
2025-05-09 15:50:00+00:00,29974.101544427667,29986.078353898774,29971.35923649403,29974.929985741488,452
2025-05-09 15:51:00+00:00,29973.885090282925,29974.009198601983,29970.745144896955,29974.303542860966,253
2025-05-09 15:52:00+00:00,29974.472414113978,29992.904671892404,29954.96460761207,29974.335922721402,820
2025-05-09 15:53:00+00:00,29975.725692774817,29989.606146112157,29974.109218919784,29975.803242362406,699
2025-05-09 15:54:00+00:00,29975.931313902856,29990.13120917136,29956.999811190297,29975.03541184975,729
2025-05-09 15:55:00+00:00,29977.56913761221,29984.203999549605,29964.304689581433,29977.416452677866,168
2025-05-09 15:56:00+00:00,29978.661490771512,29992.670754264273,29961.622632134033,29977.460422603388,453
2025-05-09 15:57:00+00:00,29978.36501402149,29992.783249520606,29960.308269435907,29978.158492245875,295
2025-05-09 15:58:00+00:00,29976.77231118088,29995.118139359405,29976.287378786914,29976.34937209276,921
2025-05-09 15:59:00+00:00,29977.84681001349,29990.177003909954,29962.68274753949,29977.842496849382,157
2025-05-09 16:00:00+00:00,29977.170782189307,29983.640695418624,29957.477865553043,29976.739601245758,436
2025-05-09 16:01:00+00:00,29977.040706069867,29984.141934614247,29958.540649321127,29976.769151442444,987
2025-05-09 16:02:00+00:00,29976.358465480425,29978.33914713607,29975.46608884471,29977.355602030104,680
2025-05-09 16:03:00+00:00,29976.97892381183,29988.445521916892,29976.310553537427,29975.34004839432,246
2025-05-09 16:04:00+00:00,29975.892055874454,29986.83308461068,29961.74198394631,29973.992311183494,562
2025-05-09 16:05:00+00:00,29976.578893102353,29992.623905458877,29958.36663929683,29975.968450640168,506
2025-05-09 16:06:00+00:00,29977.441671686418,29979.43924765571,29974.84974589642,29978.768260649933,205
2025-05-09 16:07:00+00:00,29978.486570352652,29980.424795041807,29959.952730555076,29979.938718897767,614
2025-05-09 16:08:00+00:00,29979.343175126753,29979.47909388089,29960.869950510987,29980.603362062862,889
2025-05-09 16:09:00+00:00,29979.01341417769,29981.10941999877,29964.55608598969,29979.399342721732,217
2025-05-09 16:10:00+00:00,29980.10778678902,29993.68866076498,29970.285023818113,29979.082256135483,774
2025-05-09 16:11:00+00:00,29979.15010354005,29991.752881741555,29969.6476733785,29979.40036714529,103
2025-05-09 16:12:00+00:00,29977.471829288967,29980.0707710418,29974.528525263093,29977.790652030046,249
2025-05-09 16:13:00+00:00,29977.104077022403,29987.80430046362,29975.53021694302,29975.746492383092,879
2025-05-09 16:14:00+00:00,29978.16390267296,29992.953457617972,29965.57587155235,29978.31211799643,631
2025-05-09 16:15:00+00:00,29977.983150618427,29986.91976151581,29962.201992687784,29977.543609755194,310
2025-05-09 16:16:00+00:00,29979.677083521186,29986.779961471635,29979.039186688628,29978.832086097413,736
2025-05-09 16:17:00+00:00,29980.634726511413,29988.00233597922,29972.666371587085,29981.291429080487,134
2025-05-09 16:18:00+00:00,29981.095484604873,29999.58507379199,29968.87226637605,29979.550572799704,617
2025-05-09 16:19:00+00:00,29981.576240835733,29996.57053533551,29978.921532452678,29981.733943987285,545
2025-05-09 16:20:00+00:00,29982.542668685066,29986.325837511384,29980.358305964954,29982.36086842581,569
2025-05-09 16:21:00+00:00,29983.539885684197,29989.91051477493,29974.381501734926,29982.877242905455,543
2025-05-09 16:22:00+00:00,29982.431762317938,29986.386672361718,29963.841024595673,29983.560954050237,709
2025-05-09 16:23:00+00:00,29982.653450059315,29985.016673208233,29969.364632610414,29981.953848083107,568
2025-05-09 16:24:00+00:00,29982.085992131466,30001.538148044103,29976.59359010749,29980.55905873164,811
2025-05-09 16:25:00+00:00,29982.260958647537,29997.49053228908,29974.879638546554,29981.25822243179,305
2025-05-09 16:26:00+00:00,29980.09381829217,29997.51637620544,29962.74929477211,29978.90334877512,820
2025-05-09 16:27:00+00:00,29980.477521128494,29984.451639328752,29973.19521863098,29979.36349242173,613
2025-05-09 16:28:00+00:00,29980.68979783702,29989.58954764268,29971.049080911962,29981.266033601958,121
2025-05-09 16:29:00+00:00,29979.892733840825,29981.800643233244,29967.709557118138,29977.94693121968,677
2025-05-09 16:30:00+00:00,29980.81482261348,29991.644459013467,29972.256605488652,29981.789471498254,139
2025-05-09 16:31:00+00:00,29980.60172104885,29982.568195091924,29962.62883916276,29981.82842897583,374
2025-05-09 16:32:00+00:00,29981.086483546143,29996.53430676511,29976.83953294212,29979.746687006078,433
2025-05-09 16:33:00+00:00,29982.373992860434,29993.942244414222,29969.008813168337,29980.892080932164,135
2025-05-09 16:34:00+00:00,29981.43771071044,29994.932570912413,29970.06933712116,29981.124675517498,495
2025-05-09 16:35:00+00:00,29980.21387806279,29980.514320545964,29972.108591360193,29979.47246442735,567
2025-05-09 16:36:00+00:00,29979.736169519314,29996.582562387044,29964.696053365762,29979.657042057363,366
2025-05-09 16:37:00+00:00,29979.504398309116,29980.217942161387,29978.932087611403,29980.247224541366,268
2025-05-09 16:38:00+00:00,29978.72599671861,29982.07776336039,29960.264836605566,29979.07303117767,326
2025-05-09 16:39:00+00:00,29978.56982553839,29993.571359778653,29959.821858507345,29978.681668783523,482
2025-05-09 16:40:00+00:00,29979.66542433436,29998.689333456154,29959.82441152369,29980.276423139352,633
2025-05-09 16:41:00+00:00,29980.264008496157,29983.66949295916,29977.92251747918,29979.225749704998,351
2025-05-09 16:42:00+00:00,29980.347321673555,29989.72548794997,29978.319741121883,29980.68960298818,252
2025-05-09 16:43:00+00:00,29980.92157552945,29990.236946727502,29969.370871183597,29981.67356012522,917
2025-05-09 16:44:00+00:00,29979.878463855297,29996.638010103234,29973.41216276796,29980.677454313634,427
2025-05-09 16:45:00+00:00,29980.731831774236,29998.58721920684,29975.804830603243,29979.911402359998,903
2025-05-09 16:46:00+00:00,29979.7550939018,29985.59022266641,29978.789563752547,29978.478481471906,341
2025-05-09 16:47:00+00:00,29980.9335215506,29982.20146696852,29971.755255539865,29981.328335640683,502
2025-05-09 16:48:00+00:00,29982.601042902665,29997.012457685698,29974.269280701792,29984.161088320758,863
2025-05-09 16:49:00+00:00,29981.88692713597,29997.873984388953,29967.43657857338,29981.755252142073,673
2025-05-09 16:50:00+00:00,29982.13678628441,29994.485987503504,29970.265284697307,29981.59946242207,832
2025-05-09 16:51:00+00:00,29981.56054148495,29993.02962530989,29973.399273199288,29980.03968923556,714
2025-05-09 16:52:00+00:00,29981.99151810123,29984.434756864735,29970.629545927117,29980.485816820696,172
2025-05-09 16:53:00+00:00,29980.469139735225,29986.120640224868,29969.36353564566,29981.47590233666,106
2025-05-09 16:54:00+00:00,29980.116034717652,29987.65717406726,29965.97496246305,29980.918483450518,457
2025-05-09 16:55:00+00:00,29979.794924038182,29999.295186158703,29967.76925109988,29979.119656529536,296
2025-05-09 16:56:00+00:00,29980.457986291633,29981.363086896956,29969.477756797354,29982.16004115253,144
2025-05-09 16:57:00+00:00,29981.510201449808,29983.078173076305,29963.231259156488,29982.120419329163,882
2025-05-09 16:58:00+00:00,29981.9761161208,29990.51174200169,29965.67719299657,29983.381478601656,888
2025-05-09 16:59:00+00:00,29981.242116172583,29984.512356945725,29973.376322179734,29981.84729341486,828
2025-05-09 17:00:00+00:00,29982.81600059743,29984.066133817512,29978.346325563252,29983.93079670569,183
2025-05-09 17:01:00+00:00,29981.931150199922,29987.75491337899,29975.44423048427,29983.349401381187,984
2025-05-09 17:02:00+00:00,29981.8332820701,30000.415175580398,29962.03451167129,29982.570398811808,974
2025-05-09 17:03:00+00:00,29981.898369988594,29998.75823869715,29976.87976092163,29981.94948553295,583
2025-05-09 17:04:00+00:00,29982.560155720366,29995.983820654365,29979.59342785796,29982.199354606633,968
2025-05-09 17:05:00+00:00,29984.039958188394,29995.9872015587,29978.43066368997,29982.899687618945,299
2025-05-09 17:06:00+00:00,29982.419074229474,29987.39369332487,29965.755767947485,29981.460781483274,789
2025-05-09 17:07:00+00:00,29981.82364050967,29988.713192161402,29980.514023773125,29981.766464874123,714
2025-05-09 17:08:00+00:00,29982.73122405261,29989.8818454875,29979.26048216851,29982.481940834463,611
2025-05-09 17:09:00+00:00,29982.52642836262,29985.320925817898,29963.391770767736,29982.524359664512,202
2025-05-09 17:10:00+00:00,29982.099962740864,29988.504441570367,29966.25321765258,29982.9614136203,634
2025-05-09 17:11:00+00:00,29982.787810764476,29990.976647461506,29970.786354594165,29981.612618902185,334
2025-05-09 17:12:00+00:00,29981.00165044528,29994.94798893252,29979.943257535233,29981.880848550853,536
2025-05-09 17:13:00+00:00,29981.487190672575,30001.26050533204,29970.0874435869,29980.705597441935,442
2025-05-09 17:14:00+00:00,29981.895153829715,29994.439839282153,29968.93145134179,29980.913093378094,234
2025-05-09 17:15:00+00:00,29980.911510845002,30000.021402015187,29973.948781446907,29979.887913390987,679
2025-05-09 17:16:00+00:00,29980.98438675261,29990.28970972578,29968.82198190558,29982.2309548211,135
2025-05-09 17:17:00+00:00,29981.335723459437,29982.449072386735,29973.545641617362,29982.269177655293,490
2025-05-09 17:18:00+00:00,29981.29382134195,29989.838331156894,29978.05848264093,29979.635627056847,942
2025-05-09 17:19:00+00:00,29981.7404312568,30001.6744991763,29963.01848493214,29979.99641678117,574
2025-05-09 17:20:00+00:00,29980.613316909872,29996.49380913258,29977.381903298734,29979.971969031852,781
2025-05-09 17:21:00+00:00,29980.567785484895,29987.68574328639,29969.101228696574,29980.625738570143,312
2025-05-09 17:22:00+00:00,29982.281317865196,29986.033210080644,29973.527289858484,29982.37548757586,619
2025-05-09 17:23:00+00:00,29981.19389089655,29991.773717103544,29969.41903943185,29981.41930552452,972
2025-05-09 17:24:00+00:00,29979.50385328934,29985.841843314975,29965.17847721279,29979.9745688932,199
2025-05-09 17:25:00+00:00,29979.217206087054,29985.521417598182,29970.860516814875,29981.79643892281,588
2025-05-09 17:26:00+00:00,29977.91311300295,29980.582579755213,29967.47050962505,29977.775307411972,504
2025-05-09 17:27:00+00:00,29977.094419048837,29985.09783670596,29957.234566992658,29977.873056160515,459
2025-05-09 17:28:00+00:00,29978.849810296506,29988.929636288965,29976.28092223339,29981.264926765285,253
2025-05-09 17:29:00+00:00,29978.017548176253,29982.731341526604,29967.12143717148,29979.1706738255,741
2025-05-09 17:30:00+00:00,29977.309715212014,29991.01762556182,29966.63843091905,29978.28505259196,412
2025-05-09 17:31:00+00:00,29975.985773147157,29976.898686114044,29967.660443559234,29977.05018431518,810
2025-05-09 17:32:00+00:00,29975.637017149846,29978.7773944858,29969.306557337615,29976.970189635267,918
2025-05-09 17:33:00+00:00,29975.86125871724,29976.599372689827,29969.30025448122,29976.078307449217,549
2025-05-09 17:34:00+00:00,29976.255931491225,29991.461875363326,29960.454743149992,29975.232950044014,604
2025-05-09 17:35:00+00:00,29977.223334483588,29992.586342378367,29967.437758874778,29976.763817189058,141
2025-05-09 17:36:00+00:00,29976.97488455611,29981.878877028128,29969.48880401074,29978.30981357851,871
2025-05-09 17:37:00+00:00,29978.53440710036,29998.143439480118,29958.778523605277,29977.963247840125,681
2025-05-09 17:38:00+00:00,29977.765035487548,29995.564455490425,29967.04658892923,29977.770756340728,712
2025-05-09 17:39:00+00:00,29978.118851881627,29994.860475835798,29959.717889221447,29977.60014238695,387
2025-05-09 17:40:00+00:00,29980.27491842075,29993.73171911957,29977.22409019289,29980.280876010806,183
2025-05-09 17:41:00+00:00,29980.995947168558,30000.048074872524,29968.210544308655,29982.326854424227,550
2025-05-09 17:42:00+00:00,29982.040879789976,29984.192975088805,29974.442603153464,29983.49432127978,904
2025-05-09 17:43:00+00:00,29981.643142617246,29984.181197692462,29970.509716156987,29980.620644246526,892
2025-05-09 17:44:00+00:00,29981.198190710864,29999.987809793885,29964.343066153826,29978.501755976533,777
2025-05-09 17:45:00+00:00,29980.58834330946,29984.53356185727,29980.08383996389,29981.034388766988,690
2025-05-09 17:46:00+00:00,29980.248962807193,29994.264775375243,29963.273932346332,29980.99636355844,355
2025-05-09 17:47:00+00:00,29979.595382175037,29994.013016284985,29977.300527562445,29980.132195483995,538
2025-05-09 17:48:00+00:00,29981.080802709494,29998.352447043133,29972.999218201945,29982.04007835605,873
2025-05-09 17:49:00+00:00,29979.53744122213,29980.245783010247,29973.56167565998,29978.206153994655,738
2025-05-09 17:50:00+00:00,29981.28715324599,29989.853536733266,29978.33659573168,29981.342916227906,547
2025-05-09 17:51:00+00:00,29981.9252496855,29987.265713746303,29976.87586246934,29981.925941141806,531
2025-05-09 17:52:00+00:00,29980.411256887543,29981.43013935432,29972.714176266458,29981.333902130995,346
2025-05-09 17:53:00+00:00,29980.572764677785,29998.469400137852,29969.068555642836,29981.052651338592,733
2025-05-09 17:54:00+00:00,29978.947171431977,29980.125611900254,29973.20384647398,29979.364863737097,644
2025-05-09 17:55:00+00:00,29978.461843767942,29980.473853017967,29959.706650980024,29977.896244757685,474
2025-05-09 17:56:00+00:00,29978.547685823563,29984.272693441955,29961.01933883674,29978.48907524465,608
2025-05-09 17:57:00+00:00,29980.450438418044,29984.346867122964,29961.15197840894,29980.23483502313,823
2025-05-09 17:58:00+00:00,29979.349850331506,29984.1964825331,29964.760077846644,29979.56449824465,294
2025-05-09 17:59:00+00:00,29978.428697393603,29995.11943871347,29969.14045458645,29978.05646265864,530
2025-05-09 18:00:00+00:00,29978.864580881454,29985.99285177776,29963.52927055328,29976.68477956488,834
2025-05-09 18:01:00+00:00,29977.777871598562,29991.902739608664,29960.146975059888,29977.533174266035,322
2025-05-09 18:02:00+00:00,29980.101892557657,29983.023875679206,29979.384509207797,29980.046625286326,561
2025-05-09 18:03:00+00:00,29980.43699918198,29987.792565094594,29969.75062536703,29980.980192873652,149
2025-05-09 18:04:00+00:00,29978.447927613826,29995.677023877957,29960.402719197955,29977.922868673664,239
2025-05-09 18:05:00+00:00,29978.064262773096,29982.86572877582,29959.21357506765,29979.306609008763,994
2025-05-09 18:06:00+00:00,29978.06931947856,29983.202811853844,29959.21760366092,29978.26842258184,956
2025-05-09 18:07:00+00:00,29977.810845564483,29996.37178891757,29960.44502752221,29979.154734772565,137
2025-05-09 18:08:00+00:00,29977.13997739815,29982.360557429,29962.895311783475,29977.71701548212,149
2025-05-09 18:09:00+00:00,29974.571623885317,29993.428330724935,29965.92082658136,29974.998381350884,485
2025-05-09 18:10:00+00:00,29975.095306107734,29978.352698394006,29966.316813349153,29974.537545416173,378
2025-05-09 18:11:00+00:00,29974.57352834939,29988.087145288686,29955.43204304852,29974.264490821046,866
2025-05-09 18:12:00+00:00,29976.70488545673,29987.884357820054,29967.546721366158,29977.59203320861,881
2025-05-09 18:13:00+00:00,29977.401270763512,29988.905432663734,29960.364044194976,29976.76403488988,199
2025-05-09 18:14:00+00:00,29977.737468997657,29997.24385010523,29976.367207911153,29979.82010566303,732
2025-05-09 18:15:00+00:00,29978.843946873418,29979.31210224656,29971.666328673535,29978.946471878815,435
2025-05-09 18:16:00+00:00,29978.988976949495,29994.829912750196,29977.045223396122,29977.683428642587,764
2025-05-09 18:17:00+00:00,29978.178354104763,29983.075542993225,29971.785349454844,29978.9084417344,263
2025-05-09 18:18:00+00:00,29978.471302972855,29993.120450668943,29977.98667481344,29979.610127346205,185
2025-05-09 18:19:00+00:00,29978.355794914532,29994.747687016916,29972.72460617318,29978.49697842662,887
2025-05-09 18:20:00+00:00,29977.45326521474,29978.311011895912,29969.900478612173,29977.55836965607,500
2025-05-09 18:21:00+00:00,29976.931597755396,29994.5337702067,29965.971657944854,29977.574730915574,955
2025-05-09 18:22:00+00:00,29976.886611142672,29996.048219024393,29976.118651963116,29976.270872582536,822
2025-05-09 18:23:00+00:00,29976.926309285594,29992.072659046513,29973.231129203166,29976.992773034093,804
2025-05-09 18:24:00+00:00,29977.116397914764,29991.882710395927,29970.04318180617,29975.92152976036,937
2025-05-09 18:25:00+00:00,29977.02423654195,29985.94057161748,29962.002333322856,29976.74475494879,542
2025-05-09 18:26:00+00:00,29975.945993801146,29984.919243212684,29957.703925643476,29975.09113543616,281
2025-05-09 18:27:00+00:00,29975.97711730876,29989.986421700985,29975.2822382052,29977.33018835741,171
2025-05-09 18:28:00+00:00,29975.44198599033,29987.19925081074,29960.973766540763,29976.7682922316,924
2025-05-09 18:29:00+00:00,29973.070898206206,29985.52658237721,29972.84068133978,29972.00042022835,386
2025-05-09 18:30:00+00:00,29973.722618946624,29979.7964982022,29957.605676839048,29972.864043098707,188
2025-05-09 18:31:00+00:00,29973.644306036622,29980.003206379577,29959.097271534312,29974.369814634134,933
2025-05-09 18:32:00+00:00,29973.8208811944,29977.952397956895,29972.98247455655,29973.268562206067,714
2025-05-09 18:33:00+00:00,29974.36902335924,29984.627849196677,29957.13588675515,29972.42503247712,471
2025-05-09 18:34:00+00:00,29973.104050498267,29978.211585571342,29957.619334024945,29973.252924572487,700
2025-05-09 18:35:00+00:00,29974.217780861793,29979.87121645293,29956.018167771064,29973.052805339634,921
2025-05-09 18:36:00+00:00,29974.83356844627,29991.995596494584,29966.158707843944,29974.842047710492,947
2025-05-09 18:37:00+00:00,29975.30090661131,29987.78556522673,29971.45332300611,29976.25431464976,287
2025-05-09 18:38:00+00:00,29975.5882005974,29987.30493858452,29963.484379907368,29975.126088652374,965
2025-05-09 18:39:00+00:00,29975.111892874193,29983.144862721925,29971.13387809626,29974.311297715863,359
2025-05-09 18:40:00+00:00,29975.46338818937,29978.528507794294,29955.890464631208,29975.655242503854,608
2025-05-09 18:41:00+00:00,29974.76044519098,29977.30810207848,29969.712929942216,29975.814139615217,140
2025-05-09 18:42:00+00:00,29976.096707015877,29981.16776882179,29957.713782403876,29976.772740078486,960
2025-05-09 18:43:00+00:00,29974.79380913901,29984.084993865272,29964.612315372564,29973.74217036334,697
2025-05-09 18:44:00+00:00,29974.90968493503,29992.289139555636,29967.09837249978,29976.524419050846,500
2025-05-09 18:45:00+00:00,29975.94057389174,29977.53120917177,29966.326314104437,29975.99292325511,965
2025-05-09 18:46:00+00:00,29975.797032696584,29977.24763779566,29963.073004910497,29976.168146563217,628
2025-05-09 18:47:00+00:00,29973.96022141279,29977.382291073027,29963.634351440975,29974.207395872243,316
2025-05-09 18:48:00+00:00,29974.140225706702,29989.339999106036,29961.115376826165,29974.01298495832,789
2025-05-09 18:49:00+00:00,29974.71155904444,29986.83273536905,29960.088986656923,29976.49491973053,482
2025-05-09 18:50:00+00:00,29974.56317312882,29991.46295532912,29968.95583033318,29972.897519340095,966
2025-05-09 18:51:00+00:00,29972.789629198287,29983.379068598617,29971.60968273431,29972.80858073461,166
2025-05-09 18:52:00+00:00,29973.59671002442,29990.77281345861,29954.231446127513,29973.749051358,267
2025-05-09 18:53:00+00:00,29972.925345492007,29977.60231861345,29969.096570264897,29971.24601242544,324
2025-05-09 18:54:00+00:00,29972.36161049855,29990.79113603321,29963.61132142453,29973.398557687862,895
2025-05-09 18:55:00+00:00,29974.31008854061,29982.726985961912,29965.041987840534,29976.054239499746,799
2025-05-09 18:56:00+00:00,29973.96730689011,29993.502292446585,29957.62331000539,29974.8419689238,631
2025-05-09 18:57:00+00:00,29972.764453933713,29990.269100273756,29970.228060854242,29973.5899041691,134
2025-05-09 18:58:00+00:00,29972.976164135955,29991.881216916532,29967.374634323405,29973.919008877456,853
2025-05-09 18:59:00+00:00,29971.95617655243,29973.3670757781,29965.53069605578,29972.615453966653,708
2025-05-09 19:00:00+00:00,29972.68262349479,29982.319582620334,29959.429572540335,29973.555933067462,629
2025-05-09 19:01:00+00:00,29972.135904557115,29984.37881852001,29954.73886245783,29971.4498704932,307
2025-05-09 19:02:00+00:00,29973.079383554596,29989.143089828234,29967.322593151894,29972.413203784596,832
2025-05-09 19:03:00+00:00,29971.1737889908,29983.542637719824,29967.749857019644,29971.805357417255,823
2025-05-09 19:04:00+00:00,29971.265745618355,29977.787514299558,29959.911882268523,29970.363327642208,398
2025-05-09 19:05:00+00:00,29971.08912091891,29986.60553692748,29963.1170389718,29971.949083040996,556
2025-05-09 19:06:00+00:00,29971.71141703181,29974.67839312617,29953.669746701325,29973.429810530597,175
2025-05-09 19:07:00+00:00,29972.91303778746,29974.19097764418,29963.59613610148,29974.924905857104,131
2025-05-09 19:08:00+00:00,29972.324238658366,29988.209174707536,29966.300498105706,29973.408467480942,553
2025-05-09 19:09:00+00:00,29971.316416113837,29973.35839121531,29961.36791378787,29973.005093275508,165
2025-05-09 19:10:00+00:00,29970.620604181306,29975.73984913386,29952.383555290242,29971.852000744522,478
2025-05-09 19:11:00+00:00,29970.62977267042,29974.509171626672,29963.412219494938,29968.99000992837,725
2025-05-09 19:12:00+00:00,29970.121227198208,29973.396170993077,29954.152689006,29970.03394522606,505
2025-05-09 19:13:00+00:00,29971.301045586104,29988.060799235016,29956.894941347142,29970.210886927056,558
2025-05-09 19:14:00+00:00,29971.842182857083,29984.55084055541,29965.894436101156,29971.93270145151,394
2025-05-09 19:15:00+00:00,29973.59147373771,29985.42351405371,29966.122954713126,29973.446982816586,995
2025-05-09 19:16:00+00:00,29972.399337030714,29975.028510981047,29958.03108479523,29974.1851757122,561
2025-05-09 19:17:00+00:00,29972.152081451637,29988.928689531225,29958.150810701543,29972.551395747883,112
2025-05-09 19:18:00+00:00,29971.318013305106,29980.465420637753,29960.331715867887,29972.228386584004,784
2025-05-09 19:19:00+00:00,29969.15056641096,29980.884527372196,29965.77621695881,29971.606607620422,993
2025-05-09 19:20:00+00:00,29967.624170207946,29970.333932942674,29952.067601435403,29967.7695529886,234
2025-05-09 19:21:00+00:00,29966.921367178402,29968.665654841865,29950.910333755357,29965.92128490361,347
2025-05-09 19:22:00+00:00,29969.218952854444,29985.682620684678,29967.938121645802,29967.534005422203,441
2025-05-09 19:23:00+00:00,29969.829913091064,29977.804029546205,29951.337284852965,29970.41335425113,154
2025-05-09 19:24:00+00:00,29969.000076544013,29985.370268767547,29959.877119199708,29969.892936778695,460
2025-05-09 19:25:00+00:00,29968.329773690577,29978.193111303546,29953.95923086414,29968.24239795927,189
2025-05-09 19:26:00+00:00,29967.082448710244,29973.360328962688,29963.537631957042,29966.9357858522,599
2025-05-09 19:27:00+00:00,29966.706533896904,29968.24810626609,29952.892129001008,29967.855837865372,365
2025-05-09 19:28:00+00:00,29966.447286289585,29978.11806902212,29954.418877850152,29966.05685301089,364
2025-05-09 19:29:00+00:00,29966.780724901062,29970.060952163192,29963.69704034071,29966.713328007794,350
2025-05-09 19:30:00+00:00,29967.24494188911,29974.277951501266,29950.84999610337,29966.917898278443,880
2025-05-09 19:31:00+00:00,29967.794704302425,29987.069007381415,29966.0202986282,29965.464093855386,880
2025-05-09 19:32:00+00:00,29969.098739239296,29985.729644288775,29962.656536204257,29967.46022215515,870
2025-05-09 19:33:00+00:00,29968.608866858027,29988.266284565623,29953.077148101074,29967.815513160764,237
2025-05-09 19:34:00+00:00,29967.5372931618,29974.628156217637,29963.975408147206,29967.688009860092,316
2025-05-09 19:35:00+00:00,29967.055803691892,29975.684766745784,29951.302324831766,29966.270727831063,514
2025-05-09 19:36:00+00:00,29967.039886754636,29972.936770623182,29954.517714965004,29968.54612876098,364
2025-05-09 19:37:00+00:00,29968.346496856233,29976.846344954633,29960.15021637751,29967.809229263235,417
2025-05-09 19:38:00+00:00,29969.92600392033,29982.66488761917,29952.200452112545,29969.953777782128,458
2025-05-09 19:39:00+00:00,29970.27565968015,29972.880548254103,29958.201552086037,29970.85959824612,164
2025-05-09 19:40:00+00:00,29970.380132302722,29978.090104515337,29967.79678795172,29970.512625162297,967
2025-05-09 19:41:00+00:00,29971.26835054321,29981.905277908616,29969.40387472147,29971.828257220597,586
2025-05-09 19:42:00+00:00,29971.540953889085,29973.75356042731,29968.38577704349,29973.158009303414,136
2025-05-09 19:43:00+00:00,29972.24777933307,29974.423473319224,29957.625154282778,29972.794423490777,887
2025-05-09 19:44:00+00:00,29972.653270593193,29974.34205898324,29954.557961811763,29971.963600831506,317
2025-05-09 19:45:00+00:00,29973.006713299892,29977.83981905154,29954.297033309245,29973.13027572021,221
2025-05-09 19:46:00+00:00,29974.033341225517,29976.204859413556,29973.30696978417,29974.21001682622,524
2025-05-09 19:47:00+00:00,29974.193799217293,29992.693648493518,29965.451554242307,29973.813415077122,921
2025-05-09 19:48:00+00:00,29974.719621859527,29990.759165005285,29966.525341991935,29975.79928395846,214
2025-05-09 19:49:00+00:00,29976.48433774396,29982.64571407702,29970.95200337097,29976.110145547096,763
2025-05-09 19:50:00+00:00,29976.10961528707,29991.20578470225,29975.073545816103,29974.76668134839,452
2025-05-09 19:51:00+00:00,29974.668188498552,29980.42988476044,29967.239981622133,29974.516021612788,805
2025-05-09 19:52:00+00:00,29976.6788761737,29983.325557316442,29961.75086381934,29977.20348207468,616
2025-05-09 19:53:00+00:00,29974.993669009287,29991.28336879737,29963.730620483806,29973.945041219482,846
2025-05-09 19:54:00+00:00,29976.501575492326,29979.810920059048,29958.58971120953,29977.422964660713,264
2025-05-09 19:55:00+00:00,29973.936265294968,29975.68845912535,29963.32383485109,29972.286950212958,390
2025-05-09 19:56:00+00:00,29972.004910261967,29976.541592539565,29971.64016549477,29972.017417037725,109
2025-05-09 19:57:00+00:00,29972.15511325355,29988.15934263316,29956.06342127815,29972.34155460223,577
2025-05-09 19:58:00+00:00,29973.07712077779,29983.176353956864,29968.712296844587,29973.50486841841,870
2025-05-09 19:59:00+00:00,29972.691066798503,29983.21349514285,29959.63306178214,29971.520654763863,401
2025-05-09 20:00:00+00:00,29971.757505094647,29984.85362684909,29952.282294076336,29972.019822374466,934
2025-05-09 20:01:00+00:00,29973.222406753484,29992.216641292765,29956.33586080146,29972.48993786991,833
2025-05-09 20:02:00+00:00,29973.994833111094,29989.54461888834,29972.05870065062,29975.3566761956,552
2025-05-09 20:03:00+00:00,29976.880248835154,29986.056137563337,29975.04084533862,29978.068136957805,423
2025-05-09 20:04:00+00:00,29975.417083168875,29984.391594566187,29971.218084499327,29976.093131323272,744
2025-05-09 20:05:00+00:00,29974.79562223639,29978.10723833564,29970.882744952654,29974.737014355425,192
2025-05-09 20:06:00+00:00,29975.359596833143,29993.9227569876,29960.556910450603,29974.169730950252,196
2025-05-09 20:07:00+00:00,29976.32406487377,29986.10306215685,29975.81791027502,29976.63077143288,366
2025-05-09 20:08:00+00:00,29975.686616649447,29992.857300394924,29969.49982507456,29975.245367769636,694
2025-05-09 20:09:00+00:00,29975.383257536516,29987.9573756359,29961.26695598878,29976.788215379976,708
2025-05-09 20:10:00+00:00,29976.197305225927,29988.72167075459,29961.266768382757,29975.01271818736,647
2025-05-09 20:11:00+00:00,29975.846773098947,29978.89785495324,29960.88956519355,29974.981102514896,928
2025-05-09 20:12:00+00:00,29974.926216857853,29989.648243039504,29959.91370225037,29975.063484607876,107
2025-05-09 20:13:00+00:00,29974.453694760272,29988.706509707074,29973.0660991143,29973.896403102786,945
2025-05-09 20:14:00+00:00,29973.708808725638,29978.089847218827,29954.944291620508,29972.24209613639,864
2025-05-09 20:15:00+00:00,29973.32032288191,29987.09364658453,29964.468325502043,29973.57866129479,260
2025-05-09 20:16:00+00:00,29974.062845026157,29978.06994918646,29960.061505145466,29973.605646348988,939
2025-05-09 20:17:00+00:00,29974.249869384043,29980.634727054814,29970.499607603953,29972.369197000186,359
2025-05-09 20:18:00+00:00,29974.562560636477,29984.71472791569,29958.93198848035,29974.98072266641,138
2025-05-09 20:19:00+00:00,29974.875509171907,29994.17158079572,29955.884121633288,29975.448095258602,242
2025-05-09 20:20:00+00:00,29974.45356716999,29977.65724963209,29963.09081751255,29973.105531917427,712
2025-05-09 20:21:00+00:00,29974.73738625236,29980.033683165464,29964.735893550733,29975.77219712781,865
2025-05-09 20:22:00+00:00,29975.482154707242,29994.887651036635,29957.50235386563,29975.4941118443,474
2025-05-09 20:23:00+00:00,29975.730902893836,29977.130622613542,29961.89934893648,29975.08648667727,275
2025-05-09 20:24:00+00:00,29975.925204158033,29985.939980056173,29957.07696387899,29976.206362230583,745
2025-05-09 20:25:00+00:00,29975.40353601712,29994.212677244366,29961.541674402826,29978.007825228407,459
2025-05-09 20:26:00+00:00,29977.757626028942,29987.034387380096,29969.864710200214,29978.973761157453,444
2025-05-09 20:27:00+00:00,29977.74026239428,29984.01943504978,29973.754655898865,29977.03024532296,201
2025-05-09 20:28:00+00:00,29978.78012211482,29984.437485830556,29969.863679510905,29979.73068556332,639
2025-05-09 20:29:00+00:00,29978.796310827143,29989.274356441376,29973.36799396273,29977.955457251788,249
2025-05-09 20:30:00+00:00,29976.834655293555,29977.50115959344,29969.08114111959,29977.96702294998,390
2025-05-09 20:31:00+00:00,29975.664072837983,29987.79616675193,29973.108946398555,29976.627928578848,600
2025-05-09 20:32:00+00:00,29976.236857135118,29979.76443929017,29957.383340127475,29974.420223457935,469
2025-05-09 20:33:00+00:00,29976.440790978504,29990.672097761417,29964.86342480421,29977.213828787917,227
2025-05-09 20:34:00+00:00,29976.494248290852,29980.315041554615,29962.590171659198,29978.173700272542,658
2025-05-09 20:35:00+00:00,29976.95083708897,29977.19779911278,29973.592128418008,29976.723511091608,818
2025-05-09 20:36:00+00:00,29978.28485930127,29984.11725605431,29965.748567196166,29978.50808372007,635
2025-05-09 20:37:00+00:00,29978.699896966507,29994.64064835181,29964.026024905434,29979.772560983187,548
2025-05-09 20:38:00+00:00,29978.05512161025,29982.94255122188,29970.23544161695,29978.767066356682,690
2025-05-09 20:39:00+00:00,29978.508822835305,29980.71779288173,29968.4622888447,29979.631210694046,716
2025-05-09 20:40:00+00:00,29979.388959606855,29981.191296296867,29968.83984135767,29980.47628531371,378
2025-05-09 20:41:00+00:00,29980.249662558912,29997.57792734326,29973.53022782812,29982.304915960773,218
2025-05-09 20:42:00+00:00,29981.797209952303,29997.84318367739,29970.750363889012,29980.259477692656,964
2025-05-09 20:43:00+00:00,29982.44642874934,29986.896892380726,29972.989939652936,29982.931361610674,458
2025-05-09 20:44:00+00:00,29984.010132373147,29987.44630614739,29970.260727083,29983.7190365777,574
2025-05-09 20:45:00+00:00,29981.688476352483,29999.726394924415,29980.12443013875,29981.455819051338,631
2025-05-09 20:46:00+00:00,29979.933738956053,29990.689215414815,29976.909521479945,29981.665377133577,801
2025-05-09 20:47:00+00:00,29979.518462675078,29991.445085641368,29976.00493693347,29979.917797413826,204
2025-05-09 20:48:00+00:00,29980.17061317049,29995.09454472994,29967.447468756538,29978.820560421227,908
2025-05-09 20:49:00+00:00,29979.785021645803,29989.531051903465,29973.577759276523,29979.813162448412,122
2025-05-09 20:50:00+00:00,29980.04694437598,29994.861318381714,29961.816217932115,29980.996881017705,258
2025-05-09 20:51:00+00:00,29980.962956867323,29987.861284912975,29977.048496839336,29980.44164940475,516
2025-05-09 20:52:00+00:00,29980.49252867406,29991.380752508358,29976.581517000737,29979.407312491716,159
2025-05-09 20:53:00+00:00,29980.547900192854,29994.679327894948,29974.125786440287,29981.020686366708,724
2025-05-09 20:54:00+00:00,29979.755233240558,29997.811717611698,29975.332221041066,29980.72133382075,792
2025-05-09 20:55:00+00:00,29980.086420569445,29984.22702136308,29978.843750184005,29979.200615650963,787
2025-05-09 20:56:00+00:00,29977.67113735898,29996.811156779182,29965.681170507523,29978.320414371206,522
2025-05-09 20:57:00+00:00,29977.66569830722,29989.50862683841,29973.273405372613,29979.01943588583,714
2025-05-09 20:58:00+00:00,29977.38976298917,29994.523327379648,29959.669052077723,29976.07388105213,697
2025-05-09 20:59:00+00:00,29975.880916635364,29982.614753201564,29967.737470772383,29975.688313024308,686
2025-05-09 21:00:00+00:00,29975.77183142549,29985.8634868778,29960.712320535025,29977.103513259404,358
2025-05-09 21:01:00+00:00,29976.33753703849,29993.05863462898,29958.330131012834,29975.160900650128,383
2025-05-09 21:02:00+00:00,29977.259109500494,29980.82903911187,29966.267818421264,29977.904496040253,195
2025-05-09 21:03:00+00:00,29977.39002836033,29978.505463056877,29959.451131963404,29976.30232472652,995
2025-05-09 21:04:00+00:00,29977.65568802841,29987.95077985084,29976.23449932301,29977.259645034323,938
2025-05-09 21:05:00+00:00,29975.6279200121,29992.522638306527,29957.86083468621,29976.61125780532,358
2025-05-09 21:06:00+00:00,29976.14515234052,29990.66427491616,29964.030083824087,29974.914775786983,607
2025-05-09 21:07:00+00:00,29977.306694097773,29986.780582711755,29969.739190613305,29975.014002477194,871
2025-05-09 21:08:00+00:00,29978.211324435462,29990.15043222657,29968.358996384897,29977.917920177755,875
2025-05-09 21:09:00+00:00,29978.50282113629,29985.34015861498,29968.50936183252,29978.59104132671,102
2025-05-09 21:10:00+00:00,29978.253132681086,29992.95050702587,29969.4341477575,29978.273970712544,675
2025-05-09 21:11:00+00:00,29977.221120057795,29985.442330006976,29964.374717617546,29978.72995941942,392
2025-05-09 21:12:00+00:00,29977.118767666754,29982.15154156441,29968.47876762077,29977.454140991304,657
2025-05-09 21:13:00+00:00,29976.608914071403,29990.87491857447,29971.353941490543,29978.388694165762,125
2025-05-09 21:14:00+00:00,29977.759881484246,29988.06152560536,29970.923421656895,29976.441058374265,834
2025-05-09 21:15:00+00:00,29976.917218009803,29978.472862361472,29966.25564193362,29978.450996773914,789
2025-05-09 21:16:00+00:00,29977.488378706657,29981.676016663358,29975.711410543812,29977.371505436447,146
2025-05-09 21:17:00+00:00,29978.138022392875,29989.17107837862,29977.706575737917,29977.807293362202,936
2025-05-09 21:18:00+00:00,29978.326344951613,29982.453914112244,29970.22882390275,29976.738011165995,295
2025-05-09 21:19:00+00:00,29977.45977939206,29994.750490630948,29959.031065244977,29978.763908962956,121
2025-05-09 21:20:00+00:00,29978.592805359185,29994.715674196534,29975.760969273462,29979.778165013253,739
2025-05-09 21:21:00+00:00,29978.602593733835,29983.85649740904,29966.35810493565,29977.75551221638,908
2025-05-09 21:22:00+00:00,29978.652624480586,29987.571867797997,29963.69498331413,29978.11223381972,554
2025-05-09 21:23:00+00:00,29976.685046561477,29982.523253893552,29974.00152748921,29976.535216226483,313
2025-05-09 21:24:00+00:00,29977.69344009594,29987.247911810726,29972.956390718602,29978.836421652704,800
2025-05-09 21:25:00+00:00,29977.17772817907,29982.43791010589,29972.04316437517,29976.29905741489,967
2025-05-09 21:26:00+00:00,29978.377641378698,29987.151838261652,29972.68179904467,29977.991694359178,271
2025-05-09 21:27:00+00:00,29977.547020557035,29993.2141194684,29961.56850605469,29977.33328067289,537
2025-05-09 21:28:00+00:00,29977.92419470373,29979.20513334492,29968.46102623225,29977.628848464603,783
2025-05-09 21:29:00+00:00,29977.27986748988,29993.18890322914,29969.23885703228,29977.260843747732,643
2025-05-09 21:30:00+00:00,29978.120814352344,29980.25171128543,29967.797600626975,29979.49269682869,802
2025-05-09 21:31:00+00:00,29979.565431143637,29980.89015396224,29971.4678427772,29979.41963204308,284
2025-05-09 21:32:00+00:00,29980.610700404075,29985.951450278695,29966.52738358024,29979.164601021803,229
2025-05-09 21:33:00+00:00,29979.72501993636,29980.199751883287,29959.944742369647,29980.477414282243,989
2025-05-09 21:34:00+00:00,29980.050033155803,29985.307626072834,29978.01127043122,29981.955562657757,879
2025-05-09 21:35:00+00:00,29980.23142828085,29987.815910405847,29966.200415113035,29980.221283368624,328
2025-05-09 21:36:00+00:00,29980.13084277583,29993.15441387531,29974.885244936017,29982.47959701923,214
2025-05-09 21:37:00+00:00,29978.165218276725,29986.59994526508,29976.74478514055,29978.927802776965,114
2025-05-09 21:38:00+00:00,29976.843841925893,29976.944762463947,29966.252730650296,29975.5219634359,279
2025-05-09 21:39:00+00:00,29976.882901684476,29988.785162416116,29975.793525066103,29977.66599108474,322
2025-05-09 21:40:00+00:00,29975.756622374345,29988.93472185468,29967.897836892065,29975.83238192236,892
2025-05-09 21:41:00+00:00,29976.899324485144,29988.693868909828,29966.421678840758,29975.712481655155,197
2025-05-09 21:42:00+00:00,29975.79436994329,29990.880739381984,29967.840294763795,29975.92053959754,362
2025-05-09 21:43:00+00:00,29975.460092696805,29993.19550369502,29966.89159347826,29975.756791253174,261
2025-05-09 21:44:00+00:00,29975.762318372494,29993.077370353025,29955.79670182833,29977.608770436254,638
2025-05-09 21:45:00+00:00,29975.927969082586,29977.192387085783,29972.33279383017,29975.363381081064,301
2025-05-09 21:46:00+00:00,29976.368611997805,29993.17614586073,29972.143920856757,29974.61879449251,281
2025-05-09 21:47:00+00:00,29974.816606326716,29983.415249151,29965.943616659144,29975.960819914522,866
2025-05-09 21:48:00+00:00,29976.459747145964,29976.865001856066,29966.98779171939,29977.75213821747,423
2025-05-09 21:49:00+00:00,29974.84152330289,29980.549082680027,29959.0505406064,29973.65266902483,888
2025-05-09 21:50:00+00:00,29973.99474731553,29976.188242869375,29961.99028090142,29974.78872592483,569
2025-05-09 21:51:00+00:00,29973.924433373864,29981.69878753546,29967.140584302353,29974.146344374003,800
2025-05-09 21:52:00+00:00,29974.07174073022,29991.381856925425,29969.57222514299,29973.60734122962,564
2025-05-09 21:53:00+00:00,29974.2720693722,29975.074700562163,29957.63023457711,29975.846332779216,596
2025-05-09 21:54:00+00:00,29972.711792322163,29988.99364683574,29962.527692891545,29973.35878334888,296
2025-05-09 21:55:00+00:00,29972.709601679093,29977.27574119453,29962.23934093388,29971.45334515283,152
2025-05-09 21:56:00+00:00,29972.420861495997,29984.39769960509,29967.105887289956,29972.961218031814,416
2025-05-09 21:57:00+00:00,29973.03790754806,29986.65626828359,29963.101024882344,29974.5699811905,502
2025-05-09 21:58:00+00:00,29973.1315008493,29983.320913081716,29959.721394872005,29972.347206233087,584
2025-05-09 21:59:00+00:00,29973.049024983316,29977.9663822342,29953.246422966415,29972.009100135187,695
2025-05-09 22:00:00+00:00,29973.78720620195,29985.590427584262,29972.117887339202,29972.551319428538,710
2025-05-09 22:01:00+00:00,29973.310737941785,29983.336020094666,29954.595631067757,29973.837297373877,254
2025-05-09 22:02:00+00:00,29974.435619405733,29975.140894143264,29972.017232249735,29975.434044311733,175
2025-05-09 22:03:00+00:00,29974.755395330125,29984.128399335194,29971.12765829449,29973.449284781836,802
2025-05-09 22:04:00+00:00,29975.157692684606,29981.07038224892,29974.677420836044,29975.69381046455,688
2025-05-09 22:05:00+00:00,29974.606344128562,29994.148851751692,29967.75601400272,29974.78629169911,360
2025-05-09 22:06:00+00:00,29975.977852028747,29983.059806580382,29972.772035475962,29975.956826855076,501
2025-05-09 22:07:00+00:00,29974.084429587787,29985.82018045097,29957.46875361847,29973.149267079116,324
2025-05-09 22:08:00+00:00,29975.244158600675,29994.47063220942,29970.56488408463,29973.578506173777,663
2025-05-09 22:09:00+00:00,29974.93937699654,29993.842929100825,29966.905284108834,29975.666418565743,610
2025-05-09 22:10:00+00:00,29974.54131315406,29988.937685421482,29966.91125208375,29974.78672772145,226
2025-05-09 22:11:00+00:00,29973.540269617897,29979.15268192635,29958.039062027754,29972.19486284933,196
2025-05-09 22:12:00+00:00,29971.408925671454,29984.68480928032,29964.262767709904,29972.237254989748,185
2025-05-09 22:13:00+00:00,29972.249726327842,29989.026104428853,29964.935173613638,29972.408753064636,660
2025-05-09 22:14:00+00:00,29974.73467145777,29985.433617135917,29957.31668060074,29975.15155561236,756
2025-05-09 22:15:00+00:00,29974.547173342635,29984.932743930665,29962.230590292223,29976.40908929778,232
2025-05-09 22:16:00+00:00,29974.67218978021,29993.21658295298,29965.716058390688,29973.086160209758,225
2025-05-09 22:17:00+00:00,29976.245595328597,29984.6516116212,29973.288212574993,29976.524607025796,855
2025-05-09 22:18:00+00:00,29975.1539035304,29987.843762757668,29971.53502421299,29974.336691222838,308
2025-05-09 22:19:00+00:00,29973.53664207911,29975.542921689623,29963.56405202584,29974.638338619887,886
2025-05-09 22:20:00+00:00,29974.18536376636,29978.485746645874,29962.108828084696,29975.25707253803,769
2025-05-09 22:21:00+00:00,29974.57735380169,29981.900642800007,29961.074387780332,29973.726616571876,313
2025-05-09 22:22:00+00:00,29973.60155814605,29977.460755394797,29973.053470300965,29973.828243586602,547
2025-05-09 22:23:00+00:00,29974.24080151588,29981.9337775463,29957.015836673578,29976.45087856373,824
2025-05-09 22:24:00+00:00,29973.625980206387,29989.944763318752,29969.804946283613,29974.68385143579,731
2025-05-09 22:25:00+00:00,29973.446184396158,29985.844337982307,29971.54983035532,29973.62007555925,112
2025-05-09 22:26:00+00:00,29973.8119017496,29975.01359607887,29967.582485250125,29973.13975457949,438
2025-05-09 22:27:00+00:00,29973.02250172817,29985.003403549134,29959.92821389212,29971.952166782892,988
2025-05-09 22:28:00+00:00,29973.585052826715,29984.91545164004,29960.092478998507,29974.7984023368,359
2025-05-09 22:29:00+00:00,29974.966292923506,29975.625901465508,29960.816103124056,29975.210447244353,150
2025-05-09 22:30:00+00:00,29976.001382966366,29979.943901140126,29957.916655609682,29977.274014816205,726
2025-05-09 22:31:00+00:00,29977.398215132547,29985.243878686633,29959.009928140524,29977.24430996745,273
2025-05-09 22:32:00+00:00,29978.372010096988,29983.74925630016,29964.348809026935,29979.08868533784,623
2025-05-09 22:33:00+00:00,29977.076076881956,29982.88044870501,29960.21159276997,29977.33758757755,710
2025-05-09 22:34:00+00:00,29977.867198405474,29988.408480114867,29959.89269065019,29977.42844549663,433
2025-05-09 22:35:00+00:00,29977.924891270166,29978.88656779487,29965.891624046897,29979.339431537675,633
2025-05-09 22:36:00+00:00,29977.865674026183,29989.602232983474,29968.38269434945,29976.926044128224,282
2025-05-09 22:37:00+00:00,29978.239456200175,29982.770591738354,29965.155694166046,29977.589547070405,386
2025-05-09 22:38:00+00:00,29977.80705330223,29979.045598984674,29962.68789514775,29978.455068174033,731
2025-05-09 22:39:00+00:00,29976.94434686372,29987.675531954053,29965.065910206762,29977.144702092577,586
2025-05-09 22:40:00+00:00,29977.09248293385,29984.793153561706,29961.49199124332,29977.707131802963,323
2025-05-09 22:41:00+00:00,29974.553165416248,29983.549651877933,29971.123491000766,29974.186803284003,119
2025-05-09 22:42:00+00:00,29974.62018637951,29982.98586585879,29965.094825112676,29974.482200220922,100
2025-05-09 22:43:00+00:00,29973.49503309664,29977.164184478122,29957.75820180793,29974.305747272367,622
2025-05-09 22:44:00+00:00,29972.78356108108,29976.83334205765,29965.65737690303,29972.450307619372,701
2025-05-09 22:45:00+00:00,29973.797325070944,29986.871705771995,29961.161431189685,29974.09797437641,737
2025-05-09 22:46:00+00:00,29974.217827759257,29987.22133630104,29966.000436052418,29974.193655830997,655
2025-05-09 22:47:00+00:00,29974.54384046903,29981.083619423647,29959.791234153312,29975.636413359414,456
2025-05-09 22:48:00+00:00,29974.006092079806,29985.695944176987,29963.802119517313,29975.21338078722,171
2025-05-09 22:49:00+00:00,29975.22796898712,29984.27588634107,29956.025596670293,29977.222021622114,404
2025-05-09 22:50:00+00:00,29974.29747220414,29990.56318521144,29959.412592805777,29973.391195253636,722
2025-05-09 22:51:00+00:00,29972.891237498,29975.848179708573,29964.21157714936,29974.35029972125,815
2025-05-09 22:52:00+00:00,29972.6771401518,29986.163015199272,29963.227043879113,29973.05486551115,969
2025-05-09 22:53:00+00:00,29972.884467775584,29986.3337421523,29970.443933110804,29973.052918559923,637
2025-05-09 22:54:00+00:00,29972.18001031281,29988.490472703343,29957.10899472821,29972.438909905188,150
2025-05-09 22:55:00+00:00,29973.04172009571,29978.519525145144,29953.72417330025,29970.890645798856,761
2025-05-09 22:56:00+00:00,29973.655839329058,29989.207230092463,29959.175000059935,29973.960770078796,490
2025-05-09 22:57:00+00:00,29972.17826775007,29990.872220635145,29953.224892971935,29971.7815758692,763
2025-05-09 22:58:00+00:00,29972.735017289393,29972.822726339946,29956.25706453283,29973.84281699665,233
2025-05-09 22:59:00+00:00,29972.107582116147,29976.311945207373,29963.99737076909,29972.233395011754,384
2025-05-09 23:00:00+00:00,29970.093062605854,29970.968559476612,29965.16648472434,29970.627514737986,255
2025-05-09 23:01:00+00:00,29969.541999421,29975.789575785726,29950.241456489588,29969.076330041244,473
2025-05-09 23:02:00+00:00,29969.859400568042,29986.934894880473,29966.280204805516,29969.42828680529,828
2025-05-09 23:03:00+00:00,29970.891640725757,29984.26579848962,29965.679270921424,29968.72877456019,367
2025-05-09 23:04:00+00:00,29971.862777337315,29972.64466823098,29956.08562419711,29970.569033579628,562
2025-05-09 23:05:00+00:00,29972.34238008856,29984.864610132987,29964.433862154787,29971.825727856678,154
2025-05-09 23:06:00+00:00,29973.571825428255,29991.021698637505,29965.921592710336,29974.631053615336,619
2025-05-09 23:07:00+00:00,29973.698952853876,29980.614939953524,29961.205493679816,29973.07962058178,578
2025-05-09 23:08:00+00:00,29973.02957176806,29983.46885787822,29954.04206614345,29972.160919243943,446
2025-05-09 23:09:00+00:00,29972.354796476153,29986.615302100043,29961.459352657315,29973.069854961373,735
2025-05-09 23:10:00+00:00,29971.106886150654,29990.50977842611,29951.10953139948,29971.223515442096,894
2025-05-09 23:11:00+00:00,29970.400546025936,29989.810369662464,29961.572101528305,29969.06132014101,893
2025-05-09 23:12:00+00:00,29970.548391259497,29973.2423363275,29966.391052442676,29971.0175617077,935
2025-05-09 23:13:00+00:00,29971.842513130734,29974.805745555444,29963.04851216401,29972.557396607866,867
2025-05-09 23:14:00+00:00,29970.680499286707,29988.360913356213,29964.298760020145,29970.9081617834,623
2025-05-09 23:15:00+00:00,29971.327219497096,29976.659468535792,29962.999949025896,29970.57660407063,379
2025-05-09 23:16:00+00:00,29972.255477417348,29990.830868259203,29960.39978146991,29972.116413980253,623
2025-05-09 23:17:00+00:00,29971.940614179628,29979.82615925791,29970.137123227018,29971.4251294179,794
2025-05-09 23:18:00+00:00,29971.790713362232,29978.70076077326,29965.90023571463,29970.95459106217,880
2025-05-09 23:19:00+00:00,29972.00097315058,29972.297439648897,29958.810599545162,29970.51207933618,218
2025-05-09 23:20:00+00:00,29971.118377175186,29981.26276196442,29961.93578465224,29971.610002295867,840
2025-05-09 23:21:00+00:00,29971.375040967047,29985.87590201647,29963.85706285299,29970.830750101308,431
2025-05-09 23:22:00+00:00,29971.033413377383,29984.99544603145,29953.828146069118,29969.716043813347,692
2025-05-09 23:23:00+00:00,29970.92870679132,29982.428003689623,29960.244879065565,29970.47670395388,133
2025-05-09 23:24:00+00:00,29971.07294796957,29982.009727978566,29961.55599546536,29971.970492058954,237
2025-05-09 23:25:00+00:00,29972.288310036107,29978.201573736576,29961.88287912665,29972.059680778362,544
2025-05-09 23:26:00+00:00,29971.29374481191,29984.35018525576,29967.824466267415,29971.273330008153,923
2025-05-09 23:27:00+00:00,29969.841383975727,29984.0728438219,29957.005871552923,29970.490655536923,316
2025-05-09 23:28:00+00:00,29969.352259987685,29974.588359396053,29966.6786147665,29969.59612978374,869
2025-05-09 23:29:00+00:00,29969.629875622657,29980.9273030804,29964.639569461022,29967.79909619504,511
2025-05-09 23:30:00+00:00,29970.234277610958,29982.034052524235,29960.335176098124,29970.810922767185,514
2025-05-09 23:31:00+00:00,29968.635499186807,29983.341914912908,29954.955397326077,29967.80761568897,399
2025-05-09 23:32:00+00:00,29965.996432462198,29978.284348649453,29948.429816234322,29967.10457204,393
2025-05-09 23:33:00+00:00,29966.28767666779,29981.317622079958,29965.386089549895,29966.38252339264,894
2025-05-09 23:34:00+00:00,29967.26461141312,29971.111169521595,29957.019758379633,29967.232064154505,502
2025-05-09 23:35:00+00:00,29968.28697227712,29982.529716796547,29950.852965843693,29968.317220110916,646
2025-05-09 23:36:00+00:00,29967.837720741503,29973.334396182938,29957.75382266072,29967.871588088285,488
2025-05-09 23:37:00+00:00,29968.696354514057,29983.704649464657,29958.855668504988,29968.847677448237,844
2025-05-09 23:38:00+00:00,29967.250607055623,29982.188945968708,29951.779457706783,29967.304968378634,768
2025-05-09 23:39:00+00:00,29967.064108126735,29976.291948779777,29954.763817543197,29967.766449862433,741
2025-05-09 23:40:00+00:00,29967.25461912633,29970.37155730635,29965.80324086538,29966.675511386922,696
2025-05-09 23:41:00+00:00,29966.99907254712,29982.435425083793,29954.459138074446,29968.256871137193,995
2025-05-09 23:42:00+00:00,29966.31535243318,29979.794539301398,29952.06074541725,29965.509280848677,432
2025-05-09 23:43:00+00:00,29965.256192390174,29968.056569191725,29951.39248249898,29965.150526547604,938
2025-05-09 23:44:00+00:00,29964.92825942942,29979.865108758015,29954.26979182257,29964.6379623907,317
2025-05-09 23:45:00+00:00,29964.550918929082,29965.362665804845,29960.4882145618,29964.085927451666,964
2025-05-09 23:46:00+00:00,29964.88723966673,29977.709092116584,29956.800180129034,29963.780692002674,956
2025-05-09 23:47:00+00:00,29964.590366247758,29974.75178233107,29958.867338319207,29964.18435373986,823
2025-05-09 23:48:00+00:00,29962.42014772163,29970.23126067803,29953.212272275923,29962.592453720572,470
2025-05-09 23:49:00+00:00,29961.774773003883,29963.07141028707,29944.425215241085,29961.612245179895,839
2025-05-09 23:50:00+00:00,29961.963290399366,29964.02898422259,29945.49235918967,29962.948537584078,530
2025-05-09 23:51:00+00:00,29961.87877087795,29974.614221358344,29945.83742386388,29960.675023161013,503
2025-05-09 23:52:00+00:00,29962.049662659385,29975.968597042487,29945.2600067848,29961.943904867134,685
2025-05-09 23:53:00+00:00,29962.090284849743,29966.50934459178,29945.861174086844,29961.17905028527,491
2025-05-09 23:54:00+00:00,29962.299462148036,29976.43051511161,29953.446205954973,29961.91876484332,985
2025-05-09 23:55:00+00:00,29962.236174470017,29963.858226840344,29960.339276448893,29960.66023072548,605
2025-05-09 23:56:00+00:00,29962.720703015493,29976.0099606064,29949.08571747918,29962.702427350014,138
2025-05-09 23:57:00+00:00,29963.781073231483,29971.378981725247,29950.567133136206,29963.3160320922,753
2025-05-09 23:58:00+00:00,29963.047990156923,29979.207595432672,29951.785182809705,29962.476090286626,785
2025-05-09 23:59:00+00:00,29962.881292181053,29982.53739761792,29957.485925677636,29963.08751107741,818
2025-05-10 00:00:00+00:00,29965.449802844214,29967.37539261308,29962.117348459724,29967.227184663472,443
2025-05-10 00:01:00+00:00,29964.876565473034,29982.130523022155,29958.35115136707,29963.948921025556,170
2025-05-10 00:02:00+00:00,29965.18574689305,29984.872088225584,29946.582260831416,29966.87417251226,918
2025-05-10 00:03:00+00:00,29962.637855484736,29976.90822059115,29944.695356843804,29963.078521779058,836
2025-05-10 00:04:00+00:00,29962.71652577999,29973.63029120955,29950.21714756311,29963.524264457472,303
2025-05-10 00:05:00+00:00,29965.29670345697,29973.44419313154,29947.746401117125,29966.77785018386,847
2025-05-10 00:06:00+00:00,29965.25318573367,29982.71650145192,29946.70356946165,29965.7363013988,415
2025-05-10 00:07:00+00:00,29964.718968566856,29980.988839390866,29953.776729252168,29963.759687263715,610
2025-05-10 00:08:00+00:00,29964.038700326793,29968.22846216735,29954.61891230113,29964.10693797055,147
2025-05-10 00:09:00+00:00,29963.920314098854,29977.508908141554,29946.151147149583,29964.023295646974,842
2025-05-10 00:10:00+00:00,29965.665686223307,29973.61125683764,29958.167193685436,29964.16922824567,718
2025-05-10 00:11:00+00:00,29966.21431466333,29974.127829647132,29954.325939396753,29964.649579823697,456
2025-05-10 00:12:00+00:00,29966.747750120197,29968.538882089266,29956.45956394251,29966.885419628878,643
2025-05-10 00:13:00+00:00,29966.703199563966,29986.22765107986,29964.188876400895,29966.97925663902,909
2025-05-10 00:14:00+00:00,29967.18408011271,29981.775803643166,29949.547922018806,29967.71789920434,700
2025-05-10 00:15:00+00:00,29967.504702736813,29987.07460298665,29963.295775981853,29965.98375151293,997
2025-05-10 00:16:00+00:00,29966.677622122777,29974.86092029869,29955.855443119253,29968.042948050806,584
2025-05-10 00:17:00+00:00,29966.334054482548,29986.098278580233,29964.375085030573,29965.310474606165,765
2025-05-10 00:18:00+00:00,29966.316682024168,29969.2925913318,29960.32543547166,29964.415806203535,123
2025-05-10 00:19:00+00:00,29965.7476966684,29985.649444111634,29962.685611645895,29965.01641491476,995
2025-05-10 00:20:00+00:00,29964.598793109235,29977.50478911367,29952.232363388128,29963.659907811114,324
2025-05-10 00:21:00+00:00,29963.20927278298,29982.467704792856,29952.271901738943,29964.265793928906,527
2025-05-10 00:22:00+00:00,29962.883477858013,29971.094205379566,29959.456100849406,29963.21043262257,226
2025-05-10 00:23:00+00:00,29961.78180414341,29979.23859623857,29958.791666486908,29962.203539344653,483
2025-05-10 00:24:00+00:00,29962.78143614721,29967.37895025991,29957.707823709497,29962.67383400777,897
2025-05-10 00:25:00+00:00,29962.84467777213,29977.38465775224,29960.21013559771,29964.680460834086,586
2025-05-10 00:26:00+00:00,29964.01901200659,29977.389102809804,29953.447622298863,29964.5374727983,507
2025-05-10 00:27:00+00:00,29964.00589812893,29973.470210983807,29963.183532069135,29963.938071342982,463
2025-05-10 00:28:00+00:00,29965.79435538906,29970.18847749071,29948.630625330145,29964.2209576423,770
2025-05-10 00:29:00+00:00,29965.985001699653,29985.19666282495,29948.936588091176,29964.579203682,177
2025-05-10 00:30:00+00:00,29966.798078096843,29976.37779838463,29956.374718300816,29968.563521572054,888
2025-05-10 00:31:00+00:00,29965.53120575752,29983.296803842542,29957.97651774479,29965.934225610625,298
2025-05-10 00:32:00+00:00,29965.564396845893,29983.331925807808,29954.540613409863,29967.085052701907,392
2025-05-10 00:33:00+00:00,29966.619322335555,29982.63114289623,29960.33865172672,29967.417364296518,461
2025-05-10 00:34:00+00:00,29967.435805181078,29977.537176362523,29959.96495950455,29966.80546112787,271
2025-05-10 00:35:00+00:00,29965.08461343473,29969.84366545748,29964.75284550974,29966.41933633187,794
2025-05-10 00:36:00+00:00,29963.657261895536,29982.230939598285,29951.57334928678,29965.95362046096,894
2025-05-10 00:37:00+00:00,29964.037342553776,29973.590484842138,29952.611363904234,29965.53995255771,800
2025-05-10 00:38:00+00:00,29964.20041598757,29970.12934602898,29954.106008348786,29966.02480132381,735
2025-05-10 00:39:00+00:00,29965.458774421466,29972.460111205564,29964.491157153792,29966.42943084396,459
2025-05-10 00:40:00+00:00,29965.345304571692,29971.730832732395,29954.545112365206,29966.029293876254,479
2025-05-10 00:41:00+00:00,29965.56400445536,29977.639787280452,29963.86601877013,29965.981222809583,885
2025-05-10 00:42:00+00:00,29965.04355904728,29981.58584180699,29947.519732528435,29964.887885937944,302
2025-05-10 00:43:00+00:00,29964.162675869575,29982.36548899253,29954.349233856297,29964.296200246135,430
2025-05-10 00:44:00+00:00,29963.43483287926,29980.842198945382,29945.901617490967,29963.48573314423,168
2025-05-10 00:45:00+00:00,29964.405813385212,29983.08337545853,29953.83489000264,29963.1490499975,878
2025-05-10 00:46:00+00:00,29965.40210155756,29971.072140202454,29948.168539446106,29965.74191009559,167
2025-05-10 00:47:00+00:00,29963.446825887397,29977.2384552169,29958.60713874331,29963.77900626998,719
2025-05-10 00:48:00+00:00,29963.449881590597,29979.21164422014,29949.45160423964,29963.358764875415,413
2025-05-10 00:49:00+00:00,29966.20755396094,29984.08289437922,29962.041654901856,29965.985749161584,650
2025-05-10 00:50:00+00:00,29964.693069949277,29974.266262925157,29952.02813632808,29965.057464247937,838
2025-05-10 00:51:00+00:00,29966.344961825966,29967.897095912424,29955.0408740367,29967.148050086915,282
2025-05-10 00:52:00+00:00,29964.58727231806,29976.148369572245,29948.66943124286,29964.647167572453,819
2025-05-10 00:53:00+00:00,29965.43037715115,29966.59721954122,29946.677917325054,29965.951229933664,737
2025-05-10 00:54:00+00:00,29965.56723915485,29979.23864117845,29946.38129700476,29964.382490998465,909
2025-05-10 00:55:00+00:00,29967.088489692254,29970.549436909605,29950.48559275398,29968.01245374618,231
2025-05-10 00:56:00+00:00,29966.510330836423,29981.341894133846,29958.932445048024,29966.576771550805,644
2025-05-10 00:57:00+00:00,29966.24345107534,29978.141710584958,29957.778712379884,29965.61484887002,688
2025-05-10 00:58:00+00:00,29966.095731796413,29974.55072166934,29946.787243972456,29965.588249217075,944
2025-05-10 00:59:00+00:00,29966.720058500192,29967.860393797884,29953.089017706712,29967.701034023412,472
2025-05-10 01:00:00+00:00,29967.667661706466,29978.093072014344,29961.11352562088,29969.40582201301,111
2025-05-10 01:01:00+00:00,29968.116204158872,29978.74592310131,29949.892277201816,29969.230561327528,989
2025-05-10 01:02:00+00:00,29967.52409246027,29975.722175556606,29963.209186064232,29968.235437553372,735
2025-05-10 01:03:00+00:00,29967.855284098925,29969.60448989746,29956.407853417,29968.131824615954,595
2025-05-10 01:04:00+00:00,29967.456518238727,29977.683876648098,29954.69931873879,29968.211095954182,978
2025-05-10 01:05:00+00:00,29966.37484969729,29978.581597174416,29949.050428153234,29966.90857271731,393
2025-05-10 01:06:00+00:00,29966.485016155544,29968.95729957091,29950.01923832492,29965.386001471736,798
2025-05-10 01:07:00+00:00,29967.51883165656,29982.62045982909,29961.43156836007,29967.61768168659,926
2025-05-10 01:08:00+00:00,29967.614883938917,29977.13906512994,29948.313659574003,29966.662906239944,505
2025-05-10 01:09:00+00:00,29965.464654711937,29983.625741088446,29961.86982234453,29965.79203924207,977
2025-05-10 01:10:00+00:00,29964.225792091347,29975.505142784456,29954.03834609632,29963.256865957883,520
2025-05-10 01:11:00+00:00,29962.48938891765,29976.063733464354,29943.4310660369,29963.02999694998,950
2025-05-10 01:12:00+00:00,29964.26398663328,29983.173791954763,29959.566449664573,29964.11462072465,552
2025-05-10 01:13:00+00:00,29963.55238409147,29970.552131752316,29944.214704353508,29964.49117247156,888
2025-05-10 01:14:00+00:00,29963.607978231095,29981.651749458375,29955.84754140804,29964.08469977055,931
2025-05-10 01:15:00+00:00,29962.29069991613,29972.74662381172,29949.623782485723,29962.541414815383,599
2025-05-10 01:16:00+00:00,29962.635498738706,29981.877465843245,29946.342693274033,29961.57356066382,634
2025-05-10 01:17:00+00:00,29961.81882024051,29963.561200553355,29952.373946847438,29962.875086416003,657
2025-05-10 01:18:00+00:00,29959.96224444553,29977.36917810304,29948.079535522847,29961.147955445816,210
2025-05-10 01:19:00+00:00,29961.05655167489,29977.89720343566,29951.285192999083,29961.77097821116,154
2025-05-10 01:20:00+00:00,29960.733136154497,29977.060549504637,29943.15787847258,29960.95101531245,595
2025-05-10 01:21:00+00:00,29960.28440547644,29976.370566543854,29953.35358600072,29959.465782439434,640
