timestamp,open,high,low,close,volume
2018-07-06 13:21:00+00:00,29999.10228722558,30011.616017722674,29989.34169740727,29999.51757335694,120
2018-07-07 01:21:00+00:00,29998.811867217042,30009.411034324152,29981.42398445095,29998.669089076167,872
2018-07-07 13:21:00+00:00,29997.97301322325,29999.868716825466,29983.817761253493,29998.93354684204,492
2018-07-08 01:21:00+00:00,29999.332945715643,30010.565709005557,29979.968505670528,29998.871988697254,232
2018-07-08 13:21:00+00:00,30000.21561421636,30004.470540785554,29998.064080420856,29999.502972057362,958
2018-07-09 01:21:00+00:00,29999.474828019705,30000.94542710154,29992.051082548038,30001.148944116063,551
2018-07-09 13:21:00+00:00,30000.427046554465,30009.520866683597,29984.903032831375,30001.984992888338,594
2018-07-10 01:21:00+00:00,30002.280523428704,30004.79334000625,29999.150970917355,30002.8094106791,623
2018-07-10 13:21:00+00:00,30002.045640436663,30018.40454008211,29994.151791472403,30003.652583787047,988
2018-07-11 01:21:00+00:00,30001.714634439293,30010.400255665216,29988.527970902174,30003.18623627756,490
2018-07-11 13:21:00+00:00,30002.892683919956,30016.054101915466,29988.218526154942,30001.384797792536,750
2018-07-12 01:21:00+00:00,30000.931071914194,30001.813721468025,29985.35134376379,30001.082458891644,736
2018-07-12 13:21:00+00:00,30001.138653630434,30016.576183470144,30000.896455219867,30000.68904502339,858
2018-07-13 01:21:00+00:00,30001.11807151163,30005.440841668584,29984.040651171083,30001.685356142327,803
2018-07-13 13:21:00+00:00,30001.6004785361,30015.809585931438,29986.223408478472,30001.45163755503,183
2018-07-14 01:21:00+00:00,29999.87310434976,29999.907376080504,29998.099146202676,29999.656697612125,615
2018-07-14 13:21:00+00:00,30000.07058025599,30002.13941835215,29996.321902167958,29999.58843766383,969
2018-07-15 01:21:00+00:00,29999.835424305908,30006.698837540294,29981.66127015688,30001.36391523413,586
2018-07-15 13:21:00+00:00,30000.338018651473,30003.490577481214,29988.350738908364,30000.287435251408,551
2018-07-16 01:21:00+00:00,30001.74018579834,30021.191956990016,29991.826714171308,30003.351163915053,373
2018-07-16 13:21:00+00:00,30001.89955597638,30008.293880336394,29999.22942394829,30001.64660589177,244
2018-07-17 01:21:00+00:00,30001.844999622244,30018.825914978726,29997.33288017182,30001.317115957714,417
2018-07-17 13:21:00+00:00,30002.84188720414,30004.553971561098,29998.890897312463,30001.133247213,405
2018-07-18 01:21:00+00:00,30001.43121486142,30019.49167452612,29993.136275195728,30001.518208128677,814
2018-07-18 13:21:00+00:00,30001.783268695348,30005.997596301346,30000.720744715407,30000.219610456934,443
2018-07-19 01:21:00+00:00,30001.928423598678,30014.48553947275,29996.306470076674,30002.13204540783,339
2018-07-19 13:21:00+00:00,30001.597002191415,30013.154728012476,29991.84006606548,30002.685840243405,591
2018-07-20 01:21:00+00:00,30002.797230351567,30016.948111799826,29999.66482155278,30000.841516655386,261
2018-07-20 13:21:00+00:00,30004.40379732293,30010.031710738032,29990.490540992174,30006.7131771135,205
2018-07-21 01:21:00+00:00,30003.24207312707,30010.195533569164,29991.922102470977,30003.135347545263,164
2018-07-21 13:21:00+00:00,30003.665148456595,30008.052951896167,29991.207176510085,30004.50672265996,343
2018-07-22 01:21:00+00:00,30003.318724452558,30022.114358285864,29996.805388842287,30000.782723987344,891
2018-07-22 13:21:00+00:00,30004.623376991207,30010.87171784801,29992.384420086102,30001.525180200108,936
2018-07-23 01:21:00+00:00,30005.713667658238,30009.19079059969,29998.092004175214,30005.522179172855,809
2018-07-23 13:21:00+00:00,30004.388605746262,30014.621399234547,29984.41926566159,30003.78119861473,963
2018-07-24 01:21:00+00:00,30004.93513297933,30007.107872066095,29988.37423464859,30003.774890413853,514
2018-07-24 13:21:00+00:00,30005.253248842164,30009.399709360205,29987.973648197312,30003.751285916736,898
2018-07-25 01:21:00+00:00,30005.636444885145,30006.574364636275,29990.007630288204,30005.652490551023,346
2018-07-25 13:21:00+00:00,30006.360117646604,30021.536579954078,29995.282504197134,30004.90486393171,512
2018-07-26 01:21:00+00:00,30007.595982013157,30013.63960106864,30006.9996833478,30010.03211357169,684
2018-07-26 13:21:00+00:00,30006.899918855383,30011.5203839241,29990.865231090575,30008.54069598018,703
2018-07-27 01:21:00+00:00,30006.283067816454,30012.10735104595,30000.060675253353,30005.413598878138,925
2018-07-27 13:21:00+00:00,30007.150009523968,30013.312922198475,29993.650801213033,30007.560212615914,662
2018-07-28 01:21:00+00:00,30007.60160369708,30012.65664670543,29998.666286800035,30006.579540161365,535
2018-07-28 13:21:00+00:00,30009.01895392464,30009.984943559943,29999.721619301854,30008.571427275372,826
2018-07-29 01:21:00+00:00,30009.098959481424,30027.91135659263,30001.549360341673,30009.658947270153,286
2018-07-29 13:21:00+00:00,30009.200029811607,30021.00329590699,29995.911038164984,30010.0352408146,902
2018-07-30 01:21:00+00:00,30010.14468412313,30027.234226693905,30006.075809501323,30009.49444020395,286
2018-07-30 13:21:00+00:00,30010.005600255092,30013.869125557034,29993.603971345692,30009.891048808273,341
2018-07-31 01:21:00+00:00,30010.633180524226,30014.020290719513,30007.757783361165,30009.9645377477,863
2018-07-31 13:21:00+00:00,30011.049232899448,30026.16931804581,29998.758972169395,30011.93821634967,828
2018-08-01 01:21:00+00:00,30010.524393169304,30011.49850915022,30005.69104855436,30010.509155451036,208
2018-08-01 13:21:00+00:00,30009.023321081404,30016.315628202483,30007.460163668267,30011.953052092587,147
2018-08-02 01:21:00+00:00,30010.261733276697,30025.013937811113,30004.085001848758,30008.386156032702,195
2018-08-02 13:21:00+00:00,30008.555268496573,30021.24501843433,29996.66561347084,30008.43764486193,744
2018-08-03 01:21:00+00:00,30009.224628374825,30021.458161068316,30005.667827044388,30007.607431362183,845
2018-08-03 13:21:00+00:00,30010.029205147326,30013.240550356306,29990.23640714917,30008.52395969244,132
2018-08-04 01:21:00+00:00,30009.208250695447,30013.192435700028,29996.87745495946,30009.078182205838,389
2018-08-04 13:21:00+00:00,30009.952631661192,30029.64799079934,29996.087114169746,30008.848662770295,847
2018-08-05 01:21:00+00:00,30010.480728708277,30018.46264617463,29999.196019215902,30009.511903409555,117
2018-08-05 13:21:00+00:00,30012.178163730936,30018.525307952,29997.160705526963,30013.68551568795,339
2018-08-06 01:21:00+00:00,30011.64276763476,30026.581646245995,30001.77542266429,30011.50866837848,187
2018-08-06 13:21:00+00:00,30011.079952625336,30030.865825169898,30001.600655946204,30010.146688911067,980
2018-08-07 01:21:00+00:00,30011.598789991356,30023.101599592464,29994.8998921866,30011.163278366905,728
2018-08-07 13:21:00+00:00,30011.631311864126,30019.47438915424,29994.942612319486,30013.14780504374,665
2018-08-08 01:21:00+00:00,30011.002548022447,30020.637312160445,30001.071177786587,30011.48818019038,428
2018-08-08 13:21:00+00:00,30009.611733570764,30019.501072766532,29995.99796023295,30008.67558877967,426
2018-08-09 01:21:00+00:00,30010.744766000968,30018.416414111816,29991.1558449502,30010.670988396752,819
2018-08-09 13:21:00+00:00,30011.269482399934,30011.979476532357,29995.48799210469,30011.80486221706,808
2018-08-10 01:21:00+00:00,30010.658670353725,30022.824262102673,30009.68630158931,30010.214133644346,911
2018-08-10 13:21:00+00:00,30009.447755511,30028.290136775995,29992.635529707462,30009.544897497053,220
2018-08-11 01:21:00+00:00,30009.960705508194,30028.211296781214,30007.094264302366,30011.023535217068,838
2018-08-11 13:21:00+00:00,30010.237088680715,30021.9944941858,29990.492996112785,30010.314713822158,901
2018-08-12 01:21:00+00:00,30010.137625131065,30017.6787761791,30004.78406338762,30009.035202574993,634
2018-08-12 13:21:00+00:00,30011.14700447066,30018.387785440387,30004.24209951351,30010.602308663958,982
2018-08-13 01:21:00+00:00,30012.125882899996,30030.146650406834,30006.39949493024,30013.419640587632,493
2018-08-13 13:21:00+00:00,30012.460186047752,30013.560753078807,29996.8173036235,30013.647332498695,362
2018-08-14 01:21:00+00:00,30012.55256699772,30020.61092719273,30008.329106857607,30012.252530731825,711
2018-08-14 13:21:00+00:00,30014.02278424259,30027.894590231914,30000.84097942404,30013.48543017092,206
2018-08-15 01:21:00+00:00,30013.752832892238,30016.638574541703,30005.397943887532,30012.935348531966,571
2018-08-15 13:21:00+00:00,30013.203825992998,30021.6326597957,30004.41185256902,30014.218642289798,547
2018-08-16 01:21:00+00:00,30013.129121556765,30024.91087869117,30008.246268641364,30011.934888201635,695
2018-08-16 13:21:00+00:00,30012.751794984397,30017.66307522434,29995.14972377754,30012.628321875076,464
2018-08-17 01:21:00+00:00,30013.59076754358,30014.211589602277,30010.226244929083,30014.347546194862,908
2018-08-17 13:21:00+00:00,30015.536466831538,30022.778828927312,30007.01720336019,30013.721551130744,391
2018-08-18 01:21:00+00:00,30014.932498845355,30023.84699275568,30010.65527292173,30015.643400041616,226
2018-08-18 13:21:00+00:00,30012.897764048637,30015.498139639345,30006.1553114884,30012.611258571716,296
2018-08-19 01:21:00+00:00,30012.80848201592,30016.412251383328,29993.439477954278,30011.545577013043,687
2018-08-19 13:21:00+00:00,30012.30046345547,30029.06224244739,30011.136240363827,30012.88857340739,145
2018-08-20 01:21:00+00:00,30011.109847398235,30014.77961330745,29994.137968077364,30009.292894527614,633
2018-08-20 13:21:00+00:00,30011.519996170005,30019.598680820756,30009.907126928156,30012.475479771005,208
2018-08-21 01:21:00+00:00,30010.914150154644,30021.912517094243,29998.988996500404,30010.58929338844,389
2018-08-21 13:21:00+00:00,30010.301673747894,30028.437732060593,30001.414838000444,30008.45535955333,113
2018-08-22 01:21:00+00:00,30009.848426981767,30021.893515587548,30004.943938336448,30009.53863107908,597
2018-08-22 13:21:00+00:00,30010.771244859847,30016.663701543217,30009.544888505465,30011.692239529646,110
2018-08-23 01:21:00+00:00,30011.676087639746,30020.28761631124,29997.394060174716,30011.20413261482,241
2018-08-23 13:21:00+00:00,30012.849123030992,30020.891177634563,29994.124063754192,30014.644969964538,324
2018-08-24 01:21:00+00:00,30014.01078599206,30014.102399213374,30013.711834320766,30013.67645275177,869
2018-08-24 13:21:00+00:00,30014.670790532615,30026.276709651993,30000.753373918793,30015.5854677944,573
2018-08-25 01:21:00+00:00,30011.6369141432,30016.283263389825,29997.970440724766,30012.813251329895,316
2018-08-25 13:21:00+00:00,30012.58231464502,30025.34283768434,30010.11154605311,30013.23253874386,541
2018-08-26 01:21:00+00:00,30012.268240172158,30013.563987241858,29994.881001702062,30011.842340139036,566
2018-08-26 13:21:00+00:00,30013.248085764524,30024.5407720591,30005.212303080058,30010.157101359604,606
2018-08-27 01:21:00+00:00,30013.65212492719,30017.164818220863,29995.336616221157,30013.45167600052,380
2018-08-27 13:21:00+00:00,30012.714648425655,30024.47528256759,30009.57070589529,30012.568487174743,384
2018-08-28 01:21:00+00:00,30011.363698312292,30030.50374370106,29991.975014089385,30012.341740822198,466
2018-08-28 13:21:00+00:00,30010.75857726947,30022.69226060047,30000.229144880606,30011.365462318532,323
2018-08-29 01:21:00+00:00,30010.07724130843,30028.17143866467,29990.915775705613,30010.169862518353,460
2018-08-29 13:21:00+00:00,30010.134511665594,30011.93171538074,30001.581064243477,30009.815166729713,810
2018-08-30 01:21:00+00:00,30011.37069502952,30021.99448792865,30007.19185229958,30011.698071077513,310
2018-08-30 13:21:00+00:00,30011.82174662108,30024.36118580918,30010.85172694762,30012.184320265646,649
2018-08-31 01:21:00+00:00,30009.742309683097,30023.645599712505,30008.90488009079,30009.780849572435,836
2018-08-31 13:21:00+00:00,30011.173648299628,30012.11035840333,29991.535909499074,30010.673948368127,684
2018-09-01 01:21:00+00:00,30012.76474979732,30017.45225791813,30002.092097144203,30011.958268298713,279
2018-09-01 13:21:00+00:00,30013.765772751703,30020.753249167978,30012.26634451853,30012.05401003249,828
2018-09-02 01:21:00+00:00,30013.16737815152,30020.79420566746,29999.216086864344,30011.50973551172,849
2018-09-02 13:21:00+00:00,30014.267385966188,30017.818465316424,30003.4201300571,30014.63025753029,163
2018-09-03 01:21:00+00:00,30013.96831717199,30028.86772199349,29995.83055141565,30011.726902563038,445
2018-09-03 13:21:00+00:00,30015.46945746479,30029.65613463267,29996.25810322772,30014.19784545506,485
2018-09-04 01:21:00+00:00,30013.6999402069,30020.480950996436,30000.366328047578,30011.6030403516,174
2018-09-04 13:21:00+00:00,30013.480097552023,30020.23485281119,29997.86312106806,30014.663537726166,271
2018-09-05 01:21:00+00:00,30014.965855736693,30032.595846443626,29995.10401908929,30014.53927881124,805
2018-09-05 13:21:00+00:00,30013.771105531192,30027.235345239915,30006.041846077533,30014.072101474358,475
2018-09-06 01:21:00+00:00,30014.529860080573,30029.285591450927,30011.03358806789,30015.70911965275,909
2018-09-06 13:21:00+00:00,30014.88650814025,30020.876199247672,29997.60918240523,30014.774481285833,936
2018-09-07 01:21:00+00:00,30015.553534105715,30032.23463448503,30006.00223356808,30014.705901124733,350
2018-09-07 13:21:00+00:00,30016.187817732505,30029.73288911044,30013.269921790372,30016.36920821753,144
2018-09-08 01:21:00+00:00,30016.37040432037,30035.38601780538,30000.394480672334,30014.080609747125,710
2018-09-08 13:21:00+00:00,30015.04428673577,30032.178193006377,30002.02000639838,30013.111090041733,994
2018-09-09 01:21:00+00:00,30016.86423063093,30035.791273257502,29998.065753310282,30015.18466205564,518
2018-09-09 13:21:00+00:00,30017.17866314042,30030.16875177062,30003.60388875554,30016.843965335,663
2018-09-10 01:21:00+00:00,30015.322507744375,30031.654540642834,30006.9740566215,30015.49319451116,835
2018-09-10 13:21:00+00:00,30015.38659862792,30021.518733906985,30010.389080204906,30015.2894328862,605
2018-09-11 01:21:00+00:00,30013.796660321834,30029.742294483,30009.093704383733,30013.965509478097,579
2018-09-11 13:21:00+00:00,30014.88826992193,30028.63080744344,30004.12037805198,30014.685723977407,532
2018-09-12 01:21:00+00:00,30013.230944819774,30021.264054327607,30002.416019053686,30012.534234236766,546
2018-09-12 13:21:00+00:00,30012.480927412704,30021.859057298843,30009.832035440922,30012.236775760346,149
2018-09-13 01:21:00+00:00,30011.11097201259,30012.92914030877,30001.09769482829,30009.159972548652,272
2018-09-13 13:21:00+00:00,30009.671411239276,30015.35823817725,29994.852702511875,30010.985872711095,436
2018-09-14 01:21:00+00:00,30009.251938904166,30016.62878262005,30000.219393973915,30009.267041941428,749
2018-09-14 13:21:00+00:00,30008.556121870064,30026.995575273966,29989.95752997809,30008.758882648563,882
2018-09-15 01:21:00+00:00,30009.645853881826,30016.021792383886,30008.448157715768,30009.678317829002,306
2018-09-15 13:21:00+00:00,30010.312629108706,30026.29301317816,30001.453546350996,30011.19410978555,777
2018-09-16 01:21:00+00:00,30009.364536834495,30024.22936319748,30006.027493043697,30010.284003179466,251
2018-09-16 13:21:00+00:00,30010.177053425825,30028.04901296246,29991.4764636114,30009.879975645606,186
2018-09-17 01:21:00+00:00,30009.79991881563,30016.29901170745,29993.280229113414,30010.107731650693,884
2018-09-17 13:21:00+00:00,30008.620451190967,30015.250893007124,29990.191913243933,30008.530370996625,922
2018-09-18 01:21:00+00:00,30008.70752777953,30026.206075969036,30004.96606493938,30008.793505673515,390
2018-09-18 13:21:00+00:00,30006.866356942894,30013.374517441604,29996.702800087063,30007.715522010505,342
2018-09-19 01:21:00+00:00,30007.958139833554,30016.5362794973,30004.106086382963,30008.41818278917,963
2018-09-19 13:21:00+00:00,30006.84320214755,30011.222901851816,29993.07255873577,30005.926831561872,562
2018-09-20 01:21:00+00:00,30006.087453677046,30019.2143420598,29994.783489384878,30005.196092742462,667
2018-09-20 13:21:00+00:00,30005.974655196398,30020.142968599874,29999.757557350236,30005.73781826953,805
2018-09-21 01:21:00+00:00,30006.88391427426,30024.82271044434,30004.796484203514,30004.44639918914,835
2018-09-21 13:21:00+00:00,30007.501691571048,30025.90618921539,29991.55129073929,30005.407342270617,213
2018-09-22 01:21:00+00:00,30007.642933970048,30009.75111166901,30006.845712536862,30007.85760301412,700
2018-09-22 13:21:00+00:00,30005.322742346678,30016.660345065717,29996.67881317168,30005.214446006263,210
2018-09-23 01:21:00+00:00,30005.452139803263,30016.648688396428,29999.13656572051,30005.342692925067,955
2018-09-23 13:21:00+00:00,30006.067719048544,30010.28466640704,30003.88747751827,30004.698286913284,841
2018-09-24 01:21:00+00:00,30008.04881350393,30020.510792610738,30006.705293521263,30008.762043610674,501
2018-09-24 13:21:00+00:00,30006.84988765033,30024.75511588076,30004.88646577265,30005.858643686162,497
2018-09-25 01:21:00+00:00,30008.55605468356,30028.23918903089,29998.209921921447,30006.757049648888,473
2018-09-25 13:21:00+00:00,30010.192241644232,30020.483716474024,29993.139350404566,30010.91790326683,448
2018-09-26 01:21:00+00:00,30009.658434762572,30012.003035313228,30000.953811064082,30008.827086752513,580
2018-09-26 13:21:00+00:00,30008.585065358944,30019.3167832998,29996.76800019608,30007.14026600837,135
2018-09-27 01:21:00+00:00,30007.285051471565,30022.460587683658,30006.236050727854,30007.666099032864,222
2018-09-27 13:21:00+00:00,30005.642117544074,30013.36219776055,29993.399009831606,30005.429589759176,535
2018-09-28 01:21:00+00:00,30005.088495580796,30006.40582423564,30002.29486612956,30006.051670637888,143
2018-09-28 13:21:00+00:00,30005.34194742459,30010.794797152543,30000.00717723422,30006.70157228687,998
2018-09-29 01:21:00+00:00,30005.433126309355,30009.649542868472,29988.56134143206,30005.45953564316,144
2018-09-29 13:21:00+00:00,30004.93307352212,30020.8968155563,29997.828008876397,30003.004881684632,317
2018-09-30 01:21:00+00:00,30005.644295580718,30011.707412977365,29989.038274675713,30005.115488145493,923
2018-09-30 13:21:00+00:00,30004.612067754108,30008.09741233754,29996.548760379013,30003.828829438145,557
2018-10-01 01:21:00+00:00,30005.47735144923,30010.86134159695,29992.35203013683,30003.77231418635,161
2018-10-01 13:21:00+00:00,30006.543895129067,30022.82931841426,30003.8376960217,30006.782976886443,590
2018-10-02 01:21:00+00:00,30005.493435834214,30021.06734764566,30002.41975100112,30006.316743625146,166
2018-10-02 13:21:00+00:00,30006.11922571705,30006.75172692972,30002.77090407127,30006.454577441622,484
2018-10-03 01:21:00+00:00,30006.442144365672,30019.177684928905,29991.98952337386,30006.226256751892,205
2018-10-03 13:21:00+00:00,30005.793370899504,30012.101465465472,30003.32093841914,30003.763452697054,937
2018-10-04 01:21:00+00:00,30005.1087164531,30021.047159870966,29995.23418285195,30005.763891821134,458
2018-10-04 13:21:00+00:00,30004.268645930253,30005.255006192387,29989.758223431778,30006.64183276204,329
2018-10-05 01:21:00+00:00,30003.86810782344,30011.432403561463,29989.058932480886,30004.24975675995,550
2018-10-05 13:21:00+00:00,30003.84828931101,30013.297063161957,29991.95954650946,30003.248586605445,482
2018-10-06 01:21:00+00:00,30002.1012068388,30020.63527689849,29991.049932507824,30000.91966040188,843
2018-10-06 13:21:00+00:00,30002.4126477971,30020.84149144805,29985.232156449056,30003.118299215635,177
2018-10-07 01:21:00+00:00,30001.611876505718,30017.039882506997,29988.98596978083,30001.698015271133,608
2018-10-07 13:21:00+00:00,30002.016881764666,30011.575001055844,29982.77394937226,30003.313786454255,608
2018-10-08 01:21:00+00:00,30002.219006912466,30020.009492561658,29995.731733456607,30000.71871550424,691
2018-10-08 13:21:00+00:00,30003.52824128438,30009.307084239852,29984.746599615333,30002.663770349125,742
2018-10-09 01:21:00+00:00,30003.52322701714,30020.722025281284,29993.876374910487,30003.77280448375,936
2018-10-09 13:21:00+00:00,30002.4915973876,30013.042727047574,29987.330604525283,30002.026856841178,418
2018-10-10 01:21:00+00:00,30001.9881706082,30016.7488383582,29997.43031330161,30003.099002887713,880
2018-10-10 13:21:00+00:00,30000.630816126573,30015.069556587376,29993.824606853716,29999.42737367975,244
2018-10-11 01:21:00+00:00,30000.77850686861,30009.782532343073,29991.445792945036,30002.508935520967,491
2018-10-11 13:21:00+00:00,30001.11844571548,30006.59423552663,29988.26937433919,30001.417199521915,313
2018-10-12 01:21:00+00:00,30000.351414687346,30005.67013654507,29987.49049103722,29999.01252078318,211
2018-10-12 13:21:00+00:00,30000.355540656685,30001.647998459674,29987.455148049976,30000.517431964527,474
2018-10-13 01:21:00+00:00,29998.49989738483,30015.206714624015,29997.797474953357,29997.198817814282,453
2018-10-13 13:21:00+00:00,29997.639678099455,30002.851631676316,29980.88135815969,29997.01363980553,264
2018-10-14 01:21:00+00:00,29997.19749009873,30009.96490828885,29981.43149796706,29995.726417457205,416
2018-10-14 13:21:00+00:00,29998.336485010263,30009.543182986195,29995.302461053197,29999.55305323455,642
2018-10-15 01:21:00+00:00,29999.692910263948,30000.001070642338,29981.706126368492,29999.157956712726,928
2018-10-15 13:21:00+00:00,29999.926511879246,30014.334923849146,29986.72466407318,29999.4128370275,155
2018-10-16 01:21:00+00:00,30000.03069461767,30008.72415121654,29983.85874348051,30000.69771843871,937
2018-10-16 13:21:00+00:00,29998.437870139856,30003.94913452856,29978.905557734535,29998.90855128126,442
2018-10-17 01:21:00+00:00,29999.088834199585,29999.2430465098,29993.65725217082,29999.801090505352,316
2018-10-17 13:21:00+00:00,29999.796103929784,30010.046780683122,29986.229265652495,30000.32171412128,435
2018-10-18 01:21:00+00:00,29999.019016243143,30014.021252815317,29982.241320874233,29997.148459649652,603
2018-10-18 13:21:00+00:00,29999.062175910345,30018.803882243792,29991.73050480241,29998.778559852963,807
2018-10-19 01:21:00+00:00,29998.795690879375,29999.48090367048,29981.983988273445,29998.789204505738,724
2018-10-19 13:21:00+00:00,29998.89547423989,30008.55711449858,29988.968670870134,29999.211970130298,732
2018-10-20 01:21:00+00:00,29998.96725831158,30014.860710877463,29996.575394751075,29998.378264011142,782
2018-10-20 13:21:00+00:00,29999.99477627072,30001.559653133954,29991.73780267547,30000.117700318708,459
2018-10-21 01:21:00+00:00,29998.429634227366,30006.251242063317,29978.869102524703,29998.7309390828,850
2018-10-21 13:21:00+00:00,29999.41333060028,30006.96118722752,29989.33879353269,29999.797737666297,410
2018-10-22 01:21:00+00:00,29999.03308745709,30007.52123587506,29985.031778120025,30000.486532113828,718
2018-10-22 13:21:00+00:00,30001.12431253478,30015.157095377053,29982.318263353078,30000.16825876468,598
2018-10-23 01:21:00+00:00,30002.988703042236,30021.236515330183,29988.18097071079,30004.273882593516,496
2018-10-23 13:21:00+00:00,30003.838165521658,30014.658870119958,29983.920598389963,30003.392156842867,575
2018-10-24 01:21:00+00:00,30003.38143952867,30011.481700586126,29991.10755094357,30004.30887074561,773
2018-10-24 13:21:00+00:00,30003.45604567181,30013.601375896913,30002.511845594334,30005.14363634026,359
2018-10-25 01:21:00+00:00,30001.829521334137,30004.8221446681,29993.339486793364,30001.587216367403,175
2018-10-25 13:21:00+00:00,30001.927167678125,30008.91606362359,29994.462377528158,30001.11259404647,102
2018-10-26 01:21:00+00:00,30002.760070912474,30008.08478734395,30001.535872572003,30002.234785676283,862
2018-10-26 13:21:00+00:00,30002.596209877556,30018.93874481323,29989.45308340222,30002.591161906286,216
2018-10-27 01:21:00+00:00,30004.160154129855,30013.952792648393,29998.569253395523,30005.572663218336,485
2018-10-27 13:21:00+00:00,30003.83832078087,30004.992090398835,29985.131197446106,30003.696753303044,796
2018-10-28 01:21:00+00:00,30002.997170927978,30010.42996328241,29995.650854746553,30003.225565388788,218
2018-10-28 13:21:00+00:00,30001.01184989241,30010.27155410787,29991.150971727813,30001.71273987392,620
2018-10-29 01:21:00+00:00,30002.678404794748,30015.733860312055,30002.438319166933,30003.32601094539,626
2018-10-29 13:21:00+00:00,30004.63528579941,30005.47286076434,29995.166112560666,30003.656675842358,194
2018-10-30 01:21:00+00:00,30005.98185682794,30019.999406765102,29999.744831718708,30005.514962679685,353
2018-10-30 13:21:00+00:00,30006.45339517871,30017.44858941462,30000.06391336288,30005.978180163107,114
2018-10-31 01:21:00+00:00,30006.986013054513,30010.20304493128,29989.539145082723,30007.86221814614,791
2018-10-31 13:21:00+00:00,30006.03427776458,30011.819304882203,29999.557721649417,30007.537591859822,998
2018-11-01 01:21:00+00:00,30005.319827595555,30008.22560326528,30001.139487816476,30005.06603498605,212
2018-11-01 13:21:00+00:00,30003.78027472727,30005.60648726238,30002.89627368245,30003.564071667777,661
2018-11-02 01:21:00+00:00,30003.37185908072,30004.257281473714,29986.92269259992,30003.954439741196,915
2018-11-02 13:21:00+00:00,30001.58281987819,30017.55884187481,29997.99992216909,30000.756911814966,147
2018-11-03 01:21:00+00:00,30000.71124517915,30020.567849699622,29995.52058634866,30002.044645120586,991
2018-11-03 13:21:00+00:00,30000.655834662044,30001.742852943396,29992.926213656632,30000.750867108924,349
2018-11-04 01:21:00+00:00,30002.06772037262,30019.5567330963,30001.43885994575,30001.910978943375,374
2018-11-04 13:21:00+00:00,30002.668238101633,30009.65888064839,29993.46473519569,30002.886773280425,737
2018-11-05 01:21:00+00:00,30001.906723803466,30003.804383093957,29999.36887765056,30000.746128722887,186
2018-11-05 13:21:00+00:00,30002.27840711048,30021.15917440021,29991.495207725937,30002.267934106778,116
2018-11-06 01:21:00+00:00,30001.001497054247,30008.68377922208,29993.54534118891,30001.113747123334,209
2018-11-06 13:21:00+00:00,30002.140611114333,30014.857466185695,29996.51089255184,30001.462538280943,380
2018-11-07 01:21:00+00:00,30002.139520006705,30021.162679288427,29998.73107944886,30002.75744955757,267
2018-11-07 13:21:00+00:00,30001.245000566396,30019.372722966145,29994.01289598405,30001.29301453462,244
2018-11-08 01:21:00+00:00,30003.14887821776,30008.10716392347,29989.48224819426,30001.416699133217,717
2018-11-08 13:21:00+00:00,30002.559562817747,30010.331859759135,29985.467366642122,30002.62573628862,873
2018-11-09 01:21:00+00:00,30003.648269554385,30010.36865840645,30000.53632129931,30004.488546507208,620
2018-11-09 13:21:00+00:00,30004.506738132244,30008.442929652,29992.14989040835,30005.822600528267,269
2018-11-10 01:21:00+00:00,30005.76131648747,30005.842666335135,29999.50646898759,30005.73130595987,772
2018-11-10 13:21:00+00:00,30005.797277883747,30016.575580513378,30000.149377584963,30005.247765756485,944
2018-11-11 01:21:00+00:00,30006.18623518435,30011.099215493134,29992.655842720942,30005.667626927112,523
2018-11-11 13:21:00+00:00,30005.414760102405,30005.663279309578,29993.158440289953,30005.376613387303,319
2018-11-12 01:21:00+00:00,30005.527690176597,30023.07301462479,29992.35292732472,30004.83561882576,690
2018-11-12 13:21:00+00:00,30006.470180896154,30016.256468730833,29999.509588857705,30005.822611522835,525
2018-11-13 01:21:00+00:00,30007.185333070418,30018.231849347747,29992.375672223425,30005.943660257944,375
2018-11-13 13:21:00+00:00,30005.68105132747,30012.03963943635,29994.20343799837,30006.61033991719,235
2018-11-14 01:21:00+00:00,30005.138310498613,30020.943537395644,30002.556136824747,30002.83527264682,178
2018-11-14 13:21:00+00:00,30004.398718888533,30004.572621419517,29985.168471415363,30005.402248598282,389
2018-11-15 01:21:00+00:00,30003.72875557592,30019.784593836765,29987.6809348766,30004.172684813984,198
2018-11-15 13:21:00+00:00,30002.35425501427,30010.926809853165,29988.943152290165,30003.495781983274,155
2018-11-16 01:21:00+00:00,30002.691446776214,30020.17606131603,29987.922125932964,30001.792905461458,517
2018-11-16 13:21:00+00:00,30003.218801998715,30006.345858011024,29986.199094982156,30000.5999317591,850
2018-11-17 01:21:00+00:00,30004.521196838883,30011.663186432983,29985.28681912662,30004.683599701602,151
2018-11-17 13:21:00+00:00,30003.637237275012,30017.009667193946,30003.16031958803,30003.732911345356,338
2018-11-18 01:21:00+00:00,30004.230786950928,30007.52159310959,30002.88471721915,30001.958885611748,610
2018-11-18 13:21:00+00:00,30003.63175598232,30014.37414119386,29999.735239274498,30003.078169073982,623
2018-11-19 01:21:00+00:00,30003.060389053495,30022.506000601472,29991.58851118324,30004.075320266234,875
2018-11-19 13:21:00+00:00,30003.996802017784,30011.123779727674,29993.979135494665,30002.701238129783,573
2018-11-20 01:21:00+00:00,30004.0207833159,30019.931147529784,29991.8425765233,30004.44682480553,549
2018-11-20 13:21:00+00:00,30004.053284075675,30014.913628291633,29991.412693207192,30002.414761065284,772
2018-11-21 01:21:00+00:00,30005.285139156455,30011.65109285187,29986.740975595552,30006.52170572597,873
2018-11-21 13:21:00+00:00,30005.998099356922,30023.870864776425,29990.280196164458,30006.858797812798,247
2018-11-22 01:21:00+00:00,30005.818359322715,30022.014501399208,29993.860261556834,30006.31429755133,436
2018-11-22 13:21:00+00:00,30004.295150036105,30016.280297734767,29991.175752793828,30004.09504137802,908
2018-11-23 01:21:00+00:00,30002.579369242754,30009.969781745087,30001.83116911683,30001.73646479995,161
2018-11-23 13:21:00+00:00,30004.735298178504,30024.524134955598,29999.34505857431,30005.612369298065,454
2018-11-24 01:21:00+00:00,30005.40226796895,30021.52955866793,29987.621312001887,30003.990439954327,495
2018-11-24 13:21:00+00:00,30006.108888405997,30008.98625487669,29994.599133520882,30005.601595413118,887
2018-11-25 01:21:00+00:00,30006.14695946555,30025.493626816165,29994.10882638446,30007.69449838036,588
2018-11-25 13:21:00+00:00,30007.248625694574,30018.70022683523,29988.590444596997,30005.130168598702,917
2018-11-26 01:21:00+00:00,30007.279673787976,30013.042667226913,30001.480678319545,30006.91290391412,445
2018-11-26 13:21:00+00:00,30006.447009655883,30023.566964614743,29991.589839839547,30008.12496364225,804
2018-11-27 01:21:00+00:00,30008.964709258555,30025.803346755474,29994.922351176087,30010.088280920027,452
2018-11-27 13:21:00+00:00,30009.011358195956,30010.572611905838,30001.024801116942,30009.465353271917,693
2018-11-28 01:21:00+00:00,30008.74432789164,30013.39278942285,29995.871584649514,30008.895254248553,884
2018-11-28 13:21:00+00:00,30009.790576915948,30010.244215560513,29991.055218983925,30011.298705424662,924
2018-11-29 01:21:00+00:00,30011.043510106923,30013.576714842802,29997.207198357966,30010.877863941678,686
2018-11-29 13:21:00+00:00,30011.75708731692,30017.79222816335,29995.66997993138,30011.310277477973,192
2018-11-30 01:21:00+00:00,30012.717071845247,30022.690039298213,29993.892443016946,30012.12880292474,860
2018-11-30 13:21:00+00:00,30013.6909587467,30016.959516819672,30001.70568353147,30013.59628770567,864
2018-12-01 01:21:00+00:00,30014.08454025341,30031.318559861647,29999.568544021015,30013.406131826086,577
2018-12-01 13:21:00+00:00,30014.020887326646,30024.864622754212,29999.499492537685,30013.783356889133,225
2018-12-02 01:21:00+00:00,30012.506383276195,30027.10941460247,29993.335627376186,30012.0707328886,110
2018-12-02 13:21:00+00:00,30013.67595970391,30032.493263409946,30001.78028832497,30013.14142703411,180
2018-12-03 01:21:00+00:00,30014.60142566112,30017.8343702909,30009.155612851213,30015.281584153043,271
2018-12-03 13:21:00+00:00,30015.572261671034,30016.64596640625,29995.742272783904,30015.327500221803,157
2018-12-04 01:21:00+00:00,30015.958422493386,30016.44463355011,29999.28707001546,30015.32504612512,441
2018-12-04 13:21:00+00:00,30015.737656861977,30027.552367436696,30015.702165794693,30014.47392868259,921
2018-12-05 01:21:00+00:00,30015.9330907925,30018.74710761282,29996.234169080966,30014.05912092262,446
2018-12-05 13:21:00+00:00,30015.73308141898,30021.691834406225,30010.845377692352,30013.315803878926,814
2018-12-06 01:21:00+00:00,30017.0318620807,30029.31318144518,30007.91968095575,30017.57139955899,744
2018-12-06 13:21:00+00:00,30016.161721900484,30032.003624425954,30000.347122783645,30016.12021912563,816
2018-12-07 01:21:00+00:00,30016.751759991592,30028.363862648323,30014.445818326505,30017.2746709896,273
2018-12-07 13:21:00+00:00,30016.520100290443,30017.74148310408,30015.18845790895,30015.854468085927,835
2018-12-08 01:21:00+00:00,30014.484569914417,30034.373136210404,30001.531789737972,30014.075292408856,434
2018-12-08 13:21:00+00:00,30013.790590406163,30017.512060006844,29998.58606829897,30014.522190288026,970
2018-12-09 01:21:00+00:00,30015.331675578178,30022.290298962012,30004.15512684377,30016.411083551422,663
2018-12-09 13:21:00+00:00,30014.386463307204,30021.606919717346,30003.8013046568,30014.088762771877,252
2018-12-10 01:21:00+00:00,30013.376053181786,30016.076178186406,30012.65363472007,30011.952224378412,338
2018-12-10 13:21:00+00:00,30012.79870312396,30017.62066747795,30003.994827031238,30012.081902911996,534
2018-12-11 01:21:00+00:00,30014.876199964634,30015.414387120254,30009.42873305241,30014.91078923975,813
2018-12-11 13:21:00+00:00,30015.8400779455,30034.973078348507,30006.961631803668,30015.125027410188,250
2018-12-12 01:21:00+00:00,30015.9433564534,30019.79496644775,30003.398839687576,30015.736340879197,402
2018-12-12 13:21:00+00:00,30015.886802855784,30031.686350088017,30001.660961979724,30017.09904669746,178
2018-12-13 01:21:00+00:00,30015.2483489557,30034.82348590833,29999.143942463408,30016.250855855844,317
2018-12-13 13:21:00+00:00,30015.39600362058,30031.618545573285,30005.885545466925,30016.457371082684,564
2018-12-14 01:21:00+00:00,30015.495081499237,30026.7535879649,30014.358154439014,30015.554820236262,578
2018-12-14 13:21:00+00:00,30015.361845196046,30033.545640213313,30010.128082002742,30015.304113895152,596
2018-12-15 01:21:00+00:00,30014.587892125186,30018.98026395721,30004.253409181772,30015.525674770106,613
2018-12-15 13:21:00+00:00,30015.593890412398,30032.93208990085,30004.380830683946,30016.41350396668,943
2018-12-16 01:21:00+00:00,30014.52924550075,30031.19340897069,29994.83148480117,30014.166324439368,757
2018-12-16 13:21:00+00:00,30014.59959135828,30021.691294105836,30004.38504296866,30014.975337160216,371
2018-12-17 01:21:00+00:00,30014.132940122894,30026.19120875558,30006.33796825864,30014.39951536113,809
2018-12-17 13:21:00+00:00,30014.74315698819,30019.708790983575,30012.329796713544,30014.849150393966,845
2018-12-18 01:21:00+00:00,30015.282470775768,30018.346204815047,30004.238246064142,30014.53703320595,931
2018-12-18 13:21:00+00:00,30013.343794387176,30018.745796538595,30010.464175879217,30013.99373554515,217
2018-12-19 01:21:00+00:00,30013.858740921893,30023.189049005552,30007.464324457826,30015.936667230686,743
2018-12-19 13:21:00+00:00,30013.939124482404,30022.692203039365,29997.18756772146,30015.584397627328,377
2018-12-20 01:21:00+00:00,30013.219622826604,30020.27775255189,30010.476573164367,30012.208283395492,115
2018-12-20 13:21:00+00:00,30013.400228395913,30032.354297476217,30007.506951825188,30013.074384245505,831
2018-12-21 01:21:00+00:00,30011.751259573943,30024.29653086446,30002.410537713826,30012.51302670701,627
2018-12-21 13:21:00+00:00,30011.50521358458,30016.610809674425,29992.332354387054,30009.94950537193,820
2018-12-22 01:21:00+00:00,30011.83816049281,30013.183397476525,30000.742434825013,30012.246804792056,153
2018-12-22 13:21:00+00:00,30009.84986232557,30016.24758472137,30008.336720126626,30008.993472613878,581
2018-12-23 01:21:00+00:00,30010.067316323297,30013.124710215725,30009.38439284791,30011.811346642095,780
2018-12-23 13:21:00+00:00,30010.326419063407,30015.20586164074,30008.855704898902,30008.997433290773,338
2018-12-24 01:21:00+00:00,30009.226881744293,30018.31098064199,30002.03914879362,30008.92766760311,872
2018-12-24 13:21:00+00:00,30009.49831311463,30025.91097912228,30000.990631144934,30009.259417475583,617
2018-12-25 01:21:00+00:00,30007.602202210604,30017.21832568972,29988.88312040798,30006.725081611054,975
2018-12-25 13:21:00+00:00,30007.887804912265,30015.71057683188,29996.924390703087,30008.12512537427,454
2018-12-26 01:21:00+00:00,30006.71429947706,30009.45869852371,30004.342951864044,30006.43386155923,193
2018-12-26 13:21:00+00:00,30008.45340269439,30010.888739803722,30003.330558664173,30009.049913037194,842
2018-12-27 01:21:00+00:00,30008.996547414197,30011.734671822862,30002.594648921164,30008.304117246134,182
2018-12-27 13:21:00+00:00,30008.03303099613,30023.927213224735,30004.66666943964,30007.177602490807,624
2018-12-28 01:21:00+00:00,30009.159703061556,30022.094767848517,30002.776719852463,30008.874724331785,780
2018-12-28 13:21:00+00:00,30008.33572411849,30008.773725716936,29996.498151664866,30009.217043637822,940
2018-12-29 01:21:00+00:00,30007.6521723565,30016.972426124892,29995.976871993473,30006.97138585968,812
2018-12-29 13:21:00+00:00,30008.27425203178,30012.34037250372,30005.522262149698,30007.765815997343,464
2018-12-30 01:21:00+00:00,30007.160271434008,30021.226303974967,30001.327478530347,30006.56899028479,404
2018-12-30 13:21:00+00:00,30008.330732293514,30026.81589477068,29999.122857293896,30008.759388549057,460
2018-12-31 01:21:00+00:00,30008.4911991382,30021.558952214607,29997.456620531444,30008.069600849187,712
2018-12-31 13:21:00+00:00,30009.279077900097,30027.377765404617,29989.662909618313,30010.04944704184,355
2019-01-01 01:21:00+00:00,30009.11472802298,30014.595490399213,29990.269267729338,30009.929264014878,242
2019-01-01 13:21:00+00:00,30007.94086307237,30023.033002689215,30003.26881038537,30009.791476469694,751
2019-01-02 01:21:00+00:00,30008.24364885549,30021.55574422233,30003.299922653943,30007.51105224296,105
2019-01-02 13:21:00+00:00,30009.794343371785,30028.256368255665,30004.959571873376,30012.233789457634,461
2019-01-03 01:21:00+00:00,30009.65331792743,30021.973342185756,30004.951945294015,30012.053323884316,629
2019-01-03 13:21:00+00:00,30010.425866821624,30011.50113473973,30005.032952855723,30011.036705362854,295
2019-01-04 01:21:00+00:00,30010.87427594418,30023.04240663294,30005.012404094537,30012.676665421583,765
2019-01-04 13:21:00+00:00,30009.328086475296,30020.228035281554,29995.915074129472,30009.108963277413,193
2019-01-05 01:21:00+00:00,30009.8946909912,30026.841002920366,30008.809841315622,30009.79961853164,929
2019-01-05 13:21:00+00:00,30009.702794567456,30014.615898344084,29998.61157276177,30009.78941343929,561
2019-01-06 01:21:00+00:00,30010.040769422194,30010.230524645092,29996.25337637949,30010.364141178146,265
2019-01-06 13:21:00+00:00,30008.428299883595,30016.294495817943,29992.93393133174,30008.40262460134,961
2019-01-07 01:21:00+00:00,30009.66326719207,30013.23506177455,30009.25151540854,30010.643994229173,981
2019-01-07 13:21:00+00:00,30008.620990383213,30019.292884686925,30004.635361557914,30008.56726298625,725
2019-01-08 01:21:00+00:00,30010.555984983195,30028.168776789684,30005.895557544223,30010.097395713503,109
2019-01-08 13:21:00+00:00,30009.962064750605,30016.078388610076,30006.41551059184,30009.14824053174,546
2019-01-09 01:21:00+00:00,30009.78823092213,30024.091388002813,30006.639849858646,30009.343029228283,459
2019-01-09 13:21:00+00:00,30010.78257291001,30022.92454748417,30002.944241437563,30009.100512403613,730
2019-01-10 01:21:00+00:00,30010.25475533599,30014.075404416177,30000.49493954966,30010.281518579144,415
2019-01-10 13:21:00+00:00,30010.945776634006,30011.033120020067,30007.145773528555,30010.310333403006,783
2019-01-11 01:21:00+00:00,30012.35142740439,30024.3528994253,29997.97036550829,30013.07163120087,707
2019-01-11 13:21:00+00:00,30011.462173838114,30022.09537800659,29996.276502609064,30012.22770581375,245
2019-01-12 01:21:00+00:00,30011.810840457227,30019.630977174504,29999.916503370958,30011.903693571305,536
2019-01-12 13:21:00+00:00,30010.46139866908,30021.046435872973,30002.112586418436,30012.36831351688,616
2019-01-13 01:21:00+00:00,30011.35288041669,30025.40054664311,30005.82772921328,30011.0014112936,509
2019-01-13 13:21:00+00:00,30010.55709299968,30011.494469198005,29997.229451783507,30010.56346420655,824
2019-01-14 01:21:00+00:00,30012.345127727895,30015.915168037645,30008.073921532352,30011.24986731994,167
2019-01-14 13:21:00+00:00,30013.44471955355,30027.538817414566,30011.71370240402,30014.631895370076,669
2019-01-15 01:21:00+00:00,30013.656772093913,30021.47943234301,30007.244984583795,30013.015599234088,341
2019-01-15 13:21:00+00:00,30013.755712018316,30017.180308066076,29999.548516062896,30014.0263556704,482
2019-01-16 01:21:00+00:00,30013.384390189643,30029.514766125598,29995.2902625372,30012.074414287308,256
2019-01-16 13:21:00+00:00,30013.97191490591,30025.28792192524,30008.5381872572,30014.61708289752,771
2019-01-17 01:21:00+00:00,30013.086264974227,30018.627329823958,29999.4440530872,30014.92125170326,402
2019-01-17 13:21:00+00:00,30013.063158029596,30029.87879605414,29993.43943334093,30014.429251772195,277
2019-01-18 01:21:00+00:00,30013.816017337846,30020.840949605386,29997.080298027366,30014.056518260993,990
2019-01-18 13:21:00+00:00,30014.709939287633,30017.71305003987,30013.51470367593,30012.7357673087,772
2019-01-19 01:21:00+00:00,30015.098575363656,30025.233878891748,30002.1301488225,30016.14607847911,716
2019-01-19 13:21:00+00:00,30014.581453865816,30020.315075490147,30012.608779694536,30013.905476098567,668
2019-01-20 01:21:00+00:00,30014.99953628942,30033.999351157756,30005.494119212737,30015.295166022504,379
2019-01-20 13:21:00+00:00,30015.36934012701,30020.849822602755,30010.904671654764,30014.835631783993,857
2019-01-21 01:21:00+00:00,30016.544922348057,30032.22026247096,30013.374962125352,30016.39990802389,490
2019-01-21 13:21:00+00:00,30014.603079304456,30020.24768426106,30004.736016807437,30015.863957860263,509
2019-01-22 01:21:00+00:00,30013.512421706204,30028.611885762413,29994.682440261455,30013.786465493,364
2019-01-22 13:21:00+00:00,30015.013182573206,30020.991471710466,29995.401349855576,30016.77647676826,163
2019-01-23 01:21:00+00:00,30014.104093697468,30019.074580753364,30005.494786265514,30013.69731256597,239
2019-01-23 13:21:00+00:00,30013.057044014127,30014.19358240239,29998.85343874214,30010.129556404023,589
2019-01-24 01:21:00+00:00,30014.056862158635,30015.53210379286,30010.158691965105,30013.437014365096,774
2019-01-24 13:21:00+00:00,30013.31247745036,30030.633779640306,30000.400001403956,30012.678762601667,768
2019-01-25 01:21:00+00:00,30012.63398973409,30013.95448584338,29993.173785827486,30012.75833616954,355
2019-01-25 13:21:00+00:00,30012.36362379386,30021.27669806567,30003.73897639223,30013.967724030786,210
2019-01-26 01:21:00+00:00,30011.51504383935,30023.268879893072,30005.758703596202,30012.248499292673,717
2019-01-26 13:21:00+00:00,30011.242314521183,30018.22681882874,30006.33515129981,30010.913533231993,138
2019-01-27 01:21:00+00:00,30010.060387352652,30011.53868352593,30003.413021833,30010.40957541386,460
2019-01-27 13:21:00+00:00,30011.662402392292,30016.965796574637,29991.67662878942,30012.94811815972,300
2019-01-28 01:21:00+00:00,30013.73781660317,30030.795798947016,29998.381087128677,30015.154024722633,129
2019-01-28 13:21:00+00:00,30012.801795081406,30027.96327623581,30011.759724064796,30013.733726956114,198
2019-01-29 01:21:00+00:00,30012.68131514029,30014.247996574606,29996.934338590298,30013.480681717352,730
2019-01-29 13:21:00+00:00,30012.45885259769,30032.44493608151,29993.670072146753,30013.16278570068,750
2019-01-30 01:21:00+00:00,30012.714674513805,30031.79205895423,30006.569013349905,30011.930683102164,591
2019-01-30 13:21:00+00:00,30013.317723926913,30014.19015087627,30010.970263610754,30014.283086381605,938
2019-01-31 01:21:00+00:00,30014.018205884055,30017.357264630096,30002.804172035136,30014.514613452266,138
2019-01-31 13:21:00+00:00,30013.300508400735,30017.152336718103,30005.400387019334,30013.31613701151,730
2019-02-01 01:21:00+00:00,30013.065181002174,30014.084690131578,29993.60943420713,30012.519106973516,707
2019-02-01 13:21:00+00:00,30013.289769613817,30023.91106348909,30011.230973980244,30011.898013812388,323
2019-02-02 01:21:00+00:00,30013.05416413364,30017.12164032144,29997.223573178413,30013.12520309159,862
2019-02-02 13:21:00+00:00,30011.77238934406,30022.05093801382,30005.050716319856,30011.503905350914,956
2019-02-03 01:21:00+00:00,30009.835266152826,30024.308818362428,29998.250774675478,30009.50915305529,758
2019-02-03 13:21:00+00:00,30009.12960889657,30018.833477259945,30006.131216455557,30009.23339971541,487
2019-02-04 01:21:00+00:00,30011.411530121695,30015.735886785653,29998.248821162153,30012.329032502905,995
2019-02-04 13:21:00+00:00,30012.60762986095,30029.78699400512,30010.613524491186,30012.139304164684,999
2019-02-05 01:21:00+00:00,30011.237208717255,30013.21819958725,29994.351360583696,30010.604244618014,461
2019-02-05 13:21:00+00:00,30012.160092176895,30025.750725689206,30009.847725583404,30012.111321572273,816
2019-02-06 01:21:00+00:00,30012.09633362879,30027.86590469485,30007.854172277497,30011.722604439336,224
2019-02-06 13:21:00+00:00,30012.08976948638,30015.309301219208,30005.349697412526,30012.54534067069,216
2019-02-07 01:21:00+00:00,30012.669495163285,30029.367999432332,30003.07375299936,30013.069096131017,388
2019-02-07 13:21:00+00:00,30012.02946030704,30028.545747942466,30003.03650166318,30012.306271873735,530
2019-02-08 01:21:00+00:00,30013.03886572311,30026.66133622269,30003.801238806314,30013.838315147987,908
2019-02-08 13:21:00+00:00,30013.544171417747,30015.13334168716,30013.06745199594,30013.081497499115,159
2019-02-09 01:21:00+00:00,30014.018910840514,30017.693067214295,30002.33855361439,30012.89651667507,478
2019-02-09 13:21:00+00:00,30013.838951060166,30021.348176386422,30013.58281626831,30014.175088022366,893
2019-02-10 01:21:00+00:00,30013.280770475,30018.7855916739,30004.653128993406,30012.76287044798,783
2019-02-10 13:21:00+00:00,30013.0444368582,30031.592887652667,30001.23558560714,30012.114764018035,443
2019-02-11 01:21:00+00:00,30012.876530490983,30030.26242781046,30009.170097658207,30013.658659977966,115
2019-02-11 13:21:00+00:00,30014.495199019388,30029.272888951255,29997.816430207637,30014.09204762778,332
2019-02-12 01:21:00+00:00,30015.25129106129,30029.25752839681,30006.3298826803,30015.709308809066,425
2019-02-12 13:21:00+00:00,30015.242238743813,30030.645380589453,30014.86432991508,30015.24872620072,621
2019-02-13 01:21:00+00:00,30016.60436621782,30021.37733482027,30004.6679018392,30016.84893684951,453
2019-02-13 13:21:00+00:00,30016.36156859861,30022.14085028985,30009.17820341781,30016.191509689095,711
2019-02-14 01:21:00+00:00,30016.346408195517,30035.418892306978,30003.927411573917,30018.34451899915,918
2019-02-14 13:21:00+00:00,30015.90678467876,30025.27255281613,30010.902749917772,30017.885838203314,969
2019-02-15 01:21:00+00:00,30016.590185681667,30028.620609760907,30011.244121087737,30016.215153328787,786
2019-02-15 13:21:00+00:00,30017.34775138461,30019.739757950094,30007.888642628128,30017.687471152767,763
2019-02-16 01:21:00+00:00,30018.787572531637,30021.632049050066,30015.615683781427,30018.97092730756,201
2019-02-16 13:21:00+00:00,30017.83875800739,30031.564513091802,30011.056102698523,30017.505096497636,233
2019-02-17 01:21:00+00:00,30017.65942005468,30033.20687474886,30014.35852510627,30017.483028248003,742
2019-02-17 13:21:00+00:00,30018.285042582334,30037.317625843752,30000.148796737332,30016.327444727543,961
2019-02-18 01:21:00+00:00,30018.45684540549,30020.04326567549,30010.334727893103,30020.36197272367,799
2019-02-18 13:21:00+00:00,30019.78953865859,30025.238521485964,30009.650984299686,30017.946316353013,460
2019-02-19 01:21:00+00:00,30019.010066061615,30026.85504992701,30005.926771872466,30018.808669149716,307
2019-02-19 13:21:00+00:00,30018.503733687096,30028.328785104804,30007.456934274283,30020.24370640583,915
2019-02-20 01:21:00+00:00,30018.3396769332,30024.346128328616,30013.66098716157,30017.16255239465,544
2019-02-20 13:21:00+00:00,30017.506645736383,30020.11539409556,30013.564236459217,30016.92457580113,397
2019-02-21 01:21:00+00:00,30018.26779276242,30030.970026656745,30007.696403479982,30018.723249042625,986
2019-02-21 13:21:00+00:00,30018.785371931346,30018.960653006565,30015.83828887151,30019.36352442741,668
2019-02-22 01:21:00+00:00,30018.448417963333,30022.888649994806,30006.399338350155,30018.223127408433,971
2019-02-22 13:21:00+00:00,30019.329293037077,30020.591823339717,30016.316003827742,30018.69405336152,235
2019-02-23 01:21:00+00:00,30019.151409788432,30024.20539957041,30004.692942319143,30018.199374029602,383
2019-02-23 13:21:00+00:00,30020.586061339665,30030.370018367983,30006.573649187856,30020.094576663894,567
2019-02-24 01:21:00+00:00,30021.232236429307,30022.075999325254,30015.466600199856,30021.159689450746,732
2019-02-24 13:21:00+00:00,30020.41620431391,30039.213721663156,30019.829972895677,30018.8079166058,355
2019-02-25 01:21:00+00:00,30020.51433741522,30030.34549986989,30016.276389095885,30020.62196594898,884
2019-02-25 13:21:00+00:00,30021.911920426595,30023.004495417983,30002.359887975537,30021.449348462367,415
2019-02-26 01:21:00+00:00,30022.697414836643,30037.483665134238,30011.7292321664,30021.9135544023,738
2019-02-26 13:21:00+00:00,30022.977560135678,30039.920000427228,30021.155359333992,30022.014520057368,323
2019-02-27 01:21:00+00:00,30022.073164857153,30031.90906451566,30021.926634366086,30023.272714966486,616
2019-02-27 13:21:00+00:00,30021.914970197737,30040.14143561353,30021.016239841367,30024.227042067334,919
2019-02-28 01:21:00+00:00,30022.290952081243,30029.6583444716,30020.92990113569,30022.910962185575,104
2019-02-28 13:21:00+00:00,30021.664612571352,30023.68725113732,30008.500814748968,30022.429507044297,545
2019-03-01 01:21:00+00:00,30023.45722571401,30034.2957844639,30019.14953134545,30021.22432137513,757
2019-03-01 13:21:00+00:00,30024.516800586796,30034.829236087175,30009.5437216854,30023.989986961755,873
2019-03-02 01:21:00+00:00,30026.221264032178,30029.69944596955,30006.674492104794,30025.251244373958,942
2019-03-02 13:21:00+00:00,30026.34853638191,30042.55860938094,30019.033970023098,30026.078627279363,738
2019-03-03 01:21:00+00:00,30026.873335260607,30034.751355628545,30011.74146988673,30026.201746494553,887
2019-03-03 13:21:00+00:00,30027.508986931458,30033.480808758995,30015.346475504146,30026.74230500759,666
2019-03-04 01:21:00+00:00,30026.89269234272,30029.5355635141,30022.58396969536,30027.25134711769,804
2019-03-04 13:21:00+00:00,30028.270066423058,30033.878985226915,30021.034697302694,30026.42582185742,653
2019-03-05 01:21:00+00:00,30028.415394626925,30046.80077624207,30020.264046416967,30028.303697001484,730
2019-03-05 13:21:00+00:00,30028.624924398668,30030.08879261738,30015.851077724274,30027.591372804178,185
2019-03-06 01:21:00+00:00,30028.087584566325,30036.141348875128,30024.24490458386,30029.43365330261,801
2019-03-06 13:21:00+00:00,30027.5027384715,30033.955651986587,30013.16842418539,30025.342265601634,349
2019-03-07 01:21:00+00:00,30028.89680356602,30037.54935033488,30020.574286268667,30029.28851369489,125
2019-03-07 13:21:00+00:00,30028.883629838445,30043.553728610223,30014.312482866797,30028.566380419456,581
2019-03-08 01:21:00+00:00,30028.152500020253,30047.79674324212,30009.222649992902,30029.398595342333,274
2019-03-08 13:21:00+00:00,30026.483537910237,30038.58083544128,30022.302960486908,30027.39049978892,969
2019-03-09 01:21:00+00:00,30025.3885394973,30029.483529364577,30007.0197597607,30025.230900627193,218
2019-03-09 13:21:00+00:00,30026.696517250977,30028.64667749209,30020.14250636472,30027.40403808203,359
2019-03-10 01:21:00+00:00,30025.33962439772,30041.297965402347,30006.8899530029,30025.53504036317,402
2019-03-10 13:21:00+00:00,30027.567515118462,30040.115475712966,30016.236816683395,30025.70594014821,935
2019-03-11 01:21:00+00:00,30027.79227155933,30034.134337474494,30027.661617595542,30026.505406268112,311
2019-03-11 13:21:00+00:00,30026.97240987124,30030.493574258206,30011.942766824908,30025.230315864614,930
2019-03-12 01:21:00+00:00,30027.17293949219,30032.88580690693,30007.338285343554,30026.04382581028,937
2019-03-12 13:21:00+00:00,30027.697968292654,30033.75322968214,30017.918721409405,30026.062235845857,445
2019-03-13 01:21:00+00:00,30028.56704867446,30037.529243005145,30025.903847845806,30029.322323495417,534
2019-03-13 13:21:00+00:00,30027.804370181133,30034.485840307487,30024.244646238014,30027.18598262157,644
2019-03-14 01:21:00+00:00,30027.256632892397,30041.8550583543,30019.233504207557,30028.157778468074,901
2019-03-14 13:21:00+00:00,30027.448439169235,30043.6714032499,30012.402233092922,30026.498836144983,670
2019-03-15 01:21:00+00:00,30028.122185674587,30047.544873625135,30011.81351307334,30029.14922762734,142
2019-03-15 13:21:00+00:00,30027.559094727276,30043.859235281187,30014.621536864644,30026.997653277605,933
2019-03-16 01:21:00+00:00,30026.573275726798,30041.936191588466,30023.11911027058,30025.53886609168,145
2019-03-16 13:21:00+00:00,30026.55237242139,30045.018765801848,30010.678111202276,30026.76264331175,181
2019-03-17 01:21:00+00:00,30027.75555283313,30038.17848354429,30023.274806086487,30028.053094469647,102
2019-03-17 13:21:00+00:00,30027.046784460075,30044.73666082423,30023.90190537373,30028.259991615505,504
2019-03-18 01:21:00+00:00,30026.348614440238,30042.512827631213,30018.232589456296,30025.924153369084,334
2019-03-18 13:21:00+00:00,30026.16374646312,30029.084776333482,30015.39523207319,30025.932193943878,615
2019-03-19 01:21:00+00:00,30025.540182923654,30037.30337994251,30010.505621740776,30023.55995732486,500
2019-03-19 13:21:00+00:00,30025.29101482844,30030.1088137348,30014.65973414135,30025.957853048363,209
2019-03-20 01:21:00+00:00,30025.60242625269,30036.37182277803,30010.490744426497,30027.143736982933,786
2019-03-20 13:21:00+00:00,30026.717040741954,30043.997811816287,30018.447266801893,30025.992789850065,186
2019-03-21 01:21:00+00:00,30025.0367205335,30032.24948363026,30016.59146334874,30025.54574483774,570
2019-03-21 13:21:00+00:00,30025.990554786255,30035.893920504142,30019.1718790618,30025.185037369225,816
2019-03-22 01:21:00+00:00,30026.714486705125,30030.056553714447,30007.202829331407,30028.075932556054,834
2019-03-22 13:21:00+00:00,30026.559396260003,30044.160290619613,30022.556270113193,30026.631146204712,864
2019-03-23 01:21:00+00:00,30027.91732807019,30028.801387316646,30021.92719507463,30028.22085592863,521
2019-03-23 13:21:00+00:00,30027.521000993554,30030.350226117735,30019.610361962837,30026.24793216548,358
2019-03-24 01:21:00+00:00,30027.677788133125,30032.287161641027,30020.857428312727,30027.242391282816,310
2019-03-24 13:21:00+00:00,30028.163575169037,30037.52656445526,30027.752343496475,30029.31694656218,974
2019-03-25 01:21:00+00:00,30027.19498479549,30034.006614739264,30019.710758004763,30028.332541183747,884
2019-03-25 13:21:00+00:00,30026.487142587805,30034.03630786577,30011.50934524366,30026.626002942532,600
2019-03-26 01:21:00+00:00,30025.961249214695,30028.86762221148,30021.704928604904,30028.041577808723,213
2019-03-26 13:21:00+00:00,30026.08630059712,30040.95664704955,30021.39681551521,30026.282250479828,579
2019-03-27 01:21:00+00:00,30024.507082339,30040.50823177364,30013.19158337328,30024.888707065915,159
2019-03-27 13:21:00+00:00,30023.0829962944,30025.65578013449,30010.055861593955,30023.20035614937,291
2019-03-28 01:21:00+00:00,30022.796153504914,30037.34801071094,30015.946070685975,30024.202767375493,440
2019-03-28 13:21:00+00:00,30021.654796385057,30031.387790176454,30002.46833915632,30021.52769940603,558
2019-03-29 01:21:00+00:00,30023.23090060669,30026.763012485357,30012.984315210797,30023.703117813937,399
2019-03-29 13:21:00+00:00,30024.207114533263,30024.822919179387,30008.939664950216,30025.067906576063,412
2019-03-30 01:21:00+00:00,30024.284490753762,30028.186346044502,30021.614057836727,30024.997572706023,798
2019-03-30 13:21:00+00:00,30024.6386484265,30027.439903942988,30004.84226542969,30024.33082190684,684
2019-03-31 01:21:00+00:00,30023.610487802405,30025.83553896649,30014.94259727701,30023.82284642231,874
2019-03-31 13:21:00+00:00,30022.901666307695,30037.942179412104,30015.310602324735,30022.550857150472,650
2019-04-01 01:21:00+00:00,30022.576574965176,30030.48423189061,30010.0282854388,30022.473127423,208
2019-04-01 13:21:00+00:00,30024.24726526299,30036.00646041081,30007.09487750387,30023.217811490536,940
2019-04-02 01:21:00+00:00,30024.46031993485,30026.54409149656,30015.869292772448,30025.840684011207,225
2019-04-02 13:21:00+00:00,30024.52463132844,30032.009892625618,30008.2168982719,30023.555330456547,293
2019-04-03 01:21:00+00:00,30024.662781963638,30026.959900963506,30016.80698859019,30023.52307884589,520
2019-04-03 13:21:00+00:00,30026.993418906986,30045.59861579603,30026.639350127305,30026.205047076597,760
2019-04-04 01:21:00+00:00,30028.84363990479,30046.887898607634,30019.016953946815,30027.980783260813,793
2019-04-04 13:21:00+00:00,30028.508330696088,30043.03814434173,30016.80239317733,30029.9317350461,734
2019-04-05 01:21:00+00:00,30031.017333625707,30044.385028284436,30015.070395922285,30029.78194133091,954
2019-04-05 13:21:00+00:00,30029.453944498946,30042.14045729571,30015.46834254874,30029.40950919272,734
2019-04-06 01:21:00+00:00,30028.658291966607,30038.869826239035,30016.181301706554,30029.129260912618,303
2019-04-06 13:21:00+00:00,30027.86803365307,30032.536051621322,30020.11992246939,30026.251291068347,685
2019-04-07 01:21:00+00:00,30028.345599915305,30044.176234323222,30010.51744803363,30030.135394041947,761
2019-04-07 13:21:00+00:00,30028.24155276706,30041.148372219686,30017.437640761666,30029.880092894167,530
2019-04-08 01:21:00+00:00,30030.156442032407,30045.762713535867,30014.034182315063,30029.323923704254,398
2019-04-08 13:21:00+00:00,30030.088037499518,30041.332904636216,30012.43930844061,30030.168044350456,646
2019-04-09 01:21:00+00:00,30027.32094827907,30045.817892427865,30018.35366814111,30027.210840547938,607
2019-04-09 13:21:00+00:00,30025.82412604966,30033.046750339086,30011.96867950552,30025.87020342846,305
2019-04-10 01:21:00+00:00,30027.01352682205,30043.72770888318,30009.23180437789,30027.539324965426,525
2019-04-10 13:21:00+00:00,30027.775027514304,30041.959797456453,30015.137020176793,30028.382025387717,161
2019-04-11 01:21:00+00:00,30027.193541986813,30033.849661058437,30014.71220478045,30028.09504319952,274
2019-04-11 13:21:00+00:00,30027.375618593243,30041.8382689528,30020.23099122998,30027.538535646006,899
2019-04-12 01:21:00+00:00,30028.660109956418,30038.354101365247,30023.43995761137,30029.949160930053,253
2019-04-12 13:21:00+00:00,30027.72595921349,30036.1413796321,30025.43203352896,30027.57189447978,558
2019-04-13 01:21:00+00:00,30028.48804237268,30036.201345615667,30012.32251575299,30028.65101145812,113
2019-04-13 13:21:00+00:00,30027.273591764944,30038.43022493115,30015.940765751835,30027.808041971875,516
2019-04-14 01:21:00+00:00,30026.21080206256,30042.969928089045,30020.22700085886,30023.4264945194,647
2019-04-14 13:21:00+00:00,30025.094706938482,30042.99359389875,30014.968500759973,30025.12823931243,304
2019-04-15 01:21:00+00:00,30024.203942801687,30029.370827983395,30015.27923442087,30024.94033497605,779
2019-04-15 13:21:00+00:00,30022.834055126357,30025.40281164385,30015.31370562317,30023.529281591193,987
2019-04-16 01:21:00+00:00,30021.87780356894,30025.50459565336,30012.525556292672,30021.75631780963,760
2019-04-16 13:21:00+00:00,30023.092081809657,30028.772588599855,30023.074812032934,30023.326245086555,206
2019-04-17 01:21:00+00:00,30022.71380926166,30033.083273519213,30017.37800221148,30023.29128922538,111
2019-04-17 13:21:00+00:00,30023.0678999487,30040.96954478541,30018.036293528836,30024.498946942058,631
2019-04-18 01:21:00+00:00,30022.883413958807,30041.469525579756,30018.30960975896,30021.139815157447,216
2019-04-18 13:21:00+00:00,30021.7881796162,30022.088682669157,30017.208727006953,30022.972163179827,221
2019-04-19 01:21:00+00:00,30022.56981642819,30030.311345210797,30021.44613302053,30020.76335091867,838
2019-04-19 13:21:00+00:00,30022.35991445398,30030.93444463602,30012.923633742907,30022.715615500405,126
2019-04-20 01:21:00+00:00,30021.858296776405,30039.617394525383,30003.19948851642,30022.56945653948,256
2019-04-20 13:21:00+00:00,30021.004795044988,30035.949339929277,30019.971332232315,30021.878747321112,398
2019-04-21 01:21:00+00:00,30020.549139789637,30024.776742340146,30004.521766883554,30018.700329391646,146
2019-04-21 13:21:00+00:00,30021.093726979205,30039.22263337138,30018.28348671561,30022.29619547904,684
2019-04-22 01:21:00+00:00,30020.346480801054,30021.608277461746,30017.457241821237,30020.46018466595,748
2019-04-22 13:21:00+00:00,30018.805803854037,30019.329858150995,30004.584410385538,30017.74596248618,681
2019-04-23 01:21:00+00:00,30018.987269840032,30033.77930230258,30014.962604797252,30019.291912251174,856
2019-04-23 13:21:00+00:00,30020.238611945868,30027.48122335718,30009.2297538056,30020.617848465055,466
2019-04-24 01:21:00+00:00,30021.308536492066,30022.81721102463,30009.277467611857,30022.423317351364,391
2019-04-24 13:21:00+00:00,30021.52693365137,30023.775251597413,30019.661832980204,30023.782145626028,832
2019-04-25 01:21:00+00:00,30021.068256935076,30031.712473201133,30002.124237706983,30021.253695889194,718
2019-04-25 13:21:00+00:00,30022.76414594262,30038.088145567766,30007.09330519016,30023.72091251624,387
2019-04-26 01:21:00+00:00,30020.68824726004,30026.509455173586,30005.999640967395,30020.3432462652,403
2019-04-26 13:21:00+00:00,30021.54523307827,30026.536526649423,30003.261910771496,30020.762221096244,613
2019-04-27 01:21:00+00:00,30021.26486411339,30036.601942188125,30013.978400175412,30021.144783755088,618
2019-04-27 13:21:00+00:00,30021.691623011164,30031.610828539928,30004.575112218212,30022.33035457431,251
2019-04-28 01:21:00+00:00,30023.64448689273,30031.515882143445,30020.72577486857,30025.26132732855,289
2019-04-28 13:21:00+00:00,30023.342911848493,30039.656991936114,30004.867248327515,30021.912726154198,571
2019-04-29 01:21:00+00:00,30024.905128978444,30033.531052606446,30006.9593314817,30022.529617722623,428
2019-04-29 13:21:00+00:00,30024.583251056072,30037.26730766449,30023.691716573674,30025.40316142061,632
2019-04-30 01:21:00+00:00,30024.643437835308,30029.154185065014,30014.860031294385,30025.912737805575,849
2019-04-30 13:21:00+00:00,30026.530874085303,30044.173807246385,30013.548297047077,30025.016880771196,396
2019-05-01 01:21:00+00:00,30026.525743418588,30036.10818285666,30010.101428065354,30026.974296712815,509
2019-05-01 13:21:00+00:00,30024.830407111025,30044.301094031252,30017.67700161508,30024.80268463548,521
2019-05-02 01:21:00+00:00,30023.872169715098,30036.681790011633,30014.701419510915,30023.721380031806,990
2019-05-02 13:21:00+00:00,30023.67932017388,30025.226205608233,30021.759286753226,30021.570024200995,606
2019-05-03 01:21:00+00:00,30023.96301908162,30037.466849427565,30021.078235896905,30024.412986491217,722
2019-05-03 13:21:00+00:00,30025.15691337132,30042.85518398751,30010.085871904572,30025.47129010311,809
2019-05-04 01:21:00+00:00,30024.821142135635,30033.36292242618,30006.00192857799,30026.367008967947,608
2019-05-04 13:21:00+00:00,30024.247623353236,30039.751787716632,30022.77264652604,30024.080636728653,526
2019-05-05 01:21:00+00:00,30024.277197697156,30038.856183593136,30010.835024942186,30026.194502360067,710
2019-05-05 13:21:00+00:00,30025.59481433347,30036.767422280296,30012.427217369397,30024.88839098285,406
2019-05-06 01:21:00+00:00,30027.194071801994,30044.241480634777,30012.85212961227,30026.3725854791,347
2019-05-06 13:21:00+00:00,30025.549927171134,30039.493510443543,30009.194421354365,30025.718955881097,373
2019-05-07 01:21:00+00:00,30025.204701723032,30043.90457477748,30016.66312529673,30025.53845686024,640
2019-05-07 13:21:00+00:00,30024.418080113595,30040.32847752852,30012.67887420759,30023.769630929775,484
2019-05-08 01:21:00+00:00,30023.27054138708,30027.275737267635,30007.96673556016,30023.09240429724,390
2019-05-08 13:21:00+00:00,30023.54421987115,30024.22035013128,30012.70238775469,30021.950647418365,911
2019-05-09 01:21:00+00:00,30024.03320868985,30040.49243563167,30017.893718657226,30025.067175397235,625
2019-05-09 13:21:00+00:00,30023.31667214284,30040.518618988688,30010.150997850767,30024.79401094835,272
2019-05-10 01:21:00+00:00,30025.58676124488,30038.765330268285,30011.212713995796,30027.063638567848,110
2019-05-10 13:21:00+00:00,30025.98336360907,30045.16542615088,30025.126988522326,30026.963202176914,131
2019-05-11 01:21:00+00:00,30025.599149793266,30043.77641689397,30022.94009368703,30024.999819752873,863
2019-05-11 13:21:00+00:00,30026.050896769742,30026.304002814974,30006.571005438076,30027.49120126537,420
2019-05-12 01:21:00+00:00,30026.891247871565,30031.11669298524,30022.85119108396,30025.948134063507,287
2019-05-12 13:21:00+00:00,30026.975221827448,30028.691357043463,30015.491225854683,30027.270819068744,409
2019-05-13 01:21:00+00:00,30026.273211297434,30031.4402843218,30009.518228813555,30026.14868467068,339
2019-05-13 13:21:00+00:00,30025.69808001489,30037.061394346936,30025.486342424047,30027.016098665874,883
2019-05-14 01:21:00+00:00,30026.809904326572,30036.2950786546,30018.889395846312,30027.93596826774,178
2019-05-14 13:21:00+00:00,30026.922209661505,30043.807333269633,30010.735433066904,30026.813026897456,252
2019-05-15 01:21:00+00:00,30027.415048854888,30042.14622927377,30023.34107717861,30026.891545948565,646
2019-05-15 13:21:00+00:00,30027.07727825583,30044.504599681408,30016.313562478907,30026.351775562904,584
2019-05-16 01:21:00+00:00,30029.3984942219,30038.317825853843,30026.038160486496,30028.902960882402,125
2019-05-16 13:21:00+00:00,30029.349438912875,30044.672343859474,30017.65966873678,30028.69199926879,368
2019-05-17 01:21:00+00:00,30029.521126248386,30042.90909583408,30019.71958334938,30032.562353003683,208
2019-05-17 13:21:00+00:00,30031.32117901168,30041.669650750555,30013.51087880686,30031.457558347844,714
2019-05-18 01:21:00+00:00,30029.074609445477,30042.55966894519,30012.155745012522,30030.1405624267,908
2019-05-18 13:21:00+00:00,30029.069027331694,30041.02419597582,30021.120780223308,30028.41781390461,591
2019-05-19 01:21:00+00:00,30029.475471727073,30035.33227864393,30010.664647611113,30028.910241257894,445
2019-05-19 13:21:00+00:00,30029.393527095046,30030.671623097365,30023.373392709713,30029.756962168987,112
2019-05-20 01:21:00+00:00,30028.29898247184,30029.31466625689,30019.328419337573,30027.014466533074,372
2019-05-20 13:21:00+00:00,30027.454616737912,30037.75561582426,30017.640055632466,30028.61663893391,262
2019-05-21 01:21:00+00:00,30027.789397719378,30032.046903049388,30025.20001189142,30028.243075118626,260
2019-05-21 13:21:00+00:00,30027.562941636457,30044.747195414093,30027.027591086364,30026.512281638792,235
2019-05-22 01:21:00+00:00,30028.234106704567,30036.705567563466,30023.278125066015,30028.151145617387,543
2019-05-22 13:21:00+00:00,30027.9961268785,30034.994708556074,30012.00051395766,30028.842953097093,876
2019-05-23 01:21:00+00:00,30028.35733832104,30035.848875728836,30010.53639748712,30030.125196368117,706
2019-05-23 13:21:00+00:00,30028.606461092204,30028.98986113749,30017.987212458604,30028.107309827625,975
2019-05-24 01:21:00+00:00,30028.72501009692,30047.421022003808,30020.329335050144,30029.192647049946,730
2019-05-24 13:21:00+00:00,30027.823292148023,30033.90542073891,30015.832192366175,30026.949270560806,973
2019-05-25 01:21:00+00:00,30028.262744660282,30045.21320196498,30014.415009581535,30028.79335999663,981
2019-05-25 13:21:00+00:00,30028.396503033502,30035.446537777458,30013.702831795046,30028.514185725246,365
2019-05-26 01:21:00+00:00,30030.990917076902,30044.692057558143,30029.56279776038,30030.54467734684,375
2019-05-26 13:21:00+00:00,30031.887627722088,30032.98999987652,30027.17057706163,30031.457447442885,159
2019-05-27 01:21:00+00:00,30032.778258475486,30052.6947756357,30030.713154784065,30031.779429336788,733
2019-05-27 13:21:00+00:00,30033.269959643476,30052.24510988067,30027.126648572255,30032.852539946518,951
2019-05-28 01:21:00+00:00,30032.263840673673,30045.01071047148,30024.717599116673,30032.429085176085,376
2019-05-28 13:21:00+00:00,30031.021997400032,30034.421308524375,30025.39014944029,30031.71427729,431
2019-05-29 01:21:00+00:00,30033.296123545057,30040.72635028409,30023.96060690317,30032.25212861198,618
2019-05-29 13:21:00+00:00,30032.012792623853,30036.48636293074,30012.275638627674,30031.973675016616,272
2019-05-30 01:21:00+00:00,30031.880190380205,30040.394012987384,30022.251477572245,30032.91308575447,169
2019-05-30 13:21:00+00:00,30030.153687505375,30044.108245187308,30022.062003053154,30027.428486614295,441
2019-05-31 01:21:00+00:00,30030.397512805248,30033.220515864992,30022.537652577972,30028.749087373988,303
2019-05-31 13:21:00+00:00,30030.821110531666,30039.23159067729,30017.550693375717,30030.83133163213,703
2019-06-01 01:21:00+00:00,30030.45620507637,30049.97009746703,30023.481701035882,30029.71542173051,783
2019-06-01 13:21:00+00:00,30030.4552741476,30034.93590503835,30023.226036797725,30028.79272535167,714
2019-06-02 01:21:00+00:00,30030.15677625019,30046.813753435275,30021.747269145526,30029.05255452606,557
2019-06-02 13:21:00+00:00,30028.36549332492,30028.930254201918,30026.791180895445,30028.07420627814,533
2019-06-03 01:21:00+00:00,30027.678603672477,30043.645261286085,30018.701065583315,30028.022074928213,110
2019-06-03 13:21:00+00:00,30028.00512541885,30033.024263561638,30012.153961600365,30027.697556450334,778
2019-06-04 01:21:00+00:00,30028.117044701365,30028.784027661564,30027.551005674737,30029.15325906293,664
2019-06-04 13:21:00+00:00,30026.778159717545,30032.843976413864,30016.80365422741,30027.864808696402,691
2019-06-05 01:21:00+00:00,30025.850655734605,30037.588021590505,30013.134109839615,30023.686427199056,314
2019-06-05 13:21:00+00:00,30027.222140771548,30045.662589709536,30016.70275831015,30027.099412310377,273
2019-06-06 01:21:00+00:00,30026.530115218542,30041.52711394271,30014.102021564686,30026.278545038476,787
2019-06-06 13:21:00+00:00,30027.605742672138,30037.70665432791,30020.272379800877,30026.736158649433,360
2019-06-07 01:21:00+00:00,30024.50570922605,30027.531805972714,30005.005746901323,30024.213680288995,700
2019-06-07 13:21:00+00:00,30025.082143861986,30028.926793715596,30014.539683670337,30024.36236075403,210
2019-06-08 01:21:00+00:00,30026.54600527878,30026.625729216375,30023.10979101296,30026.09167209293,769
2019-06-08 13:21:00+00:00,30025.690141892814,30034.142539003416,30023.566340641384,30026.37929234826,108
2019-06-09 01:21:00+00:00,30025.256305920535,30037.343255415944,30005.50152970566,30025.62030754193,999
2019-06-09 13:21:00+00:00,30026.320850957152,30035.923833214758,30015.494919133565,30025.433880913337,915
2019-06-10 01:21:00+00:00,30025.66917392268,30034.866282041854,30021.84230458453,30026.521046912512,704
2019-06-10 13:21:00+00:00,30023.053355472268,30032.875556780124,30022.65252943867,30024.15797464146,425
2019-06-11 01:21:00+00:00,30022.09809626266,30041.094144685703,30011.350696406676,30021.495665465256,244
2019-06-11 13:21:00+00:00,30022.46407736174,30033.085422311047,30020.74695143168,30022.281536388422,747
2019-06-12 01:21:00+00:00,30022.615502745633,30038.71647633551,30022.072353331343,30024.015785845968,549
2019-06-12 13:21:00+00:00,30022.081199491175,30037.63364853802,30017.344398691144,30020.917973538744,653
2019-06-13 01:21:00+00:00,30022.91275154995,30041.64423051796,30006.687864117568,30021.472850470218,484
2019-06-13 13:21:00+00:00,30022.814433104537,30039.514932046688,30017.342821685575,30021.198880551543,531
2019-06-14 01:21:00+00:00,30022.05141936132,30036.21781509498,30003.508278372927,30020.590234071195,479
2019-06-14 13:21:00+00:00,30024.289321155426,30037.41447326158,30010.821924883825,30023.727285099267,227
2019-06-15 01:21:00+00:00,30022.19467434007,30030.194118877273,30009.63727029948,30023.367413229505,920
2019-06-15 13:21:00+00:00,30021.911895264257,30029.143211052386,30008.255542289513,30023.27083583675,824
2019-06-16 01:21:00+00:00,30022.247883899614,30033.00325104084,30017.62101237277,30022.656075544375,845
2019-06-16 13:21:00+00:00,30021.197151380697,30026.231224584873,30009.498349002053,30019.264901740276,293
2019-06-17 01:21:00+00:00,30020.73761281984,30031.435946063753,30002.916817469348,30021.446365731706,412
2019-06-17 13:21:00+00:00,30020.74971321802,30032.262295816305,30004.346321557387,30019.50987715652,847
2019-06-18 01:21:00+00:00,30020.71831679634,30025.028829628947,30018.0086831587,30020.595014729144,928
2019-06-18 13:21:00+00:00,30020.281405655835,30039.707235707443,30005.03561243087,30021.665291381345,196
2019-06-19 01:21:00+00:00,30020.22886726805,30032.98404693313,30008.762169785176,30019.922732616324,463
2019-06-19 13:21:00+00:00,30020.235201424985,30027.87483142112,30008.026058539806,30020.514821627283,746
2019-06-20 01:21:00+00:00,30020.232708538064,30038.891093014,30007.903916108233,30019.543610990833,870
2019-06-20 13:21:00+00:00,30021.1923757894,30028.416808871985,30015.777507134346,30021.366697250116,485
2019-06-21 01:21:00+00:00,30022.993775645282,30031.020234464486,30010.969327589937,30024.021437507236,954
2019-06-21 13:21:00+00:00,30024.101039008652,30035.280356368577,30010.032639920668,30022.72239630908,273
2019-06-22 01:21:00+00:00,30024.635592722854,30044.634875386455,30009.701987404394,30024.079301183538,427
2019-06-22 13:21:00+00:00,30026.732059205315,30041.21560405755,30025.956457739663,30028.179683392453,533
2019-06-23 01:21:00+00:00,30027.17196676253,30039.95950503979,30007.23272859061,30026.660478228532,906
2019-06-23 13:21:00+00:00,30025.99777546012,30044.1935586699,30008.481663906594,30027.629902635286,885
2019-06-24 01:21:00+00:00,30025.036934748896,30039.826955819604,30023.89487203566,30024.87727659826,175
2019-06-24 13:21:00+00:00,30025.01477014136,30043.20226978273,30014.224840736315,30025.121436232894,331
2019-06-25 01:21:00+00:00,30024.788703574617,30031.060790050466,30009.88059119552,30024.416956999517,258
2019-06-25 13:21:00+00:00,30023.442918484274,30043.148450192217,30019.707644197424,30023.24515075855,638
2019-06-26 01:21:00+00:00,30024.065418738388,30026.296844060264,30023.787881238837,30024.561722043098,155
2019-06-26 13:21:00+00:00,30026.66818233045,30026.763923614002,30015.349837666177,30025.10463550995,576
2019-06-27 01:21:00+00:00,30027.471682049887,30043.628692988532,30024.940081718567,30027.83379858023,452
2019-06-27 13:21:00+00:00,30026.169905985553,30026.778836015485,30016.30876416989,30028.020553705326,232
2019-06-28 01:21:00+00:00,30026.721303204882,30041.16200821671,30018.79517386827,30023.412544684103,992
2019-06-28 13:21:00+00:00,30028.140179758306,30042.19821314491,30020.724897831096,30027.239587943604,375
2019-06-29 01:21:00+00:00,30027.199240169593,30029.560343038786,30019.69928686241,30027.009521885582,811
2019-06-29 13:21:00+00:00,30027.737403683488,30038.355933640174,30016.79729568549,30025.926929077457,223
2019-06-30 01:21:00+00:00,30028.464363284715,30038.856652918257,30024.999838889766,30027.973967343944,956
2019-06-30 13:21:00+00:00,30028.053407064017,30031.589247938977,30019.29840212063,30028.812384954545,395
2019-07-01 01:21:00+00:00,30026.82328099031,30034.089858854346,30023.983632772357,30027.359155083148,449
2019-07-01 13:21:00+00:00,30025.815640519064,30033.373764401327,30018.14004273724,30026.58193066498,731
2019-07-02 01:21:00+00:00,30026.23437121114,30032.961011007337,30022.01778472106,30025.3541732364,819
2019-07-02 13:21:00+00:00,30026.75189415449,30029.784555183094,30024.05843007532,30026.94012998415,167
2019-07-03 01:21:00+00:00,30027.439515099573,30037.906425811303,30012.98909098021,30028.33806800426,869
2019-07-03 13:21:00+00:00,30028.728855456564,30036.137697767565,30026.595220914565,30027.569763213472,491
2019-07-04 01:21:00+00:00,30026.833139606388,30033.41077787568,30009.943432419615,30027.0577883419,863
2019-07-04 13:21:00+00:00,30026.034761778683,30033.42645610299,30023.22163699615,30026.846860326823,784
2019-07-05 01:21:00+00:00,30025.736461250308,30034.861599817636,30021.132411637493,30025.426747846865,810
2019-07-05 13:21:00+00:00,30025.998939803183,30027.172710361454,30013.211248955224,30024.59112992894,280
2019-07-06 01:21:00+00:00,30025.07241562508,30029.692046874432,30016.722059729298,30025.946486917554,686
2019-07-06 13:21:00+00:00,30026.26275107468,30034.270387472403,30017.12397049545,30025.468690552203,984
2019-07-07 01:21:00+00:00,30026.435477857594,30045.567284623612,30015.37303832898,30025.145196919453,517
2019-07-07 13:21:00+00:00,30026.84681038011,30043.60607117463,30012.64258789079,30026.613079105908,959
2019-07-08 01:21:00+00:00,30025.304750946725,30033.43960273711,30024.192917560067,30026.081795975035,629
2019-07-08 13:21:00+00:00,30024.955676359325,30032.873976445204,30020.7363796944,30025.863968641657,804
2019-07-09 01:21:00+00:00,30025.175126842212,30039.68216836333,30011.31382675038,30026.087357646782,146
2019-07-09 13:21:00+00:00,30026.905162005874,30042.162788202993,30013.056762080487,30029.004121769096,888
2019-07-10 01:21:00+00:00,30025.761049035766,30029.223374670066,30016.214475317316,30027.643049744875,770
2019-07-10 13:21:00+00:00,30025.849649805525,30043.32999777295,30019.33374522842,30027.050269052703,213
2019-07-11 01:21:00+00:00,30025.14660679603,30032.488417319895,30020.063905326984,30025.67294886907,958
2019-07-11 13:21:00+00:00,30025.087285532696,30027.150538150607,30019.544162013648,30025.424179281414,548
2019-07-12 01:21:00+00:00,30026.501380088306,30043.278125268393,30015.279250362448,30025.64343417787,474
2019-07-12 13:21:00+00:00,30026.335454414617,30041.985147798132,30016.10393210237,30026.163389198977,420
2019-07-13 01:21:00+00:00,30026.77718826046,30029.879721913956,30017.045494658654,30026.528283669086,201
2019-07-13 13:21:00+00:00,30025.066413152923,30033.550604972326,30023.121400142507,30025.066817102612,510
2019-07-14 01:21:00+00:00,30024.002515856217,30032.59040166607,30013.224238519393,30022.659034924207,838
2019-07-14 13:21:00+00:00,30022.9754270636,30031.936402476622,30007.454366823516,30023.78810939555,195
2019-07-15 01:21:00+00:00,30022.44471700256,30022.93132108262,30019.311768160533,30022.671119762075,582
2019-07-15 13:21:00+00:00,30022.971263212643,30033.89418144469,30022.52415884555,30023.722140329137,516
2019-07-16 01:21:00+00:00,30022.827353485976,30036.498783544583,30020.656914830368,30022.936958007325,777
2019-07-16 13:21:00+00:00,30021.98842152336,30041.711013115004,30017.2489797321,30022.480135377293,272
2019-07-17 01:21:00+00:00,30020.215335320318,30033.896808563746,30009.157587148096,30019.261060253437,572
2019-07-17 13:21:00+00:00,30021.444356803473,30028.39351516341,30007.78596748295,30021.36744644841,217
2019-07-18 01:21:00+00:00,30021.951786999987,30028.80266431101,30018.51703891706,30022.572348273876,342
2019-07-18 13:21:00+00:00,30021.969894231563,30033.425112628116,30019.1861373559,30021.732839522207,922
2019-07-19 01:21:00+00:00,30020.526039655353,30036.57871503431,30018.046846120254,30021.08359229991,232
2019-07-19 13:21:00+00:00,30020.116465048875,30032.732251639278,30011.224494780385,30021.133585519037,888
2019-07-20 01:21:00+00:00,30019.560455800845,30024.862937577207,30013.591515967713,30018.37876463523,490
2019-07-20 13:21:00+00:00,30019.19542172919,30022.60468674083,30015.01567503765,30018.889833191617,662
2019-07-21 01:21:00+00:00,30017.392184742013,30022.85986755836,30007.34767005842,30017.654879265072,960
2019-07-21 13:21:00+00:00,30017.0538360498,30032.962421039447,29998.253271331854,30016.68695206799,264
2019-07-22 01:21:00+00:00,30015.71747955884,30033.41904125918,30010.637410799984,30016.238630953525,920
2019-07-22 13:21:00+00:00,30017.051300264768,30020.75776547589,30009.427470730392,30017.551241749792,838
2019-07-23 01:21:00+00:00,30017.54542489803,30033.168086570542,30014.214330302293,30017.943203928065,410
2019-07-23 13:21:00+00:00,30018.284107635034,30022.849438716094,30001.213475732522,30018.318079678065,915
2019-07-24 01:21:00+00:00,30016.732339855476,30031.050175099055,30011.69968301222,30016.652093189135,349
2019-07-24 13:21:00+00:00,30016.905241077147,30031.97722455423,30001.37278346788,30015.73976159102,155
2019-07-25 01:21:00+00:00,30017.14600583425,30034.96207760642,30011.683279835368,30016.7473800128,578
2019-07-25 13:21:00+00:00,30017.102905409083,30036.81209016997,30006.493893642346,30015.9799629727,431
2019-07-26 01:21:00+00:00,30016.6592937809,30034.723984274846,30014.07473326165,30017.500063533298,245
2019-07-26 13:21:00+00:00,30016.014885261986,30020.35733909123,30011.019276125688,30014.8092389662,783
2019-07-27 01:21:00+00:00,30015.925277350118,30032.23689839998,30008.781920385256,30017.978138951454,257
2019-07-27 13:21:00+00:00,30016.70631642451,30026.967153732206,30006.83293952321,30016.5901158173,618
2019-07-28 01:21:00+00:00,30017.367689212446,30028.129476570564,29998.715142192985,30015.508084270503,727
2019-07-28 13:21:00+00:00,30016.546859797996,30035.6030029502,30003.19946641546,30016.299935448955,230
2019-07-29 01:21:00+00:00,30017.638055402025,30031.48989453077,30004.84470562248,30017.81855579849,918
2019-07-29 13:21:00+00:00,30016.996973056117,30033.7387573324,30008.741533520617,30015.789047089613,969
2019-07-30 01:21:00+00:00,30016.211881426327,30027.64100311172,30015.253508733873,30016.5650039267,964
2019-07-30 13:21:00+00:00,30014.91945520913,30033.806322706754,30004.96185413234,30013.96290446581,681
2019-07-31 01:21:00+00:00,30014.554390676232,30033.09282425898,29995.087133642653,30012.765682628735,702
2019-07-31 13:21:00+00:00,30016.06115203068,30016.865471597386,30009.88949208013,30016.663396663316,740
2019-08-01 01:21:00+00:00,30016.034257659514,30021.615467184536,29997.759167034266,30016.96083287355,984
2019-08-01 13:21:00+00:00,30016.326365196463,30024.0287522445,30013.810321615427,30016.39092934382,352
2019-08-02 01:21:00+00:00,30016.360740533302,30030.582172804705,30012.98414637327,30015.654877100125,871
2019-08-02 13:21:00+00:00,30017.269845899184,30028.969625807873,30001.32051344222,30017.76628547077,893
2019-08-03 01:21:00+00:00,30018.024463112633,30036.334837201954,30015.957151332404,30018.368739616213,713
2019-08-03 13:21:00+00:00,30019.520104489537,30031.800914510906,30000.348468471144,30019.196649786994,159
2019-08-04 01:21:00+00:00,30020.23541566259,30027.54582841427,30017.824009171985,30020.188833146643,425
2019-08-04 13:21:00+00:00,30019.982088575838,30035.14728322904,30019.274664981418,30019.421337203585,575
2019-08-05 01:21:00+00:00,30019.808424077415,30035.491344644084,30000.14352783152,30020.47223816089,180
2019-08-05 13:21:00+00:00,30020.803608890015,30031.494217614523,30006.59559189965,30019.728744676082,339
2019-08-06 01:21:00+00:00,30021.112884047758,30039.54264346702,30016.179080645215,30019.628299053806,210
2019-08-06 13:21:00+00:00,30020.844768431954,30021.57859978021,30009.02894249478,30020.736121930942,293
2019-08-07 01:21:00+00:00,30021.05032153537,30025.28073212367,30009.678730775133,30020.99745696303,670
2019-08-07 13:21:00+00:00,30020.579196306815,30021.634764643113,30006.37158902493,30021.051840257744,868
2019-08-08 01:21:00+00:00,30020.091717641404,30025.34319045621,30014.12782570336,30020.224457552264,427
2019-08-08 13:21:00+00:00,30021.139957746003,30026.636101746117,30002.867877977977,30021.018988818756,163
2019-08-09 01:21:00+00:00,30021.470357023933,30029.816520064935,30008.531177075994,30022.860912008648,423
2019-08-09 13:21:00+00:00,30022.298953322555,30024.954192038454,30005.439227615323,30023.66509061553,709
2019-08-10 01:21:00+00:00,30022.14252445803,30040.652773087517,30018.85864472373,30020.672546715872,600
2019-08-10 13:21:00+00:00,30021.578746250183,30037.447777652447,30005.389177857523,30022.55466975876,908
2019-08-11 01:21:00+00:00,30021.298048979123,30036.74579997635,30007.574424916962,30022.75236681561,530
2019-08-11 13:21:00+00:00,30019.849010442078,30029.06293168966,30002.194203002255,30019.305052681088,505
2019-08-12 01:21:00+00:00,30019.588138512376,30035.955038518565,30016.08166444395,30020.07418099155,962
2019-08-12 13:21:00+00:00,30018.846900124456,30024.9982487865,30015.895263122973,30017.972287729244,679
2019-08-13 01:21:00+00:00,30019.53953662943,30024.516656463984,30019.38610643535,30021.08984658773,592
2019-08-13 13:21:00+00:00,30020.635142546667,30022.252401124013,30018.041968555637,30022.436537783826,425
2019-08-14 01:21:00+00:00,30021.67051157354,30028.02977580341,30016.86861111671,30020.49441957662,407
2019-08-14 13:21:00+00:00,30022.33298065138,30029.556394719668,30014.650502285585,30022.23905603668,348
2019-08-15 01:21:00+00:00,30022.12686637731,30037.660199744347,30009.44121514148,30023.553665922653,885
2019-08-15 13:21:00+00:00,30022.151438313213,30023.36670074679,30021.32506918957,30021.680599533236,887
2019-08-16 01:21:00+00:00,30022.1895226974,30040.27275647079,30012.573003948684,30022.823918224294,158
2019-08-16 13:21:00+00:00,30021.277752067406,30022.36679889832,30020.94304312908,30020.19691172192,467
2019-08-17 01:21:00+00:00,30020.87571723048,30023.080142875668,30016.62387077789,30021.985385702006,154
2019-08-17 13:21:00+00:00,30021.461621376682,30041.412083447725,30002.987761667606,30021.93579820683,425
2019-08-18 01:21:00+00:00,30021.446227181506,30032.785408333995,30018.056315966554,30022.74717185468,714
2019-08-18 13:21:00+00:00,30021.32344299736,30026.843837609213,30015.144231775954,30022.084098200077,882
2019-08-19 01:21:00+00:00,30021.147272757124,30023.6177632969,30011.456959430292,30020.34393758581,140
2019-08-19 13:21:00+00:00,30022.57632618838,30033.32753483225,30016.58381988205,30023.76529719778,500
2019-08-20 01:21:00+00:00,30021.784384373434,30034.713066808694,30006.15928297056,30021.027402448606,817
2019-08-20 13:21:00+00:00,30021.84845295105,30034.245592787047,30014.777827673388,30021.984705545132,180
2019-08-21 01:21:00+00:00,30022.003046900765,30024.18401649738,30016.56653791065,30022.445920342314,344
2019-08-21 13:21:00+00:00,30023.020647790436,30027.846644323577,30008.440957702176,30024.463216090935,888
2019-08-22 01:21:00+00:00,30024.08606448975,30028.089255666448,30009.048014197047,30025.859191259853,523
2019-08-22 13:21:00+00:00,30024.730912925777,30030.049290611834,30005.421225090256,30023.592142441845,676
2019-08-23 01:21:00+00:00,30025.665076591562,30035.40481806326,30023.829537164576,30024.03145554252,801
2019-08-23 13:21:00+00:00,30026.221651458025,30033.680398105655,30018.946812257538,30025.594876437743,420
2019-08-24 01:21:00+00:00,30025.75041844557,30029.246132451404,30020.617331703248,30025.52690714282,470
2019-08-24 13:21:00+00:00,30026.219546193697,30036.575861603567,30013.758931808818,30026.33862842803,205
2019-08-25 01:21:00+00:00,30025.537490876137,30038.38285744564,30014.53752246883,30024.878635143898,434
2019-08-25 13:21:00+00:00,30024.966946646862,30041.90598840942,30016.70600170879,30024.05016409943,910
2019-08-26 01:21:00+00:00,30023.4389943615,30032.719110130365,30015.837939919307,30022.68109932635,489
2019-08-26 13:21:00+00:00,30022.85121160168,30032.942589092047,30014.587781014605,30021.198528542238,230
2019-08-27 01:21:00+00:00,30023.92314142224,30041.57943484645,30023.260088943804,30023.7916446328,836
2019-08-27 13:21:00+00:00,30024.966577600175,30030.477716527963,30007.223114058776,30025.881317024203,748
2019-08-28 01:21:00+00:00,30023.120055182688,30029.03904577364,30017.126441677126,30024.825754131638,279
2019-08-28 13:21:00+00:00,30021.66548709907,30028.296310419835,30002.507004276762,30021.82174679775,541
2019-08-29 01:21:00+00:00,30021.484778442657,30036.053271689256,30015.412173937064,30024.190698035527,443
2019-08-29 13:21:00+00:00,30022.639544313228,30039.043191986468,30007.44651982192,30022.545829069128,730
2019-08-30 01:21:00+00:00,30019.96310239467,30039.91328458083,30010.403139524213,30020.00471699724,731
2019-08-30 13:21:00+00:00,30019.891368762066,30027.53395239462,30011.29736786407,30020.876249614983,523
2019-08-31 01:21:00+00:00,30019.7900669833,30036.095183627367,30009.843082720625,30019.51395541057,704
2019-08-31 13:21:00+00:00,30020.505286632913,30033.172208693617,30018.366199666,30020.416456240357,687
2019-09-01 01:21:00+00:00,30018.983137799365,30032.172926418752,30013.125893505166,30020.24188217284,771
2019-09-01 13:21:00+00:00,30018.301463961678,30031.97000968568,30001.506930009626,30018.07899857821,328
2019-09-02 01:21:00+00:00,30018.32798957181,30031.5648551125,30014.566869672428,30017.185259886348,248
2019-09-02 13:21:00+00:00,30018.29553028915,30037.17013913603,30003.269270375305,30017.670216826937,516
2019-09-03 01:21:00+00:00,30017.232020914176,30034.469605577007,30009.970222295247,30015.602611667353,681
2019-09-03 13:21:00+00:00,30015.374520078476,30023.34253174536,30010.98622609838,30016.415086675945,635
2019-09-04 01:21:00+00:00,30015.487098631966,30018.530627210755,30002.65503555141,30015.781151535077,539
2019-09-04 13:21:00+00:00,30016.309974247037,30024.363694096566,30011.871363134807,30016.32404359413,931
2019-09-05 01:21:00+00:00,30015.184977870547,30030.55965186463,30001.388190461,30015.586060390244,417
2019-09-05 13:21:00+00:00,30014.50900738715,30023.797724332802,29995.809410657173,30012.891647952387,721
2019-09-06 01:21:00+00:00,30014.590987809534,30027.050224544204,30010.031181610877,30014.132314716782,717
2019-09-06 13:21:00+00:00,30015.262757016277,30032.857230010308,30002.55962871044,30015.89503575739,559
2019-09-07 01:21:00+00:00,30014.029861592022,30014.83687975471,30006.611969486137,30014.165625849997,771
2019-09-07 13:21:00+00:00,30013.435637668346,30027.361149332977,30011.741979701463,30011.46370817484,396
2019-09-08 01:21:00+00:00,30014.503246941404,30019.841762386488,30002.640203605024,30016.058449883894,362
2019-09-08 13:21:00+00:00,30014.52755204242,30033.863388287984,30004.843624699457,30013.594163978963,295
2019-09-09 01:21:00+00:00,30013.486508404378,30022.859703949533,30012.03395919652,30012.440749930993,641
2019-09-09 13:21:00+00:00,30014.2677971459,30020.515460827224,30008.846572847004,30013.73326491092,498
2019-09-10 01:21:00+00:00,30013.420007321398,30030.01924518144,30004.898180518943,30013.380717588192,617
2019-09-10 13:21:00+00:00,30015.078031366316,30015.101052212598,29998.852473815252,30015.307912668646,993
2019-09-11 01:21:00+00:00,30014.474142018404,30027.7391085988,30008.50967502759,30015.658647940047,165
2019-09-11 13:21:00+00:00,30013.98935218423,30016.32694489832,30007.500234917028,30012.670075046248,239
2019-09-12 01:21:00+00:00,30013.633610634366,30027.77848482113,30010.34437804332,30014.950098431545,162
2019-09-12 13:21:00+00:00,30012.184130925878,30022.503392993396,29994.75442133862,30012.714887965758,717
2019-09-13 01:21:00+00:00,30012.11199772424,30013.914563743914,30001.0999198655,30012.547964652265,464
2019-09-13 13:21:00+00:00,30012.483839550194,30016.5578702098,30005.709010291324,30013.088734011162,384
2019-09-14 01:21:00+00:00,30012.877673799445,30017.65327531148,30011.727671668217,30014.15317897467,220
2019-09-14 13:21:00+00:00,30014.210939372846,30029.05027588819,29994.75453665121,30013.771115521835,251
2019-09-15 01:21:00+00:00,30014.006495824593,30023.873602653588,30008.770517536595,30014.093009627883,248
2019-09-15 13:21:00+00:00,30014.519378220364,30031.719095948014,30003.28572257242,30014.662393224236,440
2019-09-16 01:21:00+00:00,30015.531583269072,30029.146146406405,30003.366871512182,30014.481039059312,294
2019-09-16 13:21:00+00:00,30013.89060513882,30027.327396719644,29999.624139755266,30014.759476780528,917
2019-09-17 01:21:00+00:00,30014.836282267177,30023.1394631021,30012.931840434507,30014.38234496594,200
2019-09-17 13:21:00+00:00,30014.573852595262,30027.02978264048,30001.635415561057,30015.6835492512,633
2019-09-18 01:21:00+00:00,30014.165074174103,30020.92682549038,30002.93177438808,30015.053217431752,583
2019-09-18 13:21:00+00:00,30014.857968639393,30016.55434028182,29999.716752991513,30015.23748918214,454
2019-09-19 01:21:00+00:00,30015.823140627854,30016.596255046723,30004.02429269982,30016.437599131525,943
2019-09-19 13:21:00+00:00,30017.165349720854,30026.165495568024,30010.658595774486,30017.944832496538,479
2019-09-20 01:21:00+00:00,30015.75390686614,30020.624832237398,30004.46669518813,30014.534885869503,707
2019-09-20 13:21:00+00:00,30015.79039799857,30033.549182770224,30001.94541962231,30015.23905578215,143
2019-09-21 01:21:00+00:00,30015.7543171254,30030.65860637604,30013.308504902707,30015.197921354185,396
2019-09-21 13:21:00+00:00,30014.888883734067,30030.55117940567,30006.383872718376,30016.845365698293,883
2019-09-22 01:21:00+00:00,30016.41638210866,30019.7276535289,30015.220365553898,30017.824918221762,250
2019-09-22 13:21:00+00:00,30016.540762209832,30027.413608508505,30000.339062704832,30016.876575177957,648
2019-09-23 01:21:00+00:00,30016.442378669653,30032.536412162655,30006.875202424697,30017.354429378487,943
2019-09-23 13:21:00+00:00,30016.116742862436,30022.410937792647,30002.420168427292,30016.57856688973,156
2019-09-24 01:21:00+00:00,30015.923046462736,30031.81830001161,30007.41811599044,30016.809725796153,757
2019-09-24 13:21:00+00:00,30014.68237148237,30019.365606783467,30009.835379534,30014.46490930436,104
2019-09-25 01:21:00+00:00,30015.166299346114,30032.943141142438,29997.394700854962,30014.846382692285,449
2019-09-25 13:21:00+00:00,30014.279795407725,30028.265817953343,30012.2243118801,30013.86366347949,926
2019-09-26 01:21:00+00:00,30014.01141914426,30015.039579540695,29999.395452192137,30013.11288858852,818
2019-09-26 13:21:00+00:00,30013.362339394647,30021.25766723514,29997.756766026694,30014.50253095471,598
2019-09-27 01:21:00+00:00,30012.054280549204,30014.155165955166,29992.737097425575,30013.356692847643,190
2019-09-27 13:21:00+00:00,30012.05859570332,30031.839311986627,30001.480973545105,30011.212253890786,986
2019-09-28 01:21:00+00:00,30012.28618606448,30029.933200469717,29999.17472386771,30012.722322919468,414
2019-09-28 13:21:00+00:00,30012.99384692418,30015.65577629796,29993.902569406015,30011.002319963947,991
2019-09-29 01:21:00+00:00,30013.670942750727,30023.671279682585,30004.022281580805,30014.999182479318,808
2019-09-29 13:21:00+00:00,30012.31233838075,30032.289436869494,29994.752229963655,30011.204425695116,245
2019-09-30 01:21:00+00:00,30013.261584216787,30028.36146049836,30002.997804952967,30012.767764816,269
2019-09-30 13:21:00+00:00,30012.87857671254,30018.10412639481,30000.78200569113,30012.355455698194,206
2019-10-01 01:21:00+00:00,30012.753632956264,30032.112286470347,30006.225655366474,30011.742953010886,549
2019-10-01 13:21:00+00:00,30013.008619020995,30025.523525729066,30011.74885138811,30013.229951340134,417
2019-10-02 01:21:00+00:00,30012.475192485097,30015.721196779217,30007.781827699528,30010.92759007981,900
2019-10-02 13:21:00+00:00,30012.028415597946,30027.888258098377,29998.118579795253,30013.68386049859,752
2019-10-03 01:21:00+00:00,30013.26332284543,30030.993315770535,30008.30683153042,30015.417563121944,435
2019-10-03 13:21:00+00:00,30012.85242809154,30021.240827354028,29998.1600476675,30011.233577964565,876
2019-10-04 01:21:00+00:00,30013.24769406953,30025.99737662027,30009.83197116792,30012.565721346567,601
2019-10-04 13:21:00+00:00,30013.444726708745,30014.356315196037,29997.508734328992,30013.725536613623,327
2019-10-05 01:21:00+00:00,30014.440696742367,30031.58480459588,29999.69344311973,30013.691539720676,571
2019-10-05 13:21:00+00:00,30014.733872483346,30027.034950301277,30013.046321058246,30014.60122813037,363
2019-10-06 01:21:00+00:00,30014.401259647046,30024.13990426627,30006.753530860144,30013.31932423498,739
2019-10-06 13:21:00+00:00,30014.640602561547,30016.48581389735,29999.101845273628,30015.43445451804,746
2019-10-07 01:21:00+00:00,30013.874953956227,30015.839517378758,29997.374811120226,30012.465678540244,659
2019-10-07 13:21:00+00:00,30015.895784018514,30029.546289776867,30011.17502581483,30017.086904588446,539
2019-10-08 01:21:00+00:00,30015.793374783938,30030.336932695835,30011.338768183254,30017.20942117074,469
2019-10-08 13:21:00+00:00,30014.803729836967,30022.99689880653,30008.347191992645,30016.501425329916,889
2019-10-09 01:21:00+00:00,30013.64327639093,30024.136627982924,29998.044496396968,30014.05318014726,489
2019-10-09 13:21:00+00:00,30015.23273408719,30028.121319264217,30001.539583284673,30014.840546738193,689
2019-10-10 01:21:00+00:00,30015.759072843142,30029.438563049953,30008.81696140916,30016.11607902609,116
2019-10-10 13:21:00+00:00,30016.26585735614,30029.280627856537,30006.484971204787,30015.699540225258,480
2019-10-11 01:21:00+00:00,30017.760916263138,30034.54955001364,29998.320908455837,30020.236301811256,226
2019-10-11 13:21:00+00:00,30016.16864374102,30021.158418065792,30006.236332864166,30017.549458291374,212
2019-10-12 01:21:00+00:00,30014.891462142892,30031.967623981716,29996.52246270152,30013.575350548206,168
2019-10-12 13:21:00+00:00,30014.21713173322,30028.076800163835,30001.51802799777,30014.36275744726,447
2019-10-13 01:21:00+00:00,30012.38260694627,30016.55313403652,29992.494668962598,30012.43280196905,345
2019-10-13 13:21:00+00:00,30013.849365697213,30016.28033850402,30012.652872095474,30014.221206312162,290
2019-10-14 01:21:00+00:00,30012.991397271653,30018.416858827306,30009.108574770253,30012.505280201534,380
2019-10-14 13:21:00+00:00,30014.195426652852,30030.478404466863,29996.21364738253,30012.26137119428,516
2019-10-15 01:21:00+00:00,30013.153068582804,30031.207540819105,29997.863783757228,30014.55665100272,705
2019-10-15 13:21:00+00:00,30013.41508423206,30014.71489822798,30005.73404923778,30012.931364413827,625
2019-10-16 01:21:00+00:00,30013.139292618354,30024.12085270147,30003.358617771057,30012.219161202793,128
2019-10-16 13:21:00+00:00,30009.68461214601,30022.31377461275,30006.5056669014,30008.755744270326,135
2019-10-17 01:21:00+00:00,30008.305862505393,30020.815919055654,29999.178212140087,30009.563957852657,258
2019-10-17 13:21:00+00:00,30009.1657407148,30025.915612355315,29994.96301011611,30010.195655980482,721
2019-10-18 01:21:00+00:00,30008.000594869194,30009.7104511622,29990.282142094537,30007.853988950228,115
2019-10-18 13:21:00+00:00,30008.16931170742,30020.69402786041,29992.134928406253,30007.387299569644,990
2019-10-19 01:21:00+00:00,30008.2957929588,30011.549963508256,30007.81048157893,30009.195553235044,133
2019-10-19 13:21:00+00:00,30008.098532473465,30010.613197217957,30003.13877071938,30008.698026011636,725
2019-10-20 01:21:00+00:00,30007.516344795764,30010.740791982884,29995.76417150364,30007.10702392835,226
2019-10-20 13:21:00+00:00,30006.74081730442,30021.147042608343,30002.968562399103,30005.683741982906,249
2019-10-21 01:21:00+00:00,30005.795983277287,30019.424408826064,29990.219765056394,30004.282589656083,705
2019-10-21 13:21:00+00:00,30006.033458719983,30007.38118625766,29988.86595764975,30006.574457388615,672
2019-10-22 01:21:00+00:00,30005.808208415634,30017.257774123915,30001.631875188345,30004.39859709834,698
2019-10-22 13:21:00+00:00,30005.84422405434,30022.652019618577,29987.47268937305,30006.67372958685,887
2019-10-23 01:21:00+00:00,30004.954276630906,30023.88538614515,29989.685208419276,30004.26693829939,719
2019-10-23 13:21:00+00:00,30004.955024194725,30011.28049051527,30000.41606377262,30005.385795860977,579
2019-10-24 01:21:00+00:00,30003.86546581633,30010.02871307337,29986.87914505812,30003.249859527965,230
2019-10-24 13:21:00+00:00,30003.04576796683,30008.53121220559,29997.67585260038,30003.800593153308,664
2019-10-25 01:21:00+00:00,30005.350048301007,30022.95739344456,30002.181202083524,30006.032486139673,154
2019-10-25 13:21:00+00:00,30004.644730455984,30007.67285656209,29994.99692096899,30003.669192701916,235
2019-10-26 01:21:00+00:00,30004.683887103838,30011.986699115834,29994.956193507016,30004.224482636928,580
2019-10-26 13:21:00+00:00,30003.224013119772,30014.39606734879,29995.64610661645,30004.428199673483,564
2019-10-27 01:21:00+00:00,30003.862510766918,30023.122776378565,29998.120717822505,30002.074962052917,476
2019-10-27 13:21:00+00:00,30003.374188874037,30012.0772098802,29995.77166645194,30003.373545968174,879
2019-10-28 01:21:00+00:00,30002.37347202856,30016.65385627297,29986.560403197764,30000.90777311621,916
2019-10-28 13:21:00+00:00,30001.00295116417,30005.138916503525,29985.440178505134,30000.291850597245,513
2019-10-29 01:21:00+00:00,30000.633136040335,30004.115198104333,29993.240580879294,30003.211796844545,859
2019-10-29 13:21:00+00:00,30001.820139365715,30002.30745537237,30001.79005170079,30002.611401340717,606
2019-10-30 01:21:00+00:00,30001.537642316267,30016.178997336374,29982.945437763465,30000.490307313852,192
2019-10-30 13:21:00+00:00,30003.290040020816,30022.408808730954,29995.110973740975,30003.35024338671,246
2019-10-31 01:21:00+00:00,30002.55848030657,30022.119971932018,29995.636695496887,30002.683378583817,547
2019-10-31 13:21:00+00:00,30003.255788426744,30003.74085013494,29993.09871469065,30002.93875304134,782
2019-11-01 01:21:00+00:00,30002.759054911327,30017.424891871553,29994.754627033955,30003.756817788326,254
2019-11-01 13:21:00+00:00,30001.95605453697,30006.48032846108,29982.509428301346,30001.4983276203,125
2019-11-02 01:21:00+00:00,30003.304271299334,30012.02167979856,29994.460651196074,30003.644270770463,751
2019-11-02 13:21:00+00:00,30004.00682975412,30013.093315602928,30003.313284737396,30002.84881365237,313
2019-11-03 01:21:00+00:00,30004.683398559435,30019.834377868265,29999.73131986551,30005.156800885223,988
2019-11-03 13:21:00+00:00,30004.482525529733,30018.471655451664,29994.08195938726,30004.590639184844,404
2019-11-04 01:21:00+00:00,30003.420891854093,30013.620665454822,29983.431220423772,30004.29765753736,180
2019-11-04 13:21:00+00:00,30003.46691237282,30015.56533068084,29983.51644296649,30002.49613389449,610
2019-11-05 01:21:00+00:00,30003.607642480714,30004.457420415838,29986.530335483196,30002.707297062705,218
2019-11-05 13:21:00+00:00,30001.887562219483,30018.886953362933,29994.055004134087,30001.111693606752,773
2019-11-06 01:21:00+00:00,30002.27988996766,30016.20377882109,29986.239364253295,30001.199520702237,528
2019-11-06 13:21:00+00:00,30002.35057515281,30019.08775201694,29983.96042088721,30002.808570997648,345
2019-11-07 01:21:00+00:00,30002.013301684223,30014.439350155488,29989.454151715276,30002.645440644763,191
2019-11-07 13:21:00+00:00,30002.713774525266,30018.93718645593,29993.352009706014,30005.14823386384,876
2019-11-08 01:21:00+00:00,30003.17659355705,30007.469563129533,29998.902627499447,30003.06799378387,573
2019-11-08 13:21:00+00:00,30003.651444457348,30019.589035601282,30001.771628213515,30002.96591763546,438
2019-11-09 01:21:00+00:00,30002.37261686647,30008.89939326168,29992.380455071318,30002.616412757558,357
2019-11-09 13:21:00+00:00,30002.32347026505,30004.039661731338,29983.952846240645,30001.356748048354,517
2019-11-10 01:21:00+00:00,30000.91881786068,30002.378265363353,29995.663733640937,30001.965435397364,440
2019-11-10 13:21:00+00:00,29998.87848803388,30004.84532691931,29981.211352602055,29997.95309260364,132
2019-11-11 01:21:00+00:00,29998.317793523765,30011.194692646255,29995.814491985224,29997.06642245626,438
2019-11-11 13:21:00+00:00,29999.52162886214,30011.6427901628,29993.048880070568,30000.08728205409,764
2019-11-12 01:21:00+00:00,30000.005011261874,30018.027901498444,29996.847232837594,30001.49359151567,833
2019-11-12 13:21:00+00:00,30000.380577351887,30018.69480793192,29992.583573047872,30001.358623971235,683
2019-11-13 01:21:00+00:00,30000.100432672243,30015.476545039837,29993.65957502962,29999.297926447347,838
2019-11-13 13:21:00+00:00,29999.294683435983,30014.97008711821,29994.335818314226,29998.976437670302,794
2019-11-14 01:21:00+00:00,29997.987672886196,30000.329605322502,29986.253082773463,29998.165658276677,751
2019-11-14 13:21:00+00:00,30001.26211145163,30021.129814929493,29983.166121102637,30001.288610447642,259
2019-11-15 01:21:00+00:00,30001.978827051556,30012.175596580062,29997.010297669774,30001.608034421974,383
2019-11-15 13:21:00+00:00,30001.284679422733,30002.40093536495,29994.8983863176,30000.904428104262,309
2019-11-16 01:21:00+00:00,30002.23675362813,30013.470932588472,29984.728883907235,30001.629170661843,849
2019-11-16 13:21:00+00:00,30004.24171251775,30006.96957825003,29984.431597690076,30002.478502767848,823
2019-11-17 01:21:00+00:00,30004.39684154141,30007.945873822722,29999.923907687313,30004.94916347095,839
2019-11-17 13:21:00+00:00,30003.245451728515,30007.77049560915,29997.397396110715,30004.065972374185,551
2019-11-18 01:21:00+00:00,30003.97169861526,30008.24792750709,29985.19070466294,30003.77125566628,878
2019-11-18 13:21:00+00:00,30004.03646891021,30007.0148490468,30003.43940226304,30003.550217262553,973
2019-11-19 01:21:00+00:00,30005.20070849847,30022.51428122459,30002.307758077066,30006.008100335028,279
2019-11-19 13:21:00+00:00,30006.44738408812,30009.30795296642,29992.508709286976,30008.03364140111,741
2019-11-20 01:21:00+00:00,30006.589896274887,30025.908187024917,29990.280425738667,30005.828140289916,235
2019-11-20 13:21:00+00:00,30005.29872779986,30024.687601629907,30003.951340058913,30006.030945545728,248
2019-11-21 01:21:00+00:00,30005.937944995207,30007.588481885257,29989.12338846478,30005.25317672973,992
2019-11-21 13:21:00+00:00,30005.837779997648,30014.117608526518,29993.515031935633,30006.607537099197,291
2019-11-22 01:21:00+00:00,30007.128106916312,30023.710157271278,30003.604229057288,30006.744246102375,906
2019-11-22 13:21:00+00:00,30006.478797756467,30016.361232252886,29996.661611196658,30006.662931699087,542
2019-11-23 01:21:00+00:00,30006.03899848551,30013.62729850753,29990.712489776088,30005.240032588787,948
2019-11-23 13:21:00+00:00,30005.828735702675,30024.272682527786,29999.8388807795,30006.427407461342,483
2019-11-24 01:21:00+00:00,30005.925994295758,30012.876191801202,29999.152390062027,30003.675821476256,709
2019-11-24 13:21:00+00:00,30005.908598309576,30007.552041918763,29998.59137149162,30004.811281054866,570
2019-11-25 01:21:00+00:00,30006.293938099032,30024.990472957637,30004.468239100574,30005.623289134575,700
2019-11-25 13:21:00+00:00,30005.651663040237,30024.13606256647,29999.9604982751,30005.95556625415,868
2019-11-26 01:21:00+00:00,30006.316298870635,30010.12575854483,30005.221958582704,30006.473583354866,478
2019-11-26 13:21:00+00:00,30007.935546046938,30018.960797890006,29993.353144829573,30007.402892836475,427
2019-11-27 01:21:00+00:00,30007.595018830638,30014.55744385878,30003.903488300024,30005.22754538734,760
2019-11-27 13:21:00+00:00,30006.785392474354,30015.540175942948,29998.56401916826,30007.053960515394,698
2019-11-28 01:21:00+00:00,30007.204590318135,30027.023079250812,29994.44612690102,30008.472225878988,184
2019-11-28 13:21:00+00:00,30007.774879497905,30012.635656801933,30002.220447943204,30007.99069667443,576
2019-11-29 01:21:00+00:00,30007.273710043777,30018.469409445555,30000.282181214003,30006.839486795096,507
2019-11-29 13:21:00+00:00,30007.451227863174,30021.550582554402,29987.890670762416,30006.875111183122,173
2019-11-30 01:21:00+00:00,30007.325793372223,30024.941689719224,29992.87422587348,30008.504323667523,827
2019-11-30 13:21:00+00:00,30007.397910409283,30022.59239844627,30006.898225409972,30008.084411475276,330
2019-12-01 01:21:00+00:00,30008.546246308713,30015.312068362648,29990.11785947325,30009.390850694293,796
2019-12-01 13:21:00+00:00,30009.009175074985,30021.800075544867,29992.36592871238,30007.688430886305,379
2019-12-02 01:21:00+00:00,30008.148129720066,30021.534653600436,29999.95371763581,30008.39364544171,389
2019-12-02 13:21:00+00:00,30008.932421247646,30020.828702924682,30004.62389286597,30010.43623191539,264
2019-12-03 01:21:00+00:00,30009.378492789867,30011.08951814231,29999.95789969393,30006.18286408529,700
2019-12-03 13:21:00+00:00,30010.125187369453,30025.877197875845,29991.41266919883,30011.697547656036,267
2019-12-04 01:21:00+00:00,30012.48468005119,30028.47023242068,30009.326708151635,30011.826365303827,161
2019-12-04 13:21:00+00:00,30011.109125093986,30016.32759131707,29998.12368175588,30012.190323485407,968
2019-12-05 01:21:00+00:00,30010.823819161797,30015.95067580642,29996.062931571483,30010.165483107216,935
2019-12-05 13:21:00+00:00,30011.342107837914,30026.530640473193,30006.676452584772,30012.141611779945,118
2019-12-06 01:21:00+00:00,30010.609523032388,30027.824525374243,29993.370710758296,30011.231492499246,971
2019-12-06 13:21:00+00:00,30010.753760981188,30013.692900215927,29997.879930302013,30010.075731755573,713
2019-12-07 01:21:00+00:00,30010.6666511333,30026.967339066716,29992.188969398405,30010.806388396628,455
2019-12-07 13:21:00+00:00,30009.40951940818,30026.827053938803,29989.794692168132,30011.62874126329,856
2019-12-08 01:21:00+00:00,30009.756042045658,30015.21552281256,30002.58295690867,30009.822723520392,107
2019-12-08 13:21:00+00:00,30010.278804708207,30018.382135961478,29998.54789970742,30010.58439223143,304
2019-12-09 01:21:00+00:00,30009.85904720997,30018.124949627185,30004.257452086975,30009.14345264946,633
2019-12-09 13:21:00+00:00,30010.679842063822,30027.526040526987,30009.300919985075,30013.296204874143,341
2019-12-10 01:21:00+00:00,30011.572783061583,30014.068976959625,29993.913038590228,30010.844293951803,220
2019-12-10 13:21:00+00:00,30014.23250605732,30028.893115081675,29999.40387305407,30015.38325857705,145
2019-12-11 01:21:00+00:00,30016.374969865283,30036.244039226913,30012.595515815556,30016.010473878025,484
2019-12-11 13:21:00+00:00,30013.779547189024,30024.65741256521,30004.747292682325,30013.059446960615,199
2019-12-12 01:21:00+00:00,30012.47515315936,30019.17891440252,29995.370146659323,30012.561928487383,666
2019-12-12 13:21:00+00:00,30013.14581872156,30022.240059613723,30011.114602379013,30013.299095542818,899
2019-12-13 01:21:00+00:00,30013.672137239406,30029.465199445345,30001.51487104546,30013.521389836646,582
2019-12-13 13:21:00+00:00,30013.806813379808,30014.00858803882,30000.68287742668,30013.441005291646,348
2019-12-14 01:21:00+00:00,30013.802707884937,30014.52382003446,30004.679978642085,30014.474058843614,982
2019-12-14 13:21:00+00:00,30014.03815815339,30022.361022772304,29997.306147004474,30014.899037170122,952
2019-12-15 01:21:00+00:00,30014.175521931604,30032.990100777486,30007.315752913426,30015.60280336044,792
2019-12-15 13:21:00+00:00,30014.122819860513,30019.732786134195,30000.463105968363,30013.342847051106,128
2019-12-16 01:21:00+00:00,30015.85860083814,30020.7313428438,30006.536232622384,30016.33207574276,708
2019-12-16 13:21:00+00:00,30015.463215280546,30024.309367246427,30006.630835482218,30014.86278586182,235
2019-12-17 01:21:00+00:00,30014.90367296156,30024.017031153675,30007.609223753687,30015.80737870273,346
2019-12-17 13:21:00+00:00,30015.10168872117,30019.62793565446,30010.604566573238,30014.943454812106,756
2019-12-18 01:21:00+00:00,30014.90871801653,30028.927474114513,30009.32589116362,30014.365376645776,379
2019-12-18 13:21:00+00:00,30013.78601618748,30032.0143831683,29996.085491000376,30012.558976236975,321
2019-12-19 01:21:00+00:00,30014.152513537047,30017.948694196908,29996.52873606809,30013.528712438776,692
2019-12-19 13:21:00+00:00,30014.899999689962,30028.853667273175,29995.34825376473,30014.563989185117,733
2019-12-20 01:21:00+00:00,30014.56428094666,30016.421686613026,30009.246030362523,30014.142646779594,379
2019-12-20 13:21:00+00:00,30015.3056601171,30019.62062927836,30004.670742853377,30015.332827938928,912
2019-12-21 01:21:00+00:00,30015.842787801525,30024.371230648696,30006.280050426274,30017.354939210873,331
2019-12-21 13:21:00+00:00,30015.495785885792,30028.21918600468,29997.620377666222,30014.844403077495,462
2019-12-22 01:21:00+00:00,30015.651874098734,30024.488874683382,30010.67811367958,30014.093169522683,671
2019-12-22 13:21:00+00:00,30016.29412275161,30023.529079176005,30016.19250457144,30016.183580790585,424
2019-12-23 01:21:00+00:00,30015.589742190106,30017.02396123988,30013.635088021754,30015.577302205853,924
2019-12-23 13:21:00+00:00,30016.57435642103,30036.475734768992,29998.060104435175,30018.087371922305,834
2019-12-24 01:21:00+00:00,30019.57368040182,30028.000641614835,30012.34734375047,30019.585724080032,243
2019-12-24 13:21:00+00:00,30019.104505227235,30037.865847224333,30010.519044625933,30019.974023725907,753
2019-12-25 01:21:00+00:00,30018.9032886107,30028.28576942474,30007.52692558715,30019.726038004676,827
2019-12-25 13:21:00+00:00,30018.967452920646,30031.10762968414,30008.375232356433,30020.201610797412,310
2019-12-26 01:21:00+00:00,30018.218794381446,30034.705784580707,30006.9921401582,30017.104727785405,675
2019-12-26 13:21:00+00:00,30017.272253739327,30030.38448461747,29999.06519929985,30016.213391800055,623
2019-12-27 01:21:00+00:00,30018.838991048902,30022.59712948307,30018.239634845875,30018.826604918253,787
2019-12-27 13:21:00+00:00,30018.043756420415,30029.300231260906,30006.162324299883,30017.35154645684,461
2019-12-28 01:21:00+00:00,30017.91564313633,30026.98377889759,30014.91402733599,30017.818424753405,862
2019-12-28 13:21:00+00:00,30019.34232540664,30032.390514075865,30002.97784548575,30019.556671814214,519
2019-12-29 01:21:00+00:00,30018.509493321544,30022.751512783634,30003.630177464926,30018.298274802295,985
2019-12-29 13:21:00+00:00,30019.536107490778,30021.088774550783,30010.537568644468,30020.18411927063,513
2019-12-30 01:21:00+00:00,30020.4635588492,30020.95860571035,30000.541230147934,30021.00808449583,909
2019-12-30 13:21:00+00:00,30020.20681106383,30028.662506079712,30003.420669782023,30020.51622994508,279
2019-12-31 01:21:00+00:00,30018.68553723705,30020.933802385345,30002.9309093608,30018.015399909007,104
2019-12-31 13:21:00+00:00,30019.953577499782,30035.25616961878,30001.402804728583,30019.66016027957,206
2020-01-01 01:21:00+00:00,30019.664130605266,30022.642417636504,30001.35860789155,30020.120370314886,617
2020-01-01 13:21:00+00:00,30020.760762791342,30037.147257064735,30006.793460355573,30022.40694259884,455
2020-01-02 01:21:00+00:00,30020.786791364757,30040.4261217967,30002.926431540076,30019.696231490423,386
2020-01-02 13:21:00+00:00,30021.999420380445,30036.60661496301,30006.747719439783,30022.582616811153,559
2020-01-03 01:21:00+00:00,30021.88040440844,30038.451355372537,30017.802691877903,30023.62782149135,824
2020-01-03 13:21:00+00:00,30020.52158032388,30034.35910427217,30015.391849715863,30020.080599914163,349
2020-01-04 01:21:00+00:00,30023.12588446147,30041.321639165555,30003.99049446152,30023.587664615752,413
2020-01-04 13:21:00+00:00,30022.419498111685,30025.981278691954,30005.4673970307,30022.049694038837,576
2020-01-05 01:21:00+00:00,30022.38696281802,30038.376240580787,30007.06561033115,30023.847924727856,978
2020-01-05 13:21:00+00:00,30021.243711093295,30032.757109283524,30009.784106237697,30020.48840781166,882
2020-01-06 01:21:00+00:00,30021.11579402106,30026.855485584863,30008.172773273836,30021.490995730655,810
2020-01-06 13:21:00+00:00,30019.9678826855,30024.26291815855,30006.226992144446,30018.598803445322,321
2020-01-07 01:21:00+00:00,30020.243158162175,30030.779700232244,30006.640389481043,30021.608613926277,226
2020-01-07 13:21:00+00:00,30021.44201423018,30021.56189244161,30020.028112229968,30020.6336652621,893
2020-01-08 01:21:00+00:00,30022.494386300474,30037.284923508712,30018.521684697378,30023.463553317764,672
2020-01-08 13:21:00+00:00,30021.082600288933,30039.332750734025,30012.613625308513,30019.92542967503,482
2020-01-09 01:21:00+00:00,30021.34004215266,30025.865322914226,30021.216293320485,30020.561399385613,671
2020-01-09 13:21:00+00:00,30021.579587034124,30023.207986977406,30011.806711606034,30022.264359028763,644
2020-01-10 01:21:00+00:00,30020.703942921402,30033.11920207846,30016.30333459799,30019.167790484793,884
2020-01-10 13:21:00+00:00,30020.96428076525,30029.97101837154,30008.20155169971,30021.432311658627,123
2020-01-11 01:21:00+00:00,30020.799354147453,30038.152988847734,30017.66107576346,30020.451845475516,135
2020-01-11 13:21:00+00:00,30021.70217470576,30039.405974447578,30002.81476611524,30020.344197403,374
2020-01-12 01:21:00+00:00,30022.803308699793,30027.18729143074,30005.629539305464,30023.199760358333,572
2020-01-12 13:21:00+00:00,30022.039282460042,30038.74196264146,30004.52498215156,30022.54123972893,385
2020-01-13 01:21:00+00:00,30020.881183386402,30027.02718605211,30002.248174646396,30020.52683263987,486
2020-01-13 13:21:00+00:00,30021.38904681199,30035.190291477946,30009.04959782979,30021.827578570566,353
2020-01-14 01:21:00+00:00,30022.22167357659,30022.987439477434,30020.133442462455,30022.80251558461,713
2020-01-14 13:21:00+00:00,30023.802625055905,30028.377997874268,30017.958108459752,30022.374217047694,850
2020-01-15 01:21:00+00:00,30024.252390890982,30031.59714915454,30014.819938857883,30023.36545280005,942
2020-01-15 13:21:00+00:00,30025.573880888027,30037.296155125463,30016.240503338573,30025.379265780342,307
2020-01-16 01:21:00+00:00,30024.561043270594,30029.989004820087,30010.627348705453,30025.456402442407,666
2020-01-16 13:21:00+00:00,30025.075696331816,30043.09809319902,30009.046501426,30025.70597689893,278
2020-01-17 01:21:00+00:00,30025.71466619256,30043.031905961743,30020.93822215971,30026.356580039595,436
2020-01-17 13:21:00+00:00,30025.81007080895,30045.76608476402,30024.437644854195,30026.91427163752,623
2020-01-18 01:21:00+00:00,30025.133844914806,30028.35315502729,30019.029242559584,30025.13695215303,793
2020-01-18 13:21:00+00:00,30025.306870736422,30033.201425919033,30008.81589117946,30024.308023631154,464
2020-01-19 01:21:00+00:00,30024.835294305878,30030.898513684853,30013.313872089024,30024.08536854788,161
2020-01-19 13:21:00+00:00,30025.658012006723,30029.398570314184,30019.78319051646,30024.625308348375,181
2020-01-20 01:21:00+00:00,30024.664723253994,30028.453725305844,30016.08999511377,30023.914645601588,673
2020-01-20 13:21:00+00:00,30025.050149470873,30033.48229190721,30013.500383593462,30024.418850618003,219
2020-01-21 01:21:00+00:00,30025.82739976594,30031.77071879531,30018.40438824482,30025.60715321022,888
2020-01-21 13:21:00+00:00,30024.858855507282,30030.918929943105,30023.385387279362,30024.267645619253,631
2020-01-22 01:21:00+00:00,30025.765089739547,30044.552867889495,30010.982706504084,30024.979916994016,708
2020-01-22 13:21:00+00:00,30025.64182405197,30043.416195882517,30019.859879094067,30026.264270961343,566
2020-01-23 01:21:00+00:00,30025.914060056253,30043.05900357499,30011.72676687284,30025.333802788286,422
2020-01-23 13:21:00+00:00,30026.951984559786,30031.330460739624,30021.620629008597,30026.491007891094,466
2020-01-24 01:21:00+00:00,30028.04525576278,30037.632447460386,30023.53549685535,30027.36066517566,752
2020-01-24 13:21:00+00:00,30029.512880116545,30035.755674551543,30016.619865035747,30029.252709274748,418
2020-01-25 01:21:00+00:00,30028.07568868669,30041.128210002247,30013.456512025085,30028.079008782996,487
2020-01-25 13:21:00+00:00,30027.840585685266,30032.18463837869,30012.748734268695,30026.62682140424,317
2020-01-26 01:21:00+00:00,30028.481257734515,30030.080599650704,30023.869607678695,30029.57966736631,337
2020-01-26 13:21:00+00:00,30027.632623711102,30034.926344014628,30015.53512317236,30026.600656913135,642
2020-01-27 01:21:00+00:00,30025.915829555826,30029.151761052617,30015.28864977449,30025.92444078036,607
2020-01-27 13:21:00+00:00,30027.769144228103,30045.96005217133,30026.85080295929,30028.285064213036,191
2020-01-28 01:21:00+00:00,30026.261769428784,30031.981776250635,30013.92445085357,30024.45803094474,357
2020-01-28 13:21:00+00:00,30027.842009019307,30047.805758829538,30008.367985965324,30028.434735157207,665
2020-01-29 01:21:00+00:00,30026.898240191673,30043.97964559416,30023.993083507994,30026.949738559215,625
2020-01-29 13:21:00+00:00,30028.34473237655,30045.695855975722,30024.28430388081,30028.93557267874,936
2020-01-30 01:21:00+00:00,30028.342259233563,30039.22565598375,30021.237565070474,30029.00090680645,360
2020-01-30 13:21:00+00:00,30029.701959273363,30036.93947366237,30025.530975990652,30029.771161646386,392
2020-01-31 01:21:00+00:00,30029.204120087084,30036.76735894246,30026.824655042103,30028.037937544163,366
2020-01-31 13:21:00+00:00,30030.496872277916,30040.554555263694,30024.20202084532,30029.77149977155,301
2020-02-01 01:21:00+00:00,30028.384407853122,30040.242627789958,30013.618594740336,30028.35372457157,751
2020-02-01 13:21:00+00:00,30027.899832973453,30029.11076177239,30025.84080511,30028.24147968536,563
2020-02-02 01:21:00+00:00,30027.104102667265,30043.52706383991,30011.31619093297,30026.89429115767,666
2020-02-02 13:21:00+00:00,30027.80681908076,30038.826200331427,30026.201698374072,30027.610195102927,642
2020-02-03 01:21:00+00:00,30027.134404941124,30044.66218983488,30007.946862439,30028.73949488205,112
2020-02-03 13:21:00+00:00,30029.117299240665,30035.659714844172,30014.130249699225,30028.07492658419,294
2020-02-04 01:21:00+00:00,30029.420993966025,30043.595500375326,30012.600228601503,30029.63673417718,986
2020-02-04 13:21:00+00:00,30026.915287551565,30028.461182678402,30019.79777631334,30024.92737709482,872
2020-02-05 01:21:00+00:00,30027.311604158676,30035.247317875645,30014.16416864231,30027.72577640292,312
2020-02-05 13:21:00+00:00,30026.205440171045,30028.8120991816,30007.96429932216,30025.960491091177,816
2020-02-06 01:21:00+00:00,30027.381696070286,30038.452399997845,30022.844267948847,30027.258412190655,779
2020-02-06 13:21:00+00:00,30029.647406203858,30040.183081011117,30017.772107378012,30030.898168278152,588
2020-02-07 01:21:00+00:00,30029.804506910128,30040.258493791713,30023.916456737235,30029.853007392987,294
2020-02-07 13:21:00+00:00,30028.81515790011,30043.94528298911,30028.276468869124,30028.001745371213,356
2020-02-08 01:21:00+00:00,30028.238029550554,30029.899830347393,30012.450596568564,30027.25294731365,787
2020-02-08 13:21:00+00:00,30027.999948254965,30042.604865261743,30020.655799723678,30027.31257578209,935
2020-02-09 01:21:00+00:00,30028.580178387092,30032.604369204993,30019.250036162193,30029.046294357646,982
2020-02-09 13:21:00+00:00,30028.649415873377,30036.697541703696,30022.68411780978,30028.790872886457,654
2020-02-10 01:21:00+00:00,30029.73759816133,30037.648373777716,30018.389372583802,30029.403541361706,906
2020-02-10 13:21:00+00:00,30029.573803065545,30048.995478575926,30013.43232208208,30030.29643153237,229
2020-02-11 01:21:00+00:00,30029.476084472746,30042.901000293874,30019.049743246134,30029.13157430466,409
2020-02-11 13:21:00+00:00,30029.46328130056,30045.162398906537,30016.973499378077,30029.664610097025,474
2020-02-12 01:21:00+00:00,30028.964615812823,30038.515907261954,30021.657708844945,30028.08410988184,962
2020-02-12 13:21:00+00:00,30030.04549242051,30047.87791765716,30028.095235778215,30030.62106699207,485
2020-02-13 01:21:00+00:00,30030.051840401975,30045.15860531529,30020.697760428986,30029.581449035602,666
2020-02-13 13:21:00+00:00,30031.170737566605,30043.40824399385,30028.205860701717,30030.714075029497,519
2020-02-14 01:21:00+00:00,30030.932922474865,30039.88746832522,30024.449356155455,30030.524890328317,167
2020-02-14 13:21:00+00:00,30031.3986568144,30035.789527555284,30011.955997121262,30030.991874962383,991
2020-02-15 01:21:00+00:00,30029.579963657237,30030.684671246734,30019.993286903282,30029.916558551406,164
2020-02-15 13:21:00+00:00,30028.993158474263,30031.561379654264,30015.803147452836,30029.677506946562,238
2020-02-16 01:21:00+00:00,30029.895020494147,30036.70661528717,30024.31323642919,30029.854716754267,394
2020-02-16 13:21:00+00:00,30028.969885678358,30034.062506389182,30023.67840928916,30028.60134243696,380
2020-02-17 01:21:00+00:00,30029.588286630053,30034.330617909603,30011.81931776911,30029.570329564795,658
2020-02-17 13:21:00+00:00,30030.876754224842,30036.99237620028,30022.955783429996,30028.750365492237,847
2020-02-18 01:21:00+00:00,30030.069516371685,30042.546966981892,30016.5871658122,30029.211350131485,575
2020-02-18 13:21:00+00:00,30029.676601943484,30035.24854699707,30025.87200586336,30027.13565358152,418
2020-02-19 01:21:00+00:00,30029.28971071767,30043.22176008593,30020.280554609744,30028.317671864035,769
2020-02-19 13:21:00+00:00,30028.208592050323,30032.21381567524,30026.061272452986,30028.00214097567,843
2020-02-20 01:21:00+00:00,30028.94149365474,30046.774745585197,30022.532524832186,30026.7588515417,268
2020-02-20 13:21:00+00:00,30029.374570251424,30034.10221877281,30012.261108886156,30029.18081867197,928
2020-02-21 01:21:00+00:00,30030.87000807871,30032.133837696,30019.912778629296,30030.85439054886,554
2020-02-21 13:21:00+00:00,30030.46201687664,30033.129990340138,30014.695749358845,30030.2441356174,890
2020-02-22 01:21:00+00:00,30031.293851571452,30044.792817550504,30018.596390803352,30031.543374124652,786
2020-02-22 13:21:00+00:00,30030.00031110065,30044.80377179098,30025.327472652403,30031.51323754514,214
2020-02-23 01:21:00+00:00,30030.28501993998,30031.684780821382,30020.430702066278,30029.174910848407,246
2020-02-23 13:21:00+00:00,30030.626355573997,30034.105612781423,30016.28624999465,30031.260022344224,450
2020-02-24 01:21:00+00:00,30030.03931655339,30046.857256894302,30027.755235056007,30030.62347983835,456
2020-02-24 13:21:00+00:00,30030.77028354563,30045.19759489167,30029.503432378002,30031.22557889895,557
2020-02-25 01:21:00+00:00,30030.410885512836,30036.57761158519,30024.187182495072,30032.084610072205,871
2020-02-25 13:21:00+00:00,30031.79170975799,30035.524073243847,30013.174996414884,30032.843592627778,698
2020-02-26 01:21:00+00:00,30031.08586922183,30042.94967179251,30016.233575541763,30032.880737593474,755
2020-02-26 13:21:00+00:00,30030.915557652246,30048.109200448274,30012.103023612064,30031.843289444976,786
2020-02-27 01:21:00+00:00,30030.88929884768,30038.030830839925,30012.57860013965,30029.892616325837,274
2020-02-27 13:21:00+00:00,30031.560329132397,30034.40778638533,30026.98529138417,30029.64408931174,916
2020-02-28 01:21:00+00:00,30031.074897811985,30050.20542022072,30015.404503063215,30030.536022422817,276
2020-02-28 13:21:00+00:00,30032.382423913714,30049.943790981128,30020.529296737357,30032.258906610117,215
2020-02-29 01:21:00+00:00,30032.51429862906,30049.731345457396,30023.878797116715,30032.502321435964,793
2020-02-29 13:21:00+00:00,30031.670518682928,30046.82447947806,30015.516693330854,30032.32957023349,275
2020-03-01 01:21:00+00:00,30031.871210742214,30046.47252790336,30025.311188471693,30031.719569003148,641
2020-03-01 13:21:00+00:00,30031.6404770714,30036.27488536012,30031.236441392964,30032.096372763735,677
2020-03-02 01:21:00+00:00,30030.755519259306,30039.19675399981,30024.84642239406,30030.128494538647,503
2020-03-02 13:21:00+00:00,30029.377165441772,30031.62209182405,30020.012114984755,30027.906565912468,665
2020-03-03 01:21:00+00:00,30028.640340774506,30032.273149211196,30026.083301519266,30028.433254391653,690
2020-03-03 13:21:00+00:00,30027.062286257147,30040.08923027342,30014.79925744786,30026.71176429579,975
2020-03-04 01:21:00+00:00,30027.91239283948,30034.622813579106,30008.971959435665,30029.689409599665,106
2020-03-04 13:21:00+00:00,30027.67399548993,30034.054506942495,30021.05850830698,30028.379762205754,715
2020-03-05 01:21:00+00:00,30028.1484601401,30033.93375849518,30015.968273640596,30029.09519558129,685
2020-03-05 13:21:00+00:00,30028.97656694234,30029.016568568935,30026.229123958445,30030.213847073475,577
2020-03-06 01:21:00+00:00,30028.921778767155,30044.316571605672,30013.14302639591,30028.108295895312,923
2020-03-06 13:21:00+00:00,30029.935870970592,30032.349327606215,30025.326647794787,30029.960677330197,489
2020-03-07 01:21:00+00:00,30029.831420171246,30046.661598799026,30024.374706579383,30028.735001516674,732
2020-03-07 13:21:00+00:00,30029.815471396458,30045.380409366055,30010.24560925677,30026.719633276734,216
2020-03-08 01:21:00+00:00,30029.891957371237,30034.598772925787,30025.91945453974,30031.10798312538,375
2020-03-08 13:21:00+00:00,30030.548333904124,30033.049009145696,30011.10749253361,30030.97468027076,532
2020-03-09 01:21:00+00:00,30029.897346092275,30041.99334232775,30011.159632358867,30029.330826861733,944
2020-03-09 13:21:00+00:00,30031.185294242077,30047.847588426892,30017.493983693144,30031.933046214395,363
2020-03-10 01:21:00+00:00,30030.060237519898,30035.2658066327,30025.954444172694,30027.46850505941,556
2020-03-10 13:21:00+00:00,30030.05086317531,30038.880569477857,30016.503577111922,30028.866384165114,987
2020-03-11 01:21:00+00:00,30029.698310504573,30037.72302141195,30018.667792557455,30029.890789395675,195
2020-03-11 13:21:00+00:00,30029.775208220173,30048.903556436864,30027.449226304576,30031.616692822925,829
2020-03-12 01:21:00+00:00,30031.078216139744,30031.75595196679,30017.384415564153,30031.0822031873,509
2020-03-12 13:21:00+00:00,30029.974810015392,30038.33333736346,30013.539800624447,30031.40160211403,428
2020-03-13 01:21:00+00:00,30030.412093198138,30034.93176362038,30016.837407505845,30031.341390155416,802
2020-03-13 13:21:00+00:00,30029.22198244662,30043.172864085027,30010.129439621996,30029.148275560987,425
2020-03-14 01:21:00+00:00,30028.540285583604,30046.906506046857,30011.87655439678,30029.59287334904,225
2020-03-14 13:21:00+00:00,30028.301928120454,30041.180222765335,30014.15687654707,30028.573959406604,623
2020-03-15 01:21:00+00:00,30028.58293699528,30037.607581704,30025.781399763157,30029.793588180964,558
2020-03-15 13:21:00+00:00,30028.27859629817,30036.015012486016,30024.213734690773,30027.775555479726,226
2020-03-16 01:21:00+00:00,30028.585833179586,30038.830056897594,30019.994361282636,30028.448738092375,609
2020-03-16 13:21:00+00:00,30030.185169345612,30030.329700403658,30012.243768929467,30029.686963280914,366
2020-03-17 01:21:00+00:00,30030.83426881379,30040.603099322365,30030.52226685086,30032.051221738126,754
2020-03-17 13:21:00+00:00,30031.36997005355,30050.350101762768,30017.55112029052,30031.205443893446,728
2020-03-18 01:21:00+00:00,30031.285850245928,30032.540280730358,30018.98695816276,30033.717160599845,963
2020-03-18 13:21:00+00:00,30033.025748601536,30036.221894539656,30016.46903533855,30033.47030728486,129
2020-03-19 01:21:00+00:00,30034.776774272737,30053.425466233013,30019.476580856688,30035.27677517282,219
2020-03-19 13:21:00+00:00,30035.76522457097,30044.66497451881,30028.83877575699,30033.482371422677,323
2020-03-20 01:21:00+00:00,30035.12060336466,30043.681928242677,30025.727545122285,30033.84972421847,457
2020-03-20 13:21:00+00:00,30036.85585874176,30054.126712858582,30033.660060503826,30038.162627648922,791
2020-03-21 01:21:00+00:00,30036.28908327817,30047.77473638403,30016.609338915845,30035.53530784585,580
2020-03-21 13:21:00+00:00,30037.951484322264,30053.530955264498,30018.044852052786,30037.978217970103,954
2020-03-22 01:21:00+00:00,30038.88003512311,30048.541632999557,30018.90636971231,30038.44972086789,456
2020-03-22 13:21:00+00:00,30038.008715567597,30053.216220622675,30023.418739116634,30036.83275100779,527
2020-03-23 01:21:00+00:00,30037.586560250926,30046.972669397874,30027.264022988857,30037.876974566716,287
2020-03-23 13:21:00+00:00,30040.21562167868,30040.696746497837,30022.67510087906,30042.14002289523,543
2020-03-24 01:21:00+00:00,30041.04689607508,30059.12245878279,30028.25752278457,30041.067824682406,496
2020-03-24 13:21:00+00:00,30040.23223247354,30046.62692512648,30027.32445380798,30040.102861157233,969
2020-03-25 01:21:00+00:00,30041.328537651287,30052.612897100495,30035.01464532194,30041.293916843013,466
2020-03-25 13:21:00+00:00,30043.022608925785,30060.779328651683,30024.179451333515,30042.326445749335,836
2020-03-26 01:21:00+00:00,30042.8194674562,30058.67211876262,30041.424131172025,30042.60118830345,478
2020-03-26 13:21:00+00:00,30043.12726444515,30047.29011313589,30026.759443580955,30044.29883210783,510
2020-03-27 01:21:00+00:00,30042.368196547024,30053.953029850596,30025.698047030797,30044.170249662828,481
2020-03-27 13:21:00+00:00,30042.196345490283,30048.070544578477,30022.33923490033,30042.808102639116,288
2020-03-28 01:21:00+00:00,30043.592409578796,30060.22502831186,30029.875807822114,30043.532430310745,800
2020-03-28 13:21:00+00:00,30046.326475033464,30061.449261154794,30039.22948375405,30046.681004134665,839
2020-03-29 01:21:00+00:00,30046.250727598494,30047.250418719963,30044.280102982568,30044.76691207456,291
2020-03-29 13:21:00+00:00,30047.74528644226,30053.825836020485,30035.205828241607,30048.54678228251,425
2020-03-30 01:21:00+00:00,30047.21562623236,30057.815942601188,30031.037320939908,30047.261761984362,574
2020-03-30 13:21:00+00:00,30048.287200037626,30059.234795333257,30030.342526794087,30050.031625892705,616
2020-03-31 01:21:00+00:00,30047.513479733712,30057.19412040746,30041.907112824927,30046.45290332712,597
2020-03-31 13:21:00+00:00,30046.50586935778,30049.464467164773,30045.948689701327,30047.244049091372,921
2020-04-01 01:21:00+00:00,30047.284246451403,30066.71307888271,30039.43735234112,30047.54327539305,381
2020-04-01 13:21:00+00:00,30047.607757390746,30053.403570072525,30030.637894956468,30048.704491823057,686
2020-04-02 01:21:00+00:00,30049.035979810014,30067.464701456687,30037.52107704966,30049.794311137834,599
2020-04-02 13:21:00+00:00,30048.115398389913,30060.032024537155,30041.956112236254,30048.33619328419,798
2020-04-03 01:21:00+00:00,30047.599828267863,30055.94983241125,30034.684084848504,30049.60436658013,549
2020-04-03 13:21:00+00:00,30047.438059812346,30061.19773761487,30034.814370855685,30046.832872312392,102
2020-04-04 01:21:00+00:00,30047.831152842562,30065.26623582483,30039.259329794284,30046.864952136555,190
2020-04-04 13:21:00+00:00,30047.017208778565,30056.929795651697,30033.095145911782,30046.87224384624,384
2020-04-05 01:21:00+00:00,30047.345858153538,30055.015540998855,30044.986054685334,30046.838652213482,712
2020-04-05 13:21:00+00:00,30045.31214768792,30047.572646913573,30044.786144868027,30045.416407176654,878
2020-04-06 01:21:00+00:00,30044.017662404476,30047.25795953718,30025.936037735984,30044.206458368524,956
2020-04-06 13:21:00+00:00,30045.176006687434,30060.51195224066,30029.848561690585,30044.938998584985,597
2020-04-07 01:21:00+00:00,30045.70141725053,30056.149968000627,30033.403644256385,30048.28668319817,797
2020-04-07 13:21:00+00:00,30046.550434572928,30060.484883113768,30032.993008886006,30047.141669439945,446
2020-04-08 01:21:00+00:00,30047.113373688033,30061.10824482855,30035.412109807454,30046.854661330468,908
2020-04-08 13:21:00+00:00,30045.12341555642,30058.693883063195,30032.87304620166,30046.321658323646,377
2020-04-09 01:21:00+00:00,30044.312695806202,30050.630420342153,30025.709487393087,30043.3949101183,225
2020-04-09 13:21:00+00:00,30042.663034859703,30049.726907076085,30041.12693899325,30042.945095595802,195
2020-04-10 01:21:00+00:00,30042.410360871312,30060.745328011933,30026.808091991057,30040.374952386388,418
2020-04-10 13:21:00+00:00,30041.364624321377,30052.196334927907,30025.41372010796,30039.894453757413,954
2020-04-11 01:21:00+00:00,30041.316189788784,30060.802705494698,30030.20390776112,30042.165504425742,399
2020-04-11 13:21:00+00:00,30039.627419592536,30050.267582568216,30022.924454562628,30040.998457905825,629
2020-04-12 01:21:00+00:00,30040.90269873828,30047.110354997705,30029.945182487656,30039.86559024704,600
2020-04-12 13:21:00+00:00,30041.22226985327,30043.812164403043,30035.28998412255,30040.570363627383,407
2020-04-13 01:21:00+00:00,30039.253037601567,30040.25312352097,30036.30078281827,30038.390313552376,178
2020-04-13 13:21:00+00:00,30039.932671470204,30044.511299541864,30023.220441748723,30039.18799301016,633
2020-04-14 01:21:00+00:00,30038.224450878573,30041.665768625,30023.203645218415,30038.13958959551,470
2020-04-14 13:21:00+00:00,30038.22851487542,30057.656729299826,30032.807863196937,30038.352341305737,748
2020-04-15 01:21:00+00:00,30038.446109114448,30047.269895905396,30030.903537784994,30036.608745132857,267
2020-04-15 13:21:00+00:00,30038.468674740285,30048.665817567355,30035.67997494595,30037.605968624535,147
2020-04-16 01:21:00+00:00,30038.06886689978,30044.34765343962,30022.0227474223,30039.414610854394,217
2020-04-16 13:21:00+00:00,30038.947241780363,30050.721037884898,30019.37970059384,30038.642133586967,441
2020-04-17 01:21:00+00:00,30039.719748502226,30049.648894796326,30039.235686227625,30041.241654569287,543
2020-04-17 13:21:00+00:00,30039.282768134883,30052.357055243712,30026.380372061623,30040.476679174466,242
2020-04-18 01:21:00+00:00,30038.03680163705,30041.161217532084,30018.88892529271,30039.16533624331,646
2020-04-18 13:21:00+00:00,30038.223496791135,30039.41850600998,30032.720920750155,30037.722456285665,425
2020-04-19 01:21:00+00:00,30038.99637356532,30048.48020345212,30035.35981778361,30038.080315556366,381
2020-04-19 13:21:00+00:00,30038.94386373409,30041.564231283002,30032.420395628942,30038.04830289814,981
2020-04-20 01:21:00+00:00,30036.197151443463,30046.67857167588,30018.4559875346,30035.4739875826,148
2020-04-20 13:21:00+00:00,30036.127367423647,30050.746697644652,30033.217699991787,30036.37098526344,605
2020-04-21 01:21:00+00:00,30034.89792943306,30050.279977333717,30030.2075824196,30037.539641430725,823
2020-04-21 13:21:00+00:00,30037.059956066518,30052.131042661462,30017.306629685914,30035.851140506256,248
2020-04-22 01:21:00+00:00,30038.181917049653,30038.576254036336,30020.00167465184,30037.39204948986,553
2020-04-22 13:21:00+00:00,30037.182550813173,30053.967435304992,30030.21984055315,30037.85247972234,647
2020-04-23 01:21:00+00:00,30037.479712925327,30045.56253810021,30024.29022530906,30036.37082920673,845
2020-04-23 13:21:00+00:00,30036.24354234167,30046.7095886861,30017.72149266942,30035.407052259983,930
2020-04-24 01:21:00+00:00,30035.828388872695,30046.60378628777,30021.89093623498,30035.86091641382,363
2020-04-24 13:21:00+00:00,30035.671021125985,30052.719770473384,30022.361183509805,30035.713747662798,471
2020-04-25 01:21:00+00:00,30035.915011750287,30054.60647198923,30030.809681516952,30036.051804626564,861
2020-04-25 13:21:00+00:00,30035.182327287243,30044.572285440037,30018.947998881446,30035.584386690705,140
2020-04-26 01:21:00+00:00,30035.406349059485,30053.248344208096,30032.455532401025,30036.73814033879,370
2020-04-26 13:21:00+00:00,30036.38448558532,30054.710495652846,30034.10024321068,30037.34076890812,189
2020-04-27 01:21:00+00:00,30036.298401913005,30046.867362316752,30030.855358511533,30035.54571870297,702
2020-04-27 13:21:00+00:00,30035.09446585433,30048.200974513984,30023.46828983868,30036.036812556104,580
2020-04-28 01:21:00+00:00,30037.032760781396,30041.56771237923,30026.97422695244,30034.388061970854,533
2020-04-28 13:21:00+00:00,30036.941218797616,30044.286919668757,30028.724098746356,30034.62514349689,723
2020-04-29 01:21:00+00:00,30035.7418025759,30043.607276269613,30029.975582317424,30036.90406004213,142
2020-04-29 13:21:00+00:00,30035.94954924291,30043.437284618805,30026.744807046165,30035.922353231963,100
2020-04-30 01:21:00+00:00,30035.06750964642,30043.09263148469,30021.788238738685,30034.946799370973,489
2020-04-30 13:21:00+00:00,30034.505605213166,30038.762021829152,30032.482839331522,30036.054836628282,238
2020-05-01 01:21:00+00:00,30036.5304982786,30046.41608178343,30023.042177450614,30038.28154214174,677
2020-05-01 13:21:00+00:00,30036.699528526806,30055.561919787502,30028.15935250576,30036.434567136217,446
2020-05-02 01:21:00+00:00,30035.572268636897,30045.01162677817,30023.824273068887,30036.432280147677,597
2020-05-02 13:21:00+00:00,30035.857846637755,30037.772770260548,30034.294543209322,30037.299536269325,723
2020-05-03 01:21:00+00:00,30035.64709227019,30048.75714945478,30032.284070114016,30036.33450239356,768
2020-05-03 13:21:00+00:00,30033.7581602494,30035.69201099648,30031.04906044748,30033.88774849911,130
2020-05-04 01:21:00+00:00,30034.016717094342,30044.36615780857,30020.170679959363,30035.289484500918,643
2020-05-04 13:21:00+00:00,30033.486217219648,30048.786290556956,30027.818045910848,30032.251796445038,129
2020-05-05 01:21:00+00:00,30032.010541183965,30034.054983070037,30019.768004755028,30031.16693407946,201
2020-05-05 13:21:00+00:00,30031.978195209354,30045.39790694094,30029.973800949265,30032.082369287564,382
2020-05-06 01:21:00+00:00,30034.61360242757,30050.38259642971,30016.612544578566,30035.39106684579,752
2020-05-06 13:21:00+00:00,30034.90184491662,30045.06416038088,30021.77982770244,30034.962236191317,692
2020-05-07 01:21:00+00:00,30035.521247680776,30041.507583089184,30021.35951121311,30037.059671186045,942
2020-05-07 13:21:00+00:00,30035.260549692477,30049.263350762616,30032.51017841451,30034.857022498465,226
2020-05-08 01:21:00+00:00,30037.695179195878,30055.156748621044,30020.302602169788,30038.15027226817,744
2020-05-08 13:21:00+00:00,30037.337414535297,30039.38170736912,30025.958974954516,30036.185832132873,965
2020-05-09 01:21:00+00:00,30036.56652133648,30048.40989051549,30026.30197736709,30035.19027706937,616
2020-05-09 13:21:00+00:00,30036.981221139573,30042.685333369216,30032.995625828218,30037.484127067426,324
2020-05-10 01:21:00+00:00,30036.963340714217,30054.793723621064,30026.198991242094,30037.02468289622,544
2020-05-10 13:21:00+00:00,30035.434705009488,30038.67635456754,30029.649850890324,30037.127914966113,802
2020-05-11 01:21:00+00:00,30035.80946419873,30046.70349496442,30017.06002545388,30036.006669575214,755
2020-05-11 13:21:00+00:00,30035.519085996304,30036.17709711985,30017.086213164977,30034.137589147056,858
2020-05-12 01:21:00+00:00,30034.78077566483,30036.021930886167,30017.511552288546,30035.431886936884,740
2020-05-12 13:21:00+00:00,30033.83547138412,30036.443116207065,30021.904973183377,30032.411843853915,185
2020-05-13 01:21:00+00:00,30033.239404169526,30038.583460306105,30013.767694197395,30034.473236164013,656
2020-05-13 13:21:00+00:00,30033.294282277933,30049.57049451212,30016.80218143677,30034.216191455434,213
2020-05-14 01:21:00+00:00,30034.44505544295,30051.23420359613,30024.496926569293,30034.679616344558,545
2020-05-14 13:21:00+00:00,30033.610731509718,30052.034424944464,30014.52521695531,30032.071065940265,542
2020-05-15 01:21:00+00:00,30033.014271340533,30046.539865852767,30032.446752363106,30033.15352624916,876
2020-05-15 13:21:00+00:00,30034.37674490912,30042.93359412901,30016.087690017754,30034.135814729983,499
2020-05-16 01:21:00+00:00,30036.622564480032,30049.159522849146,30017.091719250067,30036.165795813104,781
2020-05-16 13:21:00+00:00,30037.316649035343,30044.476390440963,30036.31649468202,30037.650840095495,562
2020-05-17 01:21:00+00:00,30037.260629794142,30046.07450980265,30035.05629671837,30038.362200993026,454
2020-05-17 13:21:00+00:00,30034.472453797378,30046.514759566882,30020.76930660659,30034.906148749724,751
2020-05-18 01:21:00+00:00,30035.83142114648,30036.442575967834,30027.307415513907,30036.554390935118,525
2020-05-18 13:21:00+00:00,30038.12518371094,30038.877972411046,30018.86839124404,30038.428216657692,994
2020-05-19 01:21:00+00:00,30037.743455185428,30046.867046945386,30021.836036980163,30039.41088766295,361
2020-05-19 13:21:00+00:00,30037.79622795678,30044.623124003545,30020.670127723464,30037.970494307818,464
2020-05-20 01:21:00+00:00,30037.245361311358,30051.69355653943,30034.41739771874,30034.466732458077,760
2020-05-20 13:21:00+00:00,30037.45003274433,30052.644133199447,30027.060884346407,30036.118683152767,601
2020-05-21 01:21:00+00:00,30035.99665257022,30045.246626982454,30032.16101533334,30036.700923330947,617
2020-05-21 13:21:00+00:00,30037.36472824881,30049.891807905624,30028.67275860899,30037.187259777635,557
2020-05-22 01:21:00+00:00,30038.355474401036,30047.635877291414,30027.022436627245,30039.409419645064,484
2020-05-22 13:21:00+00:00,30039.806069708004,30052.21447398553,30038.605823028054,30040.020269625365,891
2020-05-23 01:21:00+00:00,30038.30548550922,30041.246641418707,30033.54909731327,30038.27555436071,686
2020-05-23 13:21:00+00:00,30039.51434795135,30045.481725973015,30038.548304028525,30039.907903052914,995
2020-05-24 01:21:00+00:00,30041.115138553363,30043.253953443706,30025.938456279902,30039.16573835696,781
2020-05-24 13:21:00+00:00,30041.50283916125,30061.34254064486,30022.172242588786,30042.613165659764,441
2020-05-25 01:21:00+00:00,30041.588507794335,30060.003145561863,30025.156774540534,30040.251823461327,317
2020-05-25 13:21:00+00:00,30040.04000817905,30052.122534506772,30031.906912641054,30041.058184723068,934
2020-05-26 01:21:00+00:00,30039.483247086064,30049.188586522563,30026.437347193863,30040.875088836747,400
2020-05-26 13:21:00+00:00,30039.566360436558,30052.27794005261,30036.49405260064,30038.93332517538,994
2020-05-27 01:21:00+00:00,30041.10226426521,30044.544866166838,30034.43358771113,30040.600937286315,981
2020-05-27 13:21:00+00:00,30040.951462058776,30054.91927240027,30029.46543325157,30041.724741560483,160
2020-05-28 01:21:00+00:00,30040.718812354262,30040.98363340244,30026.913424881463,30041.06024747806,921
2020-05-28 13:21:00+00:00,30041.83012662834,30054.49884622218,30032.67363792254,30042.149291871534,193
2020-05-29 01:21:00+00:00,30042.839848927102,30062.614210704996,30039.01420823534,30041.90494874848,260
2020-05-29 13:21:00+00:00,30042.96115611432,30060.011622105118,30035.143010723685,30042.92294174838,749
2020-05-30 01:21:00+00:00,30044.16080314224,30048.44298817025,30027.504783748853,30045.148108167738,771
2020-05-30 13:21:00+00:00,30043.629568569046,30053.19219991715,30033.993978176975,30043.733215717453,406
2020-05-31 01:21:00+00:00,30042.30777124779,30047.04233080632,30032.049015487457,30043.041071930606,585
2020-05-31 13:21:00+00:00,30043.484408676846,30060.288729725118,30041.076533042098,30041.938411357904,530
2020-06-01 01:21:00+00:00,30043.589653494797,30055.830449259425,30024.811648713614,30043.21600401422,504
2020-06-01 13:21:00+00:00,30042.149114600314,30044.8419686471,30035.976668061503,30042.018226417113,980
2020-06-02 01:21:00+00:00,30042.32286456482,30042.368503486116,30022.524014680515,30040.544900637353,363
2020-06-02 13:21:00+00:00,30042.49340936713,30046.821393892133,30035.161961598045,30043.139423858043,803
2020-06-03 01:21:00+00:00,30044.291053302564,30063.397119087072,30024.99901589351,30044.189944740232,360
2020-06-03 13:21:00+00:00,30044.949799779544,30061.014134853223,30041.91237996662,30046.207591135015,349
2020-06-04 01:21:00+00:00,30044.866286328917,30059.03385126801,30032.60998854957,30044.702204590194,410
2020-06-04 13:21:00+00:00,30045.02289881702,30060.503210903877,30033.109003958038,30046.731569963653,217
2020-06-05 01:21:00+00:00,30044.06995369361,30050.510300764232,30039.440028828187,30044.172299285878,605
2020-06-05 13:21:00+00:00,30043.031519944077,30056.424000918774,30027.456788009178,30043.378814956795,717
2020-06-06 01:21:00+00:00,30043.445455012403,30062.539863379636,30026.173896604632,30044.00802022955,166
2020-06-06 13:21:00+00:00,30041.8693562764,30053.490558818557,30033.955668372993,30042.9935243217,153
2020-06-07 01:21:00+00:00,30042.840542179525,30046.13834264622,30034.070549291624,30042.752158243835,229
2020-06-07 13:21:00+00:00,30043.822789776652,30058.40652127605,30025.700749363947,30044.34355293125,262
2020-06-08 01:21:00+00:00,30043.688591916623,30055.28050463589,30029.424783063816,30043.25797499572,740
2020-06-08 13:21:00+00:00,30043.61647003762,30045.40443257419,30041.677266028204,30041.8750595188,559
2020-06-09 01:21:00+00:00,30043.13042822026,30056.53510141214,30036.314646666422,30043.734266738582,919
2020-06-09 13:21:00+00:00,30043.073364908218,30047.269455525307,30031.872180641225,30043.519885149148,609
2020-06-10 01:21:00+00:00,30045.409502005044,30051.33915732946,30038.557230494054,30045.136695344125,909
2020-06-10 13:21:00+00:00,30043.70092555092,30062.991834398632,30026.043752596124,30042.833917229505,447
2020-06-11 01:21:00+00:00,30044.542250557362,30053.486259464342,30030.46310061557,30043.232923014803,877
2020-06-11 13:21:00+00:00,30043.284474136723,30057.27508610139,30026.59291836942,30044.882858056906,234
2020-06-12 01:21:00+00:00,30043.722448738725,30045.571106634343,30032.269880478863,30044.227615206717,149
2020-06-12 13:21:00+00:00,30043.23035937501,30054.69078317146,30030.362841077807,30043.635869357728,887
2020-06-13 01:21:00+00:00,30042.220136195316,30042.755307882373,30033.8676119886,30040.24805889143,176
2020-06-13 13:21:00+00:00,30042.16403426851,30045.24509806953,30036.79305631483,30043.640133329078,713
2020-06-14 01:21:00+00:00,30041.937680662875,30045.05589783494,30022.117075285405,30042.23541689531,416
2020-06-14 13:21:00+00:00,30041.52727041092,30046.37316659323,30029.458554183984,30043.085651949936,818
2020-06-15 01:21:00+00:00,30042.451880814067,30061.68475039785,30031.884896398828,30040.65781903183,264
2020-06-15 13:21:00+00:00,30043.16163914816,30046.154904748826,30035.065126821195,30041.2956954968,406
2020-06-16 01:21:00+00:00,30044.603309784852,30045.663990609373,30029.475265489735,30043.551412442765,258
2020-06-16 13:21:00+00:00,30046.885915786017,30047.19748360004,30045.36628708527,30046.558299560074,104
2020-06-17 01:21:00+00:00,30048.87104074095,30065.2170350387,30042.874325596164,30048.237037630908,916
2020-06-17 13:21:00+00:00,30049.949214989858,30066.163152403577,30037.61719810661,30051.505374158343,899
2020-06-18 01:21:00+00:00,30049.96606955178,30061.43346393129,30035.811954209017,30050.03959147192,740
2020-06-18 13:21:00+00:00,30050.05588825445,30060.172699959956,30050.019170072355,30050.22200043527,826
2020-06-19 01:21:00+00:00,30049.899591747766,30059.5259705377,30043.910215242267,30048.930171175565,554
2020-06-19 13:21:00+00:00,30049.724924934515,30050.7292928862,30039.065804036156,30050.03084683643,400
2020-06-20 01:21:00+00:00,30049.640295501595,30055.738640119507,30048.36064772093,30049.682031796372,954
2020-06-20 13:21:00+00:00,30048.706834425797,30048.940155369877,30046.94300951671,30048.30947939086,591
2020-06-21 01:21:00+00:00,30049.35766655353,30060.735227341273,30047.27030482092,30049.013552176075,669
2020-06-21 13:21:00+00:00,30049.557614747548,30064.450334410867,30049.416388397087,30049.24780113019,506
2020-06-22 01:21:00+00:00,30048.262414841323,30054.4767248931,30032.03051653376,30047.904724442993,443
2020-06-22 13:21:00+00:00,30049.448378842004,30055.993466023716,30040.74951105994,30047.653430320974,769
2020-06-23 01:21:00+00:00,30048.603112904548,30067.250974073348,30034.30517626689,30049.75702525401,871
2020-06-23 13:21:00+00:00,30050.880684534583,30055.63675171376,30042.891754053562,30051.56030276454,421
2020-06-24 01:21:00+00:00,30050.70555821639,30052.520475476238,30033.578917432696,30049.44383941697,568
2020-06-24 13:21:00+00:00,30051.25845429981,30054.339350931048,30049.456952300614,30048.528534368234,555
2020-06-25 01:21:00+00:00,30051.55098266619,30062.598342553116,30044.967568139946,30049.53643448157,754
2020-06-25 13:21:00+00:00,30052.742397893904,30064.800684824037,30045.3133629142,30052.023434273924,624
2020-06-26 01:21:00+00:00,30053.12267240841,30058.10057285623,30041.61423764213,30052.79429180539,857
2020-06-26 13:21:00+00:00,30052.703363265526,30057.291500170748,30045.008697098667,30053.389852792636,330
2020-06-27 01:21:00+00:00,30053.48814392481,30059.121272776105,30045.357080771028,30054.640223496976,311
2020-06-27 13:21:00+00:00,30053.154872375475,30055.202948743263,30035.773272383052,30051.05515077499,801
2020-06-28 01:21:00+00:00,30053.57807412664,30060.605906285542,30041.457610251015,30052.67857912125,776
2020-06-28 13:21:00+00:00,30055.527228997333,30055.905264258323,30045.25394198437,30054.490115230106,316
2020-06-29 01:21:00+00:00,30057.87546253747,30074.60029384423,30039.099910691442,30056.60638196592,513
2020-06-29 13:21:00+00:00,30057.721209537904,30059.234219828653,30038.906627554377,30057.42761386948,604
2020-06-30 01:21:00+00:00,30056.062752252994,30070.18765340867,30052.538732209174,30057.062115862802,220
2020-06-30 13:21:00+00:00,30056.044377605933,30057.596616266717,30050.564608987916,30055.265207501532,928
2020-07-01 01:21:00+00:00,30056.576528217724,30075.00234225444,30047.06698325966,30054.720331428773,793
2020-07-01 13:21:00+00:00,30057.42805470027,30067.90339327161,30046.573470475516,30058.555314406716,450
2020-07-02 01:21:00+00:00,30054.464107843847,30067.614934706762,30036.23369248704,30054.13096771087,251
2020-07-02 13:21:00+00:00,30053.271452622022,30057.083487203712,30034.648075828056,30053.631641840857,209
2020-07-03 01:21:00+00:00,30052.878796535893,30058.35287567617,30033.512229506163,30052.994906687585,255
2020-07-03 13:21:00+00:00,30052.095048883766,30062.714247721764,30051.941522713925,30052.309537393197,734
2020-07-04 01:21:00+00:00,30052.70729710176,30068.27659244987,30041.91724034677,30052.461289752227,193
2020-07-04 13:21:00+00:00,30053.599943166675,30056.88882694426,30046.320258038333,30053.782524143753,113
2020-07-05 01:21:00+00:00,30053.66151087625,30066.11459654854,30049.996135612193,30054.55874855633,312
2020-07-05 13:21:00+00:00,30054.508841597733,30059.362759884592,30047.76874586287,30055.14000012968,729
2020-07-06 01:21:00+00:00,30052.818181124192,30068.189055002167,30044.876872135257,30051.684084803153,235
2020-07-06 13:21:00+00:00,30051.57925733664,30070.55965039098,30036.589185317127,30051.413649432012,148
2020-07-07 01:21:00+00:00,30049.68185943188,30061.88126879338,30044.942981394044,30049.492960727974,195
2020-07-07 13:21:00+00:00,30048.720274214895,30056.62069324013,30037.612120917853,30049.473418597416,253
2020-07-08 01:21:00+00:00,30048.094144029015,30056.433598206568,30043.26120354344,30047.545274584016,462
2020-07-08 13:21:00+00:00,30048.44901242317,30068.07461487414,30044.36995645761,30049.714068351594,949
2020-07-09 01:21:00+00:00,30047.74938254893,30063.58544304809,30030.446740648596,30048.1747985546,284
2020-07-09 13:21:00+00:00,30048.765847290353,30059.1461777699,30030.457876451943,30048.53805340097,442
2020-07-10 01:21:00+00:00,30048.621950395423,30057.06727918354,30035.470702247603,30046.684541974868,784
2020-07-10 13:21:00+00:00,30048.6385454503,30051.337136601484,30033.61406415879,30048.134431626488,783
2020-07-11 01:21:00+00:00,30049.751965427447,30052.188356991093,30034.613148645712,30050.369452166397,834
2020-07-11 13:21:00+00:00,30050.009219083113,30061.345372953678,30042.916171735473,30051.45246081354,350
2020-07-12 01:21:00+00:00,30049.77627898703,30062.820780122645,30030.61319719041,30050.39410988611,289
2020-07-12 13:21:00+00:00,30049.95066466231,30056.51429857655,30037.37123388803,30049.791192823148,392
2020-07-13 01:21:00+00:00,30050.258090326584,30061.710207606087,30049.44943074677,30049.777625227813,537
2020-07-13 13:21:00+00:00,30050.221358751227,30062.315300597664,30043.85289665265,30051.125590222764,541
2020-07-14 01:21:00+00:00,30050.912728342875,30059.61524201872,30048.698930892388,30049.99597079071,267
2020-07-14 13:21:00+00:00,30052.568569227657,30060.145134629063,30035.749794317664,30053.315560278388,679
2020-07-15 01:21:00+00:00,30052.73917673839,30069.995482173268,30042.601867257647,30052.32772264266,565
2020-07-15 13:21:00+00:00,30052.44398206432,30052.65429504798,30051.521151280984,30052.586925651227,378
2020-07-16 01:21:00+00:00,30052.239722257324,30056.867824904137,30042.818473508185,30052.10920617251,496
2020-07-16 13:21:00+00:00,30052.2572107971,30053.398540058653,30046.560271769766,30051.682400822632,498
2020-07-17 01:21:00+00:00,30052.6493395307,30053.67214343402,30038.51142467082,30052.32013178253,966
2020-07-17 13:21:00+00:00,30052.083012626717,30065.17679427605,30047.358923782547,30053.520469523093,154
2020-07-18 01:21:00+00:00,30054.08365332798,30054.785821021753,30049.097990676964,30054.589164798093,149
2020-07-18 13:21:00+00:00,30053.168317061125,30071.674489243545,30042.843847076623,30053.02206928213,206
2020-07-19 01:21:00+00:00,30052.277416249348,30052.873724440036,30041.57225690989,30051.079131100574,513
2020-07-19 13:21:00+00:00,30052.013533139758,30067.63445507364,30051.153950527954,30053.4516640884,692
2020-07-20 01:21:00+00:00,30050.29937892333,30069.212130825963,30039.759865112945,30049.402669353873,350
2020-07-20 13:21:00+00:00,30049.33868334247,30056.85614166062,30048.210116141454,30048.180426595816,771
2020-07-21 01:21:00+00:00,30048.453109670758,30062.442642980594,30041.491270668008,30048.109792681214,535
2020-07-21 13:21:00+00:00,30047.71722640165,30055.181313903748,30042.277178561035,30047.019378853834,114
2020-07-22 01:21:00+00:00,30046.25753494623,30056.297404326055,30028.093863669634,30046.870517036325,618
2020-07-22 13:21:00+00:00,30046.463257797637,30060.234786336696,30042.174782116264,30046.493016734123,746
2020-07-23 01:21:00+00:00,30046.937525649602,30056.047534760233,30035.728271273536,30047.332288325466,255
2020-07-23 13:21:00+00:00,30045.36746431398,30053.82633778454,30035.234545777217,30045.728915625128,293
2020-07-24 01:21:00+00:00,30045.397391121893,30047.895816743017,30037.152411609433,30043.752930953862,922
2020-07-24 13:21:00+00:00,30045.386929899185,30061.333745484062,30038.349744055464,30043.7113699283,188
2020-07-25 01:21:00+00:00,30045.157214636016,30056.77536976925,30038.43103603345,30043.963010345942,370
2020-07-25 13:21:00+00:00,30043.82057936923,30051.914737274095,30037.8913405243,30043.236969769925,467
2020-07-26 01:21:00+00:00,30044.064104524565,30044.50863811231,30038.442839338244,30043.854102764763,466
2020-07-26 13:21:00+00:00,30044.474879586007,30060.59205281003,30037.074925654473,30044.74074375299,419
2020-07-27 01:21:00+00:00,30043.44298396089,30048.799098501473,30040.030130140527,30044.03438802407,184
2020-07-27 13:21:00+00:00,30041.782876329347,30059.397986246946,30040.583569247672,30041.788065607558,246
2020-07-28 01:21:00+00:00,30041.631264257525,30042.479984153888,30035.379105357766,30041.556292577792,543
2020-07-28 13:21:00+00:00,30041.640300098425,30059.735227830806,30038.18321375693,30041.237988341072,183
2020-07-29 01:21:00+00:00,30042.900592131216,30055.341029134037,30034.03314193865,30041.58126659841,104
2020-07-29 13:21:00+00:00,30042.158540772394,30043.675615681692,30031.751177403527,30042.043656957845,567
2020-07-30 01:21:00+00:00,30042.946649442863,30052.095845502517,30034.495751147613,30043.493374070014,322
2020-07-30 13:21:00+00:00,30044.03959225003,30063.2239635103,30028.0495746737,30044.17191055254,295
2020-07-31 01:21:00+00:00,30043.456801188207,30054.836614343305,30025.956135111715,30043.078414812517,128
2020-07-31 13:21:00+00:00,30044.766013460598,30062.593380537513,30027.544707353154,30043.94891315117,161
2020-08-01 01:21:00+00:00,30043.2686696241,30059.20467336293,30030.03504346344,30043.3227507299,786
2020-08-01 13:21:00+00:00,30042.910267256535,30048.88759038483,30035.951251084476,30040.58154802899,300
2020-08-02 01:21:00+00:00,30041.312623154743,30052.220378765953,30026.092452614746,30040.894451931148,264
2020-08-02 13:21:00+00:00,30041.29180793187,30043.947550792112,30033.19634596968,30043.1685482687,828
2020-08-03 01:21:00+00:00,30040.615730173264,30049.732883184533,30040.38951905096,30040.94207576435,996
2020-08-03 13:21:00+00:00,30041.749369389487,30053.68876455846,30026.115012201088,30041.05229012478,903
2020-08-04 01:21:00+00:00,30042.987247438465,30049.96108413061,30024.894908980623,30043.916608678017,146
2020-08-04 13:21:00+00:00,30043.089846384966,30044.372474018295,30030.409046795234,30041.892090667756,916
2020-08-05 01:21:00+00:00,30042.09673231241,30056.392449792886,30035.272737506304,30042.908512937134,779
2020-08-05 13:21:00+00:00,30044.33449556305,30051.86166452136,30043.15798028185,30042.367610355413,254
2020-08-06 01:21:00+00:00,30043.402061677796,30044.761953453886,30034.012867196205,30043.135080373628,991
2020-08-06 13:21:00+00:00,30043.017741348707,30059.035112772555,30030.874014351608,30045.382123865696,330
2020-08-07 01:21:00+00:00,30040.782496291326,30041.583131769472,30021.375022348944,30041.724584772106,917
2020-08-07 13:21:00+00:00,30039.74423187963,30055.642503446823,30024.986515041324,30037.888669869964,463
2020-08-08 01:21:00+00:00,30039.850783989117,30059.44613343155,30022.51026050005,30038.915289589535,891
2020-08-08 13:21:00+00:00,30039.421986305933,30046.207393737623,30027.52163379516,30041.63415795098,926
2020-08-09 01:21:00+00:00,30040.70086377188,30042.202028347918,30036.669378818035,30041.03487864017,331
2020-08-09 13:21:00+00:00,30040.21558732638,30054.63721737683,30025.90810188369,30038.722447376855,428
2020-08-10 01:21:00+00:00,30039.912279334967,30047.69565053252,30029.120692260032,30040.075933961234,513
2020-08-10 13:21:00+00:00,30038.886448449623,30055.75357888934,30030.509987479338,30038.46172661721,276
2020-08-11 01:21:00+00:00,30037.80404431565,30055.46236139704,30030.872277521445,30036.583403150784,737
2020-08-11 13:21:00+00:00,30039.236355668305,30043.962344936408,30034.531019811326,30037.46296978816,902
2020-08-12 01:21:00+00:00,30038.264050932987,30038.27290024339,30020.640393045942,30037.99437793694,200
2020-08-12 13:21:00+00:00,30037.93664693012,30057.617977752372,30018.368877196877,30037.99989262695,518
2020-08-13 01:21:00+00:00,30038.982761334977,30048.52312242432,30035.013306731846,30037.9256527544,656
2020-08-13 13:21:00+00:00,30038.470246984012,30057.47790498547,30034.23728129044,30037.298355622155,330
2020-08-14 01:21:00+00:00,30037.502304515954,30046.893474102482,30036.39570665984,30037.41277602689,735
2020-08-14 13:21:00+00:00,30038.002184560042,30042.049439117152,30025.90969711622,30036.580187934138,194
2020-08-15 01:21:00+00:00,30037.757968843456,30044.88637015769,30020.091668565743,30036.934978589634,421
2020-08-15 13:21:00+00:00,30039.114709259622,30056.471630101158,30023.702875515883,30039.542041648605,620
2020-08-16 01:21:00+00:00,30037.742417109715,30039.039176210656,30034.45132835344,30037.723529373325,294
2020-08-16 13:21:00+00:00,30039.41649384739,30040.244504975344,30021.21963945218,30038.59222708946,278
2020-08-17 01:21:00+00:00,30038.7515938977,30043.463247005413,30029.175922577964,30039.501430011136,195
2020-08-17 13:21:00+00:00,30040.273769380776,30054.30905768457,30032.047411953354,30038.800647282944,203
2020-08-18 01:21:00+00:00,30040.362484905312,30057.677765681026,30020.440093098274,30042.905701948966,513
2020-08-18 13:21:00+00:00,30038.774938031373,30044.26395705196,30019.298970686352,30036.99863389606,179
2020-08-19 01:21:00+00:00,30038.629972013558,30052.057925105823,30021.16143125575,30039.652963131095,604
2020-08-19 13:21:00+00:00,30037.50417080295,30047.759425404856,30027.306980274272,30036.25801250524,899
2020-08-20 01:21:00+00:00,30038.195784962052,30042.283160043564,30029.83343464513,30039.088389645,823
2020-08-20 13:21:00+00:00,30037.915811861712,30053.015983179113,30029.11260888156,30038.124689817803,332
2020-08-21 01:21:00+00:00,30036.55593078514,30056.466193587727,30033.82738977883,30037.70949651545,350
2020-08-21 13:21:00+00:00,30035.652392178014,30045.319937791865,30034.38832869424,30035.97891119863,540
2020-08-22 01:21:00+00:00,30035.532650395813,30036.571156911217,30018.734685040723,30036.6917345416,412
2020-08-22 13:21:00+00:00,30035.968858404565,30043.433244501586,30021.915122757648,30036.028646602914,622
2020-08-23 01:21:00+00:00,30035.686363843513,30037.96821929269,30021.74230919022,30036.239077425624,902
2020-08-23 13:21:00+00:00,30037.196726450577,30044.630984680236,30037.186222829954,30038.061239059625,525
2020-08-24 01:21:00+00:00,30036.81153307511,30051.8269592451,30032.422158668563,30037.531396252445,348
2020-08-24 13:21:00+00:00,30037.82745091515,30048.997176421773,30035.84631447689,30038.14506056032,114
2020-08-25 01:21:00+00:00,30037.862272643233,30043.245003239554,30028.23704510482,30037.70492554417,648
2020-08-25 13:21:00+00:00,30037.34869270997,30052.208103465466,30024.35182319749,30039.08412079839,687
2020-08-26 01:21:00+00:00,30036.725027399887,30055.335975315735,30028.191801666915,30036.6817853419,177
2020-08-26 13:21:00+00:00,30037.52702362879,30041.05816619194,30023.99265606483,30037.135890416193,238
2020-08-27 01:21:00+00:00,30038.083080092183,30046.410056450415,30036.034720728145,30038.298337098386,204
2020-08-27 13:21:00+00:00,30037.738012500613,30052.545213025827,30026.619160392973,30037.817129299157,888
2020-08-28 01:21:00+00:00,30037.045976776484,30047.74283636519,30027.694059761045,30035.96744704355,417
2020-08-28 13:21:00+00:00,30035.917999538025,30053.91300671731,30029.02194087556,30037.306248998873,486
2020-08-29 01:21:00+00:00,30037.47385917168,30046.862430050238,30029.579340012988,30035.4146263614,602
2020-08-29 13:21:00+00:00,30038.945090251957,30039.213410047116,30038.051464481297,30040.045399179984,683
2020-08-30 01:21:00+00:00,30036.465974338946,30045.713607598052,30023.240540031344,30036.576354027307,125
2020-08-30 13:21:00+00:00,30037.01928638344,30056.710204465096,30029.578789779178,30036.686136212207,404
2020-08-31 01:21:00+00:00,30038.439879227295,30055.2936514038,30023.193190525868,30037.795658013154,550
2020-08-31 13:21:00+00:00,30037.112206842638,30054.188145860324,30018.795950442323,30036.540455843777,899
2020-09-01 01:21:00+00:00,30038.110085986555,30056.76667186613,30028.87717955431,30038.035963008806,370
2020-09-01 13:21:00+00:00,30037.774251451952,30055.316797741238,30037.04961935743,30038.219590225966,491
2020-09-02 01:21:00+00:00,30037.309586177213,30040.404694462468,30027.290632231605,30037.278443615385,536
2020-09-02 13:21:00+00:00,30035.74365742899,30042.95047896298,30031.090463035845,30034.219012575435,174
2020-09-03 01:21:00+00:00,30035.615921960863,30040.75803089394,30028.418036278046,30036.494454783875,294
2020-09-03 13:21:00+00:00,30035.239500009775,30039.111737907377,30024.560663073175,30036.141154639856,823
2020-09-04 01:21:00+00:00,30036.758240466206,30047.400189154105,30017.226677597162,30035.654610047553,501
2020-09-04 13:21:00+00:00,30037.326350375242,30054.043613486636,30017.379752046756,30037.40901483948,479
2020-09-05 01:21:00+00:00,30038.457515415394,30055.513549088824,30023.92676181448,30036.70692567732,819
2020-09-05 13:21:00+00:00,30037.34881117667,30052.672182041133,30037.029181167454,30036.7351705734,500
2020-09-06 01:21:00+00:00,30037.34865154658,30050.95741681247,30027.0960819884,30037.677223041297,480
2020-09-06 13:21:00+00:00,30035.26765142323,30035.99783963305,30034.951404797033,30035.393401103043,102
2020-09-07 01:21:00+00:00,30036.061115422795,30039.85599199929,30028.36580658362,30034.947149508043,124
2020-09-07 13:21:00+00:00,30035.10293880262,30051.996920755482,30025.953811886182,30034.24175448462,402
2020-09-08 01:21:00+00:00,30034.830293238814,30041.35382157459,30032.840184901463,30034.288329490933,347
2020-09-08 13:21:00+00:00,30035.1618643732,30053.31581349845,30034.576532696123,30036.642209832396,410
2020-09-09 01:21:00+00:00,30036.017616301542,30051.922533183864,30026.15032770434,30036.830327470016,388
2020-09-09 13:21:00+00:00,30034.592482375847,30051.984653865733,30016.02479277124,30033.924016457535,109
2020-09-10 01:21:00+00:00,30035.12438611716,30038.918559105015,30026.032478225123,30035.76116565158,618
2020-09-10 13:21:00+00:00,30035.486879327236,30054.198720069664,30032.592233848478,30037.290045485443,112
2020-09-11 01:21:00+00:00,30035.49743740705,30052.96961441751,30024.244665816102,30033.354668645752,511
2020-09-11 13:21:00+00:00,30036.52156130775,30049.425848850235,30021.829852486746,30037.03981889744,990
2020-09-12 01:21:00+00:00,30037.706492983118,30039.96452763351,30032.91548625686,30039.488747115996,103
2020-09-12 13:21:00+00:00,30036.348213125268,30050.65363517104,30020.398585378152,30036.146629784555,138
2020-09-13 01:21:00+00:00,30036.167254293585,30052.12942626699,30025.5557961938,30037.447461437987,389
2020-09-13 13:21:00+00:00,30034.33989063721,30052.035240732264,30033.492106283153,30035.01347993893,372
2020-09-14 01:21:00+00:00,30034.387026343036,30039.618143249223,30019.038970692778,30034.057547707856,831
2020-09-14 13:21:00+00:00,30034.280769404155,30045.02177421633,30033.665708872097,30035.519743083063,403
2020-09-15 01:21:00+00:00,30034.834137428574,30044.431236122844,30032.709967922307,30034.83536086261,628
2020-09-15 13:21:00+00:00,30035.899198981777,30040.82046759358,30035.513688847906,30036.254620675598,761
2020-09-16 01:21:00+00:00,30035.461514633076,30053.43864033904,30026.292147550477,30035.791501931693,472
2020-09-16 13:21:00+00:00,30035.331113477045,30046.611892809964,30035.06093791802,30036.732384046,192
2020-09-17 01:21:00+00:00,30036.500505691372,30041.241531186264,30029.69968329282,30035.261845396148,890
2020-09-17 13:21:00+00:00,30035.536734130736,30042.09564340936,30026.373281861222,30035.62629674561,724
2020-09-18 01:21:00+00:00,30037.25244376387,30049.134621951267,30026.093654042495,30036.708833979035,624
2020-09-18 13:21:00+00:00,30038.067824633737,30044.666596101277,30028.06856992001,30036.47448996833,311
2020-09-19 01:21:00+00:00,30037.74098601034,30050.53963107466,30018.7620691045,30037.878040521082,769
2020-09-19 13:21:00+00:00,30037.616940707263,30042.48879769565,30033.536878714924,30037.247014723587,751
2020-09-20 01:21:00+00:00,30034.53978412061,30051.996067294884,30022.151173139,30035.638091254274,612
2020-09-20 13:21:00+00:00,30034.460582092495,30040.571883279357,30027.584371682093,30033.506899708198,877
2020-09-21 01:21:00+00:00,30035.562044300983,30049.78406741772,30032.405442938525,30034.040001092202,397
2020-09-21 13:21:00+00:00,30036.25758397579,30042.103565702844,30026.28658158335,30036.938863248568,419
2020-09-22 01:21:00+00:00,30037.45748538734,30050.063245978617,30022.143328708382,30038.00547285677,281
2020-09-22 13:21:00+00:00,30038.6103502325,30055.749919212925,30030.5785469958,30035.660826643307,420
2020-09-23 01:21:00+00:00,30039.584848394752,30048.886099390256,30028.484600119315,30041.379937772203,508
2020-09-23 13:21:00+00:00,30039.862703759438,30053.005390732404,30025.390538673386,30040.31739934554,376
2020-09-24 01:21:00+00:00,30039.572264815084,30056.065628388795,30027.114252314084,30040.37180021516,376
2020-09-24 13:21:00+00:00,30038.512677397,30041.341484382734,30029.42057903018,30039.12384293909,374
2020-09-25 01:21:00+00:00,30039.355681291694,30051.071271806977,30035.037866494273,30037.631579698547,948
2020-09-25 13:21:00+00:00,30040.10820207738,30046.232544908005,30025.656678017258,30038.562375320496,563
2020-09-26 01:21:00+00:00,30041.650106210214,30045.688850647686,30033.3837218504,30042.18235671098,965
2020-09-26 13:21:00+00:00,30041.607188321672,30047.333484474177,30036.720810475083,30041.575397113807,240
2020-09-27 01:21:00+00:00,30041.349027146607,30052.18442619618,30024.816883707987,30042.940634177383,736
2020-09-27 13:21:00+00:00,30043.121101821434,30061.614312757167,30032.833153659914,30043.787423992424,454
2020-09-28 01:21:00+00:00,30041.51483412378,30043.239349293155,30039.328678670954,30041.522884896207,909
2020-09-28 13:21:00+00:00,30040.349805050366,30048.450230430863,30020.47616750534,30040.53789359117,149
2020-09-29 01:21:00+00:00,30041.593292983114,30043.15867556188,30033.993637888703,30040.65101786286,883
2020-09-29 13:21:00+00:00,30040.291173681875,30052.312871067632,30021.793007359305,30040.293382840355,186
2020-09-30 01:21:00+00:00,30040.85671623261,30055.382822308944,30022.98197258374,30040.776176896663,917
2020-09-30 13:21:00+00:00,30039.86834453424,30055.45617475616,30033.023224380773,30039.68317461149,816
2020-10-01 01:21:00+00:00,30039.027617033902,30046.594370739665,30027.83182814674,30039.569906401375,209
2020-10-01 13:21:00+00:00,30038.573932992862,30051.79376782783,30037.28592710632,30039.078262987066,462
2020-10-02 01:21:00+00:00,30037.279912449943,30049.88728527661,30023.560695762317,30037.365132148923,410
2020-10-02 13:21:00+00:00,30036.815136005273,30051.11643561064,30028.51252206299,30037.494362778725,535
2020-10-03 01:21:00+00:00,30038.955871683564,30057.308936570276,30038.858999572367,30040.111961743907,712
2020-10-03 13:21:00+00:00,30039.328074160963,30039.971685411456,30022.861398211935,30039.308186043334,546
2020-10-04 01:21:00+00:00,30039.582860463204,30043.824575458217,30020.866999978367,30038.481939237947,642
2020-10-04 13:21:00+00:00,30037.95226258709,30043.602124492936,30023.26558779704,30037.617543415003,800
2020-10-05 01:21:00+00:00,30037.91259247389,30045.797013588697,30021.837728717586,30037.034409805132,705
2020-10-05 13:21:00+00:00,30037.783510761594,30047.339957315497,30029.930759739942,30038.33326994867,645
2020-10-06 01:21:00+00:00,30037.63757297484,30038.001694929626,30018.314723935167,30036.525245394605,438
2020-10-06 13:21:00+00:00,30034.669034535473,30037.75184460186,30031.44633053308,30035.646626486294,532
2020-10-07 01:21:00+00:00,30035.861714955594,30054.62015423338,30031.5317579119,30036.816038225785,388
2020-10-07 13:21:00+00:00,30035.69178346428,30038.120581929677,30030.244432300547,30035.74915255142,383
2020-10-08 01:21:00+00:00,30034.176478996123,30042.109731879096,30015.39786792558,30033.085366369243,484
2020-10-08 13:21:00+00:00,30033.254986187556,30049.9764702868,30023.68707728381,30034.197492959025,946
2020-10-09 01:21:00+00:00,30034.746709216983,30045.893927072655,30023.56138961385,30033.788044651385,783
2020-10-09 13:21:00+00:00,30035.58552358462,30051.813999674752,30033.316206167423,30037.95377242745,772
2020-10-10 01:21:00+00:00,30036.623309231283,30053.899957295194,30027.764554726502,30036.489595901014,342
2020-10-10 13:21:00+00:00,30035.474338492677,30037.64814935883,30032.435350871485,30036.437301205777,766
2020-10-11 01:21:00+00:00,30036.03732045379,30049.828673436827,30023.566783959523,30036.754007446583,810
2020-10-11 13:21:00+00:00,30037.006579390705,30048.879291617148,30036.046659803585,30035.134608350236,298
2020-10-12 01:21:00+00:00,30036.8126036265,30052.704208547853,30022.4533182426,30037.04719876168,463
2020-10-12 13:21:00+00:00,30036.799660198318,30055.64836173331,30023.191114806705,30038.311803574496,937
2020-10-13 01:21:00+00:00,30036.43313895919,30054.603157960846,30032.49136099453,30037.51977524803,795
2020-10-13 13:21:00+00:00,30038.043296394928,30054.61340473596,30034.522434453407,30037.425127469753,980
2020-10-14 01:21:00+00:00,30039.58271450741,30046.729489436606,30021.317183430987,30038.26130987899,270
2020-10-14 13:21:00+00:00,30040.555581867593,30055.863028914926,30021.008836461267,30040.040758920422,521
2020-10-15 01:21:00+00:00,30038.993079933236,30043.311408605037,30035.21962188882,30039.743062208527,506
2020-10-15 13:21:00+00:00,30039.95680555164,30059.418416706412,30030.909802639526,30038.24717892265,422
2020-10-16 01:21:00+00:00,30039.292489407027,30040.838747422647,30024.625274882957,30037.998487098474,409
2020-10-16 13:21:00+00:00,30039.309671456675,30055.750367686032,30032.594734683684,30038.649003745923,969
2020-10-17 01:21:00+00:00,30039.174426601607,30043.98974896345,30037.972115206714,30039.304777095764,572
2020-10-17 13:21:00+00:00,30037.954536233974,30044.464059019305,30020.82074860849,30037.627180239393,133
2020-10-18 01:21:00+00:00,30037.602408197916,30053.95248721468,30034.218358175065,30037.31898255516,399
2020-10-18 13:21:00+00:00,30035.833904119314,30049.75172944609,30016.488112981577,30035.265237873336,790
2020-10-19 01:21:00+00:00,30036.615990595,30056.198214278254,30025.238843445466,30036.92712434666,291
2020-10-19 13:21:00+00:00,30035.457079657164,30035.507410346883,30029.69337148191,30034.25318051957,419
2020-10-20 01:21:00+00:00,30036.410518800996,30055.45083970797,30027.11986696011,30037.14090973179,787
2020-10-20 13:21:00+00:00,30035.71382572966,30054.14476968366,30021.31174640968,30034.852704188168,899
2020-10-21 01:21:00+00:00,30037.165964124848,30044.41810027591,30017.455406469664,30038.49209505515,248
2020-10-21 13:21:00+00:00,30036.401024321396,30040.577659060822,30035.33160161301,30037.179190953473,557
2020-10-22 01:21:00+00:00,30035.46027747928,30035.488386778557,30018.447507116998,30034.824754115936,730
2020-10-22 13:21:00+00:00,30035.285386314576,30049.333509401367,30020.930704217317,30036.51789681052,192
2020-10-23 01:21:00+00:00,30036.735705331383,30039.49158043748,30020.786014218076,30037.36046530522,691
2020-10-23 13:21:00+00:00,30037.52335576169,30056.47585678778,30026.34385835936,30036.35630355766,723
2020-10-24 01:21:00+00:00,30037.005099695984,30042.28651481439,30017.5937691705,30037.505820069717,874
2020-10-24 13:21:00+00:00,30037.61775319643,30046.391666297102,30031.95780357097,30039.62261015031,868
2020-10-25 01:21:00+00:00,30037.493209975728,30053.800999330026,30033.663833834675,30035.984281492467,719
2020-10-25 13:21:00+00:00,30039.03826093934,30057.55623577533,30030.394225967288,30038.007928891417,560
2020-10-26 01:21:00+00:00,30039.37994049656,30045.29196718645,30035.816471797876,30038.291201245815,431
2020-10-26 13:21:00+00:00,30039.320251801433,30053.60690523133,30032.139376007177,30039.159754936667,920
2020-10-27 01:21:00+00:00,30039.1267047761,30047.666834451895,30026.557780628158,30042.006487081977,592
2020-10-27 13:21:00+00:00,30042.117984594708,30046.263311588482,30034.13977053764,30042.646499808412,793
2020-10-28 01:21:00+00:00,30042.728737229943,30053.958886271495,30040.61913016285,30041.45506698901,986
2020-10-28 13:21:00+00:00,30042.363629384847,30059.231407423216,30025.572742998833,30042.157777804998,882
2020-10-29 01:21:00+00:00,30041.83125426558,30043.484215375516,30040.250091308455,30041.985796571797,578
2020-10-29 13:21:00+00:00,30040.268702493213,30045.513554198144,30030.961824678576,30041.56724409168,704
2020-10-30 01:21:00+00:00,30039.184840798232,30059.048903350922,30038.024496859332,30038.986419121964,490
2020-10-30 13:21:00+00:00,30038.44176417482,30052.744471241742,30031.502943392858,30039.654301276343,823
2020-10-31 01:21:00+00:00,30040.089420164855,30049.81491335664,30039.073330823874,30040.17247786026,522
2020-10-31 13:21:00+00:00,30040.913823232462,30042.48144437522,30026.623498613444,30040.622692617366,472
2020-11-01 01:21:00+00:00,30039.123666793832,30047.72673797308,30037.698424442486,30038.663380529022,234
2020-11-01 13:21:00+00:00,30039.208951000037,30050.45216775098,30038.710729382077,30038.939179968707,106
2020-11-02 01:21:00+00:00,30036.96379622648,30054.449489725564,30035.61313585642,30036.73254266825,493
2020-11-02 13:21:00+00:00,30036.839348073318,30053.558431926722,30018.6192329199,30037.386513141046,840
2020-11-03 01:21:00+00:00,30037.386480804595,30039.698329040886,30030.408345679614,30037.831861077142,845
2020-11-03 13:21:00+00:00,30038.894908681108,30039.347698016572,30021.241690857318,30039.60814851515,226
2020-11-04 01:21:00+00:00,30037.761556933016,30056.263599795016,30022.14355982962,30036.703371194297,828
2020-11-04 13:21:00+00:00,30039.174681857698,30043.061916881306,30024.375435291695,30039.817685660502,906
2020-11-05 01:21:00+00:00,30038.305971799564,30043.383133343792,30031.873128324543,30038.41800066537,664
2020-11-05 13:21:00+00:00,30037.569027319154,30037.98460919566,30035.91090491753,30038.097428810568,639
2020-11-06 01:21:00+00:00,30037.760632960322,30056.43929364403,30031.861649838393,30036.828050487984,586
2020-11-06 13:21:00+00:00,30036.83486400779,30047.818882227668,30022.61298282618,30037.646624139117,911
2020-11-07 01:21:00+00:00,30036.45514339882,30050.596124349162,30030.697697834883,30036.265573073157,357
2020-11-07 13:21:00+00:00,30037.22126237566,30042.354024322387,30021.346419256854,30037.166150064953,859
2020-11-08 01:21:00+00:00,30036.680319805273,30038.93702458384,30024.197005544815,30036.68271745167,112
2020-11-08 13:21:00+00:00,30036.742523326804,30056.025205284055,30023.469405974418,30037.579941238957,426
2020-11-09 01:21:00+00:00,30038.003255022733,30054.500289131473,30036.892826252726,30038.87080220513,624
2020-11-09 13:21:00+00:00,30037.527971789998,30052.88256022773,30021.43670859911,30038.51036567109,784
2020-11-10 01:21:00+00:00,30036.59398421665,30041.435032416015,30025.080441659982,30036.653434859898,618
2020-11-10 13:21:00+00:00,30037.372171190418,30043.510349817367,30028.21638259131,30037.46815361025,743
2020-11-11 01:21:00+00:00,30037.807018032254,30042.11560419593,30027.20930820163,30034.97642824447,742
2020-11-11 13:21:00+00:00,30037.626644580145,30054.19639420434,30032.51623699776,30038.799858482464,341
2020-11-12 01:21:00+00:00,30039.03825434526,30041.801486720968,30019.5883683237,30037.862686141612,278
2020-11-12 13:21:00+00:00,30036.514523927428,30055.7552535387,30029.30337429815,30036.1582282879,346
2020-11-13 01:21:00+00:00,30035.679577314684,30050.381690435115,30023.772895270944,30035.752339110357,787
2020-11-13 13:21:00+00:00,30034.944568297942,30043.87528882171,30021.995634882882,30034.79331483341,301
2020-11-14 01:21:00+00:00,30034.902847103127,30044.668542846466,30032.997977701383,30033.493378065665,734
2020-11-14 13:21:00+00:00,30036.654251612985,30041.029299789403,30018.780593425472,30037.092768213653,308
2020-11-15 01:21:00+00:00,30036.56541408187,30041.39960318153,30022.524712141567,30036.993346590774,405
2020-11-15 13:21:00+00:00,30036.689077099814,30053.331845796387,30017.816742769024,30038.39600614391,591
2020-11-16 01:21:00+00:00,30038.199638168488,30044.371615727337,30018.862272874856,30037.842143985694,878
2020-11-16 13:21:00+00:00,30039.56127674589,30051.750707168987,30033.269791074013,30041.917688063808,547
2020-11-17 01:21:00+00:00,30040.249148529158,30049.975317689707,30038.667250351646,30040.79042799334,269
2020-11-17 13:21:00+00:00,30040.21460820485,30050.86855568366,30034.909345490352,30041.25752121085,933
2020-11-18 01:21:00+00:00,30040.853643590563,30052.41683852147,30026.377139074135,30040.94020212948,750
2020-11-18 13:21:00+00:00,30041.399916913168,30059.525337034105,30039.90322830271,30040.36594844982,144
2020-11-19 01:21:00+00:00,30042.571564081103,30060.685939253282,30029.512135877987,30042.352409800234,653
2020-11-19 13:21:00+00:00,30044.760807710576,30061.529921209803,30040.08240105056,30043.24874508467,363
2020-11-20 01:21:00+00:00,30046.368489838,30055.01284508307,30028.37192309344,30046.76475749452,154
2020-11-20 13:21:00+00:00,30047.086754861895,30055.082745494816,30040.401613858263,30046.2088998666,863
2020-11-21 01:21:00+00:00,30045.88488799728,30051.46056227528,30032.668765249877,30044.233006044495,606
2020-11-21 13:21:00+00:00,30044.825094985834,30054.65515716878,30035.764719097067,30044.62665035594,365
2020-11-22 01:21:00+00:00,30045.317055684172,30047.141069072717,30033.71443063742,30044.151297032306,642
2020-11-22 13:21:00+00:00,30045.8520495053,30050.460274453202,30031.572942082985,30044.133016083153,848
2020-11-23 01:21:00+00:00,30046.534293910343,30047.999247157648,30032.77264593659,30044.512877992,761
2020-11-23 13:21:00+00:00,30047.65499720877,30054.78922310582,30032.792436926393,30048.777272235136,779
2020-11-24 01:21:00+00:00,30048.66476759804,30060.55794201771,30030.001261263544,30046.432741669512,391
2020-11-24 13:21:00+00:00,30049.486715870695,30068.774095079512,30037.085763210078,30050.4762824866,588
2020-11-25 01:21:00+00:00,30051.0335253669,30070.023596856292,30050.778811593966,30052.005408202403,469
2020-11-25 13:21:00+00:00,30051.355396732546,30059.55186868678,30048.03338918553,30051.41763388786,790
2020-11-26 01:21:00+00:00,30051.13307509713,30053.100081074044,30045.762668343785,30051.220492234857,786
2020-11-26 13:21:00+00:00,30051.578782489083,30055.65559337126,30044.50132726912,30050.2223978802,581
2020-11-27 01:21:00+00:00,30049.650986802335,30066.44792246442,30030.00869398662,30049.887320479716,734
2020-11-27 13:21:00+00:00,30048.75789899187,30063.393113361257,30037.709818849304,30047.996743278596,915
2020-11-28 01:21:00+00:00,30048.237295337774,30063.635642187266,30038.593600337383,30046.486085847915,755
2020-11-28 13:21:00+00:00,30049.27380458585,30054.67355841381,30047.41461661414,30048.79580384916,365
2020-11-29 01:21:00+00:00,30049.855246799805,30065.910521867627,30031.472662869153,30048.95216195548,863
2020-11-29 13:21:00+00:00,30049.375578779403,30067.742959798616,30044.085212768998,30047.32390373977,544
2020-11-30 01:21:00+00:00,30050.361422110454,30052.33972388831,30040.302544959966,30050.808363772314,675
2020-11-30 13:21:00+00:00,30050.932432172096,30057.82560445383,30042.835531215995,30051.43564902532,138
2020-12-01 01:21:00+00:00,30052.342525458786,30068.36562821797,30043.380414373187,30052.883702991112,480
2020-12-01 13:21:00+00:00,30052.83764211982,30070.47203012356,30046.35306253895,30052.131793625475,423
2020-12-02 01:21:00+00:00,30052.05174999842,30052.57624339134,30039.264735440243,30050.985061313284,368
2020-12-02 13:21:00+00:00,30051.149504064608,30056.35589385796,30041.46778351922,30051.24858425699,944
2020-12-03 01:21:00+00:00,30051.397854613468,30060.50134342634,30049.221803989723,30052.985794435666,651
2020-12-03 13:21:00+00:00,30050.31855854357,30056.330630695873,30046.422670374424,30050.147542488816,561
2020-12-04 01:21:00+00:00,30049.084725214718,30062.263933226826,30042.246345604304,30050.258190326756,154
2020-12-04 13:21:00+00:00,30048.618260517855,30058.6701309113,30048.17743757865,30047.977588615333,966
2020-12-05 01:21:00+00:00,30047.387773286962,30066.57632357259,30043.41681598329,30049.51505803177,278
2020-12-05 13:21:00+00:00,30046.296595539156,30064.084227386946,30045.798095263694,30045.93822716272,294
2020-12-06 01:21:00+00:00,30045.642205214044,30059.511981056992,30027.99445824268,30044.5556443153,896
2020-12-06 13:21:00+00:00,30046.738511832307,30049.290965872664,30043.65198813709,30047.262840305837,792
2020-12-07 01:21:00+00:00,30046.19669250734,30062.7555347418,30042.872474229862,30046.673588722955,682
2020-12-07 13:21:00+00:00,30046.480715580976,30046.661114647115,30044.572070619543,30046.83510646889,702
2020-12-08 01:21:00+00:00,30046.033018857805,30058.846512645996,30030.633518911534,30047.567386134375,803
2020-12-08 13:21:00+00:00,30046.345833511146,30061.80354338982,30034.52452776439,30045.955067375122,420
2020-12-09 01:21:00+00:00,30046.656845543042,30046.738871973706,30030.283995482518,30046.535290654432,777
2020-12-09 13:21:00+00:00,30047.014498100027,30048.54308608289,30046.24943167843,30047.421216381495,496
2020-12-10 01:21:00+00:00,30047.619078845477,30065.72609908882,30040.567887818037,30049.262350710782,841
2020-12-10 13:21:00+00:00,30048.735743219928,30048.787035773534,30043.669618031152,30049.564305955682,188
2020-12-11 01:21:00+00:00,30048.70796833882,30050.011100820528,30038.722789384818,30047.72160673052,400
2020-12-11 13:21:00+00:00,30050.86068286696,30062.850242861387,30035.33729234988,30048.906414833746,480
2020-12-12 01:21:00+00:00,30050.652618189277,30059.91253205703,30037.43123074243,30050.303042189178,912
2020-12-12 13:21:00+00:00,30049.582670052005,30061.713587800503,30033.65143061209,30049.114578713037,340
2020-12-13 01:21:00+00:00,30048.511183526978,30061.650623520727,30032.36399235396,30048.3370515777,442
2020-12-13 13:21:00+00:00,30048.156280479467,30066.487885668816,30043.121502481572,30047.415595368486,523
2020-12-14 01:21:00+00:00,30048.3340312024,30066.625254893264,30035.073926224035,30049.463046891073,787
2020-12-14 13:21:00+00:00,30046.732021915705,30053.7293346918,30037.693647176722,30044.782051155675,411
2020-12-15 01:21:00+00:00,30045.31860819303,30048.887208480573,30031.669661929463,30045.755750399105,867
2020-12-15 13:21:00+00:00,30045.278355180297,30064.84350446962,30044.25020787573,30044.584150520117,770
2020-12-16 01:21:00+00:00,30044.189708555103,30054.965523577364,30030.2721123728,30043.859894666104,957
2020-12-16 13:21:00+00:00,30043.827850668793,30056.956929685846,30026.786190596937,30043.659192986917,215
2020-12-17 01:21:00+00:00,30045.02006273545,30061.344102249215,30031.98443387144,30042.32934929248,920
2020-12-17 13:21:00+00:00,30045.649315605802,30054.1463094521,30042.459130305924,30045.90846569451,537
2020-12-18 01:21:00+00:00,30045.932567836866,30062.24607092671,30045.19410365749,30046.339650858456,253
2020-12-18 13:21:00+00:00,30044.82373851033,30054.47535535135,30036.253326224527,30044.585867801357,828
2020-12-19 01:21:00+00:00,30044.716638988015,30056.82868682157,30037.16724116678,30044.552786099623,464
2020-12-19 13:21:00+00:00,30043.08721054942,30057.725046035775,30035.85649584888,30043.819269921725,828
2020-12-20 01:21:00+00:00,30042.519426307434,30050.205102173717,30034.019619538114,30042.046369995947,283
2020-12-20 13:21:00+00:00,30041.96717337033,30054.10779196174,30033.964013553057,30042.959421230364,650
2020-12-21 01:21:00+00:00,30042.02291636254,30053.410669465706,30036.58606325564,30042.27281277568,551
2020-12-21 13:21:00+00:00,30043.154415209407,30048.255119325928,30032.145020058037,30042.744958047006,527
2020-12-22 01:21:00+00:00,30042.347723999006,30059.966185943194,30032.685715979514,30041.890966918272,151
2020-12-22 13:21:00+00:00,30044.03552933675,30063.899525715526,30028.522459303145,30041.47898029956,973
2020-12-23 01:21:00+00:00,30044.09111962155,30054.363973060077,30025.20693013516,30044.8296507248,395
2020-12-23 13:21:00+00:00,30043.64309582334,30055.561950094252,30025.41402969429,30043.856638547484,395
2020-12-24 01:21:00+00:00,30043.4308625474,30055.232080581554,30025.73773118222,30043.436636828472,682
2020-12-24 13:21:00+00:00,30043.693780928665,30051.03522900306,30025.384072064106,30043.55967261811,242
2020-12-25 01:21:00+00:00,30044.476420745617,30050.451825176962,30031.35937564542,30043.432767599814,764
2020-12-25 13:21:00+00:00,30045.78801545755,30064.699567714895,30031.57876674258,30046.5013257709,580
2020-12-26 01:21:00+00:00,30046.296886822016,30049.431828116227,30040.075810517817,30044.671470930974,555
2020-12-26 13:21:00+00:00,30046.433816426223,30062.081319169472,30046.234794390217,30047.970525806817,362
2020-12-27 01:21:00+00:00,30044.29874718998,30060.01078053906,30029.258827645273,30043.906244775448,775
2020-12-27 13:21:00+00:00,30044.84674446927,30054.200589331864,30030.103508212993,30046.71374587358,430
2020-12-28 01:21:00+00:00,30044.57174214647,30060.775810784548,30029.400346464347,30046.0381413312,568
2020-12-28 13:21:00+00:00,30043.596874694114,30046.04524444609,30032.91849994006,30042.586552421824,962
2020-12-29 01:21:00+00:00,30044.298312215116,30051.024603757283,30031.514955636056,30046.437803669232,163
2020-12-29 13:21:00+00:00,30044.624337163717,30057.704362674787,30038.54517831415,30042.651930761855,795
2020-12-30 01:21:00+00:00,30045.513903393778,30058.90465279475,30039.88074305301,30045.351142950833,266
2020-12-30 13:21:00+00:00,30046.718802216103,30050.968136972646,30028.5955136439,30046.028917882886,526
2020-12-31 01:21:00+00:00,30047.43785228426,30051.682730853576,30041.413482960645,30048.110143406535,680
2020-12-31 13:21:00+00:00,30047.140214199702,30065.200106027205,30033.525233997483,30046.860275141044,968
2021-01-01 01:21:00+00:00,30047.468936572273,30065.540754642414,30030.908542218374,30048.275074839912,839
2021-01-01 13:21:00+00:00,30046.46977062815,30064.841282250938,30031.35958638666,30046.549537785686,461
2021-01-02 01:21:00+00:00,30047.461190892256,30056.061835748038,30042.414278069402,30047.60285634763,249
2021-01-02 13:21:00+00:00,30046.247108271757,30057.6123965379,30033.939021121092,30046.741112618987,110
2021-01-03 01:21:00+00:00,30047.434133179373,30053.495754040003,30046.894089115234,30047.50294066803,385
2021-01-03 13:21:00+00:00,30046.46189919729,30051.497435432862,30030.4364851779,30046.796089323518,852
2021-01-04 01:21:00+00:00,30048.01817103061,30051.413044125326,30036.011265040626,30049.049186635333,103
2021-01-04 13:21:00+00:00,30047.505902923484,30065.442276546626,30038.78302474409,30046.379758716597,987
2021-01-05 01:21:00+00:00,30049.21627513281,30064.488652424392,30044.70720126434,30050.90455133684,436
2021-01-05 13:21:00+00:00,30051.158498846162,30063.996719642553,30033.657991747485,30051.093180569405,426
2021-01-06 01:21:00+00:00,30049.611605167465,30064.197867676303,30036.384221371554,30047.982146795617,274
2021-01-06 13:21:00+00:00,30051.340854325015,30059.070769469723,30047.651271393835,30052.545512952973,405
2021-01-07 01:21:00+00:00,30051.132134809995,30059.155835239966,30036.674070738725,30051.09903038528,483
2021-01-07 13:21:00+00:00,30051.850137331097,30058.927652944036,30042.60367040866,30050.118187764198,919
2021-01-08 01:21:00+00:00,30052.990803726625,30058.570772385647,30045.421975489928,30052.342659049573,502
2021-01-08 13:21:00+00:00,30054.053831114532,30071.772146898056,30041.527839319257,30055.17073364232,199
2021-01-09 01:21:00+00:00,30055.037907223345,30059.280701010553,30045.509143300205,30054.938814864727,537
2021-01-09 13:21:00+00:00,30055.56934620594,30060.099334206807,30043.41751921064,30054.46098442737,865
2021-01-10 01:21:00+00:00,30054.446628768317,30073.498927936842,30052.717081719737,30054.040392534356,589
2021-01-10 13:21:00+00:00,30054.677242335398,30064.911106204247,30043.198357578545,30056.14354322858,361
2021-01-11 01:21:00+00:00,30053.500596298953,30060.2220532524,30048.39989164016,30053.380702862105,810
2021-01-11 13:21:00+00:00,30053.952129817022,30070.557764187055,30047.701101794886,30054.737434000934,831
2021-01-12 01:21:00+00:00,30052.90357067299,30053.906706319718,30045.106467295915,30054.06646829747,594
2021-01-12 13:21:00+00:00,30052.32460082521,30059.286437385446,30040.90351173586,30051.7802375534,777
2021-01-13 01:21:00+00:00,30052.00851503856,30062.440394179488,30033.80549541363,30051.666180250977,793
2021-01-13 13:21:00+00:00,30053.469166596602,30054.43289016947,30042.704646726997,30053.55314745213,340
2021-01-14 01:21:00+00:00,30054.741423548654,30064.107522321934,30045.59256967233,30054.876583314872,280
2021-01-14 13:21:00+00:00,30054.896627598308,30073.11554312509,30034.972320968267,30056.2486675632,294
2021-01-15 01:21:00+00:00,30054.201782713462,30067.508723563762,30039.60901325309,30053.294112238396,995
2021-01-15 13:21:00+00:00,30055.272694439696,30070.91097827461,30046.271259066263,30054.69534387675,774
2021-01-16 01:21:00+00:00,30054.711775908698,30060.301809934856,30039.955719373895,30054.72195510438,878
2021-01-16 13:21:00+00:00,30055.00026177688,30063.269692939502,30054.472866383043,30054.30393939937,876
2021-01-17 01:21:00+00:00,30054.33337825249,30059.53091821026,30042.818339226833,30054.544600573092,319
2021-01-17 13:21:00+00:00,30053.872873306882,30070.489228822546,30037.68321305946,30053.627481854437,855
2021-01-18 01:21:00+00:00,30054.095221697135,30057.656085198883,30048.569051211332,30053.11472684248,392
2021-01-18 13:21:00+00:00,30054.358876324397,30061.49086389651,30041.300786461026,30053.896586909268,499
2021-01-19 01:21:00+00:00,30053.610896555274,30069.22585604412,30041.227929199624,30054.234807590266,177
2021-01-19 13:21:00+00:00,30054.905521855926,30061.8947105494,30046.24540038145,30055.975511080513,296
2021-01-20 01:21:00+00:00,30055.484109058198,30066.040666677007,30050.30430257193,30056.131443195965,168
2021-01-20 13:21:00+00:00,30055.95527425309,30075.257460881534,30039.076246127417,30056.4800743624,315
2021-01-21 01:21:00+00:00,30056.8401181879,30064.053999365424,30042.97874700394,30055.18805376013,870
2021-01-21 13:21:00+00:00,30056.011021775306,30069.276699067712,30037.002078265352,30056.26634374792,887
2021-01-22 01:21:00+00:00,30056.306495288005,30068.628124147912,30037.386921618778,30056.391274148176,424
2021-01-22 13:21:00+00:00,30056.36511798685,30057.11556101446,30044.467586333172,30056.675535540144,224
2021-01-23 01:21:00+00:00,30056.029167507855,30065.426038874244,30040.980023798485,30055.00559863599,931
2021-01-23 13:21:00+00:00,30055.27709838287,30067.154075593673,30036.174698280553,30055.093316631723,496
2021-01-24 01:21:00+00:00,30054.515214738352,30054.718717628442,30048.554203045016,30054.98360063446,541
2021-01-24 13:21:00+00:00,30053.904390059077,30060.323746322945,30034.90209952136,30053.686872164664,309
2021-01-25 01:21:00+00:00,30052.32461509425,30071.355576608803,30034.876593776513,30052.409503099258,339
2021-01-25 13:21:00+00:00,30052.754819374415,30069.729314936052,30048.764032283514,30053.806342419495,428
2021-01-26 01:21:00+00:00,30052.56792593647,30052.660539006643,30040.45636301601,30051.829702734467,795
2021-01-26 13:21:00+00:00,30052.84495950123,30071.05688508045,30034.693044451902,30055.98610527414,144
2021-01-27 01:21:00+00:00,30053.73044040315,30065.777193751925,30045.135258976945,30055.9972523578,655
2021-01-27 13:21:00+00:00,30052.131361897424,30064.56593372009,30050.228403167228,30051.833789984412,589
2021-01-28 01:21:00+00:00,30053.566556979826,30070.543288412984,30051.684495658636,30052.89377528723,758
2021-01-28 13:21:00+00:00,30054.643774592638,30069.575397409455,30045.53876476543,30054.35581898443,452
2021-01-29 01:21:00+00:00,30054.93753902141,30064.5132827344,30035.982035142984,30054.957249912888,306
2021-01-29 13:21:00+00:00,30056.140052711722,30056.34402649432,30051.12657751977,30058.000987757874,261
2021-01-30 01:21:00+00:00,30057.09808166705,30063.81060809151,30041.60446935453,30057.60909951307,430
2021-01-30 13:21:00+00:00,30059.417704248528,30069.98183780325,30052.984859894503,30058.381570374455,604
2021-01-31 01:21:00+00:00,30059.369220766046,30060.800205722426,30046.710011048308,30059.278552563577,168
2021-01-31 13:21:00+00:00,30060.138463707808,30061.185549519138,30055.608723713533,30060.66636263995,225
2021-02-01 01:21:00+00:00,30059.96671389581,30068.505227411693,30053.912899070976,30059.256569638517,182
2021-02-01 13:21:00+00:00,30059.426608938604,30077.046418915117,30055.352157820256,30059.052504454565,410
2021-02-02 01:21:00+00:00,30059.753580251276,30078.854217531552,30041.773327385778,30059.85887608543,860
2021-02-02 13:21:00+00:00,30058.861977986024,30075.99301819436,30054.19956851838,30058.1764776032,456
2021-02-03 01:21:00+00:00,30059.40831083065,30073.318373119913,30043.36417628721,30060.023932708955,398
2021-02-03 13:21:00+00:00,30062.077970171817,30070.376172056185,30048.222283845305,30062.089054087097,457
2021-02-04 01:21:00+00:00,30061.70522995386,30068.023559713263,30043.520841734204,30060.83978425296,727
2021-02-04 13:21:00+00:00,30059.030925926727,30075.3513319267,30041.685974428965,30057.432813550586,376
2021-02-05 01:21:00+00:00,30058.22192528998,30077.653595388798,30041.437540077142,30058.58230518551,633
2021-02-05 13:21:00+00:00,30058.089451781703,30058.989692630137,30050.58825853904,30059.141062356724,123
2021-02-06 01:21:00+00:00,30055.9087827365,30056.606122789788,30050.81729391163,30055.646659736834,311
2021-02-06 13:21:00+00:00,30055.438244045745,30074.9619109512,30054.224770593075,30055.30058642605,561
2021-02-07 01:21:00+00:00,30055.070390891033,30065.662038642484,30043.402888406166,30055.702213157747,574
2021-02-07 13:21:00+00:00,30052.66642745412,30056.652637083334,30052.474642677444,30053.672557494538,382
2021-02-08 01:21:00+00:00,30053.356166019646,30064.914262429225,30047.772457980187,30052.76762267751,883
2021-02-08 13:21:00+00:00,30052.546480274636,30071.140899332797,30043.409186043107,30050.702099332775,256
2021-02-09 01:21:00+00:00,30052.534023488686,30069.073366339053,30048.83142808958,30054.18675304826,313
2021-02-09 13:21:00+00:00,30051.22027547555,30055.514907319306,30049.388501526504,30050.666967988414,883
2021-02-10 01:21:00+00:00,30049.87704633891,30057.085239589724,30039.156946389965,30051.763385690414,294
2021-02-10 13:21:00+00:00,30048.274272464234,30055.242554952332,30046.453092265056,30047.48915616844,756
2021-02-11 01:21:00+00:00,30046.212470245657,30059.17923751696,30045.51010955648,30047.717701943355,608
2021-02-11 13:21:00+00:00,30048.661814977197,30052.161332825915,30030.87680710185,30048.118666903167,952
2021-02-12 01:21:00+00:00,30049.782567318223,30066.45031996757,30033.25811995136,30048.597013663035,991
2021-02-12 13:21:00+00:00,30050.786049867296,30059.581190866207,30048.4422149359,30050.793848426852,985
2021-02-13 01:21:00+00:00,30051.196939317837,30052.4060695041,30041.59743714906,30051.760241171218,222
2021-02-13 13:21:00+00:00,30051.64890928353,30065.804345605007,30047.365692128333,30052.040458960317,812
2021-02-14 01:21:00+00:00,30048.461343720963,30065.927205461896,30040.32052783855,30048.110704120805,689
2021-02-14 13:21:00+00:00,30048.76713395769,30057.76791536488,30042.293590343954,30048.568077092572,573
2021-02-15 01:21:00+00:00,30049.26140441099,30052.33121550747,30038.95691673607,30047.871049206056,246
2021-02-15 13:21:00+00:00,30050.914811474155,30056.315266036687,30038.61361376447,30050.759089506286,825
2021-02-16 01:21:00+00:00,30051.58493166014,30058.88308237246,30042.17866147429,30051.765637204026,676
2021-02-16 13:21:00+00:00,30051.622978718147,30053.864604847808,30041.024523517826,30050.889101814122,974
2021-02-17 01:21:00+00:00,30051.13658264721,30061.487652541797,30047.83196345965,30053.45547560235,236
2021-02-17 13:21:00+00:00,30052.631237887657,30067.160332793916,30047.451538477497,30053.554671507045,842
2021-02-18 01:21:00+00:00,30051.2329394176,30051.81760732971,30034.38997341157,30051.90910468068,545
2021-02-18 13:21:00+00:00,30052.72291786769,30056.770101146947,30049.975972918284,30051.32529615486,165
2021-02-19 01:21:00+00:00,30053.275811030348,30070.425349549405,30040.45184979875,30052.83250517178,530
2021-02-19 13:21:00+00:00,30052.343504889726,30055.910340502123,30039.250591973592,30052.013999191582,445
2021-02-20 01:21:00+00:00,30053.29909785627,30068.500707904597,30050.337364886396,30055.34586143307,226
2021-02-20 13:21:00+00:00,30053.973047180953,30056.592998787524,30037.11208136281,30053.955288947633,253
2021-02-21 01:21:00+00:00,30054.64784037541,30070.952128410958,30049.404158263944,30055.307091383616,138
2021-02-21 13:21:00+00:00,30054.78677347243,30059.703812737862,30054.69921773093,30054.900834963762,622
2021-02-22 01:21:00+00:00,30055.341170244814,30062.953636418868,30049.18615221979,30055.80724823235,521
2021-02-22 13:21:00+00:00,30053.129937085825,30060.931110675334,30040.47375656839,30052.703213348766,743
2021-02-23 01:21:00+00:00,30054.379085387824,30065.43017957237,30052.672030018442,30054.450924694054,717
2021-02-23 13:21:00+00:00,30054.685238888796,30073.329221118624,30054.39319330377,30055.957868161735,107
2021-02-24 01:21:00+00:00,30054.965750681848,30056.288460210933,30050.694970153905,30054.36630735337,581
2021-02-24 13:21:00+00:00,30055.68664234928,30062.3262972253,30043.319518769975,30057.03671639275,197
2021-02-25 01:21:00+00:00,30055.30531939915,30072.9122308088,30039.492617617238,30054.994819153082,623
2021-02-25 13:21:00+00:00,30054.215915142777,30059.996066923763,30048.62337747278,30052.975903628998,499
2021-02-26 01:21:00+00:00,30054.479144268647,30060.961162015225,30034.835394774982,30053.430246684362,122
2021-02-26 13:21:00+00:00,30054.96406244181,30058.03763022752,30054.02079355709,30054.77920065718,299
2021-02-27 01:21:00+00:00,30054.723340882865,30072.623207608143,30035.040616266244,30055.108550020435,739
2021-02-27 13:21:00+00:00,30053.53945827916,30070.49127610199,30044.64972964622,30052.829469068587,469
2021-02-28 01:21:00+00:00,30053.999459417606,30067.919217993625,30037.43626318557,30053.591178700706,592
2021-02-28 13:21:00+00:00,30055.055936022658,30072.441452793482,30040.229879963455,30054.321742508433,348
2021-03-01 01:21:00+00:00,30055.126715348713,30074.01860763995,30039.086841064243,30054.846460517572,984
2021-03-01 13:21:00+00:00,30054.49275332141,30061.305708743406,30034.916475509854,30055.735022948797,187
2021-03-02 01:21:00+00:00,30055.23124293576,30074.183543862095,30040.23094548027,30055.378790110328,274
2021-03-02 13:21:00+00:00,30055.34421414096,30074.315690003412,30040.707897207052,30052.859294875674,316
2021-03-03 01:21:00+00:00,30055.467875037775,30065.44913255934,30048.988684074782,30055.20158894784,317
2021-03-03 13:21:00+00:00,30056.35855579914,30058.152613927676,30047.442265157355,30055.833744889733,682
2021-03-04 01:21:00+00:00,30055.916398593385,30071.809127889454,30054.72240615702,30055.53895427896,351
2021-03-04 13:21:00+00:00,30055.92911729652,30059.780103207282,30048.358304234982,30055.774870180914,490
2021-03-05 01:21:00+00:00,30057.55863606611,30067.281221847727,30053.485768475326,30057.44145544796,904
2021-03-05 13:21:00+00:00,30059.177848701947,30060.071741936987,30056.42259249975,30059.029877618283,419
2021-03-06 01:21:00+00:00,30059.129797872567,30072.51618424572,30045.75259764826,30058.34585072981,918
2021-03-06 13:21:00+00:00,30060.820723665693,30061.803684765604,30053.54339380852,30061.26532861374,154
2021-03-07 01:21:00+00:00,30059.540555591047,30073.204102253996,30057.30501469511,30057.422820686796,529
2021-03-07 13:21:00+00:00,30058.394258995002,30060.952872011294,30053.53523337157,30058.60846544197,152
2021-03-08 01:21:00+00:00,30058.587909824124,30070.415257827848,30047.38096534063,30057.99747086799,171
2021-03-08 13:21:00+00:00,30059.08260695347,30075.454225566726,30042.488530234947,30057.799219356628,229
2021-03-09 01:21:00+00:00,30058.731348793328,30077.130041168548,30058.465792502215,30058.265850954464,720
2021-03-09 13:21:00+00:00,30058.275470409273,30065.96581639415,30053.019224465017,30058.39784636945,928
2021-03-10 01:21:00+00:00,30058.84968192354,30066.79518069992,30044.910187397643,30057.445816491025,142
2021-03-10 13:21:00+00:00,30056.62753598302,30056.783596831403,30047.388665335024,30056.42830611561,956
2021-03-11 01:21:00+00:00,30058.154894226813,30070.668523470486,30039.753125157076,30058.2320887535,733
2021-03-11 13:21:00+00:00,30058.35209853981,30074.92850573774,30052.88981307632,30061.247293903423,300
2021-03-12 01:21:00+00:00,30058.56195615399,30077.805543162398,30058.003540350932,30059.1771104957,941
2021-03-12 13:21:00+00:00,30059.575680941125,30071.43028342949,30049.9478968043,30059.40707639277,824
2021-03-13 01:21:00+00:00,30059.704270702325,30077.038981317473,30051.876740015636,30060.25565319885,685
2021-03-13 13:21:00+00:00,30060.298658009113,30062.80711326964,30060.140275920403,30061.788953471565,879
2021-03-14 01:21:00+00:00,30060.591162323442,30073.654006724966,30041.1588983466,30059.803654427633,121
2021-03-14 13:21:00+00:00,30061.222365337588,30080.05925023239,30050.875831144942,30061.453080674422,387
2021-03-15 01:21:00+00:00,30061.899055065674,30070.48563163856,30053.849478668617,30061.95504328816,714
2021-03-15 13:21:00+00:00,30061.004679528618,30071.65142670479,30054.526953520883,30060.885826408034,587
2021-03-16 01:21:00+00:00,30059.85221955818,30068.472773494817,30057.48937354669,30060.987521151794,919
2021-03-16 13:21:00+00:00,30058.729699447245,30068.552782382514,30053.220899680826,30059.824169400188,644
2021-03-17 01:21:00+00:00,30058.71090142953,30072.953551783787,30040.154529954703,30059.00414502211,398
2021-03-17 13:21:00+00:00,30059.629180888143,30063.690477148066,30056.44335879849,30059.421062284924,797
2021-03-18 01:21:00+00:00,30058.980809247983,30071.929776929115,30039.35357035729,30060.309661677013,654
2021-03-18 13:21:00+00:00,30058.583257376777,30060.015440811225,30044.48273286065,30059.007526751986,185
2021-03-19 01:21:00+00:00,30057.9199032899,30068.35877031124,30043.884464239545,30057.828144721738,179
2021-03-19 13:21:00+00:00,30059.10120607203,30078.681776481815,30046.63654947901,30058.911991763598,570
2021-03-20 01:21:00+00:00,30060.784054949825,30061.995471181366,30054.453921705586,30059.749732308464,783
2021-03-20 13:21:00+00:00,30060.722980459726,30061.87176721985,30048.895225092823,30060.44926204615,443
2021-03-21 01:21:00+00:00,30062.296869180063,30076.428605244102,30055.1754623476,30063.08708521111,409
2021-03-21 13:21:00+00:00,30062.218614325844,30066.85004259705,30060.254507291924,30062.519914590983,400
2021-03-22 01:21:00+00:00,30061.78321677467,30064.52906816408,30052.780538437724,30063.020620752595,135
2021-03-22 13:21:00+00:00,30060.999748247054,30062.770192103784,30045.923994906632,30064.01430486007,681
2021-03-23 01:21:00+00:00,30061.39092871184,30078.918540598333,30050.642126484334,30060.94656378388,255
2021-03-23 13:21:00+00:00,30061.82107647644,30063.349979743405,30043.457927943273,30061.7877844428,998
2021-03-24 01:21:00+00:00,30061.9396371795,30068.38901263051,30047.687690478426,30063.08683943159,643
2021-03-24 13:21:00+00:00,30061.603926319724,30068.243630689096,30047.446014927027,30060.780163001,617
2021-03-25 01:21:00+00:00,30061.791774140474,30075.15544136094,30057.336085296494,30062.445684659844,760
2021-03-25 13:21:00+00:00,30062.41131364883,30075.892503073457,30053.29410174689,30062.22104724608,968
2021-03-26 01:21:00+00:00,30063.137153076652,30082.096201375964,30046.05118313252,30064.013090202396,791
2021-03-26 13:21:00+00:00,30065.222761987887,30069.39873281457,30056.544735054515,30064.922930841276,832
2021-03-27 01:21:00+00:00,30064.782221795143,30076.811866603224,30045.012239961176,30064.07808087114,518
2021-03-27 13:21:00+00:00,30065.061937123122,30078.182088341655,30060.50775349048,30065.12953539537,835
2021-03-28 01:21:00+00:00,30064.46188710381,30069.167115107957,30051.899903227986,30063.768205103184,933
2021-03-28 13:21:00+00:00,30063.42620602935,30066.735879827556,30051.735522671246,30066.27133404782,123
2021-03-29 01:21:00+00:00,30062.31716374553,30073.642991514367,30043.102781269583,30060.227594282504,550
2021-03-29 13:21:00+00:00,30062.164487089656,30068.91834411691,30056.521013536392,30061.322712956702,516
2021-03-30 01:21:00+00:00,30061.34437614677,30077.12475582667,30043.9716618807,30059.950050747782,704
2021-03-30 13:21:00+00:00,30061.42151277606,30078.01610598049,30041.82296787307,30061.36608068033,393
2021-03-31 01:21:00+00:00,30062.688404695637,30068.011756445063,30056.81800858396,30063.4457911567,666
2021-03-31 13:21:00+00:00,30062.64861421714,30079.831613161845,30045.71266420828,30063.16360182611,976
2021-04-01 01:21:00+00:00,30062.447983807997,30080.224232142933,30045.203260690123,30062.82598511145,588
2021-04-01 13:21:00+00:00,30061.52985128006,30069.25150944441,30053.905029993486,30062.783814296203,576
2021-04-02 01:21:00+00:00,30059.474425587316,30068.592442949575,30045.33192109855,30059.04167079533,893
2021-04-02 13:21:00+00:00,30060.16507307038,30078.287647838373,30040.536383183695,30059.51992162919,171
2021-04-03 01:21:00+00:00,30062.112216147343,30068.367569116894,30048.91319363624,30064.641924772906,928
2021-04-03 13:21:00+00:00,30061.96957347133,30071.542824399028,30048.096138255267,30062.16033291347,909
2021-04-04 01:21:00+00:00,30063.645387754546,30071.454202010544,30058.24882220272,30062.702000062352,280
2021-04-04 13:21:00+00:00,30063.1919070298,30071.0737131591,30051.679355228625,30064.459626063293,934
2021-04-05 01:21:00+00:00,30064.277736044,30065.409887966984,30047.1880304411,30065.95622169116,972
2021-04-05 13:21:00+00:00,30064.932857804004,30081.88184401579,30055.565771487243,30063.936374221263,654
2021-04-06 01:21:00+00:00,30063.706558657494,30065.86631413358,30056.96775981889,30063.73870689117,254
2021-04-06 13:21:00+00:00,30065.338642462204,30078.048463442938,30051.34171358271,30065.776889155484,205
2021-04-07 01:21:00+00:00,30067.09570052371,30074.952491411183,30065.755214772136,30067.07018243115,979
2021-04-07 13:21:00+00:00,30068.539167861334,30068.85587684227,30058.650831441675,30066.80716630283,528
2021-04-08 01:21:00+00:00,30070.40409621455,30081.56653308805,30053.939288007037,30071.45141750381,921
2021-04-08 13:21:00+00:00,30072.034630194394,30085.027902994807,30071.210683379588,30072.487077332346,803
2021-04-09 01:21:00+00:00,30071.2586645082,30089.878263253646,30055.32729864693,30071.523891712764,732
2021-04-09 13:21:00+00:00,30070.70939922281,30082.742925640847,30063.220933645407,30069.74698922905,177
2021-04-10 01:21:00+00:00,30070.34257899549,30089.35957698727,30055.24451954341,30071.06609737836,905
2021-04-10 13:21:00+00:00,30071.897686752036,30072.32168692388,30055.72238785493,30072.287003931324,949
2021-04-11 01:21:00+00:00,30071.749123022957,30088.209363700942,30061.40786036413,30070.91468352687,606
2021-04-11 13:21:00+00:00,30072.280474412095,30091.906813717633,30054.040202860902,30071.598500381046,679
2021-04-12 01:21:00+00:00,30072.54583757348,30084.148135671247,30065.423949120246,30072.277634342572,203
2021-04-12 13:21:00+00:00,30071.444213206905,30090.342124305425,30069.247046435066,30070.050847795377,963
2021-04-13 01:21:00+00:00,30071.66870521962,30079.530359186963,30069.615312249687,30072.281092342575,223
2021-04-13 13:21:00+00:00,30070.594237471032,30088.849799380856,30051.47443216685,30069.833512167723,412
2021-04-14 01:21:00+00:00,30069.567714600398,30082.302342551026,30065.49061149543,30069.88345689244,569
2021-04-14 13:21:00+00:00,30069.975989285424,30074.47865570596,30066.174237451538,30071.105722255325,831
2021-04-15 01:21:00+00:00,30069.709600794507,30085.555847351683,30066.11909725538,30069.38235202542,629
2021-04-15 13:21:00+00:00,30068.45230149445,30085.033730365445,30048.973311946203,30068.852389841377,702
2021-04-16 01:21:00+00:00,30067.270960446527,30078.484655823897,30066.102528897492,30065.604372618196,199
2021-04-16 13:21:00+00:00,30067.501434128244,30086.187639561573,30062.8595279935,30066.873495356565,405
2021-04-17 01:21:00+00:00,30066.856354427026,30072.187330342334,30056.660165845828,30066.74178694084,806
2021-04-17 13:21:00+00:00,30067.281627569933,30087.218548028315,30051.052599278453,30067.831033559156,580
2021-04-18 01:21:00+00:00,30068.778234865415,30073.850016296365,30051.664093922267,30067.852440425395,830
2021-04-18 13:21:00+00:00,30068.017444822086,30087.790729003507,30064.551935154344,30065.391550366854,795
2021-04-19 01:21:00+00:00,30067.153205080613,30076.454230259445,30054.574328794548,30066.70195860622,917
2021-04-19 13:21:00+00:00,30067.211905618646,30080.249269619617,30051.640781653856,30067.694922589937,519
2021-04-20 01:21:00+00:00,30065.64612791419,30083.63203446253,30053.163470802494,30067.744018679532,710
2021-04-20 13:21:00+00:00,30066.488178754644,30080.334253543257,30057.579947926006,30065.446225297477,344
2021-04-21 01:21:00+00:00,30066.799250804062,30076.215004988917,30057.03196855461,30067.935696483743,212
2021-04-21 13:21:00+00:00,30067.6989515386,30071.518315239045,30049.540989225872,30068.54019677581,501
2021-04-22 01:21:00+00:00,30067.24595983945,30081.14114605994,30063.85888384073,30066.32875628778,550
2021-04-22 13:21:00+00:00,30065.767880686086,30071.965899109782,30065.533026354,30065.622658372813,611
2021-04-23 01:21:00+00:00,30068.079495674665,30081.125718806477,30064.39995040342,30070.321159006548,821
2021-04-23 13:21:00+00:00,30068.980647445245,30081.131102287964,30062.144245343734,30068.111761190445,789
2021-04-24 01:21:00+00:00,30069.121059759767,30078.969972597406,30052.5527717888,30067.62732626224,315
2021-04-24 13:21:00+00:00,30068.540400960766,30078.271743205343,30061.604292020922,30067.90279655047,461
2021-04-25 01:21:00+00:00,30070.551146558348,30074.61098178072,30060.197926931905,30069.891964117767,169
2021-04-25 13:21:00+00:00,30068.43937727834,30085.6852913188,30066.827009438104,30069.018312569275,317
2021-04-26 01:21:00+00:00,30068.307115665397,30073.03706619207,30063.87189899805,30067.243827577062,444
2021-04-26 13:21:00+00:00,30067.796263204476,30068.650465920873,30054.109251851423,30066.699751854823,110
2021-04-27 01:21:00+00:00,30068.53644654193,30075.63022880401,30053.65143165502,30068.18530117399,922
2021-04-27 13:21:00+00:00,30068.043229021212,30075.623145578178,30061.940380003398,30068.66588486064,192
2021-04-28 01:21:00+00:00,30066.9478827096,30067.285297784358,30047.93691248273,30064.87350164649,284
2021-04-28 13:21:00+00:00,30067.360394213745,30082.51320726342,30060.951112655333,30067.29616968277,438
2021-04-29 01:21:00+00:00,30067.875822391914,30086.753088640864,30063.378392742114,30066.068723477212,462
2021-04-29 13:21:00+00:00,30067.772164901555,30076.56143270393,30062.779568416612,30066.94680841933,846
2021-04-30 01:21:00+00:00,30065.950284562943,30085.696817894837,30054.398341124237,30066.346510133935,767
2021-04-30 13:21:00+00:00,30066.962856369373,30077.811839992035,30047.076229924944,30067.41138004787,830
2021-05-01 01:21:00+00:00,30067.25684346106,30073.70868668419,30056.291213673325,30068.8847997817,844
2021-05-01 13:21:00+00:00,30067.398458848515,30086.14914916377,30055.746305443627,30066.565281392497,526
2021-05-02 01:21:00+00:00,30067.048075338513,30083.737449178447,30048.862143011444,30068.440553104247,348
2021-05-02 13:21:00+00:00,30066.24730932415,30069.769917523154,30049.1212689052,30066.22259037778,139
2021-05-03 01:21:00+00:00,30065.51576183385,30084.510689417424,30058.761485404826,30066.298035091717,685
2021-05-03 13:21:00+00:00,30064.95471383256,30069.951468372845,30051.07581258759,30065.324073175365,271
2021-05-04 01:21:00+00:00,30063.158563304718,30076.429312345546,30058.292580049303,30063.670971180665,753
2021-05-04 13:21:00+00:00,30062.591118757726,30075.417050978675,30049.12372416859,30063.73110495234,142
2021-05-05 01:21:00+00:00,30062.083302330902,30062.91029728648,30049.406567229093,30061.579558156092,891
2021-05-05 13:21:00+00:00,30062.220617938765,30080.20235023974,30048.952981687948,30061.02644530148,105
2021-05-06 01:21:00+00:00,30060.2741064987,30071.94489688619,30042.260830342457,30059.673850246083,738
2021-05-06 13:21:00+00:00,30061.06969149949,30074.366834070614,30049.884916764546,30063.18421105753,829
2021-05-07 01:21:00+00:00,30061.898121970473,30072.724757625205,30042.812785389247,30062.042530774008,152
2021-05-07 13:21:00+00:00,30062.15159240186,30073.81729877832,30056.90452566052,30063.339396954856,745
2021-05-08 01:21:00+00:00,30061.820550577406,30076.961610163416,30049.030641218495,30062.578369707717,673
2021-05-08 13:21:00+00:00,30061.53110487708,30069.596972995736,30059.2405906368,30060.83539903018,145
2021-05-09 01:21:00+00:00,30060.487599647444,30073.80941177099,30042.33945770968,30060.352279600396,750
2021-05-09 13:21:00+00:00,30059.882135226344,30062.997235366835,30057.358533064726,30059.59863612731,592
2021-05-10 01:21:00+00:00,30060.69117263258,30075.510122188698,30056.09981154149,30062.299101439345,381
2021-05-10 13:21:00+00:00,30061.413508645757,30067.36658840231,30042.060748268123,30062.654628718188,933
2021-05-11 01:21:00+00:00,30060.979036412293,30073.663521909926,30041.05761759964,30061.430001253542,739
2021-05-11 13:21:00+00:00,30059.983092025937,30069.135000488146,30055.509806204846,30059.34969382044,211
2021-05-12 01:21:00+00:00,30058.70917266099,30068.227460142632,30045.88647799315,30058.266513511157,205
2021-05-12 13:21:00+00:00,30058.8442568665,30068.40675301096,30051.166759888256,30057.44186178261,344
2021-05-13 01:21:00+00:00,30060.421367536455,30069.45089355029,30050.46162186967,30061.07649743745,654
2021-05-13 13:21:00+00:00,30061.218757272956,30079.492500271066,30059.374761810974,30061.911661187707,980
2021-05-14 01:21:00+00:00,30062.729726505597,30081.85283080228,30046.67672636834,30062.537281250763,907
2021-05-14 13:21:00+00:00,30061.66196664727,30062.944895755725,30050.86654161558,30060.8330383989,536
2021-05-15 01:21:00+00:00,30061.92173689944,30076.636244332527,30053.474401147225,30063.29774240992,956
2021-05-15 13:21:00+00:00,30062.528736984194,30065.309203830297,30054.78781508609,30061.37368634724,721
2021-05-16 01:21:00+00:00,30063.03821838883,30071.34900249811,30048.284189814334,30064.577845909815,111
2021-05-16 13:21:00+00:00,30064.63269586976,30071.71544912356,30047.832350601344,30065.75466128621,237
2021-05-17 01:21:00+00:00,30063.827540921466,30067.318294488752,30057.285730167663,30064.22495751086,895
2021-05-17 13:21:00+00:00,30062.889838856692,30071.177489619033,30055.793107251742,30062.515614383563,639
2021-05-18 01:21:00+00:00,30063.231892382846,30073.910113278573,30057.516073768114,30060.55925317199,421
2021-05-18 13:21:00+00:00,30064.209934402603,30072.66932615625,30054.14749922641,30063.49941911948,822
2021-05-19 01:21:00+00:00,30064.397808898633,30080.563231030785,30052.362394303407,30065.67719263442,985
2021-05-19 13:21:00+00:00,30064.747411097647,30072.724167201988,30053.52738548258,30062.663290130396,291
2021-05-20 01:21:00+00:00,30064.32740182828,30076.138456925502,30057.678805888092,30064.692605421333,119
2021-05-20 13:21:00+00:00,30063.17829766604,30075.806092604646,30046.452849677426,30062.757657433067,330
2021-05-21 01:21:00+00:00,30062.39572282896,30076.202438125314,30059.182949836144,30063.1269085847,348
2021-05-21 13:21:00+00:00,30065.066197008444,30076.19611989117,30048.154647749794,30063.913199851704,628
2021-05-22 01:21:00+00:00,30065.084416408146,30073.986819107133,30055.834317904875,30065.123715118403,260
2021-05-22 13:21:00+00:00,30064.102530932316,30073.95240812261,30060.993283564392,30064.125689497458,279
2021-05-23 01:21:00+00:00,30062.830015907137,30076.771761850032,30061.717404313276,30061.356164915054,486
2021-05-23 13:21:00+00:00,30061.24085881655,30061.88722496361,30056.694738276066,30059.870108507545,508
2021-05-24 01:21:00+00:00,30059.691718586568,30075.130925646685,30040.117379722462,30059.96781521577,521
2021-05-24 13:21:00+00:00,30058.213403074038,30062.46961176463,30051.371572140968,30058.2399945393,377
2021-05-25 01:21:00+00:00,30058.31378200809,30060.923404247587,30057.130790270883,30058.91589731194,166
2021-05-25 13:21:00+00:00,30058.91350104183,30065.776587230648,30040.417167358264,30059.939021245726,531
2021-05-26 01:21:00+00:00,30058.970665676723,30068.20497526034,30042.335975510574,30059.739544091935,861
2021-05-26 13:21:00+00:00,30058.040692800885,30059.651919093132,30056.127263421276,30059.24301949691,308
2021-05-27 01:21:00+00:00,30057.834605274373,30074.65943155607,30047.493848421425,30057.69332368346,820
2021-05-27 13:21:00+00:00,30056.78210172723,30066.374118380427,30040.41040448491,30056.503596861112,138
2021-05-28 01:21:00+00:00,30057.292351570904,30064.395582837336,30048.048071502326,30056.276796772665,164
2021-05-28 13:21:00+00:00,30058.345556780892,30072.293298189088,30051.950206038375,30059.146664200045,212
2021-05-29 01:21:00+00:00,30058.82755654541,30072.666107222158,30047.04513946536,30056.826275881198,734
2021-05-29 13:21:00+00:00,30058.511888942638,30067.71269326763,30042.60737055486,30057.35645349609,551
2021-05-30 01:21:00+00:00,30059.028355713115,30075.38020221276,30052.99274255836,30057.081378759653,958
2021-05-30 13:21:00+00:00,30059.317397012786,30063.924685529844,30056.027046308307,30059.073568500553,955
2021-05-31 01:21:00+00:00,30058.143767981623,30076.994379241496,30047.124321311185,30056.33163073206,700
2021-05-31 13:21:00+00:00,30057.324190723368,30072.566587130834,30040.137045747484,30057.397453728685,840
2021-06-01 01:21:00+00:00,30055.648481345586,30063.42501029115,30049.02160611828,30055.465129375378,657
2021-06-01 13:21:00+00:00,30055.43829727633,30062.69530005745,30046.61172113834,30055.43446972646,748
2021-06-02 01:21:00+00:00,30054.60804657388,30066.232280077278,30036.614331337987,30054.48212018007,594
2021-06-02 13:21:00+00:00,30054.376534048966,30057.13894245879,30036.584714552766,30052.47818633174,757
2021-06-03 01:21:00+00:00,30053.76754510863,30069.775463129165,30041.400459639244,30054.620158576956,310
2021-06-03 13:21:00+00:00,30053.267644007316,30057.474467463646,30039.06292118773,30053.26453722912,933
2021-06-04 01:21:00+00:00,30053.67516166287,30060.739041167915,30042.38443862051,30054.193364463812,216
2021-06-04 13:21:00+00:00,30054.099089715382,30055.17809379718,30042.56342661167,30054.045618911063,176
2021-06-05 01:21:00+00:00,30055.040796653208,30066.98364238898,30045.96162921794,30055.465394063096,643
2021-06-05 13:21:00+00:00,30055.295750855363,30064.01985143476,30039.094434610404,30056.764914724863,213
2021-06-06 01:21:00+00:00,30055.477464032312,30057.366952218777,30053.958079855554,30055.67602535251,231
2021-06-06 13:21:00+00:00,30055.4344336469,30074.949116824188,30054.068616124936,30054.66290831952,958
2021-06-07 01:21:00+00:00,30055.256687809368,30069.719284556726,30036.217901523512,30056.16016804587,748
2021-06-07 13:21:00+00:00,30056.320200080325,30061.402701279814,30043.217722964433,30055.207359554188,962
2021-06-08 01:21:00+00:00,30057.023815186614,30063.9954528165,30046.93103173978,30056.05254311892,608
2021-06-08 13:21:00+00:00,30057.54680796369,30064.150401802224,30048.861734822927,30059.596009707835,576
2021-06-09 01:21:00+00:00,30057.395875722475,30071.371269763345,30046.237871898968,30056.969060297513,496
2021-06-09 13:21:00+00:00,30057.514514046456,30057.696320981035,30055.443391982844,30056.633382546865,698
2021-06-10 01:21:00+00:00,30056.430737604816,30058.677326739416,30045.74399107949,30056.144675642863,362
2021-06-10 13:21:00+00:00,30056.177761965784,30070.745466628297,30048.947293431273,30055.98818500015,977
2021-06-11 01:21:00+00:00,30055.9380564253,30069.09163768693,30047.00902562583,30056.71697986289,975
2021-06-11 13:21:00+00:00,30056.188748701203,30070.109730839926,30051.95714809026,30057.175467398436,848
2021-06-12 01:21:00+00:00,30056.06597046626,30059.917633397075,30044.797869449223,30056.06724574354,614
2021-06-12 13:21:00+00:00,30056.872141343785,30071.85773371766,30050.62320160666,30056.411760389692,649
2021-06-13 01:21:00+00:00,30056.432312255703,30070.47899866412,30037.341885858103,30055.70494815275,721
2021-06-13 13:21:00+00:00,30056.956645286988,30075.94634249489,30039.914175384623,30055.41880574888,650
2021-06-14 01:21:00+00:00,30056.52342620387,30074.600245049198,30055.406908959107,30055.820239736528,406
2021-06-14 13:21:00+00:00,30056.078676560624,30072.245543679364,30036.100171433158,30055.868427526795,492
2021-06-15 01:21:00+00:00,30056.524758042782,30067.124126011895,30054.602309833674,30057.476598551144,593
2021-06-15 13:21:00+00:00,30055.796545387868,30071.112440474022,30038.80065247644,30055.718908902174,605
2021-06-16 01:21:00+00:00,30056.191619665227,30057.387128638875,30053.99308956782,30056.120462343806,315
2021-06-16 13:21:00+00:00,30056.76627848059,30074.04013475773,30040.44650848033,30056.241265375113,225
2021-06-17 01:21:00+00:00,30056.269273924914,30066.875421026813,30039.88897116672,30057.140195549506,720
2021-06-17 13:21:00+00:00,30055.129420402693,30061.108865556776,30037.07220392149,30055.647931900872,113
2021-06-18 01:21:00+00:00,30054.45203653434,30070.4228662456,30040.21116556247,30055.215184626217,627
2021-06-18 13:21:00+00:00,30055.46992234222,30067.665253460706,30050.49656252814,30054.885690151925,785
2021-06-19 01:21:00+00:00,30056.472502758246,30067.952529129223,30053.48013222163,30055.05217732109,485
2021-06-19 13:21:00+00:00,30058.104882131516,30064.229057626893,30052.025993735533,30056.380195180038,804
2021-06-20 01:21:00+00:00,30058.37538027081,30067.034759900624,30041.521395870688,30058.107854660604,900
2021-06-20 13:21:00+00:00,30056.952441501195,30068.761810081243,30052.059648319202,30059.535416624156,498
2021-06-21 01:21:00+00:00,30057.270197611633,30066.15679478062,30049.56971275812,30056.863655710375,157
2021-06-21 13:21:00+00:00,30056.179489181206,30071.536748014754,30050.399111428014,30056.844843166215,914
2021-06-22 01:21:00+00:00,30055.463845912596,30064.4429359582,30048.584790673143,30055.29030628665,829
2021-06-22 13:21:00+00:00,30055.5109611752,30062.314585464304,30040.86540226663,30056.55674420798,358
2021-06-23 01:21:00+00:00,30055.709936694057,30056.89530572342,30048.680094504754,30056.495901132883,628
2021-06-23 13:21:00+00:00,30056.36823676775,30068.47089660767,30040.35040695629,30054.97448195742,470
2021-06-24 01:21:00+00:00,30056.569109866115,30075.36362802178,30049.407712277458,30057.41947921191,535
2021-06-24 13:21:00+00:00,30057.084228750635,30061.786699982928,30053.858006091123,30056.764432451564,489
2021-06-25 01:21:00+00:00,30056.02334804781,30070.46544430146,30044.58100567569,30056.583125820544,817
2021-06-25 13:21:00+00:00,30056.77883694064,30062.84452201762,30051.387579474987,30057.563821116048,451
2021-06-26 01:21:00+00:00,30055.89246633281,30070.39115573169,30035.97957737561,30055.09594575248,788
2021-06-26 13:21:00+00:00,30057.565937841402,30067.33166002164,30037.85107767736,30058.18366304306,841
2021-06-27 01:21:00+00:00,30057.92306440306,30073.275137841956,30054.319951751553,30060.58111652579,706
2021-06-27 13:21:00+00:00,30057.785141797252,30059.938035889263,30039.07287270598,30058.692837169576,613
2021-06-28 01:21:00+00:00,30058.437170159155,30071.93922081697,30039.480274750822,30057.711373125436,786
2021-06-28 13:21:00+00:00,30058.3208136879,30066.981995596343,30044.152226157275,30059.245776880744,412
2021-06-29 01:21:00+00:00,30059.133539246388,30076.717465688966,30045.75548549513,30058.492001033133,895
2021-06-29 13:21:00+00:00,30059.419196559524,30066.653568643098,30052.03959922636,30058.711420273743,240
2021-06-30 01:21:00+00:00,30057.77571468696,30070.087285886613,30041.164955705262,30058.69537191381,484
2021-06-30 13:21:00+00:00,30058.01112130313,30072.218894481488,30046.381720877704,30058.70177074591,134
2021-07-01 01:21:00+00:00,30057.81588108268,30062.726083587524,30043.476560765972,30058.528762346083,491
2021-07-01 13:21:00+00:00,30057.971801673233,30067.73214373324,30054.847334062222,30057.194308962396,324
2021-07-02 01:21:00+00:00,30056.845485146765,30062.087579575935,30056.191619249214,30056.401712562878,303
2021-07-02 13:21:00+00:00,30056.08142634474,30070.75579249213,30052.41172115693,30056.216410597073,368
2021-07-03 01:21:00+00:00,30055.239042045658,30061.374369229747,30042.80419822376,30055.315452179217,421
2021-07-03 13:21:00+00:00,30055.613609030286,30073.43844156298,30049.52711518665,30056.637887440662,449
2021-07-04 01:21:00+00:00,30054.413334779623,30063.194140232863,30052.205208414227,30054.912284992028,561
2021-07-04 13:21:00+00:00,30054.083283946697,30072.624629457503,30039.85515310296,30053.665982874398,647
2021-07-05 01:21:00+00:00,30054.460741723273,30065.29638988805,30046.42167874944,30053.886773048394,329
2021-07-05 13:21:00+00:00,30053.664778307346,30063.85798979304,30050.969923028555,30053.442940126526,448
2021-07-06 01:21:00+00:00,30054.23141679658,30069.55379774602,30045.89356304321,30053.341653686606,189
2021-07-06 13:21:00+00:00,30055.116375075144,30066.91401493192,30045.83050511588,30055.432382915842,119
2021-07-07 01:21:00+00:00,30054.961997820417,30072.376259743378,30048.862374283934,30055.207093858233,818
2021-07-07 13:21:00+00:00,30054.125614677014,30066.255840294714,30049.388887545105,30055.80902241799,386
2021-07-08 01:21:00+00:00,30054.043787933828,30061.03707606201,30045.94757882075,30055.31107399875,161
2021-07-08 13:21:00+00:00,30053.22150881211,30065.27214439003,30040.295315562154,30052.385720028175,896
2021-07-09 01:21:00+00:00,30053.03571054145,30061.023857275577,30041.8466489227,30054.14728544059,614
2021-07-09 13:21:00+00:00,30052.727974522433,30060.474308939174,30039.082187869415,30052.122773880023,750
2021-07-10 01:21:00+00:00,30053.90841934628,30069.368955222326,30052.785314321525,30054.506100214025,807
2021-07-10 13:21:00+00:00,30053.638370369645,30071.879213382814,30042.565053891587,30053.22830841804,726
2021-07-11 01:21:00+00:00,30052.554742809723,30072.489985153785,30045.623091041023,30051.934906006813,407
2021-07-11 13:21:00+00:00,30052.73361657871,30072.06683217707,30036.701090004917,30052.41829899028,440
2021-07-12 01:21:00+00:00,30053.09294026482,30064.653858230486,30053.049898769492,30051.48817542682,253
2021-07-12 13:21:00+00:00,30053.30135485206,30053.81308282943,30051.455425695938,30052.193585110108,618
2021-07-13 01:21:00+00:00,30053.460202837054,30069.428443529076,30035.50837308208,30054.51977712997,426
2021-07-13 13:21:00+00:00,30052.1673378538,30056.224123930206,30049.2564979073,30050.840689545603,467
2021-07-14 01:21:00+00:00,30052.203046560826,30056.149583667044,30042.472186570674,30052.069299089486,181
2021-07-14 13:21:00+00:00,30051.898668368893,30067.932287937085,30039.408550583037,30051.96279785075,267
2021-07-15 01:21:00+00:00,30051.193444487002,30067.125658577366,30037.960704930683,30049.150277930872,884
2021-07-15 13:21:00+00:00,30050.40647947798,30063.14844929896,30039.515214187504,30049.668805000758,482
2021-07-16 01:21:00+00:00,30052.129365726953,30063.76932694425,30043.58682190364,30050.73080060308,931
2021-07-16 13:21:00+00:00,30050.833823438326,30057.86016960982,30037.38241600045,30050.924316067838,494
2021-07-17 01:21:00+00:00,30051.18340780101,30052.600553370903,30034.141573565248,30052.1471085963,414
2021-07-17 13:21:00+00:00,30051.19009251742,30052.567720778356,30042.60276435952,30052.44482576249,937
2021-07-18 01:21:00+00:00,30051.14645079964,30052.75629703947,30042.125826317162,30050.728260145854,250
2021-07-18 13:21:00+00:00,30051.694646124313,30071.23048580818,30038.466341741772,30052.303702224886,759
2021-07-19 01:21:00+00:00,30052.944488407775,30072.44590235729,30038.80307069234,30053.69184673492,705
2021-07-19 13:21:00+00:00,30052.485339404026,30060.76344068162,30046.73461848809,30051.61996396763,237
2021-07-20 01:21:00+00:00,30052.43193649554,30068.814672860175,30038.130125301224,30053.059838431072,433
2021-07-20 13:21:00+00:00,30051.861346238296,30065.79208023466,30039.154702650154,30051.76231701829,191
2021-07-21 01:21:00+00:00,30050.583571865274,30068.605413714184,30044.334961659533,30049.5786335414,943
2021-07-21 13:21:00+00:00,30051.551071649737,30055.19073472771,30035.89034938748,30053.638467797922,354
2021-07-22 01:21:00+00:00,30053.42594029074,30057.01033960328,30038.32695567925,30052.921574235286,891
2021-07-22 13:21:00+00:00,30054.262317088374,30057.63680721948,30040.59959233605,30053.963189955786,806
2021-07-23 01:21:00+00:00,30054.94549029807,30063.556397893964,30047.036830868965,30055.450089705526,359
2021-07-23 13:21:00+00:00,30055.36138779026,30065.602785144507,30054.88809097283,30056.056144869843,955
2021-07-24 01:21:00+00:00,30055.318231754824,30059.874003904388,30037.587096954732,30057.26459908505,597
2021-07-24 13:21:00+00:00,30055.58672866573,30064.884481790614,30038.53246856988,30054.12407411975,810
2021-07-25 01:21:00+00:00,30053.484419797373,30057.88987446221,30043.35577875669,30054.764104529007,925
2021-07-25 13:21:00+00:00,30051.108979304616,30063.630841169223,30041.142766321303,30051.42830251095,614
2021-07-26 01:21:00+00:00,30052.84272887966,30062.80518886176,30048.522770573767,30052.425375226012,340
2021-07-26 13:21:00+00:00,30052.70765098688,30053.500304055462,30041.525242318843,30050.87975374788,981
2021-07-27 01:21:00+00:00,30054.363371956868,30065.812297040728,30038.733286162893,30055.33904527626,992
2021-07-27 13:21:00+00:00,30055.25532192039,30072.986519750746,30052.533951880912,30053.290023156605,849
2021-07-28 01:21:00+00:00,30056.060216462403,30070.758071787463,30048.329922268156,30055.533317520414,203
2021-07-28 13:21:00+00:00,30056.30709934849,30059.44435952499,30046.27594137334,30055.661775895707,274
2021-07-29 01:21:00+00:00,30057.386445259795,30076.026885466687,30041.994181257476,30057.563060173306,223
2021-07-29 13:21:00+00:00,30059.014092255376,30068.730127181232,30058.05594298542,30058.475283011496,484
2021-07-30 01:21:00+00:00,30058.83695871476,30065.57609969034,30044.562965333615,30056.81444122601,190
2021-07-30 13:21:00+00:00,30058.999712634977,30074.218034438516,30042.291452410318,30058.0041782097,733
2021-07-31 01:21:00+00:00,30059.24666909568,30068.47504628502,30053.3875955562,30059.577080775485,684
2021-07-31 13:21:00+00:00,30059.82376237594,30075.07390616329,30059.632770195054,30058.95011099228,515
2021-08-01 01:21:00+00:00,30058.787670560796,30060.38265978613,30047.562595604137,30058.302412153644,255
2021-08-01 13:21:00+00:00,30058.894208560232,30072.024286869924,30057.30952978781,30058.744519160355,765
2021-08-02 01:21:00+00:00,30058.252714237766,30069.172938623982,30045.120518727726,30057.630804935154,934
2021-08-02 13:21:00+00:00,30058.16613423516,30059.747698346586,30051.553752209267,30058.90487878289,650
2021-08-03 01:21:00+00:00,30057.6893895925,30070.82074302847,30054.57683004035,30058.628974639578,954
2021-08-03 13:21:00+00:00,30057.856875798163,30072.57519671563,30047.917890136752,30057.522676545144,841
2021-08-04 01:21:00+00:00,30057.87036483504,30069.584191814618,30052.6992925102,30059.693695913746,216
2021-08-04 13:21:00+00:00,30058.440171971768,30071.364034312995,30040.139148419825,30058.008367089762,277
2021-08-05 01:21:00+00:00,30056.941730980725,30062.158634993164,30042.221884581242,30057.91875573785,544
2021-08-05 13:21:00+00:00,30056.765015132325,30070.712813820788,30048.144671435064,30057.972025779593,127
2021-08-06 01:21:00+00:00,30057.762916425774,30077.211920488287,30053.169981316107,30058.37791510516,611
2021-08-06 13:21:00+00:00,30057.96883494389,30075.025683897828,30045.351690758915,30058.209683453566,886
2021-08-07 01:21:00+00:00,30058.313931731467,30076.501180358966,30042.600431669187,30059.046670646083,542
2021-08-07 13:21:00+00:00,30057.63364364425,30066.46259512076,30054.172947465027,30059.40048076311,362
2021-08-08 01:21:00+00:00,30057.566523235484,30071.382810818617,30038.52432018588,30058.986141276975,641
2021-08-08 13:21:00+00:00,30058.429709220345,30066.167347950526,30040.005837258002,30060.00595963595,360
2021-08-09 01:21:00+00:00,30059.466122565656,30072.669693665244,30045.24533425046,30059.371068382487,813
2021-08-09 13:21:00+00:00,30060.44134994218,30067.50398449035,30054.593272154118,30060.548955534472,251
2021-08-10 01:21:00+00:00,30060.59888808147,30064.396189179417,30047.857656176064,30062.132911298948,271
2021-08-10 13:21:00+00:00,30061.09231630384,30069.377022728255,30053.41652727906,30063.21384638985,212
2021-08-11 01:21:00+00:00,30061.696196560868,30063.425712456545,30047.97649090043,30060.55005001135,248
2021-08-11 13:21:00+00:00,30061.94245229597,30069.361819728965,30057.683076287936,30062.636534986952,156
2021-08-12 01:21:00+00:00,30061.973480296605,30076.08475549955,30043.710677129922,30061.424965994516,854
2021-08-12 13:21:00+00:00,30062.014542229044,30076.56359917423,30058.80829020904,30061.389186865723,884
2021-08-13 01:21:00+00:00,30061.382904616556,30075.85023167462,30044.67019671492,30062.513346304848,866
2021-08-13 13:21:00+00:00,30061.647424906787,30063.136846521815,30058.47983643919,30063.738128315537,438
2021-08-14 01:21:00+00:00,30060.56740781916,30066.26237035577,30045.58262755571,30059.41304664615,469
2021-08-14 13:21:00+00:00,30060.754702160644,30070.187776530256,30060.551546012415,30061.23681073528,912
2021-08-15 01:21:00+00:00,30059.91350522825,30066.550860603384,30044.52284441622,30061.234014168167,252
2021-08-15 13:21:00+00:00,30060.74787305917,30062.780350886875,30055.83907032312,30060.938225672184,750
2021-08-16 01:21:00+00:00,30060.858214901407,30065.25619209366,30048.61645379016,30060.271513711854,390
2021-08-16 13:21:00+00:00,30059.762304407763,30059.994087239633,30044.91246984668,30060.967403776227,776
2021-08-17 01:21:00+00:00,30061.028528326155,30078.872211388636,30047.457030446643,30059.863649962852,172
2021-08-17 13:21:00+00:00,30059.43007429259,30073.423808835694,30058.282431183838,30059.650131442366,836
2021-08-18 01:21:00+00:00,30059.77114805995,30070.84969030407,30049.80848811119,30059.858866465267,476
2021-08-18 13:21:00+00:00,30058.858103625193,30073.623158106708,30052.40737131119,30058.598904963637,920
2021-08-19 01:21:00+00:00,30058.301331401075,30060.787267203006,30055.319430019088,30057.56609511019,195
2021-08-19 13:21:00+00:00,30059.067163518182,30064.668547233454,30053.026380977994,30059.461583867025,664
2021-08-20 01:21:00+00:00,30057.97990666554,30077.471863111816,30046.1748546803,30057.81745586768,891
2021-08-20 13:21:00+00:00,30060.118202641934,30067.20989213535,30052.798951592642,30060.98490959806,225
2021-08-21 01:21:00+00:00,30061.305782717896,30061.796006660483,30042.04445146436,30060.467019846892,549
2021-08-21 13:21:00+00:00,30059.276226659636,30078.53350571194,30057.906596623736,30059.602694418183,652
2021-08-22 01:21:00+00:00,30058.54891573524,30071.43099302374,30043.23157642538,30058.8327629103,348
2021-08-22 13:21:00+00:00,30059.424161050814,30074.130615148228,30041.645739541345,30058.755678222406,772
2021-08-23 01:21:00+00:00,30059.895650429917,30079.014835829814,30055.399727618416,30060.26023826794,913
2021-08-23 13:21:00+00:00,30060.262499810797,30072.819274454985,30059.99640631501,30060.00844729977,668
2021-08-24 01:21:00+00:00,30059.4526072928,30068.486893488407,30041.52819921461,30059.02314501246,311
2021-08-24 13:21:00+00:00,30061.923362574977,30069.966280193425,30058.68826963942,30061.42091298717,958
2021-08-25 01:21:00+00:00,30063.00007204655,30076.099108153623,30045.106298361232,30064.585386306197,408
2021-08-25 13:21:00+00:00,30060.964482736617,30076.311007901742,30045.177793589093,30061.692803457365,473
2021-08-26 01:21:00+00:00,30063.059897508218,30063.972248095444,30062.98929637421,30061.55107272112,570
2021-08-26 13:21:00+00:00,30063.34485069057,30064.972186969142,30054.250802621387,30063.969607596042,827
2021-08-27 01:21:00+00:00,30062.96980126234,30082.402548955408,30057.607658557667,30063.19187554984,241
2021-08-27 13:21:00+00:00,30062.50136370705,30082.15125234428,30056.053408832915,30061.650346695118,437
2021-08-28 01:21:00+00:00,30062.873620137645,30081.69852572626,30052.714812809798,30063.262350867262,983
2021-08-28 13:21:00+00:00,30065.412244328607,30066.52214575697,30062.691356102816,30067.17130836752,765
2021-08-29 01:21:00+00:00,30066.096325304163,30068.90058296107,30047.74063262534,30065.79597867867,237
2021-08-29 13:21:00+00:00,30067.904922298992,30076.477997576054,30066.49240387196,30069.52938074285,327
2021-08-30 01:21:00+00:00,30067.186281275335,30083.415359083992,30059.610953019932,30068.86421905423,630
2021-08-30 13:21:00+00:00,30067.79413355934,30079.921887486806,30056.34295460826,30068.44032466077,330
2021-08-31 01:21:00+00:00,30068.338227281318,30084.952995725773,30058.988669889466,30070.00273754604,130
2021-08-31 13:21:00+00:00,30070.312929398293,30072.11594165508,30051.22722253405,30071.561630589356,106
2021-09-01 01:21:00+00:00,30069.11051636971,30083.99453666383,30049.623732849817,30069.19437551261,696
2021-09-01 13:21:00+00:00,30069.717709118995,30085.911035885016,30051.394496138513,30069.545503008794,856
2021-09-02 01:21:00+00:00,30070.348137762725,30085.36300997221,30069.99406202063,30069.374446369842,319
2021-09-02 13:21:00+00:00,30072.633607680735,30078.392622207954,30067.84748452724,30072.499169132298,356
2021-09-03 01:21:00+00:00,30073.425069165343,30090.326051589276,30064.240861278293,30073.9987683453,184
2021-09-03 13:21:00+00:00,30075.223948064944,30078.483728778305,30059.914781534426,30075.250341732477,480
2021-09-04 01:21:00+00:00,30076.44336637616,30093.10837925787,30066.564159825553,30077.93529223511,109
2021-09-04 13:21:00+00:00,30078.5354636747,30091.87290697176,30068.50576922593,30076.808792337597,424
2021-09-05 01:21:00+00:00,30079.190173524363,30081.483336587284,30077.048294010005,30078.176346069158,464
2021-09-05 13:21:00+00:00,30079.00169935237,30087.957542666016,30059.526292534945,30076.910184990964,223
2021-09-06 01:21:00+00:00,30080.401904446044,30092.92683242122,30070.25269745309,30081.69872847982,238
2021-09-06 13:21:00+00:00,30081.389756797507,30086.716718927724,30075.715953856296,30080.481423361824,809
2021-09-07 01:21:00+00:00,30082.569916300345,30100.840099243957,30068.240135440417,30082.4067255495,634
2021-09-07 13:21:00+00:00,30081.571228274675,30094.38394892302,30070.57509296046,30081.379560477224,462
2021-09-08 01:21:00+00:00,30080.25060050106,30081.832732206338,30060.985681896767,30078.50622680884,512
2021-09-08 13:21:00+00:00,30080.283698553852,30081.76919362014,30060.75100839027,30080.131536616307,847
2021-09-09 01:21:00+00:00,30080.644425384173,30088.309378918584,30076.38552379433,30078.663534506202,803
2021-09-09 13:21:00+00:00,30079.783403463523,30084.068812550882,30064.51400142734,30082.296904680406,734
2021-09-10 01:21:00+00:00,30079.565557798775,30098.28963309024,30074.777652468383,30080.394390114536,397
2021-09-10 13:21:00+00:00,30077.7863729357,30079.862342003416,30068.32258924303,30077.09662103197,342
2021-09-11 01:21:00+00:00,30077.15127187704,30081.10775910278,30065.52021089599,30078.489823651802,595
2021-09-11 13:21:00+00:00,30075.87224171804,30078.36124441007,30065.53960960514,30074.934390367765,908
2021-09-12 01:21:00+00:00,30075.21397286551,30075.66145024237,30069.266571622924,30073.333409351722,175
2021-09-12 13:21:00+00:00,30074.161115146657,30093.51260332051,30061.220105022836,30074.591152841353,574
2021-09-13 01:21:00+00:00,30073.214979406806,30073.577528006557,30066.736635619684,30073.43652451044,349
2021-09-13 13:21:00+00:00,30073.551874704855,30082.527087392304,30057.489850689733,30073.33795163494,734
2021-09-14 01:21:00+00:00,30074.74979048725,30081.61039349469,30057.019368098703,30074.730792083872,877
2021-09-14 13:21:00+00:00,30076.080720301157,30086.956705221717,30073.735164154452,30074.890385672225,832
2021-09-15 01:21:00+00:00,30074.445924982516,30082.451821535866,30056.361202727876,30072.930351194318,137
2021-09-15 13:21:00+00:00,30072.687347199237,30081.798785684005,30062.222782133773,30072.478883346765,637
2021-09-16 01:21:00+00:00,30073.02606246661,30088.719300264092,30065.317944253537,30073.930456896378,266
2021-09-16 13:21:00+00:00,30072.62490292437,30092.180133516562,30060.83592044602,30073.050496082422,517
2021-09-17 01:21:00+00:00,30072.761827600894,30074.164526600274,30059.278282325722,30072.928201674356,948
2021-09-17 13:21:00+00:00,30071.61251687119,30082.90344023143,30062.86759593889,30071.070162081443,790
2021-09-18 01:21:00+00:00,30072.777507236628,30088.038453065652,30056.168704577318,30072.814239903306,827
2021-09-18 13:21:00+00:00,30072.256188599127,30083.1906865966,30065.173500251785,30069.920508426836,874
2021-09-19 01:21:00+00:00,30070.718895402653,30086.945706357525,30069.585578227296,30072.154499597844,665
2021-09-19 13:21:00+00:00,30071.145918966362,30081.091057424168,30070.82071491631,30070.797402257384,356
2021-09-20 01:21:00+00:00,30072.040935122535,30077.496013135824,30068.10149044468,30072.82383603146,845
2021-09-20 13:21:00+00:00,30071.417204595193,30086.097618821514,30056.44284015055,30073.001623471355,537
2021-09-21 01:21:00+00:00,30072.348784248145,30086.427114282422,30068.880804966782,30072.90103475638,843
2021-09-21 13:21:00+00:00,30071.404431454732,30075.257430177313,30054.912443596364,30071.50145959507,493
2021-09-22 01:21:00+00:00,30073.438992528965,30090.297838631333,30066.33573036641,30073.40056811572,465
2021-09-22 13:21:00+00:00,30072.547784144404,30086.124559036623,30053.976493850587,30072.59746282556,784
2021-09-23 01:21:00+00:00,30071.9576714817,30085.003587039795,30064.878041955028,30073.284493841267,242
2021-09-23 13:21:00+00:00,30072.41118057548,30077.493235241738,30069.77184142466,30071.481400597902,143
2021-09-24 01:21:00+00:00,30072.388046109867,30077.513581377523,30055.353641462385,30073.332670072,420
2021-09-24 13:21:00+00:00,30073.522388880992,30083.030560140283,30064.107514777865,30073.137577877766,214
2021-09-25 01:21:00+00:00,30072.740987762725,30080.706944214122,30055.865568696023,30071.781952783494,467
2021-09-25 13:21:00+00:00,30071.4062778321,30074.40155700161,30055.782400389362,30069.864251266812,468
2021-09-26 01:21:00+00:00,30070.235544611787,30079.210351119054,30054.299772978364,30070.716767303482,419
2021-09-26 13:21:00+00:00,30069.118097044,30077.67667146057,30052.038024429014,30067.549840415813,132
2021-09-27 01:21:00+00:00,30069.73740304585,30081.328701732597,30055.740520554788,30069.78411654561,907
2021-09-27 13:21:00+00:00,30069.692973479305,30088.185931223277,30067.4489539917,30069.309413368082,123
2021-09-28 01:21:00+00:00,30070.750488342648,30082.68032132634,30062.784213629562,30071.985309887215,277
2021-09-28 13:21:00+00:00,30070.509528142662,30077.37694055788,30058.490715833468,30070.87895697592,733
2021-09-29 01:21:00+00:00,30070.224517547165,30088.3736881794,30062.051415638445,30071.522527622303,100
2021-09-29 13:21:00+00:00,30069.578570543887,30080.707310092694,30051.170193110353,30069.380974485008,448
2021-09-30 01:21:00+00:00,30069.619663975103,30070.113940869123,30052.628011472512,30068.893812433755,671
2021-09-30 13:21:00+00:00,30070.076792757187,30072.951678414593,30056.921178398326,30070.610705889303,564
2021-10-01 01:21:00+00:00,30070.65373274185,30089.959619042977,30064.866212530913,30070.996096885385,683
2021-10-01 13:21:00+00:00,30070.726477690434,30076.53006940121,30060.867315113213,30068.99825670184,499
2021-10-02 01:21:00+00:00,30071.563521751596,30082.531493371254,30066.719056578884,30071.87599665377,986
2021-10-02 13:21:00+00:00,30071.05570652443,30084.12115334838,30062.90277508643,30070.807715821404,465
2021-10-03 01:21:00+00:00,30071.490097108694,30071.637463040548,30059.72563941927,30070.657281442578,458
2021-10-03 13:21:00+00:00,30070.607766591573,30074.080417481553,30061.851114580797,30071.35222893937,337
2021-10-04 01:21:00+00:00,30070.901468513086,30078.846587305085,30063.057497594717,30072.017984387498,565
2021-10-04 13:21:00+00:00,30069.93358207682,30073.50402371802,30061.536279762422,30067.674332986724,987
2021-10-05 01:21:00+00:00,30069.23335578879,30080.228944534312,30063.44792037932,30070.04005368558,873
2021-10-05 13:21:00+00:00,30069.479478492554,30087.187241672702,30067.913838185763,30071.08570738426,452
2021-10-06 01:21:00+00:00,30069.450480104493,30089.03282279752,30066.686285324842,30071.531942584115,395
2021-10-06 13:21:00+00:00,30068.929705705785,30075.35940372131,30053.192756607652,30069.04243488937,664
2021-10-07 01:21:00+00:00,30071.509940403583,30074.66495527436,30063.91644484414,30071.064871858394,796
2021-10-07 13:21:00+00:00,30073.549387503328,30088.897911800577,30060.27333313193,30074.532078061726,926
2021-10-08 01:21:00+00:00,30075.96403556501,30085.463222662653,30058.64531768557,30074.769058197395,866
2021-10-08 13:21:00+00:00,30076.572911556923,30086.179438091858,30065.710586708854,30078.401842497562,421
2021-10-09 01:21:00+00:00,30077.019412200283,30083.171045117804,30058.03159336909,30076.204258966773,364
2021-10-09 13:21:00+00:00,30077.984137213374,30088.360649227976,30059.72976012103,30079.130832915325,914
2021-10-10 01:21:00+00:00,30076.495928057084,30082.7988918083,30060.402611098114,30075.606306437578,165
2021-10-10 13:21:00+00:00,30075.016498150846,30088.925532577377,30074.198728656305,30073.519531668917,697
2021-10-11 01:21:00+00:00,30074.92143614186,30093.58623741883,30059.64359350792,30074.186283113915,433
2021-10-11 13:21:00+00:00,30074.292403917552,30090.889558715033,30071.5883914469,30074.683932738135,472
2021-10-12 01:21:00+00:00,30074.982433494428,30078.134258167116,30058.858225850094,30075.463044528733,622
2021-10-12 13:21:00+00:00,30074.281588852526,30093.761381727287,30071.239911927496,30074.93709440472,113
2021-10-13 01:21:00+00:00,30075.20049178488,30082.384689402686,30057.159255876075,30074.171619323013,696
2021-10-13 13:21:00+00:00,30075.63345442302,30077.745189558133,30067.405608585806,30075.546669806463,790
2021-10-14 01:21:00+00:00,30075.26945745858,30085.537347979272,30074.2805920647,30076.89420106194,529
2021-10-14 13:21:00+00:00,30076.913446557017,30085.33200520155,30062.328580349076,30076.817122878037,763
2021-10-15 01:21:00+00:00,30076.32892048919,30079.07858642401,30070.27336110981,30077.608246640557,264
2021-10-15 13:21:00+00:00,30074.511083379522,30080.863405544827,30065.341638824313,30073.998480588893,492
2021-10-16 01:21:00+00:00,30073.763035777614,30081.18436275833,30070.980246268708,30073.45612594235,379
2021-10-16 13:21:00+00:00,30073.12857888413,30086.089836369953,30058.186114214077,30072.77042068512,298
2021-10-17 01:21:00+00:00,30074.013936623083,30085.663128029297,30073.14734427706,30073.727221563156,921
2021-10-17 13:21:00+00:00,30074.38782806845,30075.631922732766,30058.467000304696,30074.345996228498,878
2021-10-18 01:21:00+00:00,30073.308790574156,30076.09133527517,30065.492406423586,30073.85013025943,477
2021-10-18 13:21:00+00:00,30072.750879818952,30072.926916296943,30064.891571789998,30071.866981925796,525
2021-10-19 01:21:00+00:00,30071.856202867115,30082.727851574204,30062.609641872306,30070.8862699932,284
2021-10-19 13:21:00+00:00,30072.45413483684,30084.486492296397,30068.40487119494,30071.83534568072,258
2021-10-20 01:21:00+00:00,30074.028453593473,30083.327484486883,30070.006453236132,30074.45626179891,627
2021-10-20 13:21:00+00:00,30075.41995429905,30095.05423321089,30066.830614043687,30076.83913177578,243
2021-10-21 01:21:00+00:00,30076.721966784462,30082.758205088096,30070.952827613404,30076.787491044703,596
2021-10-21 13:21:00+00:00,30077.310800464093,30080.537903289234,30069.26888759936,30077.378519266018,165
2021-10-22 01:21:00+00:00,30076.218054456476,30077.11703944345,30068.228277257018,30073.780961752076,950
2021-10-22 13:21:00+00:00,30076.168481959437,30082.9537441867,30059.07805213523,30076.037077696186,624
2021-10-23 01:21:00+00:00,30076.178669536894,30089.905272103206,30075.36801100581,30074.75723885298,270
2021-10-23 13:21:00+00:00,30076.31985641583,30093.008072489574,30073.027445809355,30076.52965075535,482
2021-10-24 01:21:00+00:00,30076.494198902958,30077.13273797144,30068.806460892294,30075.577349651023,418
2021-10-24 13:21:00+00:00,30076.40182675296,30091.23631851988,30074.796871313374,30077.828071009095,686
2021-10-25 01:21:00+00:00,30077.948798927577,30081.439609262867,30069.910591933385,30078.86858211003,973
2021-10-25 13:21:00+00:00,30078.07963760241,30093.180426381914,30071.208947608666,30077.727277955953,224
2021-10-26 01:21:00+00:00,30078.067150160932,30097.700898941133,30068.731151887016,30077.189235294318,330
2021-10-26 13:21:00+00:00,30077.92201891492,30084.212253414826,30068.415679083802,30078.680718198528,610
2021-10-27 01:21:00+00:00,30076.21630985219,30087.80271638876,30059.891278453288,30076.02481489505,682
2021-10-27 13:21:00+00:00,30077.68859371897,30083.185135578777,30073.548384431782,30077.73251035733,325
2021-10-28 01:21:00+00:00,30077.785951142065,30082.391489120855,30072.550699485648,30076.909084321913,636
2021-10-28 13:21:00+00:00,30077.894332956723,30083.241077481,30069.29352291345,30077.745462720126,645
2021-10-29 01:21:00+00:00,30077.663031765253,30095.58279610103,30064.999372371876,30076.6730239148,886
2021-10-29 13:21:00+00:00,30077.727013831733,30094.90365486207,30058.272348160386,30078.08447459768,770
2021-10-30 01:21:00+00:00,30076.86609634579,30095.845840916783,30064.2429277228,30076.9456868144,596
2021-10-30 13:21:00+00:00,30076.82431265844,30088.89857364987,30060.96114320082,30075.972003125116,189
2021-10-31 01:21:00+00:00,30075.343140073357,30093.0983067051,30058.51642266637,30075.38836930728,619
2021-10-31 13:21:00+00:00,30076.52671873405,30094.706069342104,30066.453958372593,30076.94813545567,697
2021-11-01 01:21:00+00:00,30076.69281529255,30083.73298226137,30074.247903142146,30076.99608068736,651
2021-11-01 13:21:00+00:00,30078.963951361788,30089.322627161775,30059.689671267177,30078.82616729812,934
2021-11-02 01:21:00+00:00,30077.37345199703,30096.87405807498,30074.513147527166,30076.336157746995,621
2021-11-02 13:21:00+00:00,30075.534933671694,30076.12202490425,30061.866279435344,30076.111477760245,767
2021-11-03 01:21:00+00:00,30075.489172367244,30075.844909934414,30062.276483881884,30074.209095213806,446
2021-11-03 13:21:00+00:00,30075.775001107035,30079.912609309,30065.19623993644,30077.03651509321,220
2021-11-04 01:21:00+00:00,30075.69037839195,30086.443664928207,30066.994515892948,30076.273072451928,315
2021-11-04 13:21:00+00:00,30074.612807228856,30076.15778349796,30056.559117861525,30074.95528231454,375
2021-11-05 01:21:00+00:00,30073.207534084864,30090.227070169552,30063.27726374493,30072.81818415957,503
2021-11-05 13:21:00+00:00,30072.483116050233,30083.353661834855,30054.9872544547,30072.690869827034,505
2021-11-06 01:21:00+00:00,30073.872372031987,30080.75582513134,30069.89048598032,30076.31246290752,142
2021-11-06 13:21:00+00:00,30073.942816915012,30091.74660611275,30066.187822458905,30072.942752369534,414
2021-11-07 01:21:00+00:00,30076.109421186495,30088.488074909685,30072.121543547328,30076.452376114044,632
2021-11-07 13:21:00+00:00,30074.4896838221,30077.298692239256,30061.659013473793,30075.346561508017,894
2021-11-08 01:21:00+00:00,30075.8771299791,30084.751817128155,30069.85333669825,30076.986268155448,240
2021-11-08 13:21:00+00:00,30076.146094542182,30077.5928173075,30062.667177754676,30073.89106397246,181
2021-11-09 01:21:00+00:00,30076.187563255837,30084.591835265634,30068.817600174996,30076.339696957533,989
2021-11-09 13:21:00+00:00,30076.153452580165,30084.554230553655,30069.688511480726,30075.036230722053,515
2021-11-10 01:21:00+00:00,30075.958670717846,30078.785223099385,30067.74611362149,30076.732364235217,386
2021-11-10 13:21:00+00:00,30075.239189605676,30079.34577938418,30060.18247014805,30076.498323737625,536
2021-11-11 01:21:00+00:00,30075.486413306484,30084.607147535455,30070.178866215403,30074.08364002122,136
2021-11-11 13:21:00+00:00,30075.014349921632,30093.179242997157,30061.077028386266,30074.306731571345,822
2021-11-12 01:21:00+00:00,30074.231369755078,30076.057088725032,30060.270486678495,30075.24603056077,163
2021-11-12 13:21:00+00:00,30073.119341164464,30083.322360192506,30072.1578416602,30073.651332495072,576
2021-11-13 01:21:00+00:00,30073.23912496265,30080.167792004297,30059.203283452065,30073.781365873765,677
2021-11-13 13:21:00+00:00,30073.45028861296,30080.385221722805,30065.961546798153,30072.44444489287,767
2021-11-14 01:21:00+00:00,30075.824780879026,30077.97122376113,30058.971961859475,30075.86111246633,335
2021-11-14 13:21:00+00:00,30076.95677951501,30078.362139936846,30057.39664438121,30075.66112721772,233
2021-11-15 01:21:00+00:00,30076.598185325547,30077.882237360547,30062.378519664806,30077.263196056723,996
2021-11-15 13:21:00+00:00,30074.20123422509,30090.393245906893,30059.540779720242,30074.238332492037,589
2021-11-16 01:21:00+00:00,30076.69409335707,30094.19940068542,30067.349420483642,30075.67552357403,521
2021-11-16 13:21:00+00:00,30075.09585566839,30089.548657978557,30064.195667340944,30075.461922322476,372
2021-11-17 01:21:00+00:00,30074.929014970672,30094.495451547515,30065.3290315371,30073.79246193767,960
2021-11-17 13:21:00+00:00,30075.346444309103,30084.91753335735,30072.824143156813,30075.05118294387,142
2021-11-18 01:21:00+00:00,30074.845269422392,30089.44954392956,30066.297087510957,30074.786068388665,251
2021-11-18 13:21:00+00:00,30074.11597414117,30092.60499596585,30066.935464747723,30073.564013696756,902
2021-11-19 01:21:00+00:00,30072.68926933378,30074.839142681176,30054.07686833692,30073.934657084515,145
2021-11-19 13:21:00+00:00,30072.30812484151,30091.529620967995,30054.64542162047,30072.435026376825,876
2021-11-20 01:21:00+00:00,30071.14522088805,30083.747468126105,30069.90230933124,30070.179970665093,508
2021-11-20 13:21:00+00:00,30071.647280401776,30090.20965539845,30064.600693870387,30072.255639592422,814
2021-11-21 01:21:00+00:00,30070.507286191038,30084.511224266036,30069.431588348365,30070.4761570042,406
2021-11-21 13:21:00+00:00,30071.304420837954,30087.94736987928,30061.516836195984,30069.82499862249,866
2021-11-22 01:21:00+00:00,30070.636988105096,30071.936713543397,30056.33702572572,30070.563067544437,693
2021-11-22 13:21:00+00:00,30069.88100763766,30081.663692452643,30064.951926477745,30070.124123765,612
2021-11-23 01:21:00+00:00,30069.893244693918,30087.3976040666,30057.693083951883,30070.409503661427,942
2021-11-23 13:21:00+00:00,30069.543487128445,30082.776869432342,30068.26462059848,30069.508520475647,984
2021-11-24 01:21:00+00:00,30070.002022160268,30088.969463496596,30060.13259636349,30069.125000021217,381
2021-11-24 13:21:00+00:00,30069.553746828286,30081.050718442282,30058.18089039485,30071.58186814979,237
2021-11-25 01:21:00+00:00,30069.97230994228,30079.554913191794,30059.767018299295,30070.120135004596,490
2021-11-25 13:21:00+00:00,30068.48264539402,30081.891547455692,30063.456972692697,30069.4470084861,226
2021-11-26 01:21:00+00:00,30067.480809778575,30079.84912413516,30065.76127447497,30067.838587126327,503
2021-11-26 13:21:00+00:00,30066.309076347447,30073.41402964417,30058.37337413266,30064.84546755401,224
2021-11-27 01:21:00+00:00,30067.08440352043,30082.880814434182,30048.566849981442,30065.891509830508,875
2021-11-27 13:21:00+00:00,30067.910232511244,30071.392787040968,30063.113557497112,30070.09058062889,165
2021-11-28 01:21:00+00:00,30067.586821591023,30072.741261661464,30062.84036180244,30065.851927994878,297
2021-11-28 13:21:00+00:00,30066.284052520405,30066.74932614759,30062.47525305837,30066.708309478465,440
2021-11-29 01:21:00+00:00,30064.672503074326,30081.734853830403,30052.271683253068,30064.690109166855,174
2021-11-29 13:21:00+00:00,30063.334356655047,30074.973319722092,30058.716614945657,30064.66549532515,181
2021-11-30 01:21:00+00:00,30063.558422438746,30069.154194821796,30061.30407308962,30063.803618277743,916
2021-11-30 13:21:00+00:00,30063.591085272634,30066.09106396644,30053.94286305448,30061.514006418864,622
2021-12-01 01:21:00+00:00,30065.025502965338,30083.434234606986,30056.329266929195,30065.53963451108,665
2021-12-01 13:21:00+00:00,30065.98300592025,30085.217924521872,30046.291080900883,30068.42284528823,611
2021-12-02 01:21:00+00:00,30066.888457047873,30085.002331844233,30052.556144216716,30066.911981828693,715
2021-12-02 13:21:00+00:00,30068.204060996282,30083.746894248026,30052.296737558372,30067.178778562764,781
2021-12-03 01:21:00+00:00,30068.64913395167,30071.783825419363,30061.321753521144,30069.84840056617,228
2021-12-03 13:21:00+00:00,30068.4672342022,30068.796968348204,30062.73422656038,30068.5242787353,753
2021-12-04 01:21:00+00:00,30068.950392265477,30080.736034589507,30063.62770139144,30068.89247664413,633
2021-12-04 13:21:00+00:00,30070.318416745944,30074.535041865205,30051.4644971416,30069.51852716333,271
2021-12-05 01:21:00+00:00,30069.855578392155,30074.01160196767,30054.88357670189,30070.753537880722,830
2021-12-05 13:21:00+00:00,30069.13061694146,30086.16255170401,30068.2612898731,30069.79769989021,164
2021-12-06 01:21:00+00:00,30068.387529074073,30087.74965147518,30065.58251578808,30066.87884191404,185
2021-12-06 13:21:00+00:00,30068.624634451528,30079.009242593802,30067.30691542631,30068.102173103973,167
2021-12-07 01:21:00+00:00,30068.04364135345,30085.833458510442,30062.411556955594,30068.22902763638,569
2021-12-07 13:21:00+00:00,30068.304964303854,30073.440290177827,30048.318048960788,30067.891843641533,680
2021-12-08 01:21:00+00:00,30067.53723833717,30068.900895267594,30067.474283611093,30068.61941196612,304
2021-12-08 13:21:00+00:00,30066.210268923765,30074.490786103033,30047.850599745067,30065.65543629208,265
2021-12-09 01:21:00+00:00,30066.72691543602,30068.74011958275,30055.155894637486,30065.005142591355,491
2021-12-09 13:21:00+00:00,30064.714135807215,30066.327228034468,30045.603866813777,30064.38371739412,933
2021-12-10 01:21:00+00:00,30065.988259296995,30075.793901711673,30056.321281025135,30065.85157368396,278
2021-12-10 13:21:00+00:00,30067.023345929672,30075.65006498196,30047.30227420833,30065.253729739237,968
2021-12-11 01:21:00+00:00,30066.831963361048,30068.907071503778,30064.936711908533,30065.691764021627,666
2021-12-11 13:21:00+00:00,30067.980535971856,30087.643134644673,30063.234066546127,30069.735570790264,910
2021-12-12 01:21:00+00:00,30070.21246321169,30080.26321068865,30050.595965851615,30071.665008504264,473
2021-12-12 13:21:00+00:00,30070.639635130916,30073.813065334078,30070.61208001569,30071.572846650088,422
2021-12-13 01:21:00+00:00,30070.193971132416,30075.710573576052,30051.277633448346,30071.70978078028,995
2021-12-13 13:21:00+00:00,30068.399876685664,30080.34646135406,30058.715889094638,30069.18661177598,483
2021-12-14 01:21:00+00:00,30069.589010675907,30077.511908494394,30059.05107677931,30069.068509300872,756
2021-12-14 13:21:00+00:00,30071.995957569692,30087.07095206593,30061.684161990263,30071.6695087239,545
2021-12-15 01:21:00+00:00,30071.209902409544,30084.91627766872,30051.47517205867,30071.216148131673,874
2021-12-15 13:21:00+00:00,30070.340021953132,30071.35403465001,30052.977759162204,30072.044585332278,216
2021-12-16 01:21:00+00:00,30069.82459585158,30086.194425870937,30052.5950788236,30070.53378791996,643
2021-12-16 13:21:00+00:00,30069.947086522836,30070.32853424456,30061.34430205394,30070.756541078066,846
2021-12-17 01:21:00+00:00,30068.34718075512,30080.19073086112,30060.40994697761,30067.425913233135,943
2021-12-17 13:21:00+00:00,30067.22988471474,30074.82490757148,30048.60231677946,30066.76295882476,762
2021-12-18 01:21:00+00:00,30068.305504979937,30074.695535709434,30054.860128292094,30068.3007734689,192
2021-12-18 13:21:00+00:00,30068.818455044635,30070.150770223456,30055.60704545722,30067.818122823024,742
2021-12-19 01:21:00+00:00,30068.99091930704,30070.223699716273,30051.430957988392,30068.58535294179,462
2021-12-19 13:21:00+00:00,30069.64427225742,30075.87365271921,30053.59988964815,30068.87029233551,278
2021-12-20 01:21:00+00:00,30068.637412738484,30071.84257130124,30057.001819583013,30067.340002107074,491
2021-12-20 13:21:00+00:00,30069.277507754305,30081.22956308567,30052.751709096432,30070.216801695475,615
2021-12-21 01:21:00+00:00,30070.91594682528,30083.123309686,30061.168551449497,30069.503309861102,361
2021-12-21 13:21:00+00:00,30070.070632263953,30077.067814748832,30059.53257978308,30070.34210215892,185
2021-12-22 01:21:00+00:00,30070.21078308807,30088.284162240925,30054.02190541345,30070.93250571899,649
2021-12-22 13:21:00+00:00,30070.128998033837,30087.529612584498,30051.057880194643,30068.915530789207,467
2021-12-23 01:21:00+00:00,30069.724737259723,30082.03447987223,30052.57675850168,30070.082367395855,233
2021-12-23 13:21:00+00:00,30071.230589122275,30081.742121395993,30060.425155070934,30071.386945641956,647
2021-12-24 01:21:00+00:00,30073.542520336516,30082.915068137543,30055.24121690187,30074.24697925678,617
2021-12-24 13:21:00+00:00,30073.012757479406,30079.876694425224,30055.67624813371,30074.46252550767,314
2021-12-25 01:21:00+00:00,30072.06712793525,30086.433055470992,30069.39601868586,30070.329168561453,344
2021-12-25 13:21:00+00:00,30073.110965480326,30088.968267376014,30060.61674213199,30072.192219324825,205
2021-12-26 01:21:00+00:00,30073.02989184409,30089.460928333632,30064.394080506154,30072.75613513899,767
2021-12-26 13:21:00+00:00,30074.091143594178,30078.70865283563,30069.378950871058,30075.496471467985,878
2021-12-27 01:21:00+00:00,30074.73989763078,30080.426237274565,30062.67529563502,30074.203842558236,244
2021-12-27 13:21:00+00:00,30074.655649764725,30087.135268982376,30068.955449323457,30074.576679730086,884
2021-12-28 01:21:00+00:00,30074.751743546556,30075.089475403172,30060.135819667797,30076.04158886481,736
2021-12-28 13:21:00+00:00,30073.63750826487,30080.43223537543,30068.083892229784,30073.054074389376,305
2021-12-29 01:21:00+00:00,30072.21443311173,30083.794507210823,30055.865159689256,30071.91551837748,504
2021-12-29 13:21:00+00:00,30072.169449229223,30089.58693530746,30069.090034786364,30072.024797453814,839
2021-12-30 01:21:00+00:00,30072.68650491299,30087.081702270723,30069.316084002152,30073.467655124907,574
2021-12-30 13:21:00+00:00,30072.047260014257,30086.571204528427,30059.199460288928,30072.723262189633,219
2021-12-31 01:21:00+00:00,30071.768798917845,30089.203399896556,30066.80176186723,30071.96229694288,471
2021-12-31 13:21:00+00:00,30070.618761702633,30075.41562175387,30054.227538921703,30070.685813281587,963
2022-01-01 01:21:00+00:00,30070.0953212743,30074.063992401523,30060.945676920226,30069.753755026388,245
2022-01-01 13:21:00+00:00,30069.34988438161,30073.75830003345,30059.616056500505,30069.101277095324,439
2022-01-02 01:21:00+00:00,30071.434857838645,30085.6272231865,30057.719133545812,30070.317872128056,871
2022-01-02 13:21:00+00:00,30071.817739925435,30089.87305374034,30061.375324048233,30071.41223992134,927
2022-01-03 01:21:00+00:00,30072.606839444543,30088.04752420921,30063.20318410779,30071.582023588613,904
2022-01-03 13:21:00+00:00,30072.74756513835,30076.963681818994,30066.596714262352,30072.134724369393,553
2022-01-04 01:21:00+00:00,30071.662106310716,30085.540013217644,30060.532196857625,30071.794549912214,668
2022-01-04 13:21:00+00:00,30070.377213928135,30077.305613761153,30067.518959842735,30071.54448643503,466
2022-01-05 01:21:00+00:00,30070.272351712207,30080.712920805432,30064.382507640395,30070.13965120409,526
2022-01-05 13:21:00+00:00,30070.58031103778,30089.461448169546,30054.97705043409,30070.973195603372,199
2022-01-06 01:21:00+00:00,30070.758656986494,30084.225003958512,30054.988225612313,30069.409165640987,130
2022-01-06 13:21:00+00:00,30070.38317992158,30078.51689813243,30052.04081481136,30071.66892331776,765
2022-01-07 01:21:00+00:00,30069.225024541476,30071.330867459717,30050.91853841014,30070.888604210795,465
2022-01-07 13:21:00+00:00,30070.90106466293,30078.35636990962,30068.803865259637,30071.788420325327,402
2022-01-08 01:21:00+00:00,30071.96822934891,30078.592918339345,30062.966075980246,30071.6587778253,751
2022-01-08 13:21:00+00:00,30073.6718947297,30083.1014942587,30054.179875203095,30073.18774020814,909
2022-01-09 01:21:00+00:00,30072.91811943347,30076.923809150958,30067.429699527933,30071.05002671624,589
2022-01-09 13:21:00+00:00,30071.360106522967,30079.545425839435,30068.182131769037,30071.069801935046,982
2022-01-10 01:21:00+00:00,30069.383689236376,30070.214429304884,30059.321152054737,30069.54508056923,217
2022-01-10 13:21:00+00:00,30068.55609993353,30086.085135462832,30057.710389887816,30067.622032374435,342
2022-01-11 01:21:00+00:00,30068.692167100675,30083.07716621463,30049.446244815124,30068.911607939783,269
2022-01-11 13:21:00+00:00,30069.902238925955,30086.109044790945,30067.025464833972,30070.838949496276,459
2022-01-12 01:21:00+00:00,30070.00219387205,30085.979972929643,30055.921318816134,30069.482575291233,244
2022-01-12 13:21:00+00:00,30070.928039444403,30082.432079750288,30055.01001162736,30071.538801942268,388
2022-01-13 01:21:00+00:00,30070.94778314527,30081.273835804746,30056.231018303613,30070.526363887922,104
2022-01-13 13:21:00+00:00,30070.570789465208,30073.112148389857,30057.925637899738,30069.799932780348,709
2022-01-14 01:21:00+00:00,30071.2916498041,30087.83267114123,30063.750128355125,30070.740577845798,510
2022-01-14 13:21:00+00:00,30071.107307392802,30075.024946317735,30052.89717519667,30071.969581146066,116
2022-01-15 01:21:00+00:00,30070.934457309017,30074.590393668164,30064.39661754867,30070.51474397497,777
2022-01-15 13:21:00+00:00,30072.23963268911,30077.303103408925,30054.384517054874,30071.00666417127,871
2022-01-16 01:21:00+00:00,30072.94556292343,30081.486412822003,30070.555622904667,30072.06319834563,454
2022-01-16 13:21:00+00:00,30070.370488544966,30089.367854829623,30069.868744893913,30068.632586614614,365
2022-01-17 01:21:00+00:00,30070.986180512577,30087.052066414202,30051.102705032747,30071.670850283903,752
2022-01-17 13:21:00+00:00,30069.320587390994,30083.034206243065,30050.402295395586,30069.171509086413,863
2022-01-18 01:21:00+00:00,30070.915165023984,30082.454274962074,30066.509230892883,30069.551308374666,921
2022-01-18 13:21:00+00:00,30070.789435490497,30088.696696942145,30067.494957454266,30071.37531907495,317
2022-01-19 01:21:00+00:00,30071.285445717258,30081.64382722721,30062.75354789423,30070.89637499992,597
2022-01-19 13:21:00+00:00,30071.24237226541,30087.160540699046,30057.827261073275,30071.728557972525,852
2022-01-20 01:21:00+00:00,30071.363901498058,30074.38813057468,30055.586311560866,30071.672013783296,485
2022-01-20 13:21:00+00:00,30070.819513084723,30086.14473288233,30066.10211391666,30070.876922621403,838
2022-01-21 01:21:00+00:00,30070.741028032076,30083.940164388256,30069.082043997634,30071.119381052747,489
2022-01-21 13:21:00+00:00,30069.669721662376,30080.712242422276,30061.962439276012,30068.153705467845,680
2022-01-22 01:21:00+00:00,30068.933209603892,30082.84855995066,30065.047132299103,30066.953130992744,989
2022-01-22 13:21:00+00:00,30068.9161188832,30086.77845944116,30054.571684419032,30070.37784557371,173
2022-01-23 01:21:00+00:00,30067.505210042204,30076.40557800156,30059.45070452037,30068.75271088788,288
2022-01-23 13:21:00+00:00,30067.82981831761,30084.61061917397,30051.25714507892,30068.239261641535,537
2022-01-24 01:21:00+00:00,30067.88140123573,30083.084708331004,30052.965089947087,30067.510165639476,225
2022-01-24 13:21:00+00:00,30068.961593959146,30076.710223393835,30058.61818372802,30067.865088835802,934
2022-01-25 01:21:00+00:00,30068.204099989125,30074.270698933753,30058.376447091832,30069.2948540244,259
2022-01-25 13:21:00+00:00,30067.12026061462,30074.045822230917,30048.08414269875,30068.471876120988,293
2022-01-26 01:21:00+00:00,30066.910560712902,30082.24546580096,30053.946951989205,30066.66525077598,810
2022-01-26 13:21:00+00:00,30065.406278136794,30078.671866068973,30063.00357984505,30065.177232584603,830
2022-01-27 01:21:00+00:00,30066.401815612546,30085.53232646056,30060.844600244276,30065.253052060965,755
2022-01-27 13:21:00+00:00,30068.491128220932,30080.860531478098,30053.69485989275,30068.05706946511,810
2022-01-28 01:21:00+00:00,30067.347363817073,30070.378621364696,30059.006074215595,30068.39576635904,426
2022-01-28 13:21:00+00:00,30067.893007405914,30071.45410956871,30061.94125097413,30068.227850519223,477
2022-01-29 01:21:00+00:00,30068.37264893913,30073.52557880296,30054.93813383946,30069.550176979752,243
2022-01-29 13:21:00+00:00,30068.792811340845,30077.69239096805,30068.342925184403,30070.664604099675,181
2022-01-30 01:21:00+00:00,30069.527165693748,30078.83857336653,30062.795393318323,30068.766330247483,905
2022-01-30 13:21:00+00:00,30068.896731657194,30080.93038209956,30060.171992833326,30068.8441119187,977
2022-01-31 01:21:00+00:00,30069.83905823852,30080.29265165831,30061.531830371452,30070.518065507007,301
2022-01-31 13:21:00+00:00,30070.23292569514,30081.33869373706,30057.84131936603,30070.645061172847,503
2022-02-01 01:21:00+00:00,30071.368111702686,30090.553207271583,30071.106531576734,30069.402866201406,923
2022-02-01 13:21:00+00:00,30070.120135290537,30074.35620862754,30060.071697982417,30071.773744484948,871
2022-02-02 01:21:00+00:00,30070.528618861455,30081.484508872614,30053.688947983686,30069.50427206203,640
2022-02-02 13:21:00+00:00,30069.28517430366,30071.775753788294,30066.213969756478,30067.36823040312,933
2022-02-03 01:21:00+00:00,30067.924324918204,30068.8723719351,30057.928234382664,30067.540140698606,976
2022-02-03 13:21:00+00:00,30067.780457946876,30081.71892086651,30057.421270403644,30069.10103985794,538
2022-02-04 01:21:00+00:00,30068.23470405264,30086.19249713785,30062.841736628074,30068.500900484374,395
2022-02-04 13:21:00+00:00,30067.238002097365,30071.146380568618,30061.319609984927,30067.22935478853,315
2022-02-05 01:21:00+00:00,30068.661298561303,30081.097011303933,30059.323236446282,30068.92206218826,691
2022-02-05 13:21:00+00:00,30068.33875811808,30083.570956233678,30053.610390472168,30070.38195349537,815
2022-02-06 01:21:00+00:00,30068.29334141226,30071.689954616504,30051.062752927945,30069.925374115348,746
2022-02-06 13:21:00+00:00,30069.067270902484,30081.03436875407,30057.071982366742,30068.109838658238,196
2022-02-07 01:21:00+00:00,30068.814686907757,30087.668409361395,30065.244334564915,30070.04691046873,512
2022-02-07 13:21:00+00:00,30069.032918300098,30072.93070949753,30051.687857492456,30067.922041593094,847
2022-02-08 01:21:00+00:00,30067.43633020358,30078.183869634766,30048.935043694833,30068.065843995148,154
2022-02-08 13:21:00+00:00,30067.730000805754,30075.285813179507,30051.315068243686,30067.206280789746,782
2022-02-09 01:21:00+00:00,30068.25139114796,30078.43634310508,30056.512175241398,30067.501553995167,810
2022-02-09 13:21:00+00:00,30067.41278742346,30076.234873532838,30052.31533404843,30068.59621741006,428
2022-02-10 01:21:00+00:00,30067.699576142324,30086.8818464055,30058.83629174762,30068.143018947274,299
2022-02-10 13:21:00+00:00,30069.817793302143,30088.419891907273,30060.940999978724,30069.514420840012,856
2022-02-11 01:21:00+00:00,30067.598130746937,30071.081083112134,30054.080677186375,30067.53731712358,642
2022-02-11 13:21:00+00:00,30068.311056410515,30076.475138718168,30050.210741931616,30068.420002026232,732
2022-02-12 01:21:00+00:00,30068.86563338658,30071.24676008974,30055.2292949018,30069.001321695767,811
2022-02-12 13:21:00+00:00,30068.347481629447,30070.196253098446,30050.806221995445,30068.544895249353,651
2022-02-13 01:21:00+00:00,30068.7882219224,30081.22365205056,30058.13653686708,30070.056357963975,560
2022-02-13 13:21:00+00:00,30066.359959690326,30085.926381568366,30059.99575010919,30064.737771598157,480
2022-02-14 01:21:00+00:00,30064.55060889573,30077.189354997157,30045.965065922253,30063.987056610647,533
2022-02-14 13:21:00+00:00,30065.324343433134,30070.1971571731,30059.125499785387,30065.975741226575,582
2022-02-15 01:21:00+00:00,30065.11922652145,30078.97434507568,30045.14169443287,30065.670198853168,222
2022-02-15 13:21:00+00:00,30065.063543994864,30079.623844495378,30050.389637025346,30065.671342088783,795
2022-02-16 01:21:00+00:00,30066.76176453367,30081.069281418906,30058.734578879477,30068.185825964938,151
2022-02-16 13:21:00+00:00,30065.831674045174,30076.567057166856,30054.160656527976,30065.434480667787,824
2022-02-17 01:21:00+00:00,30065.6311898703,30078.33338443289,30049.32066112486,30067.578122371222,667
2022-02-17 13:21:00+00:00,30066.736692685045,30068.8414728921,30064.58743366247,30066.93639829432,764
2022-02-18 01:21:00+00:00,30066.86706243723,30084.787607942493,30064.502231321003,30066.897537875753,916
2022-02-18 13:21:00+00:00,30067.63576858309,30070.830651086962,30058.144673958075,30068.872368756594,899
2022-02-19 01:21:00+00:00,30069.40051614631,30083.048108670922,30058.06677990763,30069.727579167866,634
2022-02-19 13:21:00+00:00,30068.88199472632,30077.645798502133,30059.97296279944,30067.36596376244,894
2022-02-20 01:21:00+00:00,30068.399794777582,30083.394665957334,30058.11232820743,30068.94659736496,681
2022-02-20 13:21:00+00:00,30067.04908905563,30077.67674366958,30057.768630509363,30068.516706663664,156
2022-02-21 01:21:00+00:00,30067.87779018975,30083.981990675264,30052.69832675892,30066.822425847145,619
2022-02-21 13:21:00+00:00,30067.92978960259,30087.662202979976,30059.740055127782,30067.76149639476,807
2022-02-22 01:21:00+00:00,30068.658943779727,30072.45390443582,30067.436648988543,30068.009223388595,354
2022-02-22 13:21:00+00:00,30066.940642827183,30082.03081298841,30049.317903229694,30068.651616760093,406
2022-02-23 01:21:00+00:00,30068.927558696225,30088.0808674759,30060.487156862237,30068.526924521124,116
2022-02-23 13:21:00+00:00,30069.225408636896,30074.53050422651,30058.266486967845,30069.0561155397,969
2022-02-24 01:21:00+00:00,30069.496463738484,30086.510375690625,30053.681614745165,30068.79712581915,305
2022-02-24 13:21:00+00:00,30068.766878945768,30088.681780811952,30053.429859368196,30067.716420772405,466
2022-02-25 01:21:00+00:00,30069.25933386902,30088.022008979853,30066.779760531743,30069.57339406243,981
2022-02-25 13:21:00+00:00,30068.108554540802,30076.555717434734,30059.70941330422,30067.676926550175,359
2022-02-26 01:21:00+00:00,30069.046307837405,30084.237586703155,30060.72754462756,30068.17092369388,176
2022-02-26 13:21:00+00:00,30069.008864481035,30080.81472735545,30067.905178369478,30070.186875751813,964
2022-02-27 01:21:00+00:00,30068.824878639156,30081.64839179923,30055.976554432404,30068.806156127594,396
2022-02-27 13:21:00+00:00,30069.80354928076,30081.092364199925,30054.41170302878,30069.04348576659,350
2022-02-28 01:21:00+00:00,30069.807821768038,30076.916879374287,30067.368653953912,30070.661459760347,456
2022-02-28 13:21:00+00:00,30069.405681474796,30075.533231129204,30059.890008932878,30070.36141424666,820
2022-03-01 01:21:00+00:00,30069.72220490668,30084.05410959934,30051.390320048213,30068.614388452537,676
2022-03-01 13:21:00+00:00,30068.587168634207,30069.278440591155,30065.229179273138,30067.237713335067,916
2022-03-02 01:21:00+00:00,30068.64991083641,30081.06312422366,30049.11563697918,30069.48974000967,504
2022-03-02 13:21:00+00:00,30068.952351235006,30073.64347007037,30063.823905027602,30068.93424387057,782
2022-03-03 01:21:00+00:00,30069.280693950688,30083.11678822406,30052.8026026947,30067.75880668978,748
2022-03-03 13:21:00+00:00,30070.20038983112,30081.907914530475,30061.810421612536,30069.32243036232,662
2022-03-04 01:21:00+00:00,30069.57536814512,30085.660291798366,30063.283845011538,30069.651806300233,900
2022-03-04 13:21:00+00:00,30070.184927493567,30070.522985666576,30056.400137457746,30068.759281915703,144
2022-03-05 01:21:00+00:00,30070.812514619054,30081.78741902563,30066.07043872939,30071.218053038512,523
2022-03-05 13:21:00+00:00,30070.839096830383,30083.115808480034,30052.01644320382,30071.02008706745,278
2022-03-06 01:21:00+00:00,30070.678647849898,30079.089692603222,30068.97161054767,30071.870401206164,489
2022-03-06 13:21:00+00:00,30070.493201558063,30087.431883577483,30058.32259116845,30069.513951941994,588
2022-03-07 01:21:00+00:00,30070.572918407932,30088.21092700684,30069.750251132868,30070.05985355805,659
2022-03-07 13:21:00+00:00,30071.255147625594,30074.133999437472,30063.03143722012,30070.298833572302,970
2022-03-08 01:21:00+00:00,30070.377140841283,30090.027197668995,30067.391731546253,30071.23472371774,363
2022-03-08 13:21:00+00:00,30069.658826479666,30082.04719175691,30066.940019954985,30070.180657991976,565
2022-03-09 01:21:00+00:00,30068.609768627946,30070.59830113703,30050.138211730555,30067.30211470316,827
2022-03-09 13:21:00+00:00,30067.815119675328,30076.018683592443,30049.75724602823,30067.36910399177,292
2022-03-10 01:21:00+00:00,30066.9579806495,30077.604759126913,30054.12723395247,30067.118450616577,689
2022-03-10 13:21:00+00:00,30066.200644348755,30066.352028420497,30066.11469687548,30067.164020856624,431
2022-03-11 01:21:00+00:00,30065.27483547433,30066.84825969228,30060.827576756823,30064.62155891099,581
2022-03-11 13:21:00+00:00,30065.714502764793,30069.817841342956,30049.31611645178,30066.875994460548,259
2022-03-12 01:21:00+00:00,30065.101853128148,30084.0889966867,30055.871077708915,30064.424387375337,967
2022-03-12 13:21:00+00:00,30066.62333706935,30070.732234485557,30056.125361091596,30067.03640536224,230
2022-03-13 01:21:00+00:00,30066.392263771315,30076.21853793164,30048.075550137928,30065.874840368695,783
2022-03-13 13:21:00+00:00,30068.227779429257,30075.703857177105,30063.84563841911,30067.943464156033,372
2022-03-14 01:21:00+00:00,30070.10681624304,30071.29084365815,30066.669754300026,30071.74754036523,209
2022-03-14 13:21:00+00:00,30070.913508692036,30090.577412664457,30067.28237562731,30069.853515900984,497
2022-03-15 01:21:00+00:00,30069.526251998686,30076.249426877406,30057.188247043618,30070.21734424129,501
2022-03-15 13:21:00+00:00,30069.216096104985,30088.165309111886,30063.43993142831,30069.40312265945,929
2022-03-16 01:21:00+00:00,30068.208407670107,30077.912064755044,30055.606460603696,30067.5077077217,896
2022-03-16 13:21:00+00:00,30069.974173151328,30072.547803453566,30050.996048960278,30070.31997482911,232
2022-03-17 01:21:00+00:00,30070.31364900595,30075.912553767288,30069.764090896624,30070.99119780646,189
2022-03-17 13:21:00+00:00,30069.345964772307,30073.18280426025,30056.251131635636,30067.129862454298,642
2022-03-18 01:21:00+00:00,30069.46350917541,30075.014721550735,30069.188495316463,30070.51802445618,472
2022-03-18 13:21:00+00:00,30069.929071882423,30075.449071053758,30052.74673829096,30069.11059120397,158
2022-03-19 01:21:00+00:00,30069.866100272557,30086.796484641785,30052.88637696217,30069.18278672731,357
2022-03-19 13:21:00+00:00,30069.31116419288,30085.629255212963,30063.274832276427,30068.78839076087,626
2022-03-20 01:21:00+00:00,30069.307754603306,30070.217339663657,30069.032685518065,30069.191637665597,249
2022-03-20 13:21:00+00:00,30067.717238905625,30069.132021054214,30050.532242562906,30068.233564465365,435
2022-03-21 01:21:00+00:00,30066.099779714394,30068.104774679083,30049.86706915318,30066.010206295246,419
2022-03-21 13:21:00+00:00,30064.286860240052,30065.70386155277,30054.784238895103,30062.928190199844,824
2022-03-22 01:21:00+00:00,30065.422529893716,30068.746808448534,30046.14311666743,30066.577862265516,311
2022-03-22 13:21:00+00:00,30065.428162550925,30070.812090276144,30055.262497969412,30064.53196812086,972
2022-03-23 01:21:00+00:00,30064.665937133777,30070.464193984913,30060.526790019354,30063.922485020452,774
2022-03-23 13:21:00+00:00,30063.972886671992,30065.975528848132,30046.704219563977,30064.13455127746,691
2022-03-24 01:21:00+00:00,30064.419729101275,30069.027918427088,30056.312175466068,30063.17602853246,224
2022-03-24 13:21:00+00:00,30063.76615477274,30075.379169004398,30062.26680488023,30062.734005434388,473
2022-03-25 01:21:00+00:00,30063.413055192148,30064.00257567275,30057.03809585267,30064.810743513644,497
2022-03-25 13:21:00+00:00,30063.773173714366,30065.67258681741,30047.900467120417,30063.48475377186,369
2022-03-26 01:21:00+00:00,30062.613684248492,30069.307196094196,30049.534563585148,30062.837194310774,271
2022-03-26 13:21:00+00:00,30062.103658739383,30066.55218723433,30057.239340290344,30061.505012988495,254
2022-03-27 01:21:00+00:00,30064.11087579372,30081.3080854565,30047.335856892998,30064.439561213287,425
2022-03-27 13:21:00+00:00,30065.75739829115,30080.41726839216,30062.13664164167,30065.589908077756,498
2022-03-28 01:21:00+00:00,30066.35294403619,30084.110230799673,30056.16780475822,30068.273672211973,897
2022-03-28 13:21:00+00:00,30066.384379664665,30066.69765635166,30049.586085566356,30065.214064519125,666
2022-03-29 01:21:00+00:00,30065.456662987614,30080.53296213089,30055.027100838517,30065.4946901984,784
2022-03-29 13:21:00+00:00,30065.60152053365,30072.914440483717,30054.287511326893,30064.243406323665,901
2022-03-30 01:21:00+00:00,30064.035256997475,30076.310816815385,30056.417239421873,30062.72720390427,943
2022-03-30 13:21:00+00:00,30064.712877266895,30073.18679173938,30047.091589189047,30064.09870195103,392
2022-03-31 01:21:00+00:00,30064.091224694534,30083.627054828416,30053.172589789192,30062.129547426823,704
2022-03-31 13:21:00+00:00,30063.59088254986,30068.706062623496,30059.00972889726,30062.479624400214,359
2022-04-01 01:21:00+00:00,30063.065445761218,30063.934956865956,30043.73189962851,30061.070220095637,288
2022-04-01 13:21:00+00:00,30062.966280713277,30075.78304986644,30052.647482621636,30063.906228060772,405
2022-04-02 01:21:00+00:00,30064.72667225303,30078.464102989616,30049.158607769965,30065.284780134196,137
2022-04-02 13:21:00+00:00,30064.7489520975,30081.400455135892,30048.456206439278,30064.11230512998,842
2022-04-03 01:21:00+00:00,30064.538189321396,30070.661508042205,30056.400214179223,30064.462053070612,553
2022-04-03 13:21:00+00:00,30064.25098809581,30071.178494756077,30063.455796849863,30064.30515409193,584
2022-04-04 01:21:00+00:00,30063.327634041092,30070.639672196434,30050.261323632683,30064.1282935848,248
2022-04-04 13:21:00+00:00,30066.38033473747,30073.171884085077,30048.873473014104,30066.38525186217,903
2022-04-05 01:21:00+00:00,30066.494050704845,30085.25952222624,30048.869020890463,30067.54264981927,526
2022-04-05 13:21:00+00:00,30065.52097860066,30067.341583850706,30047.783034876345,30065.07348110583,809
2022-04-06 01:21:00+00:00,30065.30653374957,30073.876173373144,30058.898145017894,30065.903351853623,709
2022-04-06 13:21:00+00:00,30064.872467278263,30084.62355723824,30046.901838729198,30064.88710586532,685
2022-04-07 01:21:00+00:00,30065.619656306306,30080.539136520514,30059.9486097648,30065.04159184847,725
2022-04-07 13:21:00+00:00,30066.75989635724,30068.75660515663,30056.51326064414,30066.798791029687,505
2022-04-08 01:21:00+00:00,30066.303426513517,30068.882597360964,30062.532599079554,30065.7113783667,742
2022-04-08 13:21:00+00:00,30066.24047940314,30083.643493543794,30064.90490534177,30067.494928667722,312
2022-04-09 01:21:00+00:00,30066.086781471688,30068.92041628305,30054.85247846735,30065.11760519821,442
2022-04-09 13:21:00+00:00,30065.87478450965,30083.169915137158,30050.756536050063,30066.098120524868,191
2022-04-10 01:21:00+00:00,30066.525040883054,30084.08779016937,30060.42207272303,30065.756068953335,789
2022-04-10 13:21:00+00:00,30068.19791686886,30076.690648744854,30059.559942642914,30067.766346553144,994
2022-04-11 01:21:00+00:00,30067.245254190842,30075.831693314667,30054.670567665806,30066.56453493113,595
2022-04-11 13:21:00+00:00,30067.97447181867,30084.18710793654,30067.502056422683,30069.438827349823,278
2022-04-12 01:21:00+00:00,30068.75427341999,30077.06164507669,30052.199942273575,30069.005368956347,674
2022-04-12 13:21:00+00:00,30069.721256590245,30072.124418989744,30061.135430565442,30070.01355268765,945
2022-04-13 01:21:00+00:00,30071.40474656263,30087.867799264393,30066.52426957081,30070.717693038172,503
2022-04-13 13:21:00+00:00,30069.06962957149,30076.258175718733,30067.206246507107,30068.65410457966,765
2022-04-14 01:21:00+00:00,30067.930074692744,30073.103605492914,30057.06440225887,30068.283308315004,839
2022-04-14 13:21:00+00:00,30068.25309313572,30070.37091723288,30048.798673033747,30068.096724267372,662
2022-04-15 01:21:00+00:00,30067.116218237737,30079.59540808125,30053.107683063477,30069.2036603342,124
2022-04-15 13:21:00+00:00,30067.662429142747,30082.290080730167,30065.004418642024,30068.4816844177,950
2022-04-16 01:21:00+00:00,30067.446179577008,30083.064111280266,30057.945653116556,30066.75185166595,537
2022-04-16 13:21:00+00:00,30067.96863645145,30082.534888466977,30057.53145022359,30067.983604739522,298
2022-04-17 01:21:00+00:00,30068.06623250788,30076.293321319263,30053.629060611405,30067.069631367263,109
2022-04-17 13:21:00+00:00,30068.457657806743,30076.786927376317,30064.600717932135,30068.94581334819,939
2022-04-18 01:21:00+00:00,30066.36379011739,30068.346775875478,30048.07142393428,30065.817846128448,686
2022-04-18 13:21:00+00:00,30066.359327866827,30073.426322741794,30053.437392015552,30065.57814844741,273
2022-04-19 01:21:00+00:00,30065.549056635413,30075.31740592906,30059.203403290147,30063.008067665098,433
2022-04-19 13:21:00+00:00,30065.327199620933,30084.711842579087,30063.354096945917,30064.016527578162,897
2022-04-20 01:21:00+00:00,30065.461508221244,30074.90879988186,30055.360833091436,30064.41673903277,781
2022-04-20 13:21:00+00:00,30065.710147998623,30074.853414950278,30055.035921144216,30065.15084366339,947
2022-04-21 01:21:00+00:00,30063.65895142836,30071.880369285125,30047.81566558901,30064.932889901374,173
2022-04-21 13:21:00+00:00,30063.93919656579,30080.229876597306,30053.596204315392,30062.76779554157,751
2022-04-22 01:21:00+00:00,30063.95096753451,30072.231487564393,30050.52890416321,30062.28703650625,445
2022-04-22 13:21:00+00:00,30062.623268549472,30068.88914575546,30042.95514463612,30062.220716068026,800
2022-04-23 01:21:00+00:00,30062.48911095667,30063.093418843513,30049.81677335998,30062.149509127063,820
2022-04-23 13:21:00+00:00,30062.974197552652,30067.07264859064,30055.060617584557,30063.81671014776,320
2022-04-24 01:21:00+00:00,30063.703157618318,30071.562804069938,30051.003989854053,30063.687688737456,452
2022-04-24 13:21:00+00:00,30062.344264370415,30067.852853446948,30047.890512829763,30062.3379439379,669
2022-04-25 01:21:00+00:00,30062.03304509728,30063.379900877433,30047.29212613892,30061.737399290832,861
2022-04-25 13:21:00+00:00,30061.92690555599,30062.883689643488,30052.948541931783,30060.656721111285,744
2022-04-26 01:21:00+00:00,30060.175686711264,30066.66767627416,30053.003532670453,30060.742827427253,176
2022-04-26 13:21:00+00:00,30058.22894237869,30068.514396803715,30050.389288852588,30056.45609161926,129
2022-04-27 01:21:00+00:00,30056.304363255833,30057.22481411474,30038.857801378188,30055.852261877782,997
2022-04-27 13:21:00+00:00,30057.157765968004,30071.402208895794,30045.23569399333,30057.27034327503,689
2022-04-28 01:21:00+00:00,30057.217944099568,30071.28539303457,30046.147037618415,30057.50456276117,514
2022-04-28 13:21:00+00:00,30058.643115264458,30068.74604062513,30039.81033345724,30059.92544423483,740
2022-04-29 01:21:00+00:00,30058.8445964925,30060.575453129695,30039.948934618376,30059.285389249882,420
2022-04-29 13:21:00+00:00,30060.00325681844,30060.616983612173,30059.69901554542,30060.74564851461,992
2022-04-30 01:21:00+00:00,30059.45882713102,30071.937607118274,30057.226812148172,30059.22662661489,361
2022-04-30 13:21:00+00:00,30059.306642533447,30064.545895545514,30057.789822655082,30059.97579698695,572
2022-05-01 01:21:00+00:00,30058.405107503902,30064.719391584997,30040.872256688588,30060.707085620663,530
2022-05-01 13:21:00+00:00,30058.489608580283,30073.209159731647,30043.042539779297,30059.472518281702,783
2022-05-02 01:21:00+00:00,30057.73926172929,30071.70358806101,30051.269255828414,30057.526907509226,149
2022-05-02 13:21:00+00:00,30057.43064268735,30058.9399427596,30042.341350878138,30057.24530464121,293
2022-05-03 01:21:00+00:00,30056.68930012175,30072.9951776707,30044.599021930437,30057.68653842603,156
2022-05-03 13:21:00+00:00,30056.163422154703,30072.164951043982,30041.85729236223,30055.57066442953,817
2022-05-04 01:21:00+00:00,30056.328378739865,30063.060557953675,30042.62496645094,30057.692748048317,701
2022-05-04 13:21:00+00:00,30057.357611743282,30066.428529902176,30046.18866728102,30056.562662226563,320
2022-05-05 01:21:00+00:00,30056.42310164915,30063.91836272039,30056.14826509225,30056.50063518138,126
2022-05-05 13:21:00+00:00,30058.2841815524,30072.620840869786,30043.337577199,30059.064770585945,616
2022-05-06 01:21:00+00:00,30061.718596613453,30074.801184261527,30042.084795932762,30062.31221183869,622
2022-05-06 13:21:00+00:00,30062.43126157817,30066.453879433102,30061.03559480345,30062.88749880888,337
2022-05-07 01:21:00+00:00,30062.038327613715,30068.34192606218,30043.459252743163,30061.053782672265,718
2022-05-07 13:21:00+00:00,30062.106208148558,30081.628046322392,30049.94085664413,30061.699397710923,331
2022-05-08 01:21:00+00:00,30062.77260577581,30069.225877124416,30050.439037547258,30062.213302640266,431
2022-05-08 13:21:00+00:00,30063.16261070341,30066.392126372124,30054.338792973052,30062.120658643187,720
2022-05-09 01:21:00+00:00,30062.74081996786,30063.364476260445,30045.18562038029,30064.41655241781,740
2022-05-09 13:21:00+00:00,30061.923833107227,30070.820913981817,30050.02349018491,30061.412525785563,267
2022-05-10 01:21:00+00:00,30061.287638215523,30070.572464141384,30050.68411648777,30062.885426790956,816
2022-05-10 13:21:00+00:00,30062.66209391819,30064.898501459775,30043.7564148668,30062.497574607238,859
2022-05-11 01:21:00+00:00,30062.0996653056,30068.557408793175,30047.355490354672,30061.239001119073,276
2022-05-11 13:21:00+00:00,30062.712330803482,30073.32817249695,30047.8370397121,30063.56067350085,587
2022-05-12 01:21:00+00:00,30061.927192180876,30079.684172480043,30054.967514890664,30063.433995105737,133
2022-05-12 13:21:00+00:00,30061.632178503605,30068.860932519277,30044.335231926347,30062.32710921105,105
2022-05-13 01:21:00+00:00,30060.50073841179,30069.63972055096,30046.295607183303,30059.96559989853,817
2022-05-13 13:21:00+00:00,30059.565907451608,30070.702371854022,30041.687174506063,30059.05201551567,962
2022-05-14 01:21:00+00:00,30059.587469560996,30066.299471491813,30053.926666389965,30059.285567635492,698
2022-05-14 13:21:00+00:00,30057.15343591722,30062.322608410806,30046.398012043705,30057.720175352995,151
2022-05-15 01:21:00+00:00,30057.352441885796,30067.874108621734,30037.757914333404,30057.7318335319,730
2022-05-15 13:21:00+00:00,30055.526595228424,30059.139981422217,30046.384336324412,30055.519868838805,421
2022-05-16 01:21:00+00:00,30056.27021404019,30059.144227592926,30051.574392541406,30056.90169134613,380
2022-05-16 13:21:00+00:00,30056.30700119014,30068.14224988207,30047.582095324582,30055.76138654092,535
2022-05-17 01:21:00+00:00,30058.40241308262,30068.119630498124,30041.28040575099,30057.659262477275,146
2022-05-17 13:21:00+00:00,30056.47986428682,30070.20178094515,30044.056286893774,30059.39753257164,333
2022-05-18 01:21:00+00:00,30056.560760666544,30071.00637743462,30055.312528561313,30055.79518333358,131
2022-05-18 13:21:00+00:00,30055.669598849345,30061.908754398286,30040.331463249036,30055.29832522912,694
2022-05-19 01:21:00+00:00,30055.713568055937,30068.292255225708,30043.970450551333,30054.12197962999,639
2022-05-19 13:21:00+00:00,30055.00883404237,30063.617304464744,30041.79014666936,30055.48003273142,196
2022-05-20 01:21:00+00:00,30056.08749309413,30071.377654369353,30048.461889272705,30054.367563991465,342
2022-05-20 13:21:00+00:00,30057.113757928684,30074.47824083762,30046.8255218523,30055.691419841107,602
2022-05-21 01:21:00+00:00,30056.36554999949,30070.058122415765,30037.299864927645,30053.706020802423,720
2022-05-21 13:21:00+00:00,30058.695891386524,30073.139627195633,30053.202915305355,30060.001310253923,176
2022-05-22 01:21:00+00:00,30057.707866950394,30064.353051303286,30052.967840266214,30056.94200071502,316
2022-05-22 13:21:00+00:00,30059.030496015355,30067.73287276785,30045.578601369776,30059.09389125703,976
2022-05-23 01:21:00+00:00,30056.350763788992,30057.63718566454,30036.695498165325,30056.90330987108,327
2022-05-23 13:21:00+00:00,30056.109002111392,30063.78506418583,30041.310095195164,30055.822949347337,219
2022-05-24 01:21:00+00:00,30055.620049765155,30070.717532734438,30040.93393691656,30055.82368273236,535
2022-05-24 13:21:00+00:00,30056.129146824747,30063.570023016113,30037.14193827081,30053.556864544174,425
2022-05-25 01:21:00+00:00,30058.56370325612,30078.498369929985,30049.39414262795,30059.270363570155,886
2022-05-25 13:21:00+00:00,30057.739774240617,30062.692244801055,30039.597321437417,30057.991300199057,391
2022-05-26 01:21:00+00:00,30058.46848183754,30075.954409164315,30040.318819733835,30057.54862212931,332
2022-05-26 13:21:00+00:00,30058.625270011315,30076.36554793308,30047.59947000734,30059.28136233849,714
2022-05-27 01:21:00+00:00,30059.687538097147,30066.70537987331,30051.45953192012,30059.4284904634,238
2022-05-27 13:21:00+00:00,30059.26472095144,30065.570793169678,30046.432880456105,30059.890972217112,881
2022-05-28 01:21:00+00:00,30059.727579787104,30063.43004331231,30049.586238419644,30060.73881175802,893
2022-05-28 13:21:00+00:00,30061.20072746251,30067.1746227682,30047.91375084301,30060.23358829042,966
2022-05-29 01:21:00+00:00,30061.275196105486,30076.168651586944,30052.314662502133,30061.217615352172,246
2022-05-29 13:21:00+00:00,30063.9473739222,30066.239664296027,30050.20878598113,30065.690131340667,886
2022-05-30 01:21:00+00:00,30063.641317326365,30075.883897137504,30062.22085521021,30064.833444227774,969
2022-05-30 13:21:00+00:00,30063.062505656122,30077.516086815343,30047.086939927907,30062.334263168705,335
2022-05-31 01:21:00+00:00,30063.195585323814,30078.222823298205,30046.93845755273,30061.33220313488,853
2022-05-31 13:21:00+00:00,30063.091450142343,30082.21314350715,30050.704311458805,30062.72876604988,523
2022-06-01 01:21:00+00:00,30062.163851454323,30075.66324617501,30043.20068525723,30061.938563629767,343
2022-06-01 13:21:00+00:00,30060.580970670602,30068.902964268796,30049.018037762322,30059.4905446714,346
2022-06-02 01:21:00+00:00,30061.376278083426,30076.82799850245,30050.683331158125,30059.618524557514,229
2022-06-02 13:21:00+00:00,30062.487672807674,30064.159598203933,30044.74376344375,30062.38531477559,637
2022-06-03 01:21:00+00:00,30063.586493209492,30079.09783979111,30054.44774109129,30064.32193554422,299
2022-06-03 13:21:00+00:00,30062.64234304734,30077.909155124413,30051.517776956,30061.357698029395,503
2022-06-04 01:21:00+00:00,30063.735986635977,30076.05508413703,30053.166034060825,30062.13045146357,698
2022-06-04 13:21:00+00:00,30064.689704621826,30065.984366624503,30059.590860510354,30063.410552522622,123
2022-06-05 01:21:00+00:00,30065.403023680643,30071.505110867365,30060.796702212017,30065.28524324229,623
2022-06-05 13:21:00+00:00,30065.11935615328,30068.57754445229,30050.340648696947,30064.993641923513,642
2022-06-06 01:21:00+00:00,30064.017983178623,30082.622439715797,30059.98037721449,30064.299125565452,648
2022-06-06 13:21:00+00:00,30062.726130056366,30073.115545497953,30053.7723398578,30063.298078279073,560
2022-06-07 01:21:00+00:00,30064.421674186102,30082.108456009966,30045.187922253637,30064.5387312625,937
2022-06-07 13:21:00+00:00,30064.72985718264,30065.892858174797,30056.61892296256,30065.337982221492,511
2022-06-08 01:21:00+00:00,30064.513789746536,30067.667359588206,30052.40721623156,30064.84845807815,996
2022-06-08 13:21:00+00:00,30063.47191260895,30072.689828256232,30045.610390637252,30063.659378303822,276
2022-06-09 01:21:00+00:00,30063.992131271687,30066.822370685713,30051.934312338948,30064.38145549696,391
2022-06-09 13:21:00+00:00,30065.44391094868,30080.554558898053,30057.558366926452,30065.715028724462,688
2022-06-10 01:21:00+00:00,30065.133752615122,30075.50015977638,30052.753686666798,30065.669488917698,477
2022-06-10 13:21:00+00:00,30064.600540405543,30066.834524852955,30059.20016560319,30064.899851507245,302
2022-06-11 01:21:00+00:00,30065.539317513725,30073.553782764327,30049.43609762988,30065.10322798867,121
2022-06-11 13:21:00+00:00,30064.83073365043,30077.09451242779,30058.34759459269,30064.701164049147,698
2022-06-12 01:21:00+00:00,30066.318598049213,30079.723559623653,30063.330972040025,30065.61029067489,698
2022-06-12 13:21:00+00:00,30064.82192823595,30077.686484941634,30060.471528230126,30066.06521756202,951
2022-06-13 01:21:00+00:00,30064.796538683906,30072.888793621405,30061.9201597694,30064.368308082852,856
2022-06-13 13:21:00+00:00,30066.147475443748,30072.76912782041,30056.920713086063,30065.430182011994,706
2022-06-14 01:21:00+00:00,30065.644838677144,30066.929468826947,30051.240270747403,30065.05501929169,397
2022-06-14 13:21:00+00:00,30065.627203092023,30075.669122821386,30052.199947281035,30064.53550790885,165
2022-06-15 01:21:00+00:00,30067.090547528824,30072.505952373707,30047.42063279906,30068.090441798962,614
2022-06-15 13:21:00+00:00,30067.87744354645,30073.046226426042,30049.20562369386,30064.037000042033,343
2022-06-16 01:21:00+00:00,30069.076144652987,30076.00323429544,30064.894464080648,30069.726462314222,346
2022-06-16 13:21:00+00:00,30070.404641921512,30083.0212957086,30069.01418790456,30068.506831630457,415
2022-06-17 01:21:00+00:00,30070.513247382245,30089.599211601973,30057.06205822587,30070.275204608457,333
2022-06-17 13:21:00+00:00,30069.653245586567,30087.339487748617,30067.96367421236,30069.649686229488,584
2022-06-18 01:21:00+00:00,30069.493436138335,30074.693430540694,30055.719628819446,30067.673901969898,501
2022-06-18 13:21:00+00:00,30068.947330680596,30088.65146513991,30053.84026501926,30069.441978912928,365
2022-06-19 01:21:00+00:00,30068.345067296475,30070.531908940557,30064.346950887193,30068.757175178303,879
2022-06-19 13:21:00+00:00,30067.18961630035,30084.75911564345,30055.076450822275,30068.416209227868,231
2022-06-20 01:21:00+00:00,30066.049866961817,30084.465834717586,30047.67135588807,30064.013333525218,835
2022-06-20 13:21:00+00:00,30065.873144464073,30067.789654489934,30050.553863646935,30063.40534728663,794
2022-06-21 01:21:00+00:00,30065.35259538425,30085.308519113154,30046.823924236043,30064.567672599584,105
2022-06-21 13:21:00+00:00,30065.361516072993,30078.14953691369,30055.855154425964,30065.76743243979,244
2022-06-22 01:21:00+00:00,30065.767016843645,30075.962376482817,30049.94565711374,30064.2092176915,902
2022-06-22 13:21:00+00:00,30065.61020653006,30077.925679736814,30054.334140774026,30065.698351372328,462
2022-06-23 01:21:00+00:00,30065.88456252826,30071.28691423402,30065.611602572943,30063.892908110116,931
2022-06-23 13:21:00+00:00,30066.652271282557,30077.5882524761,30060.906064617608,30067.458074928167,854
2022-06-24 01:21:00+00:00,30065.24313006087,30068.055093787458,30065.234630236177,30067.04264298204,998
2022-06-24 13:21:00+00:00,30064.75514894888,30071.35990785835,30052.4280390831,30065.593355688572,936
2022-06-25 01:21:00+00:00,30064.970300293437,30075.60037227471,30045.075971033915,30065.959544243655,213
2022-06-25 13:21:00+00:00,30063.861743386642,30077.667164673552,30053.778650734163,30064.574445597278,527
2022-06-26 01:21:00+00:00,30064.633803022138,30068.823391227106,30063.392987480252,30064.018413056692,493
2022-06-26 13:21:00+00:00,30065.71737576698,30078.51521526023,30060.090364471693,30065.940099785796,323
2022-06-27 01:21:00+00:00,30067.5471619669,30084.445034780743,30054.702738316882,30067.278375242196,489
2022-06-27 13:21:00+00:00,30067.39383964041,30082.37091720196,30048.267395700055,30067.243499780194,425
2022-06-28 01:21:00+00:00,30066.961331706076,30069.398571744256,30055.588473022002,30066.87449071358,328
2022-06-28 13:21:00+00:00,30068.494025081898,30086.65449067652,30061.940271002804,30069.368948018087,354
2022-06-29 01:21:00+00:00,30070.515798839402,30090.338214843472,30061.40747371678,30071.33362034314,275
2022-06-29 13:21:00+00:00,30070.88734239488,30080.21496700657,30056.79050131168,30069.672481753492,511
2022-06-30 01:21:00+00:00,30071.673763315866,30074.098802663124,30059.832861046154,30071.80637509735,439
2022-06-30 13:21:00+00:00,30072.79867702314,30090.519399281773,30072.307201663843,30072.259017538803,131
2022-07-01 01:21:00+00:00,30070.91826720394,30084.875268480653,30063.2385067181,30072.505625026468,179
2022-07-01 13:21:00+00:00,30070.9132271526,30080.08707406744,30063.768752799584,30071.754682820938,532
2022-07-02 01:21:00+00:00,30073.754463542053,30075.94176090059,30073.353271948396,30072.917201768883,195
2022-07-02 13:21:00+00:00,30072.344321292836,30091.749412970654,30069.955678110568,30072.414780698942,376
2022-07-03 01:21:00+00:00,30071.407288977334,30074.494240595934,30057.227110974763,30071.92433045743,575
2022-07-03 13:21:00+00:00,30071.715996423798,30088.154490385004,30061.47145648838,30071.073357662677,411
2022-07-04 01:21:00+00:00,30071.121987681585,30075.0941068177,30055.933521292965,30071.1980516867,348
2022-07-04 13:21:00+00:00,30069.33869838124,30080.243798390966,30066.907698054292,30070.661613961525,326
2022-07-05 01:21:00+00:00,30069.775801910608,30070.07440802762,30053.791860906575,30069.871003285327,728
2022-07-05 13:21:00+00:00,30070.680892790402,30083.72186098528,30070.030755791802,30070.10430324451,551
2022-07-06 01:21:00+00:00,30070.236061790518,30082.27427086869,30060.34346590226,30069.774120834845,469
2022-07-06 13:21:00+00:00,30069.852984323745,30087.58467754832,30051.46803160414,30068.961597653317,751
2022-07-07 01:21:00+00:00,30068.867877036646,30085.77677684138,30055.41844352038,30067.682808109494,169
2022-07-07 13:21:00+00:00,30069.206105785994,30085.535168409213,30067.56051523974,30069.17872723339,747
2022-07-08 01:21:00+00:00,30070.685948493076,30088.43916461706,30065.448911294356,30070.084458688994,729
2022-07-08 13:21:00+00:00,30069.326256133532,30075.685951706775,30052.602230637523,30068.675528106483,419
2022-07-09 01:21:00+00:00,30068.789465542653,30080.425347780056,30057.72967676402,30069.193485230397,976
2022-07-09 13:21:00+00:00,30067.872905528686,30080.012866355555,30053.058222170184,30069.220495031983,733
2022-07-10 01:21:00+00:00,30067.120115804188,30073.268994924314,30057.660634213204,30067.36317519194,546
2022-07-10 13:21:00+00:00,30066.713086734526,30076.54650621939,30054.509508131,30065.148335647904,716
2022-07-11 01:21:00+00:00,30066.67188179162,30074.937461942543,30052.842722639693,30066.284269457956,951
2022-07-11 13:21:00+00:00,30067.2789304744,30070.58408025561,30060.716895157002,30065.85657051706,112
2022-07-12 01:21:00+00:00,30068.351998718823,30085.92193912961,30053.69591461797,30068.56262355221,458
2022-07-12 13:21:00+00:00,30067.609353601,30077.280096814135,30049.427264288326,30067.64504242471,264
2022-07-13 01:21:00+00:00,30067.87187346758,30072.37466288508,30067.196379329893,30067.49075432435,317
2022-07-13 13:21:00+00:00,30068.384933890837,30071.21601723256,30066.585532805915,30068.202856290998,632
2022-07-14 01:21:00+00:00,30067.435214439236,30071.38853255041,30057.11201588779,30070.457387317212,884
2022-07-14 13:21:00+00:00,30068.243139408005,30079.006138101064,30063.224439390844,30068.286186256835,874
2022-07-15 01:21:00+00:00,30069.05066797739,30076.173624151677,30061.16355553929,30069.84871644392,311
2022-07-15 13:21:00+00:00,30070.04089573413,30075.963436545768,30067.9290989277,30071.261018818008,136
2022-07-16 01:21:00+00:00,30071.924963517715,30090.50136373323,30062.76571066166,30071.916883338446,376
2022-07-16 13:21:00+00:00,30072.790586065148,30077.44878576427,30061.021478016035,30072.461230532343,412
2022-07-17 01:21:00+00:00,30072.907688071427,30088.088875478174,30059.68874238957,30073.085021904917,328
2022-07-17 13:21:00+00:00,30074.956387535254,30092.944398158008,30071.064742323397,30074.42781576942,406
2022-07-18 01:21:00+00:00,30073.967043008608,30093.104947185748,30055.53774311736,30074.46433098545,243
2022-07-18 13:21:00+00:00,30073.765061545946,30083.173137979353,30056.3726561423,30073.419061700275,942
2022-07-19 01:21:00+00:00,30073.326902934903,30075.233158423645,30072.44677031483,30072.693160981984,373
2022-07-19 13:21:00+00:00,30071.8337294157,30091.288453327947,30055.737840960763,30069.355527669017,316
2022-07-20 01:21:00+00:00,30070.970746547264,30078.28160474626,30070.843055399477,30070.16150351236,585
2022-07-20 13:21:00+00:00,30072.28700197875,30081.27633026061,30052.302706416853,30072.49549837779,317
2022-07-21 01:21:00+00:00,30071.552729234216,30072.975155571377,30063.552974167702,30071.40118458418,988
2022-07-21 13:21:00+00:00,30071.811225482354,30075.908239070308,30062.824948519705,30071.423426663318,947
2022-07-22 01:21:00+00:00,30072.51649487066,30091.18093106319,30064.148779665167,30072.8014143609,252
2022-07-22 13:21:00+00:00,30073.442454194414,30089.56639797661,30063.766614364282,30074.241973476583,270
2022-07-23 01:21:00+00:00,30072.468992601818,30081.962231298232,30072.45383814053,30072.881066254435,531
2022-07-23 13:21:00+00:00,30072.365010276833,30084.275023789985,30053.231481109175,30071.783408706382,960
2022-07-24 01:21:00+00:00,30072.06992049748,30083.66084414145,30064.150212039014,30071.636384640657,844
2022-07-24 13:21:00+00:00,30072.182226247798,30090.393284364694,30066.497830103515,30072.79558963328,684
2022-07-25 01:21:00+00:00,30072.19453715952,30089.2477868988,30055.099090431104,30072.084792806312,864
2022-07-25 13:21:00+00:00,30070.68152013032,30085.81635375043,30062.509001119935,30070.43518692246,957
2022-07-26 01:21:00+00:00,30069.16871839581,30081.475284916676,30059.2503653264,30071.204026979256,655
2022-07-26 13:21:00+00:00,30068.800848709285,30081.41931893737,30062.395683496394,30068.54530809077,328
2022-07-27 01:21:00+00:00,30070.453599732446,30080.139047034936,30050.765250160504,30068.301775846965,817
2022-07-27 13:21:00+00:00,30070.242021431637,30083.673767299137,30056.872400445005,30069.919808194107,838
2022-07-28 01:21:00+00:00,30069.343781013667,30070.448851250385,30068.013458766673,30068.72232473701,237
2022-07-28 13:21:00+00:00,30069.04059218853,30078.783222185215,30059.812570666152,30068.912379310845,620
2022-07-29 01:21:00+00:00,30068.204055249804,30086.642374308412,30067.856324705175,30069.73528052808,823
2022-07-29 13:21:00+00:00,30065.501402150116,30070.486352679443,30064.522311074685,30064.37143935253,831
2022-07-30 01:21:00+00:00,30063.90691194917,30082.06914461792,30062.079618527077,30064.39623851058,907
2022-07-30 13:21:00+00:00,30063.698280194403,30071.316600522117,30050.978743871223,30065.261278556274,471
2022-07-31 01:21:00+00:00,30061.535871620097,30074.57700673563,30051.067016872377,30059.78122272578,212
2022-07-31 13:21:00+00:00,30060.094895281643,30061.317114117952,30046.67418451526,30061.466723657606,809
2022-08-01 01:21:00+00:00,30061.09216866076,30080.801947123084,30045.731902777166,30060.811339974804,670
2022-08-01 13:21:00+00:00,30059.346015800973,30065.46453029734,30055.181070885348,30060.846929594354,228
2022-08-02 01:21:00+00:00,30060.626316744634,30073.05049947632,30055.328311815803,30060.646399146604,226
2022-08-02 13:21:00+00:00,30060.19564757961,30070.473084576708,30041.529281952484,30061.019757637314,867
2022-08-03 01:21:00+00:00,30058.581273306827,30063.19049694672,30057.733629351675,30059.499574095244,733
2022-08-03 13:21:00+00:00,30058.52603437357,30066.549769490553,30042.45642024981,30059.195442825185,276
2022-08-04 01:21:00+00:00,30057.889158943926,30062.652748118307,30045.26654319595,30056.584006797908,207
2022-08-04 13:21:00+00:00,30058.43406788468,30069.489414054307,30049.798774370633,30058.891689857384,128
2022-08-05 01:21:00+00:00,30060.217769410592,30075.086052474,30041.863958488437,30060.35508159444,500
2022-08-05 13:21:00+00:00,30060.826188636453,30074.07828328447,30050.041648237944,30061.831145622513,840
2022-08-06 01:21:00+00:00,30060.968550173122,30073.035079733687,30044.182083505686,30062.171974611396,154
2022-08-06 13:21:00+00:00,30059.952522623655,30069.04383939172,30056.888873963293,30060.020105448508,162
2022-08-07 01:21:00+00:00,30060.94229189146,30067.093338469964,30059.22388394222,30059.94288843089,871
2022-08-07 13:21:00+00:00,30059.17071566119,30074.770597192786,30042.46074605508,30060.937617272986,605
2022-08-08 01:21:00+00:00,30058.55906991046,30075.041825505326,30042.131071866184,30059.37807199909,796
2022-08-08 13:21:00+00:00,30058.298394329788,30062.15632361381,30044.84949460476,30058.662328336337,739
2022-08-09 01:21:00+00:00,30057.171388653922,30064.358300376178,30050.48077338064,30055.615131249262,550
2022-08-09 13:21:00+00:00,30056.57993799903,30076.279286583587,30049.18931445199,30055.908433700857,796
2022-08-10 01:21:00+00:00,30056.7410838503,30074.926178593127,30047.682237253313,30055.22952121466,478
2022-08-10 13:21:00+00:00,30057.87929478364,30062.239973383927,30051.966806754994,30056.821835106046,183
2022-08-11 01:21:00+00:00,30056.988501509324,30064.846992823892,30048.828472548266,30056.571509503723,875
2022-08-11 13:21:00+00:00,30056.710474474894,30076.698640316612,30049.045430874223,30057.96581082554,922
2022-08-12 01:21:00+00:00,30056.666052815104,30070.733585231465,30050.91511723221,30056.217383716365,311
2022-08-12 13:21:00+00:00,30057.86117335021,30061.80845721385,30038.49847612779,30057.286110927304,170
2022-08-13 01:21:00+00:00,30055.83596320241,30067.881774656926,30049.457383328026,30056.8542969075,624
2022-08-13 13:21:00+00:00,30053.89949407411,30072.143431227047,30036.84921453907,30056.010921122328,760
2022-08-14 01:21:00+00:00,30052.870141927102,30059.341435334758,30041.456511475597,30053.0796948572,104
2022-08-14 13:21:00+00:00,30052.752322765424,30054.81880894121,30050.655424906578,30052.427555402195,840
2022-08-15 01:21:00+00:00,30053.2420688685,30057.13498478883,30048.206579973823,30052.37454575415,499
2022-08-15 13:21:00+00:00,30052.838174280536,30057.967439595657,30035.60480705198,30052.976332416332,619
2022-08-16 01:21:00+00:00,30051.625844233342,30052.631972515017,30042.882755941468,30052.565091467874,510
2022-08-16 13:21:00+00:00,30049.816282189357,30067.183971675437,30037.649437156455,30049.113357573584,567
2022-08-17 01:21:00+00:00,30050.24779798631,30057.97624131553,30034.99523012808,30050.4397791572,611
2022-08-17 13:21:00+00:00,30050.956419646547,30060.298999601393,30033.77620003181,30049.596088613605,141
2022-08-18 01:21:00+00:00,30052.03501208424,30071.63666363925,30049.359282279536,30051.22720515814,591
2022-08-18 13:21:00+00:00,30050.416449363205,30050.420066852163,30039.889058797355,30050.50898484612,217
2022-08-19 01:21:00+00:00,30050.9156607831,30063.038874629856,30033.812525300367,30050.911394910145,875
2022-08-19 13:21:00+00:00,30050.42740291779,30052.924715691057,30035.672988391125,30051.563157889523,904
2022-08-20 01:21:00+00:00,30051.26084749798,30053.936996285054,30042.92006125524,30051.93087860887,746
2022-08-20 13:21:00+00:00,30052.35985419735,30058.245075383213,30037.67640129708,30051.779098148763,658
2022-08-21 01:21:00+00:00,30052.323936066277,30067.447246919684,30034.603802692425,30051.77327904708,757
2022-08-21 13:21:00+00:00,30052.87112816822,30058.451920737665,30037.48967685114,30051.98167235482,273
2022-08-22 01:21:00+00:00,30053.457233260688,30072.292200085507,30042.871363372313,30053.352288762348,491
2022-08-22 13:21:00+00:00,30053.257208630344,30065.73333934314,30041.709649580036,30053.007574827014,116
2022-08-23 01:21:00+00:00,30053.164952383697,30058.562727210512,30046.049982141398,30052.8348916389,414
2022-08-23 13:21:00+00:00,30053.397659974355,30058.696390736768,30043.419321580415,30053.351026206656,823
2022-08-24 01:21:00+00:00,30053.83269305626,30068.901924760048,30036.050315084372,30053.8576055911,779
2022-08-24 13:21:00+00:00,30054.6404459594,30064.338685635783,30051.877097397137,30055.656293080345,805
2022-08-25 01:21:00+00:00,30054.368140803937,30067.016363118073,30045.997641276077,30054.9881838394,691
2022-08-25 13:21:00+00:00,30055.62243321136,30057.067644806208,30049.580923706806,30055.88313997626,707
2022-08-26 01:21:00+00:00,30055.18049224316,30073.039918016853,30044.84938340117,30055.67724332932,701
2022-08-26 13:21:00+00:00,30055.767194143587,30070.00618330711,30054.060033827096,30055.599430798757,505
2022-08-27 01:21:00+00:00,30055.793747116517,30073.47265572813,30042.69997895102,30056.994173009334,256
2022-08-27 13:21:00+00:00,30056.678650442802,30069.67017189574,30050.392122546076,30054.708254373603,643
2022-08-28 01:21:00+00:00,30053.9565878929,30057.16487527417,30049.231020038664,30053.144808123878,301
2022-08-28 13:21:00+00:00,30052.269166413946,30055.401355756807,30035.747364762385,30052.641893305372,195
2022-08-29 01:21:00+00:00,30050.472290580143,30063.856311729625,30045.987279799378,30050.551788889337,531
2022-08-29 13:21:00+00:00,30049.795240055515,30058.361728042713,30046.53057094493,30050.712331860403,431
2022-08-30 01:21:00+00:00,30049.217151259374,30063.74678186342,30039.182928458642,30049.38988220067,858
2022-08-30 13:21:00+00:00,30049.046142017305,30050.75621029651,30046.942849962787,30050.9485473341,734
2022-08-31 01:21:00+00:00,30048.071693873826,30067.341100305348,30029.380225848116,30046.643927455196,471
2022-08-31 13:21:00+00:00,30047.327293084203,30059.378499748957,30045.16308567567,30047.725074589693,375
2022-09-01 01:21:00+00:00,30046.835031150797,30062.504007046475,30045.509644995727,30046.14932462084,163
2022-09-01 13:21:00+00:00,30047.343861898305,30056.02926148276,30044.366139076763,30048.42689510897,253
2022-09-02 01:21:00+00:00,30047.56129776415,30055.612093198997,30031.699195296103,30046.64287256479,871
2022-09-02 13:21:00+00:00,30047.158732328957,30060.607288174786,30042.21671891983,30044.991242129694,216
2022-09-03 01:21:00+00:00,30048.176729799867,30065.396806800112,30033.983541490965,30047.914382040053,222
2022-09-03 13:21:00+00:00,30048.216902688928,30067.53955142441,30030.941374879247,30048.111211448402,276
2022-09-04 01:21:00+00:00,30048.735073552492,30064.59793392004,30030.94885383845,30047.280292745116,481
2022-09-04 13:21:00+00:00,30047.46103592067,30056.87889867373,30033.65042495985,30048.7273518036,354
2022-09-05 01:21:00+00:00,30048.82228411192,30049.795977900423,30037.31499212304,30047.356695655406,885
2022-09-05 13:21:00+00:00,30049.679459340845,30067.74140424996,30033.627197704693,30048.92040923953,677
2022-09-06 01:21:00+00:00,30048.974888467674,30064.235487830436,30039.765948636898,30049.180720368986,144
2022-09-06 13:21:00+00:00,30048.683805721626,30063.434507893602,30033.40157786111,30048.05377376028,799
2022-09-07 01:21:00+00:00,30047.52770680492,30062.304730469186,30027.58412313094,30046.06104170148,134
2022-09-07 13:21:00+00:00,30046.99054123005,30048.284331128256,30045.19597246227,30047.731451896176,148
2022-09-08 01:21:00+00:00,30046.402914740105,30065.25269244666,30029.331814685393,30046.28368505528,640
2022-09-08 13:21:00+00:00,30047.496573350287,30049.889775063773,30031.19763443279,30047.985331982356,349
2022-09-09 01:21:00+00:00,30048.665353112647,30055.868627556643,30043.1475259177,30048.882720811205,526
2022-09-09 13:21:00+00:00,30049.336866287602,30049.639295895257,30034.17461617881,30048.336612840416,700
2022-09-10 01:21:00+00:00,30049.88321028973,30061.06116670933,30049.746843187993,30048.98881531861,337
2022-09-10 13:21:00+00:00,30049.397580458073,30067.66986837649,30041.22769732642,30048.61089917223,586
2022-09-11 01:21:00+00:00,30049.583480863683,30053.941699621977,30047.859371382223,30048.706517795308,850
2022-09-11 13:21:00+00:00,30048.47579612624,30067.12143831207,30047.379399793947,30048.866927198826,406
2022-09-12 01:21:00+00:00,30049.373770941605,30053.782004194443,30041.48621259231,30048.1948180185,894
2022-09-12 13:21:00+00:00,30048.988311617406,30054.817344290943,30036.455623451366,30049.44395020346,663
2022-09-13 01:21:00+00:00,30048.67228269166,30053.07903331185,30038.120376240862,30049.02423900102,543
2022-09-13 13:21:00+00:00,30048.912711920457,30064.205084108293,30042.739135098767,30050.872019878498,402
2022-09-14 01:21:00+00:00,30049.062346435934,30056.01734183502,30041.3134470692,30049.418497016843,837
2022-09-14 13:21:00+00:00,30048.430919618833,30050.864334620946,30048.001446775917,30050.612051799842,272
2022-09-15 01:21:00+00:00,30047.57843253703,30052.248754511642,30029.84698439819,30048.477058731958,668
2022-09-15 13:21:00+00:00,30049.5077408746,30062.834102556964,30034.108395853982,30049.54812706827,404
2022-09-16 01:21:00+00:00,30050.322764340508,30052.300192007,30030.331754834348,30048.345518563357,309
2022-09-16 13:21:00+00:00,30051.57051466172,30066.14478687245,30035.498387010604,30050.36059846153,374
2022-09-17 01:21:00+00:00,30051.555713407477,30063.691306650828,30049.87827527582,30051.180527138476,795
2022-09-17 13:21:00+00:00,30052.160598052393,30066.946415796272,30051.81384705476,30051.157179958558,981
2022-09-18 01:21:00+00:00,30052.089660140442,30053.02385901274,30038.204792858374,30053.08221672632,569
2022-09-18 13:21:00+00:00,30052.99507930707,30057.67022422117,30048.116489852862,30053.036153131976,739
2022-09-19 01:21:00+00:00,30051.45987732904,30071.450135834766,30043.89494650377,30052.3675942658,784
2022-09-19 13:21:00+00:00,30051.550480812224,30060.92770790284,30039.270042623524,30051.144334914406,206
2022-09-20 01:21:00+00:00,30051.599396131667,30067.96997856592,30031.67829938607,30051.988295724466,923
2022-09-20 13:21:00+00:00,30051.23085761366,30066.289542524286,30048.23741898346,30051.65520105034,455
2022-09-21 01:21:00+00:00,30052.378247050186,30058.956872513125,30039.524861635,30052.643924606396,223
2022-09-21 13:21:00+00:00,30054.959042431412,30061.71385586624,30037.306221110324,30055.004721976362,222
2022-09-22 01:21:00+00:00,30053.562353977686,30062.107231036898,30041.396501725456,30053.171922280148,253
2022-09-22 13:21:00+00:00,30054.39824176058,30056.589482388026,30038.782311253966,30052.489004027135,457
2022-09-23 01:21:00+00:00,30053.774156409345,30073.40744213337,30045.40116586328,30053.63933242581,258
2022-09-23 13:21:00+00:00,30053.646990440324,30058.62245626309,30044.606776234003,30052.799773714494,616
2022-09-24 01:21:00+00:00,30054.78558219857,30071.93641378148,30044.728330067257,30053.64042634173,844
2022-09-24 13:21:00+00:00,30057.16913259842,30057.834557950977,30046.620679414955,30057.35648453106,617
2022-09-25 01:21:00+00:00,30057.216877708204,30072.13981719606,30039.066423262528,30057.569933831997,646
2022-09-25 13:21:00+00:00,30056.955039867982,30063.743300888582,30046.373405908733,30055.718441578076,116
2022-09-26 01:21:00+00:00,30055.773315944083,30060.30440992258,30052.899796410366,30054.29185030994,652
2022-09-26 13:21:00+00:00,30056.488618076917,30068.557668649148,30039.502454851674,30057.79108029531,603
2022-09-27 01:21:00+00:00,30057.06294511688,30074.976927159983,30041.941471429313,30056.105000707368,741
2022-09-27 13:21:00+00:00,30056.355509967678,30056.697520772355,30054.338577624414,30057.63070861949,241
2022-09-28 01:21:00+00:00,30056.070083455044,30057.349595320033,30048.16023005923,30054.96249767249,233
2022-09-28 13:21:00+00:00,30056.779325721152,30071.51764425379,30048.902700363105,30057.243012925104,652
2022-09-29 01:21:00+00:00,30056.570873583267,30069.546309922436,30041.24838419277,30055.94787746144,668
2022-09-29 13:21:00+00:00,30056.594241826944,30061.281189550424,30049.740699898597,30056.48466806196,553
2022-09-30 01:21:00+00:00,30055.756551443366,30058.476346799107,30046.69581712314,30055.457633733695,266
2022-09-30 13:21:00+00:00,30056.75929340976,30065.06591467283,30041.762463493156,30057.265920483806,444
2022-10-01 01:21:00+00:00,30057.421737282482,30060.24076900919,30040.817650589364,30056.87916260822,866
2022-10-01 13:21:00+00:00,30057.182505577348,30068.65859744187,30056.47930452003,30058.24976761512,283
2022-10-02 01:21:00+00:00,30059.41698728853,30076.408099624387,30050.464940030142,30059.16437131516,303
2022-10-02 13:21:00+00:00,30059.203108869802,30069.15323584137,30057.705288561807,30060.06096952483,757
2022-10-03 01:21:00+00:00,30058.649663711818,30067.72715183556,30039.46467945839,30058.66903542066,909
2022-10-03 13:21:00+00:00,30059.49541904186,30069.51500985206,30047.196646872068,30059.735198041293,859
2022-10-04 01:21:00+00:00,30058.53541839001,30061.6518053901,30056.356288740546,30058.501332941963,674
2022-10-04 13:21:00+00:00,30057.533656475076,30074.08287253135,30046.49164797333,30059.02105539408,336
2022-10-05 01:21:00+00:00,30059.15508040107,30064.88932440905,30043.61474815628,30060.869601360326,612
2022-10-05 13:21:00+00:00,30060.098848842485,30069.611308381336,30041.22832048737,30059.366677807942,785
2022-10-06 01:21:00+00:00,30060.849981466145,30063.132095955367,30053.59147417413,30060.622577341317,363
2022-10-06 13:21:00+00:00,30061.380596154377,30063.21173821485,30042.69690622653,30062.19194073327,114
2022-10-07 01:21:00+00:00,30061.695100939454,30066.823622253058,30056.21845151686,30060.885266376263,784
2022-10-07 13:21:00+00:00,30061.472993389496,30079.029765770403,30060.50679485187,30061.884681719835,810
2022-10-08 01:21:00+00:00,30061.79493515361,30070.983869905263,30057.028352862257,30061.018733214336,529
2022-10-08 13:21:00+00:00,30064.031750238006,30083.343732211204,30060.150978073103,30063.316651896326,193
2022-10-09 01:21:00+00:00,30062.965976497664,30079.999808739107,30045.27529902315,30062.859420831406,383
2022-10-09 13:21:00+00:00,30062.670095976653,30071.032873173714,30053.119088047115,30064.713850180626,322
2022-10-10 01:21:00+00:00,30062.71617092417,30079.932932691798,30043.480601261937,30064.171524514273,707
2022-10-10 13:21:00+00:00,30061.34081376275,30066.312561499588,30045.345965699315,30060.456598488483,431
2022-10-11 01:21:00+00:00,30061.53092849648,30064.551045765962,30056.95934430245,30060.382940463962,347
2022-10-11 13:21:00+00:00,30061.330201915607,30076.123285806705,30048.542734736755,30062.538118311808,540
2022-10-12 01:21:00+00:00,30060.67309243036,30077.69171584689,30053.329954770077,30061.03852927745,511
2022-10-12 13:21:00+00:00,30060.990460892586,30077.56296347277,30041.042984710097,30060.105334499254,604
2022-10-13 01:21:00+00:00,30060.531826653645,30075.354078241387,30055.055292678142,30059.938656624712,983
2022-10-13 13:21:00+00:00,30061.119040184094,30079.15327650945,30055.2038717483,30061.668566422366,976
2022-10-14 01:21:00+00:00,30061.266861960736,30073.14432753316,30049.787053465552,30060.88984459874,295
2022-10-14 13:21:00+00:00,30060.479750597064,30068.685411919232,30047.96052304312,30061.40258929561,537
2022-10-15 01:21:00+00:00,30060.7302652398,30062.343469858526,30059.970404457486,30060.788023234414,131
2022-10-15 13:21:00+00:00,30059.842547132426,30066.655802483812,30040.43360748502,30060.195093163526,223
2022-10-16 01:21:00+00:00,30059.51938356353,30078.404179351426,30058.52759949912,30061.02805390195,848
2022-10-16 13:21:00+00:00,30058.316263096614,30073.913025118076,30047.87717053997,30057.91996775838,444
2022-10-17 01:21:00+00:00,30059.774293061077,30067.477560605254,30058.81229402662,30059.575412007336,665
2022-10-17 13:21:00+00:00,30060.10923328692,30070.49979023726,30058.731590386593,30059.572497590332,664
2022-10-18 01:21:00+00:00,30060.55831011582,30067.30330746847,30044.321927017987,30058.411930169506,528
2022-10-18 13:21:00+00:00,30059.259720055492,30064.697931288087,30057.576085514396,30059.011816829963,107
2022-10-19 01:21:00+00:00,30059.456280440583,30063.723813212742,30057.17335123065,30059.01861998207,800
2022-10-19 13:21:00+00:00,30059.821035063713,30068.43126936772,30043.778323794242,30059.021961970975,743
2022-10-20 01:21:00+00:00,30059.79052203812,30059.828434613937,30050.893335056015,30060.171723673015,984
2022-10-20 13:21:00+00:00,30057.16482765623,30065.48044412085,30046.70161467931,30058.23791265651,631
2022-10-21 01:21:00+00:00,30057.98221691681,30070.87719311074,30043.296001730418,30057.64611878587,134
2022-10-21 13:21:00+00:00,30059.636355724047,30077.984768600327,30057.25015412875,30058.91525989015,207
2022-10-22 01:21:00+00:00,30058.932448810767,30075.98464467325,30052.31086094387,30059.82463473177,841
2022-10-22 13:21:00+00:00,30058.602764126616,30068.049062548704,30047.889153871773,30060.806618398936,556
2022-10-23 01:21:00+00:00,30057.688560382012,30071.89190202555,30042.78816486518,30058.278259379713,862
2022-10-23 13:21:00+00:00,30058.32990029832,30061.123707273928,30043.07445618022,30058.334204370844,330
2022-10-24 01:21:00+00:00,30056.88432113788,30074.558253956806,30041.341766659578,30059.30596334214,285
2022-10-24 13:21:00+00:00,30057.936243539694,30072.574857018742,30050.311177558677,30059.22143966649,164
2022-10-25 01:21:00+00:00,30057.511887384408,30062.968772892393,30055.813571798248,30058.18454278874,390
2022-10-25 13:21:00+00:00,30056.44557189702,30060.337988602936,30046.834663495556,30056.515224662147,553
2022-10-26 01:21:00+00:00,30057.48674962978,30068.256238859594,30039.18578447419,30058.228932010963,370
2022-10-26 13:21:00+00:00,30056.90697999812,30059.397239839767,30039.135917131724,30056.291301161225,200
2022-10-27 01:21:00+00:00,30056.739374731143,30068.10942648717,30056.501095668005,30054.7597108728,781
2022-10-27 13:21:00+00:00,30059.612458458,30071.821241069167,30048.378447605355,30059.18083625774,472
2022-10-28 01:21:00+00:00,30058.597442833307,30074.56443932475,30058.222725478812,30057.073561171303,519
2022-10-28 13:21:00+00:00,30059.44630331558,30064.920514355865,30042.214620879146,30058.48550973078,665
2022-10-29 01:21:00+00:00,30057.76035631304,30076.630462418016,30055.12596670503,30058.87031052471,375
2022-10-29 13:21:00+00:00,30057.28430502843,30059.092756979982,30056.650569465102,30058.348367944654,854
2022-10-30 01:21:00+00:00,30057.36729175434,30059.698676129978,30043.360252097304,30056.75431468998,201
2022-10-30 13:21:00+00:00,30057.326106048586,30064.19085152573,30038.38027339199,30057.66349875272,641
2022-10-31 01:21:00+00:00,30055.713359868598,30074.259187538228,30052.04126192049,30055.778411354495,865
2022-10-31 13:21:00+00:00,30056.810311418903,30075.773246557645,30055.033064588235,30057.004613986184,739
2022-11-01 01:21:00+00:00,30056.862242541298,30062.127088382873,30046.616132525476,30058.29585502856,886
2022-11-01 13:21:00+00:00,30055.422431692437,30064.635756732197,30039.163425793726,30056.26306195384,718
2022-11-02 01:21:00+00:00,30057.11006551361,30076.868033802504,30040.48078027172,30058.300889222046,421
2022-11-02 13:21:00+00:00,30057.187661302356,30075.691607474004,30044.70432902282,30059.216787544454,701
2022-11-03 01:21:00+00:00,30056.68169708593,30059.586587799295,30048.016116849063,30057.440823760404,950
2022-11-03 13:21:00+00:00,30056.632156704472,30063.46332161258,30039.819608383048,30055.351923406575,677
2022-11-04 01:21:00+00:00,30058.013861613268,30058.488379960276,30053.772973769563,30056.28035938603,286
2022-11-04 13:21:00+00:00,30058.767437250175,30065.642532827394,30048.165307787687,30058.922313767147,843
2022-11-05 01:21:00+00:00,30058.382208411673,30067.11312034432,30053.878399783196,30060.801785096868,930
2022-11-05 13:21:00+00:00,30059.098350293323,30063.493546134807,30047.751527543092,30057.986972008483,491
2022-11-06 01:21:00+00:00,30058.076498391536,30074.404130519408,30046.256434736966,30057.14304991692,423
2022-11-06 13:21:00+00:00,30057.998587082984,30065.201354502922,30048.85725456314,30057.482887760314,478
2022-11-07 01:21:00+00:00,30056.736577026586,30067.65913893783,30042.792441847392,30055.340666585307,794
2022-11-07 13:21:00+00:00,30056.24267327067,30058.064171961476,30042.598903118454,30056.674701037875,974
2022-11-08 01:21:00+00:00,30054.510399172796,30068.53851048616,30035.284737011447,30053.382733457704,110
2022-11-08 13:21:00+00:00,30054.243188733315,30070.52252954624,30049.884548985105,30054.2991683401,981
2022-11-09 01:21:00+00:00,30055.075336239668,30066.747036656474,30037.699971374586,30054.56956706109,547
2022-11-09 13:21:00+00:00,30055.742378620438,30062.46373097563,30044.98512466711,30053.732014034304,371
2022-11-10 01:21:00+00:00,30055.62855583754,30070.92284793909,30049.72996010162,30056.568580827505,290
2022-11-10 13:21:00+00:00,30055.367098376275,30067.299098593518,30035.853260042368,30055.88677142848,960
2022-11-11 01:21:00+00:00,30055.38103227227,30062.970125605047,30035.51545214937,30056.253027528863,842
2022-11-11 13:21:00+00:00,30055.704496120165,30056.541828917045,30045.38193344661,30054.421711480587,798
2022-11-12 01:21:00+00:00,30054.51133401283,30057.679717691266,30051.475976586167,30056.00864375906,209
2022-11-12 13:21:00+00:00,30055.958010692433,30070.91259811079,30036.174427478156,30055.774124402404,621
2022-11-13 01:21:00+00:00,30055.194559499094,30074.397301707235,30051.944141271157,30055.05134309324,234
2022-11-13 13:21:00+00:00,30055.920375050307,30072.311875649884,30045.060404626973,30056.624966231062,369
2022-11-14 01:21:00+00:00,30055.962680045202,30066.076973176718,30037.32796070806,30056.205349976644,814
2022-11-14 13:21:00+00:00,30055.19273363472,30068.849239426996,30053.873018456405,30054.695384020426,593
2022-11-15 01:21:00+00:00,30054.78765712791,30058.476139478982,30039.20375611516,30055.299719620998,878
2022-11-15 13:21:00+00:00,30055.752661466442,30071.662694155035,30049.349793770038,30056.61547277592,642
2022-11-16 01:21:00+00:00,30055.969131772265,30069.414164406124,30044.241059073396,30056.198561950507,764
2022-11-16 13:21:00+00:00,30058.92442264367,30059.279305765576,30054.260758005737,30059.13315776468,718
2022-11-17 01:21:00+00:00,30059.187795811813,30075.787319225034,30051.586604335644,30059.71036229188,172
2022-11-17 13:21:00+00:00,30058.137154214586,30067.348292569466,30042.120704033307,30058.74873859985,748
2022-11-18 01:21:00+00:00,30058.22401011014,30076.598794956655,30049.44655657942,30058.23290482672,550
2022-11-18 13:21:00+00:00,30058.089484934517,30059.89754975709,30046.084009828246,30057.152524492416,781
2022-11-19 01:21:00+00:00,30058.356696654577,30071.443192776573,30044.596865311894,30058.041361296062,307
2022-11-19 13:21:00+00:00,30060.294810419047,30075.08470306183,30045.69638863323,30057.732431596236,355
2022-11-20 01:21:00+00:00,30060.02455450225,30072.579204805203,30056.527902087757,30060.520541791095,122
2022-11-20 13:21:00+00:00,30061.28475128457,30074.62377170116,30041.448808977028,30061.627020060354,189
2022-11-21 01:21:00+00:00,30061.754366239402,30065.989689382146,30049.46803801368,30064.023112971176,378
2022-11-21 13:21:00+00:00,30064.104727187052,30074.70402173021,30048.86231177941,30064.608855204286,606
2022-11-22 01:21:00+00:00,30064.569841877037,30076.396097377798,30063.9630331668,30061.926366636548,419
2022-11-22 13:21:00+00:00,30064.041817887242,30066.56610242909,30048.79169522475,30063.05149384252,901
2022-11-23 01:21:00+00:00,30063.14271812391,30073.310464843238,30054.838870646243,30062.653013422165,732
2022-11-23 13:21:00+00:00,30063.19672456591,30069.405703638815,30050.133850524628,30063.46330697082,372
2022-11-24 01:21:00+00:00,30061.87238135895,30071.779328937762,30052.732971428286,30063.13026169709,681
2022-11-24 13:21:00+00:00,30061.88525040212,30069.81950399107,30053.83180855875,30062.04616307457,739
2022-11-25 01:21:00+00:00,30063.4529285083,30081.051945727402,30045.904202073023,30063.075611740835,407
2022-11-25 13:21:00+00:00,30065.20737408804,30079.056984685885,30061.153304337342,30065.619486546235,416
2022-11-26 01:21:00+00:00,30064.869250802527,30078.75806699151,30050.874322738906,30065.532115942748,141
2022-11-26 13:21:00+00:00,30066.64603780364,30083.576502095504,30065.720983925254,30065.353442037715,168
2022-11-27 01:21:00+00:00,30065.153676004535,30075.708106128786,30047.8626626238,30065.078529899045,364
2022-11-27 13:21:00+00:00,30064.45484307976,30070.030120883155,30047.536965939442,30064.691349121902,323
2022-11-28 01:21:00+00:00,30064.368935254217,30069.38720340992,30052.715878944495,30065.998896397174,902
2022-11-28 13:21:00+00:00,30061.957067623844,30078.281421989002,30055.715489541697,30060.124514596802,633
2022-11-29 01:21:00+00:00,30060.301225099538,30078.08602405687,30060.16523127224,30056.817780647536,390
2022-11-29 13:21:00+00:00,30060.994063268925,30071.563011108083,30053.913128535027,30060.50105376952,980
2022-11-30 01:21:00+00:00,30061.41484607193,30061.99785615705,30046.916425573487,30061.034053849915,844
2022-11-30 13:21:00+00:00,30061.099057892607,30064.616107189468,30046.41775668544,30061.133986837795,954
2022-12-01 01:21:00+00:00,30061.705293559105,30078.137130520136,30054.381965353223,30063.469115068157,650
2022-12-01 13:21:00+00:00,30061.30108708051,30069.39658340595,30041.61799183899,30060.925185697695,450
2022-12-02 01:21:00+00:00,30062.315689155348,30077.786611822634,30055.342647244834,30063.581075479815,452
2022-12-02 13:21:00+00:00,30062.19577412944,30073.628142686164,30051.443158989634,30060.880923580888,193
2022-12-03 01:21:00+00:00,30061.366001668823,30073.204791529097,30054.453952482552,30061.8109612061,650
2022-12-03 13:21:00+00:00,30062.2413508929,30066.38847507813,30054.187164745195,30062.853445267763,679
2022-12-04 01:21:00+00:00,30062.118237436836,30072.762840143147,30044.967443801073,30060.86787938676,831
2022-12-04 13:21:00+00:00,30061.831267849935,30064.421897522923,30050.88590134971,30062.101276773516,585
2022-12-05 01:21:00+00:00,30062.420097166145,30067.809504016255,30049.32489783226,30059.823146438248,150
2022-12-05 13:21:00+00:00,30062.19937358783,30081.804626113983,30054.821328549562,30062.129912788805,819
2022-12-06 01:21:00+00:00,30062.637013444844,30079.54537685888,30054.54970326171,30062.874188209335,536
2022-12-06 13:21:00+00:00,30062.45295676786,30071.72542615354,30047.92173160905,30062.863842616476,266
2022-12-07 01:21:00+00:00,30061.66862293359,30066.73480773085,30059.928821085225,30062.83382665602,105
2022-12-07 13:21:00+00:00,30061.640243919417,30065.349843804564,30045.336133342942,30061.563681452124,506
2022-12-08 01:21:00+00:00,30061.047707897415,30075.53052558513,30048.012779911038,30061.69339625344,217
2022-12-08 13:21:00+00:00,30062.972410957922,30076.445521375656,30052.413390667094,30062.91568546194,705
2022-12-09 01:21:00+00:00,30064.720921339427,30074.46078679477,30058.150725833362,30065.684276189524,598
2022-12-09 13:21:00+00:00,30062.396142305068,30072.10063101396,30061.14002694039,30060.562798235303,249
2022-12-10 01:21:00+00:00,30062.252445539452,30077.10713942411,30050.126799258,30062.927007939536,292
2022-12-10 13:21:00+00:00,30062.431896260507,30075.115171953013,30049.84613599404,30062.198080508577,869
2022-12-11 01:21:00+00:00,30063.09762982136,30064.64501168736,30058.11318956321,30064.4485397927,281
2022-12-11 13:21:00+00:00,30063.272965242715,30082.40419666846,30048.595858063647,30064.479082248585,144
2022-12-12 01:21:00+00:00,30064.111267521268,30073.463177675174,30054.861260519054,30065.787521738217,320
2022-12-12 13:21:00+00:00,30064.424169794438,30079.83884490169,30051.94197797183,30065.28252649193,210
2022-12-13 01:21:00+00:00,30064.911314539666,30083.035752699296,30060.61029816475,30066.424102917837,705
2022-12-13 13:21:00+00:00,30065.617994798555,30069.911520863487,30061.166159602042,30065.33945827719,543
2022-12-14 01:21:00+00:00,30065.76402148972,30076.678676096843,30061.723411246603,30064.860360227703,379
2022-12-14 13:21:00+00:00,30065.680444851427,30081.471159157165,30060.16820005379,30065.751211061044,703
2022-12-15 01:21:00+00:00,30065.928812428905,30068.315319790272,30057.918464600112,30065.867915173443,770
2022-12-15 13:21:00+00:00,30066.519037609192,30080.24987476344,30066.313687107686,30066.83790331726,674
2022-12-16 01:21:00+00:00,30066.898408287023,30071.189711578492,30065.723496166633,30067.6403399468,687
2022-12-16 13:21:00+00:00,30067.006567275686,30074.712299104754,30064.1310549204,30065.62450760207,326
2022-12-17 01:21:00+00:00,30067.69314431415,30083.007895541876,30060.005603668065,30067.603515379593,852
2022-12-17 13:21:00+00:00,30065.69410779555,30079.814619503843,30056.92769354835,30065.817220093657,248
2022-12-18 01:21:00+00:00,30065.470884660994,30082.275876337535,30053.093368996706,30064.957325015115,655
2022-12-18 13:21:00+00:00,30066.295583123465,30075.52327206639,30065.331366619586,30068.314517055256,413
2022-12-19 01:21:00+00:00,30066.23508874192,30072.650839479327,30061.067559323095,30065.716034985224,347
2022-12-19 13:21:00+00:00,30066.974772191257,30076.101743019204,30063.377495148092,30065.014312207328,772
2022-12-20 01:21:00+00:00,30067.11155937719,30070.77643067226,30051.892005781592,30066.659878840463,369
2022-12-20 13:21:00+00:00,30066.315849267048,30066.902764389753,30060.284020819523,30067.176796660096,986
2022-12-21 01:21:00+00:00,30067.104590579205,30074.874791448394,30050.85205781682,30066.910085048534,905
2022-12-21 13:21:00+00:00,30068.510212888843,30084.879059434792,30061.18229700988,30067.790760497253,355
2022-12-22 01:21:00+00:00,30066.019709847187,30072.57094501894,30053.799286108595,30068.24949770359,601
2022-12-22 13:21:00+00:00,30064.650406841298,30064.793674046206,30053.69788301207,30063.614960321316,653
2022-12-23 01:21:00+00:00,30065.874102807615,30066.098814465786,30059.082124824694,30066.60400589478,791
2022-12-23 13:21:00+00:00,30065.435374535336,30081.96852456066,30054.45135876511,30067.182741205866,408
2022-12-24 01:21:00+00:00,30064.601276715122,30077.8783150774,30045.90396641932,30066.263153805005,608
2022-12-24 13:21:00+00:00,30064.091282612942,30070.6220956195,30055.821822585385,30065.541070019877,375
2022-12-25 01:21:00+00:00,30063.533351698476,30077.79002054126,30059.057071519033,30065.27581985314,246
2022-12-25 13:21:00+00:00,30062.31801510314,30071.08829179172,30061.539880367898,30063.182761168267,434
2022-12-26 01:21:00+00:00,30061.53485059153,30065.391029948056,30043.452783450786,30062.88339819082,746
2022-12-26 13:21:00+00:00,30059.757259122172,30079.345562282368,30040.937942074263,30060.667203465564,114
2022-12-27 01:21:00+00:00,30060.453916119608,30066.05125252388,30051.67579022391,30060.710353929484,840
2022-12-27 13:21:00+00:00,30060.368173589493,30068.808432174876,30045.27933238919,30058.316752981165,294
2022-12-28 01:21:00+00:00,30059.720923814406,30063.09505605464,30045.0620284085,30060.714120147713,994
2022-12-28 13:21:00+00:00,30058.66909832507,30064.47800251785,30038.89131470732,30059.929942491734,726
2022-12-29 01:21:00+00:00,30058.77698010384,30073.99888377172,30039.527994983513,30056.438601369555,323
2022-12-29 13:21:00+00:00,30059.32540305216,30067.21309248451,30044.095150232137,30057.461442547457,535
2022-12-30 01:21:00+00:00,30059.242735018375,30075.697668217315,30046.91184370851,30059.386850355306,531
2022-12-30 13:21:00+00:00,30058.674952721576,30075.20577654831,30056.54261609241,30058.54188382188,456
2022-12-31 01:21:00+00:00,30059.066719527447,30072.90373940667,30055.78402837725,30060.525993682302,364
2022-12-31 13:21:00+00:00,30058.47089636393,30073.75247673278,30043.288142396137,30057.603983186847,718
2023-01-01 01:21:00+00:00,30058.836560687563,30066.726723164033,30053.41898940048,30060.271912223518,859
2023-01-01 13:21:00+00:00,30057.85010032191,30065.918142997223,30040.344487449966,30057.729052185718,754
2023-01-02 01:21:00+00:00,30058.147340642936,30060.331943989353,30039.498607290996,30056.396069441915,617
2023-01-02 13:21:00+00:00,30058.614518664537,30072.192939335717,30049.62189018701,30057.3642524017,522
2023-01-03 01:21:00+00:00,30057.66064550711,30058.769048879214,30053.624724648926,30057.228916388667,938
2023-01-03 13:21:00+00:00,30058.33999312305,30065.394083975254,30049.325980771016,30058.75888682547,968
2023-01-04 01:21:00+00:00,30060.123814976505,30076.989798638402,30055.14491974879,30060.286098464556,524
2023-01-04 13:21:00+00:00,30060.38872058131,30061.071650721096,30043.969444379414,30059.01116962057,975
2023-01-05 01:21:00+00:00,30060.00903590553,30068.28532428727,30056.38338605896,30060.32092045061,780
2023-01-05 13:21:00+00:00,30059.93208839012,30071.147288816614,30048.589984218677,30058.51490810067,178
2023-01-06 01:21:00+00:00,30060.743213361966,30065.22599563008,30041.167391596235,30058.563369207353,326
2023-01-06 13:21:00+00:00,30060.107067997844,30065.179787137004,30046.846392859916,30058.76096670912,901
2023-01-07 01:21:00+00:00,30061.770901934266,30076.33915936885,30059.23970796678,30062.55579287856,413
2023-01-07 13:21:00+00:00,30060.29912772264,30068.66867276879,30044.480573241228,30059.550070615514,944
2023-01-08 01:21:00+00:00,30060.909727451464,30077.001667239263,30048.91180144462,30059.764639047415,629
2023-01-08 13:21:00+00:00,30061.000999652242,30073.51798695714,30050.398727024618,30062.30209015159,465
2023-01-09 01:21:00+00:00,30059.73504477615,30063.135705480738,30058.031209553155,30059.96295837957,577
2023-01-09 13:21:00+00:00,30058.49373592259,30074.25273243567,30046.843679292942,30058.802494751708,935
2023-01-10 01:21:00+00:00,30057.252761799904,30060.47455488665,30055.60708635629,30057.1325565193,577
2023-01-10 13:21:00+00:00,30058.6347665038,30068.146664695192,30051.594755293845,30057.443768349356,197
2023-01-11 01:21:00+00:00,30058.675591789368,30077.87394132309,30046.358133077687,30059.709446460834,306
2023-01-11 13:21:00+00:00,30059.302938837413,30077.692607431556,30041.090867165676,30059.22198848586,368
2023-01-12 01:21:00+00:00,30060.543552600873,30073.346864419425,30059.969868350086,30061.116190762703,813
2023-01-12 13:21:00+00:00,30059.87307928979,30071.562605240564,30050.307606837225,30058.693211049387,197
2023-01-13 01:21:00+00:00,30058.964319244747,30063.202794875557,30055.82462700052,30060.382445448806,170
2023-01-13 13:21:00+00:00,30058.665038430172,30069.52616699522,30054.8304668246,30056.992780082255,463
2023-01-14 01:21:00+00:00,30056.624827527572,30065.7706784599,30045.32646640146,30056.489541256087,150
2023-01-14 13:21:00+00:00,30056.09039783156,30066.953850891463,30037.278052248366,30055.779849618775,836
2023-01-15 01:21:00+00:00,30055.675786821055,30068.247500246653,30037.455003699393,30056.818414574947,720
2023-01-15 13:21:00+00:00,30056.434188970794,30066.811179204517,30037.34889380061,30057.66174711639,737
2023-01-16 01:21:00+00:00,30056.775133226587,30072.81411768225,30051.10414306217,30057.780972551936,319
2023-01-16 13:21:00+00:00,30056.657987107406,30066.46563265506,30049.625604081495,30058.597977761005,640
2023-01-17 01:21:00+00:00,30056.283525468643,30060.206382599295,30054.237699174253,30056.32082442577,858
2023-01-17 13:21:00+00:00,30057.210257055653,30058.167509822433,30047.51010129679,30055.50350423681,700
2023-01-18 01:21:00+00:00,30057.77532367047,30059.778571258972,30046.25542127307,30057.794099895982,558
2023-01-18 13:21:00+00:00,30057.54640800736,30069.435812534302,30039.303273297388,30057.995911444254,636
2023-01-19 01:21:00+00:00,30057.814345125866,30065.666379349397,30039.481475383516,30059.03755845512,628
2023-01-19 13:21:00+00:00,30058.20418359391,30075.55492552417,30053.302605143705,30059.14267593398,931
2023-01-20 01:21:00+00:00,30057.772331135842,30063.82290592222,30041.227066876803,30058.426987426214,826
2023-01-20 13:21:00+00:00,30058.55116464292,30069.283802400936,30045.851765844523,30059.677197633253,557
2023-01-21 01:21:00+00:00,30059.550443117823,30075.974000151404,30044.27003660743,30058.82567655118,920
2023-01-21 13:21:00+00:00,30058.674836210525,30070.66454473711,30043.921691628926,30059.453768358715,995
2023-01-22 01:21:00+00:00,30057.240470086817,30069.283423972858,30055.32218522811,30058.34400602863,826
2023-01-22 13:21:00+00:00,30056.29451028371,30073.749906462774,30052.86905891565,30055.174275142042,869
2023-01-23 01:21:00+00:00,30056.93845624405,30063.467087460187,30046.00458198098,30058.089119687942,969
2023-01-23 13:21:00+00:00,30056.446469247632,30060.27529382635,30045.51400503411,30057.386978731196,742
2023-01-24 01:21:00+00:00,30057.704355244176,30075.104873835327,30046.02169233641,30059.004760594784,685
2023-01-24 13:21:00+00:00,30055.94943405195,30067.004258596033,30039.09732169957,30056.21924624501,764
2023-01-25 01:21:00+00:00,30055.414692141592,30055.640220740843,30052.38780559865,30056.99746948095,285
2023-01-25 13:21:00+00:00,30055.718749937736,30065.10929753071,30041.503058188322,30054.608704306927,168
2023-01-26 01:21:00+00:00,30054.59638712044,30056.52141313583,30047.109754675726,30054.209537769595,842
2023-01-26 13:21:00+00:00,30055.58554829829,30073.74975850821,30050.33943154508,30057.25433369775,267
2023-01-27 01:21:00+00:00,30054.895601851247,30074.58419910776,30046.329991860388,30055.81428662106,206
2023-01-27 13:21:00+00:00,30057.23192947817,30063.17033356303,30051.113351226923,30058.212548566757,533
2023-01-28 01:21:00+00:00,30057.39995675333,30076.62662943743,30050.859300874305,30057.564887569904,128
2023-01-28 13:21:00+00:00,30057.39268621126,30061.312242555705,30054.43242144422,30056.850501910307,965
2023-01-29 01:21:00+00:00,30056.923143756783,30058.695906615474,30052.16752204218,30057.215420170298,115
2023-01-29 13:21:00+00:00,30056.600951807384,30066.86873630425,30046.364621042696,30056.9439222451,671
2023-01-30 01:21:00+00:00,30058.89530372543,30068.622895986966,30046.14684969448,30059.10057821079,443
2023-01-30 13:21:00+00:00,30057.412473964043,30060.31901849733,30056.530216708914,30057.52472031531,170
2023-01-31 01:21:00+00:00,30056.45697843104,30056.572211985418,30046.139395611208,30057.44499489831,768
2023-01-31 13:21:00+00:00,30057.570721669683,30072.98428658894,30044.766402078407,30057.7708333183,344
2023-02-01 01:21:00+00:00,30058.270981227168,30070.83205728792,30049.339013924666,30057.889257673425,684
2023-02-01 13:21:00+00:00,30058.175219738245,30075.9594157945,30045.161429674,30057.97445265981,427
2023-02-02 01:21:00+00:00,30058.901296189237,30075.085655118633,30057.08624006771,30060.194099426193,463
2023-02-02 13:21:00+00:00,30059.95626459486,30065.52244309168,30051.245383790607,30060.57890282101,838
2023-02-03 01:21:00+00:00,30059.886904234983,30060.521527602123,30040.375699351498,30060.07855662916,881
2023-02-03 13:21:00+00:00,30060.26121528846,30073.802724891757,30050.13758485773,30060.507032163987,456
2023-02-04 01:21:00+00:00,30059.35324699664,30077.213699263993,30042.621674466045,30061.465863204037,699
2023-02-04 13:21:00+00:00,30059.01563950402,30076.23361938752,30042.765443149157,30059.217867219522,629
2023-02-05 01:21:00+00:00,30058.921303322204,30066.07814058919,30045.605077407457,30058.822904132474,724
2023-02-05 13:21:00+00:00,30058.55566463564,30067.971528911137,30044.335608681216,30061.05878316375,381
2023-02-06 01:21:00+00:00,30058.81554484837,30072.401233521345,30056.216767725826,30057.23880087964,483
2023-02-06 13:21:00+00:00,30057.383724946405,30058.03042076642,30049.454900711306,30057.646875520157,630
2023-02-07 01:21:00+00:00,30056.78820939533,30069.639572984575,30038.65878537206,30057.6909880725,914
2023-02-07 13:21:00+00:00,30058.2722262126,30073.284520022455,30053.48970497332,30058.03531544484,541
2023-02-08 01:21:00+00:00,30057.650052631896,30075.558571370817,30046.152633707767,30059.60286276676,636
2023-02-08 13:21:00+00:00,30056.190731768573,30073.251746260587,30044.018939187175,30056.007144888023,949
2023-02-09 01:21:00+00:00,30056.164267720746,30058.333914144187,30054.193953621205,30057.671082826582,972
2023-02-09 13:21:00+00:00,30056.669496711515,30066.508143293824,30038.567242830624,30058.125795754175,726
2023-02-10 01:21:00+00:00,30057.90558496103,30068.13343145899,30038.53278923467,30058.831845521374,392
2023-02-10 13:21:00+00:00,30056.82968053675,30075.51677766364,30042.131637753548,30057.162234479187,705
2023-02-11 01:21:00+00:00,30058.423261545835,30059.670043157268,30055.700599984008,30058.315003156848,697
2023-02-11 13:21:00+00:00,30059.515140699208,30059.66743379428,30056.47316501254,30059.995087083324,861
2023-02-12 01:21:00+00:00,30059.29272223036,30077.715065930544,30058.781828964795,30058.300734308832,422
2023-02-12 13:21:00+00:00,30058.354632832674,30076.424995886282,30049.298772807957,30057.00742069785,298
2023-02-13 01:21:00+00:00,30058.722281920618,30070.18375887898,30042.057148845368,30058.56025472301,159
2023-02-13 13:21:00+00:00,30059.975639736855,30074.014669623903,30053.781431808453,30060.066980367785,790
2023-02-14 01:21:00+00:00,30059.704541140993,30073.032112660283,30055.658148377595,30060.303189951108,311
2023-02-14 13:21:00+00:00,30060.468521984712,30079.88943488081,30041.71274612124,30059.52313493568,277
2023-02-15 01:21:00+00:00,30059.449431941757,30067.854290512052,30056.41343268875,30059.42351035756,590
2023-02-15 13:21:00+00:00,30058.156288005277,30074.583248667244,30041.971373098473,30057.57821303748,843
2023-02-16 01:21:00+00:00,30058.091463156412,30058.180074983804,30053.660999389125,30057.13340173412,365
2023-02-16 13:21:00+00:00,30058.418588056833,30064.736653749787,30052.316364766444,30058.610762591987,225
2023-02-17 01:21:00+00:00,30058.589507543405,30075.908337759403,30045.051075324485,30059.809323118807,412
2023-02-17 13:21:00+00:00,30058.537588254214,30071.210499817364,30050.30902021555,30059.091406018888,442
2023-02-18 01:21:00+00:00,30058.42153992063,30076.483465650243,30051.800320455142,30059.177569253472,333
2023-02-18 13:21:00+00:00,30059.28125785379,30066.374342141127,30042.60164874191,30059.45519769151,656
2023-02-19 01:21:00+00:00,30058.078214124307,30063.55496094404,30043.39170905509,30057.62264996782,773
2023-02-19 13:21:00+00:00,30057.83153105993,30075.22927488902,30051.71339286679,30057.33637995072,913
2023-02-20 01:21:00+00:00,30058.027937285457,30067.256794214492,30049.500170628013,30057.038338692357,609
2023-02-20 13:21:00+00:00,30057.47796356658,30073.63622170876,30053.689993319247,30058.02307503878,138
2023-02-21 01:21:00+00:00,30060.52110790957,30080.0679674481,30049.12567120819,30059.999015051988,992
2023-02-21 13:21:00+00:00,30060.354309287068,30070.22244293357,30049.624008817536,30059.754121338166,459
2023-02-22 01:21:00+00:00,30060.704663980443,30064.70275591193,30048.128391614136,30060.423208346172,646
2023-02-22 13:21:00+00:00,30060.90593412295,30075.461538616903,30048.10593140486,30062.02908182564,396
2023-02-23 01:21:00+00:00,30058.00457690179,30064.749561686025,30054.252461107815,30057.77418393157,184
2023-02-23 13:21:00+00:00,30058.48554775482,30075.308762010947,30056.9201027955,30057.450843859406,997
2023-02-24 01:21:00+00:00,30057.303940516264,30066.136350028737,30045.92317015607,30057.832169224275,730
2023-02-24 13:21:00+00:00,30055.9653015777,30059.773230547507,30048.029481381254,30057.0548143577,885
2023-02-25 01:21:00+00:00,30054.644461756056,30070.8114740349,30047.726461294038,30053.590296276496,703
2023-02-25 13:21:00+00:00,30056.578871845857,30067.13740053994,30042.937050334305,30056.976761733382,961
2023-02-26 01:21:00+00:00,30056.33872730864,30060.887815376518,30052.16339774078,30056.91719213838,976
2023-02-26 13:21:00+00:00,30056.951231361818,30058.014089432152,30053.569028587965,30056.667124332882,781
2023-02-27 01:21:00+00:00,30057.396267893488,30066.097717652658,30048.5429398372,30056.459920356778,498
2023-02-27 13:21:00+00:00,30058.31633415162,30071.325304392052,30045.712764332024,30057.832192084843,737
2023-02-28 01:21:00+00:00,30059.28809696682,30072.08439231912,30040.07916607939,30060.31297871257,542
2023-02-28 13:21:00+00:00,30059.604707888386,30069.51114503366,30056.004413460425,30060.043524130644,289
2023-03-01 01:21:00+00:00,30058.604449246875,30074.315341572983,30054.991763199127,30059.292160334575,117
2023-03-01 13:21:00+00:00,30061.474964367804,30063.79220244807,30042.45731725983,30060.863875713927,833
2023-03-02 01:21:00+00:00,30060.866989676786,30074.11523787046,30043.351928526237,30060.76425826999,719
2023-03-02 13:21:00+00:00,30061.718998658864,30071.71874180774,30053.75643022759,30061.301000209227,357
2023-03-03 01:21:00+00:00,30061.632715096883,30067.934677165424,30060.2386864165,30060.546352722744,431
2023-03-03 13:21:00+00:00,30059.68815784295,30067.988581339843,30055.596988648882,30059.06615235322,786
2023-03-04 01:21:00+00:00,30059.653115582107,30075.36214456614,30040.9156793484,30059.900361312397,339
2023-03-04 13:21:00+00:00,30058.915657887075,30069.605685276012,30051.958153286865,30058.112961832274,140
2023-03-05 01:21:00+00:00,30058.27535432639,30071.330542826257,30053.558766011356,30058.26308169324,476
2023-03-05 13:21:00+00:00,30057.549591422885,30072.28213964947,30056.864969992323,30056.883468608296,396
2023-03-06 01:21:00+00:00,30057.003244375366,30068.67061338471,30051.948557858395,30056.313027793556,998
2023-03-06 13:21:00+00:00,30056.907713533667,30066.827175187253,30053.195205644606,30054.20623988099,754
2023-03-07 01:21:00+00:00,30056.52748758778,30056.70757483306,30055.14107683439,30056.43172092203,254
2023-03-07 13:21:00+00:00,30057.60313927944,30077.097401179853,30057.294401822932,30057.16040515933,946
2023-03-08 01:21:00+00:00,30059.360225303633,30064.303843905076,30039.9009136201,30059.023614300833,649
2023-03-08 13:21:00+00:00,30058.9657490776,30071.779009854894,30047.246088924694,30060.308388429286,207
2023-03-09 01:21:00+00:00,30060.75446358929,30068.451630083237,30044.715737842525,30061.00559928974,451
2023-03-09 13:21:00+00:00,30059.877663455994,30079.37083054888,30042.38621817798,30059.8930886942,611
2023-03-10 01:21:00+00:00,30060.18406863655,30065.33308687794,30046.818769499634,30059.29397963944,974
2023-03-10 13:21:00+00:00,30060.189631278092,30072.133836719055,30056.69632715184,30058.529508108022,198
2023-03-11 01:21:00+00:00,30059.156027642246,30069.91303165439,30042.90489089314,30058.602148353006,371
2023-03-11 13:21:00+00:00,30058.1657018401,30077.39802977513,30055.67022064538,30059.378393426407,799
2023-03-12 01:21:00+00:00,30057.84665420116,30064.067376631512,30045.340982595728,30056.7749622125,749
2023-03-12 13:21:00+00:00,30058.83947172465,30059.17225146228,30051.74986088655,30059.230718066166,523
2023-03-13 01:21:00+00:00,30060.152386395574,30070.173842560685,30053.139065820047,30060.53564553589,938
2023-03-13 13:21:00+00:00,30060.381286159816,30074.892416187777,30046.898351198142,30060.954412797153,879
2023-03-14 01:21:00+00:00,30058.82758027377,30066.762430221293,30046.05699255655,30057.566880912487,320
2023-03-14 13:21:00+00:00,30058.20157928246,30075.71058436215,30056.223862666615,30059.24691547161,695
2023-03-15 01:21:00+00:00,30057.642674270686,30061.092430102904,30042.224623094848,30057.426162839623,137
2023-03-15 13:21:00+00:00,30057.306824518713,30067.89461966161,30040.75235962908,30055.093247918972,470
2023-03-16 01:21:00+00:00,30058.166476886687,30066.095637380004,30045.884160063335,30059.72238528855,751
2023-03-16 13:21:00+00:00,30057.6317737423,30062.324584376933,30047.384555121873,30058.247132761826,198
2023-03-17 01:21:00+00:00,30057.601662449128,30077.283367769425,30042.134006491284,30058.78590357377,705
2023-03-17 13:21:00+00:00,30058.537405006708,30058.693725147616,30055.442847999035,30059.06904204332,314
2023-03-18 01:21:00+00:00,30057.948715681578,30066.81840692208,30044.20100775176,30058.939169834848,603
2023-03-18 13:21:00+00:00,30058.478874901113,30075.957927911997,30051.168472185564,30059.205490806977,412
2023-03-19 01:21:00+00:00,30058.08286168909,30071.885745093958,30042.656451289524,30057.692800730187,173
2023-03-19 13:21:00+00:00,30058.80473438636,30066.68075345427,30045.83284625961,30057.719276798638,945
2023-03-20 01:21:00+00:00,30061.079297020384,30074.473524702684,30047.47038573232,30060.237318171596,926
2023-03-20 13:21:00+00:00,30061.20422681181,30063.4198393826,30058.491811567208,30062.064558797872,990
2023-03-21 01:21:00+00:00,30060.728536002174,30061.38418705072,30059.01891677107,30062.046408560338,949
2023-03-21 13:21:00+00:00,30062.145006229533,30065.14829605499,30053.40572677599,30062.73780070046,900
2023-03-22 01:21:00+00:00,30062.336942135466,30066.377423286754,30057.992552558677,30063.23443604559,219
2023-03-22 13:21:00+00:00,30061.04665777125,30067.824571496996,30056.138502853624,30062.740043408015,759
2023-03-23 01:21:00+00:00,30060.805686601907,30065.594949189974,30058.32794764548,30060.784343679443,391
2023-03-23 13:21:00+00:00,30061.49599764338,30074.20501234295,30045.751024848432,30060.95010250086,346
2023-03-24 01:21:00+00:00,30062.956582691768,30069.6250612638,30048.03880405167,30063.244504769224,209
2023-03-24 13:21:00+00:00,30061.670639860233,30072.16259686201,30045.51867941416,30061.464587201714,263
2023-03-25 01:21:00+00:00,30061.247575924823,30064.399800803574,30057.388841002383,30060.687737776545,726
2023-03-25 13:21:00+00:00,30061.430297446015,30080.71498085047,30055.067126419548,30060.70045850277,743
2023-03-26 01:21:00+00:00,30060.96174295914,30076.627052162403,30052.346363852237,30060.018119590583,138
2023-03-26 13:21:00+00:00,30061.577082444986,30070.947817744396,30047.837486835993,30060.513122659384,959
2023-03-27 01:21:00+00:00,30062.559812209744,30078.911323657016,30046.547195590654,30062.741350876237,677
2023-03-27 13:21:00+00:00,30061.865357718056,30079.421675348643,30052.228700188367,30062.085599563376,657
2023-03-28 01:21:00+00:00,30059.06587668403,30069.758911447723,30052.84879336088,30059.13123698543,579
2023-03-28 13:21:00+00:00,30058.447393445582,30072.334204791696,30056.91167840679,30057.881787853312,103
2023-03-29 01:21:00+00:00,30058.813854427575,30073.010842463933,30051.640577822476,30059.590435098526,646
2023-03-29 13:21:00+00:00,30057.90806163608,30065.542754597445,30037.92414607907,30058.369662956316,702
2023-03-30 01:21:00+00:00,30057.179948825833,30069.678978770633,30055.41481102084,30057.17246807052,334
2023-03-30 13:21:00+00:00,30054.712798557677,30060.20766220181,30048.877860067652,30055.757220168496,393
2023-03-31 01:21:00+00:00,30055.804367233377,30061.222513890665,30044.636742241742,30056.511443051775,964
2023-03-31 13:21:00+00:00,30057.081646144157,30072.275011611957,30049.642098133656,30056.51258502479,483
2023-04-01 01:21:00+00:00,30055.370949855045,30063.981793266543,30049.931585198152,30056.862941093903,591
2023-04-01 13:21:00+00:00,30054.972148524474,30068.29926710982,30036.54557398175,30054.132433060175,974
2023-04-02 01:21:00+00:00,30056.305911247506,30074.865349602216,30037.25191215619,30055.55680736837,165
2023-04-02 13:21:00+00:00,30055.181315624824,30065.946525690644,30043.04975567885,30058.62305076913,626
2023-04-03 01:21:00+00:00,30052.3922328587,30070.934720365985,30045.190252613218,30052.54469539352,580
2023-04-03 13:21:00+00:00,30051.36208094115,30065.997251243916,30046.580003963227,30050.54529257305,702
2023-04-04 01:21:00+00:00,30051.488000639754,30068.189534385947,30034.298310283935,30050.975419025526,321
2023-04-04 13:21:00+00:00,30051.473437601147,30063.066266976213,30034.916165513332,30051.457772439615,369
2023-04-05 01:21:00+00:00,30051.386241652766,30068.541023686124,30037.38216614416,30051.819604948563,134
2023-04-05 13:21:00+00:00,30051.68319059872,30065.687277783156,30048.775569431884,30051.311481681092,852
2023-04-06 01:21:00+00:00,30051.296321577483,30053.5352479749,30032.343658134858,30050.820559607186,322
2023-04-06 13:21:00+00:00,30051.52456443882,30060.28879171382,30040.050933164766,30049.88692020571,970
2023-04-07 01:21:00+00:00,30050.048891046954,30060.78170152428,30040.570209129724,30048.762676196216,482
2023-04-07 13:21:00+00:00,30049.347094600947,30059.97491055966,30029.698813489355,30047.274601673347,823
2023-04-08 01:21:00+00:00,30048.353344561005,30061.414799969436,30030.657715451496,30049.618354962564,611
2023-04-08 13:21:00+00:00,30048.69828354911,30057.432493827775,30044.546802054167,30048.816407565395,784
2023-04-09 01:21:00+00:00,30048.04327142198,30053.838745589735,30047.6033207189,30048.70552695228,845
2023-04-09 13:21:00+00:00,30047.12321310853,30060.945357924305,30043.786302321245,30046.36416390077,979
2023-04-10 01:21:00+00:00,30047.246718038426,30063.149267467998,30045.2365666586,30048.095755585102,806
2023-04-10 13:21:00+00:00,30048.346837777375,30050.187918535936,30042.17940878511,30050.444493284976,668
2023-04-11 01:21:00+00:00,30047.366780341825,30065.174448432175,30028.765668686585,30045.827942968404,818
2023-04-11 13:21:00+00:00,30048.413778983064,30061.892126597395,30037.486672040453,30050.109270372865,708
2023-04-12 01:21:00+00:00,30049.055576276915,30063.428895922923,30032.130342223765,30049.599490849716,387
2023-04-12 13:21:00+00:00,30049.083360303,30056.251405474024,30041.313468736724,30048.075702847844,596
2023-04-13 01:21:00+00:00,30047.66630082094,30049.472587497978,30035.757162915055,30048.777151317478,846
2023-04-13 13:21:00+00:00,30047.200365187517,30066.06840381659,30036.008705686738,30047.414865149403,925
2023-04-14 01:21:00+00:00,30047.452045107802,30054.10383259375,30033.898115921536,30046.902029700574,692
2023-04-14 13:21:00+00:00,30049.364311287278,30065.083429940434,30040.90115062702,30051.647021486428,264
2023-04-15 01:21:00+00:00,30049.585919884878,30055.437089660783,30032.910242230573,30050.470996632124,208
2023-04-15 13:21:00+00:00,30048.08314993486,30052.013887669444,30029.745394835518,30049.25956235456,806
2023-04-16 01:21:00+00:00,30046.38536548251,30058.824484502304,30040.378398130473,30047.384079710268,922
2023-04-16 13:21:00+00:00,30047.025548458383,30057.373752274467,30035.470043561192,30047.339284883084,499
2023-04-17 01:21:00+00:00,30046.31213952934,30066.186237913305,30041.237640286352,30046.89451393787,941
2023-04-17 13:21:00+00:00,30044.23991539536,30048.603258035982,30035.198535429376,30043.251213687716,708
2023-04-18 01:21:00+00:00,30046.247175430915,30064.45964080316,30035.30139810994,30045.403113385008,423
2023-04-18 13:21:00+00:00,30046.543560064893,30048.60221267793,30035.585437026828,30046.676229175406,518
2023-04-19 01:21:00+00:00,30045.934635127513,30052.37367202408,30029.16681394848,30045.906422415792,603
2023-04-19 13:21:00+00:00,30046.097069988115,30048.45229847571,30040.39467361471,30046.586516817228,656
2023-04-20 01:21:00+00:00,30046.65346791933,30053.239363189987,30037.012765855703,30046.5449309741,405
2023-04-20 13:21:00+00:00,30048.878320959433,30064.35534870513,30038.901526247704,30049.30268542359,929
2023-04-21 01:21:00+00:00,30049.63896698211,30050.912302668698,30046.204986062854,30048.366748624387,296
2023-04-21 13:21:00+00:00,30050.779948597734,30051.5712737418,30032.14371809804,30052.818423923538,502
2023-04-22 01:21:00+00:00,30051.004936272373,30060.478322057897,30044.58668566996,30052.42145774872,967
2023-04-22 13:21:00+00:00,30053.10734047183,30069.706716615514,30049.929181637366,30052.67782895542,716
2023-04-23 01:21:00+00:00,30054.050525537972,30056.485254566294,30053.251923943983,30052.473156934037,192
2023-04-23 13:21:00+00:00,30054.571879947325,30074.420009865476,30053.242885879616,30054.466143162525,685
2023-04-24 01:21:00+00:00,30053.906603891515,30061.497323056603,30042.26107107813,30053.333355237723,630
2023-04-24 13:21:00+00:00,30055.55655368653,30075.16256501645,30050.155781916354,30055.678211889324,294
2023-04-25 01:21:00+00:00,30055.67452957863,30059.07686948182,30049.396364965065,30056.906155040117,748
2023-04-25 13:21:00+00:00,30055.96968770165,30061.461562784778,30051.425222980044,30055.63205089566,858
2023-04-26 01:21:00+00:00,30057.41186347032,30073.473628955322,30043.110088471818,30056.543230248997,636
2023-04-26 13:21:00+00:00,30058.197072440464,30074.97480532704,30053.772652202868,30057.910286689013,568
2023-04-27 01:21:00+00:00,30059.67719552898,30076.0285305354,30059.33462386555,30060.10639522804,545
2023-04-27 13:21:00+00:00,30060.322974763505,30065.040099542835,30059.28339993642,30060.127762525295,201
2023-04-28 01:21:00+00:00,30060.56321323165,30076.94488180313,30044.73764106636,30059.723110528994,707
2023-04-28 13:21:00+00:00,30061.716661264727,30069.84932317233,30058.156558526873,30060.676052843926,600
2023-04-29 01:21:00+00:00,30060.73449819594,30075.74877218214,30046.103265973394,30060.401390522264,672
2023-04-29 13:21:00+00:00,30060.972940510568,30072.99664660695,30051.87820541625,30062.188491470475,669
2023-04-30 01:21:00+00:00,30061.221585201944,30068.84207346304,30048.328737594195,30062.323822804698,343
2023-04-30 13:21:00+00:00,30063.73487388302,30072.821605769434,30059.730381851503,30063.72628258443,867
2023-05-01 01:21:00+00:00,30062.215180421532,30064.49066127821,30058.55692469443,30061.45886367036,101
2023-05-01 13:21:00+00:00,30061.300208033153,30077.306775659254,30042.99386056977,30062.13599664282,147
2023-05-02 01:21:00+00:00,30061.216328243143,30073.708300322454,30046.732802689847,30060.95398602384,708
2023-05-02 13:21:00+00:00,30061.804321814932,30073.326482805045,30044.320982422687,30060.976812813075,371
2023-05-03 01:21:00+00:00,30061.00203114515,30075.19107834558,30045.798420267987,30060.718456484552,443
2023-05-03 13:21:00+00:00,30060.747574720357,30067.377569415512,30045.82536100892,30060.765449353024,309
2023-05-04 01:21:00+00:00,30061.163511940715,30070.452363322016,30054.67689350993,30061.45321934472,899
2023-05-04 13:21:00+00:00,30059.78028684582,30060.711666620846,30054.119197895245,30060.272518764734,154
2023-05-05 01:21:00+00:00,30061.161797028824,30079.944218875407,30047.739338826643,30061.37718920624,771
2023-05-05 13:21:00+00:00,30060.395728421616,30068.69185774716,30041.98752197563,30060.700360997722,945
2023-05-06 01:21:00+00:00,30060.701594659007,30071.38660291259,30052.356649838002,30059.380522484145,631
2023-05-06 13:21:00+00:00,30062.213837131283,30078.752782977495,30045.162504273176,30060.604897201916,502
2023-05-07 01:21:00+00:00,30060.96475104688,30073.517193081363,30060.465825192692,30061.039244946485,629
2023-05-07 13:21:00+00:00,30061.016695612656,30079.407023574557,30050.371954088536,30062.710824088634,189
2023-05-08 01:21:00+00:00,30059.17757567851,30078.380614323396,30047.989826088375,30057.41881993631,527
2023-05-08 13:21:00+00:00,30059.674614719363,30077.189708975457,30056.255734033675,30060.090502044768,548
2023-05-09 01:21:00+00:00,30058.99734017393,30068.72940533208,30045.561388768518,30057.875400413202,286
2023-05-09 13:21:00+00:00,30061.54077071908,30076.83284457211,30057.378618306175,30060.635101381537,276
2023-05-10 01:21:00+00:00,30061.828969153314,30069.988935256803,30061.615655294954,30061.36980850067,217
2023-05-10 13:21:00+00:00,30063.538074612523,30073.860453465866,30056.72116716507,30064.20206551791,979
2023-05-11 01:21:00+00:00,30064.47424432938,30078.45530670138,30052.214109943834,30065.00067903045,754
2023-05-11 13:21:00+00:00,30065.21163397596,30084.602804680468,30055.048788854474,30064.813966803886,584
2023-05-12 01:21:00+00:00,30066.004905816357,30066.51027229299,30060.02360047365,30067.31690584717,855
2023-05-12 13:21:00+00:00,30065.715263303922,30083.237380262384,30056.337953563056,30065.54249120085,136
2023-05-13 01:21:00+00:00,30066.805237589782,30072.46440846514,30062.830349263433,30065.954156542437,597
2023-05-13 13:21:00+00:00,30068.67884920186,30071.95795823598,30050.209048293822,30069.331981287636,580
2023-05-14 01:21:00+00:00,30068.782740574028,30076.007801717744,30057.53973926578,30069.69824194445,301
2023-05-14 13:21:00+00:00,30066.962940697682,30074.261256563987,30063.083626015203,30066.76852476603,716
2023-05-15 01:21:00+00:00,30068.85312618161,30078.460936687767,30068.770441957746,30069.78855161807,590
2023-05-15 13:21:00+00:00,30068.784847229046,30075.536211629365,30058.661781431023,30067.580848065343,129
2023-05-16 01:21:00+00:00,30069.611218433107,30076.413269103025,30051.314099571482,30069.951566127344,704
2023-05-16 13:21:00+00:00,30069.42757106468,30088.731378419678,30058.085499008856,30069.73819244859,307
2023-05-17 01:21:00+00:00,30070.24820519561,30082.471698196707,30052.34376445048,30070.97894723443,819
2023-05-17 13:21:00+00:00,30068.738348621526,30070.01071764988,30051.443265056096,30069.432154088456,602
2023-05-18 01:21:00+00:00,30070.037122231715,30085.330388371633,30061.62493362782,30069.824181900833,812
2023-05-18 13:21:00+00:00,30068.700682431736,30071.125806725442,30049.46156258388,30070.56603866915,799
2023-05-19 01:21:00+00:00,30069.04058325214,30074.378001980156,30055.591056283207,30068.447957621895,558
2023-05-19 13:21:00+00:00,30070.049242123692,30077.3202491642,30059.25453962376,30069.163381411992,709
2023-05-20 01:21:00+00:00,30070.185382027597,30086.267762309802,30061.214744487563,30074.083141852123,175
2023-05-20 13:21:00+00:00,30070.984857848656,30074.8056718394,30060.460958448897,30072.192355689673,239
2023-05-21 01:21:00+00:00,30071.520663388987,30080.31134325153,30069.50008232108,30071.13820708399,654
2023-05-21 13:21:00+00:00,30072.109687546676,30079.355639128447,30060.867062865407,30071.722132965187,885
2023-05-22 01:21:00+00:00,30072.655059154607,30073.540182309982,30057.704497472725,30072.86669685271,702
2023-05-22 13:21:00+00:00,30072.807989899084,30086.713231487858,30067.91147893986,30074.16193999884,679
2023-05-23 01:21:00+00:00,30076.378485933375,30079.015722973083,30075.935701488856,30076.347495979157,752
2023-05-23 13:21:00+00:00,30075.50670043951,30086.20545142636,30068.986374546017,30072.384898325967,487
2023-05-24 01:21:00+00:00,30075.23399886051,30091.45331973048,30069.227702040225,30072.416342054064,417
2023-05-24 13:21:00+00:00,30075.62472124879,30093.839622168838,30072.094093466814,30076.130031234665,168
2023-05-25 01:21:00+00:00,30074.789635529436,30093.68458606366,30072.084922370825,30074.929589107407,279
2023-05-25 13:21:00+00:00,30074.53333148319,30075.66881637482,30060.490291163114,30074.34853721402,154
2023-05-26 01:21:00+00:00,30074.766262916262,30094.484465343867,30068.96320088666,30074.648169541764,906
2023-05-26 13:21:00+00:00,30076.067786964362,30077.655397049784,30061.574873861988,30074.86187531781,397
2023-05-27 01:21:00+00:00,30076.408344782518,30082.885264522207,30075.82819558278,30076.26002267021,307
2023-05-27 13:21:00+00:00,30076.672353731054,30086.104199537327,30072.219390546532,30076.834865689696,653
2023-05-28 01:21:00+00:00,30076.729718984072,30090.62218236574,30065.914161767745,30076.190532001616,624
2023-05-28 13:21:00+00:00,30076.277392035172,30078.04355578079,30068.466864560636,30076.050069822595,426
2023-05-29 01:21:00+00:00,30077.145468424922,30096.220701528124,30063.27181648833,30076.40593457756,722
2023-05-29 13:21:00+00:00,30076.079996949553,30089.586783789237,30071.094894318947,30076.9289171033,536
2023-05-30 01:21:00+00:00,30076.9918219742,30086.169603000093,30059.987304861188,30076.178538998687,160
2023-05-30 13:21:00+00:00,30076.77924450772,30081.818959488613,30060.352660391723,30077.424363963302,770
2023-05-31 01:21:00+00:00,30076.385979945135,30096.057538070752,30076.17781425044,30075.999496675697,378
2023-05-31 13:21:00+00:00,30074.71352482405,30075.645888891107,30071.71333924135,30074.69841009235,640
2023-06-01 01:21:00+00:00,30075.22112383178,30092.607955122567,30067.068300743478,30075.043957808204,400
2023-06-01 13:21:00+00:00,30076.321772288735,30078.831258618844,30069.56164239724,30075.883266902558,194
2023-06-02 01:21:00+00:00,30076.191785168172,30091.62908051787,30056.21338916494,30075.096327589297,415
2023-06-02 13:21:00+00:00,30075.74186159157,30085.248468624806,30067.679240466834,30076.104985704296,542
2023-06-03 01:21:00+00:00,30076.97682739862,30084.801569560164,30058.515162029104,30077.15101717535,612
2023-06-03 13:21:00+00:00,30076.796859805676,30085.63032312931,30066.879156065545,30076.348117168778,557
2023-06-04 01:21:00+00:00,30077.046691731022,30077.188857584577,30076.576098316793,30077.628875991322,940
2023-06-04 13:21:00+00:00,30076.41519002689,30084.841366695513,30073.279396954724,30075.837357573742,797
2023-06-05 01:21:00+00:00,30075.214590583822,30086.285080226917,30072.46260106349,30075.945379200555,614
2023-06-05 13:21:00+00:00,30076.223591655318,30081.245901796363,30068.755749987347,30074.08271588751,649
2023-06-06 01:21:00+00:00,30075.874945213644,30088.278448861296,30070.474258708204,30075.057567350574,493
2023-06-06 13:21:00+00:00,30077.168065990998,30088.930141876965,30064.493822767887,30078.005130267284,591
2023-06-07 01:21:00+00:00,30076.269533142986,30087.944224021103,30067.233990147102,30077.825105400683,996
2023-06-07 13:21:00+00:00,30075.68514710742,30083.831406483387,30069.74049637278,30074.931499534174,330
2023-06-08 01:21:00+00:00,30076.051495217795,30079.989329919277,30063.500043350563,30075.676303647426,389
2023-06-08 13:21:00+00:00,30076.790658985607,30094.34574163956,30071.121818551426,30076.892300442614,391
2023-06-09 01:21:00+00:00,30076.39616103432,30090.471743315193,30066.81024636006,30077.583705965786,631
2023-06-09 13:21:00+00:00,30075.737887283376,30082.18400346965,30057.73497170212,30073.501542765283,892
2023-06-10 01:21:00+00:00,30074.075110150632,30079.270145689545,30058.71628916183,30072.721263624146,343
2023-06-10 13:21:00+00:00,30074.26417733545,30088.95087756061,30054.525091709856,30072.823762868044,674
2023-06-11 01:21:00+00:00,30073.765945663054,30079.013892519997,30056.542200312302,30072.04912969709,799
2023-06-11 13:21:00+00:00,30073.918173969534,30076.6864013696,30071.23641759132,30072.445656833755,223
2023-06-12 01:21:00+00:00,30075.285950260044,30089.064757270728,30059.557456534312,30074.666771085896,478
2023-06-12 13:21:00+00:00,30074.913459540196,30094.421980236613,30073.91554678714,30073.512131784362,943
2023-06-13 01:21:00+00:00,30075.399603722737,30089.71316625204,30057.01972597406,30077.162627919737,622
2023-06-13 13:21:00+00:00,30076.954493034726,30087.829533166234,30067.168824092954,30077.96974417442,978
2023-06-14 01:21:00+00:00,30075.060231997348,30083.056981979622,30060.171175801035,30075.669901757527,661
2023-06-14 13:21:00+00:00,30074.93484757761,30090.75203452594,30074.597168321012,30075.431600684213,242
2023-06-15 01:21:00+00:00,30074.198852702288,30089.762799540396,30062.978835578004,30073.721630205895,631
2023-06-15 13:21:00+00:00,30075.45759675416,30078.478914192787,30059.829483017667,30075.63257883003,727
2023-06-16 01:21:00+00:00,30073.855098957647,30085.64593304254,30060.157125800422,30075.51221793288,803
2023-06-16 13:21:00+00:00,30074.451479836374,30091.61413551675,30067.245896687884,30074.693054907333,751
2023-06-17 01:21:00+00:00,30074.56379067889,30082.341824449562,30069.73405233785,30074.393668069555,889
2023-06-17 13:21:00+00:00,30073.560519542396,30091.77511473649,30067.197565670525,30072.92643548253,223
2023-06-18 01:21:00+00:00,30071.355903555846,30088.966506444744,30067.70857665004,30070.60183002551,528
2023-06-18 13:21:00+00:00,30069.95497663656,30084.500705543247,30053.064819009523,30070.218448296964,936
2023-06-19 01:21:00+00:00,30070.184063790213,30072.03848571533,30053.139033411608,30070.62654297462,747
2023-06-19 13:21:00+00:00,30069.531383016445,30088.710637150005,30049.88785643186,30070.680974072693,789
2023-06-20 01:21:00+00:00,30070.817326329427,30070.929632675754,30052.779045082872,30069.60406533082,814
2023-06-20 13:21:00+00:00,30072.599879806145,30085.224819760417,30057.850670270785,30072.06686576294,602
2023-06-21 01:21:00+00:00,30073.390949894714,30090.453138351473,30069.341397361364,30073.161506376375,288
2023-06-21 13:21:00+00:00,30073.86667375725,30089.31679335604,30065.233501532377,30073.399147267395,285
2023-06-22 01:21:00+00:00,30075.24569154828,30090.21838626159,30056.39366941409,30073.67127589981,379
2023-06-22 13:21:00+00:00,30074.66021667155,30075.358387503227,30060.518324218912,30074.228918211782,266
2023-06-23 01:21:00+00:00,30074.708818402818,30081.395394916985,30060.278848714956,30074.50949999004,848
2023-06-23 13:21:00+00:00,30075.217537181317,30086.608496471257,30057.688081917266,30075.35110340864,798
2023-06-24 01:21:00+00:00,30073.30445246778,30080.745295273944,30065.150618258132,30074.54051459198,920
2023-06-24 13:21:00+00:00,30074.391533897397,30078.326596843017,30065.593601764314,30076.231512279588,506
2023-06-25 01:21:00+00:00,30074.52034046477,30091.02356877198,30067.094510342307,30073.582181236194,154
2023-06-25 13:21:00+00:00,30072.61131953403,30072.784072032424,30056.448222361145,30072.388258875035,618
2023-06-26 01:21:00+00:00,30073.351399085717,30089.974987327685,30065.096367602233,30075.87002256504,734
2023-06-26 13:21:00+00:00,30074.094328752148,30077.060335582235,30067.54754537312,30075.598698747992,321
2023-06-27 01:21:00+00:00,30073.683880525972,30078.351160081816,30070.335306049514,30073.655722602314,674
2023-06-27 13:21:00+00:00,30075.55530889722,30091.05371585146,30073.312892594102,30074.357856921237,200
2023-06-28 01:21:00+00:00,30075.8778662933,30089.27624877618,30067.40325069846,30074.721675112076,981
2023-06-28 13:21:00+00:00,30075.088282763783,30091.906957563824,30065.95713581543,30077.139168936807,198
2023-06-29 01:21:00+00:00,30075.178444860227,30089.651658382594,30055.801327154375,30073.845904672842,724
2023-06-29 13:21:00+00:00,30077.203440234418,30078.33142722628,30073.091774411696,30077.695854245223,522
2023-06-30 01:21:00+00:00,30077.484021280387,30083.33361387723,30058.329998710946,30077.635559194387,802
2023-06-30 13:21:00+00:00,30075.823729339878,30085.333858803588,30062.37441108976,30075.687224381425,424
2023-07-01 01:21:00+00:00,30075.813125214372,30081.889997034214,30058.470673218006,30075.629388460882,657
2023-07-01 13:21:00+00:00,30074.091507831283,30076.453100989645,30069.915077365986,30073.304099732533,600
2023-07-02 01:21:00+00:00,30074.811961786585,30086.789609592655,30072.348215736787,30073.671745502135,226
2023-07-02 13:21:00+00:00,30073.37689173703,30091.77682471502,30053.46183515931,30074.363904950074,620
2023-07-03 01:21:00+00:00,30072.767160804735,30084.47761002381,30067.13549400079,30072.154916303385,898
2023-07-03 13:21:00+00:00,30073.21050173171,30076.025582201783,30057.909785014894,30072.88575375262,434
2023-07-04 01:21:00+00:00,30073.15613661863,30075.64148624303,30057.14142371228,30072.53398655541,755
2023-07-04 13:21:00+00:00,30074.235879604134,30093.278321305545,30056.15613816553,30073.97572587347,146
2023-07-05 01:21:00+00:00,30073.985900144373,30087.40727828451,30061.850272833613,30074.790021632234,427
2023-07-05 13:21:00+00:00,30073.357348346344,30087.065668854804,30058.306450247655,30073.882583234026,237
2023-07-06 01:21:00+00:00,30072.990938334588,30091.318323714862,30070.759416833946,30074.460830217715,802
2023-07-06 13:21:00+00:00,30072.645220963783,30075.401148671608,30059.69338034416,30071.695162646032,862
2023-07-07 01:21:00+00:00,30072.198143570477,30085.1055251008,30067.771269290293,30072.63896854816,933
2023-07-07 13:21:00+00:00,30072.760212111225,30085.52732674826,30058.410321675776,30073.313262803047,102
2023-07-08 01:21:00+00:00,30071.846566023203,30073.15982900568,30056.46341771536,30072.282211285452,638
2023-07-08 13:21:00+00:00,30072.803267589617,30082.232978190274,30058.51350029852,30071.409305085253,876
2023-07-09 01:21:00+00:00,30071.973283896954,30090.9581460807,30052.20477067859,30070.35114320846,626
2023-07-09 13:21:00+00:00,30072.392696677947,30073.474737624223,30060.815872390856,30072.196466517555,275
2023-07-10 01:21:00+00:00,30071.72753611384,30089.934810431798,30056.18092850709,30070.106918568934,714
2023-07-10 13:21:00+00:00,30070.66530400574,30072.224101074018,30053.93154844065,30070.650288718673,884
2023-07-11 01:21:00+00:00,30071.08035647442,30083.643710796045,30061.675067444972,30072.201060202227,910
2023-07-11 13:21:00+00:00,30072.45960189092,30075.628831704962,30053.16580865353,30070.998370923688,820
2023-07-12 01:21:00+00:00,30071.40567970417,30073.951013078335,30062.540611474014,30071.408285194804,269
2023-07-12 13:21:00+00:00,30070.8248987644,30079.21376416853,30061.211341811464,30072.01548657365,362
2023-07-13 01:21:00+00:00,30070.877971170867,30087.26722948063,30067.23253128439,30070.448272654372,326
2023-07-13 13:21:00+00:00,30068.84954191304,30078.32361423256,30064.88729301157,30068.448582250727,405
2023-07-14 01:21:00+00:00,30069.261729234626,30070.686994895248,30058.65422547648,30069.032177826248,369
2023-07-14 13:21:00+00:00,30070.61814370238,30081.26698661051,30056.896186035436,30070.97327584455,118
2023-07-15 01:21:00+00:00,30071.53372351829,30076.754627919276,30052.877081349896,30070.824558401764,155
2023-07-15 13:21:00+00:00,30071.21010647249,30080.518065936336,30068.535424912552,30071.66690460629,172
2023-07-16 01:21:00+00:00,30071.97912631113,30086.10131340371,30071.820961517948,30072.497820908182,725
2023-07-16 13:21:00+00:00,30071.440561827454,30075.085222277885,30053.70570951173,30070.578829412796,282
2023-07-17 01:21:00+00:00,30070.695651388363,30079.25367889876,30055.465426116534,30071.110639552575,135
2023-07-17 13:21:00+00:00,30069.307865492538,30075.944447945974,30068.20147290242,30067.43338472388,463
2023-07-18 01:21:00+00:00,30068.618509823387,30083.64710159365,30052.6916885556,30069.335376730294,632
2023-07-18 13:21:00+00:00,30068.857397965217,30070.657454976437,30050.995292210173,30069.732461767948,547
2023-07-19 01:21:00+00:00,30069.531510739584,30078.83144982691,30066.947770078084,30069.645216910838,676
2023-07-19 13:21:00+00:00,30068.392416092767,30079.954000562524,30061.394622754837,30068.744418744973,931
2023-07-20 01:21:00+00:00,30069.12582660119,30071.827209437735,30066.94076284702,30069.547134486173,335
2023-07-20 13:21:00+00:00,30068.942912535716,30086.651840459814,30056.479694204332,30067.978843190354,272
2023-07-21 01:21:00+00:00,30068.38140941014,30082.400684134245,30061.571510314665,30068.65455249691,799
2023-07-21 13:21:00+00:00,30069.265188168985,30086.48618180969,30067.192326874287,30069.689751519327,166
2023-07-22 01:21:00+00:00,30071.739651704145,30077.984714856226,30065.71362565755,30070.816514197064,815
2023-07-22 13:21:00+00:00,30071.81390457876,30087.035643549065,30068.578337241073,30072.43475330971,851
2023-07-23 01:21:00+00:00,30071.707082850648,30090.195436132246,30064.48482773888,30071.57296906412,738
2023-07-23 13:21:00+00:00,30072.613433540446,30074.678830700293,30057.355148120576,30072.537163190675,227
2023-07-24 01:21:00+00:00,30072.914691208127,30073.72821663213,30054.198311401316,30070.78349226958,762
2023-07-24 13:21:00+00:00,30071.959409869898,30084.356382919694,30068.932779505874,30069.98286755101,346
2023-07-25 01:21:00+00:00,30071.850718403057,30075.8359849321,30056.193695423077,30070.701815928463,857
2023-07-25 13:21:00+00:00,30072.140695265305,30088.231593490105,30056.84994242492,30072.03242197792,715
2023-07-26 01:21:00+00:00,30071.04804973501,30073.21712653146,30066.49767897762,30070.348967142538,140
2023-07-26 13:21:00+00:00,30071.61004855806,30077.62273909838,30067.059956706948,30070.627568390337,292
2023-07-27 01:21:00+00:00,30072.26026643168,30084.41162810143,30054.35474880023,30071.50235015244,658
2023-07-27 13:21:00+00:00,30072.228343656327,30089.805504205444,30054.233281630353,30072.298939363038,890
2023-07-28 01:21:00+00:00,30072.107473724158,30076.107707189785,30056.963544982587,30073.28180534949,507
2023-07-28 13:21:00+00:00,30072.74773716484,30082.380925263496,30059.863484627997,30072.48973742362,434
2023-07-29 01:21:00+00:00,30072.596833162188,30079.83088629334,30053.070261426088,30072.36788872928,434
2023-07-29 13:21:00+00:00,30072.259258084694,30083.848231738473,30053.57620522295,30071.064168847697,910
2023-07-30 01:21:00+00:00,30072.87053933258,30084.17719243548,30066.58211239286,30071.61959671077,627
2023-07-30 13:21:00+00:00,30072.742529514242,30086.9901700225,30068.42453612003,30072.072592438475,863
2023-07-31 01:21:00+00:00,30073.24696414552,30085.873271775854,30058.844902508747,30074.38983198533,423
2023-07-31 13:21:00+00:00,30073.030924383693,30077.398930399224,30055.939263396947,30072.57632415976,582
2023-08-01 01:21:00+00:00,30072.994951075307,30091.455981537565,30064.867028659446,30073.187341978803,564
2023-08-01 13:21:00+00:00,30072.09408230519,30082.87625364063,30060.614795999336,30073.368455358766,446
2023-08-02 01:21:00+00:00,30070.662501339106,30081.997616281515,30064.72531930578,30069.898486110134,835
2023-08-02 13:21:00+00:00,30070.016472392643,30080.63580776071,30063.53525657853,30072.13495545385,948
2023-08-03 01:21:00+00:00,30067.415388880156,30078.16998110086,30053.586703675912,30066.77936429855,249
2023-08-03 13:21:00+00:00,30069.0020855756,30075.42123062657,30064.08186559737,30068.279504143753,681
2023-08-04 01:21:00+00:00,30068.160188736692,30087.79247933371,30065.181708259825,30067.996130950196,744
2023-08-04 13:21:00+00:00,30067.418245779067,30068.077865900716,30060.26723754225,30067.419574131014,247
2023-08-05 01:21:00+00:00,30067.282931004003,30080.83553072118,30051.757492284953,30065.60217224315,282
2023-08-05 13:21:00+00:00,30067.98223229204,30081.892766242774,30055.03361268784,30068.783613837306,709
2023-08-06 01:21:00+00:00,30067.46364417649,30068.675631172566,30057.33777125255,30067.456343507645,100
2023-08-06 13:21:00+00:00,30067.18598275338,30074.652152819013,30064.384452681243,30067.08683204135,878
2023-08-07 01:21:00+00:00,30065.163599287516,30070.422298741923,30057.19350703853,30065.74594773788,937
2023-08-07 13:21:00+00:00,30066.10455902263,30080.48379122765,30057.415297621224,30066.734623875825,348
2023-08-08 01:21:00+00:00,30065.822826340773,30066.720154922015,30048.516922750474,30065.843937350284,895
2023-08-08 13:21:00+00:00,30066.929966596832,30085.569028952337,30051.86462030613,30068.994389472522,857
2023-08-09 01:21:00+00:00,30067.816517842275,30084.38683374754,30059.26896953184,30067.610306108156,883
2023-08-09 13:21:00+00:00,30067.129349338047,30082.91688269647,30063.65943345281,30066.884095931637,585
2023-08-10 01:21:00+00:00,30066.902543496133,30073.77674641295,30048.462973494472,30066.401032967467,583
2023-08-10 13:21:00+00:00,30067.42811421384,30074.09360146618,30065.40391937382,30066.2247080791,662
2023-08-11 01:21:00+00:00,30065.84789715122,30072.517089729885,30048.265398728803,30066.159068876474,513
2023-08-11 13:21:00+00:00,30063.510769553304,30080.60235683745,30045.448586103343,30064.066760817706,832
2023-08-12 01:21:00+00:00,30064.872956612748,30080.559400188627,30047.607859269607,30064.3736954089,816
2023-08-12 13:21:00+00:00,30065.117825310914,30078.563545348497,30054.116652079538,30064.646709691362,114
2023-08-13 01:21:00+00:00,30065.952495017995,30068.265880605253,30055.833375290564,30066.057277500768,210
2023-08-13 13:21:00+00:00,30065.526906109124,30081.47792596798,30058.993187249125,30067.47908204807,620
2023-08-14 01:21:00+00:00,30063.895702791164,30079.523238953017,30060.284690894896,30062.89639623182,461
2023-08-14 13:21:00+00:00,30062.429536528856,30076.615992276274,30047.901934697966,30063.559036833965,383
2023-08-15 01:21:00+00:00,30062.969009464923,30069.29908731708,30051.925871462427,30063.076787201793,437
2023-08-15 13:21:00+00:00,30061.699298997402,30073.30672772931,30049.07233914118,30061.75949831429,520
2023-08-16 01:21:00+00:00,30061.56157574784,30071.997617361307,30057.724952812492,30061.771686583437,884
2023-08-16 13:21:00+00:00,30059.797919841716,30071.408014588418,30050.327959140635,30060.259934942238,100
2023-08-17 01:21:00+00:00,30056.956572367242,30076.33063135962,30055.28461232804,30056.88868363719,799
2023-08-17 13:21:00+00:00,30057.50652733144,30070.234896918333,30057.111496149642,30056.1507105996,450
2023-08-18 01:21:00+00:00,30056.924300966068,30068.523970529517,30038.776898653825,30056.45740773495,163
2023-08-18 13:21:00+00:00,30058.798594777887,30064.77932184835,30040.976732398358,30057.397302003403,565
2023-08-19 01:21:00+00:00,30058.745763329385,30076.831963138964,30046.648827586152,30059.791883398466,620
2023-08-19 13:21:00+00:00,30058.974334468458,30063.311640455995,30048.77541740349,30059.043528652077,640
2023-08-20 01:21:00+00:00,30059.207130315717,30067.96731981053,30048.433924898018,30059.58980637505,226
2023-08-20 13:21:00+00:00,30061.14986417535,30063.184342906516,30060.597921976627,30060.04666319286,438
2023-08-21 01:21:00+00:00,30059.589268662985,30060.96812939712,30044.149005630145,30059.72994446782,247
2023-08-21 13:21:00+00:00,30060.32371126896,30070.59203231986,30052.204524464585,30058.67801023272,930
2023-08-22 01:21:00+00:00,30060.710193816954,30067.152983832377,30047.17083359231,30060.37996792758,580
2023-08-22 13:21:00+00:00,30059.701478262985,30079.421855150715,30044.714035501478,30060.59929055461,710
2023-08-23 01:21:00+00:00,30058.809709080873,30066.627275226485,30047.676463963984,30059.24379441364,596
2023-08-23 13:21:00+00:00,30059.150564294792,30074.881497747796,30039.58537272175,30058.044625441584,713
2023-08-24 01:21:00+00:00,30059.284344927462,30070.581370523756,30053.129409846217,30059.259537857826,176
2023-08-24 13:21:00+00:00,30057.34333878795,30065.413747711325,30044.030158681402,30056.815012305207,304
2023-08-25 01:21:00+00:00,30057.25327626704,30066.728932652397,30056.738529261045,30058.49066609073,156
2023-08-25 13:21:00+00:00,30057.35145482707,30061.58986930847,30051.409034163284,30056.286716760318,642
2023-08-26 01:21:00+00:00,30058.598258176367,30069.28259440098,30052.111163261216,30056.813038588993,150
2023-08-26 13:21:00+00:00,30059.968146597726,30072.43382659552,30053.990222043023,30059.157018000733,209
2023-08-27 01:21:00+00:00,30060.086690685486,30071.479795456315,30053.71336224135,30061.124286978156,600
2023-08-27 13:21:00+00:00,30061.252687254237,30064.759177333584,30043.607776462984,30061.482831548823,533
2023-08-28 01:21:00+00:00,30062.42400884822,30078.87295776734,30053.443829016735,30062.115846545563,503
2023-08-28 13:21:00+00:00,30062.25311406915,30069.26664852887,30058.39764345736,30062.454451911264,130
2023-08-29 01:21:00+00:00,30061.176630982813,30068.51901556786,30055.254430055516,30060.138155060602,751
2023-08-29 13:21:00+00:00,30062.293338213844,30062.637903848834,30062.046948681807,30062.68636249971,748
2023-08-30 01:21:00+00:00,30060.057259879435,30070.235638386363,30059.213785803502,30060.658235233936,455
2023-08-30 13:21:00+00:00,30058.711603393516,30063.59760502475,30049.322907607344,30055.999623356947,631
2023-08-31 01:21:00+00:00,30059.837612244297,30069.4640229178,30052.4388439556,30060.98630026769,882
2023-08-31 13:21:00+00:00,30060.17615561027,30075.574872580564,30042.879341927244,30059.35920176741,211
2023-09-01 01:21:00+00:00,30061.341222419356,30072.019825715397,30046.22573950203,30060.386660245476,173
2023-09-01 13:21:00+00:00,30062.496787956155,30065.199593047728,30062.071550334094,30061.828430314257,480
2023-09-02 01:21:00+00:00,30063.569889614442,30078.326074902692,30047.636320543417,30063.948304188903,638
2023-09-02 13:21:00+00:00,30066.031303616393,30078.634394968623,30046.26788856116,30066.285446419268,817
2023-09-03 01:21:00+00:00,30065.801485581604,30081.748055174485,30050.57263383017,30065.165238056485,739
2023-09-03 13:21:00+00:00,30065.756482831275,30076.619928032404,30051.043664458775,30067.12085736297,368
2023-09-04 01:21:00+00:00,30064.627046678444,30068.985833100327,30048.24516919528,30065.154493020305,513
2023-09-04 13:21:00+00:00,30065.359072521594,30069.628147979853,30056.46477376304,30066.321112920337,254
2023-09-05 01:21:00+00:00,30067.29760516303,30081.2913197577,30060.268995251634,30067.4036333595,196
2023-09-05 13:21:00+00:00,30068.378491001436,30070.609059737875,30050.74374583092,30070.60085231689,735
2023-09-06 01:21:00+00:00,30065.852107392344,30077.555828543685,30047.283535026145,30067.329134983214,351
2023-09-06 13:21:00+00:00,30066.314111586427,30084.784590168674,30056.035747775837,30063.828726679967,696
2023-09-07 01:21:00+00:00,30065.496725554283,30072.791879846278,30050.86489205919,30064.694710297765,399
2023-09-07 13:21:00+00:00,30064.118221985507,30083.405029123205,30045.854093053185,30062.329500260115,488
2023-09-08 01:21:00+00:00,30062.067755374377,30068.421108765408,30043.441130630115,30061.79018184617,539
2023-09-08 13:21:00+00:00,30061.57818667806,30077.367851470844,30051.287772147192,30060.138822066423,809
2023-09-09 01:21:00+00:00,30059.669675301953,30074.996764189724,30054.060487117076,30056.860732525045,273
2023-09-09 13:21:00+00:00,30059.729929188296,30066.24744343542,30059.32039336009,30057.648881053417,883
2023-09-10 01:21:00+00:00,30060.80553656641,30079.031604469405,30058.944356962962,30062.280805196955,968
2023-09-10 13:21:00+00:00,30061.784204766303,30078.605755627214,30052.67243044858,30061.68936823854,757
2023-09-11 01:21:00+00:00,30060.92807983433,30061.95156602492,30047.303992663354,30060.92408994982,324
2023-09-11 13:21:00+00:00,30061.128707243526,30072.1832020484,30053.858846359675,30061.110887747633,646
2023-09-12 01:21:00+00:00,30060.673414721343,30064.74028208455,30052.145661792594,30060.40992188311,449
2023-09-12 13:21:00+00:00,30060.001470121002,30069.37626716631,30041.52207442604,30059.66932888681,511
2023-09-13 01:21:00+00:00,30059.18818194291,30069.456715917655,30045.341743855628,30059.706410703628,606
2023-09-13 13:21:00+00:00,30059.39658378898,30062.091968283366,30057.22179883385,30059.672885838743,599
2023-09-14 01:21:00+00:00,30059.426832859954,30064.65542150158,30056.310605727325,30059.866485792518,842
2023-09-14 13:21:00+00:00,30060.886622213184,30065.205927735708,30045.416089352784,30061.579832149473,424
2023-09-15 01:21:00+00:00,30059.70928701457,30066.25882863907,30039.96246372799,30059.40493913003,257
2023-09-15 13:21:00+00:00,30058.61458833369,30065.444577617942,30054.49961995875,30058.118978324852,366
2023-09-16 01:21:00+00:00,30059.61025457627,30079.573933448264,30051.99516819769,30059.21016638725,145
2023-09-16 13:21:00+00:00,30060.13857281047,30078.58084207043,30044.53326088204,30060.54454294337,131
2023-09-17 01:21:00+00:00,30060.21075711102,30070.72408386884,30042.39004126314,30060.02669785584,579
2023-09-17 13:21:00+00:00,30060.219917925933,30073.39968944329,30043.851709602703,30060.41249470116,714
2023-09-18 01:21:00+00:00,30061.05287037319,30075.311450437726,30059.648662966443,30061.25214145146,982
2023-09-18 13:21:00+00:00,30060.886842408116,30070.011372125635,30047.53300656418,30060.35016278533,756
2023-09-19 01:21:00+00:00,30062.087177184316,30066.610855931394,30053.92939847635,30062.1208034017,980
2023-09-19 13:21:00+00:00,30063.589655392694,30076.682810006758,30050.70774009271,30064.019340844152,513
2023-09-20 01:21:00+00:00,30063.156686900224,30073.39480798468,30050.922280737937,30062.883916935683,819
2023-09-20 13:21:00+00:00,30064.32851820599,30075.7491885033,30053.102319099795,30064.897785089266,701
2023-09-21 01:21:00+00:00,30065.475076514984,30068.667223895995,30055.246637538476,30065.09870286328,877
2023-09-21 13:21:00+00:00,30064.888803717353,30077.34302550652,30045.57363733999,30064.61848866075,616
2023-09-22 01:21:00+00:00,30064.89310511456,30079.871881058225,30058.502862458707,30062.08937464904,694
2023-09-22 13:21:00+00:00,30063.83032182262,30081.362349789117,30049.871267305487,30061.832435403703,924
2023-09-23 01:21:00+00:00,30061.570013788943,30068.05949252795,30041.6902255152,30061.760907930464,140
2023-09-23 13:21:00+00:00,30061.60356081884,30066.62414708005,30042.527323028342,30060.68713209713,242
2023-09-24 01:21:00+00:00,30060.594615461378,30076.92028530142,30049.85453889198,30060.23245373722,282
2023-09-24 13:21:00+00:00,30061.03972584781,30065.957872267136,30059.454964504723,30060.947369578553,939
2023-09-25 01:21:00+00:00,30061.197721992296,30074.643333505534,30047.212256085913,30061.497060402602,753
2023-09-25 13:21:00+00:00,30060.775386268633,30078.05807086759,30045.15219945072,30061.942230556357,200
2023-09-26 01:21:00+00:00,30061.216468887895,30079.592529076104,30052.814372918154,30061.16209951371,401
2023-09-26 13:21:00+00:00,30060.130714914325,30076.847620061195,30043.04099225552,30061.208982088556,468
2023-09-27 01:21:00+00:00,30059.929561951074,30071.781451357292,30057.56406730558,30058.84760724132,407
2023-09-27 13:21:00+00:00,30060.54475929687,30065.36605123729,30055.931166095776,30061.978105917653,876
2023-09-28 01:21:00+00:00,30060.347134734,30074.386417530834,30056.515007115122,30059.574054959612,558
2023-09-28 13:21:00+00:00,30058.755258110836,30072.940646409734,30051.918851346833,30059.846793995857,535
2023-09-29 01:21:00+00:00,30059.350068839616,30061.608770008603,30043.99789339088,30057.307572115955,101
2023-09-29 13:21:00+00:00,30059.785060705814,30075.254451866123,30044.421182074395,30060.170077327755,850
2023-09-30 01:21:00+00:00,30060.535928998663,30075.18226103487,30045.245054298754,30060.86613488093,613
2023-09-30 13:21:00+00:00,30061.18242200723,30067.60058340924,30046.087501233065,30062.30709933442,418
2023-10-01 01:21:00+00:00,30060.95856235916,30079.413984793802,30052.86344901851,30061.144018267158,520
2023-10-01 13:21:00+00:00,30059.787907321243,30070.23030352906,30047.320913614964,30060.382254669446,647
2023-10-02 01:21:00+00:00,30058.518798668854,30064.476492253496,30042.949577403277,30058.798468963927,324
2023-10-02 13:21:00+00:00,30059.4509865594,30065.5547921328,30045.330904667888,30059.143946462853,756
2023-10-03 01:21:00+00:00,30059.264264304846,30062.42243662989,30058.849597055654,30059.364137851335,240
2023-10-03 13:21:00+00:00,30058.35326120438,30075.965516315693,30041.755413998497,30059.092745277856,751
2023-10-04 01:21:00+00:00,30059.228745551518,30077.093089910737,30040.256106020384,30057.874343487834,931
2023-10-04 13:21:00+00:00,30058.648590709206,30065.72283283393,30052.91393535603,30058.51554810291,838
2023-10-05 01:21:00+00:00,30060.14982900211,30070.998447516497,30044.55585701937,30058.768208557056,611
2023-10-05 13:21:00+00:00,30058.569426583283,30069.014078211094,30050.991253226017,30057.715243271476,188
2023-10-06 01:21:00+00:00,30058.603484312087,30068.820913142667,30051.324927645943,30057.575287535583,570
2023-10-06 13:21:00+00:00,30060.02649877261,30064.206340474546,30041.632282396837,30059.96552225989,593
2023-10-07 01:21:00+00:00,30061.316306332323,30066.996553570567,30043.84521913692,30061.02920115604,757
2023-10-07 13:21:00+00:00,30060.27277429247,30062.430854415616,30057.714446901267,30060.954433137147,717
2023-10-08 01:21:00+00:00,30060.652295043084,30075.46473208923,30043.88697022594,30059.34595530654,273
2023-10-08 13:21:00+00:00,30060.977084617032,30068.317439592436,30051.343207509097,30059.860976254047,250
2023-10-09 01:21:00+00:00,30058.539962572864,30071.71371827338,30045.8247731484,30058.75477749054,880
2023-10-09 13:21:00+00:00,30058.55593453889,30060.614523805616,30057.607425225717,30059.126936010536,596
2023-10-10 01:21:00+00:00,30059.476858645965,30068.264068823104,30041.532540050193,30058.301024520315,487
2023-10-10 13:21:00+00:00,30060.598846685032,30071.314682426495,30041.34295984868,30060.66139367804,683
2023-10-11 01:21:00+00:00,30061.437491339046,30075.705314842766,30053.669323114515,30061.20763762657,989
2023-10-11 13:21:00+00:00,30061.38548595889,30077.391568050316,30058.695798034438,30060.783375004725,866
2023-10-12 01:21:00+00:00,30061.525845276716,30069.1672021298,30047.851112415603,30061.38496495517,677
2023-10-12 13:21:00+00:00,30060.531163669337,30073.45725837148,30050.17785128299,30059.608824554773,781
2023-10-13 01:21:00+00:00,30059.4772796781,30060.745072781774,30045.050224627485,30057.71236237751,395
2023-10-13 13:21:00+00:00,30060.947747314676,30069.232778830465,30049.78529880924,30060.742068015286,875
2023-10-14 01:21:00+00:00,30061.618380280313,30077.516488349134,30049.48899681144,30060.120703332286,849
2023-10-14 13:21:00+00:00,30063.319647596247,30063.995757295626,30055.711436415586,30062.924719209124,236
2023-10-15 01:21:00+00:00,30062.797037432374,30062.920631635345,30049.282626513435,30062.35826128744,901
2023-10-15 13:21:00+00:00,30060.570949129677,30067.44869123397,30053.708145476285,30060.55973504843,745
2023-10-16 01:21:00+00:00,30060.93918339444,30069.14973695046,30058.141052152,30059.1557521499,157
2023-10-16 13:21:00+00:00,30061.432519313847,30072.18436882101,30058.266711108667,30062.152425816446,214
2023-10-17 01:21:00+00:00,30062.107622998108,30073.820373486255,30046.2544428038,30062.179923548432,341
2023-10-17 13:21:00+00:00,30063.14714482285,30072.072585387563,30051.8413085436,30062.400407206962,682
2023-10-18 01:21:00+00:00,30064.018507601046,30078.240867701094,30050.174497412976,30064.395381246744,384
2023-10-18 13:21:00+00:00,30065.492243572684,30071.172759584697,30046.06606161944,30064.816371926452,567
2023-10-19 01:21:00+00:00,30066.25602646692,30079.460792888214,30063.100031971346,30067.867576039545,562
2023-10-19 13:21:00+00:00,30066.62664197797,30085.7923085866,30053.770136375955,30066.82018593385,346
2023-10-20 01:21:00+00:00,30066.5316278303,30079.631696403314,30064.72077982967,30066.396905584446,436
2023-10-20 13:21:00+00:00,30067.648154467475,30074.007373546192,30055.7057705595,30069.01356095686,360
2023-10-21 01:21:00+00:00,30068.48310576497,30087.729278108312,30055.122052146173,30068.45148327022,942
2023-10-21 13:21:00+00:00,30068.36487293531,30072.468002625712,30058.802547406976,30067.527467055203,101
2023-10-22 01:21:00+00:00,30068.402501558652,30072.10111606683,30063.345236775498,30069.09271617927,664
2023-10-22 13:21:00+00:00,30068.650628169114,30080.4430798702,30049.105960745237,30068.256411463077,784
2023-10-23 01:21:00+00:00,30069.808452954334,30089.77957129672,30057.53158409914,30068.496859823408,580
2023-10-23 13:21:00+00:00,30069.693619545535,30081.74470069259,30055.349695669025,30070.914051277414,829
2023-10-24 01:21:00+00:00,30069.675350500314,30085.85637325175,30066.170082761586,30070.60303672707,757
2023-10-24 13:21:00+00:00,30069.474736645538,30075.358642183557,30051.598655656,30069.64406068028,451
2023-10-25 01:21:00+00:00,30068.339532816084,30085.133820569223,30066.347507081173,30067.98481024746,747
2023-10-25 13:21:00+00:00,30068.715012771216,30083.057418177934,30050.73201073134,30068.461364420782,366
2023-10-26 01:21:00+00:00,30068.601607778503,30076.328774462556,30053.99562792651,30069.588420939537,129
2023-10-26 13:21:00+00:00,30069.691739789625,30085.368509139047,30065.558511756313,30069.495803768732,569
2023-10-27 01:21:00+00:00,30069.44117099732,30074.141648603258,30065.576194709327,30069.536209912672,903
2023-10-27 13:21:00+00:00,30070.274424372255,30078.411953801147,30061.15159081285,30069.498780936126,220
2023-10-28 01:21:00+00:00,30070.747405985345,30089.960873824886,30070.30767833388,30072.881933635264,391
2023-10-28 13:21:00+00:00,30070.141343583924,30088.28340803556,30060.094171625275,30070.323990198696,592
2023-10-29 01:21:00+00:00,30068.9994435864,30086.4498693318,30053.41887447982,30067.51291112097,781
2023-10-29 13:21:00+00:00,30068.928951422404,30085.335579032635,30057.800830010972,30067.032650520097,462
2023-10-30 01:21:00+00:00,30069.589618766164,30085.230329793358,30053.319967284067,30069.817332272083,713
2023-10-30 13:21:00+00:00,30070.60137881278,30080.558718694723,30053.655416151025,30070.82413533537,149
2023-10-31 01:21:00+00:00,30072.36627562419,30087.563325572748,30065.692897037945,30072.38914072033,700
2023-10-31 13:21:00+00:00,30071.730800561865,30078.490413531286,30056.162602644225,30071.015962195946,235
2023-11-01 01:21:00+00:00,30071.71352014751,30078.18623756451,30070.32531753791,30070.61877059374,307
2023-11-01 13:21:00+00:00,30073.005103380798,30078.682192375443,30056.276168472017,30071.25927813276,197
2023-11-02 01:21:00+00:00,30073.45066201731,30084.41136026638,30059.981853856094,30073.401320713223,508
2023-11-02 13:21:00+00:00,30072.322744521436,30083.59694569682,30060.62101359403,30071.438471869158,601
2023-11-03 01:21:00+00:00,30072.79740900686,30075.47459413713,30061.497018666636,30072.632890187662,211
2023-11-03 13:21:00+00:00,30074.068795709132,30090.526798284904,30073.922008547786,30075.239356072278,782
2023-11-04 01:21:00+00:00,30069.82166623915,30085.551682406876,30061.595981641665,30069.700134662708,988
2023-11-04 13:21:00+00:00,30070.50428681166,30080.720502679753,30060.755725775478,30071.067116209473,872
2023-11-05 01:21:00+00:00,30070.775863444687,30083.932624661844,30063.298344106985,30072.341326436817,481
2023-11-05 13:21:00+00:00,30070.15957238737,30090.014606748075,30059.46902474921,30069.537775138742,658
2023-11-06 01:21:00+00:00,30071.649421889684,30072.796156543143,30064.122977074814,30071.1384769434,607
2023-11-06 13:21:00+00:00,30072.508402221825,30081.11751456321,30064.220857126697,30071.206141863055,326
2023-11-07 01:21:00+00:00,30072.753747392486,30080.20560729559,30054.946641594568,30072.566240466836,886
2023-11-07 13:21:00+00:00,30074.231503617873,30079.218275258132,30066.563897691936,30073.511423097087,869
2023-11-08 01:21:00+00:00,30074.07802431553,30088.916457229545,30070.95445129657,30074.289253633746,722
2023-11-08 13:21:00+00:00,30075.640659941033,30079.1250873602,30062.990268126756,30075.030345453702,509
2023-11-09 01:21:00+00:00,30075.96621208416,30092.820335888708,30061.392364761763,30076.870093350866,806
2023-11-09 13:21:00+00:00,30075.90689005115,30092.70768910201,30068.476179468846,30075.519061404404,874
2023-11-10 01:21:00+00:00,30076.30923481976,30084.528114830864,30073.0863268014,30076.088980944845,222
2023-11-10 13:21:00+00:00,30075.085391991277,30092.189379803734,30070.299250473392,30075.31659998197,908
2023-11-11 01:21:00+00:00,30074.720488356652,30082.149399216698,30069.268567153962,30074.176547079045,645
2023-11-11 13:21:00+00:00,30073.280764579733,30074.083294537413,30066.04365678416,30073.835629124216,590
2023-11-12 01:21:00+00:00,30073.83280832156,30080.628799846,30066.051979253887,30073.665535203156,485
2023-11-12 13:21:00+00:00,30074.374457629478,30086.983434153826,30057.318627731125,30075.42826725286,316
2023-11-13 01:21:00+00:00,30073.79098018442,30079.033293546927,30065.014543867826,30074.539964167256,655
2023-11-13 13:21:00+00:00,30071.825304223796,30073.004829024518,30067.224736934193,30071.117853768505,819
2023-11-14 01:21:00+00:00,30071.52881857231,30078.863551972947,30064.28950709148,30071.266206326523,953
2023-11-14 13:21:00+00:00,30069.778818806797,30089.200492743606,30067.598290655013,30069.3140518604,582
2023-11-15 01:21:00+00:00,30071.76345900326,30081.584262412176,30054.011764116272,30072.655376386014,559
2023-11-15 13:21:00+00:00,30071.79896855826,30087.229133259487,30066.017268987092,30073.48194133509,535
2023-11-16 01:21:00+00:00,30071.775265191605,30088.491370912674,30055.915431754238,30071.94840227226,403
2023-11-16 13:21:00+00:00,30071.43087299921,30088.951640536794,30051.84224491628,30072.61922555975,941
2023-11-17 01:21:00+00:00,30070.990537909416,30086.67261875955,30053.390780897476,30071.153692861382,974
2023-11-17 13:21:00+00:00,30071.056120924874,30084.434197801602,30067.774530597955,30070.83462423967,440
2023-11-18 01:21:00+00:00,30070.18569817864,30070.306274792747,30065.051593255266,30071.015902603613,714
2023-11-18 13:21:00+00:00,30068.56103009279,30085.698821779617,30066.368802604404,30068.19213713281,613
2023-11-19 01:21:00+00:00,30068.620585321252,30085.71569292236,30055.123996433813,30069.021756415066,765
2023-11-19 13:21:00+00:00,30068.782494489245,30087.65885731288,30062.48873684488,30069.146416572043,799
2023-11-20 01:21:00+00:00,30068.681889148662,30078.617600777732,30054.510453355844,30067.699226334284,182
2023-11-20 13:21:00+00:00,30069.293382264914,30070.01509670616,30067.893939059933,30070.27534888818,510
2023-11-21 01:21:00+00:00,30069.91160141714,30084.46528619312,30057.43081698088,30071.218635786092,711
2023-11-21 13:21:00+00:00,30071.348878704026,30075.630378106318,30064.735769992647,30072.730454629003,626
2023-11-22 01:21:00+00:00,30070.77224649911,30082.143747150643,30069.189815307316,30070.44668483948,721
2023-11-22 13:21:00+00:00,30070.244219079766,30074.02687457964,30058.691403947647,30070.57572167903,104
2023-11-23 01:21:00+00:00,30071.262523731366,30076.67998767349,30059.230767483612,30072.40063053851,997
2023-11-23 13:21:00+00:00,30071.647883172198,30074.27237932995,30055.315191081238,30070.724084943955,875
2023-11-24 01:21:00+00:00,30071.342906754562,30083.28828349184,30063.328812277887,30070.33800480426,508
2023-11-24 13:21:00+00:00,30072.600795565268,30092.19625140518,30052.651695391487,30072.171606050983,409
2023-11-25 01:21:00+00:00,30072.570710683918,30083.03361868328,30061.326677841436,30073.62587167275,164
2023-11-25 13:21:00+00:00,30073.05894514899,30079.648817819707,30064.845987719622,30071.565609218425,923
2023-11-26 01:21:00+00:00,30073.829198198746,30083.950992943155,30065.82996210499,30073.11141880451,365
2023-11-26 13:21:00+00:00,30072.641981730598,30084.85369751234,30067.08216308221,30072.847945416666,386
2023-11-27 01:21:00+00:00,30071.858719173277,30083.9168139162,30056.40749985493,30071.950653670545,261
2023-11-27 13:21:00+00:00,30071.27069935324,30082.307299494783,30069.839440652664,30072.293247242702,971
2023-11-28 01:21:00+00:00,30072.14798629497,30075.54536637966,30058.46981009272,30073.69556094989,315
2023-11-28 13:21:00+00:00,30071.273033580546,30075.622862519052,30063.55397361231,30071.739310561472,948
2023-11-29 01:21:00+00:00,30071.6194983319,30081.584041775663,30051.931687021028,30071.006931861753,622
2023-11-29 13:21:00+00:00,30069.895760705927,30072.17039630035,30054.311330884877,30070.26993365112,732
2023-11-30 01:21:00+00:00,30071.049969084906,30086.17899185057,30058.612374760007,30073.477598656114,672
2023-11-30 13:21:00+00:00,30071.882514850127,30080.81590757011,30058.528963986304,30071.265658944212,404
2023-12-01 01:21:00+00:00,30071.316207397067,30082.490013631654,30059.077267853736,30072.10448236996,234
2023-12-01 13:21:00+00:00,30071.33293961067,30086.033639911042,30066.307982180377,30071.71480469583,815
2023-12-02 01:21:00+00:00,30070.922403178392,30090.604050951384,30056.54333951961,30069.299935342886,853
2023-12-02 13:21:00+00:00,30071.646769545572,30082.576105194537,30070.872763439507,30071.79667098818,428
2023-12-03 01:21:00+00:00,30072.66696197615,30076.57724432794,30057.40096925495,30072.02355847514,955
2023-12-03 13:21:00+00:00,30072.58896588328,30079.816784157756,30054.13277146181,30071.69983282335,614
2023-12-04 01:21:00+00:00,30071.24919707902,30080.821888516348,30060.528679512176,30071.57406286169,372
2023-12-04 13:21:00+00:00,30071.96239994026,30084.94934555838,30053.22141095602,30071.653966167723,288
2023-12-05 01:21:00+00:00,30070.232568394946,30077.6354696584,30067.545067659594,30068.72770072532,913
2023-12-05 13:21:00+00:00,30069.03107424108,30084.093151249763,30064.231030612355,30068.37518829543,817
2023-12-06 01:21:00+00:00,30069.611872433994,30074.644439770476,30053.990443185165,30068.112731920028,881
2023-12-06 13:21:00+00:00,30070.501062182717,30085.478290418876,30062.631626576225,30070.82973189503,257
2023-12-07 01:21:00+00:00,30070.038774155193,30071.50301194202,30067.144201607196,30068.86580679001,136
2023-12-07 13:21:00+00:00,30069.916301566773,30070.074958178575,30068.77806800563,30071.26592369706,537
2023-12-08 01:21:00+00:00,30070.105681572164,30088.430945787695,30057.755315054255,30068.88155397799,634
2023-12-08 13:21:00+00:00,30069.25915740716,30086.86483414422,30060.53324537921,30068.89757223141,666
2023-12-09 01:21:00+00:00,30070.14130729003,30079.710618694568,30052.677836253177,30069.22610133109,769
2023-12-09 13:21:00+00:00,30069.937604227693,30079.546742885428,30067.21259847442,30070.530164916585,735
2023-12-10 01:21:00+00:00,30069.12137496786,30078.728683206355,30059.833916409276,30069.74669572798,915
2023-12-10 13:21:00+00:00,30068.95637061035,30088.71008059504,30063.493516114817,30067.072053627166,574
2023-12-11 01:21:00+00:00,30069.197457454746,30077.836503087903,30066.61991004324,30069.12578342312,270
2023-12-11 13:21:00+00:00,30067.94536413436,30079.384406424775,30054.68367187339,30067.559981687056,653
2023-12-12 01:21:00+00:00,30068.778610682533,30078.221098755443,30066.57881712521,30070.1182338774,215
2023-12-12 13:21:00+00:00,30068.883518869137,30084.02771147604,30054.595880920777,30070.132957083977,818
2023-12-13 01:21:00+00:00,30068.253637330265,30078.872113692953,30054.41331557939,30067.94987123438,873
2023-12-13 13:21:00+00:00,30068.873896556786,30072.538219413196,30059.54702701096,30068.33987745075,996
2023-12-14 01:21:00+00:00,30068.68385476542,30074.443330805916,30066.813145977583,30069.2786219584,627
2023-12-14 13:21:00+00:00,30069.0766586613,30082.366539222,30054.097547101028,30068.92061971426,199
2023-12-15 01:21:00+00:00,30069.74144952487,30087.261216892868,30067.11103116609,30069.000203562635,163
2023-12-15 13:21:00+00:00,30072.320129168213,30075.893109039334,30064.819900400205,30072.02847605787,289
2023-12-16 01:21:00+00:00,30071.97612799178,30079.78987376205,30058.248503744835,30072.37470351051,662
2023-12-16 13:21:00+00:00,30073.39822490465,30086.083777154476,30063.775084788682,30072.97276448579,746
2023-12-17 01:21:00+00:00,30073.905478337016,30092.55336142547,30067.44562008053,30073.92980424021,391
2023-12-17 13:21:00+00:00,30074.36757012095,30080.1703659162,30074.17869165984,30072.265646705262,408
2023-12-18 01:21:00+00:00,30075.484671653016,30088.054122731326,30064.343439786255,30074.79763292433,675
2023-12-18 13:21:00+00:00,30074.133290396883,30088.678434611043,30063.413962455215,30073.037369354104,916
2023-12-19 01:21:00+00:00,30074.84802796902,30084.126027824826,30063.31292508086,30075.57826534779,114
2023-12-19 13:21:00+00:00,30076.105692052595,30082.84597300689,30073.850702718322,30074.694215940846,371
2023-12-20 01:21:00+00:00,30076.394597442995,30092.659662905146,30060.441195348885,30076.992105581987,644
2023-12-20 13:21:00+00:00,30076.2804828275,30082.4721944713,30073.528987364974,30075.628130202746,402
2023-12-21 01:21:00+00:00,30076.008832801064,30080.069950837373,30059.467729868604,30076.553082144776,129
2023-12-21 13:21:00+00:00,30075.595960006507,30078.962291364514,30069.899423650906,30076.664362134947,547
2023-12-22 01:21:00+00:00,30075.198113127753,30078.49437007053,30072.621380541554,30074.32739312096,915
2023-12-22 13:21:00+00:00,30075.695769927268,30076.850084409467,30060.12319314676,30075.48990139107,743
2023-12-23 01:21:00+00:00,30076.29734335702,30079.238606092254,30071.79739912891,30077.434472286775,756
2023-12-23 13:21:00+00:00,30076.39364861119,30090.703026314626,30069.45400312236,30074.395986806805,312
2023-12-24 01:21:00+00:00,30075.221854536532,30089.584133938388,30074.283173961634,30075.279446495337,890
2023-12-24 13:21:00+00:00,30074.310895882623,30093.10607682549,30074.14614533932,30076.246175722496,403
2023-12-25 01:21:00+00:00,30075.593333759778,30087.057576621715,30063.605201053804,30075.256305545645,784
2023-12-25 13:21:00+00:00,30075.775280509693,30091.264393171554,30062.946148055664,30075.52274314158,219
2023-12-26 01:21:00+00:00,30077.202898733387,30080.932946671473,30064.17694989848,30077.533024306696,317
2023-12-26 13:21:00+00:00,30075.769262900547,30090.83277787231,30072.706958670045,30076.08437387649,559
2023-12-27 01:21:00+00:00,30075.34929469712,30090.006427385135,30066.926918981844,30075.69599057561,201
2023-12-27 13:21:00+00:00,30074.691395553684,30086.882406001638,30074.223890423975,30074.291809234353,466
2023-12-28 01:21:00+00:00,30074.90416078513,30087.823131058307,30073.45249425236,30074.07768260651,882
2023-12-28 13:21:00+00:00,30075.508401705923,30086.652670715142,30074.949420353667,30075.739026431547,482
2023-12-29 01:21:00+00:00,30075.023340119256,30086.466683343053,30063.091737960673,30073.84301639001,750
2023-12-29 13:21:00+00:00,30075.21421396004,30080.91599713255,30067.857021628988,30076.17300348769,180
2023-12-30 01:21:00+00:00,30075.71612941501,30077.146129845307,30068.29019244304,30076.208391743523,894
2023-12-30 13:21:00+00:00,30076.19326366523,30090.465232016635,30060.28846749438,30075.97690158115,641
2023-12-31 01:21:00+00:00,30077.838153240107,30087.004145911662,30059.06528500652,30077.574013634283,441
2023-12-31 13:21:00+00:00,30077.79937664353,30082.58998516699,30069.583339198518,30077.141375912364,685
2024-01-01 01:21:00+00:00,30078.502844526098,30086.20854265948,30075.86054116667,30078.273535702232,567
2024-01-01 13:21:00+00:00,30077.43064729489,30090.769182200856,30073.164427543164,30078.52352852331,180
2024-01-02 01:21:00+00:00,30076.830627651107,30089.833099565916,30068.036614909626,30075.858072184983,411
2024-01-02 13:21:00+00:00,30076.12243696884,30082.814874351097,30072.58600293535,30075.655798981596,792
2024-01-03 01:21:00+00:00,30075.344454065296,30077.07561899119,30072.541229990966,30073.9219392694,630
2024-01-03 13:21:00+00:00,30074.538840101504,30091.33426084929,30068.196741926044,30074.898632472396,711
2024-01-04 01:21:00+00:00,30073.515097500836,30076.000368173354,30063.298353532646,30074.284319316976,337
2024-01-04 13:21:00+00:00,30072.14345347135,30075.300337081066,30063.332257062455,30073.430001470166,383
2024-01-05 01:21:00+00:00,30072.973302281138,30092.77257116965,30061.25649267246,30073.898646536927,362
2024-01-05 13:21:00+00:00,30072.889947319487,30082.600071325374,30066.76378623202,30071.347125080327,892
2024-01-06 01:21:00+00:00,30072.98833405376,30081.671125321565,30062.186254682503,30074.215061132087,868
2024-01-06 13:21:00+00:00,30074.38848703001,30081.46119526753,30061.48330383058,30075.465185787503,741
2024-01-07 01:21:00+00:00,30074.267776430184,30088.016550053686,30064.210299674556,30073.917100057963,249
2024-01-07 13:21:00+00:00,30074.594242231295,30086.121452977117,30064.92791906455,30073.35038918519,756
2024-01-08 01:21:00+00:00,30072.860768639428,30080.890630561207,30059.098479461853,30072.765695099923,318
2024-01-08 13:21:00+00:00,30073.02165260691,30083.846274995463,30061.79840325624,30072.32877859993,748
2024-01-09 01:21:00+00:00,30072.73881938382,30089.43324864405,30064.693839199568,30073.654284570788,368
2024-01-09 13:21:00+00:00,30072.577814814722,30086.40015643422,30053.91009802413,30072.320439417155,412
2024-01-10 01:21:00+00:00,30071.462911082468,30086.413370385937,30053.839054618682,30070.551973908456,195
2024-01-10 13:21:00+00:00,30071.160394636616,30085.156152574495,30057.10506008969,30070.38196630477,136
2024-01-11 01:21:00+00:00,30069.338207941226,30085.96289014539,30069.248070290858,30068.6057094494,878
2024-01-11 13:21:00+00:00,30069.285178948536,30078.960718551316,30059.163973852883,30069.267724752914,555
2024-01-12 01:21:00+00:00,30068.50965934103,30084.47134723995,30049.085271955308,30070.538755989306,198
2024-01-12 13:21:00+00:00,30067.447256669726,30083.971735874933,30056.946798657336,30067.633844828215,632
2024-01-13 01:21:00+00:00,30067.067247180654,30086.695035750425,30053.558707881737,30066.445719174768,395
2024-01-13 13:21:00+00:00,30066.87065482425,30081.36489912152,30055.764637885477,30066.806508748377,938
2024-01-14 01:21:00+00:00,30066.935977976693,30069.143881670345,30061.06071668366,30065.45110447806,438
2024-01-14 13:21:00+00:00,30068.51949729303,30086.559673981734,30053.49549897468,30068.110336885366,800
2024-01-15 01:21:00+00:00,30067.710358925826,30076.160343301668,30061.81616174174,30067.54800452173,629
2024-01-15 13:21:00+00:00,30065.08835657993,30072.17029189736,30045.969903795558,30064.666998807676,128
2024-01-16 01:21:00+00:00,30065.398518389946,30068.9042794907,30048.752038198927,30066.35397653667,117
2024-01-16 13:21:00+00:00,30063.967567614938,30071.385806980306,30047.371223845854,30062.88873693461,367
2024-01-17 01:21:00+00:00,30065.119817982144,30085.024817485148,30051.944218657438,30063.28870368119,275
2024-01-17 13:21:00+00:00,30064.89446184539,30083.667562643594,30053.92974313822,30064.649706080436,644
2024-01-18 01:21:00+00:00,30064.784546495925,30080.882762934816,30052.6878838341,30067.516434889538,358
2024-01-18 13:21:00+00:00,30063.72921919957,30075.19051249612,30052.992547245023,30064.838846531205,904
2024-01-19 01:21:00+00:00,30063.09494465747,30075.639122101333,30050.58477566489,30062.523497959257,746
2024-01-19 13:21:00+00:00,30061.669623557613,30070.01470889407,30054.59778876725,30063.024939287592,797
2024-01-20 01:21:00+00:00,30062.158608301906,30069.79928491504,30052.347831880656,30062.43147809218,538
2024-01-20 13:21:00+00:00,30061.89107062967,30078.182920556268,30050.849507073293,30064.6733992633,668
2024-01-21 01:21:00+00:00,30061.680176295584,30078.361395220076,30048.538393184273,30061.33252913992,211
2024-01-21 13:21:00+00:00,30061.794458468023,30061.811357698632,30058.7797039337,30060.93094944575,451
2024-01-22 01:21:00+00:00,30062.30559623555,30072.092607553288,30050.831101603824,30061.70825560421,273
2024-01-22 13:21:00+00:00,30060.377783183303,30078.620240105105,30040.871257462873,30060.935629169926,505
2024-01-23 01:21:00+00:00,30060.12876591804,30072.670796634775,30059.024339048516,30059.349274440498,941
2024-01-23 13:21:00+00:00,30060.672348121763,30078.61181179281,30060.5884775002,30061.232261040124,532
2024-01-24 01:21:00+00:00,30061.24045110931,30062.800480383707,30052.387094394613,30060.686601842637,685
2024-01-24 13:21:00+00:00,30062.854376937354,30076.870875211247,30050.844339803938,30063.549110866592,941
2024-01-25 01:21:00+00:00,30062.66026554235,30068.490699850547,30052.581416394616,30061.197654143863,204
2024-01-25 13:21:00+00:00,30063.041091144714,30080.995725806817,30047.09750292318,30065.05225297076,703
2024-01-26 01:21:00+00:00,30063.60986803022,30075.19727209119,30056.840595736652,30064.181595283953,556
2024-01-26 13:21:00+00:00,30063.323834119117,30068.12423657274,30048.616235284564,30063.239941223765,839
2024-01-27 01:21:00+00:00,30065.020935328474,30072.629938315236,30059.99467031006,30066.641208653466,925
2024-01-27 13:21:00+00:00,30063.717644406446,30074.55810250926,30050.116324708044,30062.56255617555,987
2024-01-28 01:21:00+00:00,30062.740080973526,30081.34949165885,30056.396913689547,30063.734172636174,330
2024-01-28 13:21:00+00:00,30064.55787960236,30076.342998355023,30058.123740348794,30066.159625094497,353
2024-01-29 01:21:00+00:00,30063.023461674573,30082.62492139056,30050.74498566752,30062.501983371556,594
2024-01-29 13:21:00+00:00,30062.780762341135,30072.614078533785,30061.244275520065,30062.31089629742,364
2024-01-30 01:21:00+00:00,30063.27550817165,30070.965462457843,30061.536253039743,30064.161906227353,203
2024-01-30 13:21:00+00:00,30062.19413295493,30071.411166864895,30056.156758344,30061.595874448194,241
2024-01-31 01:21:00+00:00,30063.313258852046,30069.02983740868,30044.621775174404,30063.433462883066,580
2024-01-31 13:21:00+00:00,30063.195738211176,30067.06243207209,30053.03254493799,30061.42932375903,878
2024-02-01 01:21:00+00:00,30063.36323470244,30063.737397698154,30062.203418391942,30064.04726183292,592
2024-02-01 13:21:00+00:00,30062.475370914664,30076.91789037837,30059.603624652602,30061.843198147242,891
2024-02-02 01:21:00+00:00,30064.755764088357,30079.90357706482,30064.406172308965,30065.592782646083,757
2024-02-02 13:21:00+00:00,30063.18521909959,30066.599257487673,30050.13169508851,30062.80612122938,664
2024-02-03 01:21:00+00:00,30064.313822113116,30071.09522868637,30055.054829644305,30064.81035129979,233
2024-02-03 13:21:00+00:00,30065.312139025624,30080.501762939613,30056.64715127268,30064.283328830054,768
2024-02-04 01:21:00+00:00,30065.868737102177,30082.306905039164,30058.364043625785,30066.70911987915,280
2024-02-04 13:21:00+00:00,30066.13175123786,30076.5224665453,30046.617119400948,30065.896876007664,921
2024-02-05 01:21:00+00:00,30065.640610475722,30075.45614128999,30046.44136243465,30065.584384085112,937
2024-02-05 13:21:00+00:00,30066.57239582582,30080.99738213349,30051.1191960895,30066.432017028408,889
2024-02-06 01:21:00+00:00,30066.29998609535,30077.72359794121,30063.449262943705,30067.093483716733,345
2024-02-06 13:21:00+00:00,30066.371480683432,30078.98397725653,30063.562170626894,30065.951512381565,785
2024-02-07 01:21:00+00:00,30065.563873087467,30067.04636995098,30054.38665089143,30067.350637169464,720
2024-02-07 13:21:00+00:00,30066.129503445132,30072.404909907684,30047.27026478243,30066.77088762216,153
2024-02-08 01:21:00+00:00,30065.766466071145,30078.391312378597,30058.831215990092,30065.451427925007,394
2024-02-08 13:21:00+00:00,30066.132000083122,30077.49495270735,30066.008491465178,30064.331711100967,989
2024-02-09 01:21:00+00:00,30067.29921830475,30071.676437771388,30047.51732459992,30068.06023014063,186
2024-02-09 13:21:00+00:00,30066.477925171013,30081.719705567448,30049.083380344557,30066.300863405275,246
2024-02-10 01:21:00+00:00,30067.304250316454,30083.002197117214,30064.561208262276,30064.90167059238,679
2024-02-10 13:21:00+00:00,30067.78266103042,30075.34540293003,30054.527804983103,30067.900958813407,124
2024-02-11 01:21:00+00:00,30067.266257073363,30081.376581683595,30056.95615399311,30066.324800195805,518
2024-02-11 13:21:00+00:00,30067.32702353496,30077.859374329517,30056.272638765615,30066.989359935775,747
2024-02-12 01:21:00+00:00,30066.97634753974,30081.192267185026,30061.872897900532,30068.878252715618,583
2024-02-12 13:21:00+00:00,30066.996337116874,30077.231770838396,30050.92480105127,30067.11319777257,460
2024-02-13 01:21:00+00:00,30066.991944649122,30081.15875354944,30057.819263379617,30067.481038843947,605
2024-02-13 13:21:00+00:00,30067.19387628184,30083.62254373468,30056.819635168176,30068.03511158496,206
2024-02-14 01:21:00+00:00,30068.332484522518,30074.40502707926,30051.708995199337,30068.68710481938,526
2024-02-14 13:21:00+00:00,30067.942574213554,30074.99912526128,30053.915297977732,30069.741910373778,289
2024-02-15 01:21:00+00:00,30068.213706734892,30087.01102183041,30055.040527144072,30067.6514672198,537
2024-02-15 13:21:00+00:00,30068.430728509822,30087.490425374963,30057.65079990263,30068.7957350853,538
2024-02-16 01:21:00+00:00,30069.046928093238,30073.311286810273,30065.031957155807,30068.68916785748,389
2024-02-16 13:21:00+00:00,30067.71944563981,30077.633212130844,30061.060823179512,30068.294359769385,106
2024-02-17 01:21:00+00:00,30066.63322186923,30068.885082104443,30065.15687319074,30068.49142485023,393
2024-02-17 13:21:00+00:00,30068.767365405245,30088.126183518434,30058.03065171494,30069.147549953483,845
2024-02-18 01:21:00+00:00,30068.71181774752,30072.60635174797,30048.837150141844,30066.87252594118,959
2024-02-18 13:21:00+00:00,30065.930522111947,30079.617523863144,30052.4083648594,30066.499073756117,288
2024-02-19 01:21:00+00:00,30066.823470219657,30068.6549808133,30047.017032090243,30067.468505935274,639
2024-02-19 13:21:00+00:00,30067.10623894699,30072.856090956455,30049.268068218098,30066.196042568125,202
2024-02-20 01:21:00+00:00,30067.16189818457,30076.573459035662,30058.217541433853,30066.83738359655,268
2024-02-20 13:21:00+00:00,30068.148274631083,30068.444240198754,30059.528991444833,30067.080689797134,613
2024-02-21 01:21:00+00:00,30068.215793492727,30087.25520126562,30065.66562262059,30068.336467874342,270
2024-02-21 13:21:00+00:00,30070.107011947828,30072.604178815527,30056.770599181273,30069.436119161408,747
2024-02-22 01:21:00+00:00,30070.757147716387,30084.635217082323,30059.793222150805,30070.559117152392,677
2024-02-22 13:21:00+00:00,30070.59566813355,30076.12577510652,30063.139139112765,30071.006002035745,165
2024-02-23 01:21:00+00:00,30071.534999856656,30086.702312426864,30067.840891506876,30071.43122229434,606
2024-02-23 13:21:00+00:00,30072.176084905936,30083.375772741456,30069.649924281744,30072.88797413013,714
2024-02-24 01:21:00+00:00,30071.757247893715,30090.803470006147,30069.77734993097,30071.83146812867,725
2024-02-24 13:21:00+00:00,30073.154882336814,30088.994540776243,30068.244187850614,30073.22466552626,777
2024-02-25 01:21:00+00:00,30074.17046719807,30090.570139280793,30055.36732823735,30072.632244897613,845
2024-02-25 13:21:00+00:00,30074.4028355837,30091.793318365504,30073.410617103695,30074.12073053199,923
2024-02-26 01:21:00+00:00,30074.2607333229,30082.95186726029,30061.350088944244,30071.676423275097,488
2024-02-26 13:21:00+00:00,30075.083479452205,30091.21075557665,30072.709716139296,30076.330407293237,657
2024-02-27 01:21:00+00:00,30075.318358088494,30081.01365334846,30061.250419733882,30075.345608700878,700
2024-02-27 13:21:00+00:00,30075.729500496367,30088.31844114207,30071.954253367698,30076.722710876136,565
2024-02-28 01:21:00+00:00,30075.918078797375,30077.77514509048,30061.081241751508,30076.418665091354,537
2024-02-28 13:21:00+00:00,30075.848325641302,30079.403959636198,30058.566479466375,30076.185850466612,356
2024-02-29 01:21:00+00:00,30075.09089446357,30090.39853804526,30069.804692243906,30074.445632943185,344
2024-02-29 13:21:00+00:00,30076.98064563122,30090.472346573282,30062.24936197238,30079.09838132967,484
2024-03-01 01:21:00+00:00,30077.79553867455,30089.03693077201,30069.716094082665,30079.52184533144,933
2024-03-01 13:21:00+00:00,30079.05554979417,30090.039869382214,30069.43381957709,30079.299691988243,841
2024-03-02 01:21:00+00:00,30077.832070348788,30094.5233943228,30067.13869518984,30078.58654366372,463
2024-03-02 13:21:00+00:00,30078.483774229346,30079.98246395324,30071.0927603901,30078.473289147343,124
2024-03-03 01:21:00+00:00,30078.281051220823,30091.90471191474,30075.659258227737,30078.174036826913,213
2024-03-03 13:21:00+00:00,30078.700911047075,30081.299657250856,30077.77699471103,30078.735793955602,476
2024-03-04 01:21:00+00:00,30078.564022064795,30084.588942867613,30067.358047848822,30077.582307586923,246
2024-03-04 13:21:00+00:00,30077.927971045945,30096.73501891453,30064.284684457118,30077.38058221061,350
2024-03-05 01:21:00+00:00,30077.66263100868,30085.876640300736,30071.518297577597,30076.9828338252,657
2024-03-05 13:21:00+00:00,30077.801622205963,30093.239496222308,30067.843100969447,30077.320931737046,180
2024-03-06 01:21:00+00:00,30075.94911797282,30089.93545268052,30070.780181766502,30075.75075925207,203
2024-03-06 13:21:00+00:00,30075.86983912783,30086.88169948635,30063.78275029707,30075.45458885872,671
2024-03-07 01:21:00+00:00,30073.797440560622,30087.31547329629,30071.930112364695,30071.891695640457,779
2024-03-07 13:21:00+00:00,30073.15754939559,30083.876226839664,30070.509554485543,30073.941062665926,131
2024-03-08 01:21:00+00:00,30070.94455622431,30077.993724697048,30057.884786818162,30069.46635066447,444
2024-03-08 13:21:00+00:00,30071.33516280514,30088.82774557172,30055.904809146406,30074.02214097072,635
2024-03-09 01:21:00+00:00,30072.031455441953,30090.099676863036,30055.533247268933,30074.508267754336,202
2024-03-09 13:21:00+00:00,30071.206419948012,30089.28171637749,30053.853067121505,30069.377082809788,602
2024-03-10 01:21:00+00:00,30070.751710600285,30087.663868864292,30055.222539643917,30071.606920394268,247
2024-03-10 13:21:00+00:00,30069.441835255155,30076.68068038646,30069.336485426567,30070.248819422774,992
2024-03-11 01:21:00+00:00,30069.55995310115,30081.979814011225,30069.29003375779,30070.088749893956,857
2024-03-11 13:21:00+00:00,30071.149371584288,30088.565599426354,30063.121319599966,30071.175390531986,435
2024-03-12 01:21:00+00:00,30069.68311201329,30081.403063991722,30049.702302646685,30071.156400561005,248
2024-03-12 13:21:00+00:00,30071.01785512607,30088.25693586791,30068.284952324437,30070.23560325274,999
2024-03-13 01:21:00+00:00,30070.144736024416,30087.475106001046,30052.260977761525,30070.8931360695,774
2024-03-13 13:21:00+00:00,30071.204759296223,30077.780939227574,30054.90038109383,30070.623571859483,387
2024-03-14 01:21:00+00:00,30068.695112577236,30070.64246860568,30055.327550055456,30068.78157130867,849
2024-03-14 13:21:00+00:00,30068.990704643933,30087.685091870586,30059.315925702766,30069.631986009226,655
2024-03-15 01:21:00+00:00,30067.88115365208,30069.725561214847,30064.579678436246,30067.95187565035,846
2024-03-15 13:21:00+00:00,30068.04455690748,30085.221410538943,30050.598016908047,30067.850731783325,222
2024-03-16 01:21:00+00:00,30066.56537879155,30066.701382251023,30058.444598612634,30068.33940320606,841
2024-03-16 13:21:00+00:00,30066.23368664099,30069.086795394735,30049.151757411746,30065.67208146848,759
2024-03-17 01:21:00+00:00,30066.421275026947,30079.098411486848,30053.133828441027,30065.191692192544,290
2024-03-17 13:21:00+00:00,30065.962066500313,30077.289298458167,30065.90474021643,30065.132087987433,955
2024-03-18 01:21:00+00:00,30066.691212925365,30080.42752887021,30059.95567558083,30067.229457221278,961
2024-03-18 13:21:00+00:00,30065.683276605658,30085.48658033082,30057.17173861378,30065.53084860294,799
2024-03-19 01:21:00+00:00,30065.42446706367,30069.894570466746,30056.627664100328,30065.388747764053,652
2024-03-19 13:21:00+00:00,30063.902808507384,30083.59795436982,30057.158313007265,30064.221335570324,395
2024-03-20 01:21:00+00:00,30063.01457830733,30067.25611137072,30048.289655779954,30061.449163602436,589
2024-03-20 13:21:00+00:00,30061.182545339634,30064.9339226019,30050.879145928142,30061.450563601058,912
2024-03-21 01:21:00+00:00,30061.374017298876,30068.230183010663,30058.46714860043,30061.473793844925,583
2024-03-21 13:21:00+00:00,30062.39877641399,30077.378873574387,30055.344784887875,30062.760156250115,393
2024-03-22 01:21:00+00:00,30063.12367700562,30070.27141193195,30058.18718685704,30061.418881938054,677
2024-03-22 13:21:00+00:00,30063.055280824487,30065.385996067034,30051.029630207944,30062.651376606776,612
2024-03-23 01:21:00+00:00,30062.576474063833,30071.68133859058,30052.85695029455,30063.60029246832,924
2024-03-23 13:21:00+00:00,30064.844136016603,30066.259273342166,30052.313155539126,30066.027358231902,252
2024-03-24 01:21:00+00:00,30065.491404854885,30077.498012556774,30048.192972064233,30063.597947805534,430
2024-03-24 13:21:00+00:00,30064.699556490294,30084.31311984828,30046.362534262422,30064.979788824232,319
2024-03-25 01:21:00+00:00,30065.161092649305,30069.959667126437,30049.804713720903,30064.86423975492,746
2024-03-25 13:21:00+00:00,30064.350020750557,30066.63367132362,30050.692987408052,30063.30776554566,610
2024-03-26 01:21:00+00:00,30064.121431296597,30078.969873220412,30060.017822977064,30065.469842236744,547
2024-03-26 13:21:00+00:00,30066.45770683101,30085.695703436253,30055.782645848274,30066.93189331302,239
2024-03-27 01:21:00+00:00,30067.34753412438,30067.955574015836,30065.155845147405,30066.38758215747,146
2024-03-27 13:21:00+00:00,30066.30343941411,30085.948810896592,30058.75403673999,30065.91033890723,844
2024-03-28 01:21:00+00:00,30066.318710241194,30079.520945984346,30063.483933478714,30066.076639822724,654
2024-03-28 13:21:00+00:00,30066.624260847253,30083.206678601236,30056.278160397025,30067.88181379401,979
2024-03-29 01:21:00+00:00,30063.187624898324,30080.967477547583,30057.628853933747,30063.870807677722,261
2024-03-29 13:21:00+00:00,30063.889260650063,30078.42741509504,30049.10428529744,30063.77034234764,754
2024-03-30 01:21:00+00:00,30064.36731645947,30079.171051008256,30053.43405781322,30064.821471851254,442
2024-03-30 13:21:00+00:00,30064.608770601102,30065.29183616397,30055.259064279137,30066.43064836681,911
2024-03-31 01:21:00+00:00,30063.407647504086,30066.774978125188,30052.83509937255,30062.959415806974,849
2024-03-31 13:21:00+00:00,30064.61508128171,30079.92695233364,30059.220457160933,30065.705994077147,679
2024-04-01 01:21:00+00:00,30063.967240066882,30079.52790016227,30059.412321606233,30063.824170054777,465
2024-04-01 13:21:00+00:00,30063.440435514472,30071.462899054033,30049.689874897325,30063.42016080892,298
2024-04-02 01:21:00+00:00,30062.97929795033,30075.437074556026,30044.843282785976,30064.435369658655,786
2024-04-02 13:21:00+00:00,30061.841129921875,30077.303291550492,30045.98802416566,30059.94144894049,806
2024-04-03 01:21:00+00:00,30063.502065956534,30065.751151824883,30058.79044303546,30062.935239414892,850
2024-04-03 13:21:00+00:00,30063.82738658855,30067.346522893065,30050.10313553604,30066.25199259031,715
2024-04-04 01:21:00+00:00,30063.119951880893,30074.640076279127,30055.36622935976,30063.01339146384,891
2024-04-04 13:21:00+00:00,30061.297061293713,30079.627287386662,30051.566366924948,30062.00647922979,725
2024-04-05 01:21:00+00:00,30062.537396372634,30075.778422203344,30054.01990532859,30062.352941498044,966
2024-04-05 13:21:00+00:00,30061.919449255707,30062.693098137996,30054.730435640635,30061.862211133637,308
2024-04-06 01:21:00+00:00,30059.968193562865,30069.55350731309,30053.75150786249,30058.03967823362,691
2024-04-06 13:21:00+00:00,30060.454848971596,30068.670283288106,30048.573000313732,30060.43476356921,588
2024-04-07 01:21:00+00:00,30061.317680970937,30075.759829821047,30053.281512407517,30060.364282061335,357
2024-04-07 13:21:00+00:00,30059.98770009353,30068.648153201026,30045.598830021987,30060.767569301457,707
2024-04-08 01:21:00+00:00,30061.056100563237,30079.419860348105,30049.457183308063,30060.139965840375,681
2024-04-08 13:21:00+00:00,30061.59331267884,30072.866288689653,30058.321407533273,30061.739406290613,524
2024-04-09 01:21:00+00:00,30062.919966487323,30075.714429246815,30050.994633592614,30061.531719667495,200
2024-04-09 13:21:00+00:00,30064.760128990172,30081.977096197224,30057.057445655082,30064.18015557827,678
2024-04-10 01:21:00+00:00,30062.194618643844,30066.867595245036,30044.190768360164,30060.29820821689,253
2024-04-10 13:21:00+00:00,30061.493241611497,30063.28320776184,30049.822569339743,30060.53770406687,250
2024-04-11 01:21:00+00:00,30062.085010300263,30069.923959789612,30058.202803340067,30062.43422764981,226
2024-04-11 13:21:00+00:00,30061.181018573854,30073.876233369025,30061.04733807765,30060.57238236537,868
2024-04-12 01:21:00+00:00,30061.004973746112,30073.195564187252,30052.439252555272,30061.197429353077,228
2024-04-12 13:21:00+00:00,30061.169545857007,30065.446069138237,30060.69372345742,30060.540695214553,854
2024-04-13 01:21:00+00:00,30062.06436065927,30076.284259280943,30054.082321190184,30063.437673782388,481
2024-04-13 13:21:00+00:00,30062.624173203043,30066.747561713797,30060.358609734958,30062.790244148197,178
2024-04-14 01:21:00+00:00,30063.129600220127,30072.224486645526,30050.389431307583,30063.358124421688,823
2024-04-14 13:21:00+00:00,30063.355047087083,30078.938121272608,30058.840315795915,30062.288440961485,855
2024-04-15 01:21:00+00:00,30064.620785413157,30070.967766681137,30050.555056798803,30064.35551600676,107
2024-04-15 13:21:00+00:00,30064.69808250286,30067.280182942643,30058.95085657383,30066.215296013477,933
2024-04-16 01:21:00+00:00,30064.637084457667,30066.15870953495,30064.50604370218,30065.75529411227,952
2024-04-16 13:21:00+00:00,30066.709950097415,30086.155328335622,30062.43149764808,30067.346519327035,612
2024-04-17 01:21:00+00:00,30069.15177583151,30072.57341873779,30065.47045140398,30069.704941999018,615
2024-04-17 13:21:00+00:00,30068.40129047557,30073.291763732108,30060.1484415561,30069.669466839423,294
2024-04-18 01:21:00+00:00,30067.41332687218,30080.918226102778,30062.255732291895,30069.26489756906,587
2024-04-18 13:21:00+00:00,30067.406568901508,30080.88570914265,30052.734754774363,30067.054438710467,337
2024-04-19 01:21:00+00:00,30066.620027834095,30073.26218784644,30058.87731117537,30065.95677793981,959
2024-04-19 13:21:00+00:00,30064.532357012435,30080.682826339817,30054.176700425156,30064.076385552395,574
2024-04-20 01:21:00+00:00,30062.621909042762,30068.813894095274,30044.19412269925,30062.766588324772,611
2024-04-20 13:21:00+00:00,30063.75289323426,30075.179042579413,30045.912332838372,30063.610752280616,364
2024-04-21 01:21:00+00:00,30064.14278954921,30074.84516895903,30047.36923019605,30064.73654587414,867
2024-04-21 13:21:00+00:00,30062.77859545744,30080.712821219353,30051.100869592876,30064.427830015895,702
2024-04-22 01:21:00+00:00,30063.04718896091,30065.14123063183,30052.68264754292,30062.50275273169,850
2024-04-22 13:21:00+00:00,30063.19834512507,30073.477943873568,30049.353878896258,30062.916502884753,767
2024-04-23 01:21:00+00:00,30062.905073614547,30064.33191956391,30050.579667394584,30063.2245497015,562
2024-04-23 13:21:00+00:00,30063.47169696252,30065.878413049548,30048.459363163154,30062.110013833335,876
2024-04-24 01:21:00+00:00,30063.520209545117,30078.015757511017,30058.491869818343,30062.14626509216,884
2024-04-24 13:21:00+00:00,30064.136833394503,30078.189478890497,30046.717808867306,30062.723687650283,201
2024-04-25 01:21:00+00:00,30062.65872790262,30063.5090290515,30047.457192483893,30062.963051706425,109
2024-04-25 13:21:00+00:00,30063.274319215492,30079.574712665708,30058.69497747249,30063.781316937526,275
2024-04-26 01:21:00+00:00,30063.907001518095,30076.77978424781,30051.381568053657,30062.75584287419,186
2024-04-26 13:21:00+00:00,30062.738320888042,30082.72360789864,30060.588463819255,30062.164436613653,976
2024-04-27 01:21:00+00:00,30063.020818650937,30070.740156155505,30052.178566177507,30062.299498828215,849
2024-04-27 13:21:00+00:00,30063.58193048397,30080.67405512589,30057.51003802447,30062.110451608296,912
2024-04-28 01:21:00+00:00,30061.69917859535,30063.492123452987,30044.221139585992,30060.7348638011,917
2024-04-28 13:21:00+00:00,30062.38549495146,30068.293671720567,30044.814071439443,30061.12110772062,822
2024-04-29 01:21:00+00:00,30063.19138638666,30082.368357298143,30052.203764242764,30063.030818661526,453
2024-04-29 13:21:00+00:00,30061.47098458359,30074.43122116655,30059.102761504826,30059.738051344997,391
2024-04-30 01:21:00+00:00,30061.156230550845,30064.9965824163,30046.785722866927,30060.65366030171,776
2024-04-30 13:21:00+00:00,30060.57209072001,30062.612821831808,30052.89763800142,30061.592718367247,476
2024-05-01 01:21:00+00:00,30059.982339680377,30077.584838378254,30042.42112705757,30060.350403373355,322
2024-05-01 13:21:00+00:00,30060.312961130887,30068.940698216076,30050.7194606222,30062.620210865534,430
2024-05-02 01:21:00+00:00,30058.44661819512,30061.880899851407,30049.321183305605,30060.100440435453,395
2024-05-02 13:21:00+00:00,30058.97152305372,30070.54651061993,30047.812206211067,30060.147118546152,853
2024-05-03 01:21:00+00:00,30058.81471612822,30059.2911616101,30057.52337234066,30059.473485340037,667
2024-05-03 13:21:00+00:00,30060.66310112557,30066.649975090902,30056.868489235672,30059.320069777674,525
2024-05-04 01:21:00+00:00,30061.274530725575,30076.186327158124,30055.881420091577,30062.34545112773,604
2024-05-04 13:21:00+00:00,30060.442868290844,30063.711234076603,30044.992692460255,30059.33702006054,912
2024-05-05 01:21:00+00:00,30058.125378874876,30068.034461952113,30049.889166409484,30054.877637357564,297
2024-05-05 13:21:00+00:00,30058.481616489535,30061.27154583686,30058.002166133392,30059.703046107254,485
2024-05-06 01:21:00+00:00,30058.942350017664,30069.67545797266,30057.12211921474,30059.20479964524,631
2024-05-06 13:21:00+00:00,30057.50809795424,30058.82339822469,30055.07228071716,30055.55180123705,542
2024-05-07 01:21:00+00:00,30058.057602269455,30064.58785775428,30051.329277183093,30058.16568016195,792
2024-05-07 13:21:00+00:00,30057.486824617023,30069.99312521794,30048.54945780292,30055.84618424904,144
2024-05-08 01:21:00+00:00,30058.93264075136,30063.94869239314,30053.93595462748,30058.250989250584,540
2024-05-08 13:21:00+00:00,30059.54211261764,30068.19962508968,30056.51727762181,30059.146820220678,207
2024-05-09 01:21:00+00:00,30059.054891906948,30065.782481843144,30044.139574969293,30059.35524906283,203
2024-05-09 13:21:00+00:00,30059.70933682891,30065.63169815144,30047.673768351204,30061.35826047405,159
2024-05-10 01:21:00+00:00,30058.644514330106,30063.53756186764,30046.17396922466,30058.771392542563,146
2024-05-10 13:21:00+00:00,30058.45179259006,30071.223803081248,30044.318556538943,30058.467997966145,259
2024-05-11 01:21:00+00:00,30057.876937796475,30071.14822164691,30046.58701660983,30057.537555206378,131
2024-05-11 13:21:00+00:00,30056.437066609673,30066.42599417232,30046.32870865645,30055.95444727291,375
2024-05-12 01:21:00+00:00,30054.91341376859,30069.47787418309,30053.607180346866,30054.20692237298,789
2024-05-12 13:21:00+00:00,30054.88041957419,30063.565009725655,30041.969251131824,30055.199473234767,263
2024-05-13 01:21:00+00:00,30054.71821767942,30055.511108776423,30048.68927546305,30054.608517212448,524
2024-05-13 13:21:00+00:00,30054.651391518644,30054.727253875873,30038.66167987616,30056.436064637906,851
2024-05-14 01:21:00+00:00,30055.022712475195,30068.73114092219,30044.913107251545,30056.71185253746,921
2024-05-14 13:21:00+00:00,30054.321765887737,30062.812243160395,30041.432847830336,30053.664374376345,844
2024-05-15 01:21:00+00:00,30054.641013829307,30066.507361864562,30044.483820344347,30055.014219457866,977
2024-05-15 13:21:00+00:00,30055.545294002866,30068.819469704762,30049.57003258653,30055.601178991586,413
2024-05-16 01:21:00+00:00,30055.690646894207,30068.186651867316,30038.6178585034,30055.88123689613,532
2024-05-16 13:21:00+00:00,30054.780421419124,30058.164769047038,30039.73193858354,30055.063953518616,135
2024-05-17 01:21:00+00:00,30054.039687062206,30072.211798948356,30034.865742654918,30054.07624603717,665
2024-05-17 13:21:00+00:00,30052.330363766436,30052.75436240351,30033.834159046375,30049.869501174744,288
2024-05-18 01:21:00+00:00,30051.284057255383,30056.60089237327,30042.51872492815,30050.848171044763,635
2024-05-18 13:21:00+00:00,30051.682662449675,30067.12630357475,30044.07629976027,30051.12262425391,621
2024-05-19 01:21:00+00:00,30051.42392713996,30065.79472362252,30038.85498864563,30050.70916694791,939
2024-05-19 13:21:00+00:00,30051.850143708896,30067.597324713297,30037.660343232386,30051.97344636349,637
2024-05-20 01:21:00+00:00,30052.336835036058,30055.994148031095,30039.18985229401,30051.944135684713,437
2024-05-20 13:21:00+00:00,30052.46053761828,30054.14068188579,30038.727778812186,30053.095145001582,653
2024-05-21 01:21:00+00:00,30054.524611542714,30058.187590063135,30050.815050634217,30053.643526561213,902
2024-05-21 13:21:00+00:00,30052.781532458015,30061.005213988054,30037.794696649995,30053.221861172704,523
2024-05-22 01:21:00+00:00,30052.010231363573,30063.95493163919,30045.175965965547,30050.65490134719,601
2024-05-22 13:21:00+00:00,30052.501920156534,30069.82076683568,30042.533971849793,30052.52334850747,515
2024-05-23 01:21:00+00:00,30052.715232051527,30056.484928876336,30051.680915234385,30053.52808375071,651
2024-05-23 13:21:00+00:00,30051.33024914498,30059.211920205908,30036.76494423437,30050.56931531571,689
2024-05-24 01:21:00+00:00,30049.35800667491,30060.407484446998,30032.486712928832,30050.54148907587,364
2024-05-24 13:21:00+00:00,30049.284042330382,30051.29377684201,30040.514134681245,30047.916737866795,888
2024-05-25 01:21:00+00:00,30048.842401907525,30060.435712434202,30047.824481649324,30048.76520345278,229
2024-05-25 13:21:00+00:00,30047.54764372039,30052.87606052359,30029.538017960575,30047.565195258245,639
2024-05-26 01:21:00+00:00,30045.98311090797,30046.821265674185,30027.58251773255,30046.653180831956,474
2024-05-26 13:21:00+00:00,30043.97167356562,30047.599289429705,30038.705080939675,30043.253127791813,481
2024-05-27 01:21:00+00:00,30043.777237578517,30051.771322639423,30042.974797384057,30044.30734143514,871
2024-05-27 13:21:00+00:00,30043.17837636717,30060.93077763001,30024.15992736896,30043.47776200098,867
2024-05-28 01:21:00+00:00,30041.73115704466,30055.668499400515,30034.52344573294,30043.336445762045,645
2024-05-28 13:21:00+00:00,30043.017721532262,30062.352058134842,30033.207868333866,30042.70790839369,471
2024-05-29 01:21:00+00:00,30043.50121101309,30062.639697462473,30039.284545048427,30043.210084194692,552
2024-05-29 13:21:00+00:00,30044.577180030636,30047.993767641157,30043.667035946008,30045.12616269601,609
2024-05-30 01:21:00+00:00,30044.35216142532,30058.984996537445,30032.950576919906,30044.62135693631,459
2024-05-30 13:21:00+00:00,30044.015344682994,30047.57381398364,30036.497709514915,30043.265715917394,423
2024-05-31 01:21:00+00:00,30043.550768517114,30045.355502922805,30043.230966040443,30041.904022809947,112
2024-05-31 13:21:00+00:00,30042.41302547028,30058.463204789306,30027.377643164,30043.48940499941,787
2024-06-01 01:21:00+00:00,30044.780293901174,30052.71494591242,30033.5976811035,30046.104506457385,529
2024-06-01 13:21:00+00:00,30044.528613684757,30048.164993372888,30025.456915387418,30044.86855758289,166
2024-06-02 01:21:00+00:00,30044.668922090623,30059.581832353826,30036.46628614413,30045.099763173468,317
2024-06-02 13:21:00+00:00,30045.155344302773,30049.05855889154,30031.36142871082,30045.044896290907,990
2024-06-03 01:21:00+00:00,30047.23802368864,30049.342499974566,30046.660493852214,30044.899832311257,629
2024-06-03 13:21:00+00:00,30048.677670563273,30067.656706800026,30038.466537310705,30048.308337935476,730
2024-06-04 01:21:00+00:00,30047.04145710942,30047.38594192012,30032.777440590817,30047.530373691727,327
2024-06-04 13:21:00+00:00,30046.747994023215,30047.76680873287,30035.990027582102,30047.15769044813,538
2024-06-05 01:21:00+00:00,30047.18241611993,30048.87190968305,30045.329084547004,30047.53168563098,404
2024-06-05 13:21:00+00:00,30046.133610845747,30062.966475037956,30042.570924066953,30045.262092147314,783
2024-06-06 01:21:00+00:00,30046.89790306788,30055.062185012506,30040.113495319252,30046.857225504868,590
2024-06-06 13:21:00+00:00,30045.947844831022,30059.85297912919,30037.496287863414,30046.219817317087,907
2024-06-07 01:21:00+00:00,30045.702097683425,30063.38467269582,30027.827815977744,30046.09429891121,977
2024-06-07 13:21:00+00:00,30044.294724820407,30058.909384785493,30042.221187623025,30044.59841448738,497
2024-06-08 01:21:00+00:00,30043.473112715434,30052.678351000446,30039.977240810193,30043.861124935476,866
2024-06-08 13:21:00+00:00,30043.10491765827,30060.886968383213,30024.593763023415,30043.423679495885,439
2024-06-09 01:21:00+00:00,30042.2513464523,30052.186768136307,30032.5792976717,30042.800248806703,402
2024-06-09 13:21:00+00:00,30043.205810071897,30055.197973029502,30026.478013744298,30041.306696867992,630
2024-06-10 01:21:00+00:00,30043.038443698435,30055.998473748066,30027.084160564722,30042.355935657313,404
2024-06-10 13:21:00+00:00,30041.828063113637,30054.528239292144,30035.133765853734,30041.519923032003,341
2024-06-11 01:21:00+00:00,30041.096024067116,30047.573820792008,30030.558244792002,30042.163846393083,631
2024-06-11 13:21:00+00:00,30040.524342512086,30059.686036063616,30026.40496736898,30041.2164862856,616
2024-06-12 01:21:00+00:00,30040.32307081586,30056.910872423436,30025.63724826313,30039.61163935731,676
2024-06-12 13:21:00+00:00,30039.511270743595,30043.789606347676,30037.613296354728,30039.573128557604,155
2024-06-13 01:21:00+00:00,30038.64575029545,30042.274690641894,30035.515949496756,30036.899744546077,297
2024-06-13 13:21:00+00:00,30039.20697027728,30056.65065440443,30019.371289466646,30038.1035063949,706
2024-06-14 01:21:00+00:00,30038.04423906599,30053.449632993812,30019.886845021625,30036.193736959533,451
2024-06-14 13:21:00+00:00,30038.706780138677,30057.652998714555,30020.272258862828,30038.45033488056,659
2024-06-15 01:21:00+00:00,30039.9327148763,30042.40817116522,30035.781624981963,30038.428857571234,596
2024-06-15 13:21:00+00:00,30039.662184960693,30056.36530498876,30038.67892363256,30041.149781399545,537
2024-06-16 01:21:00+00:00,30040.47299541508,30059.31129734445,30021.13397661918,30041.41759790094,618
2024-06-16 13:21:00+00:00,30039.26627304792,30045.606538096126,30024.041691996223,30040.120838167688,243
2024-06-17 01:21:00+00:00,30041.221890494762,30055.72189925858,30040.189649123455,30040.28162384721,249
2024-06-17 13:21:00+00:00,30040.703252862055,30051.864940601707,30025.859154616384,30042.363391470906,349
2024-06-18 01:21:00+00:00,30040.45130437537,30058.37270359257,30027.24530194286,30041.456668458475,702
2024-06-18 13:21:00+00:00,30040.255612812532,30052.02766794866,30025.976726927856,30039.3575576247,709
2024-06-19 01:21:00+00:00,30039.7659863265,30051.32016638893,30030.940314718428,30038.34624285807,226
2024-06-19 13:21:00+00:00,30038.332908497974,30051.367960492036,30037.314161997125,30036.42638972245,326
2024-06-20 01:21:00+00:00,30039.08784029281,30057.559873358205,30034.010222948225,30038.622925841646,519
2024-06-20 13:21:00+00:00,30039.086458887945,30040.195832805595,30038.929591799522,30039.38000129344,166
2024-06-21 01:21:00+00:00,30038.986552174807,30049.135674236026,30037.812742131115,30039.613943265646,978
2024-06-21 13:21:00+00:00,30038.16871956333,30053.87505437031,30031.151169197903,30038.938717527468,285
2024-06-22 01:21:00+00:00,30038.912184120883,30040.795545567154,30028.324287347357,30041.56512490296,494
2024-06-22 13:21:00+00:00,30039.49695376684,30049.73902760196,30030.879218491013,30039.293125549022,917
2024-06-23 01:21:00+00:00,30039.35551683626,30040.950431925332,30022.75203044262,30040.248345466098,724
2024-06-23 13:21:00+00:00,30039.068688394567,30050.107446240214,30032.04397648964,30039.520723013073,274
2024-06-24 01:21:00+00:00,30037.683521091472,30048.574949504982,30028.995682874858,30038.366149197664,535
2024-06-24 13:21:00+00:00,30036.880194745037,30042.239950263516,30018.31089138554,30036.446975712017,412
2024-06-25 01:21:00+00:00,30037.344484287405,30044.063961537067,30036.699617110036,30037.691401905187,567
2024-06-25 13:21:00+00:00,30037.009183408358,30055.156581521893,30025.788056753652,30036.382929035295,625
2024-06-26 01:21:00+00:00,30036.872224801493,30038.29000181167,30029.34321597032,30036.081168111155,453
2024-06-26 13:21:00+00:00,30036.551034848864,30045.507758317333,30029.59565090744,30038.224104638066,299
2024-06-27 01:21:00+00:00,30035.357054643653,30035.67690022582,30017.55032047911,30034.888039983176,319
2024-06-27 13:21:00+00:00,30034.65649628059,30051.598232709886,30028.140409242274,30034.407413642424,970
2024-06-28 01:21:00+00:00,30033.283498715253,30035.08262244847,30024.636910085872,30034.344842641138,397
2024-06-28 13:21:00+00:00,30033.734181975728,30034.46010498728,30033.23011967814,30034.573782371725,457
2024-06-29 01:21:00+00:00,30034.52316514211,30043.149406132667,30024.70608658391,30033.636479131936,194
2024-06-29 13:21:00+00:00,30035.954221542423,30036.549024549284,30016.404497451505,30035.545999506106,779
2024-06-30 01:21:00+00:00,30036.209698779276,30039.43534431721,30034.10685208437,30036.411474473956,542
2024-06-30 13:21:00+00:00,30036.94621718589,30055.497744660064,30029.711056819076,30038.4130466468,303
2024-07-01 01:21:00+00:00,30035.798148343347,30041.819195804543,30025.052296316124,30036.91246982476,497
2024-07-01 13:21:00+00:00,30036.934830103244,30050.847463234277,30022.607634455846,30035.5005658135,604
2024-07-02 01:21:00+00:00,30035.357653702627,30040.95570805627,30015.970273341678,30036.07241549781,850
2024-07-02 13:21:00+00:00,30036.0327798176,30046.665087066936,30019.977595996686,30035.21416924846,733
2024-07-03 01:21:00+00:00,30035.422262009815,30053.2443286447,30025.726657022024,30036.452521372765,700
2024-07-03 13:21:00+00:00,30035.26311202638,30041.063246039328,30019.636183626786,30035.319760820646,453
2024-07-04 01:21:00+00:00,30038.04116512467,30047.146694757317,30034.89005750302,30037.8197694991,594
2024-07-04 13:21:00+00:00,30038.098611138852,30053.50319827116,30022.90803759632,30035.802132146033,205
2024-07-05 01:21:00+00:00,30039.78358421653,30052.384065678267,30035.806472879314,30038.324435872913,380
2024-07-05 13:21:00+00:00,30038.04443892692,30041.07048193559,30036.05413565384,30038.73248448993,813
2024-07-06 01:21:00+00:00,30036.373554197882,30049.310801429372,30016.463966128573,30035.992565700362,282
2024-07-06 13:21:00+00:00,30036.572830422556,30042.93695385548,30021.01762731507,30037.588628717385,551
2024-07-07 01:21:00+00:00,30034.137577061294,30052.412510782568,30014.310415517884,30035.248655363335,531
2024-07-07 13:21:00+00:00,30033.83683697253,30051.991034589584,30024.85322547891,30033.494747877117,950
2024-07-08 01:21:00+00:00,30033.856805012758,30039.829916566447,30015.784739297844,30032.699533657982,695
2024-07-08 13:21:00+00:00,30033.675937945416,30045.666024718088,30020.07263477638,30033.42298072661,530
2024-07-09 01:21:00+00:00,30034.208675166916,30053.707699757895,30032.97797570032,30033.055846897543,967
2024-07-09 13:21:00+00:00,30033.175798043056,30051.199013242265,30028.814136835404,30033.241216240713,521
2024-07-10 01:21:00+00:00,30032.698906920363,30045.132786727092,30013.404678234703,30032.222398907117,998
2024-07-10 13:21:00+00:00,30032.868889941125,30033.588359078036,30023.615916494993,30031.553731797416,257
2024-07-11 01:21:00+00:00,30031.328050479373,30032.07516158707,30028.823328924456,30031.075399325997,316
2024-07-11 13:21:00+00:00,30030.452923497254,30042.57503141404,30027.20246777517,30033.50040448678,825
2024-07-12 01:21:00+00:00,30030.084136242633,30042.971410223665,30010.327710281934,30030.953525480283,592
2024-07-12 13:21:00+00:00,30030.76552156037,30043.98177300592,30028.07267940987,30031.410328187554,428
2024-07-13 01:21:00+00:00,30029.255795431,30032.613846337797,30024.708526754017,30029.314301118182,861
2024-07-13 13:21:00+00:00,30029.89387878292,30043.289939031638,30028.989959243096,30029.835668012063,859
2024-07-14 01:21:00+00:00,30031.143479418854,30031.285552993442,30015.881808685474,30031.19419933888,320
2024-07-14 13:21:00+00:00,30030.760610396446,30045.260306074713,30015.650526391295,30031.58846841027,131
2024-07-15 01:21:00+00:00,30030.3901693141,30032.181331265056,30024.283733248616,30030.0621994011,938
2024-07-15 13:21:00+00:00,30031.196019922445,30036.81735902928,30012.680585107086,30030.925686027025,593
2024-07-16 01:21:00+00:00,30030.124748661314,30049.68661419629,30015.963385286923,30030.042145042877,721
2024-07-16 13:21:00+00:00,30029.885492504654,30043.37621055033,30013.696356750243,30030.39526330444,334
2024-07-17 01:21:00+00:00,30031.039351628267,30042.584923856433,30020.204773125177,30028.800632858947,766
2024-07-17 13:21:00+00:00,30030.29967483253,30049.483877787767,30019.037774766228,30032.353400856486,589
2024-07-18 01:21:00+00:00,30029.94801462944,30035.151271352282,30021.33636418727,30029.85387845395,966
2024-07-18 13:21:00+00:00,30028.665438155465,30036.745155795445,30017.385372830053,30029.117569092323,891
2024-07-19 01:21:00+00:00,30027.694975260874,30029.94797142744,30013.233306153186,30028.148743874288,973
2024-07-19 13:21:00+00:00,30028.005943670763,30032.0368363102,30016.048788968863,30029.897517168713,441
2024-07-20 01:21:00+00:00,30027.193006786223,30027.95639098223,30018.26947547947,30026.237635310794,752
2024-07-20 13:21:00+00:00,30028.310291740752,30040.684992762817,30019.800244245147,30028.243743769202,901
2024-07-21 01:21:00+00:00,30028.688886829397,30030.091682625374,30014.836605939134,30029.5498702919,978
2024-07-21 13:21:00+00:00,30029.212409719647,30046.928014618017,30020.092923986034,30030.97251082987,276
2024-07-22 01:21:00+00:00,30027.011852401643,30032.124526358206,30023.072434750928,30027.014612052604,506
2024-07-22 13:21:00+00:00,30026.610186599126,30034.256790571606,30020.527385672027,30027.767536991832,660
2024-07-23 01:21:00+00:00,30025.186784760932,30030.9588718288,30012.702039666357,30025.44016853224,437
2024-07-23 13:21:00+00:00,30025.38355365289,30034.8685499274,30008.4339577138,30026.092641964922,299
2024-07-24 01:21:00+00:00,30025.261722032912,30038.666523043194,30011.864883197923,30026.10704379052,264
2024-07-24 13:21:00+00:00,30024.80259498666,30029.031280764975,30023.413017286617,30023.195476284993,275
2024-07-25 01:21:00+00:00,30025.566715459063,30043.404610532354,30009.299706523245,30025.619158917518,415
2024-07-25 13:21:00+00:00,30024.44506636457,30040.333240147196,30020.348283161475,30024.45718698987,221
2024-07-26 01:21:00+00:00,30024.877442377765,30039.707583755186,30010.674757882203,30025.820901051382,510
2024-07-26 13:21:00+00:00,30023.705175174455,30043.054129294753,30005.615330949826,30024.265538345633,372
2024-07-27 01:21:00+00:00,30020.95995577424,30037.938738306522,30018.833786121104,30021.319216611795,285
2024-07-27 13:21:00+00:00,30019.828445559295,30024.80635129843,30005.185498472674,30018.854175234766,302
2024-07-28 01:21:00+00:00,30020.709743970423,30033.907829005435,30016.913237095767,30020.429902735064,628
2024-07-28 13:21:00+00:00,30020.420448060737,30035.010765581268,30002.761587053752,30021.245833000492,430
2024-07-29 01:21:00+00:00,30019.757908949487,30028.499707577488,30015.766906438595,30018.877736654144,517
2024-07-29 13:21:00+00:00,30019.917071924116,30032.775351159693,30014.48782952041,30019.622101292654,267
2024-07-30 01:21:00+00:00,30020.52741508786,30032.91061567144,30012.129583569098,30021.675232218964,557
2024-07-30 13:21:00+00:00,30022.01039376296,30023.13789821016,30018.870455605098,30024.487431640384,474
2024-07-31 01:21:00+00:00,30021.67926970618,30041.168120849434,30006.827499391115,30022.743416307996,273
2024-07-31 13:21:00+00:00,30021.29199668526,30030.809175176884,30016.22774242297,30022.17226282521,508
2024-08-01 01:21:00+00:00,30021.27551881622,30040.91148643271,30007.89296916587,30021.71063461786,721
2024-08-01 13:21:00+00:00,30021.267310779855,30039.797095381015,30004.278342871283,30022.73436259447,673
2024-08-02 01:21:00+00:00,30022.31467606669,30033.515188147707,30003.535237740707,30023.693322271047,955
2024-08-02 13:21:00+00:00,30022.174200010406,30038.61308474091,30003.402244905432,30023.36292986586,680
2024-08-03 01:21:00+00:00,30022.724674874244,30025.921207730717,30013.32689420421,30022.346735737003,252
2024-08-03 13:21:00+00:00,30023.027795617905,30038.62958152902,30004.480660945017,30022.457743521405,503
2024-08-04 01:21:00+00:00,30023.135712978372,30039.208859919196,30011.957668688163,30023.405715263205,972
2024-08-04 13:21:00+00:00,30024.09268595088,30042.66751439249,30023.378338810726,30025.55630965471,975
2024-08-05 01:21:00+00:00,30022.242626508236,30033.14214636583,30014.079035540228,30022.00582456283,158
2024-08-05 13:21:00+00:00,30020.626984620947,30038.392917187546,30004.589084919655,30022.78930727893,837
2024-08-06 01:21:00+00:00,30021.924371097302,30033.336221229736,30006.006337214996,30022.64270064614,433
2024-08-06 13:21:00+00:00,30022.394362869934,30030.041390949063,30008.977512956095,30024.098797788745,666
2024-08-07 01:21:00+00:00,30022.88595493922,30032.63740513201,30014.09366320681,30022.877618983817,403
2024-08-07 13:21:00+00:00,30022.189216458813,30026.380854417184,30006.64590837991,30023.444207649576,327
2024-08-08 01:21:00+00:00,30022.92733760222,30029.99948364657,30019.200575490548,30023.980162906726,685
2024-08-08 13:21:00+00:00,30024.09108229005,30037.174246608218,30016.95578282857,30024.299879975966,794
2024-08-09 01:21:00+00:00,30024.82544585201,30043.551215994772,30012.82428708246,30025.7027765166,793
2024-08-09 13:21:00+00:00,30025.748784850428,30034.28610075305,30017.019575221308,30026.11228784821,982
2024-08-10 01:21:00+00:00,30026.967551102243,30045.44322778025,30010.259596270458,30028.844599534354,893
2024-08-10 13:21:00+00:00,30026.133560865146,30044.109196534984,30025.73183495716,30025.366761946807,153
2024-08-11 01:21:00+00:00,30025.76257658523,30039.498434813268,30018.035417414812,30024.872028538834,420
2024-08-11 13:21:00+00:00,30026.77164675984,30042.297308814992,30023.314383145367,30026.563741625534,964
2024-08-12 01:21:00+00:00,30027.052689094693,30041.46208596474,30010.67126150247,30025.0691004738,422
2024-08-12 13:21:00+00:00,30028.65902999335,30042.76161125467,30027.24737630937,30028.480862006523,525
2024-08-13 01:21:00+00:00,30028.065528332194,30031.282708015795,30012.821293432706,30028.070234029256,375
2024-08-13 13:21:00+00:00,30026.751750614818,30033.547267919934,30014.623982835572,30024.64510998151,651
2024-08-14 01:21:00+00:00,30027.423318941626,30040.416593484188,30012.8925060964,30028.292260428345,956
2024-08-14 13:21:00+00:00,30026.90045479688,30036.19418978081,30012.7607248533,30026.769153956997,347
2024-08-15 01:21:00+00:00,30027.06573568903,30045.52582555227,30019.17562649752,30026.479883172735,791
2024-08-15 13:21:00+00:00,30025.73683405863,30028.165610937627,30008.124925059157,30024.32888315481,669
2024-08-16 01:21:00+00:00,30026.285491514496,30028.435906156294,30008.616819069124,30025.636167303423,102
2024-08-16 13:21:00+00:00,30026.527641257646,30037.59904056574,30014.07064036239,30025.666540062062,291
2024-08-17 01:21:00+00:00,30026.234828891622,30027.869956646948,30017.989626830287,30025.26694088685,222
2024-08-17 13:21:00+00:00,30024.854612257805,30028.88563338761,30013.171823569704,30023.855483533724,580
2024-08-18 01:21:00+00:00,30026.420469869703,30036.728233789025,30023.802334304248,30026.951776703747,317
2024-08-18 13:21:00+00:00,30026.86658347271,30033.1943104746,30012.822170090327,30029.077297807424,280
2024-08-19 01:21:00+00:00,30027.249187900106,30027.991309038483,30019.889082951075,30025.955920406806,713
2024-08-19 13:21:00+00:00,30027.75592410506,30031.320635120763,30009.6517076911,30027.903929142623,458
2024-08-20 01:21:00+00:00,30028.77856181876,30036.75262788998,30023.161967580992,30029.478318264904,937
2024-08-20 13:21:00+00:00,30028.476898920817,30034.921000470094,30021.054748784125,30027.972994356995,740
2024-08-21 01:21:00+00:00,30026.474638206262,30030.0848636966,30021.617074417416,30024.95065662685,157
2024-08-21 13:21:00+00:00,30025.990873998253,30035.03429889194,30022.391960586672,30029.031375438513,422
2024-08-22 01:21:00+00:00,30025.41657224498,30030.682135022187,30013.107606412814,30024.476214908373,541
2024-08-22 13:21:00+00:00,30026.294859298185,30036.439300119255,30014.047010899943,30026.631163634553,862
2024-08-23 01:21:00+00:00,30025.40605282829,30043.223981941614,30021.51726477289,30026.744599337588,402
2024-08-23 13:21:00+00:00,30024.635790425807,30025.72845198224,30011.474481047924,30026.170193026537,916
2024-08-24 01:21:00+00:00,30023.498862171007,30037.55046021838,30013.57911655181,30023.54937784181,851
2024-08-24 13:21:00+00:00,30024.495266421818,30040.114354433772,30005.801699096293,30023.73012929866,387
2024-08-25 01:21:00+00:00,30023.347938802388,30025.29477293131,30005.680281075474,30023.221670661846,370
2024-08-25 13:21:00+00:00,30023.61336949775,30023.876290562057,30020.408846155795,30022.69867535406,286
2024-08-26 01:21:00+00:00,30022.952539778842,30034.10777682504,30003.153988485916,30022.888081842662,625
2024-08-26 13:21:00+00:00,30023.143945303746,30035.7080850088,30022.313088027844,30023.769222846546,702
2024-08-27 01:21:00+00:00,30022.62892515405,30023.32287010662,30016.57502166803,30022.97851122332,907
2024-08-27 13:21:00+00:00,30022.480291897395,30023.36626218822,30004.94325568229,30023.915444398615,828
2024-08-28 01:21:00+00:00,30023.161133490314,30026.981924927866,30019.86275685485,30023.6720789647,653
2024-08-28 13:21:00+00:00,30023.193445514717,30029.69901124246,30011.496517227923,30023.798948521588,945
2024-08-29 01:21:00+00:00,30021.700333691973,30031.212946858606,30016.766326989273,30023.0467361816,658
2024-08-29 13:21:00+00:00,30023.086473792573,30032.063780484368,30020.02897097733,30023.7814930455,282
2024-08-30 01:21:00+00:00,30021.21508010043,30038.564238826315,30017.138130208456,30022.27169317694,257
2024-08-30 13:21:00+00:00,30020.61162083752,30037.102552784094,30005.06104929415,30019.79544990176,378
2024-08-31 01:21:00+00:00,30020.942795273244,30034.056689678833,30007.0945500391,30019.789774666362,123
2024-08-31 13:21:00+00:00,30018.68758325018,30026.310849168214,30012.98696703251,30017.726556549824,882
2024-09-01 01:21:00+00:00,30018.09681457165,30033.663299845583,30001.923193765393,30018.322219651727,314
2024-09-01 13:21:00+00:00,30017.519245608437,30028.787818607434,30014.55465880655,30015.900325170103,656
2024-09-02 01:21:00+00:00,30016.980724551348,30017.45329339836,30008.96793583663,30018.6487296016,481
2024-09-02 13:21:00+00:00,30015.663938904763,30022.014506588977,29997.178416591174,30015.7672912976,103
2024-09-03 01:21:00+00:00,30016.360098094243,30027.234535956617,30007.241800701446,30015.679056562632,617
2024-09-03 13:21:00+00:00,30015.92511357668,30018.757940681884,30002.892146801274,30014.66428987456,956
2024-09-04 01:21:00+00:00,30018.781936955158,30023.78207148958,30016.08705159334,30020.747728512146,536
2024-09-04 13:21:00+00:00,30020.528124669367,30023.05883241469,30006.621063718827,30021.663375627293,907
2024-09-05 01:21:00+00:00,30021.655539419353,30039.691405949095,30010.977561410597,30020.600458297347,410
2024-09-05 13:21:00+00:00,30021.385379680396,30032.831968669678,30004.527825729787,30020.063345514805,113
2024-09-06 01:21:00+00:00,30022.759634074126,30035.21587216529,30003.58684045019,30023.709051650992,596
2024-09-06 13:21:00+00:00,30021.9872807768,30033.079811194075,30010.327339108186,30023.25964278549,408
2024-09-07 01:21:00+00:00,30023.3783581592,30032.80056650762,30008.561041555433,30023.767161574404,753
2024-09-07 13:21:00+00:00,30023.27516991153,30032.32932808298,30019.423268216113,30022.46672551238,845
2024-09-08 01:21:00+00:00,30022.339174883396,30034.281806228548,30006.84486329381,30021.91722069364,572
2024-09-08 13:21:00+00:00,30022.467675207452,30030.01669777027,30017.66776832889,30022.9256323606,183
2024-09-09 01:21:00+00:00,30022.945809975638,30024.954348808053,30020.64688516853,30023.228188403056,696
2024-09-09 13:21:00+00:00,30022.26051656014,30026.579132396222,30003.467974657262,30022.874176956484,697
2024-09-10 01:21:00+00:00,30023.094145521292,30035.267431635253,30022.943330052694,30021.4147719045,603
2024-09-10 13:21:00+00:00,30023.70749544545,30034.916878688022,30017.32631161407,30022.663012588702,707
2024-09-11 01:21:00+00:00,30024.846600951692,30038.53786863864,30017.72938652908,30024.785572404195,232
2024-09-11 13:21:00+00:00,30022.89772717592,30033.41887300517,30003.717871269895,30022.97512532541,587
2024-09-12 01:21:00+00:00,30024.15921666297,30036.973264742126,30019.378471173088,30022.99816673084,845
2024-09-12 13:21:00+00:00,30025.34811697105,30026.958596238008,30010.9794896787,30025.673517971503,520
2024-09-13 01:21:00+00:00,30024.76578875957,30040.690514466096,30008.264660854144,30026.06723423648,358
2024-09-13 13:21:00+00:00,30024.53900268132,30037.628824913056,30005.7328974646,30024.31678826333,700
2024-09-14 01:21:00+00:00,30025.78027568357,30029.770834463776,30024.06664631406,30026.246434764245,181
2024-09-14 13:21:00+00:00,30027.002693889626,30043.97232738917,30012.878140736062,30026.70602438158,391
2024-09-15 01:21:00+00:00,30028.718252751907,30043.46586844448,30025.209478555997,30028.00902075687,614
2024-09-15 13:21:00+00:00,30028.402423702453,30030.7138855789,30018.48414711759,30028.986338769628,277
2024-09-16 01:21:00+00:00,30027.579541400333,30035.543508971994,30007.815365887072,30026.862212389315,981
2024-09-16 13:21:00+00:00,30026.65812239634,30041.15187760792,30013.153354846625,30029.046531586246,620
2024-09-17 01:21:00+00:00,30026.943169558454,30036.61117654571,30019.281699722964,30028.008656858503,682
2024-09-17 13:21:00+00:00,30026.791554478554,30037.93760763029,30018.105529575998,30026.969245484855,563
2024-09-18 01:21:00+00:00,30026.18276956062,30044.16706489485,30022.331248075458,30025.113031871373,897
2024-09-18 13:21:00+00:00,30026.87299949465,30038.29348715932,30024.510590910453,30027.61121454923,724
2024-09-19 01:21:00+00:00,30026.676077483393,30030.197023929046,30015.964513675142,30024.520480108433,450
2024-09-19 13:21:00+00:00,30027.359347456266,30040.324321018903,30013.32564201597,30026.95920450844,838
2024-09-20 01:21:00+00:00,30026.422648348856,30033.67750326187,30015.711751089842,30027.17060457258,106
2024-09-20 13:21:00+00:00,30028.670959336345,30039.01093587353,30008.697735777074,30028.649807952035,104
2024-09-21 01:21:00+00:00,30028.48690457409,30041.262089407042,30009.708084195532,30030.25390564544,500
2024-09-21 13:21:00+00:00,30029.898942959186,30046.59977675858,30015.79282725508,30029.33292507929,242
2024-09-22 01:21:00+00:00,30027.64936054882,30041.869818337447,30024.305690926474,30028.61119930807,910
2024-09-22 13:21:00+00:00,30027.68382280275,30033.18136109568,30011.635149006153,30027.77758503618,555
2024-09-23 01:21:00+00:00,30028.390716894417,30032.26779955952,30024.588727887087,30030.007823052965,218
2024-09-23 13:21:00+00:00,30028.99035507642,30042.469922822882,30022.568988584946,30029.80111953016,274
2024-09-24 01:21:00+00:00,30030.165437427386,30031.818657859185,30017.50067302207,30029.49231287617,729
2024-09-24 13:21:00+00:00,30029.238354883277,30034.84035376119,30022.926105910377,30030.659889126513,733
2024-09-25 01:21:00+00:00,30028.43752140615,30038.39370273244,30024.4844417553,30027.66238684914,607
2024-09-25 13:21:00+00:00,30026.810108070582,30041.58256346989,30023.02040309184,30025.93969893913,623
2024-09-26 01:21:00+00:00,30027.569596294572,30031.77056284176,30009.627412233884,30026.629317768813,993
2024-09-26 13:21:00+00:00,30026.628683131723,30038.829644433255,30022.729730017683,30027.055579101652,140
2024-09-27 01:21:00+00:00,30027.565903416005,30037.188064533028,30022.46549837911,30026.13373790828,495
2024-09-27 13:21:00+00:00,30027.09467809305,30037.94930741883,30014.30544009941,30028.178930575345,249
2024-09-28 01:21:00+00:00,30026.114349149033,30045.460705489106,30009.4856889326,30025.644393628245,665
2024-09-28 13:21:00+00:00,30026.572557828436,30035.545029168738,30024.83158378553,30026.203546382796,602
2024-09-29 01:21:00+00:00,30026.798015884284,30040.177101089637,30013.242123860695,30026.68205640826,835
2024-09-29 13:21:00+00:00,30029.74648240028,30038.58348506503,30026.86099676431,30030.049697388204,252
2024-09-30 01:21:00+00:00,30030.231897771988,30049.88898234517,30030.012697026337,30032.541462778496,910
2024-09-30 13:21:00+00:00,30031.613920453503,30047.710330343863,30024.55582408131,30031.95306746728,223
2024-10-01 01:21:00+00:00,30031.159272961813,30036.89399453625,30031.040016595278,30030.127296809074,257
2024-10-01 13:21:00+00:00,30030.778666647155,30034.358974307583,30029.126814718165,30030.811866565367,752
2024-10-02 01:21:00+00:00,30030.799156255285,30033.72042067878,30017.104410504704,30031.106581564665,583
2024-10-02 13:21:00+00:00,30031.156098913045,30039.87502235626,30011.769694409624,30032.23131904302,983
2024-10-03 01:21:00+00:00,30031.225020087837,30048.08049416806,30023.592893000812,30030.29469528493,897
2024-10-03 13:21:00+00:00,30033.191641564546,30041.505392661125,30016.370601744595,30034.263369638455,387
2024-10-04 01:21:00+00:00,30033.505651732037,30052.04769579418,30028.33211820312,30032.67631054888,658
2024-10-04 13:21:00+00:00,30033.578414187094,30053.160354787247,30029.76681078784,30032.621227514588,350
2024-10-05 01:21:00+00:00,30033.06365074549,30042.56245987403,30019.571778944814,30032.88095308156,111
2024-10-05 13:21:00+00:00,30033.426624954696,30044.664730552042,30019.39861066915,30033.63904775086,791
2024-10-06 01:21:00+00:00,30032.608309105326,30037.953228659397,30019.900508099334,30034.503213406093,953
2024-10-06 13:21:00+00:00,30032.86342998319,30048.990906278406,30020.075858807522,30032.096580772966,781
2024-10-07 01:21:00+00:00,30031.72080435371,30044.8693726857,30014.42439300793,30032.49546479182,254
2024-10-07 13:21:00+00:00,30032.20626465031,30048.40416576466,30023.635307559918,30032.580158695077,342
2024-10-08 01:21:00+00:00,30032.74794071918,30048.09857413949,30029.081125799097,30032.46832941191,680
2024-10-08 13:21:00+00:00,30032.351719316044,30043.75744081274,30013.184154009028,30031.881416595133,844
2024-10-09 01:21:00+00:00,30032.129386214405,30048.62477638575,30020.97675966621,30033.363376568926,585
2024-10-09 13:21:00+00:00,30033.399992261348,30041.65450482255,30028.49469547224,30034.418729426834,317
2024-10-10 01:21:00+00:00,30033.943507426346,30042.623014347242,30019.263015297387,30033.76218283241,549
2024-10-10 13:21:00+00:00,30031.995650362263,30051.43246769132,30028.93012936993,30032.701595004935,509
2024-10-11 01:21:00+00:00,30034.41793744411,30041.712030357223,30022.124998447638,30034.579874849704,869
2024-10-11 13:21:00+00:00,30033.61954924055,30040.09643427657,30021.425112642657,30032.698357768906,168
2024-10-12 01:21:00+00:00,30033.219354577937,30045.39518445202,30031.340619368497,30032.060095668352,359
2024-10-12 13:21:00+00:00,30032.482702256733,30037.95562447294,30016.238510379313,30034.259927473424,321
2024-10-13 01:21:00+00:00,30031.49956135719,30037.28741397539,30024.298197438045,30031.677347844703,381
2024-10-13 13:21:00+00:00,30032.495139691764,30052.3748320134,30017.81579498992,30033.02361355231,457
2024-10-14 01:21:00+00:00,30034.799324397503,30041.26003474638,30018.54144637424,30034.53600378983,252
2024-10-14 13:21:00+00:00,30034.84743209848,30045.59169362734,30017.17815769926,30034.883084588102,935
2024-10-15 01:21:00+00:00,30035.812037748983,30053.705522965727,30027.522528102672,30036.691400357082,630
2024-10-15 13:21:00+00:00,30035.989383766682,30036.283604312095,30023.549690767013,30036.609010678363,805
2024-10-16 01:21:00+00:00,30034.645577777712,30045.894572512098,30016.546705748882,30033.485157633357,639
2024-10-16 13:21:00+00:00,30033.310011578156,30040.78451339716,30018.538318701238,30034.5676671094,120
2024-10-17 01:21:00+00:00,30033.859161186476,30044.18526880615,30016.06624308041,30033.15100822934,864
2024-10-17 13:21:00+00:00,30034.72676911868,30043.569950080702,30019.16746694728,30035.278526005175,375
2024-10-18 01:21:00+00:00,30033.742985823043,30042.01275538694,30024.40298439311,30033.58102165217,652
2024-10-18 13:21:00+00:00,30033.136825307833,30044.286089695386,30032.58647075947,30034.226277422556,752
2024-10-19 01:21:00+00:00,30034.08515421105,30040.344943055323,30033.650099331506,30034.820534910512,556
2024-10-19 13:21:00+00:00,30034.206728716166,30036.38268115899,30016.184972686628,30033.730876802616,493
2024-10-20 01:21:00+00:00,30033.272568536053,30047.00244260511,30015.635364280242,30033.68545852862,755
2024-10-20 13:21:00+00:00,30034.369510892513,30047.84782763143,30023.264695759746,30035.991724102023,586
2024-10-21 01:21:00+00:00,30034.13708508012,30039.540474278157,30022.715203600204,30034.314592863906,570
2024-10-21 13:21:00+00:00,30033.26640421294,30047.185735457137,30016.865976742854,30032.845556250344,655
2024-10-22 01:21:00+00:00,30033.900484799502,30046.660148900944,30028.26106335562,30033.3036985042,189
2024-10-22 13:21:00+00:00,30034.335791676724,30042.648631873337,30019.43703967086,30033.98139855659,974
2024-10-23 01:21:00+00:00,30033.656780765727,30037.672392187433,30032.388716578054,30034.349610778532,925
2024-10-23 13:21:00+00:00,30033.503395272382,30035.260120108444,30023.791674227417,30034.815468049495,800
2024-10-24 01:21:00+00:00,30034.26372356132,30041.06509753076,30022.9752446856,30033.77520526793,591
2024-10-24 13:21:00+00:00,30034.84927690885,30035.44615356117,30017.980193128784,30035.640415031707,448
2024-10-25 01:21:00+00:00,30034.787722039084,30045.4341262664,30031.60374687787,30035.799801204525,663
2024-10-25 13:21:00+00:00,30033.59319959574,30042.044638654683,30026.814100851,30032.06144829551,202
2024-10-26 01:21:00+00:00,30034.369431660267,30039.298657515264,30030.522612740013,30035.097117508678,591
2024-10-26 13:21:00+00:00,30033.726109079213,30037.907985256363,30032.935803874025,30033.071607260088,190
2024-10-27 01:21:00+00:00,30033.775240221443,30046.703584077706,30029.057660196613,30034.331024870302,459
2024-10-27 13:21:00+00:00,30033.120575922858,30046.260401219664,30021.654960708507,30033.745232135723,374
2024-10-28 01:21:00+00:00,30032.416820024886,30041.62888132,30032.153623138238,30032.072296879614,457
2024-10-28 13:21:00+00:00,30032.106289614323,30049.604693450325,30018.8944232281,30031.971448629516,737
2024-10-29 01:21:00+00:00,30032.069849712974,30044.593402550538,30020.713794941814,30033.286728688687,173
2024-10-29 13:21:00+00:00,30033.286348073987,30044.942812867954,30027.51793876224,30033.7024677195,722
2024-10-30 01:21:00+00:00,30031.772991330636,30032.366817400325,30014.595596591582,30032.712937792654,699
2024-10-30 13:21:00+00:00,30030.212895415945,30035.690360107666,30016.74532744568,30030.30994988033,383
2024-10-31 01:21:00+00:00,30029.084624512605,30046.97539178626,30021.187379385807,30029.984131481622,474
2024-10-31 13:21:00+00:00,30030.833880422153,30041.05729580627,30022.790109463287,30031.388407925242,553
2024-11-01 01:21:00+00:00,30030.831787447612,30049.366283735882,30025.349593783292,30032.66822858836,491
2024-11-01 13:21:00+00:00,30032.349850126455,30041.054018166295,30027.394111667534,30033.931996037474,512
2024-11-02 01:21:00+00:00,30032.328406861114,30048.94490886994,30029.273084296452,30032.734695442345,114
2024-11-02 13:21:00+00:00,30032.132445619278,30051.209094574016,30014.51279540486,30031.8773261083,146
2024-11-03 01:21:00+00:00,30030.183163392037,30037.204726425138,30019.82307698867,30028.58174698863,725
2024-11-03 13:21:00+00:00,30028.15716207234,30046.458827706974,30026.843759017604,30027.65642093033,274
2024-11-04 01:21:00+00:00,30027.298283338954,30041.17852049795,30015.22182852114,30027.09279228634,233
2024-11-04 13:21:00+00:00,30026.432335096637,30037.876664241347,30011.98785148234,30027.484998568958,745
2024-11-05 01:21:00+00:00,30028.749600652416,30033.898258885663,30015.440307840854,30029.24245276859,794
2024-11-05 13:21:00+00:00,30029.301617098456,30048.618654882088,30025.21322194728,30027.58336277249,445
2024-11-06 01:21:00+00:00,30029.942957027026,30031.070887393187,30028.63019632132,30030.612248654612,388
2024-11-06 13:21:00+00:00,30029.545456131335,30042.467395745407,30026.598024010505,30030.223615480038,380
2024-11-07 01:21:00+00:00,30030.792491816286,30039.205628379383,30024.301735101228,30028.488903846464,685
2024-11-07 13:21:00+00:00,30030.957459419038,30035.312065025966,30024.61674326471,30031.15178050501,369
2024-11-08 01:21:00+00:00,30032.019451600525,30050.8471085554,30027.82130717827,30031.86180771207,881
2024-11-08 13:21:00+00:00,30031.586411599637,30049.243643391743,30030.13273942187,30032.454330555116,104
2024-11-09 01:21:00+00:00,30031.400175959796,30035.454279825703,30021.25650818713,30032.42867160651,867
2024-11-09 13:21:00+00:00,30031.48547395493,30045.182170344317,30023.491628755484,30030.92480275788,934
2024-11-10 01:21:00+00:00,30029.307446873154,30039.714933007857,30016.759059383316,30027.654771097863,835
2024-11-10 13:21:00+00:00,30030.485908944374,30032.930831424284,30015.194521237354,30031.23623801176,361
2024-11-11 01:21:00+00:00,30030.5174726681,30035.16211661241,30029.553232368635,30030.8096155425,709
2024-11-11 13:21:00+00:00,30030.582922671696,30040.654190562957,30011.379402063365,30030.500026188976,710
2024-11-12 01:21:00+00:00,30029.154534963945,30029.237715691186,30025.88863798746,30029.966151514684,109
2024-11-12 13:21:00+00:00,30028.69925141771,30039.28715566957,30016.807738304313,30028.576447954725,445
2024-11-13 01:21:00+00:00,30028.988879689372,30044.23566063313,30026.352627116088,30030.968143376864,181
2024-11-13 13:21:00+00:00,30028.73100156903,30038.39533489746,30013.3030576295,30027.58665400007,606
2024-11-14 01:21:00+00:00,30028.38370998558,30040.068303011856,30019.481151181764,30028.39287932663,442
2024-11-14 13:21:00+00:00,30028.242983293578,30034.268825119143,30027.09790329545,30029.34073911661,628
2024-11-15 01:21:00+00:00,30026.60777841355,30029.67587625117,30006.81492609311,30025.884526159243,587
2024-11-15 13:21:00+00:00,30025.373887144517,30043.93032839648,30006.337677627325,30026.096943384902,458
2024-11-16 01:21:00+00:00,30024.36076587322,30043.41047847418,30008.028988622827,30025.47755666775,186
2024-11-16 13:21:00+00:00,30026.019069538153,30039.893287016905,30014.856055614564,30025.267209795886,757
2024-11-17 01:21:00+00:00,30026.17697271296,30039.00706354517,30025.777254969504,30024.786310861007,376
2024-11-17 13:21:00+00:00,30027.19135581338,30046.011362196317,30008.192412822278,30026.47378753064,600
2024-11-18 01:21:00+00:00,30026.820236329888,30032.601928201657,30022.945821446072,30026.02930990015,637
2024-11-18 13:21:00+00:00,30028.89336300522,30035.87991599981,30011.370734044984,30027.836387701085,454
2024-11-19 01:21:00+00:00,30029.416696614884,30036.04753347096,30012.70534740363,30030.349100176398,362
2024-11-19 13:21:00+00:00,30029.458459898633,30031.62281189494,30019.880202985703,30029.513701441563,593
2024-11-20 01:21:00+00:00,30030.08538207793,30037.495994426612,30025.152202874295,30030.33272254021,604
2024-11-20 13:21:00+00:00,30029.700547024426,30037.934065249596,30016.43135902816,30030.132035970386,437
2024-11-21 01:21:00+00:00,30029.766840671386,30032.088197287954,30011.4084814917,30028.98238025303,437
2024-11-21 13:21:00+00:00,30032.47684924943,30044.054373590297,30027.71254882469,30031.350925047638,880
2024-11-22 01:21:00+00:00,30031.704978121463,30042.511516927345,30020.945792310955,30032.84266694077,298
2024-11-22 13:21:00+00:00,30030.518999948912,30049.764082654547,30018.831411725485,30031.161872382057,250
2024-11-23 01:21:00+00:00,30030.26993311858,30037.234134528615,30010.68100053299,30030.30544180506,543
2024-11-23 13:21:00+00:00,30030.219517235804,30035.833616926087,30022.973212430257,30029.83491687593,886
2024-11-24 01:21:00+00:00,30029.668222633845,30030.31624272946,30029.54980387301,30028.563685204026,404
2024-11-24 13:21:00+00:00,30031.16335758329,30031.522280139383,30027.956202333015,30030.625820812358,593
2024-11-25 01:21:00+00:00,30030.967128178647,30035.869624680192,30026.17180136353,30030.849617491385,668
2024-11-25 13:21:00+00:00,30031.27835558725,30042.499458179118,30019.02787030458,30029.666127903274,192
2024-11-26 01:21:00+00:00,30030.31969226448,30039.24883455192,30015.16504339491,30030.582356325194,433
2024-11-26 13:21:00+00:00,30030.438809983658,30042.567552875167,30013.1130713897,30032.051613250438,111
2024-11-27 01:21:00+00:00,30029.13103138321,30033.610962916675,30013.139883134067,30029.443690778742,264
2024-11-27 13:21:00+00:00,30028.366782869507,30039.984218138285,30010.845842453928,30026.017918364218,226
2024-11-28 01:21:00+00:00,30029.4978625979,30030.047494500443,30015.23496351507,30030.67652229182,367
2024-11-28 13:21:00+00:00,30029.551816874133,30034.40918077254,30018.441351864403,30029.35905586815,260
2024-11-29 01:21:00+00:00,30028.840035721267,30039.954903741116,30021.675176405173,30031.78251467892,407
2024-11-29 13:21:00+00:00,30027.444462678395,30035.849063140475,30017.101952356756,30027.7402322486,534
2024-11-30 01:21:00+00:00,30028.08326635938,30028.7919630779,30023.977575748195,30029.678853861846,100
2024-11-30 13:21:00+00:00,30025.20592408094,30039.64530262233,30020.504929728268,30025.27282824153,698
2024-12-01 01:21:00+00:00,30024.496007855672,30025.944553707443,30015.431827884546,30022.64676017921,503
2024-12-01 13:21:00+00:00,30024.793630225777,30033.64555779724,30007.644218038746,30026.088711625493,893
2024-12-02 01:21:00+00:00,30025.007754979048,30026.120659724693,30007.508012307288,30024.983869724474,203
2024-12-02 13:21:00+00:00,30024.94007031879,30040.87338580929,30022.841233329626,30027.105139248266,340
2024-12-03 01:21:00+00:00,30024.51648373708,30033.475821224583,30023.177147341517,30025.51520158086,573
2024-12-03 13:21:00+00:00,30024.38878289768,30042.859002711677,30011.291262078445,30024.176576782967,139
2024-12-04 01:21:00+00:00,30024.773220600044,30033.216819995596,30013.080294873125,30024.03937061832,203
2024-12-04 13:21:00+00:00,30026.531506040792,30028.84331796754,30015.35249765708,30026.674207566382,656
2024-12-05 01:21:00+00:00,30026.242884186187,30035.36063124844,30014.35895414589,30026.030595320368,709
2024-12-05 13:21:00+00:00,30025.753893329005,30041.403636932737,30021.583682818848,30026.620135644338,740
2024-12-06 01:21:00+00:00,30027.639764618132,30039.842270936417,30013.549836225928,30028.38426425478,294
2024-12-06 13:21:00+00:00,30027.489651996464,30029.64607888428,30011.90714944469,30026.55870149765,125
2024-12-07 01:21:00+00:00,30029.085720085983,30042.546392166252,30027.14584754138,30032.22843451459,136
2024-12-07 13:21:00+00:00,30028.75248284109,30035.02107311248,30010.834722666936,30028.986082675387,394
2024-12-08 01:21:00+00:00,30029.778770332465,30046.20990798643,30015.18132667654,30029.731343415315,284
2024-12-08 13:21:00+00:00,30030.62911141463,30039.527701078576,30018.80642177644,30032.09789565662,680
2024-12-09 01:21:00+00:00,30031.743299536396,30037.785416244697,30029.235872429486,30031.277239450534,913
2024-12-09 13:21:00+00:00,30032.45834957929,30050.504198252012,30015.18484488339,30032.290200609452,482
2024-12-10 01:21:00+00:00,30033.002332798947,30047.310299743698,30021.48320873175,30030.7056438778,937
2024-12-10 13:21:00+00:00,30032.768489643448,30052.285900660027,30028.321572586672,30033.804987739324,768
2024-12-11 01:21:00+00:00,30034.165891517405,30036.827738297397,30015.459238757303,30033.59772150496,610
2024-12-11 13:21:00+00:00,30035.04178110831,30039.257279901914,30030.836158684455,30035.552505242944,155
2024-12-12 01:21:00+00:00,30034.80728730159,30035.183275391766,30028.135981116593,30033.311725266103,984
2024-12-12 13:21:00+00:00,30035.72353664933,30043.28031847695,30022.947975940533,30036.671534638328,277
2024-12-13 01:21:00+00:00,30035.851786485342,30036.189922288704,30033.861308817846,30036.907713772383,946
2024-12-13 13:21:00+00:00,30036.085255246213,30040.820522418922,30029.541179015585,30035.520894650628,639
2024-12-14 01:21:00+00:00,30036.050934508916,30046.06432573338,30026.691451886545,30035.58295344787,624
2024-12-14 13:21:00+00:00,30035.248352769722,30054.348072053384,30025.327115689277,30036.6595269911,134
2024-12-15 01:21:00+00:00,30035.315945011764,30054.566166170694,30024.544124257794,30035.653037377502,401
2024-12-15 13:21:00+00:00,30035.867280916027,30048.51516664999,30025.94858290024,30035.222638300424,602
2024-12-16 01:21:00+00:00,30035.858267196156,30044.50063844746,30025.715451879438,30035.185243029264,222
2024-12-16 13:21:00+00:00,30033.743095486512,30037.495678245567,30024.149865745963,30035.310676407986,121
2024-12-17 01:21:00+00:00,30032.951426616954,30052.337092553695,30021.62398978154,30032.95360538002,814
2024-12-17 13:21:00+00:00,30033.691274365825,30043.795708134938,30026.203769454958,30034.60721352775,509
2024-12-18 01:21:00+00:00,30033.05756057016,30037.064411176765,30031.461881629613,30033.560006842756,239
2024-12-18 13:21:00+00:00,30033.20594895139,30044.24907819233,30024.02262257935,30031.01313664206,577
2024-12-19 01:21:00+00:00,30032.757520607527,30051.784047506088,30032.508276785913,30032.807812379324,473
2024-12-19 13:21:00+00:00,30032.81372406396,30044.99151337278,30017.30406808647,30031.13855967291,742
2024-12-20 01:21:00+00:00,30032.21717409686,30035.04178180646,30022.4796951554,30032.626800617192,559
2024-12-20 13:21:00+00:00,30032.12008072533,30033.06318598263,30018.929643970416,30032.860260964717,345
2024-12-21 01:21:00+00:00,30031.171909596767,30042.90362941992,30029.540565499847,30031.00633145262,776
2024-12-21 13:21:00+00:00,30030.514379027532,30030.692584289507,30013.002375308493,30029.819799425673,207
2024-12-22 01:21:00+00:00,30030.667360649208,30034.14595731725,30023.750748562663,30031.711056361302,769
2024-12-22 13:21:00+00:00,30030.637737366735,30030.68760067996,30025.24216338478,30030.455718100842,913
2024-12-23 01:21:00+00:00,30029.261673699177,30029.97205416964,30016.49569236231,30030.484544059927,106
2024-12-23 13:21:00+00:00,30028.977345122417,30037.594177558793,30021.917765381528,30029.230822209283,924
2024-12-24 01:21:00+00:00,30027.357498817422,30033.25232934743,30016.880107760862,30026.02601308871,382
2024-12-24 13:21:00+00:00,30026.37986046513,30030.230258071715,30019.524872184193,30026.088535925694,645
2024-12-25 01:21:00+00:00,30025.995805820497,30028.550707758837,30023.703406939978,30025.03729113919,921
2024-12-25 13:21:00+00:00,30025.18934852523,30041.54475916618,30014.61037383477,30024.88709235095,667
2024-12-26 01:21:00+00:00,30026.249478448335,30037.875763496453,30011.554129812972,30026.319662606467,290
2024-12-26 13:21:00+00:00,30027.246483907355,30044.082893447834,30019.83782556235,30027.37041971113,172
2024-12-27 01:21:00+00:00,30028.666104577645,30042.84003534573,30009.86890264385,30029.08397521757,541
2024-12-27 13:21:00+00:00,30028.00186960567,30036.968769222727,30027.77389132781,30026.098323488004,567
2024-12-28 01:21:00+00:00,30028.688158507164,30032.791933140994,30028.408904393225,30026.679376854237,244
2024-12-28 13:21:00+00:00,30028.315542168126,30044.1402043266,30011.542941485695,30028.536709764543,900
2024-12-29 01:21:00+00:00,30027.958239705877,30047.24786511658,30014.413728199353,30027.347774073354,703
2024-12-29 13:21:00+00:00,30026.635460039037,30040.82075681783,30021.26735916429,30026.873999402287,540
2024-12-30 01:21:00+00:00,30027.048877429916,30046.684980016278,30011.851582816824,30025.781915509047,307
2024-12-30 13:21:00+00:00,30026.583960191576,30029.680548052555,30009.183706705197,30024.574864403403,944
2024-12-31 01:21:00+00:00,30024.976756075208,30039.642847847448,30017.381166221377,30023.966019335872,702
2024-12-31 13:21:00+00:00,30025.450052879634,30044.52751650156,30023.93725215275,30025.50609869803,984
2025-01-01 01:21:00+00:00,30026.349530678413,30034.911059561917,30010.331085893915,30026.38346344263,132
2025-01-01 13:21:00+00:00,30027.09519603237,30043.18512774479,30016.3387250799,30025.829469453143,606
2025-01-02 01:21:00+00:00,30025.93887859805,30034.847974285076,30023.113690939146,30026.095848099572,613
2025-01-02 13:21:00+00:00,30025.398250852646,30042.21192841513,30014.222882109014,30025.41475537645,652
2025-01-03 01:21:00+00:00,30025.42426290797,30038.939385560607,30006.678421995442,30024.93229967625,829
2025-01-03 13:21:00+00:00,30023.008574888503,30034.78014843002,30017.048828207142,30023.86144632367,401
2025-01-04 01:21:00+00:00,30023.159052536837,30034.072768260125,30016.30751315923,30023.529396342325,569
2025-01-04 13:21:00+00:00,30022.874428631592,30031.614006956883,30005.158018981812,30022.85762990799,623
2025-01-05 01:21:00+00:00,30023.839867752926,30030.488123982814,30005.999412757003,30022.665572613052,340
2025-01-05 13:21:00+00:00,30023.692327911253,30025.321462046457,30010.051292616718,30022.960947800253,221
2025-01-06 01:21:00+00:00,30023.25722724471,30024.121121804266,30003.595719773468,30023.01699202595,374
2025-01-06 13:21:00+00:00,30022.951210885913,30040.412414782615,30005.47560994512,30023.283350829694,432
2025-01-07 01:21:00+00:00,30021.731201370014,30027.693942181046,30007.81615449452,30022.094889080545,480
2025-01-07 13:21:00+00:00,30021.612401380244,30028.64389399641,30010.521472155415,30021.248004771616,684
2025-01-08 01:21:00+00:00,30020.928434958194,30025.519098551787,30004.005033604823,30021.647975136595,541
2025-01-08 13:21:00+00:00,30020.39597050897,30026.44004867259,30004.167727194857,30019.523769837684,373
2025-01-09 01:21:00+00:00,30019.608626741978,30030.02901829861,30003.755526136953,30019.920543843127,512
2025-01-09 13:21:00+00:00,30019.25943077593,30026.438013539533,30013.306864574988,30018.94907230143,933
2025-01-10 01:21:00+00:00,30018.99889457685,30034.583173516265,30008.70636610886,30018.56304718367,992
2025-01-10 13:21:00+00:00,30017.35968363208,30022.05979346042,30009.564822645036,30016.299892757972,346
2025-01-11 01:21:00+00:00,30016.79390532617,30030.260957873845,30013.38539361092,30015.98223706456,471
2025-01-11 13:21:00+00:00,30016.79020168841,30033.86174641993,30001.48280295951,30016.156833589215,201
2025-01-12 01:21:00+00:00,30017.091016547445,30027.148677626974,30005.153413850152,30015.63584750495,462
2025-01-12 13:21:00+00:00,30017.15463778385,30028.76508838861,29999.798219323293,30017.860707235675,461
2025-01-13 01:21:00+00:00,30017.202355540525,30034.64031180136,29997.2205686292,30018.103680740365,588
2025-01-13 13:21:00+00:00,30017.7424235961,30036.106907113026,30008.83201696191,30017.16103293166,609
2025-01-14 01:21:00+00:00,30018.157905338318,30035.367627635205,30001.842956423967,30018.31539726033,563
2025-01-14 13:21:00+00:00,30017.212051597093,30037.15555874378,30008.66740750256,30017.564951799286,331
2025-01-15 01:21:00+00:00,30017.799001781383,30029.845912725203,30009.377267364907,30018.21378913256,683
2025-01-15 13:21:00+00:00,30017.098569182854,30020.40457827877,29998.314209526667,30016.947821290054,192
2025-01-16 01:21:00+00:00,30016.30386296106,30025.89788439603,30003.302742651063,30016.688988321588,110
2025-01-16 13:21:00+00:00,30016.987485256184,30026.885751954378,30002.55912744584,30017.621445198918,263
2025-01-17 01:21:00+00:00,30017.2775948871,30022.824879740867,29998.004915612204,30018.374065883243,830
2025-01-17 13:21:00+00:00,30017.671638172247,30035.00339866207,30000.676480006725,30018.23251877354,430
2025-01-18 01:21:00+00:00,30016.429192475804,30034.280174286796,30011.403302978462,30016.715360087666,929
2025-01-18 13:21:00+00:00,30016.042422665334,30020.818316133013,30006.980968958316,30016.708711488383,474
2025-01-19 01:21:00+00:00,30015.35585163453,30017.35579706444,29998.135663888992,30015.328344371308,811
2025-01-19 13:21:00+00:00,30016.055324900437,30016.417905503196,29996.134457704233,30015.867082802197,874
2025-01-20 01:21:00+00:00,30015.523602164663,30028.02603289935,29996.993585121665,30014.99589421034,880
2025-01-20 13:21:00+00:00,30015.590129322856,30025.666485518384,30010.342094099582,30013.003554442996,250
2025-01-21 01:21:00+00:00,30017.25269330359,30034.59963878536,30016.656811505592,30017.4860357789,226
2025-01-21 13:21:00+00:00,30015.840992393143,30028.693146627298,30011.15287471641,30016.717452803005,568
2025-01-22 01:21:00+00:00,30016.750136776893,30023.599978662794,30016.13118190784,30019.473729973666,467
2025-01-22 13:21:00+00:00,30016.137112847715,30029.346417552035,30000.72110182738,30015.981486448,872
2025-01-23 01:21:00+00:00,30016.059738064756,30021.122054757325,30010.930267730866,30015.620660093726,205
2025-01-23 13:21:00+00:00,30016.517470174815,30016.62364841281,30006.564450361988,30014.436912603363,588
2025-01-24 01:21:00+00:00,30017.509239499483,30029.65817261359,29999.99660899491,30015.891794705392,900
2025-01-24 13:21:00+00:00,30017.665886677594,30028.162600706604,30015.153915056835,30018.238990946596,779
2025-01-25 01:21:00+00:00,30016.841406530762,30019.46993930634,30011.251397885375,30015.675044023686,556
2025-01-25 13:21:00+00:00,30015.684228522045,30023.6914559196,30013.714897112866,30016.05554819921,934
2025-01-26 01:21:00+00:00,30015.48993733407,30034.710970827644,30010.64831592967,30016.03116988296,421
2025-01-26 13:21:00+00:00,30014.78603059309,30032.407186275508,30004.01272039587,30014.89716154089,850
2025-01-27 01:21:00+00:00,30012.186620902172,30025.086062012266,29994.48731134168,30013.687096996116,892
2025-01-27 13:21:00+00:00,30011.97073420447,30031.311450743706,29997.37627656615,30011.821019835505,542
2025-01-28 01:21:00+00:00,30012.372732473155,30017.33487707598,29994.722241973115,30011.735705515344,643
2025-01-28 13:21:00+00:00,30014.282688270843,30026.242789562297,29996.832577259844,30012.796417717214,969
2025-01-29 01:21:00+00:00,30015.437086044458,30024.502222260322,29998.44214015761,30017.00512242757,389
2025-01-29 13:21:00+00:00,30015.610362742133,30030.761952884663,30008.19418428637,30017.34630376894,482
2025-01-30 01:21:00+00:00,30015.581695997073,30023.32807987076,30014.320144214475,30015.11374146894,584
2025-01-30 13:21:00+00:00,30014.193062932773,30020.47976640763,30010.773067885733,30014.345949956205,150
2025-01-31 01:21:00+00:00,30015.36255728017,30016.75793905196,30002.0820541013,30015.623496625623,501
2025-01-31 13:21:00+00:00,30014.957404302426,30020.0997859906,30007.958178477198,30014.84151977165,187
2025-02-01 01:21:00+00:00,30013.03136511439,30024.23097204986,29994.71671802574,30012.219236160287,599
2025-02-01 13:21:00+00:00,30013.09893641898,30014.67153737094,30012.864233169043,30010.55765783661,241
2025-02-02 01:21:00+00:00,30014.032877236255,30018.614791933054,30004.333784443374,30014.140035120545,714
2025-02-02 13:21:00+00:00,30013.699547569307,30019.793444330335,30009.64222779698,30014.662366420656,614
2025-02-03 01:21:00+00:00,30014.304272176956,30017.975679199262,30005.0668114799,30015.307782496347,641
2025-02-03 13:21:00+00:00,30016.49643555825,30019.216613278488,29997.337275889582,30015.958174686988,872
2025-02-04 01:21:00+00:00,30018.570335185956,30032.844666672787,30012.952380407063,30020.36608175687,233
2025-02-04 13:21:00+00:00,30017.886281982763,30023.298831756896,30000.008843326148,30017.375799492194,866
2025-02-05 01:21:00+00:00,30017.328365078418,30021.41602293112,30015.76776185308,30016.58733261349,286
2025-02-05 13:21:00+00:00,30019.22595815885,30021.456483277067,30003.921107947153,30019.18234953321,130
2025-02-06 01:21:00+00:00,30018.33049127236,30021.618977408387,30014.739302139657,30018.735360172104,430
2025-02-06 13:21:00+00:00,30018.115283274965,30030.722998688827,30004.250062720428,30017.125046937945,106
2025-02-07 01:21:00+00:00,30017.225628044973,30032.99483687621,30015.173403267952,30018.41341457911,929
2025-02-07 13:21:00+00:00,30016.76384954584,30024.18308157474,30004.511012081155,30016.960485708474,205
2025-02-08 01:21:00+00:00,30015.725754623876,30025.12333953174,30015.05421389106,30014.903150499216,634
2025-02-08 13:21:00+00:00,30015.58776814668,30022.28867771951,30013.320597862446,30016.811816972648,448
2025-02-09 01:21:00+00:00,30015.349189973495,30021.267901864885,29996.493175441108,30016.119690760323,323
2025-02-09 13:21:00+00:00,30015.64470915086,30030.698185156776,30004.256625093327,30014.97625955226,229
2025-02-10 01:21:00+00:00,30015.35933415937,30033.36365801014,30006.784439276755,30014.11308091799,951
2025-02-10 13:21:00+00:00,30016.14772187755,30017.690382051907,30001.01220319963,30017.29767650487,392
2025-02-11 01:21:00+00:00,30015.482849514967,30017.158650517482,30003.38136032222,30014.535447330927,354
2025-02-11 13:21:00+00:00,30015.412445344533,30015.57460284372,30010.965523899966,30016.062031989946,534
2025-02-12 01:21:00+00:00,30015.152524354784,30023.438558144215,29997.277175780066,30015.04500666367,144
2025-02-12 13:21:00+00:00,30013.30940085524,30026.24901044953,30010.020980176938,30012.891361074944,499
2025-02-13 01:21:00+00:00,30012.277165730342,30013.14367544922,29994.380703814186,30013.63070362621,309
2025-02-13 13:21:00+00:00,30010.798604383956,30028.433862419966,29992.970044618774,30010.59710224533,794
2025-02-14 01:21:00+00:00,30011.085575614838,30013.382214506444,30003.00548232148,30011.100682551518,260
2025-02-14 13:21:00+00:00,30011.21128648124,30020.087801728976,30005.142754417884,30009.807841179496,108
2025-02-15 01:21:00+00:00,30009.702321700806,30023.340026726415,29990.033030347124,30009.76592894273,562
2025-02-15 13:21:00+00:00,30010.599695929217,30030.413000099303,29999.98961796767,30011.888060469748,931
2025-02-16 01:21:00+00:00,30010.630902970788,30012.074283906553,29993.55091422117,30010.95038891786,545
2025-02-16 13:21:00+00:00,30009.264786851236,30024.011141734554,30007.15873145213,30008.90166168131,509
2025-02-17 01:21:00+00:00,30007.185144397583,30026.400059488526,29989.00580579346,30007.81987268769,230
2025-02-17 13:21:00+00:00,30008.069890225175,30022.044077542814,30000.59251143154,30007.706046431027,718
2025-02-18 01:21:00+00:00,30006.400819925024,30020.342548121032,30001.338035055785,30006.278202610178,291
2025-02-18 13:21:00+00:00,30007.24605048191,30023.989693890653,30002.94502358404,30007.704689776347,125
2025-02-19 01:21:00+00:00,30008.116148625544,30027.638359285807,29988.99281174941,30007.355086506333,262
2025-02-19 13:21:00+00:00,30007.10675791845,30017.385746524877,30004.852799846885,30006.07326795862,677
2025-02-20 01:21:00+00:00,30006.45810100918,30015.843090102244,29989.35437319673,30008.1393860332,868
2025-02-20 13:21:00+00:00,30006.185067507737,30010.58162405796,29986.872240703622,30005.85965024766,765
2025-02-21 01:21:00+00:00,30007.892246389732,30026.011646775256,30003.99659322898,30007.7567752969,864
2025-02-21 13:21:00+00:00,30008.8746206711,30021.29387479148,30000.896411619407,30008.230741574545,756
2025-02-22 01:21:00+00:00,30008.737312444857,30010.545885913773,30008.420328859705,30007.834249970972,862
2025-02-22 13:21:00+00:00,30007.830078080027,30011.317829159878,29999.40952333018,30006.58321386049,379
2025-02-23 01:21:00+00:00,30008.66265777936,30015.268357686902,30007.284024621036,30009.262144516415,815
2025-02-23 13:21:00+00:00,30008.418425897136,30016.58912187375,29988.906543070258,30007.774944386034,800
2025-02-24 01:21:00+00:00,30008.957571298026,30023.90317421766,29992.978452668172,30008.622693543413,923
2025-02-24 13:21:00+00:00,30008.71776709583,30013.702292170357,29990.962364956253,30009.2934948603,622
2025-02-25 01:21:00+00:00,30007.270569900706,30009.837550233133,30000.647766200043,30007.274556560737,980
2025-02-25 13:21:00+00:00,30008.18003938318,30013.33058400859,29988.932321995224,30007.480743897013,503
2025-02-26 01:21:00+00:00,30008.936350120835,30023.97330872788,30004.163496042078,30009.386015378554,574
2025-02-26 13:21:00+00:00,30010.12311169127,30020.069695968745,29993.536860740336,30008.938730873848,801
2025-02-27 01:21:00+00:00,30010.094079211925,30021.653732412702,30007.4888238431,30009.584620035555,256
2025-02-27 13:21:00+00:00,30010.007111655977,30016.936963541255,29996.898230314695,30009.97049897484,697
2025-02-28 01:21:00+00:00,30010.170332231613,30027.709813983973,29993.07150424184,30010.60220195421,481
2025-02-28 13:21:00+00:00,30011.28021511361,30026.259463348735,30010.621474860953,30010.552105809733,441
2025-03-01 01:21:00+00:00,30010.19290235497,30020.830730423913,29990.2755570214,30012.31461525626,522
2025-03-01 13:21:00+00:00,30011.058204279998,30025.832643308575,29992.222242545893,30009.873891301628,363
2025-03-02 01:21:00+00:00,30013.080978936614,30022.82812137433,30005.496278501014,30011.82256654612,121
2025-03-02 13:21:00+00:00,30012.37043825587,30029.484776060017,29996.101571599695,30011.95314687031,113
2025-03-03 01:21:00+00:00,30013.385245107525,30018.312209342705,30000.72848337074,30013.03870428223,804
2025-03-03 13:21:00+00:00,30012.722476000916,30030.451812193856,29996.640975293092,30014.307584698545,599
2025-03-04 01:21:00+00:00,30011.592333618708,30025.850763840434,30001.923751025588,30012.24691478503,679
2025-03-04 13:21:00+00:00,30013.14152320316,30018.580570870974,30012.864977733774,30014.202358751092,469
2025-03-05 01:21:00+00:00,30013.04843882396,30022.023868673063,30011.32857091031,30013.549399409585,673
2025-03-05 13:21:00+00:00,30012.833650163684,30026.361007839667,29999.33411508878,30011.441985943304,180
2025-03-06 01:21:00+00:00,30012.613078739603,30015.289009629807,30000.422506004663,30013.629106501867,862
2025-03-06 13:21:00+00:00,30014.132566202108,30033.320914562173,30001.755999738125,30014.63094323014,181
2025-03-07 01:21:00+00:00,30013.659249828917,30026.51603947192,29999.394621248288,30013.71229791059,822
2025-03-07 13:21:00+00:00,30012.98559370233,30021.6573607818,30010.227278551294,30011.715094492603,275
2025-03-08 01:21:00+00:00,30012.893302674252,30021.596651845433,30006.78250850118,30013.5228977864,922
2025-03-08 13:21:00+00:00,30013.336507860833,30016.45943312431,30011.25606460458,30014.007046038583,437
2025-03-09 01:21:00+00:00,30012.26304384506,30017.566730819257,30006.10800049636,30012.081345893326,955
2025-03-09 13:21:00+00:00,30013.195244851537,30014.06999470908,30005.484893854395,30013.1759393845,577
2025-03-10 01:21:00+00:00,30013.87057347474,30033.521679286852,30007.676430010368,30013.53330137291,621
2025-03-10 13:21:00+00:00,30013.489552781204,30032.31522138636,29995.325274091378,30013.75922221853,562
2025-03-11 01:21:00+00:00,30012.899422202783,30027.02503366115,29993.103441958257,30012.806272891605,871
2025-03-11 13:21:00+00:00,30012.471255475022,30027.72943128626,29997.10412025732,30011.43946120671,859
2025-03-12 01:21:00+00:00,30011.88503324881,30021.53901131767,30003.176434693458,30010.335427712445,461
2025-03-12 13:21:00+00:00,30012.691521676472,30017.916204097884,30007.311098969167,30013.996908538975,308
2025-03-13 01:21:00+00:00,30010.88617119021,30016.854618772224,30006.48308198782,30010.829583058578,144
2025-03-13 13:21:00+00:00,30010.56096619295,30028.761863099233,29998.163628869836,30009.551939493642,465
2025-03-14 01:21:00+00:00,30010.54756037192,30012.96232069925,29990.94191629927,30011.074984232797,904
2025-03-14 13:21:00+00:00,30012.477765142285,30026.997468856727,29997.5662123628,30012.313227508803,305
2025-03-15 01:21:00+00:00,30011.862023883867,30024.338296545357,30003.797511703462,30012.474868222016,199
2025-03-15 13:21:00+00:00,30012.49473178044,30015.544843766325,30000.02007691646,30013.328270612794,464
2025-03-16 01:21:00+00:00,30012.947809390316,30030.152219886433,30010.887429666687,30011.725974017718,802
2025-03-16 13:21:00+00:00,30011.75192642818,30020.79221971803,29995.33623826365,30011.815874919204,744
2025-03-17 01:21:00+00:00,30012.131270467075,30020.588841339533,29994.745386486524,30012.350148170146,987
2025-03-17 13:21:00+00:00,30012.83555803841,30017.668195430175,29997.53110477484,30013.866221551623,523
2025-03-18 01:21:00+00:00,30013.537071332074,30024.09665211608,29998.948556143976,30011.85949320709,424
2025-03-18 13:21:00+00:00,30015.465647362485,30017.32479601931,30012.39070045448,30013.14923966753,359
2025-03-19 01:21:00+00:00,30014.34720178552,30029.713224998817,29996.885452383416,30014.195304001994,306
2025-03-19 13:21:00+00:00,30014.374283550653,30019.73376374493,30012.86186399969,30014.365957755144,923
2025-03-20 01:21:00+00:00,30013.225318382145,30032.27486638647,29995.44840358115,30012.520320953314,614
2025-03-20 13:21:00+00:00,30012.09958274809,30014.757438723536,30003.45293691455,30011.561029507113,938
2025-03-21 01:21:00+00:00,30012.879950258204,30027.608536841763,29996.433720835037,30011.988488095016,513
2025-03-21 13:21:00+00:00,30012.178150175383,30025.073760088122,29997.391698552965,30012.597939827177,115
2025-03-22 01:21:00+00:00,30011.26114630178,30021.851441847142,29993.096522909094,30010.75044635563,863
2025-03-22 13:21:00+00:00,30010.911462677414,30013.06270310341,29996.079014569124,30011.530807936077,664
2025-03-23 01:21:00+00:00,30008.748509929745,30014.661303267105,29997.636094865524,30009.395617238704,316
2025-03-23 13:21:00+00:00,30009.075709493867,30023.211151976,29993.43357295575,30010.289226659082,647
2025-03-24 01:21:00+00:00,30008.70209549336,30017.646156066057,29997.03333678464,30008.151397945978,899
2025-03-24 13:21:00+00:00,30007.53745770101,30015.43666287905,30001.18230923502,30007.420311816266,890
2025-03-25 01:21:00+00:00,30007.271526808734,30018.581428499874,29999.221969925144,30006.0372942931,858
2025-03-25 13:21:00+00:00,30008.606057776036,30025.517058340996,30004.08182665666,30010.147840626985,767
2025-03-26 01:21:00+00:00,30009.00279067815,30026.12054502488,30003.315665284576,30008.629369329425,964
2025-03-26 13:21:00+00:00,30010.181724729897,30014.781387405157,30005.88651756191,30009.752788963582,550
2025-03-27 01:21:00+00:00,30007.8296401274,30024.97860012841,29995.697183204647,30006.19852379205,540
2025-03-27 13:21:00+00:00,30009.515897585727,30011.381025681243,30001.07516306943,30010.170787043804,147
2025-03-28 01:21:00+00:00,30006.93184074496,30013.398669641083,29996.53298915777,30006.84363162633,906
2025-03-28 13:21:00+00:00,30006.503352463118,30013.98151111479,29990.27986569448,30006.001704955397,396
2025-03-29 01:21:00+00:00,30006.638056983404,30024.004344190238,29997.141101625417,30006.463177137568,110
2025-03-29 13:21:00+00:00,30006.77500077666,30020.143058234305,30002.812599866145,30007.176574753597,572
2025-03-30 01:21:00+00:00,30005.04670347534,30018.718502730113,29996.077155152183,30005.55539415767,838
2025-03-30 13:21:00+00:00,30003.828971045747,30007.14657940837,29992.185399782433,30004.503149680462,980
2025-03-31 01:21:00+00:00,30003.145401693735,30022.887126394857,29984.76729687607,30003.189876390807,112
2025-03-31 13:21:00+00:00,30004.243262178745,30008.872646208772,29990.108020629057,30004.03772192508,432
2025-04-01 01:21:00+00:00,30003.009349999385,30020.27101830307,30000.62992480455,30003.93627533652,336
2025-04-01 13:21:00+00:00,30003.681225234344,30016.72086733382,29986.937658743398,30003.95268097217,331
2025-04-02 01:21:00+00:00,30001.503687144672,30004.167434370407,29997.209915479096,30002.10863736329,478
2025-04-02 13:21:00+00:00,30001.945596127298,30012.064774348673,29992.863502861153,30000.180940266353,967
2025-04-03 01:21:00+00:00,30001.47773872132,30009.074683920757,29993.67606129821,30003.079846654284,105
2025-04-03 13:21:00+00:00,30002.494859104256,30009.67239739343,29991.617589936814,30002.37764554493,303
2025-04-04 01:21:00+00:00,30001.124202053725,30008.76123946067,29985.470400534494,29999.860604387333,783
2025-04-04 13:21:00+00:00,30001.26146138989,30021.024345964823,29985.887865004,30001.93289960116,382
2025-04-05 01:21:00+00:00,30002.01521964859,30005.81844937296,29991.90930493103,30000.666893011443,987
2025-04-05 13:21:00+00:00,30002.014911605198,30011.445188476908,30000.019096943874,30002.13913021383,408
2025-04-06 01:21:00+00:00,30003.15885495662,30007.554762073123,29997.52533437834,30001.965397268443,988
2025-04-06 13:21:00+00:00,30005.644633855798,30006.15923237221,29997.94511395745,30005.73834981397,677
2025-04-07 01:21:00+00:00,30005.03351254524,30015.46693709257,30002.427061347047,30006.870848673563,231
2025-04-07 13:21:00+00:00,30004.875812435745,30006.569946055144,29990.92258468739,30005.9915289762,641
2025-04-08 01:21:00+00:00,30004.81342157805,30023.739982076055,29987.06659252414,30004.063633941227,494
2025-04-08 13:21:00+00:00,30005.106263758105,30024.854917676563,29989.513704975918,30005.2992205026,534
2025-04-09 01:21:00+00:00,30005.122072676026,30018.109208241018,29994.303375062063,30003.378817985038,121
2025-04-09 13:21:00+00:00,30005.032681110843,30015.349862851435,29993.951750936063,30004.236188975487,560
2025-04-10 01:21:00+00:00,30007.12687735899,30013.247946366646,29987.388334043895,30005.97090439162,520
2025-04-10 13:21:00+00:00,30010.075686474385,30010.634722313047,29994.188655531256,30009.840644340624,542
2025-04-11 01:21:00+00:00,30011.03978828878,30022.903379412375,29997.17879475056,30010.032660652156,487
2025-04-11 13:21:00+00:00,30012.312361068776,30013.828044571634,30011.850204476446,30011.198017912047,100
2025-04-12 01:21:00+00:00,30012.270639155322,30023.40619210562,29995.27036628981,30011.501774558397,275
2025-04-12 13:21:00+00:00,30012.370363306192,30029.65399635554,30006.28600326801,30012.014799957204,811
2025-04-13 01:21:00+00:00,30012.4779723139,30024.673791360972,30005.36652472152,30013.734422558155,119
2025-04-13 13:21:00+00:00,30013.87967714821,30027.832250832285,30011.800509850807,30013.947603396988,131
2025-04-14 01:21:00+00:00,30014.052664579613,30014.9218723224,29998.338307223632,30013.698921150357,117
2025-04-14 13:21:00+00:00,30015.57608389451,30033.666862184105,29999.902429334077,30014.858106876905,890
2025-04-15 01:21:00+00:00,30015.362580207788,30026.54431409444,30010.266869722855,30016.451715273048,510
2025-04-15 13:21:00+00:00,30014.504398028694,30030.50111566478,30011.357599808263,30014.826993264,498
2025-04-16 01:21:00+00:00,30013.3537781079,30025.284557147126,30010.089916373123,30011.835312239793,492
2025-04-16 13:21:00+00:00,30013.12236735299,30029.789709734723,29998.56583215468,30012.72093907449,293
2025-04-17 01:21:00+00:00,30013.751838652406,30023.262797020758,30006.38450512937,30014.137983006767,534
2025-04-17 13:21:00+00:00,30014.976180555423,30028.87749340978,30005.291114663592,30014.580815168098,968
2025-04-18 01:21:00+00:00,30014.329518152528,30030.882498013903,30007.144867679704,30015.23974504761,836
2025-04-18 13:21:00+00:00,30015.181384814936,30021.915134424577,30002.996957469753,30016.609769838793,490
2025-04-19 01:21:00+00:00,30014.96993715869,30023.71045148862,30013.35124129771,30013.920330419463,753
2025-04-19 13:21:00+00:00,30015.61846037179,30033.60742995115,29999.336864653153,30017.300639408975,981
2025-04-20 01:21:00+00:00,30016.581140033333,30021.514455187542,30014.840558070286,30018.362752468012,611
2025-04-20 13:21:00+00:00,30017.035704439022,30022.93680966224,30010.50044790709,30016.11244845225,706
2025-04-21 01:21:00+00:00,30015.742086360762,30017.922539242845,30011.172702028565,30015.134818270148,495
2025-04-21 13:21:00+00:00,30017.277354825863,30017.358930565984,30010.184804764926,30017.14914982747,570
2025-04-22 01:21:00+00:00,30017.78290687708,30032.770507240497,30000.86379078418,30017.4152801631,636
2025-04-22 13:21:00+00:00,30017.374206333203,30018.241929462412,30011.705868439025,30017.41270473932,849
2025-04-23 01:21:00+00:00,30017.74458250623,30033.224051932717,30005.685922195597,30017.79208601166,965
2025-04-23 13:21:00+00:00,30017.077709122685,30036.11741893235,30002.236621077816,30016.95457933236,833
2025-04-24 01:21:00+00:00,30017.271615537433,30031.605943878745,29999.722809124978,30017.226437250858,924
2025-04-24 13:21:00+00:00,30017.500989169534,30023.452789384635,30004.088075067008,30018.744188948935,919
2025-04-25 01:21:00+00:00,30017.52405655162,30027.30798915162,30007.60456103536,30017.35874357629,810
2025-04-25 13:21:00+00:00,30018.980611632458,30037.945019465977,30012.126252659033,30017.233882744298,291
2025-04-26 01:21:00+00:00,30017.68033903434,30019.491946479004,30007.24975739554,30017.78196654236,857
2025-04-26 13:21:00+00:00,30017.74839113372,30025.682749040203,29997.805244228133,30017.36346359047,139
2025-04-27 01:21:00+00:00,30017.71656612011,30034.992651040615,30000.893726524966,30017.878733513702,411
2025-04-27 13:21:00+00:00,30018.21436180841,30027.106694947895,30005.460532033627,30018.337706798422,829
2025-04-28 01:21:00+00:00,30018.026820861305,30037.29757885717,30014.80438814654,30017.695603727523,648
2025-04-28 13:21:00+00:00,30017.82330245534,30026.48011035549,30016.157683634803,30016.5235534568,211
2025-04-29 01:21:00+00:00,30016.192897661113,30029.043570750368,30011.622939545574,30018.03381482742,356
2025-04-29 13:21:00+00:00,30014.899719306002,30028.26295496531,29995.779982116663,30015.402340540964,733
2025-04-30 01:21:00+00:00,30015.293295303683,30024.1679340584,30015.27399022971,30014.469298809156,605
2025-04-30 13:21:00+00:00,30016.326707426484,30017.06552094776,30003.704325913575,30015.843528394173,334
2025-05-01 01:21:00+00:00,30015.96463068015,30016.332792770118,29997.994697497987,30016.771900285574,753
2025-05-01 13:21:00+00:00,30015.86127852296,30035.31678537462,30005.066736341138,30016.49631638527,125
2025-05-02 01:21:00+00:00,30016.017803929466,30025.52862377393,30015.0787170015,30015.454893297712,621
2025-05-02 13:21:00+00:00,30016.96305583619,30035.166131471302,30003.955329165732,30016.34672460183,770
2025-05-03 01:21:00+00:00,30015.342570445388,30030.697554138143,29998.590809157104,30013.655495080933,233
2025-05-03 13:21:00+00:00,30014.58954989082,30025.164091157636,30003.724037457858,30015.259435649557,220
2025-05-04 01:21:00+00:00,30016.43488752674,30028.62803216077,29998.724972710024,30016.232477312933,310
2025-05-04 13:21:00+00:00,30016.39998817398,30033.38366340083,29998.169112641615,30015.670889182806,119
2025-05-05 01:21:00+00:00,30014.59287465035,30020.98661590496,30011.701711023074,30013.35792487038,169
2025-05-05 13:21:00+00:00,30016.125923420303,30024.110095029042,30006.982442277935,30015.213298952272,113
2025-05-06 01:21:00+00:00,30016.916421174858,30023.259287173725,30016.721472647067,30017.33563001425,847
2025-05-06 13:21:00+00:00,30014.92062260829,30032.429393979826,30003.731082947743,30013.829055078473,708
2025-05-07 01:21:00+00:00,30015.388557535163,30016.059447233918,30013.45232664015,30015.776414845597,769
2025-05-07 13:21:00+00:00,30016.346301060945,30020.597402464016,30015.41769850897,30016.872298247476,419
2025-05-08 01:21:00+00:00,30015.979476599077,30025.871975386937,30007.98949947011,30017.05960994145,818
2025-05-08 13:21:00+00:00,30017.748058556965,30032.94486889782,30000.440573786498,30018.0001543252,640
2025-05-09 01:21:00+00:00,30020.33165419655,30036.939529225536,30012.42044112061,30020.25130408717,376
2025-05-09 13:21:00+00:00,30021.493584693933,30023.354883623404,30006.784265400525,30023.178375566105,671
2025-05-10 01:21:00+00:00,30019.229137690207,30025.706527241862,30003.81006317113,30020.240571062826,249
