timestamp,open,high,low,close,volume
2020-10-16 17:21:00+00:00,29998.97524423081,30017.99366923849,29980.00178675984,29999.555597102404,537
2020-10-17 01:21:00+00:00,29997.492269352,30013.31667385651,29988.953729333836,29997.406360862064,667
2020-10-17 09:21:00+00:00,29996.885739730827,30010.936914133134,29979.51762877265,29996.895658109683,101
2020-10-17 17:21:00+00:00,29996.6720629979,30014.25107689403,29982.672123137083,29995.62130153194,465
2020-10-18 01:21:00+00:00,29995.730250973236,29997.2283041709,29978.00717047314,29996.302481361574,442
2020-10-18 09:21:00+00:00,29995.226823045567,30009.970692815892,29987.774006909905,29995.4083544332,666
2020-10-18 17:21:00+00:00,29994.510462050966,29998.330309567795,29976.14514723791,29993.90289787553,745
2020-10-19 01:21:00+00:00,29994.352887601595,30004.54620860757,29975.883834661698,29993.550770348735,268
2020-10-19 09:21:00+00:00,29992.73491806285,30002.411330537718,29978.01744401237,29992.49500243956,883
2020-10-19 17:21:00+00:00,29990.464362041203,30001.846524148783,29981.213334685413,29990.88454339652,582
2020-10-20 01:21:00+00:00,29989.881058428793,30005.500066745546,29969.894509079393,29989.536307134975,375
2020-10-20 09:21:00+00:00,29990.72979270784,30001.258586336055,29986.947719195305,29991.548746939676,438
2020-10-20 17:21:00+00:00,29989.977409197607,30004.779745690263,29989.68176667686,29990.27119097716,461
2020-10-21 01:21:00+00:00,29989.971102314365,30009.154690082363,29974.635051851918,29990.46941597343,328
2020-10-21 09:21:00+00:00,29989.67607491863,29999.778865705273,29989.539781605185,29989.6369066775,861
2020-10-21 17:21:00+00:00,29988.19355676524,29990.83640615421,29978.694679922075,29986.56087454527,851
2020-10-22 01:21:00+00:00,29987.517125239377,30003.17118794419,29971.328170520737,29986.776536904563,964
2020-10-22 09:21:00+00:00,29987.888118772255,30006.93023319694,29982.423856416826,29988.75932389397,560
2020-10-22 17:21:00+00:00,29989.081397418733,30005.619519976874,29979.169327236876,29991.232181323,724
2020-10-23 01:21:00+00:00,29988.43468120884,29998.783212999082,29979.481068188707,29987.244008354526,625
2020-10-23 09:21:00+00:00,29988.77956541094,30000.52517135342,29976.336235006467,29987.35403367726,386
2020-10-23 17:21:00+00:00,29990.731531980935,30009.427803771472,29990.232291494525,29990.221123448136,942
2020-10-24 01:21:00+00:00,29990.308585015162,29998.499910985993,29971.03837625049,29991.478976168484,999
2020-10-24 09:21:00+00:00,29991.709866733087,30002.182263970688,29974.192492494636,29991.28899506937,392
2020-10-24 17:21:00+00:00,29991.608064343094,30006.06758687063,29977.97596137003,29991.6708080269,561
2020-10-25 01:21:00+00:00,29991.523495349935,30002.361264670726,29990.136170922786,29991.847326784835,436
2020-10-25 09:21:00+00:00,29991.381510481064,29993.794741330763,29989.459739185793,29992.37315431718,892
2020-10-25 17:21:00+00:00,29991.45066245659,30004.772093555108,29974.719597311585,29989.82231826466,564
2020-10-26 01:21:00+00:00,29991.707316706677,30005.168309719833,29989.161844931146,29991.561896614716,768
2020-10-26 09:21:00+00:00,29991.946133886882,30011.464658441066,29974.203501174994,29990.44676150326,466
2020-10-26 17:21:00+00:00,29990.071415536182,30007.13741738455,29980.482518375597,29990.763027602163,404
2020-10-27 01:21:00+00:00,29991.600592940347,30007.901617057407,29990.933387769965,29991.39714935987,731
2020-10-27 09:21:00+00:00,29990.78037641094,29993.636835259716,29978.79956405742,29989.902352924484,132
2020-10-27 17:21:00+00:00,29990.2917798864,29991.055344166984,29987.72197356111,29990.806497110312,800
2020-10-28 01:21:00+00:00,29991.308389988193,30008.98803615106,29985.231415778075,29989.880268485915,590
2020-10-28 09:21:00+00:00,29991.304358807694,29999.329643981415,29974.651753621893,29992.944223056547,417
2020-10-28 17:21:00+00:00,29991.430715748942,29993.08587647896,29986.8471044638,29992.155793668666,327
2020-10-29 01:21:00+00:00,29991.821037336114,29993.57375335676,29990.24158010867,29992.699948611877,719
2020-10-29 09:21:00+00:00,29991.744549348132,29998.378711071364,29991.470808058166,29991.878426364394,542
2020-10-29 17:21:00+00:00,29992.21886806657,30006.605987674327,29991.04809818321,29993.03528215946,806
2020-10-30 01:21:00+00:00,29992.17305950767,30010.091800907445,29988.395626488084,29992.175102913385,209
2020-10-30 09:21:00+00:00,29993.550842924848,30009.9037395927,29975.06517258339,29993.126048936578,395
2020-10-30 17:21:00+00:00,29994.32877158598,30004.461611128718,29987.40206807279,29993.660556823936,622
2020-10-31 01:21:00+00:00,29993.460536525083,29994.256034514303,29991.96430241087,29993.27949589053,922
2020-10-31 09:21:00+00:00,29995.04566975536,30013.18517964959,29978.269423949776,29995.37138651705,808
2020-10-31 17:21:00+00:00,29995.4310869819,30007.823481536525,29979.124764665856,29997.61295462499,342
2020-11-01 01:21:00+00:00,29993.67174807378,30013.141269015006,29992.01095322439,29994.14682784402,241
2020-11-01 09:21:00+00:00,29991.814197332897,29992.51698524159,29988.617352758036,29991.78482621448,284
2020-11-01 17:21:00+00:00,29992.097770702447,30009.45642354615,29975.71409975881,29991.668747064545,847
2020-11-02 01:21:00+00:00,29992.26150242188,29998.337784148534,29983.622470619794,29991.60498263383,460
2020-11-02 09:21:00+00:00,29991.514519186643,30000.709294090557,29986.476157879708,29991.18965964351,277
2020-11-02 17:21:00+00:00,29990.332468058932,29997.725710608578,29986.745544167174,29990.189713017568,882
2020-11-03 01:21:00+00:00,29989.442975880895,30000.776047737563,29980.066125488596,29989.175779995465,400
2020-11-03 09:21:00+00:00,29989.935424982486,29999.331244198293,29972.321630856124,29989.85702709709,252
2020-11-03 17:21:00+00:00,29989.790769615905,30003.9018014213,29970.845851941252,29990.466803491836,302
2020-11-04 01:21:00+00:00,29990.1828613013,29992.16459907568,29983.554373855863,29990.046218743464,598
2020-11-04 09:21:00+00:00,29990.478367263844,30006.887171739618,29979.665967985835,29990.902480916753,978
2020-11-04 17:21:00+00:00,29989.714285514285,29998.848929698135,29972.42224297344,29988.92188488047,146
2020-11-05 01:21:00+00:00,29989.435390947,30003.163621176813,29985.08048819176,29987.781562913886,237
2020-11-05 09:21:00+00:00,29990.300952257774,30004.006838020305,29975.538836605974,29991.420081498465,752
2020-11-05 17:21:00+00:00,29991.24751462661,30001.648097224235,29983.034520953675,29989.61930676131,178
2020-11-06 01:21:00+00:00,29989.968318272804,29991.12067703418,29985.644613209977,29990.205166135645,387
2020-11-06 09:21:00+00:00,29990.380331551532,29999.7404399727,29973.7646875962,29990.586625015698,477
2020-11-06 17:21:00+00:00,29990.494967121165,30001.162337653353,29971.269985169612,29990.910256090872,471
2020-11-07 01:21:00+00:00,29992.11433140534,29994.804501403887,29985.599635386792,29991.921410169,140
2020-11-07 09:21:00+00:00,29992.669775712104,30006.330170877874,29989.115099093626,29993.605315839282,215
2020-11-07 17:21:00+00:00,29992.900298509012,29994.46840320886,29977.16563048383,29992.367083333516,170
2020-11-08 01:21:00+00:00,29994.030316121796,30012.867303269017,29986.32332433717,29994.686438946526,241
2020-11-08 09:21:00+00:00,29994.972336026538,30008.246828389063,29982.075648353977,29994.14913695357,880
2020-11-08 17:21:00+00:00,29994.083797119518,30000.258725270534,29980.819862733773,29992.937256479116,702
2020-11-09 01:21:00+00:00,29993.235705428546,30009.97711417887,29984.970863235423,29993.750343381562,797
2020-11-09 09:21:00+00:00,29993.28681832459,29998.79708012954,29979.36162814462,29992.24569021804,781
2020-11-09 17:21:00+00:00,29994.34117245851,30009.77521185258,29977.974132535724,29993.05076417497,385
2020-11-10 01:21:00+00:00,29993.44911181207,30010.828536776186,29991.83724962614,29993.811763707912,911
2020-11-10 09:21:00+00:00,29994.351773747978,29999.340815709715,29993.2189768648,29994.302073529034,155
2020-11-10 17:21:00+00:00,29993.580949568586,30000.473010505346,29979.56430559237,29995.34683285163,429
2020-11-11 01:21:00+00:00,29994.72224098855,30008.728187133453,29989.11446591488,29995.579277680463,313
2020-11-11 09:21:00+00:00,29993.890032212435,30007.757527616133,29981.417359317486,29994.523453994087,136
2020-11-11 17:21:00+00:00,29993.33487376944,29998.879926465168,29977.51900378449,29994.19329999869,930
2020-11-12 01:21:00+00:00,29995.60068071625,30013.317947093878,29983.522701388138,29996.3878107745,444
2020-11-12 09:21:00+00:00,29995.723619646436,30009.429486565656,29986.309926781305,29995.146624799043,842
2020-11-12 17:21:00+00:00,29995.950440561875,30015.87804713775,29987.105012346256,29996.750908031212,301
2020-11-13 01:21:00+00:00,29997.506006359323,30016.390803275593,29986.370038644192,29997.284643277504,379
2020-11-13 09:21:00+00:00,29997.061408299152,29999.545505287515,29980.53989687635,29997.44090300599,823
2020-11-13 17:21:00+00:00,29996.2747691696,30004.498323464406,29988.030250825122,29994.823723985344,108
2020-11-14 01:21:00+00:00,29995.722564790147,30000.48525133403,29985.26053785747,29996.015895977016,187
2020-11-14 09:21:00+00:00,29997.069658229215,30015.54210501772,29977.10672643328,29995.81956958333,448
2020-11-14 17:21:00+00:00,29997.506666299843,30001.432023593414,29991.01527669649,29999.497892435276,752
2020-11-15 01:21:00+00:00,29997.66811620737,30007.52859634094,29983.68840440433,29995.77398072999,142
2020-11-15 09:21:00+00:00,29996.603850919524,30009.193796025582,29986.884851202147,29997.83981625169,738
2020-11-15 17:21:00+00:00,29998.81808671597,30018.382241390853,29980.01702035499,29999.817635410764,660
2020-11-16 01:21:00+00:00,29998.335073414844,30004.60485572333,29993.538338282364,29996.419437280383,826
2020-11-16 09:21:00+00:00,30000.479998496907,30002.337020311425,29999.865018746343,29999.995411571206,617
2020-11-16 17:21:00+00:00,30001.439020114678,30004.328852661307,29990.415268876885,30001.72262561504,240
2020-11-17 01:21:00+00:00,30001.259763137154,30005.046147208344,29982.816796995223,30000.663021126005,753
2020-11-17 09:21:00+00:00,30001.433647494523,30018.281872311356,29986.1665550334,30001.467970011,824
2020-11-17 17:21:00+00:00,30000.98482028077,30010.458097746934,29999.625061204122,30000.43527476883,870
2020-11-18 01:21:00+00:00,29999.491520848936,30007.42889352968,29980.673663475474,29999.033321874154,215
2020-11-18 09:21:00+00:00,29999.29404468811,30014.999941467588,29988.222624382717,30001.106754452576,510
2020-11-18 17:21:00+00:00,29998.63645812297,30013.121659227596,29998.26632131216,29998.620286093097,700
2020-11-19 01:21:00+00:00,29998.55017143736,30001.15853784313,29981.820196805143,29999.062191705725,555
2020-11-19 09:21:00+00:00,29998.211950337834,30010.69595189025,29995.987935710204,29999.224036767293,866
2020-11-19 17:21:00+00:00,29997.582424716496,30004.65639219922,29990.350511352583,29997.954348811498,974
2020-11-20 01:21:00+00:00,29998.977217762582,29999.206860728744,29982.034305530306,29999.610162549543,326
2020-11-20 09:21:00+00:00,29999.835304896216,30012.05558982967,29984.87751420818,29998.631439816236,897
2020-11-20 17:21:00+00:00,30000.101858593705,30007.717261790756,29980.627365544653,29997.91386073481,338
2020-11-21 01:21:00+00:00,30000.929215304855,30002.980021498162,29983.134222304798,30001.36638888651,623
2020-11-21 09:21:00+00:00,30000.766861553464,30019.530154737593,29998.44233823473,29999.566148370104,919
2020-11-21 17:21:00+00:00,30000.538777791186,30011.70860694606,29996.815427051042,30000.91757089089,564
2020-11-22 01:21:00+00:00,30001.44834603242,30002.304740433305,29987.33461113475,29999.895481131323,251
2020-11-22 09:21:00+00:00,30001.52247296976,30010.65244217496,30000.74156606626,29999.532832888995,799
2020-11-22 17:21:00+00:00,30001.384832396932,30003.40938866236,29992.077168976837,30001.96028614636,457
2020-11-23 01:21:00+00:00,30001.861735831477,30019.30534914445,29987.502498005644,30002.779073977013,183
2020-11-23 09:21:00+00:00,30001.114653452074,30014.860917129958,29989.865729145604,30002.193408363317,388
2020-11-23 17:21:00+00:00,30000.139427793372,30017.047920754263,29992.613644624857,30000.70502334603,925
2020-11-24 01:21:00+00:00,30000.63125786277,30008.631921830958,29993.914322608984,30000.878322658406,286
2020-11-24 09:21:00+00:00,30000.966007504947,30008.872044424927,29997.96331893735,30003.396797770485,915
2020-11-24 17:21:00+00:00,30000.66146797323,30004.983249622248,29989.07106321445,30000.244462435254,123
2020-11-25 01:21:00+00:00,30000.372123923356,30009.944391095672,29994.30345507836,30001.320752639775,960
2020-11-25 09:21:00+00:00,30001.62994072126,30017.995990596974,29990.734613558827,30001.037797481044,876
2020-11-25 17:21:00+00:00,30001.828774506368,30004.979275678936,29996.831169992267,30001.333186839736,429
2020-11-26 01:21:00+00:00,30001.420836863752,30001.482305670484,29987.461502144008,30001.723556007593,263
2020-11-26 09:21:00+00:00,30001.92938515681,30012.73927883031,29996.204704613807,30002.571664336214,768
2020-11-26 17:21:00+00:00,30001.520659418333,30010.704855698626,29987.537626736867,30002.836330825317,778
2020-11-27 01:21:00+00:00,30001.033231570356,30013.816204067316,29989.836033205323,30000.711703302823,851
2020-11-27 09:21:00+00:00,30000.354739914168,30015.016582233362,29996.895090012637,30000.442198290322,377
2020-11-27 17:21:00+00:00,30000.332789607077,30018.132325404003,29984.247709033676,30000.732651545135,634
2020-11-28 01:21:00+00:00,30000.14522331031,30003.54170672581,29996.52766270048,30000.44633883687,503
2020-11-28 09:21:00+00:00,29999.586524837738,30013.010846919184,29980.469296053256,29997.91872402748,704
2020-11-28 17:21:00+00:00,29999.084344344887,30012.223255185512,29989.72175245262,29999.485789594433,536
2020-11-29 01:21:00+00:00,29999.048123207074,30009.965595786947,29991.876679953017,29997.847434619365,191
2020-11-29 09:21:00+00:00,29998.006523616947,30017.741459354824,29993.98495038021,29996.451020450433,130
2020-11-29 17:21:00+00:00,29997.023090649116,30001.85649531338,29992.910345956152,29997.63898389075,978
2020-11-30 01:21:00+00:00,29996.793863695537,30016.39125671644,29983.626410902554,29996.06832675711,442
2020-11-30 09:21:00+00:00,29994.969410080015,29995.578247554244,29982.9878810335,29994.53687355132,354
2020-11-30 17:21:00+00:00,29996.480220854326,30000.840536088945,29982.427535038747,29995.057206442318,850
2020-12-01 01:21:00+00:00,29995.3885833845,30002.39016677766,29991.39555223821,29996.32228432678,160
2020-12-01 09:21:00+00:00,29995.587449433548,30012.74134980948,29979.405903235962,29995.36983647319,904
2020-12-01 17:21:00+00:00,29995.821064930173,30005.92438124281,29995.566198972887,29993.286316112186,944
2020-12-02 01:21:00+00:00,29997.173309622733,30009.131717935492,29990.62980235309,29997.958262431384,219
2020-12-02 09:21:00+00:00,29998.19591847123,30011.640317611953,29989.715645057266,29997.892657963945,721
2020-12-02 17:21:00+00:00,29997.93339689331,30003.94440292127,29987.79115668362,29998.539358297043,302
2020-12-03 01:21:00+00:00,29998.816094344435,30009.039084660348,29984.68952571668,29997.401637240426,628
2020-12-03 09:21:00+00:00,30000.035146026403,30015.03153983245,29980.212717542407,30000.60059989135,430
2020-12-03 17:21:00+00:00,29999.369666039638,30016.06708738761,29982.106034025524,29999.35144500255,830
2020-12-04 01:21:00+00:00,29998.07652957784,30012.381389929895,29996.38028471431,29999.149164017348,198
2020-12-04 09:21:00+00:00,29998.613714416584,30008.757865966927,29991.891750127463,29998.160319522103,452
2020-12-04 17:21:00+00:00,29999.235946014793,30011.17802842215,29990.709112587774,29999.551708752413,554
2020-12-05 01:21:00+00:00,29998.57119209295,30015.24110378294,29988.62555167393,29998.215554582282,452
2020-12-05 09:21:00+00:00,29998.428210943468,30003.172840364685,29988.783191406597,29998.957698965954,882
2020-12-05 17:21:00+00:00,29997.946522603823,30007.389763747833,29994.21232602224,29997.03356601593,375
2020-12-06 01:21:00+00:00,30000.404899179674,30016.646204356,29993.63338242766,29999.764791656657,163
2020-12-06 09:21:00+00:00,29998.962763425232,30006.64520213577,29983.795857281377,29998.391267631563,824
2020-12-06 17:21:00+00:00,29999.670811331296,30013.912473572156,29990.255040407264,30000.246992290857,913
2020-12-07 01:21:00+00:00,29999.58646266634,30003.686745367042,29985.631942849832,29999.5681023983,666
2020-12-07 09:21:00+00:00,29999.37630457534,30014.604051345796,29981.466482961394,29998.518349242662,388
2020-12-07 17:21:00+00:00,29998.629064685232,30008.856591206502,29989.991407379974,29999.337840719454,687
2020-12-08 01:21:00+00:00,29997.711292107215,29998.775053647907,29995.50756755649,29997.08655328454,684
2020-12-08 09:21:00+00:00,29997.61202130079,30003.49108581372,29986.939826421196,29997.08847159221,820
2020-12-08 17:21:00+00:00,29998.655019789312,30012.260687542625,29996.864948087616,29996.972637806237,435
2020-12-09 01:21:00+00:00,29998.717118197328,30015.573192668544,29991.426444558314,29999.74407350285,375
2020-12-09 09:21:00+00:00,29998.279037707613,30000.69100174988,29994.601277712154,29998.221477609295,475
2020-12-09 17:21:00+00:00,29996.943436488702,29999.469017376217,29988.575030405365,29997.2888045448,103
2020-12-10 01:21:00+00:00,29997.038597428746,30007.995272396074,29989.936322333262,29997.738695842785,366
2020-12-10 09:21:00+00:00,29995.71113400582,30001.109880072843,29987.477139395036,29995.13902185573,763
2020-12-10 17:21:00+00:00,29996.629874758066,29998.84251584654,29983.64068370995,29998.00250886599,273
2020-12-11 01:21:00+00:00,29995.828851253485,30002.92433227662,29977.410353091633,29996.77132538491,659
2020-12-11 09:21:00+00:00,29996.839261989455,30009.0792927863,29978.992975626134,29997.539391349277,268
2020-12-11 17:21:00+00:00,29996.78589735442,30009.083050101628,29989.77016803206,29996.359985988496,679
2020-12-12 01:21:00+00:00,29998.72613613239,30010.499682703583,29997.37927281186,29997.939045427443,377
2020-12-12 09:21:00+00:00,29997.940974594494,30010.69782405271,29986.84185804507,29997.36916696011,914
2020-12-12 17:21:00+00:00,29997.887444463322,30014.070886460984,29991.706714163698,29998.083965312802,441
2020-12-13 01:21:00+00:00,29998.49590762153,30009.026048893204,29987.495375659517,30000.039034116555,650
2020-12-13 09:21:00+00:00,29999.344719068205,30006.726341150268,29982.57704625301,29999.0988538362,183
2020-12-13 17:21:00+00:00,30001.250759858995,30012.333825489164,29989.127048342598,30000.379230520746,815
2020-12-14 01:21:00+00:00,30001.76688573405,30006.51251443978,30000.313969194995,30001.87663618674,918
2020-12-14 09:21:00+00:00,30001.599181721034,30012.532567702314,29983.6512002044,30002.686364226178,104
2020-12-14 17:21:00+00:00,30002.071107328906,30014.469760036896,29989.086026943816,30002.65291526269,272
2020-12-15 01:21:00+00:00,30003.80693471491,30005.605528387936,30003.309851975828,30004.787443357356,118
2020-12-15 09:21:00+00:00,30004.572394750136,30012.764072331767,29994.105839675183,30007.12808128123,264
2020-12-15 17:21:00+00:00,30003.70001295267,30006.35186573123,30001.482190140832,30003.408906240922,343
2020-12-16 01:21:00+00:00,30004.609225689655,30013.232590706903,29996.920752885857,30005.14583164521,800
2020-12-16 09:21:00+00:00,30004.1291688569,30018.75771386609,29990.72724812282,30004.54877341214,266
2020-12-16 17:21:00+00:00,30005.092581293342,30007.08515566668,29995.447988668977,30005.173904341,125
2020-12-17 01:21:00+00:00,30004.55015352714,30016.166555769607,29986.461253492686,30005.027231555698,905
2020-12-17 09:21:00+00:00,30004.425104359012,30019.073738559735,29997.549986523278,30002.597158691693,562
2020-12-17 17:21:00+00:00,30006.019251787344,30015.711578619044,29990.271131214988,30006.777484515304,450
2020-12-18 01:21:00+00:00,30005.688419574195,30015.362183392306,30000.797201097303,30005.293801363765,998
2020-12-18 09:21:00+00:00,30006.49850672862,30017.170606905005,30001.196972938164,30005.036510916518,542
2020-12-18 17:21:00+00:00,30006.331224330595,30015.324908394523,30000.833176722084,30005.96653479117,343
2020-12-19 01:21:00+00:00,30007.068638405966,30024.18614665084,30000.09430440906,30005.971122881147,968
2020-12-19 09:21:00+00:00,30007.33387989949,30010.812001754464,29993.659034921056,30008.345767538158,159
2020-12-19 17:21:00+00:00,30007.29411060435,30020.398535962082,29989.000398184144,30008.405051813228,676
2020-12-20 01:21:00+00:00,30007.08614509851,30026.423339243633,29997.151999117887,30006.822829273267,873
2020-12-20 09:21:00+00:00,30006.83728845702,30015.156950775687,30001.215172446566,30007.23492216979,302
2020-12-20 17:21:00+00:00,30005.686966723722,30020.055380890844,29987.615556666307,30005.017028617996,555
2020-12-21 01:21:00+00:00,30009.73294643956,30022.527786697778,30000.8757439742,30010.285630925893,614
2020-12-21 09:21:00+00:00,30008.54395796222,30015.11709178553,29999.359239229245,30009.13725116586,546
2020-12-21 17:21:00+00:00,30008.973425501466,30016.760722088224,30001.027483473477,30009.66065432375,531
2020-12-22 01:21:00+00:00,30009.619733820826,30022.029990549287,29996.306714321192,30010.562810550495,502
2020-12-22 09:21:00+00:00,30009.016263250185,30024.86809044619,29993.948032600427,30007.900222396904,294
2020-12-22 17:21:00+00:00,30011.115300801237,30025.05832210836,30000.390666307,30012.09270717525,565
2020-12-23 01:21:00+00:00,30010.39361477203,30022.53172754782,30003.37416896953,30010.069133414145,132
2020-12-23 09:21:00+00:00,30011.705572165774,30028.506096353252,29992.724214440062,30012.895744096986,695
2020-12-23 17:21:00+00:00,30010.461424387664,30027.956904617084,29998.2471649522,30010.49440423457,914
2020-12-24 01:21:00+00:00,30010.01807191626,30015.59114776088,30003.054368965037,30009.552401037472,770
2020-12-24 09:21:00+00:00,30011.43653579333,30025.643379772326,30002.827213030156,30012.909408504504,823
2020-12-24 17:21:00+00:00,30011.70426942782,30013.511618398654,30005.596080076986,30013.753159883985,657
2020-12-25 01:21:00+00:00,30011.51827065408,30016.96135779423,29995.696466318564,30011.57723556953,778
2020-12-25 09:21:00+00:00,30010.35982671208,30025.568377178384,29997.45526910811,30009.09321957996,558
2020-12-25 17:21:00+00:00,30010.448525187785,30014.26421411485,29995.081438445064,30010.79721317139,797
2020-12-26 01:21:00+00:00,30009.27807212367,30025.215038352715,30005.003504784974,30008.130203398105,833
2020-12-26 09:21:00+00:00,30009.128510369927,30028.99608761202,30007.998718702613,30009.215891106163,462
2020-12-26 17:21:00+00:00,30009.326168294327,30026.984926847155,29996.255176942457,30010.303080558217,113
2020-12-27 01:21:00+00:00,30010.270908502225,30021.426573905293,30004.907658234915,30010.446489633796,449
2020-12-27 09:21:00+00:00,30009.75853943151,30028.56130124334,30009.302252764537,30010.2920069682,155
2020-12-27 17:21:00+00:00,30010.45941765635,30011.868438390175,30007.13867556022,30010.79077901358,554
2020-12-28 01:21:00+00:00,30009.547062065085,30011.110972911323,29991.236979994985,30010.323632613523,624
2020-12-28 09:21:00+00:00,30010.05838155191,30016.368446582976,30008.49736138271,30009.720048433548,768
2020-12-28 17:21:00+00:00,30012.791310283574,30025.256859703284,29999.6149688475,30013.906035057524,494
2020-12-29 01:21:00+00:00,30013.42770929605,30025.1177852771,30012.948680441546,30013.613522792508,223
2020-12-29 09:21:00+00:00,30013.124090042056,30014.79012450981,29999.03522009549,30014.20473938213,315
2020-12-29 17:21:00+00:00,30013.070944311734,30023.085149137234,30012.878766641188,30012.806134636176,577
2020-12-30 01:21:00+00:00,30012.608012107525,30017.27896928168,30004.69678442701,30011.928385623756,244
2020-12-30 09:21:00+00:00,30011.982334560947,30028.22108815423,30002.96399656925,30011.39289299077,538
2020-12-30 17:21:00+00:00,30012.613827870107,30017.65588460561,29993.16677728413,30013.88684102433,442
2020-12-31 01:21:00+00:00,30010.845780788364,30025.564750960613,29997.943936293468,30010.965929903792,764
2020-12-31 09:21:00+00:00,30009.135466562344,30028.768694792703,30000.546684507543,30008.918296485495,463
2020-12-31 17:21:00+00:00,30007.211996299306,30020.667538359936,29996.356453555964,30006.885186587315,959
2021-01-01 01:21:00+00:00,30009.438463411865,30023.53456063556,30005.88577524604,30011.159961053378,778
2021-01-01 09:21:00+00:00,30012.5264637216,30020.79018482938,29996.44741759534,30013.184620077565,147
2021-01-01 17:21:00+00:00,30013.401745476895,30030.892645470612,30003.895205923327,30011.342664570377,265
2021-01-02 01:21:00+00:00,30012.907174893717,30026.56302117479,30010.73265346267,30011.99270526312,707
2021-01-02 09:21:00+00:00,30011.799902781793,30014.410976576673,30010.70238273572,30012.451053582587,678
2021-01-02 17:21:00+00:00,30011.24442242504,30013.530173931773,29993.504989348883,30010.93661003454,592
2021-01-03 01:21:00+00:00,30010.099551680432,30010.98894565826,29993.729385752125,30008.530829162577,941
2021-01-03 09:21:00+00:00,30009.26485931324,30013.697960165086,29995.666109177677,30010.23117505292,107
2021-01-03 17:21:00+00:00,30008.843497159745,30026.662893958703,29997.570419723044,30008.168279842557,361
2021-01-04 01:21:00+00:00,30008.789522002466,30019.428246113257,29994.52801819671,30007.49267902213,188
2021-01-04 09:21:00+00:00,30007.20633336559,30008.550052353632,29994.443159796774,30006.759146530323,707
2021-01-04 17:21:00+00:00,30007.60714924803,30026.645499976577,29994.042928502935,30007.72939069313,509
2021-01-05 01:21:00+00:00,30006.587552921836,30020.373964978953,29993.69108050935,30005.784356727374,879
2021-01-05 09:21:00+00:00,30006.899488279512,30008.97686423948,29999.80797759786,30006.541923418747,130
2021-01-05 17:21:00+00:00,30006.93986671079,30022.822890630938,30001.20925561876,30007.27370008545,734
2021-01-06 01:21:00+00:00,30006.224266109773,30018.52265647322,30004.418721338196,30007.040602535253,691
2021-01-06 09:21:00+00:00,30006.922147340098,30013.073243319806,29996.202337414947,30007.652165383468,309
2021-01-06 17:21:00+00:00,30008.47778987512,30011.14424140968,29988.684791277556,30008.633066073126,421
2021-01-07 01:21:00+00:00,30008.698817369863,30021.2126636121,30003.405623627907,30007.771904217287,712
2021-01-07 09:21:00+00:00,30009.68925548458,30029.633436967037,29994.8474388535,30009.912106167852,692
2021-01-07 17:21:00+00:00,30008.928672314283,30023.880367228307,29993.788000439494,30008.525995044445,831
2021-01-08 01:21:00+00:00,30009.185364365232,30016.80210493481,29994.294442296967,30007.996919725578,472
2021-01-08 09:21:00+00:00,30008.37810966804,30023.2814093253,29993.358206487057,30009.170241669948,882
2021-01-08 17:21:00+00:00,30008.923381642355,30016.184344789057,29994.017412901798,30009.928717535044,336
2021-01-09 01:21:00+00:00,30009.80077785281,30020.115675914047,30003.704827860365,30010.41870529781,710
2021-01-09 09:21:00+00:00,30009.42126219298,30009.650922012013,29996.082536696165,30010.87421010262,695
2021-01-09 17:21:00+00:00,30010.828333495316,30014.138781308022,30005.889566311947,30010.658246821633,538
2021-01-10 01:21:00+00:00,30011.331953472156,30031.200084419263,29999.215087867404,30011.45617677964,900
2021-01-10 09:21:00+00:00,30012.596627127972,30029.24176524588,30007.70611623787,30012.04107066192,408
2021-01-10 17:21:00+00:00,30011.83502707058,30025.396965005257,30005.960044389998,30012.61990681383,747
2021-01-11 01:21:00+00:00,30012.651888647964,30017.29068224943,30004.067752635765,30012.504352932105,740
2021-01-11 09:21:00+00:00,30012.486749815936,30025.01868494999,30009.666590008,30012.018603150424,500
2021-01-11 17:21:00+00:00,30012.498709173487,30022.98602418995,29997.01880405396,30012.44603035843,718
2021-01-12 01:21:00+00:00,30012.049853954784,30030.08549937743,30003.169255414876,30013.488561557206,911
2021-01-12 09:21:00+00:00,30013.04958296141,30017.898570498037,30009.25752966427,30013.766546146868,878
2021-01-12 17:21:00+00:00,30012.818836284878,30028.65712759861,30010.442353547263,30013.63155558976,497
2021-01-13 01:21:00+00:00,30013.660530070993,30032.714047246187,30012.00056254294,30013.00038530557,976
2021-01-13 09:21:00+00:00,30013.640419362735,30022.4965329167,29995.74858843474,30015.73706634641,413
2021-01-13 17:21:00+00:00,30012.670794459504,30028.534342248528,29993.477148886097,30013.680739342042,381
2021-01-14 01:21:00+00:00,30014.402401737567,30021.86270718785,30002.156828244264,30015.510887495577,173
2021-01-14 09:21:00+00:00,30012.742742025683,30020.8021690198,29995.091352715463,30011.537811978695,973
2021-01-14 17:21:00+00:00,30011.237164313465,30024.83538853592,29995.664210118528,30011.619321673832,760
2021-01-15 01:21:00+00:00,30009.68879015462,30024.94212190028,29998.34760352571,30008.98744468689,227
2021-01-15 09:21:00+00:00,30011.173424828805,30028.841873939058,29995.989385420795,30011.67888333407,809
2021-01-15 17:21:00+00:00,30010.622209839556,30019.033083824943,30009.768722613146,30010.90451264386,669
2021-01-16 01:21:00+00:00,30012.451097802277,30025.684683389558,30009.5767219187,30011.720740100016,484
2021-01-16 09:21:00+00:00,30012.088809978934,30028.973825935755,30002.67779978319,30011.693992232893,615
2021-01-16 17:21:00+00:00,30012.421952172943,30018.985140055494,30007.832540326897,30012.323041746455,699
2021-01-17 01:21:00+00:00,30013.27813419128,30025.38621065316,29994.5867943087,30014.810764858597,505
2021-01-17 09:21:00+00:00,30012.471495485963,30019.483267949967,30010.646767169135,30011.085633784118,690
2021-01-17 17:21:00+00:00,30011.555840734414,30021.866369039923,29994.0442671128,30010.182173169214,582
2021-01-18 01:21:00+00:00,30012.278726609315,30015.091110770096,29999.176562392142,30011.814036318963,620
2021-01-18 09:21:00+00:00,30013.282651070207,30030.333164484462,30005.972419292673,30015.27174679687,639
2021-01-18 17:21:00+00:00,30013.08759835121,30023.90912963472,30001.078752174217,30013.86243766857,150
2021-01-19 01:21:00+00:00,30013.227622360693,30019.33653939383,30000.68761662518,30013.36325068652,335
2021-01-19 09:21:00+00:00,30014.705531935353,30033.995452840736,29998.204016841923,30012.885020745638,482
2021-01-19 17:21:00+00:00,30014.284074547613,30019.330217736966,29998.041250827213,30014.370964014466,201
2021-01-20 01:21:00+00:00,30014.119174673928,30032.71685897475,29995.47381519221,30015.345753808437,357
2021-01-20 09:21:00+00:00,30012.578246859248,30028.109790351726,30008.806480175448,30011.12264013496,217
2021-01-20 17:21:00+00:00,30012.565666571907,30031.118448244237,30008.33974878359,30012.578986461416,754
2021-01-21 01:21:00+00:00,30011.838215954205,30017.167607569787,29996.734356150027,30012.761477942542,210
2021-01-21 09:21:00+00:00,30012.013756945806,30015.447836023468,30005.24881144426,30011.13728859706,248
2021-01-21 17:21:00+00:00,30013.78401794795,30014.63091987311,30009.21761498265,30013.82565341966,298
2021-01-22 01:21:00+00:00,30013.62945988755,30016.600335899057,30010.889734872886,30013.158291003598,504
2021-01-22 09:21:00+00:00,30012.56246283295,30027.773859114746,30008.334264317728,30012.621936378615,721
2021-01-22 17:21:00+00:00,30013.595725810406,30014.056636012177,30009.037953156672,30012.709663157893,341
2021-01-23 01:21:00+00:00,30015.562611282967,30026.670323522292,30009.484546079348,30015.58897294908,683
2021-01-23 09:21:00+00:00,30016.731834697064,30021.553865954273,30000.47822548757,30015.266351195834,628
2021-01-23 17:21:00+00:00,30017.264117248098,30019.10652655361,30004.14797072352,30016.300010963125,546
2021-01-24 01:21:00+00:00,30016.159985764876,30034.994909237434,29997.273277810702,30017.716478652266,929
2021-01-24 09:21:00+00:00,30015.40573054093,30016.610416561456,30000.44820630183,30015.615830839557,918
2021-01-24 17:21:00+00:00,30015.375228118315,30031.756478926785,30005.726440735732,30016.645916416222,660
2021-01-25 01:21:00+00:00,30013.93559992281,30020.29349225606,30013.664348365546,30014.144383213108,656
2021-01-25 09:21:00+00:00,30014.282918361794,30017.010692932963,30008.261727350866,30014.10853454665,305
2021-01-25 17:21:00+00:00,30014.521695957654,30029.71838750901,30011.056759241106,30014.34282859,652
2021-01-26 01:21:00+00:00,30016.14225028167,30028.152022384118,30011.929799425594,30016.5063776475,723
2021-01-26 09:21:00+00:00,30016.0104448793,30029.327950812887,29998.040881961133,30017.897333222634,846
2021-01-26 17:21:00+00:00,30015.924667798907,30034.033350837075,30001.950895125447,30015.369861853582,938
2021-01-27 01:21:00+00:00,30016.077440754743,30030.771259284895,30015.320268880118,30015.164283588125,859
2021-01-27 09:21:00+00:00,30017.13470093428,30029.58677290463,29997.353508165594,30016.813590523292,939
2021-01-27 17:21:00+00:00,30017.843231588384,30023.48467454345,30016.23999738463,30019.48948005509,922
2021-01-28 01:21:00+00:00,30019.284141306,30036.395599845997,30011.289027058876,30018.93671648437,684
2021-01-28 09:21:00+00:00,30020.437081156546,30037.326870302542,30015.6132300448,30020.840454221016,869
2021-01-28 17:21:00+00:00,30021.180608561637,30025.195222884926,30006.78335200952,30022.62407498471,358
2021-01-29 01:21:00+00:00,30019.902192866262,30030.31624113517,30019.198528819557,30019.68522477374,774
2021-01-29 09:21:00+00:00,30018.597775462087,30035.276137604018,30012.735769790983,30017.20877580658,927
2021-01-29 17:21:00+00:00,30017.4394558694,30037.261446388588,30002.994856410194,30018.910442860262,926
2021-01-30 01:21:00+00:00,30017.41507892016,30033.561404857996,30017.372846425318,30017.3071044259,531
2021-01-30 09:21:00+00:00,30017.646370316208,30023.696170161395,30016.59278189656,30017.98718030773,287
2021-01-30 17:21:00+00:00,30016.530321964754,30016.67315265397,30005.178370253096,30015.952663062064,733
2021-01-31 01:21:00+00:00,30016.245735261695,30033.251022013592,29999.602484158408,30017.77323031245,478
2021-01-31 09:21:00+00:00,30015.37217195353,30024.588140678923,29997.22799185201,30015.701544842228,503
2021-01-31 17:21:00+00:00,30016.398711845464,30019.256117748533,30000.13235322873,30014.831333902974,789
2021-02-01 01:21:00+00:00,30016.01520229378,30025.737840575897,30000.66947438855,30016.371768839144,386
2021-02-01 09:21:00+00:00,30014.914835579148,30025.338557629053,30010.735805744396,30015.6405488881,917
2021-02-01 17:21:00+00:00,30016.08583930676,30028.134540358,30003.411165635953,30014.64233937404,429
2021-02-02 01:21:00+00:00,30014.806689253663,30016.62604058634,29997.623157975482,30014.7649439691,334
2021-02-02 09:21:00+00:00,30014.729891428207,30027.172964105204,30001.16344957941,30014.28646671184,146
2021-02-02 17:21:00+00:00,30014.953875423053,30018.960480973314,30001.60923088777,30014.90374783056,373
2021-02-03 01:21:00+00:00,30014.20145482773,30014.511905397994,29994.831143383693,30014.651579426594,516
2021-02-03 09:21:00+00:00,30013.80777654357,30020.62552274325,30010.59140973717,30010.78226544763,189
2021-02-03 17:21:00+00:00,30013.908084457784,30022.959628884404,30004.35996912648,30014.029257874365,473
2021-02-04 01:21:00+00:00,30013.12139027943,30025.105048539182,30007.170518472787,30013.179542611553,185
2021-02-04 09:21:00+00:00,30013.605817006133,30015.998643257495,29998.68766066771,30013.520431878915,529
2021-02-04 17:21:00+00:00,30012.37659516881,30032.201430926314,30005.730233791273,30012.415639841613,572
2021-02-05 01:21:00+00:00,30013.072236014883,30015.72959000198,29998.489424684198,30013.55600367224,707
2021-02-05 09:21:00+00:00,30012.22872474376,30028.278130998897,29994.849093668457,30012.756592006812,234
2021-02-05 17:21:00+00:00,30012.21338876172,30024.357566290157,29996.221322324924,30011.87867698023,958
2021-02-06 01:21:00+00:00,30012.16683887673,30021.978182607283,29999.253439951666,30013.260166818236,794
2021-02-06 09:21:00+00:00,30013.51413365055,30031.76044114351,30009.768233418257,30011.75532623208,897
2021-02-06 17:21:00+00:00,30015.983715399132,30034.287129140615,30004.682938019792,30015.19719341495,673
2021-02-07 01:21:00+00:00,30015.05020617294,30032.2780877816,30011.218203119228,30014.7452393426,867
2021-02-07 09:21:00+00:00,30015.433146275154,30023.345214512476,29999.37400865177,30015.411125475814,130
2021-02-07 17:21:00+00:00,30016.36511659085,30031.441990882966,30006.730871358293,30017.134153229323,182
2021-02-08 01:21:00+00:00,30017.4265495446,30024.110511843468,30001.430408392385,30017.743628490858,790
2021-02-08 09:21:00+00:00,30018.350299199014,30033.317843162757,30016.692682362675,30018.84109611008,837
2021-02-08 17:21:00+00:00,30017.392841810364,30028.913984627117,30010.528624377086,30018.761886974833,316
2021-02-09 01:21:00+00:00,30016.16395810845,30022.76511889678,30009.771228356673,30015.793357197017,832
2021-02-09 09:21:00+00:00,30016.461403131274,30027.931328646235,30001.890108247502,30015.889950994606,718
2021-02-09 17:21:00+00:00,30016.13468306878,30024.116657972332,30007.05708325903,30013.48561721834,258
2021-02-10 01:21:00+00:00,30016.654067293253,30030.253405606978,30012.242357008203,30017.247176993606,405
2021-02-10 09:21:00+00:00,30016.5927194593,30016.87065337166,30004.9886641017,30015.97376248236,136
2021-02-10 17:21:00+00:00,30016.176880833846,30035.718319830918,30009.744507956897,30015.546186972504,933
2021-02-11 01:21:00+00:00,30016.09134082051,30024.251220809878,30007.695216413857,30018.217867458636,917
2021-02-11 09:21:00+00:00,30017.11288448545,30021.2730288697,30006.379619038533,30019.013755048323,141
2021-02-11 17:21:00+00:00,30016.747716607588,30023.173377707473,30005.10861746537,30016.207549477374,983
2021-02-12 01:21:00+00:00,30017.176025866815,30018.44748251827,30013.114260910806,30018.49948383306,297
2021-02-12 09:21:00+00:00,30016.664234458567,30019.21575889556,30015.724686519752,30017.01438347712,292
2021-02-12 17:21:00+00:00,30017.89833129337,30025.51322685624,30016.688595372805,30017.969182121997,917
2021-02-13 01:21:00+00:00,30017.5377411134,30019.33280586471,30004.384032925107,30016.523827818783,271
2021-02-13 09:21:00+00:00,30018.750555667873,30037.708046247015,30018.45943324667,30019.320445346777,402
2021-02-13 17:21:00+00:00,30018.17576147614,30030.171553605305,30008.024879735334,30016.815079017422,447
2021-02-14 01:21:00+00:00,30017.0110899952,30020.52316419204,30001.707177613083,30016.42779289337,558
2021-02-14 09:21:00+00:00,30016.045816035137,30020.814174395033,30007.1818749596,30014.25487223388,126
2021-02-14 17:21:00+00:00,30016.884341526147,30033.20137281047,30010.846808910967,30017.68987237746,293
2021-02-15 01:21:00+00:00,30015.45031904149,30030.86340893373,30000.175877698566,30015.424057656826,967
2021-02-15 09:21:00+00:00,30014.191722025414,30016.067919298304,30007.325005822582,30015.081406185225,535
2021-02-15 17:21:00+00:00,30014.256737087384,30023.200921796957,29998.95366664456,30014.615166526288,174
2021-02-16 01:21:00+00:00,30015.041366459278,30015.262239517968,29998.28299674688,30014.972579303714,967
2021-02-16 09:21:00+00:00,30015.456106482005,30015.94243670805,30007.82493428877,30014.926058934394,635
2021-02-16 17:21:00+00:00,30015.832468137,30017.10213452778,30010.04447317368,30015.05317483822,360
2021-02-17 01:21:00+00:00,30015.88713516098,30020.412921085048,29999.719762716362,30016.5965144173,238
2021-02-17 09:21:00+00:00,30017.30769092365,30024.491348380667,30010.329916373685,30018.811057666062,111
2021-02-17 17:21:00+00:00,30018.11972441316,30023.762906540433,30010.419402487856,30018.491534489047,828
2021-02-18 01:21:00+00:00,30018.47497812872,30031.09509073011,30005.617711741994,30018.729456218723,708
2021-02-18 09:21:00+00:00,30018.14778012701,30024.255547575216,30001.177624228283,30015.10766221117,750
2021-02-18 17:21:00+00:00,30016.71939944995,30029.435711858707,30006.863515158253,30016.850715425226,850
2021-02-19 01:21:00+00:00,30015.974723553623,30016.081848947626,30001.392916691424,30016.404576045672,533
2021-02-19 09:21:00+00:00,30016.42120811197,30019.18938893054,30000.169236540478,30017.51702936632,357
2021-02-19 17:21:00+00:00,30015.005540186863,30031.70344935539,30006.002744864985,30014.408762462535,655
2021-02-20 01:21:00+00:00,30015.961323840213,30017.307331804393,29996.27993695788,30015.885125912402,280
2021-02-20 09:21:00+00:00,30016.174406995007,30016.206433717,30009.80303365406,30016.71302174051,792
2021-02-20 17:21:00+00:00,30013.92650191497,30019.233160682983,29998.87935728838,30014.088847333864,932
2021-02-21 01:21:00+00:00,30015.157525700208,30016.337767091856,30003.465734380545,30015.682384953645,108
2021-02-21 09:21:00+00:00,30015.299970900545,30028.862719508616,30006.335287333615,30016.646205636633,986
2021-02-21 17:21:00+00:00,30014.632611736342,30016.256466659597,30005.847997630808,30016.489629003914,764
2021-02-22 01:21:00+00:00,30013.888298911617,30029.629763054843,29994.186001556765,30013.779297827874,312
2021-02-22 09:21:00+00:00,30014.02068578124,30031.940015947937,30008.440128193706,30012.7979726757,422
2021-02-22 17:21:00+00:00,30014.17133283349,30033.4543831548,30010.106174877405,30013.200388038415,261
2021-02-23 01:21:00+00:00,30014.69137839178,30031.342733241236,30010.032527675354,30014.08825802008,240
2021-02-23 09:21:00+00:00,30014.961296698377,30020.193619216527,30002.406419798193,30015.49223647442,581
2021-02-23 17:21:00+00:00,30015.606387162992,30024.148056601585,30003.77865195812,30017.195497335135,153
2021-02-24 01:21:00+00:00,30015.679708732026,30031.34317079108,29998.84070279691,30016.685069905565,153
2021-02-24 09:21:00+00:00,30015.935588512268,30030.474401876527,30001.62043444298,30017.382770827906,134
2021-02-24 17:21:00+00:00,30016.93100388523,30033.628071266397,30004.229021523683,30015.118847547354,169
2021-02-25 01:21:00+00:00,30015.882476365405,30017.54708084629,30002.64238895548,30015.626210009894,315
2021-02-25 09:21:00+00:00,30016.592989706533,30030.702586702868,29999.06523063294,30016.548586668006,347
2021-02-25 17:21:00+00:00,30015.31375905961,30023.36279037915,30011.808549226927,30013.989665643676,811
2021-02-26 01:21:00+00:00,30015.212423570163,30034.066081796733,30006.468297013103,30015.31550224841,341
2021-02-26 09:21:00+00:00,30013.838446514234,30033.273963557127,30005.169619536035,30013.966559392204,352
2021-02-26 17:21:00+00:00,30013.520675131786,30016.84516331105,29997.294567087112,30013.04681999959,539
2021-02-27 01:21:00+00:00,30012.790531363047,30024.59212644961,30005.416112245297,30012.239047178748,241
2021-02-27 09:21:00+00:00,30012.34031522008,30021.239280041995,30008.549875084656,30011.696222649345,821
2021-02-27 17:21:00+00:00,30011.15060882832,30021.623066161024,29991.715990907203,30010.665419769262,394
2021-02-28 01:21:00+00:00,30013.74547282624,30020.96083958718,30006.317181869166,30014.621647571726,267
2021-02-28 09:21:00+00:00,30014.065645670908,30019.571166459482,30003.711776105614,30012.38763354276,644
2021-02-28 17:21:00+00:00,30013.750223732353,30022.73633889399,30013.262318955305,30014.23541430925,636
2021-03-01 01:21:00+00:00,30013.6318330907,30031.024239644896,30004.659561068296,30011.32026266322,650
2021-03-01 09:21:00+00:00,30014.81047230175,30020.66671228042,30003.887149535767,30014.976081472345,221
2021-03-01 17:21:00+00:00,30014.555057592566,30027.546671229273,29995.131444286268,30015.828240051444,997
2021-03-02 01:21:00+00:00,30014.044906174688,30015.778019404526,30000.541930720578,30013.61049232126,837
2021-03-02 09:21:00+00:00,30014.29021100843,30032.62191294277,30013.32070830545,30014.003059954393,889
2021-03-02 17:21:00+00:00,30013.733982291702,30020.977487665452,30011.924114815094,30014.595802369404,487
2021-03-03 01:21:00+00:00,30013.07839861002,30022.06181405919,30005.285378991855,30013.312321914982,434
2021-03-03 09:21:00+00:00,30013.597521918426,30019.250830539175,29998.221054750404,30013.606556317438,540
2021-03-03 17:21:00+00:00,30014.9268347688,30025.43186376719,30004.702611568104,30015.107688177188,712
2021-03-04 01:21:00+00:00,30013.60369389881,30014.99456322693,30010.837283828394,30012.990908513904,600
2021-03-04 09:21:00+00:00,30013.420547331196,30024.24232561838,30004.459663844704,30013.755941745658,969
2021-03-04 17:21:00+00:00,30012.391755479694,30031.432811248324,30006.211937533713,30012.155563397926,976
2021-03-05 01:21:00+00:00,30013.732676922802,30020.48177027275,30013.589723023684,30012.97755456282,252
2021-03-05 09:21:00+00:00,30013.73368001376,30019.973108071168,30011.91543186372,30012.597675625893,890
2021-03-05 17:21:00+00:00,30013.57610341769,30023.468887733678,30010.689349401386,30013.98546912976,579
2021-03-06 01:21:00+00:00,30013.17488420137,30020.71018460551,30000.206811045937,30013.508277297937,168
2021-03-06 09:21:00+00:00,30013.367311960174,30031.395180533265,30002.39456083785,30013.715590297896,156
2021-03-06 17:21:00+00:00,30014.016857088296,30027.685873904575,30002.61617170358,30016.27686961975,367
2021-03-07 01:21:00+00:00,30015.52190227975,30029.975256799684,29997.11696419061,30014.746547074876,745
2021-03-07 09:21:00+00:00,30013.727046776716,30033.618167782544,30005.672815117297,30013.72111922248,306
2021-03-07 17:21:00+00:00,30012.673979259936,30032.06408911465,30001.59491619242,30012.300324500928,498
2021-03-08 01:21:00+00:00,30014.400027100466,30019.83269580133,30006.496783756604,30012.120187798977,310
2021-03-08 09:21:00+00:00,30014.669571878323,30029.526105746627,30000.838122142435,30014.468790767893,172
2021-03-08 17:21:00+00:00,30016.032626489075,30016.43392384212,30014.011740122027,30015.71969407003,909
2021-03-09 01:21:00+00:00,30016.845654784287,30033.130212649412,30003.76901680185,30018.403446074874,536
2021-03-09 09:21:00+00:00,30017.515933381485,30024.653591230937,30003.801447544967,30017.99926384952,621
2021-03-09 17:21:00+00:00,30017.547630409183,30034.330010109017,30011.89214443783,30017.79041186291,825
2021-03-10 01:21:00+00:00,30015.245078390697,30027.983612355438,30003.101129888553,30016.776460177396,795
2021-03-10 09:21:00+00:00,30015.5101822659,30032.98579169368,30006.933595238428,30014.754943125907,168
2021-03-10 17:21:00+00:00,30015.393505052092,30016.60739065018,30009.290965587035,30017.213696522478,472
2021-03-11 01:21:00+00:00,30015.04080687171,30030.555524154657,30006.924786052674,30014.29420229501,615
2021-03-11 09:21:00+00:00,30014.559930789186,30033.990646372884,30002.92396355772,30014.63778785702,869
2021-03-11 17:21:00+00:00,30013.615750006775,30025.950062641587,30012.750994170925,30013.523831725466,562
2021-03-12 01:21:00+00:00,30013.440449957598,30015.960945674673,30009.873916917855,30014.079604767277,212
2021-03-12 09:21:00+00:00,30013.29726288745,30026.9039919839,29998.52871975413,30016.264212701928,563
2021-03-12 17:21:00+00:00,30015.81295173,30026.06084804114,30014.749725400972,30015.859415066538,478
2021-03-13 01:21:00+00:00,30016.214844686165,30017.51955029436,30015.909051309245,30015.970723080667,508
2021-03-13 09:21:00+00:00,30017.189602449267,30028.63787828618,30006.339780101272,30017.26184998103,737
2021-03-13 17:21:00+00:00,30016.46965011088,30022.750937926085,29996.88459684946,30015.184721096517,306
2021-03-14 01:21:00+00:00,30017.16953723201,30020.374318637532,29999.53617743102,30015.1575489117,995
2021-03-14 09:21:00+00:00,30018.658785531767,30020.24949188222,30011.364252906584,30018.60805395411,470
2021-03-14 17:21:00+00:00,30017.834438093785,30024.793577749184,30016.833888077268,30017.464708358817,595
2021-03-15 01:21:00+00:00,30016.58624446995,30020.236517886296,30000.927863163615,30017.509466536867,734
2021-03-15 09:21:00+00:00,30017.48904037687,30033.15800077037,30015.254604316087,30017.56093378575,285
2021-03-15 17:21:00+00:00,30017.77478484559,30035.60191087602,29998.507457269472,30019.582769968783,478
2021-03-16 01:21:00+00:00,30016.896504444343,30028.675424777888,30015.26565208419,30015.787997531435,407
2021-03-16 09:21:00+00:00,30017.182720569606,30036.238765941034,30009.97442846486,30016.419000316397,376
2021-03-16 17:21:00+00:00,30017.920180267356,30024.646065558074,30016.56106944047,30018.064956402268,714
2021-03-17 01:21:00+00:00,30019.167544853426,30022.457958179704,30014.000214517422,30018.2587131553,539
2021-03-17 09:21:00+00:00,30018.284960917787,30029.51759649043,30008.545229931897,30016.849011365688,203
2021-03-17 17:21:00+00:00,30018.061666137277,30032.682793408094,30005.539299929977,30018.145514911295,179
2021-03-18 01:21:00+00:00,30016.763495152256,30033.833159585996,30009.059904642992,30015.43845568326,196
2021-03-18 09:21:00+00:00,30016.747325395292,30033.533893081574,30005.635748981673,30016.045496595456,950
2021-03-18 17:21:00+00:00,30015.604429570314,30032.544170798992,29999.658631771494,30014.926549688214,124
2021-03-19 01:21:00+00:00,30016.57151266634,30020.986928775423,30006.291595655955,30016.082911171805,806
2021-03-19 09:21:00+00:00,30016.89819684865,30018.428108856257,30014.34543639703,30018.056987243333,300
2021-03-19 17:21:00+00:00,30015.79744789325,30024.561559009846,29999.0083339437,30015.56935231903,877
2021-03-20 01:21:00+00:00,30016.52471865365,30023.972537389367,29997.23255645693,30016.094115589956,808
2021-03-20 09:21:00+00:00,30017.803559217096,30030.136931942438,30016.372018849623,30018.392693096263,978
2021-03-20 17:21:00+00:00,30019.210516251245,30031.432783400945,30015.99771537928,30019.413178921677,203
2021-03-21 01:21:00+00:00,30019.95022886022,30034.190268715007,30006.00855331307,30018.26983235787,367
2021-03-21 09:21:00+00:00,30020.761166732224,30021.930804547996,30020.465622084,30020.353236696643,145
2021-03-21 17:21:00+00:00,30021.280145923018,30024.357721309203,30012.939873701634,30019.882148705958,996
2021-03-22 01:21:00+00:00,30020.476756033593,30022.253684291325,30014.76448503146,30020.29994751928,468
2021-03-22 09:21:00+00:00,30019.746016639365,30026.799373385868,30010.76932932728,30021.455384770095,568
2021-03-22 17:21:00+00:00,30018.512680906453,30020.657173022235,30000.981518771823,30020.23759373155,225
2021-03-23 01:21:00+00:00,30019.04859813578,30023.78400546556,30000.57145183539,30017.43564157383,120
2021-03-23 09:21:00+00:00,30019.646598061605,30024.185842732775,30002.408549699918,30021.73299771388,186
2021-03-23 17:21:00+00:00,30020.82698600315,30034.04094816198,30008.208166433353,30021.715052599608,720
2021-03-24 01:21:00+00:00,30020.59330941366,30031.502763005832,30004.42719184979,30020.169259134367,946
2021-03-24 09:21:00+00:00,30020.685126135326,30025.118928906453,30017.40607144138,30021.313769657663,750
2021-03-24 17:21:00+00:00,30020.767594987927,30022.47374763443,30013.015694729926,30021.032784791274,564
2021-03-25 01:21:00+00:00,30019.462561573557,30033.565830001924,30014.992995215278,30018.572587572697,661
2021-03-25 09:21:00+00:00,30020.25665227616,30038.513370859495,30015.17950094664,30018.49300273619,740
2021-03-25 17:21:00+00:00,30020.116579741865,30035.834139589246,30004.20315920816,30018.65221238756,734
2021-03-26 01:21:00+00:00,30021.62006691272,30030.299539121315,30011.375127752817,30020.2046464755,306
2021-03-26 09:21:00+00:00,30022.11485412519,30022.995169618778,30015.490784598784,30022.355823425984,299
2021-03-26 17:21:00+00:00,30022.352627552697,30039.4333998799,30019.85842777993,30022.264323373136,718
2021-03-27 01:21:00+00:00,30021.307612649012,30025.32710130282,30002.667117750505,30020.895604215257,882
2021-03-27 09:21:00+00:00,30022.035198896003,30025.80866091425,30002.533261910958,30023.035024002736,437
2021-03-27 17:21:00+00:00,30021.9974195017,30037.133226224625,30010.270479122693,30021.094914660847,956
2021-03-28 01:21:00+00:00,30019.20792753532,30036.49887753298,30007.36319379588,30019.971147570457,307
2021-03-28 09:21:00+00:00,30020.236689689933,30039.50247527752,30003.004683678006,30020.589695894367,719
2021-03-28 17:21:00+00:00,30022.00934679835,30036.788215102883,30008.587118076568,30022.613747624266,123
2021-03-29 01:21:00+00:00,30021.257441796904,30034.185768413583,30021.042656410456,30021.22388829732,367
2021-03-29 09:21:00+00:00,30020.790593926216,30031.284442691354,30017.79494051868,30021.081593515097,365
2021-03-29 17:21:00+00:00,30019.57339139829,30029.066648005293,30012.276619358832,30019.216909127128,898
2021-03-30 01:21:00+00:00,30018.742302100112,30028.888910080168,30010.275359709245,30019.660951014626,453
2021-03-30 09:21:00+00:00,30018.784931038997,30038.138022900464,30004.21678565332,30017.84462078154,868
2021-03-30 17:21:00+00:00,30018.612684695156,30028.212815822197,30005.198429987297,30018.177254278013,587
2021-03-31 01:21:00+00:00,30018.454368822848,30033.63632678433,30010.13714024941,30017.061509616477,471
2021-03-31 09:21:00+00:00,30017.46247998975,30026.065787853215,30005.033430216452,30017.991911123514,976
2021-03-31 17:21:00+00:00,30017.91655666569,30025.43718610162,29999.34005837449,30018.633546816567,132
2021-04-01 01:21:00+00:00,30018.941750683924,30019.285133447327,30003.599112446827,30019.675152751995,387
2021-04-01 09:21:00+00:00,30019.07910201064,30038.682471105927,30014.685174614086,30020.370138278617,664
2021-04-01 17:21:00+00:00,30020.338643377356,30029.46803980033,30017.474295531712,30022.25046645169,260
2021-04-02 01:21:00+00:00,30020.144609807398,30027.915292037134,30003.85250741813,30019.872908540183,114
2021-04-02 09:21:00+00:00,30021.670519080133,30027.137477231638,30021.38789640631,30022.90837797896,793
2021-04-02 17:21:00+00:00,30021.32220520946,30029.220457440046,30019.96869238136,30021.782807288848,959
2021-04-03 01:21:00+00:00,30017.82224736999,30036.265155442485,30001.562934618116,30017.53965524591,264
2021-04-03 09:21:00+00:00,30018.35517895271,30031.617965691712,29999.835030478192,30017.72336494974,609
2021-04-03 17:21:00+00:00,30016.90136203553,30023.94996664432,30008.383492382873,30017.016993987094,773
2021-04-04 01:21:00+00:00,30016.89824736395,30027.56178569503,30003.868721790215,30017.61433845002,479
2021-04-04 09:21:00+00:00,30015.034605263605,30018.916872949176,30008.717102600713,30014.847636089748,558
2021-04-04 17:21:00+00:00,30016.040348549235,30017.634558883998,30002.56977009952,30014.826131732538,940
2021-04-05 01:21:00+00:00,30015.376243817424,30032.39626929908,30011.075507132966,30015.720105582364,953
2021-04-05 09:21:00+00:00,30016.433201150026,30035.7408433364,29998.31801276996,30017.45460090452,612
2021-04-05 17:21:00+00:00,30016.255047411632,30035.25283409766,30008.529653752914,30016.956398762413,890
2021-04-06 01:21:00+00:00,30016.341910730167,30023.167612338486,29996.62149896653,30015.562395533227,824
2021-04-06 09:21:00+00:00,30016.603399942982,30017.878190047883,30015.79652420592,30017.450714685492,881
2021-04-06 17:21:00+00:00,30015.24253168352,30026.91723144823,30009.66681625191,30017.080331752455,212
2021-04-07 01:21:00+00:00,30013.00167895593,30021.322645899563,30001.152992704516,30011.844695203057,675
2021-04-07 09:21:00+00:00,30011.68063988934,30016.380348251176,30010.35368953683,30011.93779153057,992
2021-04-07 17:21:00+00:00,30011.023730264104,30017.302328161826,30003.85207489301,30010.04718110924,213
2021-04-08 01:21:00+00:00,30009.95097811031,30010.01934032409,29989.980325055618,30009.677883433553,680
2021-04-08 09:21:00+00:00,30011.214135032707,30027.600302455954,30004.320867133698,30012.24964091118,251
2021-04-08 17:21:00+00:00,30010.47293588671,30013.810950579238,29994.847466054314,30012.131833233936,338
2021-04-09 01:21:00+00:00,30011.70730766595,30031.56942393533,29993.462687973202,30010.934144654635,373
2021-04-09 09:21:00+00:00,30011.635618486132,30022.88642874278,30002.100065540886,30012.88921776453,910
2021-04-09 17:21:00+00:00,30011.499462448606,30017.536528832836,30005.568015714674,30011.028297892008,892
2021-04-10 01:21:00+00:00,30013.29775302778,30026.301703354322,30000.47504076778,30013.34820420793,796
2021-04-10 09:21:00+00:00,30013.125904557677,30014.143972241065,30004.42975215139,30013.833902360504,887
2021-04-10 17:21:00+00:00,30012.831608062326,30019.539277812717,30004.17043328371,30012.95859275011,950
2021-04-11 01:21:00+00:00,30013.567216167718,30031.76374239295,29994.97790543705,30014.947319464816,269
2021-04-11 09:21:00+00:00,30011.017511514783,30020.163209195525,30004.275509807307,30009.835673262893,279
2021-04-11 17:21:00+00:00,30012.401767170475,30028.20965330324,30005.921232917,30012.705580550526,227
2021-04-12 01:21:00+00:00,30012.084738450925,30028.694640006415,29992.5322482215,30012.792674565895,881
2021-04-12 09:21:00+00:00,30012.310422298302,30023.71555086944,30009.642892027143,30010.617523922934,238
2021-04-12 17:21:00+00:00,30010.986645399174,30019.903312805298,30009.65051265583,30010.995196414195,914
2021-04-13 01:21:00+00:00,30009.652850373728,30016.531059945133,30003.746020698985,30009.13068066157,520
2021-04-13 09:21:00+00:00,30008.63278504351,30015.559013548227,29991.784692367706,30009.766709185373,971
2021-04-13 17:21:00+00:00,30005.59466583871,30011.861919596056,29986.521807553323,30006.163420901383,110
2021-04-14 01:21:00+00:00,30005.056870475655,30009.861075030854,29992.516220746777,30004.689870428676,960
2021-04-14 09:21:00+00:00,30005.919970152005,30020.117617854543,30000.830883030198,30006.414831507787,867
2021-04-14 17:21:00+00:00,30005.428177432022,30006.378309551314,30000.53274156732,30006.41115310981,652
2021-04-15 01:21:00+00:00,30005.63966343607,30013.881991062204,30002.087766572404,30006.993450204493,529
2021-04-15 09:21:00+00:00,30004.206437245055,30018.461076089337,29997.681596688053,30004.903498834217,890
2021-04-15 17:21:00+00:00,30003.91136467561,30005.072538400116,29996.11767149105,30005.33300385795,567
2021-04-16 01:21:00+00:00,30004.368493777623,30011.610234358915,29988.227032174345,30002.603014999448,353
2021-04-16 09:21:00+00:00,30004.013720692412,30014.903689650677,29985.72672680935,30004.14202020085,408
2021-04-16 17:21:00+00:00,30005.74220501021,30025.612962999003,29991.191792984933,30004.11159425807,621
2021-04-17 01:21:00+00:00,30005.800010711577,30011.364852370236,29986.297487530617,30005.743111000284,939
2021-04-17 09:21:00+00:00,30006.11958099149,30008.750781502975,29991.053906437162,30006.327023366408,731
2021-04-17 17:21:00+00:00,30007.41783663481,30022.28354841482,30000.380569537316,30007.092442064346,809
2021-04-18 01:21:00+00:00,30007.943570203806,30011.919687635807,29996.220595328316,30006.858269314504,286
2021-04-18 09:21:00+00:00,30008.28473938203,30026.585909828776,29998.313477997493,30006.52819543406,306
2021-04-18 17:21:00+00:00,30010.81685779111,30030.567291526142,29996.92514619014,30011.199319694802,843
2021-04-19 01:21:00+00:00,30009.186907031723,30022.89581604743,30000.513672786332,30008.39334945796,718
2021-04-19 09:21:00+00:00,30009.246590776045,30018.820272983303,29993.549329629957,30008.223466903044,984
2021-04-19 17:21:00+00:00,30010.69679963033,30014.83500974142,30008.771415679654,30011.186385453344,208
2021-04-20 01:21:00+00:00,30012.177202933555,30014.453236363108,30009.187930017662,30012.30080925683,189
2021-04-20 09:21:00+00:00,30010.34896328114,30011.61594077473,30005.240773410726,30010.31349184966,296
2021-04-20 17:21:00+00:00,30011.985362608222,30017.40959568966,30003.127218278216,30010.631402803792,455
2021-04-21 01:21:00+00:00,30012.005772854332,30024.042231028026,30007.042576781787,30010.7291123931,553
2021-04-21 09:21:00+00:00,30012.633450958394,30017.06819325863,30003.25226118134,30012.11808370151,942
2021-04-21 17:21:00+00:00,30013.066443819513,30031.704255975303,29998.383348608684,30012.29900059102,528
2021-04-22 01:21:00+00:00,30012.42625073768,30028.12990801193,30004.89003992103,30013.18943560738,589
2021-04-22 09:21:00+00:00,30013.546599604495,30018.105842942354,30008.1147642885,30013.571118797296,506
2021-04-22 17:21:00+00:00,30013.72570794926,30031.05016435446,30010.440862649364,30013.71444728213,345
2021-04-23 01:21:00+00:00,30015.277195872517,30034.18356733165,29999.746764042626,30015.37676117437,817
2021-04-23 09:21:00+00:00,30017.029781242676,30022.59573506884,30001.784362304956,30016.835999194875,898
2021-04-23 17:21:00+00:00,30018.69582328346,30019.74707075504,30011.00646779645,30019.160745992456,623
2021-04-24 01:21:00+00:00,30018.79677446225,30031.796288309135,30004.466145966922,30017.36440955621,540
2021-04-24 09:21:00+00:00,30018.94292709021,30034.025998582627,30017.56845322415,30017.44483569632,967
2021-04-24 17:21:00+00:00,30018.508361411776,30025.6406100404,30015.912137262232,30018.635310760703,527
2021-04-25 01:21:00+00:00,30018.184542275718,30028.763834743484,30011.307547426062,30018.6857889669,162
2021-04-25 09:21:00+00:00,30019.113129726065,30022.12217241141,30018.596687166937,30020.504961959472,466
2021-04-25 17:21:00+00:00,30019.29397800057,30024.248982926812,30008.477790802328,30018.381032406825,743
2021-04-26 01:21:00+00:00,30019.895075119784,30023.145755316484,30008.96998677571,30019.862070128376,280
2021-04-26 09:21:00+00:00,30019.165200246523,30029.614372562446,30000.023064145404,30018.792591810805,896
2021-04-26 17:21:00+00:00,30019.20283000432,30020.734798823243,30006.672264888388,30017.960100388224,207
2021-04-27 01:21:00+00:00,30017.741601714297,30023.332576385772,30016.776147681398,30016.937961398904,810
2021-04-27 09:21:00+00:00,30018.729934417483,30025.984107079792,30002.034417691277,30017.451545609743,836
2021-04-27 17:21:00+00:00,30019.843476360897,30039.307409481913,30008.092009178123,30018.132705226442,459
2021-04-28 01:21:00+00:00,30020.211220655292,30028.11494562356,30018.829828879152,30020.59722505847,956
2021-04-28 09:21:00+00:00,30021.388425310648,30040.882648776493,30004.931473950994,30022.428173819022,675
2021-04-28 17:21:00+00:00,30021.818783624287,30021.861694816915,30015.159544645525,30021.669054942282,202
2021-04-29 01:21:00+00:00,30020.447412340793,30034.052631760063,30010.51470650111,30021.183614069047,597
2021-04-29 09:21:00+00:00,30020.264616976154,30033.740612202004,30008.566242496032,30019.80561925778,719
2021-04-29 17:21:00+00:00,30020.918756037976,30031.33676284068,30004.434321960478,30019.821540066892,591
2021-04-30 01:21:00+00:00,30020.166706538468,30027.55902604469,30017.947582641464,30021.379388117624,167
2021-04-30 09:21:00+00:00,30021.807112245246,30039.40044703711,30006.998830937362,30020.252176174105,100
2021-04-30 17:21:00+00:00,30023.194400901593,30027.365633024612,30007.58327275292,30023.537034761433,582
2021-05-01 01:21:00+00:00,30022.89246441326,30042.216642750893,30021.51773446832,30022.7040441608,757
2021-05-01 09:21:00+00:00,30021.28157706801,30034.597052292047,30001.931102898565,30018.590895134086,187
2021-05-01 17:21:00+00:00,30020.186369129635,30022.17281312127,30019.99720653522,30019.315246369417,789
2021-05-02 01:21:00+00:00,30019.28062370456,30037.58036277348,30016.06263648529,30019.23409327452,365
2021-05-02 09:21:00+00:00,30019.58878742322,30030.303407029027,30012.146748871663,30021.501844515165,960
2021-05-02 17:21:00+00:00,30020.510889409652,30033.32248240248,30008.497385349066,30020.486800653867,254
2021-05-03 01:21:00+00:00,30019.78530272024,30039.21504439063,30001.163710925794,30018.32343443537,812
2021-05-03 09:21:00+00:00,30021.160392558853,30027.707578299352,30012.96481734136,30021.655897882378,331
2021-05-03 17:21:00+00:00,30021.389732795957,30035.655997334252,30001.49632791399,30021.858897755388,114
2021-05-04 01:21:00+00:00,30021.120790431985,30023.50445229195,30013.28048877798,30019.424724379856,923
2021-05-04 09:21:00+00:00,30020.655852698506,30033.151115585577,30015.876447400886,30021.618190909834,852
2021-05-04 17:21:00+00:00,30021.36840675072,30038.479951214522,30004.952924931396,30019.065606587617,572
2021-05-05 01:21:00+00:00,30023.48543140751,30038.16729560843,30011.745777292945,30023.71952842464,565
2021-05-05 09:21:00+00:00,30023.911381143575,30031.763789183835,30009.27489553822,30024.25128706836,663
2021-05-05 17:21:00+00:00,30024.286558566546,30035.658905772278,30014.92477959139,30025.473481561818,609
2021-05-06 01:21:00+00:00,30023.272927078862,30038.436268123718,30019.56361192984,30021.977901058515,692
2021-05-06 09:21:00+00:00,30023.691042340422,30029.359767358343,30020.470925467347,30024.367893636067,526
2021-05-06 17:21:00+00:00,30023.589248890345,30039.213643657793,30009.499600821408,30023.81312399294,243
2021-05-07 01:21:00+00:00,30021.35646761116,30037.342578658187,30013.764676574247,30019.886348971675,567
2021-05-07 09:21:00+00:00,30020.85333611069,30033.5346947346,30015.067537626102,30020.01236802953,526
2021-05-07 17:21:00+00:00,30021.796720100683,30040.62571912215,30019.572331580624,30020.50569188278,648
2021-05-08 01:21:00+00:00,30023.214072952695,30033.47313496627,30009.961737818325,30023.116516058595,978
2021-05-08 09:21:00+00:00,30024.192369808752,30028.725733302796,30009.612223705884,30025.55077890856,843
2021-05-08 17:21:00+00:00,30025.036862387493,30036.752926289977,30013.209083656213,30023.639258915646,561
2021-05-09 01:21:00+00:00,30025.220211738448,30025.321087584696,30022.108851948164,30025.203747838357,534
2021-05-09 09:21:00+00:00,30025.48631323988,30027.781894165844,30007.313579148627,30025.24314017495,671
2021-05-09 17:21:00+00:00,30023.794555280958,30037.638059391273,30020.624127393516,30024.844068873565,296
2021-05-10 01:21:00+00:00,30025.797935213293,30026.172614185965,30025.11245378638,30025.34174060172,286
2021-05-10 09:21:00+00:00,30025.712795504085,30030.437474084258,30019.010829623854,30027.024897818268,559
2021-05-10 17:21:00+00:00,30025.458508292802,30038.92987790252,30006.748112877427,30025.20091899159,810
2021-05-11 01:21:00+00:00,30024.809397124223,30044.58457376622,30019.938800920376,30024.145715306742,285
2021-05-11 09:21:00+00:00,30023.85632012605,30036.80750035975,30020.284687386975,30024.783210438163,489
2021-05-11 17:21:00+00:00,30024.02210141451,30026.323013988098,30004.78596240378,30023.236926631787,439
2021-05-12 01:21:00+00:00,30023.395957142387,30029.24404984618,30012.608729873577,30022.5311219205,537
2021-05-12 09:21:00+00:00,30024.26794835235,30038.946624454173,30006.712518535543,30023.676029308215,934
2021-05-12 17:21:00+00:00,30025.224845590354,30039.253600847358,30005.286432958786,30025.87799364239,376
2021-05-13 01:21:00+00:00,30024.73889416666,30037.437994150958,30006.487290618745,30026.80244745391,340
2021-05-13 09:21:00+00:00,30024.59060879379,30032.086877317113,30009.574082911222,30023.51625794818,220
2021-05-13 17:21:00+00:00,30025.240619189117,30043.8627883334,30016.529732430943,30025.78396712969,809
2021-05-14 01:21:00+00:00,30025.60814823266,30042.070314926754,30016.187216831302,30024.63193002317,903
2021-05-14 09:21:00+00:00,30026.613967668065,30046.333230041233,30014.506035278624,30028.32788866121,795
2021-05-14 17:21:00+00:00,30027.338279964057,30044.05113142364,30011.45467851082,30026.705598493525,661
2021-05-15 01:21:00+00:00,30027.84773555635,30046.498290090025,30022.122955791,30028.80872022499,679
2021-05-15 09:21:00+00:00,30027.910791217244,30035.971074644942,30022.921427243484,30025.475829829742,247
2021-05-15 17:21:00+00:00,30025.953181472974,30029.542204344638,30017.67217923349,30026.94015176358,253
2021-05-16 01:21:00+00:00,30027.412977969416,30037.35952332935,30022.75371163235,30028.183359431343,885
2021-05-16 09:21:00+00:00,30028.518421696393,30040.099367371673,30020.21166762239,30026.94603529692,264
2021-05-16 17:21:00+00:00,30029.92382347751,30032.634692302097,30026.854627548375,30030.40368514788,568
2021-05-17 01:21:00+00:00,30029.9301255627,30030.327719739103,30025.00682455582,30030.559990329028,840
2021-05-17 09:21:00+00:00,30031.565162202936,30046.00033714855,30018.600589888083,30030.735311557808,297
2021-05-17 17:21:00+00:00,30032.843318922274,30036.420667009752,30017.314551566004,30034.02197210505,722
2021-05-18 01:21:00+00:00,30030.616288442932,30033.19970375449,30014.776353396923,30029.97426169122,155
2021-05-18 09:21:00+00:00,30029.5463450348,30047.03900451698,30029.50400676043,30029.119541576067,853
2021-05-18 17:21:00+00:00,30031.18010927604,30037.736084551205,30026.942246063518,30030.98999097711,773
2021-05-19 01:21:00+00:00,30030.160117475865,30044.585103591387,30010.48950628329,30029.080018488687,277
2021-05-19 09:21:00+00:00,30029.52745365255,30035.41221744634,30012.36403128243,30029.557287514126,468
2021-05-19 17:21:00+00:00,30029.523758603747,30038.52673690772,30018.4526685432,30028.67911132312,858
2021-05-20 01:21:00+00:00,30031.7550635775,30043.81233416539,30020.590564655315,30031.310680158113,326
2021-05-20 09:21:00+00:00,30032.43473138359,30033.30116051017,30017.117707578014,30031.697763123844,351
2021-05-20 17:21:00+00:00,30031.518951910966,30041.89548310536,30022.51646802985,30031.899142327507,918
2021-05-21 01:21:00+00:00,30031.33918160958,30039.378472302014,30022.921521122407,30030.22759305375,227
2021-05-21 09:21:00+00:00,30032.314448381057,30036.570563391746,30016.07867810224,30032.632174430153,247
2021-05-21 17:21:00+00:00,30033.913361169405,30042.347917742016,30020.53139081256,30035.208053426566,416
2021-05-22 01:21:00+00:00,30032.47269987508,30036.579149484987,30022.797858057595,30030.515486016808,312
2021-05-22 09:21:00+00:00,30032.612625805916,30050.20356350189,30032.27891474552,30033.967848477372,970
2021-05-22 17:21:00+00:00,30032.303469542378,30044.951219388826,30031.330531638705,30032.57974247857,839
2021-05-23 01:21:00+00:00,30033.30960224971,30033.448244529078,30014.922961550536,30033.53321086833,934
2021-05-23 09:21:00+00:00,30034.78969144883,30039.93660345317,30032.67903514279,30033.887486046053,303
2021-05-23 17:21:00+00:00,30032.40517967609,30040.491188691998,30015.53726461711,30033.19123046158,822
2021-05-24 01:21:00+00:00,30031.30068844862,30031.552348700254,30020.54793142245,30031.879787081394,368
2021-05-24 09:21:00+00:00,30028.792707729637,30038.191144710367,30025.55133466301,30030.379819507347,655
2021-05-24 17:21:00+00:00,30028.95464169941,30033.853261578595,30015.21687178949,30029.690019796686,973
2021-05-25 01:21:00+00:00,30028.61446906394,30032.05977273676,30022.987962584746,30027.233026747064,450
2021-05-25 09:21:00+00:00,30028.750398412867,30033.21832862613,30009.24075194424,30028.44317921159,458
2021-05-25 17:21:00+00:00,30027.73998672448,30047.123353513794,30013.961644304978,30026.567228193624,691
2021-05-26 01:21:00+00:00,30026.80805274149,30029.328858267487,30019.799024999134,30029.142268212177,101
2021-05-26 09:21:00+00:00,30026.233466842143,30038.0952819401,30025.232035384313,30026.653452017366,376
2021-05-26 17:21:00+00:00,30026.427664425657,30033.858648613186,30022.999488726306,30026.144455069338,486
2021-05-27 01:21:00+00:00,30027.376887543458,30040.07590537004,30021.56466430927,30027.509861576662,305
2021-05-27 09:21:00+00:00,30027.899754347054,30039.21301944929,30026.944778966663,30027.939719365782,309
2021-05-27 17:21:00+00:00,30029.618805928054,30042.54339825665,30017.297348784694,30028.132072821372,980
2021-05-28 01:21:00+00:00,30028.533552020574,30036.823255280397,30021.105105030543,30029.572654291016,575
2021-05-28 09:21:00+00:00,30028.878650521525,30038.32038796341,30027.009241753018,30028.81418497696,245
2021-05-28 17:21:00+00:00,30028.84368444105,30032.99905506826,30013.85356423883,30030.19316049694,745
2021-05-29 01:21:00+00:00,30028.038145753246,30041.358415071198,30016.745204577895,30026.632393355743,799
2021-05-29 09:21:00+00:00,30028.476215065686,30044.156237204632,30023.004831635037,30028.662322384793,364
2021-05-29 17:21:00+00:00,30028.40865677825,30037.53010048488,30014.17655723417,30028.489110964725,141
2021-05-30 01:21:00+00:00,30027.323983643906,30040.260852329106,30025.73387927427,30028.43996461492,516
2021-05-30 09:21:00+00:00,30027.396690032638,30034.935009568133,30021.55717496982,30027.897547196764,660
2021-05-30 17:21:00+00:00,30027.73217352223,30041.442985610935,30026.871740847797,30027.80190900979,957
2021-05-31 01:21:00+00:00,30028.045488984717,30045.359566323812,30010.32290717909,30027.542057461964,238
2021-05-31 09:21:00+00:00,30027.981076140182,30036.2885549555,30012.586609966365,30026.7508289647,110
2021-05-31 17:21:00+00:00,30029.219023806396,30042.125300711534,30010.49576240196,30028.243067717216,106
2021-06-01 01:21:00+00:00,30026.698601130174,30028.38078069074,30018.12704186626,30027.51197007956,329
2021-06-01 09:21:00+00:00,30027.74520921504,30046.629381029023,30024.898465655253,30027.46265907798,508
2021-06-01 17:21:00+00:00,30028.15506418893,30033.961654592873,30025.601406105547,30028.02937820232,769
2021-06-02 01:21:00+00:00,30028.51933988608,30045.083896205982,30013.118363692152,30029.090485842542,527
2021-06-02 09:21:00+00:00,30029.041210206793,30037.260627271673,30022.217628758222,30028.98790884583,413
2021-06-02 17:21:00+00:00,30029.42853259661,30030.355473802105,30022.190657167906,30030.28638538952,941
2021-06-03 01:21:00+00:00,30029.70050641858,30039.295764918526,30020.345385193206,30029.522501256724,590
2021-06-03 09:21:00+00:00,30030.310692512143,30037.92283913699,30012.059111481794,30028.690326050895,474
2021-06-03 17:21:00+00:00,30030.263744577598,30047.801247123483,30017.253083916286,30029.676652233178,191
2021-06-04 01:21:00+00:00,30028.945738743463,30040.151267894908,30026.304301531392,30028.649335517042,936
2021-06-04 09:21:00+00:00,30029.93016060439,30049.6945340969,30020.92084674305,30028.608647697645,360
2021-06-04 17:21:00+00:00,30028.95854328473,30042.678645406206,30023.170895418905,30029.16525735234,997
2021-06-05 01:21:00+00:00,30028.929416130573,30046.753134236413,30013.95829768423,30029.084912395363,549
2021-06-05 09:21:00+00:00,30028.411745851172,30045.59511849389,30028.2662409404,30026.87055830381,414
2021-06-05 17:21:00+00:00,30027.637236683047,30044.624514482333,30017.44185859406,30027.123581901113,939
2021-06-06 01:21:00+00:00,30027.73913451609,30031.871361870322,30009.826733431506,30028.928687477066,378
2021-06-06 09:21:00+00:00,30029.031786244195,30039.32881876871,30028.031770222413,30027.222327061212,578
2021-06-06 17:21:00+00:00,30030.981805764943,30047.136718960548,30028.365918835636,30030.22912351676,770
2021-06-07 01:21:00+00:00,30030.971580399873,30034.06331346272,30022.787657327393,30033.01241912721,958
2021-06-07 09:21:00+00:00,30031.15154462388,30050.349885749005,30011.298781996025,30032.50439010749,922
2021-06-07 17:21:00+00:00,30032.206059109874,30050.68803571987,30017.729540992128,30033.147243598618,514
2021-06-08 01:21:00+00:00,30032.907195366293,30034.87686767247,30026.580979978415,30033.57740583102,122
2021-06-08 09:21:00+00:00,30033.213804307255,30037.655348069944,30025.31073449103,30033.757996442917,839
2021-06-08 17:21:00+00:00,30033.571414246682,30045.42276099407,30026.030779803477,30033.789691030164,104
2021-06-09 01:21:00+00:00,30033.59030765134,30051.401783916397,30014.105806778283,30033.123496485114,622
2021-06-09 09:21:00+00:00,30033.77980375401,30041.73071099951,30029.099771872712,30033.650218904622,878
2021-06-09 17:21:00+00:00,30033.00185659387,30038.34966120672,30032.854068406934,30033.136512704186,433
2021-06-10 01:21:00+00:00,30034.705163383078,30038.82813893503,30032.62458355403,30035.11129139185,806
2021-06-10 09:21:00+00:00,30034.250642477702,30050.72775653574,30015.88815267046,30034.155508086664,627
2021-06-10 17:21:00+00:00,30033.312320493438,30045.6142149691,30030.966824164738,30035.457813012847,213
2021-06-11 01:21:00+00:00,30034.466238634686,30044.64056711033,30019.99094214896,30032.42031620893,106
2021-06-11 09:21:00+00:00,30034.281554957368,30037.932478802817,30031.18344439686,30034.381188382897,173
2021-06-11 17:21:00+00:00,30035.049391990575,30037.047527696675,30020.01521978821,30034.59706537287,108
2021-06-12 01:21:00+00:00,30035.123029871786,30052.17791709086,30017.48261171924,30033.44309810799,694
2021-06-12 09:21:00+00:00,30035.64583222228,30039.48663579898,30020.132040434983,30035.9896980656,880
2021-06-12 17:21:00+00:00,30035.914107130902,30049.950747870775,30024.794079017287,30034.781611171453,943
2021-06-13 01:21:00+00:00,30036.51612956846,30050.702801186508,30028.803610735264,30035.270583062305,738
2021-06-13 09:21:00+00:00,30036.15249218107,30039.046434260097,30030.468291073194,30035.61087831133,319
2021-06-13 17:21:00+00:00,30034.606167645943,30046.447118990003,30029.36762219723,30035.489639952397,584
2021-06-14 01:21:00+00:00,30034.912735576654,30054.097504507594,30033.26921428747,30035.49667420171,828
2021-06-14 09:21:00+00:00,30035.51066660887,30044.8401726311,30019.768973609574,30035.935457886982,511
2021-06-14 17:21:00+00:00,30035.160058277925,30040.330376543596,30028.84040018446,30032.497879284772,130
2021-06-15 01:21:00+00:00,30035.184705329462,30047.53466352932,30025.314001390925,30033.75092309065,331
2021-06-15 09:21:00+00:00,30035.354707194278,30042.917104316384,30023.192741701398,30035.424559061044,198
2021-06-15 17:21:00+00:00,30036.028346855142,30039.26684364685,30034.387693130502,30036.19298683645,708
2021-06-16 01:21:00+00:00,30037.48684409114,30047.243763518483,30024.156746516295,30038.329369218314,145
2021-06-16 09:21:00+00:00,30037.19870705059,30046.519883125282,30017.637286321446,30035.781916101216,747
2021-06-16 17:21:00+00:00,30038.5801851025,30057.82673445832,30027.12921183839,30037.268350721082,934
2021-06-17 01:21:00+00:00,30038.765616335502,30043.169619406624,30036.911000761957,30038.28281710636,849
2021-06-17 09:21:00+00:00,30038.07190578148,30056.10522013434,30026.891946566575,30037.734215848945,576
2021-06-17 17:21:00+00:00,30038.919622170135,30046.840858092604,30023.89630454249,30037.808598905736,169
2021-06-18 01:21:00+00:00,30038.108078376325,30047.182868893924,30020.581315137988,30038.137663192745,178
2021-06-18 09:21:00+00:00,30038.607551616988,30047.593385343036,30019.756779014,30038.903639380802,978
2021-06-18 17:21:00+00:00,30038.89055581259,30054.23390580833,30029.927832703353,30040.267224743675,973
2021-06-19 01:21:00+00:00,30038.763697179103,30052.937953021566,30036.95106458132,30039.019960549464,873
2021-06-19 09:21:00+00:00,30037.996468652418,30046.11188089472,30030.378669619815,30036.077405256558,226
2021-06-19 17:21:00+00:00,30036.579097420672,30055.300746709814,30030.739583507668,30037.59103286485,764
2021-06-20 01:21:00+00:00,30037.189931933543,30040.41262131682,30026.570180142633,30035.478363837145,904
2021-06-20 09:21:00+00:00,30037.2846111102,30041.268122206504,30020.322575619866,30039.59273264964,315
2021-06-20 17:21:00+00:00,30036.844055549424,30037.83973777521,30029.3181610094,30037.270470708012,946
2021-06-21 01:21:00+00:00,30037.374562857443,30043.099201373563,30018.793032979156,30037.847099246374,473
2021-06-21 09:21:00+00:00,30035.98138180365,30038.201734450413,30028.785231017697,30035.705850596853,323
2021-06-21 17:21:00+00:00,30036.6667738643,30038.05104007149,30026.619020319213,30036.17238671527,546
2021-06-22 01:21:00+00:00,30037.680258047414,30046.99594290351,30018.05975917566,30036.310821581104,703
2021-06-22 09:21:00+00:00,30037.610278431184,30038.178976816755,30029.077272314997,30036.528069197524,102
2021-06-22 17:21:00+00:00,30037.763858811286,30050.389249386895,30031.761962055116,30037.269783123033,465
2021-06-23 01:21:00+00:00,30038.137676867704,30045.546496115036,30037.107971769274,30038.071048148013,622
2021-06-23 09:21:00+00:00,30038.467222676816,30046.200884739847,30028.473681406944,30037.25644977147,730
2021-06-23 17:21:00+00:00,30037.86452923862,30054.50349150486,30029.155039379253,30037.92548995837,513
2021-06-24 01:21:00+00:00,30038.086472754534,30043.070037124086,30033.6858938482,30038.750260018158,263
2021-06-24 09:21:00+00:00,30037.466118567965,30051.856414893537,30020.106335392156,30036.456133456446,562
2021-06-24 17:21:00+00:00,30035.45950848363,30036.042675679273,30024.542871901507,30034.86615258322,408
2021-06-25 01:21:00+00:00,30035.222665456953,30054.53194306569,30029.00426671226,30034.585827141243,424
2021-06-25 09:21:00+00:00,30033.281350845424,30039.80668918448,30031.837984426267,30032.948232259896,798
2021-06-25 17:21:00+00:00,30034.652218463976,30036.887321388855,30023.82092640181,30036.31217724894,263
2021-06-26 01:21:00+00:00,30033.970365756213,30045.412063896852,30025.241678896982,30034.27092748201,547
2021-06-26 09:21:00+00:00,30034.93330461712,30039.011294790846,30015.896226894227,30033.985423189784,107
2021-06-26 17:21:00+00:00,30035.40725414207,30042.38304423781,30016.183923691835,30036.120870437186,590
2021-06-27 01:21:00+00:00,30035.408593849304,30038.35568989917,30032.17736404942,30033.982712181893,711
2021-06-27 09:21:00+00:00,30035.492837934227,30044.81405906911,30015.92878112681,30034.268585580587,181
2021-06-27 17:21:00+00:00,30035.238942703894,30040.685190370747,30018.02523536992,30034.933299510787,338
2021-06-28 01:21:00+00:00,30035.570278939955,30040.631366911686,30033.506758415828,30036.016097294036,160
2021-06-28 09:21:00+00:00,30035.33517715926,30046.81787862944,30031.861935176552,30034.737700870766,313
2021-06-28 17:21:00+00:00,30036.408911230123,30048.66994040062,30031.76546636534,30034.60358246629,131
2021-06-29 01:21:00+00:00,30035.585225826937,30044.385935268238,30028.59267563592,30035.285454502835,789
2021-06-29 09:21:00+00:00,30035.199566568353,30043.107320636358,30020.4139580794,30032.94640830371,521
2021-06-29 17:21:00+00:00,30034.77612266345,30038.014250162512,30020.157080239347,30035.006932418,914
2021-06-30 01:21:00+00:00,30035.176329750375,30054.983934639593,30016.856911395065,30034.57354335831,918
2021-06-30 09:21:00+00:00,30035.115169893084,30051.25603467913,30027.092209506034,30034.384831279498,402
2021-06-30 17:21:00+00:00,30033.592877591745,30052.607083236027,30025.406131877484,30031.057535610813,427
2021-07-01 01:21:00+00:00,30033.22865762205,30043.660788949408,30026.562285268905,30033.914397070883,621
2021-07-01 09:21:00+00:00,30034.467990261466,30036.353799282024,30032.103723015673,30034.736511886244,344
2021-07-01 17:21:00+00:00,30033.594420512534,30041.12971003345,30027.50949508537,30034.084649112236,438
2021-07-02 01:21:00+00:00,30032.263048026285,30044.512385426442,30019.484323110293,30031.420920188233,139
2021-07-02 09:21:00+00:00,30033.56456358545,30034.054015165635,30017.379750422606,30033.440263501427,394
2021-07-02 17:21:00+00:00,30033.845041478042,30044.99864584473,30026.937251052324,30034.714362141982,368
2021-07-03 01:21:00+00:00,30034.0811199296,30053.08038060677,30022.98048071652,30034.887927230287,185
2021-07-03 09:21:00+00:00,30033.889385070474,30039.870419888262,30020.630351013097,30034.52428983546,257
2021-07-03 17:21:00+00:00,30034.673377822415,30052.401313318856,30015.034551423654,30035.67218497458,556
2021-07-04 01:21:00+00:00,30035.07386328339,30044.270323577595,30016.217132267982,30034.59698062121,250
2021-07-04 09:21:00+00:00,30034.71753268892,30038.17123331572,30032.08199181853,30034.455986581306,199
2021-07-04 17:21:00+00:00,30034.96928553768,30044.80667754474,30033.59942978539,30037.002219961265,591
2021-07-05 01:21:00+00:00,30035.30142338675,30037.9570869601,30030.4922916941,30035.231767889272,569
2021-07-05 09:21:00+00:00,30036.551497694814,30053.585098241634,30028.042290905327,30036.469751515837,767
2021-07-05 17:21:00+00:00,30035.647252067854,30047.328765608647,30021.704312973125,30038.220713696363,540
2021-07-06 01:21:00+00:00,30034.787067157537,30051.012230926037,30032.64831420749,30034.803785576372,522
2021-07-06 09:21:00+00:00,30034.147728365548,30042.584240359127,30033.87809551703,30034.51598390441,198
2021-07-06 17:21:00+00:00,30034.70052613512,30051.77455606034,30026.78982430185,30034.604826213526,931
2021-07-07 01:21:00+00:00,30035.24752893275,30045.53251682447,30021.584498099193,30035.602713233962,954
2021-07-07 09:21:00+00:00,30035.7184526537,30049.64050469982,30025.76352146468,30035.338122027457,508
2021-07-07 17:21:00+00:00,30035.914865996056,30053.41801471346,30030.1828257714,30036.091073624877,414
2021-07-08 01:21:00+00:00,30033.958653362908,30035.424088481348,30030.49271088687,30032.26576314413,878
2021-07-08 09:21:00+00:00,30035.116563913092,30052.128118070512,30023.46294076507,30033.7982790398,362
2021-07-08 17:21:00+00:00,30035.663769798357,30046.83247586708,30025.192301357492,30035.243035869553,859
2021-07-09 01:21:00+00:00,30036.620795942938,30052.463806330627,30019.382774010024,30036.53391052081,124
2021-07-09 09:21:00+00:00,30035.03528151826,30043.989700373353,30022.873464997832,30034.431242474337,859
2021-07-09 17:21:00+00:00,30035.959543354566,30045.009867405097,30025.591175031834,30035.13000284102,868
2021-07-10 01:21:00+00:00,30036.116486612464,30055.241116506826,30032.52662835695,30037.85391046106,654
2021-07-10 09:21:00+00:00,30035.682668209953,30051.07034371078,30033.191631876743,30035.585520191264,807
2021-07-10 17:21:00+00:00,30033.678566515257,30036.48295191379,30030.709169420436,30033.479980097305,804
2021-07-11 01:21:00+00:00,30034.495358066197,30040.884952434233,30019.654024448242,30033.96308484073,244
2021-07-11 09:21:00+00:00,30034.981353834104,30054.53091252484,30024.269313291294,30036.280255475576,187
2021-07-11 17:21:00+00:00,30035.014847382612,30044.913309409047,30027.157722724885,30035.254829201167,439
2021-07-12 01:21:00+00:00,30034.07741234898,30036.119298912403,30028.65286526911,30034.274952975386,375
2021-07-12 09:21:00+00:00,30033.565779708017,30045.87479656465,30016.31596922654,30032.118464577958,728
2021-07-12 17:21:00+00:00,30032.515326180222,30033.296500061122,30022.147880226767,30032.20074700799,653
2021-07-13 01:21:00+00:00,30031.300827754072,30040.395492728014,30017.283129857744,30031.978627073786,592
2021-07-13 09:21:00+00:00,30030.49757875442,30046.406656745494,30022.528835031317,30030.08924741042,898
2021-07-13 17:21:00+00:00,30030.76538066314,30040.58824452173,30020.441065708965,30031.172157527984,211
2021-07-14 01:21:00+00:00,30031.42732069901,30048.387968307452,30026.768039138107,30030.71841798099,423
2021-07-14 09:21:00+00:00,30029.913312578254,30040.957796296992,30012.294076157796,30030.452479194017,207
2021-07-14 17:21:00+00:00,30031.274985864915,30031.659155780282,30013.109001721514,30029.8318913024,485
2021-07-15 01:21:00+00:00,30030.01362950945,30043.616154394793,30024.168664938206,30031.776879167155,110
2021-07-15 09:21:00+00:00,30030.915463235197,30034.7212165517,30011.35875795065,30031.301517219876,584
2021-07-15 17:21:00+00:00,30032.06966591267,30032.236095134213,30020.95721958383,30032.43358152381,630
2021-07-16 01:21:00+00:00,30033.097201051216,30049.260254472607,30023.30602228148,30032.042712338873,116
2021-07-16 09:21:00+00:00,30032.61416322356,30052.574580109977,30015.37753505874,30031.92619616619,785
2021-07-16 17:21:00+00:00,30031.240753258313,30044.933261016617,30013.43937313307,30030.91304644277,678
2021-07-17 01:21:00+00:00,30031.128538597935,30038.09225762886,30017.18081801174,30030.652448765926,822
2021-07-17 09:21:00+00:00,30030.285219224563,30032.922375168007,30026.809058490548,30030.36345556864,159
2021-07-17 17:21:00+00:00,30029.476065117837,30036.167187691164,30014.372839983353,30030.87953334966,711
2021-07-18 01:21:00+00:00,30029.35477337452,30045.515505628184,30028.403417048467,30028.93316359978,236
2021-07-18 09:21:00+00:00,30028.79841396663,30046.565667187166,30021.638221099405,30028.64600704123,146
2021-07-18 17:21:00+00:00,30027.557218516387,30038.574896090002,30018.9017390185,30027.41573235572,171
2021-07-19 01:21:00+00:00,30026.312575534117,30027.275246067347,30010.938954703135,30025.549630075308,926
2021-07-19 09:21:00+00:00,30024.49661644428,30026.405490499357,30013.252199897248,30026.004941766936,151
2021-07-19 17:21:00+00:00,30024.656212958656,30029.30589513919,30014.990461014808,30023.837510412643,441
2021-07-20 01:21:00+00:00,30024.971873749873,30042.3202354597,30023.7477397403,30024.056217746274,313
2021-07-20 09:21:00+00:00,30024.988880995064,30036.443865845966,30013.416914174926,30023.69355112212,509
2021-07-20 17:21:00+00:00,30024.002691726964,30036.23027843295,30023.952849575857,30022.906041385057,563
2021-07-21 01:21:00+00:00,30024.515656427684,30031.308287869888,30006.842334236015,30023.71133048241,411
2021-07-21 09:21:00+00:00,30022.341333491564,30034.13951720285,30005.18181702814,30023.68616255907,232
2021-07-21 17:21:00+00:00,30022.308712880258,30026.22854158933,30007.678794216572,30021.086481874274,863
2021-07-22 01:21:00+00:00,30019.770955510925,30031.090643840995,30012.436769214164,30019.883782639492,571
2021-07-22 09:21:00+00:00,30018.48738177334,30023.619418950308,30005.531415523492,30017.614738475855,409
2021-07-22 17:21:00+00:00,30019.098166859534,30037.840232520324,30011.288351719377,30019.018162380125,693
2021-07-23 01:21:00+00:00,30017.99818402441,30018.108307493047,30012.51073844502,30017.359281984467,448
2021-07-23 09:21:00+00:00,30018.458543631856,30023.26647093164,30010.913991186688,30017.10833143151,551
2021-07-23 17:21:00+00:00,30020.14142404713,30028.161366227345,30004.787054770077,30020.21748273497,273
2021-07-24 01:21:00+00:00,30021.47750254403,30026.94444962048,30005.001838479337,30020.98709250415,902
2021-07-24 09:21:00+00:00,30021.08757307654,30022.56717390137,30020.452422010094,30023.429288749172,797
2021-07-24 17:21:00+00:00,30020.20863843048,30034.81521495241,30001.98377332058,30020.99579890809,693
2021-07-25 01:21:00+00:00,30018.45021545503,30034.96667209622,29999.55648775677,30019.185329550826,545
2021-07-25 09:21:00+00:00,30018.622592065018,30023.303219036072,30006.281184915733,30017.232616686328,808
2021-07-25 17:21:00+00:00,30015.749954536248,30018.123115022867,30006.029264322024,30015.602584946762,533
2021-07-26 01:21:00+00:00,30016.262755850228,30023.122195537395,30014.90629222007,30014.542550288712,419
2021-07-26 09:21:00+00:00,30018.130459533015,30034.7324509038,30006.788314007747,30019.123730195304,291
2021-07-26 17:21:00+00:00,30017.803755825236,30027.106515582327,30005.761076685725,30016.765388795084,257
2021-07-27 01:21:00+00:00,30017.519553508537,30033.13761505162,30015.95647714977,30017.734567608783,808
2021-07-27 09:21:00+00:00,30018.437850383583,30030.428862103534,30001.2543309578,30018.769319367035,871
2021-07-27 17:21:00+00:00,30018.3977937633,30025.344231869036,30016.779405970323,30020.306383498264,716
2021-07-28 01:21:00+00:00,30019.004261960246,30020.30153637011,30011.489193761907,30018.130909068754,173
2021-07-28 09:21:00+00:00,30018.675534866543,30033.844559866473,30009.943608823465,30018.022045978785,950
2021-07-28 17:21:00+00:00,30018.295986118937,30026.285208335754,30003.1882874497,30016.10396656584,280
2021-07-29 01:21:00+00:00,30019.152206346167,30036.417415090218,30018.4514679423,30019.764401104443,752
2021-07-29 09:21:00+00:00,30019.159182866973,30030.398199237567,30006.45081894013,30020.41959960985,455
2021-07-29 17:21:00+00:00,30021.38029209199,30035.1544432666,30020.9060330691,30021.465636353034,455
2021-07-30 01:21:00+00:00,30022.121341485083,30036.045246924095,30018.024393518688,30021.958323705116,359
2021-07-30 09:21:00+00:00,30023.009139404716,30040.72126668483,30008.287095984553,30023.6445792193,333
2021-07-30 17:21:00+00:00,30022.569964722956,30032.963144115336,30005.09032010736,30024.07457201013,501
2021-07-31 01:21:00+00:00,30023.894285804552,30041.96899047551,30011.144906840207,30023.21986593211,443
2021-07-31 09:21:00+00:00,30024.939148148685,30026.550805659,30009.592443498193,30024.53387861963,999
2021-07-31 17:21:00+00:00,30024.637372011886,30043.808783397402,30018.820600969615,30024.368073820307,136
2021-08-01 01:21:00+00:00,30022.653172982944,30036.5168209401,30008.277754247225,30020.278741307488,759
2021-08-01 09:21:00+00:00,30021.786861287947,30036.644102178514,30005.211702178483,30021.64769903684,699
2021-08-01 17:21:00+00:00,30019.66854185438,30021.977285964662,30016.856202906314,30020.401455777872,601
2021-08-02 01:21:00+00:00,30020.29626508919,30030.53979544797,30008.604324264692,30020.847049447937,515
2021-08-02 09:21:00+00:00,30019.996885059856,30036.665104423253,30014.159446695125,30022.089249951874,573
2021-08-02 17:21:00+00:00,30019.678437700408,30037.058153537535,30014.369470314763,30020.221068916617,695
2021-08-03 01:21:00+00:00,30018.79898376965,30019.24803104666,30014.643082743998,30018.68754266621,471
2021-08-03 09:21:00+00:00,30017.776292748236,30026.977277761795,30003.614456289506,30016.10453678874,709
2021-08-03 17:21:00+00:00,30019.59818231506,30026.325049633375,30003.860116288728,30020.4851635934,921
2021-08-04 01:21:00+00:00,30018.717276429914,30036.715152769477,30010.813642532506,30019.392552663867,508
2021-08-04 09:21:00+00:00,30018.85225542384,30036.662456305752,30008.725223167152,30019.28100332651,371
2021-08-04 17:21:00+00:00,30018.864652995202,30031.323833123875,30002.514755296437,30020.02516931323,932
2021-08-05 01:21:00+00:00,30020.081075577404,30030.29323432671,30005.578414513202,30018.6288765979,764
2021-08-05 09:21:00+00:00,30019.281650452827,30026.35470493493,30013.857329634513,30019.976714390366,781
2021-08-05 17:21:00+00:00,30018.638297750407,30032.270128234602,30005.735679052923,30020.11814927389,802
2021-08-06 01:21:00+00:00,30018.817341358652,30020.23386688186,30000.71310074432,30018.471187538653,363
2021-08-06 09:21:00+00:00,30019.06191332973,30037.13780991551,30004.668250833456,30019.001203165477,624
2021-08-06 17:21:00+00:00,30020.20124212355,30039.38848244922,30019.153961568747,30019.88639072321,548
2021-08-07 01:21:00+00:00,30018.969333979374,30031.001008762178,30004.253520756043,30020.492867812678,358
2021-08-07 09:21:00+00:00,30018.53362048942,30036.278877334804,30014.625454582787,30018.004700760004,821
2021-08-07 17:21:00+00:00,30019.967393500934,30027.606975761344,30010.9428259665,30020.085752194133,837
2021-08-08 01:21:00+00:00,30022.21213084419,30038.44106953471,30010.67945355336,30023.28318336777,352
2021-08-08 09:21:00+00:00,30023.176535883453,30035.827839070906,30015.09570951015,30023.18048786895,940
2021-08-08 17:21:00+00:00,30022.51355330313,30039.712349849306,30011.90301385256,30022.580017485798,657
2021-08-09 01:21:00+00:00,30023.40521571624,30026.66944320258,30010.319928911973,30024.370663267502,832
2021-08-09 09:21:00+00:00,30023.589578215004,30027.1432538516,30022.477738477643,30024.914824481068,849
2021-08-09 17:21:00+00:00,30023.898307642612,30034.542604635808,30014.311533623644,30024.79913311675,445
2021-08-10 01:21:00+00:00,30025.873961206227,30035.32362798027,30011.45971802644,30025.258085820835,330
2021-08-10 09:21:00+00:00,30026.533678024956,30040.07341940604,30016.687873183226,30025.814209177293,947
2021-08-10 17:21:00+00:00,30028.529673560733,30048.009724401076,30017.539720373454,30026.998132956935,121
2021-08-11 01:21:00+00:00,30029.884630973338,30042.536351325052,30028.764153166878,30029.928721192344,200
2021-08-11 09:21:00+00:00,30029.849345979772,30043.910214033735,30024.19878994262,30030.777575154323,238
2021-08-11 17:21:00+00:00,30030.1048421584,30030.374008997864,30027.691155016564,30028.475994292727,106
2021-08-12 01:21:00+00:00,30029.343558476692,30039.04807532619,30017.96943566506,30029.2271101873,796
2021-08-12 09:21:00+00:00,30029.03105461575,30033.64486491347,30013.821089706973,30027.943505360814,686
2021-08-12 17:21:00+00:00,30028.666877211515,30038.440902369544,30018.581107275506,30028.588322855347,619
2021-08-13 01:21:00+00:00,30029.562636841263,30046.32338121904,30022.083194367864,30029.000954876778,119
2021-08-13 09:21:00+00:00,30028.430682325125,30034.918114898363,30019.506536936602,30029.320851045846,481
2021-08-13 17:21:00+00:00,30028.27877816537,30047.760645506914,30014.601300986335,30027.099545885747,938
2021-08-14 01:21:00+00:00,30027.32182036651,30045.46845018958,30009.172400278097,30028.39895818996,929
2021-08-14 09:21:00+00:00,30026.23990518509,30041.18837990225,30012.158442890282,30025.22578045957,580
2021-08-14 17:21:00+00:00,30027.250748597788,30045.90856229002,30020.62943929112,30027.59228635957,154
2021-08-15 01:21:00+00:00,30028.407703435456,30034.076257367717,30015.94718581721,30028.147614713653,281
2021-08-15 09:21:00+00:00,30029.874195291224,30031.994088446052,30015.427129552183,30028.712322667026,813
2021-08-15 17:21:00+00:00,30029.534909121237,30039.3299286233,30020.8314457582,30028.25953649929,541
2021-08-16 01:21:00+00:00,30028.80991145193,30033.306269529276,30017.70944123643,30030.04329028861,453
2021-08-16 09:21:00+00:00,30027.412258216682,30028.70976985657,30019.474233018267,30026.687348556472,740
2021-08-16 17:21:00+00:00,30028.35939689149,30031.981847252453,30025.240553250937,30028.216697026484,399
2021-08-17 01:21:00+00:00,30028.24603799274,30038.141697132956,30009.351999805254,30026.684843261657,501
2021-08-17 09:21:00+00:00,30028.909714742236,30047.96345148561,30020.06126799948,30031.021648588805,963
2021-08-17 17:21:00+00:00,30026.582931979297,30027.75522293153,30023.777069785476,30026.389892329255,779
2021-08-18 01:21:00+00:00,30027.266162396747,30039.769058462247,30025.53249720689,30025.661102585793,279
2021-08-18 09:21:00+00:00,30028.004873175287,30039.69247206553,30011.930233548526,30027.83976674073,571
2021-08-18 17:21:00+00:00,30028.208024112937,30038.072773125878,30010.401628548254,30028.525456113493,293
2021-08-19 01:21:00+00:00,30028.98950539847,30044.950511311148,30015.29322717776,30030.69973188277,907
2021-08-19 09:21:00+00:00,30028.93141510829,30042.110292189664,30026.22755505448,30027.8395830137,801
2021-08-19 17:21:00+00:00,30028.819329741327,30045.360794362678,30017.05681193865,30028.719504385128,406
2021-08-20 01:21:00+00:00,30028.50636191972,30043.62762641343,30025.92613120577,30029.390908623278,892
2021-08-20 09:21:00+00:00,30030.07905287458,30043.60710919071,30018.17315472044,30029.930681827067,865
2021-08-20 17:21:00+00:00,30030.837166263605,30041.70162033865,30029.86476847561,30030.739546049128,583
2021-08-21 01:21:00+00:00,30030.46802640701,30042.035817795528,30025.682835614945,30031.33088867464,639
2021-08-21 09:21:00+00:00,30030.150958982755,30040.004982792412,30028.25999255698,30030.223356704326,525
2021-08-21 17:21:00+00:00,30031.364302036636,30040.297059883836,30020.525079438215,30030.932766332447,182
2021-08-22 01:21:00+00:00,30032.33245639333,30033.94783368776,30028.30356490017,30031.235102688122,388
2021-08-22 09:21:00+00:00,30032.0592468268,30047.37940714755,30024.27235842492,30032.52207312197,287
2021-08-22 17:21:00+00:00,30033.333193116498,30039.56773993449,30023.14776896756,30034.191929302062,691
2021-08-23 01:21:00+00:00,30032.823074096184,30034.388211798236,30023.406553245746,30032.878667920908,196
2021-08-23 09:21:00+00:00,30032.432350987365,30034.31733387524,30019.99496448919,30033.276907310526,856
2021-08-23 17:21:00+00:00,30033.00577389311,30041.852706573038,30028.939098299463,30033.45379567818,407
2021-08-24 01:21:00+00:00,30032.381446884305,30046.13585047996,30029.912883208533,30033.427879231655,745
2021-08-24 09:21:00+00:00,30031.231446193524,30033.583487176606,30021.880659850784,30029.93556041969,661
2021-08-24 17:21:00+00:00,30029.95582819627,30033.784043013853,30010.9227093653,30029.263346330114,603
2021-08-25 01:21:00+00:00,30030.272756906048,30048.764310876126,30013.546663855333,30030.93560867146,767
2021-08-25 09:21:00+00:00,30029.451257652367,30032.20120099645,30028.762654585746,30027.29486644253,584
2021-08-25 17:21:00+00:00,30029.44428895361,30034.781759535465,30026.692570083214,30031.212163162025,861
2021-08-26 01:21:00+00:00,30028.70112562079,30042.155973647303,30023.85211422635,30027.811727038166,528
2021-08-26 09:21:00+00:00,30028.719472200464,30036.890923599825,30010.93521739919,30027.873161709336,393
2021-08-26 17:21:00+00:00,30026.544489645938,30045.564378176066,30013.866828653216,30027.514399626078,566
2021-08-27 01:21:00+00:00,30025.71261670069,30037.765771776507,30005.765951320886,30025.236174850146,905
2021-08-27 09:21:00+00:00,30025.594063169876,30033.512735604912,30022.757679268227,30025.602101794822,132
2021-08-27 17:21:00+00:00,30026.424030991664,30037.232354457796,30012.01593316444,30028.24950063787,658
2021-08-28 01:21:00+00:00,30024.796698667287,30029.830814840352,30018.941573049317,30024.268630363684,631
2021-08-28 09:21:00+00:00,30023.905306633536,30032.579338969117,30012.48217998204,30022.215830878573,258
2021-08-28 17:21:00+00:00,30023.924527268937,30036.123640367183,30014.685147161978,30025.478398532552,712
2021-08-29 01:21:00+00:00,30024.19662930116,30029.47102431691,30012.655072711048,30025.302218287205,312
2021-08-29 09:21:00+00:00,30025.634957861137,30035.5417201479,30022.30460874391,30025.80785324471,645
2021-08-29 17:21:00+00:00,30025.296982928292,30027.413743978435,30012.243748906498,30027.10280369628,751
2021-08-30 01:21:00+00:00,30025.02800338829,30027.419049807053,30006.176050747592,30024.039354482953,605
2021-08-30 09:21:00+00:00,30023.218646560155,30027.783216387787,30007.692308830177,30023.969114778454,797
2021-08-30 17:21:00+00:00,30022.465026053782,30034.751437402316,30018.474065962328,30023.26236179182,579
2021-08-31 01:21:00+00:00,30020.138307514706,30026.61636930134,30015.935038712596,30020.948428537024,818
2021-08-31 09:21:00+00:00,30019.666990437545,30031.920896239782,30014.260479583372,30020.610439656288,307
2021-08-31 17:21:00+00:00,30019.9877325804,30023.996789051682,30000.509362255387,30020.334232243466,848
2021-09-01 01:21:00+00:00,30019.491119197297,30024.47359322761,30015.680247561562,30019.022826061842,971
2021-09-01 09:21:00+00:00,30019.007443116538,30038.984850257042,30007.09421566469,30018.85593356879,873
2021-09-01 17:21:00+00:00,30018.039179563362,30027.62986151007,29998.042304902734,30016.773161811052,823
2021-09-02 01:21:00+00:00,30020.071963573693,30035.82738737387,30003.02710622722,30019.681196274418,402
2021-09-02 09:21:00+00:00,30020.41300357489,30036.31476991728,30018.668126292865,30021.39966064546,637
2021-09-02 17:21:00+00:00,30019.711838848463,30025.60755754959,30004.72628797054,30019.76705017096,803
2021-09-03 01:21:00+00:00,30019.79640314801,30022.352028856265,30006.261841745007,30020.098946532642,138
2021-09-03 09:21:00+00:00,30019.68281905939,30025.197280890134,30009.7995495351,30018.883836887653,796
2021-09-03 17:21:00+00:00,30019.266685278893,30036.67335834956,29999.698399672994,30018.39857130417,757
2021-09-04 01:21:00+00:00,30020.247268651838,30035.619729726997,30019.62770916735,30020.42901553143,905
2021-09-04 09:21:00+00:00,30020.6346869817,30030.260378325547,30016.8185541314,30021.22368545658,365
2021-09-04 17:21:00+00:00,30021.47614207134,30039.49119609477,30003.27551278388,30019.809765696064,652
2021-09-05 01:21:00+00:00,30022.19332443971,30035.41788379026,30016.370540747357,30021.291624058835,941
2021-09-05 09:21:00+00:00,30022.51330523741,30023.930056339064,30006.924179484045,30022.403159032772,267
2021-09-05 17:21:00+00:00,30021.611977004737,30033.797954555448,30015.667534141223,30020.334742718536,565
2021-09-06 01:21:00+00:00,30022.19549626263,30033.68125424244,30006.586811207388,30022.264047316876,229
2021-09-06 09:21:00+00:00,30023.225809172756,30037.713721720207,30022.805280097426,30022.482122354475,427
2021-09-06 17:21:00+00:00,30023.879438020405,30031.428016356105,30008.130900972446,30024.612233224245,777
2021-09-07 01:21:00+00:00,30023.849544451234,30039.567619466245,30018.267291948643,30024.251525449472,902
2021-09-07 09:21:00+00:00,30026.105555446182,30042.501850370754,30011.17409289634,30025.201592297533,803
2021-09-07 17:21:00+00:00,30025.945346143413,30038.706969931103,30008.166536141474,30025.357064623004,941
2021-09-08 01:21:00+00:00,30024.811500468662,30031.33036579529,30022.625678742545,30025.201404412666,983
2021-09-08 09:21:00+00:00,30023.13165300965,30035.208990872405,30018.229515488012,30022.786738121948,343
2021-09-08 17:21:00+00:00,30022.635212780406,30037.981116592553,30009.041148529115,30021.604145858622,934
2021-09-09 01:21:00+00:00,30022.654705443903,30038.022669927093,30019.1776316371,30024.313155295924,362
2021-09-09 09:21:00+00:00,30023.19552892513,30035.418795444733,30005.689225540063,30022.134220163654,479
2021-09-09 17:21:00+00:00,30023.036632864478,30024.986345619454,30005.635207739208,30022.937286241828,761
2021-09-10 01:21:00+00:00,30022.28064701087,30038.83608718252,30020.84813614123,30021.121472247905,376
2021-09-10 09:21:00+00:00,30022.784045165947,30035.249800902333,30012.60341166266,30021.329508630297,121
2021-09-10 17:21:00+00:00,30023.46561271409,30029.336409058018,30008.907367545475,30021.716620659427,329
2021-09-11 01:21:00+00:00,30024.142610197054,30026.742385931633,30007.778258072718,30023.265248886808,870
2021-09-11 09:21:00+00:00,30022.47710005794,30035.485651685893,30005.056828566827,30023.9724184812,264
2021-09-11 17:21:00+00:00,30023.496922478498,30038.517886106067,30020.80205469715,30024.796788401607,847
2021-09-12 01:21:00+00:00,30024.16742332162,30032.38123625833,30004.176476037515,30024.37705335338,301
2021-09-12 09:21:00+00:00,30025.76954050735,30036.191199829558,30023.79676277646,30026.72617815181,498
2021-09-12 17:21:00+00:00,30024.744764176343,30036.760072997473,30020.075224963155,30026.356370489975,423
2021-09-13 01:21:00+00:00,30022.65013974193,30041.235150951437,30021.23422438113,30021.08254623616,953
2021-09-13 09:21:00+00:00,30022.037266720617,30030.6266229941,30004.293608186777,30022.293932407512,694
2021-09-13 17:21:00+00:00,30023.197685790514,30039.14173586401,30020.20061751543,30022.72487071163,413
2021-09-14 01:21:00+00:00,30024.62812243622,30024.885150644142,30010.952454545095,30022.239014088995,102
2021-09-14 09:21:00+00:00,30026.334014364977,30028.79540357689,30012.277906964147,30026.418079288625,579
2021-09-14 17:21:00+00:00,30026.139385610753,30046.039830243135,30020.410953492352,30025.149469842694,727
2021-09-15 01:21:00+00:00,30027.88317289967,30045.304357942947,30013.95064734285,30028.950660123184,639
2021-09-15 09:21:00+00:00,30028.84368155724,30032.833492465288,30026.244094361977,30028.35584145333,218
2021-09-15 17:21:00+00:00,30027.846351328324,30030.68346226882,30022.748084384173,30028.26495425509,147
2021-09-16 01:21:00+00:00,30027.55895603696,30044.78400577587,30019.198469307426,30027.0634705554,260
2021-09-16 09:21:00+00:00,30026.77197509729,30042.237396725573,30014.434473630576,30025.196721800046,243
2021-09-16 17:21:00+00:00,30025.30888567253,30043.923543785462,30023.703811532345,30026.547854577864,494
2021-09-17 01:21:00+00:00,30024.848919016447,30039.86091386892,30018.287166530223,30024.282143426397,818
2021-09-17 09:21:00+00:00,30025.14324739917,30038.794118573976,30021.11737468007,30025.12620495304,681
2021-09-17 17:21:00+00:00,30026.23691581987,30045.48144901803,30012.37644382156,30026.850340016248,501
2021-09-18 01:21:00+00:00,30026.98818052156,30028.46800533619,30025.673668078492,30025.911183841632,784
2021-09-18 09:21:00+00:00,30026.423679207524,30039.53994992214,30006.566454872293,30025.153342035108,867
2021-09-18 17:21:00+00:00,30028.00872159224,30044.843507082456,30008.460841337273,30028.11197780813,484
2021-09-19 01:21:00+00:00,30026.142264541762,30038.119333495015,30006.369643961294,30026.12436108673,100
2021-09-19 09:21:00+00:00,30025.993274416054,30039.99434614568,30012.408529606313,30026.53858638627,474
2021-09-19 17:21:00+00:00,30027.07369116191,30043.110639723218,30027.055837807013,30027.1686370039,978
2021-09-20 01:21:00+00:00,30027.37461260749,30031.327619134277,30010.150160905283,30027.54210961137,157
2021-09-20 09:21:00+00:00,30025.33210987219,30036.774249707854,30007.05757124145,30025.755142222722,302
2021-09-20 17:21:00+00:00,30024.27110776397,30036.861405811684,30013.11159024943,30024.18986208352,494
2021-09-21 01:21:00+00:00,30025.308282272712,30032.4847854013,30010.621202516726,30024.704075667596,386
2021-09-21 09:21:00+00:00,30024.99568543455,30026.830977344893,30021.499340700928,30026.514520959256,492
2021-09-21 17:21:00+00:00,30025.25757166985,30039.986546850105,30019.102901947535,30024.416527363384,118
2021-09-22 01:21:00+00:00,30026.077733045564,30045.217275689047,30016.650029322103,30026.851841722713,763
2021-09-22 09:21:00+00:00,30026.081039987614,30046.07165546892,30012.171423627682,30025.913372694024,199
2021-09-22 17:21:00+00:00,30025.035257539108,30030.226856553854,30013.447795722586,30025.543835124066,931
2021-09-23 01:21:00+00:00,30024.82448783017,30027.445493270523,30006.19276883054,30025.557765108384,961
2021-09-23 09:21:00+00:00,30025.701526781857,30035.014120677428,30022.2551866227,30026.248573324618,452
2021-09-23 17:21:00+00:00,30027.153819852454,30039.84967172989,30019.967099700272,30026.351927544438,241
2021-09-24 01:21:00+00:00,30025.88043838825,30028.50318947162,30015.73627734052,30025.27626150248,143
2021-09-24 09:21:00+00:00,30026.00152921987,30038.918760820652,30024.928715461636,30027.82938317972,252
2021-09-24 17:21:00+00:00,30025.9986389476,30029.444907137186,30010.745465147655,30026.231575776856,560
2021-09-25 01:21:00+00:00,30026.399059764954,30037.267231118465,30009.420585512507,30026.19739942628,879
2021-09-25 09:21:00+00:00,30025.544625429426,30027.80368044984,30017.1104237472,30026.079950161857,418
2021-09-25 17:21:00+00:00,30025.250955118547,30034.455525987345,30015.522684774416,30025.041917371447,182
2021-09-26 01:21:00+00:00,30024.855451064293,30032.465322913074,30005.75606419647,30024.96524452298,277
2021-09-26 09:21:00+00:00,30024.98928077621,30035.04180842142,30012.937593302224,30024.768386140368,659
2021-09-26 17:21:00+00:00,30024.42560742046,30031.566449816997,30005.17857173928,30024.24021546541,883
2021-09-27 01:21:00+00:00,30022.969239065278,30031.596562814568,30018.597054019043,30022.400611827474,649
2021-09-27 09:21:00+00:00,30021.832496910174,30037.680669054087,30006.554553438647,30022.020696559735,234
2021-09-27 17:21:00+00:00,30021.41790562632,30029.667252553012,30015.49476763068,30022.5256330489,183
2021-09-28 01:21:00+00:00,30021.91207971734,30022.2275915766,30018.994661102806,30021.393653656996,933
2021-09-28 09:21:00+00:00,30020.092579116055,30030.303610084222,30016.003152337074,30018.56650422778,145
2021-09-28 17:21:00+00:00,30019.548697873077,30022.777671894084,30010.40691769654,30020.11634901054,826
2021-09-29 01:21:00+00:00,30019.96254422835,30025.13799371146,30017.83415896374,30019.923109691084,925
2021-09-29 09:21:00+00:00,30019.146768033537,30037.66310492179,30016.608042173084,30019.17428324011,697
2021-09-29 17:21:00+00:00,30021.96661252929,30040.169559332684,30018.623934810155,30023.38636905091,284
2021-09-30 01:21:00+00:00,30021.301975433402,30039.809859295172,30011.873578241975,30021.138084244903,533
2021-09-30 09:21:00+00:00,30022.623544793027,30024.117775430328,30003.535441618315,30022.57602718828,630
2021-09-30 17:21:00+00:00,30021.072022343717,30032.704762224053,30015.877084225333,30021.266779589052,235
2021-10-01 01:21:00+00:00,30021.777553589378,30032.77426415776,30018.881625330985,30022.55671882382,274
2021-10-01 09:21:00+00:00,30020.695178552152,30024.24491663574,30015.945066560686,30019.686315142222,349
2021-10-01 17:21:00+00:00,30019.862256629007,30032.894340490417,30018.662950309685,30018.370388765343,955
2021-10-02 01:21:00+00:00,30018.898869482862,30038.68457403764,30010.15253855519,30019.695063375857,954
2021-10-02 09:21:00+00:00,30017.618497728083,30027.268371170212,30008.29672015555,30018.011844707962,109
2021-10-02 17:21:00+00:00,30017.263246687507,30029.537734613798,30009.639263957477,30016.598968564576,907
2021-10-03 01:21:00+00:00,30016.898347798746,30031.273029771,30010.568121117118,30017.125281116543,487
2021-10-03 09:21:00+00:00,30017.236081343046,30030.278477277938,30015.160783121773,30017.00891889892,377
2021-10-03 17:21:00+00:00,30016.52935083804,30036.359055309473,30010.356649513247,30015.507458829277,398
2021-10-04 01:21:00+00:00,30015.630539347472,30024.551822818634,30005.99634854009,30014.00555077557,649
2021-10-04 09:21:00+00:00,30016.774292307182,30025.774178505904,30013.268827763062,30015.899871013455,433
2021-10-04 17:21:00+00:00,30018.013771307425,30033.520837559263,29998.714731569245,30017.273942960474,444
2021-10-05 01:21:00+00:00,30019.375505540465,30028.406069397563,30015.875196651665,30019.55114677906,557
2021-10-05 09:21:00+00:00,30019.71586524178,30021.183671519542,30004.249199326525,30019.506748901465,112
2021-10-05 17:21:00+00:00,30019.637089987176,30024.956303012186,30008.839461315227,30019.631275137963,932
2021-10-06 01:21:00+00:00,30020.15483883477,30039.790905500508,30016.955295881526,30021.885692697822,484
2021-10-06 09:21:00+00:00,30021.786883081433,30032.019279009022,30019.191797512096,30022.84160053483,960
2021-10-06 17:21:00+00:00,30020.879399819172,30035.236698112392,30017.606132976656,30020.90056553547,506
2021-10-07 01:21:00+00:00,30020.026569580208,30023.20405937931,30016.304405355513,30019.57051185567,259
2021-10-07 09:21:00+00:00,30021.48582907411,30027.776755662617,30007.742472681126,30021.36517937936,911
2021-10-07 17:21:00+00:00,30021.711919378202,30036.3582027103,30008.52440164169,30021.064274461824,516
2021-10-08 01:21:00+00:00,30020.416761027507,30032.391013499157,30002.862265819946,30020.44381281588,810
2021-10-08 09:21:00+00:00,30021.134626666095,30037.020621108204,30005.407234238628,30019.747665349158,325
2021-10-08 17:21:00+00:00,30020.22653701725,30027.516502455277,30019.062712963303,30021.33921884531,321
2021-10-09 01:21:00+00:00,30020.417736493862,30036.191820651627,30008.05623367923,30020.137983652814,510
2021-10-09 09:21:00+00:00,30020.358677637774,30021.43922391554,30012.19763869268,30019.893249824247,380
2021-10-09 17:21:00+00:00,30019.491712137125,30034.360910224255,30013.11720368303,30018.227881955547,363
2021-10-10 01:21:00+00:00,30021.30269499554,30029.297659520893,30006.509918306783,30021.491866144384,300
2021-10-10 09:21:00+00:00,30022.199098431152,30034.347805051093,30015.921033343315,30021.914097199086,574
2021-10-10 17:21:00+00:00,30022.440853599062,30040.73363567052,30017.75337185692,30022.844701471116,570
2021-10-11 01:21:00+00:00,30023.501467312326,30032.923119601604,30010.246007066686,30024.0288715406,880
2021-10-11 09:21:00+00:00,30024.98077613688,30035.24461179722,30019.123422040182,30026.55226253518,695
2021-10-11 17:21:00+00:00,30026.3594268235,30035.56486180849,30008.641274682137,30025.482396967003,306
2021-10-12 01:21:00+00:00,30025.473181987236,30042.241091262847,30021.74809429323,30026.28397830341,532
2021-10-12 09:21:00+00:00,30025.3086384601,30043.398213421216,30018.80228613019,30025.446418866668,768
2021-10-12 17:21:00+00:00,30026.41076846289,30043.23476909874,30021.951862777318,30024.73410778011,455
2021-10-13 01:21:00+00:00,30026.605701981993,30034.091194336863,30009.346508360406,30025.881532381387,321
2021-10-13 09:21:00+00:00,30027.434710271904,30045.507507805894,30020.32528285912,30026.43234288787,836
2021-10-13 17:21:00+00:00,30027.141300382944,30045.245572188287,30013.107968441407,30027.565468635297,679
2021-10-14 01:21:00+00:00,30028.61942417931,30037.533160705458,30026.048416627273,30030.22317478777,483
2021-10-14 09:21:00+00:00,30029.01028553485,30031.05977730109,30025.63671163263,30030.709090680048,767
2021-10-14 17:21:00+00:00,30029.27407632745,30031.74346253726,30024.801922895324,30029.995919159825,129
2021-10-15 01:21:00+00:00,30030.01821696246,30031.31192905962,30026.916792219396,30030.913611177904,524
2021-10-15 09:21:00+00:00,30029.215817023964,30030.999779496793,30025.4272167718,30030.36159917181,107
2021-10-15 17:21:00+00:00,30027.41631384317,30039.839571396067,30021.850731992392,30027.25936935668,922
2021-10-16 01:21:00+00:00,30026.982559689568,30040.956601618233,30023.967729386528,30026.344584843606,142
2021-10-16 09:21:00+00:00,30025.666340241518,30035.41611198469,30015.242816805345,30024.807892349403,426
2021-10-16 17:21:00+00:00,30026.49370720557,30045.94384559787,30008.792798668233,30026.708512785837,155
2021-10-17 01:21:00+00:00,30027.453020818783,30041.60726933932,30025.113639875755,30028.429151472745,916
2021-10-17 09:21:00+00:00,30027.711893896954,30041.948468021605,30021.362367123846,30026.428547020045,937
2021-10-17 17:21:00+00:00,30026.57642407638,30045.08366903338,30011.374559981938,30025.986465544484,389
2021-10-18 01:21:00+00:00,30026.75253897381,30034.05002558931,30025.860954179538,30026.53342914441,917
2021-10-18 09:21:00+00:00,30026.848647873616,30036.712589914056,30020.95760802977,30026.297361887708,519
2021-10-18 17:21:00+00:00,30024.785298902207,30026.466350118273,30007.828983718555,30024.75218551922,884
2021-10-19 01:21:00+00:00,30024.821476240904,30034.50636924185,30011.52214894488,30023.49930198285,532
2021-10-19 09:21:00+00:00,30025.61525355293,30038.033214388113,30006.79666374467,30024.85047602981,466
2021-10-19 17:21:00+00:00,30026.30143544486,30031.568307348167,30018.539026816503,30026.40984918212,257
2021-10-20 01:21:00+00:00,30025.961428089548,30031.94814542737,30024.210169530852,30026.93923741597,677
2021-10-20 09:21:00+00:00,30025.73347435926,30042.838582341825,30017.570454557655,30025.601570212257,161
2021-10-20 17:21:00+00:00,30025.79940615513,30026.84705508096,30025.08679925474,30025.126220801463,132
2021-10-21 01:21:00+00:00,30025.199535159958,30040.435648873932,30022.796980143434,30023.582011814375,334
2021-10-21 09:21:00+00:00,30025.199735685048,30027.82533698081,30021.915340313222,30023.708908100685,319
2021-10-21 17:21:00+00:00,30023.823804254283,30031.55617146441,30005.07060070694,30023.954362677607,743
2021-10-22 01:21:00+00:00,30024.088430335574,30040.41537733525,30020.62515314588,30023.368145687004,113
2021-10-22 09:21:00+00:00,30022.853927419303,30026.17865981052,30010.30810069444,30022.926136223257,324
2021-10-22 17:21:00+00:00,30023.221731670357,30026.39752116696,30004.237592632402,30023.722969669583,301
2021-10-23 01:21:00+00:00,30022.4856217741,30038.984124197057,30010.556932027022,30023.606794369545,408
2021-10-23 09:21:00+00:00,30022.38435178462,30031.575443699334,30011.707586767683,30022.523434880924,204
2021-10-23 17:21:00+00:00,30023.736432086578,30024.402444661533,30011.627584327623,30022.302903259388,203
2021-10-24 01:21:00+00:00,30024.40752307703,30039.55205418032,30012.61291431887,30022.21127822524,104
2021-10-24 09:21:00+00:00,30023.355508137865,30037.02204466669,30022.98761210123,30022.48395034605,339
2021-10-24 17:21:00+00:00,30023.670528343755,30029.063195856346,30005.825633615324,30022.52486821349,613
2021-10-25 01:21:00+00:00,30024.864910765344,30030.684222362073,30007.46143116895,30025.007476679242,146
2021-10-25 09:21:00+00:00,30024.30412378658,30038.265084897663,30019.19271566,30026.61804527724,634
2021-10-25 17:21:00+00:00,30024.54843558028,30039.810794511257,30005.811613349328,30023.743726704153,251
2021-10-26 01:21:00+00:00,30025.89459184188,30030.792597320178,30009.701028704112,30025.953579484245,228
2021-10-26 09:21:00+00:00,30025.19941720886,30037.099800492342,30006.288912283962,30024.751758894534,582
2021-10-26 17:21:00+00:00,30024.199399733698,30036.564467558794,30009.59893678738,30024.36877492255,154
2021-10-27 01:21:00+00:00,30022.8319400851,30024.292361312095,30003.818641548998,30021.933320815995,481
2021-10-27 09:21:00+00:00,30022.85858338701,30029.8819384048,30007.655782062262,30021.98642831013,296
2021-10-27 17:21:00+00:00,30022.604702548502,30027.82545509203,30009.488279297948,30024.453975379947,853
2021-10-28 01:21:00+00:00,30021.63111304321,30021.91165686473,30001.76289585592,30021.348225150214,927
2021-10-28 09:21:00+00:00,30021.69289388069,30035.5430104852,30015.745043943,30021.49039606258,391
2021-10-28 17:21:00+00:00,30022.348375231657,30029.431994890027,30004.77443811295,30020.587518181434,881
2021-10-29 01:21:00+00:00,30022.407157579706,30040.256810247316,30011.01114301566,30023.58283355977,134
2021-10-29 09:21:00+00:00,30021.30350643537,30037.465575106093,30011.477341188423,30021.11597738938,602
2021-10-29 17:21:00+00:00,30021.001158508177,30025.85548118211,30004.768102314567,30021.65838009997,706
2021-10-30 01:21:00+00:00,30022.2879679614,30034.7649380963,30019.23761795221,30022.952920825934,642
2021-10-30 09:21:00+00:00,30020.777179404053,30024.09458452605,30017.353516492207,30021.493137503738,792
2021-10-30 17:21:00+00:00,30020.091015893788,30036.97594280978,30010.38138805667,30020.026351102602,451
2021-10-31 01:21:00+00:00,30019.11110035874,30032.39587880008,30007.493339765668,30021.226842159245,548
2021-10-31 09:21:00+00:00,30018.00696140817,30028.456196083025,30005.073061278075,30016.656913787465,119
2021-10-31 17:21:00+00:00,30018.48524516411,30024.312518872543,30007.53619107223,30017.93366939639,192
2021-11-01 01:21:00+00:00,30019.48142587279,30021.387306555393,30017.58999917089,30018.813981498522,169
2021-11-01 09:21:00+00:00,30020.154670512646,30029.911658427154,30016.176945378844,30021.244723693653,352
2021-11-01 17:21:00+00:00,30020.4478598707,30037.349021613718,30004.220343927343,30022.01714169165,941
2021-11-02 01:21:00+00:00,30021.08445113834,30031.887570352235,30020.37713672028,30021.29384478261,877
2021-11-02 09:21:00+00:00,30021.92522913107,30025.3787767942,30004.884966705882,30021.36092321004,973
2021-11-02 17:21:00+00:00,30021.78806733017,30024.28345486646,30012.996655737694,30020.7668227293,895
2021-11-03 01:21:00+00:00,30023.197463054974,30025.676112410107,30021.757916037175,30023.49539161128,250
2021-11-03 09:21:00+00:00,30023.618887259916,30028.376010695156,30017.489270313556,30022.25885380841,140
2021-11-03 17:21:00+00:00,30023.083744271225,30040.18606028129,30021.44727223781,30023.875612315307,251
2021-11-04 01:21:00+00:00,30022.842106359032,30031.26178195575,30013.542370040268,30022.261710504896,695
2021-11-04 09:21:00+00:00,30022.156114130445,30028.790600706972,30014.611977711083,30020.14152864656,375
2021-11-04 17:21:00+00:00,30022.385478828543,30022.40872064247,30018.44715587644,30023.516178391463,934
2021-11-05 01:21:00+00:00,30023.54792485214,30027.42490681232,30020.219827979065,30021.833235627164,735
2021-11-05 09:21:00+00:00,30023.27712131828,30023.509244216708,30007.20481498469,30023.250322952135,311
2021-11-05 17:21:00+00:00,30021.899988472924,30033.73879196709,30019.810924216905,30022.248776487773,618
2021-11-06 01:21:00+00:00,30022.229230494657,30028.471062544413,30009.736684816176,30020.782447721936,514
2021-11-06 09:21:00+00:00,30023.855052587103,30029.613450579258,30022.179579577485,30023.607258854212,109
2021-11-06 17:21:00+00:00,30025.71162072442,30042.441025009117,30011.737417442906,30024.740085138845,446
2021-11-07 01:21:00+00:00,30026.35814428981,30039.63440462904,30021.20759305775,30026.904380425553,191
2021-11-07 09:21:00+00:00,30025.911754703655,30036.736868501193,30006.39775888721,30026.53150286751,537
2021-11-07 17:21:00+00:00,30026.534571894703,30037.55496758818,30009.698929322636,30027.162814472944,272
2021-11-08 01:21:00+00:00,30024.279123249762,30039.18540609009,30023.366941055137,30022.911040792264,748
2021-11-08 09:21:00+00:00,30024.15641059388,30028.30889461392,30009.579867297434,30023.887371189554,153
2021-11-08 17:21:00+00:00,30025.756050966203,30030.328471572488,30013.805702613558,30025.963776268287,389
2021-11-09 01:21:00+00:00,30024.827113224685,30030.968663371877,30017.815587041532,30025.322951842874,889
2021-11-09 09:21:00+00:00,30025.64683810807,30038.23963250359,30024.651705995737,30025.094531857154,337
2021-11-09 17:21:00+00:00,30024.997445741363,30025.776945494374,30023.502333753855,30025.392749382157,286
2021-11-10 01:21:00+00:00,30024.57425075537,30043.661047404374,30020.15906247933,30025.7006696042,884
2021-11-10 09:21:00+00:00,30024.036064128548,30028.848136624372,30005.44786724461,30024.889259747266,717
2021-11-10 17:21:00+00:00,30025.873703844965,30030.660419549768,30020.79955742978,30025.6699984798,585
2021-11-11 01:21:00+00:00,30027.59793113473,30045.095410297014,30013.307114215982,30029.03717411088,664
2021-11-11 09:21:00+00:00,30025.91975710863,30044.104145079797,30019.882393463846,30025.739181661746,838
2021-11-11 17:21:00+00:00,30024.607317772967,30034.090036173722,30016.851504711463,30023.541796745172,967
2021-11-12 01:21:00+00:00,30024.86809219406,30043.574599810556,30020.705085578807,30022.181636156605,665
2021-11-12 09:21:00+00:00,30022.56936427651,30026.95219718675,30019.73030357927,30024.03706413679,976
2021-11-12 17:21:00+00:00,30022.54489939639,30032.622646547818,30021.29310116607,30022.32179161206,500
2021-11-13 01:21:00+00:00,30023.00898620712,30041.43292204721,30022.857517299035,30021.58765072933,275
2021-11-13 09:21:00+00:00,30023.59948092224,30043.316836979102,30008.694207893193,30022.919931403558,670
2021-11-13 17:21:00+00:00,30024.386826042206,30039.91641624967,30011.042477545816,30024.790793786968,713
2021-11-14 01:21:00+00:00,30024.47850592252,30028.29239917161,30013.154633213628,30025.257125353204,153
2021-11-14 09:21:00+00:00,30023.767458607057,30030.703790687607,30005.973051642002,30022.608257332293,419
2021-11-14 17:21:00+00:00,30023.58328496298,30037.949813999487,30010.92934611378,30023.794246743964,447
2021-11-15 01:21:00+00:00,30023.022417386983,30029.366886325304,30003.18876024844,30023.384934078447,887
2021-11-15 09:21:00+00:00,30024.18048042204,30041.190219231103,30013.624340467835,30024.574456345887,596
2021-11-15 17:21:00+00:00,30024.614467413045,30025.455441093254,30021.293613347814,30025.43742173442,241
2021-11-16 01:21:00+00:00,30024.43705707887,30025.67866270245,30008.512949340777,30023.473289203004,224
2021-11-16 09:21:00+00:00,30024.462478965015,30039.85201504384,30012.894352146304,30025.40529945875,935
2021-11-16 17:21:00+00:00,30025.145859799624,30027.56382744976,30024.275908370037,30025.301230601985,905
2021-11-17 01:21:00+00:00,30024.992371569107,30025.786945665204,30008.60683139986,30024.676368701395,662
2021-11-17 09:21:00+00:00,30025.040386289365,30032.756739714623,30016.348432122944,30025.813642326906,914
2021-11-17 17:21:00+00:00,30026.182678173765,30028.24174590725,30019.003242971186,30025.614784813457,926
2021-11-18 01:21:00+00:00,30025.73506365206,30041.11338836774,30012.927142885863,30025.336720356398,429
2021-11-18 09:21:00+00:00,30025.65980140211,30030.60246789691,30015.83225328612,30025.629632250224,356
2021-11-18 17:21:00+00:00,30023.61114144125,30039.557564095543,30017.81300402883,30026.58495371653,764
2021-11-19 01:21:00+00:00,30024.017423246434,30041.768363867814,30010.34330239193,30025.438596434502,794
2021-11-19 09:21:00+00:00,30023.639737138234,30031.739701233764,30013.394736581096,30023.08257129868,442
2021-11-19 17:21:00+00:00,30023.06407652504,30032.749197093246,30015.9936111304,30022.98842293655,810
2021-11-20 01:21:00+00:00,30023.92439017897,30043.068971507877,30023.682095979388,30024.65185020759,405
2021-11-20 09:21:00+00:00,30022.78132236479,30040.791785164,30003.671838128874,30022.618842568845,811
2021-11-20 17:21:00+00:00,30021.239539146456,30030.227531816272,30020.538537151948,30021.036052497628,502
2021-11-21 01:21:00+00:00,30021.56392632456,30034.921906630563,30002.824457208353,30020.587651565536,409
2021-11-21 09:21:00+00:00,30021.58353920309,30032.361689060053,30008.117263370885,30021.488398783935,472
2021-11-21 17:21:00+00:00,30021.709736339286,30026.554384866507,30010.720916064976,30022.30473191857,314
2021-11-22 01:21:00+00:00,30022.18178956484,30033.192642168753,30004.94028283765,30021.595079454037,178
2021-11-22 09:21:00+00:00,30023.279822634715,30041.894675456322,30020.24351804526,30022.405051225764,908
2021-11-22 17:21:00+00:00,30024.05901579801,30032.021506556663,30008.649864725467,30024.505903500733,159
2021-11-23 01:21:00+00:00,30024.837071291353,30028.539133631657,30024.443772944,30023.302916238823,507
2021-11-23 09:21:00+00:00,30024.280391667064,30028.26604325005,30013.14343165723,30025.070360339494,493
2021-11-23 17:21:00+00:00,30024.686128069625,30039.059215296184,30014.851346427098,30023.37419904483,185
2021-11-24 01:21:00+00:00,30024.02334006823,30036.097019201894,30019.732364250955,30023.56280826909,418
2021-11-24 09:21:00+00:00,30022.941748303194,30023.252897353846,30006.13217511349,30022.649200991425,515
2021-11-24 17:21:00+00:00,30023.06173474772,30035.95122757552,30013.16794751065,30024.656647178286,364
2021-11-25 01:21:00+00:00,30025.821786688004,30032.23138854271,30016.10051542197,30025.22509594584,828
2021-11-25 09:21:00+00:00,30026.51432917586,30031.01044863165,30008.553557778232,30026.04146457689,942
2021-11-25 17:21:00+00:00,30025.89867757355,30032.844028223848,30008.66399507629,30027.158088744054,734
2021-11-26 01:21:00+00:00,30025.79374358884,30041.972745925643,30011.100477263924,30026.427269259104,982
2021-11-26 09:21:00+00:00,30025.42646396935,30041.563816172064,30006.78051636966,30025.679525043557,904
2021-11-26 17:21:00+00:00,30025.212325723624,30040.949852190548,30025.032146471145,30024.502381243896,242
2021-11-27 01:21:00+00:00,30025.664179582604,30038.081945886803,30023.827725571082,30024.421535708494,989
2021-11-27 09:21:00+00:00,30025.274850964575,30031.964762020532,30017.3717680083,30026.693489016605,680
2021-11-27 17:21:00+00:00,30025.52968671032,30034.84503677158,30012.307176970076,30026.16770382681,177
2021-11-28 01:21:00+00:00,30026.348094676738,30032.842946896093,30023.969312959463,30024.852966903065,642
2021-11-28 09:21:00+00:00,30026.28679526296,30027.173120112544,30014.322642123945,30026.876087534238,481
2021-11-28 17:21:00+00:00,30025.769089443696,30042.620185554417,30010.53693458313,30027.739257246772,998
2021-11-29 01:21:00+00:00,30024.52748677512,30036.76217526539,30018.393044775625,30025.491068085663,459
2021-11-29 09:21:00+00:00,30024.279964729532,30026.620232461828,30019.97499748713,30023.18917066794,406
2021-11-29 17:21:00+00:00,30024.35142566454,30026.52865473897,30023.5446580508,30024.339138440435,923
2021-11-30 01:21:00+00:00,30026.148335841568,30028.78196355925,30013.72592456607,30026.63363997521,146
2021-11-30 09:21:00+00:00,30027.090753666533,30038.545154556414,30018.630087401492,30025.650806760375,340
2021-11-30 17:21:00+00:00,30026.62150770006,30039.997166964276,30008.97436944573,30025.399883616188,476
2021-12-01 01:21:00+00:00,30026.124025077494,30036.742652060002,30014.426726119756,30028.107926069184,449
2021-12-01 09:21:00+00:00,30027.104790477155,30043.651858982157,30024.299650880952,30029.239967417332,869
2021-12-01 17:21:00+00:00,30027.262930407935,30041.80902032621,30023.31639528141,30026.17024902643,388
2021-12-02 01:21:00+00:00,30026.710307618854,30044.9959929418,30010.799646949195,30028.727117667615,110
2021-12-02 09:21:00+00:00,30026.82599534664,30045.95338704448,30011.645962423,30026.002090295733,396
2021-12-02 17:21:00+00:00,30027.421874470856,30037.199621473108,30015.411725676444,30027.536926864177,813
2021-12-03 01:21:00+00:00,30026.804095055908,30043.00141875495,30020.821187105856,30026.389660894507,657
2021-12-03 09:21:00+00:00,30027.00823709979,30043.385928206182,30023.363067341816,30026.488716862994,241
2021-12-03 17:21:00+00:00,30027.048913517698,30033.98255890042,30016.056722683308,30028.140402727804,321
2021-12-04 01:21:00+00:00,30026.362648427705,30027.974706421526,30019.753143277027,30025.58913388823,684
2021-12-04 09:21:00+00:00,30025.96592918982,30034.099653371446,30015.738432335318,30027.944040891532,111
2021-12-04 17:21:00+00:00,30025.59141481509,30028.03037164298,30016.897632832595,30024.94601568017,918
2021-12-05 01:21:00+00:00,30024.803339056303,30037.548888960922,30022.825229781356,30025.33759682365,268
2021-12-05 09:21:00+00:00,30024.428762088122,30034.732122278874,30020.640350875972,30023.694067071516,613
2021-12-05 17:21:00+00:00,30024.190144750886,30033.669352061188,30016.51237261781,30025.124010388565,203
2021-12-06 01:21:00+00:00,30023.18586776378,30029.38633379365,30004.4037211112,30023.556631696414,418
2021-12-06 09:21:00+00:00,30024.183898563955,30032.255038675645,30004.764266868315,30024.43276458934,715
2021-12-06 17:21:00+00:00,30025.483019862993,30041.735447713294,30013.927388260126,30023.80082419517,886
2021-12-07 01:21:00+00:00,30025.866484560098,30041.080190221677,30010.098090556035,30025.09963432543,162
2021-12-07 09:21:00+00:00,30025.387863267544,30027.224497733874,30010.869685385198,30024.368865469572,522
2021-12-07 17:21:00+00:00,30025.136014005882,30034.22254923069,30018.33215594707,30025.811936228,269
2021-12-08 01:21:00+00:00,30022.055667437315,30036.151853813502,30017.460054608335,30021.507994230134,415
2021-12-08 09:21:00+00:00,30022.55397156341,30031.86315790667,30007.463607863796,30023.52901813668,152
2021-12-08 17:21:00+00:00,30022.55571851628,30027.170572389226,30009.738072248885,30021.423568432863,763
2021-12-09 01:21:00+00:00,30022.1638624356,30033.91566103714,30019.875902321193,30022.679430256085,958
2021-12-09 09:21:00+00:00,30021.143658572113,30029.74095594255,30010.875176506765,30020.595712143928,196
2021-12-09 17:21:00+00:00,30022.58691429607,30025.030951978144,30008.35287935662,30022.618253437693,543
2021-12-10 01:21:00+00:00,30021.673620354584,30024.54210810142,30009.756743698912,30021.99045395865,278
2021-12-10 09:21:00+00:00,30021.717368196358,30040.614568345485,30009.677272781893,30022.361912784458,340
2021-12-10 17:21:00+00:00,30021.4233256142,30023.62058404084,30020.33391743389,30020.461298050726,119
2021-12-11 01:21:00+00:00,30020.6601025721,30039.995584271805,30011.071156546543,30021.026147867444,936
2021-12-11 09:21:00+00:00,30019.4574809666,30027.972986045654,30010.16283457148,30019.846517488382,486
2021-12-11 17:21:00+00:00,30018.843785212743,30031.592105115797,30005.830276648627,30018.22603750469,427
2021-12-12 01:21:00+00:00,30020.223158964855,30033.81374739931,30007.811897958647,30019.576670055994,862
2021-12-12 09:21:00+00:00,30022.41857838167,30041.047920602203,30005.432222531937,30022.89294659714,493
2021-12-12 17:21:00+00:00,30023.544500807817,30028.467504541786,30016.783657329604,30024.275123178602,338
2021-12-13 01:21:00+00:00,30022.809617717485,30028.69329329396,30015.891459483606,30022.86951201846,313
2021-12-13 09:21:00+00:00,30022.335567143164,30023.33618040297,30005.75062909897,30021.641113837013,768
2021-12-13 17:21:00+00:00,30023.060842610583,30033.38251438694,30011.221926676975,30023.61965092039,967
2021-12-14 01:21:00+00:00,30021.491885024254,30030.62776003161,30002.008944755824,30021.01257192615,660
2021-12-14 09:21:00+00:00,30021.956959999676,30028.8794019451,30021.10215459533,30022.763881241728,601
2021-12-14 17:21:00+00:00,30021.542374257027,30033.28499997198,30001.789956737484,30022.767187535672,843
2021-12-15 01:21:00+00:00,30020.37724794632,30039.357771527764,30014.13552933641,30019.807090700528,332
2021-12-15 09:21:00+00:00,30020.189822767683,30026.908214887793,30013.468931398005,30019.866583955118,395
2021-12-15 17:21:00+00:00,30020.856804546667,30020.957790607452,30008.219657517227,30019.78942880539,668
2021-12-16 01:21:00+00:00,30020.44219222885,30023.092380146172,30007.88827204142,30019.862801518262,611
2021-12-16 09:21:00+00:00,30020.89004779771,30037.186208989384,30018.931439324486,30020.9618356271,830
2021-12-16 17:21:00+00:00,30020.73760799986,30027.97421512497,30009.75056845914,30021.513400519016,490
2021-12-17 01:21:00+00:00,30021.06749731224,30021.38598817512,30020.158065775417,30022.160066821485,561
2021-12-17 09:21:00+00:00,30020.896313963007,30022.033755528875,30019.444761433573,30021.288202000764,413
2021-12-17 17:21:00+00:00,30021.399448382144,30040.48051496253,30004.59146950841,30022.666535283628,749
2021-12-18 01:21:00+00:00,30021.542860624882,30031.208396409933,30015.829585579904,30021.340079245965,604
2021-12-18 09:21:00+00:00,30021.55875226414,30032.22649187504,30019.460506060437,30021.489995671473,480
2021-12-18 17:21:00+00:00,30022.162624587385,30030.005097712397,30007.527667305258,30022.186160941317,502
2021-12-19 01:21:00+00:00,30022.085633882023,30040.587221246147,30009.83556822532,30021.362479189036,825
2021-12-19 09:21:00+00:00,30022.546205554958,30040.785073480423,30019.186580794816,30022.359491382875,597
2021-12-19 17:21:00+00:00,30021.568145184006,30022.020524142972,30004.08342859462,30023.311329889544,894
2021-12-20 01:21:00+00:00,30022.148219058767,30041.678312094904,30018.022145190935,30022.345770823587,158
2021-12-20 09:21:00+00:00,30021.64265419841,30025.896202839453,30003.33900967914,30021.9321431735,884
2021-12-20 17:21:00+00:00,30021.52266636448,30035.218412295075,30021.441484762876,30021.998968634456,579
2021-12-21 01:21:00+00:00,30021.573968736262,30038.405880836162,30021.19736764762,30022.55642375204,807
2021-12-21 09:21:00+00:00,30019.353006416288,30026.44598419754,30016.196503469284,30018.661836868774,368
2021-12-21 17:21:00+00:00,30019.400716785145,30027.100697271864,30009.53479866831,30018.844057787668,507
2021-12-22 01:21:00+00:00,30019.597343488538,30020.730370604193,30015.192320311988,30018.48674167719,637
2021-12-22 09:21:00+00:00,30019.990390394876,30037.74037659063,30008.851703966764,30020.42137304706,127
2021-12-22 17:21:00+00:00,30018.70292442815,30026.430192233427,30018.423685147583,30019.23234370366,692
2021-12-23 01:21:00+00:00,30019.168936040394,30026.036720978955,30012.085880568367,30019.189241780092,645
2021-12-23 09:21:00+00:00,30020.514882303414,30036.84435817448,30006.86617957613,30019.75099562608,358
2021-12-23 17:21:00+00:00,30022.952968339152,30024.733777934995,30010.89474001777,30023.36142917559,528
2021-12-24 01:21:00+00:00,30023.032770422506,30040.724994240092,30004.654695917023,30022.672038425644,429
2021-12-24 09:21:00+00:00,30023.30714333558,30023.724766541916,30016.962636966,30023.143814192306,311
2021-12-24 17:21:00+00:00,30023.721369123657,30042.31663851971,30015.938682305277,30024.839395036255,292
2021-12-25 01:21:00+00:00,30022.387479502177,30036.72518134202,30002.783098752643,30021.738422980463,328
2021-12-25 09:21:00+00:00,30022.06244133848,30030.537682531554,30020.559685894874,30020.828353299683,458
2021-12-25 17:21:00+00:00,30021.36080743591,30033.662734723468,30018.9318247613,30019.957163998013,962
2021-12-26 01:21:00+00:00,30020.84085634933,30035.14390024251,30015.454982839336,30020.406812411497,574
2021-12-26 09:21:00+00:00,30019.218615735335,30027.952989289763,30006.079684631975,30018.859056465768,943
2021-12-26 17:21:00+00:00,30019.561469578493,30025.388289381724,30008.397193964738,30018.448041356325,224
2021-12-27 01:21:00+00:00,30019.534435380854,30023.457244792986,30001.383636374652,30018.965544218536,179
2021-12-27 09:21:00+00:00,30020.530235952214,30029.363328842064,30016.99890134708,30018.525220888765,291
2021-12-27 17:21:00+00:00,30022.22518277286,30039.47430170361,30007.10369492528,30022.348288646685,169
2021-12-28 01:21:00+00:00,30020.724951427943,30035.469884072478,30018.36628828236,30020.272188365932,159
2021-12-28 09:21:00+00:00,30020.67391875343,30034.506375292825,30002.552918076064,30021.37660005389,514
2021-12-28 17:21:00+00:00,30020.17149413057,30033.473553727916,30011.80802002736,30017.587539803677,397
2021-12-29 01:21:00+00:00,30021.866302497798,30026.759381174474,30016.785368534715,30021.723266487,193
2021-12-29 09:21:00+00:00,30021.483508637404,30033.495927700806,30018.677281672717,30022.273136229785,657
2021-12-29 17:21:00+00:00,30022.178307778737,30022.87457433997,30007.030678711428,30021.14034562996,159
2021-12-30 01:21:00+00:00,30021.973889878198,30028.337717479426,30009.521269960787,30021.677129517906,622
2021-12-30 09:21:00+00:00,30021.0837986108,30031.481202522304,30014.756558106157,30022.03063709536,260
2021-12-30 17:21:00+00:00,30019.11236704049,30029.957450747403,30018.42049265568,30019.180267523276,906
2021-12-31 01:21:00+00:00,30019.739246956524,30037.32575010225,30017.57612307903,30019.64840327529,741
2021-12-31 09:21:00+00:00,30020.164354068962,30037.34893657063,30005.566965084832,30021.349212197052,291
2021-12-31 17:21:00+00:00,30018.820683801652,30023.744152319337,30003.459712488107,30018.576889779477,905
2022-01-01 01:21:00+00:00,30019.47408574906,30037.782181642782,30009.056535235253,30017.546361875222,606
2022-01-01 09:21:00+00:00,30017.732072921983,30019.761061032186,30014.201592870795,30018.08768695773,276
2022-01-01 17:21:00+00:00,30018.00661111335,30032.171892217404,30001.632996520442,30017.330996526995,621
2022-01-02 01:21:00+00:00,30018.386917405543,30021.08273190187,30013.613920796528,30017.998120099935,307
2022-01-02 09:21:00+00:00,30017.573054513403,30020.388445488898,30002.857896869715,30016.079906661736,623
2022-01-02 17:21:00+00:00,30018.135743609393,30034.006613018213,30017.03218429258,30016.6435537023,872
2022-01-03 01:21:00+00:00,30018.689754428207,30028.6704338077,30004.601344954106,30016.63023529431,158
2022-01-03 09:21:00+00:00,30017.979255363432,30028.292940509516,30013.53114033718,30017.2624321272,238
2022-01-03 17:21:00+00:00,30018.37638939761,30028.837431135955,30006.66662740993,30018.946651257607,846
2022-01-04 01:21:00+00:00,30017.643664642288,30026.515545034268,30008.61052367727,30017.279633162478,977
2022-01-04 09:21:00+00:00,30016.842281914032,30028.018580899217,30000.197119415498,30016.51858903929,598
2022-01-04 17:21:00+00:00,30017.520615297188,30037.03138337157,30015.39350568729,30017.076553526444,714
2022-01-05 01:21:00+00:00,30016.358076957527,30030.267206675882,30006.879329488456,30016.15895627175,463
2022-01-05 09:21:00+00:00,30016.355764917655,30025.455339531738,30013.918333999412,30017.956320876958,433
2022-01-05 17:21:00+00:00,30015.209679590298,30030.793611158624,29998.226160861235,30013.171548593502,686
2022-01-06 01:21:00+00:00,30015.20016887761,30019.02868945353,29999.563927354382,30014.023165428054,683
2022-01-06 09:21:00+00:00,30014.79861930272,30027.150627348714,30007.72685143556,30014.419942478904,570
2022-01-06 17:21:00+00:00,30014.541270431422,30026.60570725356,30005.0334816488,30014.425590042887,911
2022-01-07 01:21:00+00:00,30012.987121699694,30029.701933828077,29998.540436530388,30012.929415213785,269
2022-01-07 09:21:00+00:00,30012.5801445683,30032.213653244384,30001.636928509986,30012.40293942045,397
2022-01-07 17:21:00+00:00,30012.973748544293,30027.697770015966,30012.828488021594,30012.451566923726,955
2022-01-08 01:21:00+00:00,30012.03876685623,30021.61878266181,30000.61482586145,30011.87636401128,308
2022-01-08 09:21:00+00:00,30012.142436625873,30022.783233349193,29999.472999601363,30011.956090076328,580
2022-01-08 17:21:00+00:00,30012.631213446188,30014.226182102888,30000.118812847584,30011.309951365078,524
2022-01-09 01:21:00+00:00,30013.69239730594,30017.622143125715,30008.561516478447,30016.173489320947,556
2022-01-09 09:21:00+00:00,30014.399950869516,30018.427869242572,30002.30298996792,30013.164997700755,596
2022-01-09 17:21:00+00:00,30014.93182872721,30029.662027269937,30007.65041744485,30015.857543406935,629
2022-01-10 01:21:00+00:00,30015.106681745638,30021.79412336496,29996.075531100625,30014.030783663304,824
2022-01-10 09:21:00+00:00,30014.72555252836,30023.739680016795,30004.134505467613,30015.439022894097,331
2022-01-10 17:21:00+00:00,30014.06249496355,30015.66659422899,30013.82945189813,30014.1670513136,562
2022-01-11 01:21:00+00:00,30014.20010851351,30029.2398485781,30013.957973274086,30014.58089551296,641
2022-01-11 09:21:00+00:00,30015.79489828757,30016.05292679227,30003.307824746706,30015.27831045965,322
2022-01-11 17:21:00+00:00,30015.46675380741,30017.109692646307,30009.23142502296,30015.67140748763,251
2022-01-12 01:21:00+00:00,30013.638491621296,30022.225086834424,30011.670031579393,30012.04995501128,275
2022-01-12 09:21:00+00:00,30014.58695386812,30025.005016498126,29996.08480798599,30015.417017764175,330
2022-01-12 17:21:00+00:00,30014.186430883616,30027.415554215822,29994.545740349462,30012.582573323994,327
2022-01-13 01:21:00+00:00,30013.433068701175,30014.145992051897,30010.352580154595,30013.46991866364,410
2022-01-13 09:21:00+00:00,30014.527495109567,30028.255786705737,30004.366107636935,30015.322169439845,982
2022-01-13 17:21:00+00:00,30015.194262008008,30022.58033050403,30002.960533382644,30013.9706965985,874
2022-01-14 01:21:00+00:00,30016.83774231332,30029.30334788696,30006.069447321886,30017.80236552029,891
2022-01-14 09:21:00+00:00,30015.48047147968,30030.515616803143,30015.30226302604,30015.78360394146,780
2022-01-14 17:21:00+00:00,30016.897119326677,30019.97058499656,30009.034076432257,30018.794087646173,645
2022-01-15 01:21:00+00:00,30018.567729964314,30034.07888740903,30007.071676216718,30019.07223909918,411
2022-01-15 09:21:00+00:00,30018.381156706168,30025.48785473904,30012.628529998554,30017.838857876835,691
2022-01-15 17:21:00+00:00,30016.435408923346,30031.239528383783,30011.775579839592,30016.626679568057,802
2022-01-16 01:21:00+00:00,30015.239917449395,30024.38619998418,30011.807965643246,30014.648616489263,674
2022-01-16 09:21:00+00:00,30017.03027411581,30021.717818472793,30013.401831384883,30017.277545226512,649
2022-01-16 17:21:00+00:00,30017.098199082127,30019.198882372777,30000.705048741016,30016.212382576872,950
2022-01-17 01:21:00+00:00,30016.89553826159,30028.602617099572,30013.47571662188,30019.673038596866,309
2022-01-17 09:21:00+00:00,30017.60524503357,30032.95969965001,30014.76629618566,30017.380450490833,500
2022-01-17 17:21:00+00:00,30019.32711412235,30029.491119764378,30008.242637478274,30018.719091644198,829
2022-01-18 01:21:00+00:00,30018.270575663293,30022.936148659726,29999.060043449554,30017.908411772478,791
2022-01-18 09:21:00+00:00,30019.799546290706,30026.736581190977,30012.084839760253,30018.37119756152,871
2022-01-18 17:21:00+00:00,30019.718242908475,30032.309897330888,30015.21888669632,30019.067073235467,823
2022-01-19 01:21:00+00:00,30021.11630519864,30037.720547606157,30017.347041982226,30020.30051283504,103
2022-01-19 09:21:00+00:00,30021.364937187398,30034.76082939926,30003.37433958542,30021.94005320448,301
2022-01-19 17:21:00+00:00,30021.643836744744,30027.73486098849,30008.359166167305,30020.89846481758,814
2022-01-20 01:21:00+00:00,30021.96141827428,30027.701439756645,30015.02752132192,30022.168546271627,807
2022-01-20 09:21:00+00:00,30020.978726292622,30025.53577880928,30013.546727402827,30021.84861580725,154
2022-01-20 17:21:00+00:00,30020.796861275056,30024.971323927133,30005.947764998873,30019.903592794402,504
2022-01-21 01:21:00+00:00,30023.557677316505,30026.375579570664,30013.657205101037,30024.38735458435,596
2022-01-21 09:21:00+00:00,30023.946841761626,30036.664193143133,30008.13542426128,30024.75159428598,691
2022-01-21 17:21:00+00:00,30024.03633617811,30038.901291044906,30013.07233278091,30023.13136974639,626
2022-01-22 01:21:00+00:00,30023.183809923587,30035.04556622935,30018.273275468677,30022.238100026974,222
2022-01-22 09:21:00+00:00,30023.725946149534,30043.209382238387,30012.811676877325,30024.525176665313,817
2022-01-22 17:21:00+00:00,30023.217258707256,30039.201666195953,30019.168334311737,30022.94583007516,346
2022-01-23 01:21:00+00:00,30024.583709049486,30026.027040854486,30019.78661388659,30023.871944492334,800
2022-01-23 09:21:00+00:00,30025.67151277464,30041.86173857496,30009.475876450902,30026.271566517076,841
2022-01-23 17:21:00+00:00,30025.72965155043,30034.52359709796,30008.83086806068,30025.565987948557,382
2022-01-24 01:21:00+00:00,30026.85715723499,30040.94829644714,30013.733905247034,30026.507625301132,711
2022-01-24 09:21:00+00:00,30027.03508399232,30031.51230693554,30013.632442947204,30028.00057408507,800
2022-01-24 17:21:00+00:00,30025.3761795314,30036.299298028836,30013.835337043787,30025.261373093716,895
2022-01-25 01:21:00+00:00,30024.421090103668,30026.115328388205,30005.254197504768,30024.621352875838,973
2022-01-25 09:21:00+00:00,30025.023490796797,30031.520274534556,30018.75780718569,30025.183182496876,570
2022-01-25 17:21:00+00:00,30025.84417705621,30037.711043292937,30012.522364087392,30021.999453150234,538
2022-01-26 01:21:00+00:00,30025.470543255593,30039.274704889904,30019.734953137533,30024.94583631665,105
2022-01-26 09:21:00+00:00,30023.63027170457,30030.23783185826,30007.81458137799,30023.297268644958,268
2022-01-26 17:21:00+00:00,30025.479904831012,30028.183419181838,30022.23973105857,30025.973416680445,669
2022-01-27 01:21:00+00:00,30025.629509489096,30043.747549241853,30017.7933499494,30023.260783617246,598
2022-01-27 09:21:00+00:00,30025.56606817897,30043.235023195317,30013.622558863226,30026.755974751246,526
2022-01-27 17:21:00+00:00,30028.164754960857,30037.747005856683,30025.474736118937,30028.329957236514,861
2022-01-28 01:21:00+00:00,30028.49204619557,30036.082212789723,30023.303867042447,30028.29838106711,244
2022-01-28 09:21:00+00:00,30029.88654978266,30049.408528629618,30020.689374385278,30029.537355702945,375
2022-01-28 17:21:00+00:00,30029.05804631329,30046.254297725784,30028.19902944606,30028.685771365617,294
2022-01-29 01:21:00+00:00,30029.37180177925,30043.238204452777,30021.40459101992,30030.53960887749,436
2022-01-29 09:21:00+00:00,30029.028055781517,30041.64784165749,30023.87917211393,30028.892544193837,368
2022-01-29 17:21:00+00:00,30028.247333263345,30035.242479084514,30028.183983309063,30027.446426781054,196
2022-01-30 01:21:00+00:00,30029.600898070592,30035.773952637413,30017.924725362776,30029.297739088805,753
2022-01-30 09:21:00+00:00,30029.688552657586,30032.322978071574,30024.99587257738,30029.31755769569,932
2022-01-30 17:21:00+00:00,30029.195781040307,30032.410049862785,30015.134311880654,30029.509332760175,750
2022-01-31 01:21:00+00:00,30029.693091387442,30041.297186974916,30025.175616384367,30027.39405279273,237
2022-01-31 09:21:00+00:00,30027.873574262518,30036.089282225625,30022.474780260585,30028.885018457127,679
2022-01-31 17:21:00+00:00,30028.318229726974,30041.681465533904,30012.391566347032,30028.869951581968,322
2022-02-01 01:21:00+00:00,30028.40055296361,30036.253696941225,30024.399798737963,30028.482320953666,695
2022-02-01 09:21:00+00:00,30028.988827829042,30044.679109599474,30017.24182542637,30028.33015730991,307
2022-02-01 17:21:00+00:00,30028.73335405298,30036.47721731089,30014.456438789348,30028.125787655685,333
2022-02-02 01:21:00+00:00,30029.51798274846,30047.097296408847,30011.785686397154,30031.387587497633,129
2022-02-02 09:21:00+00:00,30030.419746114894,30038.4735798564,30011.266773559586,30030.272187318966,760
2022-02-02 17:21:00+00:00,30029.367495082894,30046.7070914638,30029.050903443673,30027.951494438894,446
2022-02-03 01:21:00+00:00,30029.898223054897,30044.795708597092,30020.059120948146,30030.301299955943,827
2022-02-03 09:21:00+00:00,30028.063614053022,30039.40868249681,30009.94489418261,30027.860436179657,771
2022-02-03 17:21:00+00:00,30027.203041257508,30044.505891807657,30025.590505950586,30028.96565819436,861
2022-02-04 01:21:00+00:00,30026.717742786637,30027.244369099957,30014.78202832551,30027.363482074365,607
2022-02-04 09:21:00+00:00,30025.143010001764,30032.974208940563,30013.98597354884,30026.17995344572,352
2022-02-04 17:21:00+00:00,30024.91055938955,30029.623814912306,30007.873389377328,30024.676841800185,543
2022-02-05 01:21:00+00:00,30025.4278116787,30039.648578345445,30024.618945462484,30026.004044356232,607
2022-02-05 09:21:00+00:00,30027.28844649955,30041.239980813403,30011.19182166759,30026.936174934744,299
2022-02-05 17:21:00+00:00,30027.113034120168,30028.456643446316,30026.775871403777,30027.577369074992,433
2022-02-06 01:21:00+00:00,30027.30377275705,30036.638934681818,30016.30017676794,30028.002015334707,717
2022-02-06 09:21:00+00:00,30028.553817371856,30035.773845034866,30022.456026140248,30027.016706458897,782
2022-02-06 17:21:00+00:00,30027.948509081405,30036.299068032295,30009.24313944531,30029.78593058228,419
2022-02-07 01:21:00+00:00,30027.716009339936,30043.119806801322,30009.86387032704,30027.149941917654,839
2022-02-07 09:21:00+00:00,30026.042791926055,30040.69368564185,30012.677182315463,30026.258505295566,367
2022-02-07 17:21:00+00:00,30026.28212607147,30033.062172325317,30026.15043721585,30026.52724620934,398
2022-02-08 01:21:00+00:00,30025.10206312064,30035.68847898857,30007.477768597008,30026.325942973064,769
2022-02-08 09:21:00+00:00,30024.70217301432,30044.636566827292,30015.1172244918,30023.94522778527,522
2022-02-08 17:21:00+00:00,30025.2671765722,30029.738517450955,30006.336915949385,30023.347754504794,909
2022-02-09 01:21:00+00:00,30023.115407807585,30033.06214574011,30017.759319920457,30021.451075584384,472
2022-02-09 09:21:00+00:00,30024.22330451811,30038.579164894796,30016.275364300596,30024.841905630474,311
2022-02-09 17:21:00+00:00,30025.61315603772,30040.589469709616,30010.3029359971,30026.468147096766,582
2022-02-10 01:21:00+00:00,30025.240981623258,30029.228110298525,30023.24968751862,30024.365033466638,105
2022-02-10 09:21:00+00:00,30026.449165070586,30028.400246560206,30023.868224846818,30026.472843932304,290
2022-02-10 17:21:00+00:00,30026.2131928985,30026.46080976432,30009.192852872162,30027.674492974525,902
2022-02-11 01:21:00+00:00,30024.733374424162,30044.19720432747,30013.562779371125,30026.357116984716,414
2022-02-11 09:21:00+00:00,30025.612767770523,30044.526571360788,30019.622701851084,30025.195894587167,960
2022-02-11 17:21:00+00:00,30025.62147000285,30031.180347586327,30005.623310951276,30024.476454442072,787
2022-02-12 01:21:00+00:00,30027.21151737152,30036.160913432355,30011.349451295922,30028.688386351667,975
2022-02-12 09:21:00+00:00,30025.296297888162,30042.7726895259,30008.436834088174,30024.879445514223,514
2022-02-12 17:21:00+00:00,30026.048150835555,30031.130559369773,30010.68019465913,30026.446391000627,163
2022-02-13 01:21:00+00:00,30025.626526516935,30036.47265184643,30016.41936578376,30024.592416989104,484
2022-02-13 09:21:00+00:00,30024.319850692074,30027.522081902476,30020.35232940838,30022.047270968622,950
2022-02-13 17:21:00+00:00,30024.748302847445,30027.936725177642,30013.763818585252,30024.80323362849,897
2022-02-14 01:21:00+00:00,30026.087153808723,30037.889252216544,30011.55208534672,30025.79302189544,487
2022-02-14 09:21:00+00:00,30025.832681194683,30040.66064857824,30020.975714850138,30026.329782648598,601
2022-02-14 17:21:00+00:00,30026.360827591154,30043.090808083587,30019.997486129167,30027.124869568728,676
2022-02-15 01:21:00+00:00,30027.002646779547,30028.754783777367,30024.871932841284,30027.22345811167,907
2022-02-15 09:21:00+00:00,30026.96629219032,30034.137955933704,30021.940030200287,30026.14009196998,272
2022-02-15 17:21:00+00:00,30025.845545184377,30039.75764131143,30020.132277878387,30025.93897975106,345
2022-02-16 01:21:00+00:00,30024.826295764684,30036.33051514657,30013.063354331774,30024.2875153791,920
2022-02-16 09:21:00+00:00,30024.37093470648,30025.799012491603,30012.913924769407,30023.116024163694,927
2022-02-16 17:21:00+00:00,30024.779537520386,30028.33349158654,30014.41647364264,30025.180133484137,977
2022-02-17 01:21:00+00:00,30022.931486442754,30036.877560530185,30008.155168776004,30023.735535460288,201
2022-02-17 09:21:00+00:00,30026.034205389493,30044.685687299258,30014.16342863972,30024.205095328107,607
2022-02-17 17:21:00+00:00,30026.46896713526,30041.1538781316,30023.841891403063,30024.383295578515,719
2022-02-18 01:21:00+00:00,30026.429657641656,30027.43624160805,30023.732179588427,30026.653152558054,303
2022-02-18 09:21:00+00:00,30028.602379930082,30038.043430714213,30026.447623032298,30029.091370106784,496
2022-02-18 17:21:00+00:00,30029.071157794224,30036.790867938376,30027.15964219669,30029.42394974428,552
2022-02-19 01:21:00+00:00,30027.23078537715,30040.531513043315,30020.85507886051,30026.98030174565,483
2022-02-19 09:21:00+00:00,30027.401633217658,30041.985691775222,30024.722163579496,30028.26901214234,201
2022-02-19 17:21:00+00:00,30026.43591767774,30040.847770049593,30023.47631978868,30027.306999415603,505
2022-02-20 01:21:00+00:00,30027.464233503153,30040.705472314516,30027.06050252471,30029.44121774679,400
2022-02-20 09:21:00+00:00,30027.856203609044,30041.812708966005,30023.750103564198,30026.18490835316,578
2022-02-20 17:21:00+00:00,30028.574573483613,30036.75307123159,30027.809120845603,30026.67713296377,250
2022-02-21 01:21:00+00:00,30028.100288467747,30040.72748397476,30012.33427071559,30030.03580502162,982
2022-02-21 09:21:00+00:00,30028.57854778267,30044.588656980053,30016.19324781646,30028.179703211703,309
2022-02-21 17:21:00+00:00,30027.845910308446,30034.04332950381,30022.74447147879,30027.097321149526,630
2022-02-22 01:21:00+00:00,30029.19909107085,30034.898406554963,30021.660387178876,30029.981862017386,224
2022-02-22 09:21:00+00:00,30029.510863412135,30043.28695987092,30025.68702457962,30029.0861024496,969
2022-02-22 17:21:00+00:00,30028.417385273333,30031.38125437668,30027.51046289152,30030.98439669526,640
2022-02-23 01:21:00+00:00,30029.9169729045,30042.89775919177,30014.653655559872,30029.702557506014,633
2022-02-23 09:21:00+00:00,30031.353442832176,30036.11261764954,30015.827151787867,30030.543048326406,581
2022-02-23 17:21:00+00:00,30032.016421752167,30049.54656890367,30022.390640164936,30031.908572030767,554
2022-02-24 01:21:00+00:00,30032.38837307373,30036.11590946046,30020.194560765307,30031.842790181912,216
2022-02-24 09:21:00+00:00,30032.77644943837,30039.99615167778,30016.734989315075,30033.46855134079,578
2022-02-24 17:21:00+00:00,30033.883598896795,30048.32248803108,30033.778362674595,30033.32863038943,264
2022-02-25 01:21:00+00:00,30034.14369954464,30043.193033277632,30028.873632651466,30033.25596900783,575
2022-02-25 09:21:00+00:00,30033.355649743156,30039.302640483776,30027.47925766406,30034.005219229883,565
2022-02-25 17:21:00+00:00,30034.040683894204,30049.523151423145,30018.388682539902,30032.16847436145,955
2022-02-26 01:21:00+00:00,30034.962126685747,30036.939994070704,30016.366243276214,30034.583319312005,601
2022-02-26 09:21:00+00:00,30034.382980149487,30038.02061582066,30016.665599565564,30035.402800132826,629
2022-02-26 17:21:00+00:00,30035.018143541558,30038.47585727936,30015.56011667097,30035.47628584494,431
2022-02-27 01:21:00+00:00,30035.555297991712,30054.206741716913,30018.384694601275,30034.630756985178,182
2022-02-27 09:21:00+00:00,30035.939570316237,30054.763189538327,30016.233830086054,30035.03046454191,234
2022-02-27 17:21:00+00:00,30037.474566924146,30056.433192285607,30023.147631342894,30038.02848193149,778
2022-02-28 01:21:00+00:00,30038.1288232654,30052.95541785058,30035.72739154624,30037.11872481735,302
2022-02-28 09:21:00+00:00,30037.611842970848,30052.936131438113,30027.710005770638,30037.601177304794,619
2022-02-28 17:21:00+00:00,30037.37713662313,30046.49506021168,30023.467087394976,30036.227733986863,190
2022-03-01 01:21:00+00:00,30036.653272093947,30050.43173724104,30029.304177636637,30034.958024061543,300
2022-03-01 09:21:00+00:00,30035.551516447278,30047.385741035232,30017.052689385513,30033.659849664862,730
2022-03-01 17:21:00+00:00,30034.762363693713,30049.69076547553,30026.83802312471,30035.320168141167,219
2022-03-02 01:21:00+00:00,30035.77467540519,30049.133849413683,30030.718836500153,30036.92283942246,947
2022-03-02 09:21:00+00:00,30036.16361432269,30044.471572182574,30027.433112716397,30036.312509248037,871
2022-03-02 17:21:00+00:00,30036.062565858458,30051.865209524825,30033.771555527124,30035.305826316977,295
2022-03-03 01:21:00+00:00,30036.775584902043,30052.593835175558,30024.530227048774,30035.302140922242,246
2022-03-03 09:21:00+00:00,30037.87052828614,30041.57998862683,30024.93137845291,30038.073599508978,204
2022-03-03 17:21:00+00:00,30037.67397067927,30054.43621702642,30028.005288622157,30038.364433412247,871
2022-03-04 01:21:00+00:00,30037.79050202749,30044.629288228407,30033.839516169635,30037.26744628298,444
2022-03-04 09:21:00+00:00,30038.369340378897,30058.122323486266,30020.002824243762,30036.479216871998,169
2022-03-04 17:21:00+00:00,30037.62768380689,30037.734868648004,30021.858261747988,30036.799832713834,742
2022-03-05 01:21:00+00:00,30036.554290743043,30055.960097029012,30026.53799413833,30037.671273567124,691
2022-03-05 09:21:00+00:00,30035.060747799842,30048.692941545974,30030.66095306456,30032.641609665752,544
2022-03-05 17:21:00+00:00,30035.282237780095,30037.53305525286,30019.813332250837,30033.530871000974,745
2022-03-06 01:21:00+00:00,30035.26846596355,30047.31831399321,30020.39548262116,30035.42862713028,930
2022-03-06 09:21:00+00:00,30035.51461158813,30044.284220692676,30015.534361654572,30034.819354399107,321
2022-03-06 17:21:00+00:00,30035.566805901188,30048.195460946445,30027.419385962152,30035.893952580143,335
2022-03-07 01:21:00+00:00,30036.22514559696,30040.840521568512,30034.298384411355,30035.95505319678,738
2022-03-07 09:21:00+00:00,30036.079088961676,30036.578898758115,30026.469107197394,30034.88956073151,620
2022-03-07 17:21:00+00:00,30035.397071619143,30038.321195638655,30015.60749881277,30035.616870676924,640
2022-03-08 01:21:00+00:00,30035.450694562922,30048.539791999392,30033.828813754877,30033.448933000418,552
2022-03-08 09:21:00+00:00,30034.59918576222,30047.855858258994,30018.7492851594,30035.131546037464,844
2022-03-08 17:21:00+00:00,30035.212321123126,30049.103549801905,30015.735983426326,30034.15585205337,220
2022-03-09 01:21:00+00:00,30035.977125963247,30038.54924107923,30019.672660363256,30035.267241383655,511
2022-03-09 09:21:00+00:00,30034.681514376174,30036.271187555667,30034.61558221778,30034.0428191725,940
2022-03-09 17:21:00+00:00,30032.999093285445,30052.674500092846,30024.32411814284,30031.396531859984,607
2022-03-10 01:21:00+00:00,30033.03985356033,30043.713467941685,30031.14556842162,30033.313685039167,204
2022-03-10 09:21:00+00:00,30033.01149169742,30033.918683768803,30032.41991131172,30033.91218102009,812
2022-03-10 17:21:00+00:00,30032.319495545606,30047.61510607151,30022.572596404178,30032.067702631415,744
2022-03-11 01:21:00+00:00,30031.512573434273,30032.230461396164,30030.282207067245,30031.396661764866,112
2022-03-11 09:21:00+00:00,30031.11177556137,30041.685270419504,30011.46856941592,30031.30893155708,606
2022-03-11 17:21:00+00:00,30030.504415964966,30034.12553621007,30016.540700562207,30030.052953830804,561
2022-03-12 01:21:00+00:00,30029.783539612243,30038.397487927577,30014.15152654345,30030.3887305066,202
2022-03-12 09:21:00+00:00,30028.36215941137,30042.139694889585,30012.1219546796,30027.40333390993,641
2022-03-12 17:21:00+00:00,30028.291072683118,30037.27967968679,30013.865345130132,30027.183544817468,689
2022-03-13 01:21:00+00:00,30027.930903457953,30034.071121015404,30008.516327641497,30027.795529761304,161
2022-03-13 09:21:00+00:00,30028.209792354715,30031.83721796424,30017.850971481846,30028.433354018252,762
2022-03-13 17:21:00+00:00,30029.112784327142,30033.716152917812,30012.675238417585,30030.070576548354,365
2022-03-14 01:21:00+00:00,30028.958237440416,30042.619770796915,30017.53696509886,30030.073054711134,198
2022-03-14 09:21:00+00:00,30030.07367151784,30040.003524515112,30014.48294942404,30030.41554943382,232
2022-03-14 17:21:00+00:00,30029.589671472473,30033.292674078933,30019.80992898197,30028.677969486573,417
2022-03-15 01:21:00+00:00,30030.991080296615,30045.54099055631,30017.26599388125,30030.93030270576,774
2022-03-15 09:21:00+00:00,30030.34490088746,30042.642259482607,30028.10173748369,30030.099141972903,716
2022-03-15 17:21:00+00:00,30028.822318281884,30045.101039667687,30021.028392400276,30027.576028475643,337
2022-03-16 01:21:00+00:00,30028.749099703746,30040.00218425263,30012.557653532556,30028.519704898008,340
2022-03-16 09:21:00+00:00,30027.73764126583,30033.129391207574,30024.138031917453,30026.537776726153,866
2022-03-16 17:21:00+00:00,30026.673394616795,30041.72860787193,30014.602339157973,30027.660924479704,730
2022-03-17 01:21:00+00:00,30027.174430958985,30041.09718405896,30021.6952827931,30026.92431292187,534
2022-03-17 09:21:00+00:00,30028.512254946232,30047.292125920718,30010.945600695188,30028.653209247215,606
2022-03-17 17:21:00+00:00,30028.382977077086,30043.116249385897,30016.644218947455,30027.880413851,661
2022-03-18 01:21:00+00:00,30027.12234082276,30034.11216570514,30026.51186459853,30026.292062788336,851
2022-03-18 09:21:00+00:00,30027.329056020197,30046.02208899382,30009.145395341136,30029.62834291358,643
2022-03-18 17:21:00+00:00,30026.505674786396,30037.887345949974,30023.03637708207,30025.500099384564,303
2022-03-19 01:21:00+00:00,30027.562171069614,30031.83159132402,30023.586739308088,30027.51085447152,465
2022-03-19 09:21:00+00:00,30026.30041359428,30030.011093663357,30020.09379131583,30026.441773056387,407
2022-03-19 17:21:00+00:00,30026.84766117884,30028.373381766974,30021.341466272228,30025.76821041619,835
2022-03-20 01:21:00+00:00,30026.00059450063,30039.774139882833,30015.66738935859,30026.350854169876,985
2022-03-20 09:21:00+00:00,30026.13250910776,30041.3652655679,30025.16334119369,30026.715219314912,381
2022-03-20 17:21:00+00:00,30026.211635807023,30039.980023955068,30018.576792052056,30026.985291564426,827
2022-03-21 01:21:00+00:00,30025.62623891216,30034.276534758243,30006.34507792874,30026.66468669535,157
2022-03-21 09:21:00+00:00,30026.118523987952,30027.439015330994,30019.125121739602,30026.801481379363,130
2022-03-21 17:21:00+00:00,30025.94953852922,30027.751720606255,30015.07648435347,30026.38177725879,491
2022-03-22 01:21:00+00:00,30025.802741149906,30038.05411400726,30010.48327491604,30027.193858408573,294
2022-03-22 09:21:00+00:00,30024.637912904036,30033.410346882953,30016.540717546915,30024.70907172993,396
2022-03-22 17:21:00+00:00,30025.591586723942,30041.371005795456,30013.56068650038,30024.994924778533,259
2022-03-23 01:21:00+00:00,30025.26020418041,30029.445312101834,30010.2898264556,30025.895164746027,890
2022-03-23 09:21:00+00:00,30023.757373213117,30028.93236908119,30013.66979325255,30025.468827935216,666
2022-03-23 17:21:00+00:00,30024.17854896648,30033.01293725712,30019.952842304112,30023.08507213351,618
2022-03-24 01:21:00+00:00,30024.906667692463,30032.7783436017,30015.921190835335,30026.20504963069,660
2022-03-24 09:21:00+00:00,30024.215175359623,30035.957719034493,30006.854946128613,30023.971591071313,675
2022-03-24 17:21:00+00:00,30023.723562714156,30041.714888049442,30021.81747663267,30021.64782641735,244
2022-03-25 01:21:00+00:00,30023.906259437746,30039.274415045475,30020.555970493377,30022.802675051775,974
2022-03-25 09:21:00+00:00,30023.26300368226,30023.401151226746,30018.42887689952,30023.03748313496,866
2022-03-25 17:21:00+00:00,30021.70290138601,30039.21469036866,30020.880517617574,30022.38064053661,531
2022-03-26 01:21:00+00:00,30019.931610772215,30035.745761174127,30018.329567145756,30019.13758105121,200
2022-03-26 09:21:00+00:00,30021.457443178795,30037.813094923935,30003.270416810687,30024.908378647702,591
2022-03-26 17:21:00+00:00,30020.97249884096,30037.124928465062,30005.728202415143,30021.275539701976,214
2022-03-27 01:21:00+00:00,30021.468918538674,30038.82026363312,30021.07986583969,30021.498049438906,278
2022-03-27 09:21:00+00:00,30021.03317760563,30032.671008886606,30015.021866415267,30021.48488188487,108
2022-03-27 17:21:00+00:00,30021.17200760865,30036.134625952574,30005.845606591873,30021.02948716577,817
2022-03-28 01:21:00+00:00,30020.022520784463,30034.586812408445,30011.715097708748,30018.787751287768,132
2022-03-28 09:21:00+00:00,30017.700915919315,30027.727407243445,30010.417207696315,30017.264159895236,664
2022-03-28 17:21:00+00:00,30016.774203862053,30029.631699796773,30014.32591371217,30017.45033289046,949
2022-03-29 01:21:00+00:00,30016.291040033986,30021.629670896873,30011.71580939983,30016.671374624442,102
2022-03-29 09:21:00+00:00,30017.722957725895,30036.649101391136,30003.803597337144,30017.73460452706,579
2022-03-29 17:21:00+00:00,30016.96648382797,30023.51246558442,30015.810251194478,30016.631421746493,817
2022-03-30 01:21:00+00:00,30017.536026464564,30030.30236734583,30004.957438509733,30017.592683004274,730
2022-03-30 09:21:00+00:00,30018.090023767076,30022.16868604661,30007.526159717523,30019.52714951699,996
2022-03-30 17:21:00+00:00,30016.894504626598,30018.540905315032,30015.87097736928,30015.77292015759,705
2022-03-31 01:21:00+00:00,30016.83178054281,30036.48691416575,30013.97127794906,30016.825261808863,854
2022-03-31 09:21:00+00:00,30015.493787182888,30034.715352730553,29997.083960437674,30017.365123827934,483
2022-03-31 17:21:00+00:00,30015.306336061847,30022.787720644967,30006.668050243832,30015.328733243747,350
2022-04-01 01:21:00+00:00,30016.302817036983,30028.814503892074,30000.750360665417,30014.33623856548,683
2022-04-01 09:21:00+00:00,30015.780928010237,30023.6626626035,30014.654235003258,30015.80690778396,842
2022-04-01 17:21:00+00:00,30015.92231022034,30022.462502452287,30009.333968634302,30016.293561954815,644
2022-04-02 01:21:00+00:00,30017.263913570783,30028.86730108238,30016.29747963809,30017.288461809923,192
2022-04-02 09:21:00+00:00,30017.601945097955,30026.45251172094,30017.175051642495,30018.110610470612,764
2022-04-02 17:21:00+00:00,30017.732559445558,30035.018746949798,30016.447852578814,30016.55991234526,896
2022-04-03 01:21:00+00:00,30016.348464957628,30021.37947252056,30003.57035675128,30015.179581241922,813
2022-04-03 09:21:00+00:00,30015.61231697102,30026.519649540238,30003.75252553728,30014.57440116701,446
2022-04-03 17:21:00+00:00,30015.265440875333,30020.17623953793,30006.643915850254,30012.960466827673,189
2022-04-04 01:21:00+00:00,30014.705588229575,30030.84310166138,30005.660169420782,30013.93813583293,215
2022-04-04 09:21:00+00:00,30016.041352670793,30017.960349309764,29997.038659951526,30016.64420462077,431
2022-04-04 17:21:00+00:00,30016.377004547136,30026.75075009341,29998.30700866932,30016.5344308407,491
2022-04-05 01:21:00+00:00,30018.646695301748,30024.159113532984,30004.742612415776,30019.809916561557,699
2022-04-05 09:21:00+00:00,30019.678799483063,30029.953489377203,30014.003243717823,30019.33815447869,225
2022-04-05 17:21:00+00:00,30019.419907194435,30022.05826476809,30015.63559115788,30018.77743118444,777
2022-04-06 01:21:00+00:00,30019.474603190818,30026.788120500165,30015.668821234645,30016.748534765662,485
2022-04-06 09:21:00+00:00,30019.62957430696,30026.621047989236,30005.16210057493,30021.01289661216,213
2022-04-06 17:21:00+00:00,30019.28605418017,30023.632022285747,30012.555105773234,30021.020501885298,630
2022-04-07 01:21:00+00:00,30021.02829718271,30035.797724277654,30015.44339648747,30018.182787088706,353
2022-04-07 09:21:00+00:00,30018.98380669183,30037.695913888474,30016.106296602913,30019.201432682497,510
2022-04-07 17:21:00+00:00,30018.436952865846,30029.83382570832,30006.051560943117,30019.011435231303,286
2022-04-08 01:21:00+00:00,30016.16706744642,30018.56254897471,30004.25578201762,30016.059479922176,180
2022-04-08 09:21:00+00:00,30016.101263003005,30018.623915233922,30013.073076474015,30015.715059933154,197
2022-04-08 17:21:00+00:00,30016.29564691951,30034.956128445032,30013.444496926102,30015.41685240509,905
2022-04-09 01:21:00+00:00,30016.28498039981,30034.648182811125,30003.91511584856,30017.183370226066,473
2022-04-09 09:21:00+00:00,30016.88196993626,30027.15483649658,30009.647271652073,30018.302574475605,907
2022-04-09 17:21:00+00:00,30018.08891747899,30030.30671108774,30002.11363432325,30018.79060782794,479
2022-04-10 01:21:00+00:00,30020.308226466444,30035.716019934767,30010.58435585678,30019.878556029173,409
2022-04-10 09:21:00+00:00,30019.90136089995,30025.405991604028,30006.57047929851,30018.910409920223,364
2022-04-10 17:21:00+00:00,30018.81103362252,30026.369638223532,29998.967424460177,30018.41362788299,385
2022-04-11 01:21:00+00:00,30017.823657794463,30024.700186003505,30000.97791894642,30017.75810325105,361
2022-04-11 09:21:00+00:00,30019.42930150735,30026.551903468728,30016.153542521643,30019.820652524457,669
2022-04-11 17:21:00+00:00,30019.210444529308,30034.93727122304,30006.43663909173,30018.746552726338,889
2022-04-12 01:21:00+00:00,30019.96268527815,30020.961962875903,30004.126050079794,30021.244396921753,666
2022-04-12 09:21:00+00:00,30020.104590303672,30024.25949607069,30012.53613003173,30018.616463211813,590
2022-04-12 17:21:00+00:00,30020.502574287046,30039.853144913235,30018.36810119357,30020.194819018154,414
2022-04-13 01:21:00+00:00,30021.846689529593,30023.124398118274,30002.94811530688,30022.157909721518,270
2022-04-13 09:21:00+00:00,30022.857415334096,30034.789002260495,30018.185986532604,30022.827552971376,395
2022-04-13 17:21:00+00:00,30023.68720965909,30025.60973354983,30022.024928845665,30022.766097532192,542
2022-04-14 01:21:00+00:00,30023.172986279664,30033.16196517397,30003.42013447152,30022.195024667548,303
2022-04-14 09:21:00+00:00,30022.0255841325,30039.219103553874,30016.625842109013,30019.7311114066,410
2022-04-14 17:21:00+00:00,30022.760529338633,30037.450065839213,30009.749316365705,30024.590458651055,805
2022-04-15 01:21:00+00:00,30020.141323344287,30034.513262361437,30000.52740333057,30019.765258479114,700
2022-04-15 09:21:00+00:00,30020.963574901845,30025.269085284694,30016.691302803618,30019.32915215246,726
2022-04-15 17:21:00+00:00,30020.7214196368,30033.714582252836,30007.25030661337,30022.098621209454,676
2022-04-16 01:21:00+00:00,30019.69565786355,30022.150117327343,30012.612394549455,30020.016252763173,432
2022-04-16 09:21:00+00:00,30019.614674016462,30035.064985953548,30004.458962581768,30020.001645724755,331
2022-04-16 17:21:00+00:00,30018.52337131624,30029.430122175447,30003.116926972332,30018.495258634233,917
2022-04-17 01:21:00+00:00,30017.559329132735,30023.954749045984,30017.51653919675,30016.838164699442,535
2022-04-17 09:21:00+00:00,30018.41547487135,30035.24188043277,30005.679780343646,30018.493446056553,502
2022-04-17 17:21:00+00:00,30017.103412064826,30028.05450236235,30002.389294305238,30017.87694446329,877
2022-04-18 01:21:00+00:00,30019.295797643288,30033.02884448521,30010.523150361547,30020.822887824183,906
2022-04-18 09:21:00+00:00,30019.625407623073,30026.45836744006,30008.152709958216,30020.316577302976,213
2022-04-18 17:21:00+00:00,30021.006293476537,30038.54276906401,30020.42698807787,30019.662055110388,699
2022-04-19 01:21:00+00:00,30021.868496323772,30030.109743027417,30002.217684256637,30021.886992619075,594
2022-04-19 09:21:00+00:00,30020.462050308415,30025.694870929885,30020.216260762685,30020.8625187451,892
2022-04-19 17:21:00+00:00,30021.721632182183,30037.632299892248,30007.48236175475,30022.926211225404,426
2022-04-20 01:21:00+00:00,30021.516359540718,30038.38512246809,30017.216322224627,30020.37303855691,247
2022-04-20 09:21:00+00:00,30023.33135622491,30033.30630438055,30020.641666336272,30023.732290592954,913
2022-04-20 17:21:00+00:00,30023.692247432613,30024.3466371186,30015.74469985621,30024.117845255165,215
2022-04-21 01:21:00+00:00,30024.52976797335,30024.820680233875,30018.79884798196,30023.05915595057,830
2022-04-21 09:21:00+00:00,30023.910811229496,30024.15069814046,30011.7035349564,30024.4463846828,920
2022-04-21 17:21:00+00:00,30022.42227249691,30023.457883125237,30013.757787627706,30020.761810358137,304
2022-04-22 01:21:00+00:00,30022.561654755787,30026.62128331483,30013.09535591969,30023.448570102424,720
2022-04-22 09:21:00+00:00,30022.56332390885,30023.679651529117,30014.493658479973,30021.385126384645,872
2022-04-22 17:21:00+00:00,30022.235233701438,30027.567998628903,30017.653991061256,30021.472301139107,365
2022-04-23 01:21:00+00:00,30021.596454785962,30034.30752648376,30015.712970235334,30023.73485310705,438
2022-04-23 09:21:00+00:00,30020.611117021894,30033.190656825776,30005.76593813097,30022.53771352567,360
2022-04-23 17:21:00+00:00,30020.47288610003,30039.73241323507,30005.959314868498,30021.85469490591,611
2022-04-24 01:21:00+00:00,30021.093983462597,30037.622821945795,30008.12531785525,30019.898245391792,751
2022-04-24 09:21:00+00:00,30023.37976352877,30035.472162566977,30004.077820464387,30022.184955700966,297
2022-04-24 17:21:00+00:00,30023.552952714046,30042.15630950047,30023.15381643439,30024.53322625139,876
2022-04-25 01:21:00+00:00,30023.03898490522,30030.517967546162,30021.73594450536,30024.244792136375,569
2022-04-25 09:21:00+00:00,30021.369765200907,30033.010176618314,30009.36402891746,30022.23072702655,938
2022-04-25 17:21:00+00:00,30020.445020747033,30034.87989033163,30011.422761890026,30021.83583358433,672
2022-04-26 01:21:00+00:00,30020.80370197462,30037.7032102217,30008.775339306238,30019.538798197795,400
2022-04-26 09:21:00+00:00,30020.310397286023,30034.81805267244,30002.626323675384,30019.403952961133,747
2022-04-26 17:21:00+00:00,30019.568563324246,30036.065719971793,30018.392999230902,30020.0369403501,228
2022-04-27 01:21:00+00:00,30019.08492280563,30021.501608290175,30007.495548070823,30018.308783466167,473
2022-04-27 09:21:00+00:00,30018.818527068655,30023.874928603855,30004.578893566944,30019.060325694376,975
2022-04-27 17:21:00+00:00,30017.51149201805,30023.54391629351,30007.311003235827,30017.918539448045,648
2022-04-28 01:21:00+00:00,30016.36806725113,30024.531993048455,29997.29328403701,30016.523156950774,518
2022-04-28 09:21:00+00:00,30016.745897174384,30031.757849753012,29997.67527018156,30016.821844322,500
2022-04-28 17:21:00+00:00,30018.469360827294,30020.745300389324,30005.628945725726,30018.450685144453,747
2022-04-29 01:21:00+00:00,30018.661379346653,30021.67722899304,30009.557255016905,30017.552851649147,469
2022-04-29 09:21:00+00:00,30018.790205934,30026.541823290565,30005.022015930575,30018.531852300905,981
2022-04-29 17:21:00+00:00,30018.27114668084,30019.910746984642,30008.05439620773,30018.464852972884,983
2022-04-30 01:21:00+00:00,30017.635108604107,30031.164942369844,30001.41987170179,30017.830089467032,444
2022-04-30 09:21:00+00:00,30017.929232705155,30032.59056538606,30009.334327742694,30017.01187672358,488
2022-04-30 17:21:00+00:00,30017.67367362097,30033.97273792494,30001.274003802453,30016.70400357719,487
2022-05-01 01:21:00+00:00,30017.60285793555,30036.61492149086,30014.488306789972,30017.30578589737,726
2022-05-01 09:21:00+00:00,30018.870520697794,30033.01387281608,30003.304659117184,30018.351474655276,423
2022-05-01 17:21:00+00:00,30016.392027473874,30026.60596754273,30009.2362095899,30016.1151895422,844
2022-05-02 01:21:00+00:00,30017.036758479033,30021.89278744652,29997.537988352033,30015.054053072352,606
2022-05-02 09:21:00+00:00,30016.559786171892,30026.07719300229,30013.714374382154,30013.969962983094,471
2022-05-02 17:21:00+00:00,30016.160768003832,30031.186236971505,30003.86648776319,30015.089926231023,253
2022-05-03 01:21:00+00:00,30016.914795723158,30030.676354953117,30006.073854678198,30015.92206686523,790
2022-05-03 09:21:00+00:00,30017.935583781255,30034.948003073925,30008.345689801496,30019.566949718577,705
2022-05-03 17:21:00+00:00,30016.738826529836,30018.56915450868,29996.880293375285,30017.83038842949,679
2022-05-04 01:21:00+00:00,30017.2878333777,30026.914166666986,30008.50276706922,30018.75430520885,409
2022-05-04 09:21:00+00:00,30015.778346362426,30020.461124610538,30000.11780482152,30016.106846711486,301
2022-05-04 17:21:00+00:00,30016.532143793505,30028.614756502964,30006.208994223114,30015.56027086437,666
2022-05-05 01:21:00+00:00,30015.777854787026,30018.84581799982,30004.729949463177,30016.311533599808,311
2022-05-05 09:21:00+00:00,30016.003561198242,30020.151121017323,30013.966935582426,30016.042478650088,103
2022-05-05 17:21:00+00:00,30016.980587470873,30020.883492629317,30008.573034403176,30018.11067113522,200
2022-05-06 01:21:00+00:00,30015.486513626867,30028.98570627258,30000.43475878994,30014.645949453807,207
2022-05-06 09:21:00+00:00,30014.63928183746,30029.063694878176,30009.170641266373,30016.29503188534,297
2022-05-06 17:21:00+00:00,30012.534418744322,30018.047715524906,30000.530695973055,30012.641293473604,594
2022-05-07 01:21:00+00:00,30013.443349006546,30020.17526867968,29995.43396873862,30013.9460602936,576
2022-05-07 09:21:00+00:00,30013.68058359324,30032.96109537758,30004.1219281264,30013.098416703266,733
2022-05-07 17:21:00+00:00,30015.189983897017,30032.619816635357,30000.999059087233,30014.48695945136,452
2022-05-08 01:21:00+00:00,30016.171002644245,30019.286454024797,30012.93656743834,30017.737599290784,407
2022-05-08 09:21:00+00:00,30015.66897754062,30027.31286134152,30009.63328696991,30015.786686177256,847
2022-05-08 17:21:00+00:00,30014.40154454319,30014.659040549162,30004.985444434795,30012.674536470466,379
2022-05-09 01:21:00+00:00,30015.09125569095,30017.58007222508,30014.13334643373,30015.167049233623,134
2022-05-09 09:21:00+00:00,30014.976596219552,30018.31493342989,29997.620893389063,30013.991635908293,495
2022-05-09 17:21:00+00:00,30016.814476898227,30034.419112647094,30016.16503007034,30017.332482291044,484
2022-05-10 01:21:00+00:00,30018.52010763562,30033.53606717515,30005.420169165107,30018.768563846166,937
2022-05-10 09:21:00+00:00,30018.24412705907,30033.96278759955,30002.237221751075,30016.99448389909,866
2022-05-10 17:21:00+00:00,30016.939968818264,30036.489334425478,30000.156278625414,30015.877234670606,819
2022-05-11 01:21:00+00:00,30015.049173438918,30028.76440812032,30006.25193308574,30013.450166567487,989
2022-05-11 09:21:00+00:00,30014.710889911472,30028.333542987217,30013.917475927756,30014.068450499344,965
2022-05-11 17:21:00+00:00,30014.21313712356,30015.31629229577,30012.020060192033,30014.117526467617,930
2022-05-12 01:21:00+00:00,30015.165730620323,30021.319228004977,30011.97322436555,30016.1465792456,294
2022-05-12 09:21:00+00:00,30014.302954496998,30025.987966713452,29995.12731794777,30012.151527309477,133
2022-05-12 17:21:00+00:00,30012.388307740184,30021.488013279082,29999.99198067054,30012.515358420813,241
2022-05-13 01:21:00+00:00,30010.576931499494,30015.16657112199,30002.27668634902,30010.650787021073,914
2022-05-13 09:21:00+00:00,30010.90477770421,30027.529220746907,30004.61152404773,30009.562488134514,938
2022-05-13 17:21:00+00:00,30011.839057415382,30020.13561313937,29992.622039397873,30010.710827893756,895
2022-05-14 01:21:00+00:00,30011.50244455143,30014.001855827046,30001.098503917226,30012.20738335505,747
2022-05-14 09:21:00+00:00,30010.54729549918,30021.88750279725,29995.95828619104,30010.017108561202,786
2022-05-14 17:21:00+00:00,30011.93467274097,30021.93061957734,29994.453378803755,30011.449955058764,253
2022-05-15 01:21:00+00:00,30012.755089128663,30018.728708234492,30000.632188429776,30013.739962516636,369
2022-05-15 09:21:00+00:00,30011.734877424424,30026.65160314896,29991.949402651935,30011.393104565497,403
2022-05-15 17:21:00+00:00,30012.75532468382,30017.280743138836,29995.269636850717,30012.53539764457,668
2022-05-16 01:21:00+00:00,30013.39364917241,30030.85664367138,29993.883055381437,30013.668100581184,780
2022-05-16 09:21:00+00:00,30013.9538331137,30028.25507155927,30000.91547223772,30015.68022528007,226
2022-05-16 17:21:00+00:00,30014.029892069047,30020.299534317215,29997.103245632974,30015.84015011605,851
2022-05-17 01:21:00+00:00,30015.64501766691,30025.748198490786,30010.60305329185,30014.141915404824,423
2022-05-17 09:21:00+00:00,30015.97417843217,30028.991768243202,30014.83154587662,30018.764197259985,930
2022-05-17 17:21:00+00:00,30015.514363628386,30035.226944958016,30013.229148899332,30015.87584388535,954
2022-05-18 01:21:00+00:00,30013.55819392303,30013.887093903566,30010.918903104623,30012.96050039037,426
2022-05-18 09:21:00+00:00,30012.81587590469,30015.51086299813,30008.997402220062,30013.406720158106,376
2022-05-18 17:21:00+00:00,30013.66482639204,30028.409163427317,30002.491314390747,30012.401703518193,520
2022-05-19 01:21:00+00:00,30013.14812165873,30029.14576536864,30006.82918425939,30012.00486059317,787
2022-05-19 09:21:00+00:00,30014.62288967536,30017.993539737192,29999.29795581586,30014.91668466706,447
2022-05-19 17:21:00+00:00,30013.256019777447,30026.500147166,30002.837844754427,30012.576182609155,671
2022-05-20 01:21:00+00:00,30013.69613652246,30019.399312454327,29997.977085657803,30014.291417545173,124
2022-05-20 09:21:00+00:00,30014.05503005174,30024.590959569534,30005.238226930007,30014.56506146806,763
2022-05-20 17:21:00+00:00,30013.845410324375,30020.92333591033,30000.033477508077,30012.471038472388,945
2022-05-21 01:21:00+00:00,30013.682836077613,30019.337362912287,30003.623670218352,30011.810906231112,904
2022-05-21 09:21:00+00:00,30012.911862937864,30026.72476740302,30002.333818061474,30013.392286854843,154
2022-05-21 17:21:00+00:00,30012.444555552935,30030.518960604204,29996.60352534144,30011.387770666828,719
2022-05-22 01:21:00+00:00,30012.403477005297,30030.36411561434,30006.18658535487,30012.151561658422,444
2022-05-22 09:21:00+00:00,30013.702747199983,30024.90354960374,30007.166897628853,30013.785026716298,639
2022-05-22 17:21:00+00:00,30013.047159689246,30017.285528026896,29994.508796056,30012.71968736589,967
2022-05-23 01:21:00+00:00,30012.109653826228,30021.03163825399,30010.9243843524,30010.55137440872,580
2022-05-23 09:21:00+00:00,30011.4538875613,30018.610316418304,30007.299745551238,30012.31404756027,448
2022-05-23 17:21:00+00:00,30011.432883415386,30030.58598966353,29992.358654296335,30010.48410302603,600
2022-05-24 01:21:00+00:00,30012.408488556383,30031.368047237404,30010.906745188033,30013.29468964746,888
2022-05-24 09:21:00+00:00,30012.633701936702,30016.89406118596,30002.229327789897,30012.811798024977,980
2022-05-24 17:21:00+00:00,30012.64391540013,30029.83224288563,30002.67507328376,30012.60118478393,862
2022-05-25 01:21:00+00:00,30014.080343362784,30020.496544824553,29997.16779072621,30013.41193159846,919
2022-05-25 09:21:00+00:00,30013.457645605544,30021.772814627966,30012.915589631186,30014.11775995292,749
2022-05-25 17:21:00+00:00,30016.04732068933,30033.16193189533,29999.752209283182,30016.322294963735,151
2022-05-26 01:21:00+00:00,30018.134350622764,30023.47912432803,30008.041766534723,30019.502282610007,733
2022-05-26 09:21:00+00:00,30017.12256177405,30019.123318836144,30012.263315079566,30016.073676087803,232
2022-05-26 17:21:00+00:00,30017.914333030367,30030.332154193613,30009.77306225946,30016.86620801237,501
2022-05-27 01:21:00+00:00,30016.359553803442,30025.720606343075,30007.604245994553,30016.205587302473,505
2022-05-27 09:21:00+00:00,30015.793648008646,30023.344653000328,30003.44643882504,30015.332584047803,641
2022-05-27 17:21:00+00:00,30015.857655924705,30027.599662213153,30004.59129895155,30013.84740751321,284
2022-05-28 01:21:00+00:00,30015.434881005156,30035.297869000067,30010.39346466662,30015.801620233786,619
2022-05-28 09:21:00+00:00,30013.183453902802,30023.928093419912,30005.790887995587,30014.124749987273,676
2022-05-28 17:21:00+00:00,30012.886962376233,30028.626169823638,30004.97926469297,30012.113272635375,416
2022-05-29 01:21:00+00:00,30013.62221294479,30032.39859674453,30005.19930192141,30012.439006086035,576
2022-05-29 09:21:00+00:00,30015.330324569608,30016.38600617333,30007.092738329473,30014.463915408964,413
2022-05-29 17:21:00+00:00,30016.101843198245,30019.441259004456,30009.365880168687,30016.65754312012,190
2022-05-30 01:21:00+00:00,30015.764145019417,30025.80778185628,29995.922034845258,30015.47583074565,489
2022-05-30 09:21:00+00:00,30017.24389394902,30017.789875505183,30010.51286600396,30017.053200562546,337
2022-05-30 17:21:00+00:00,30016.915521436953,30031.18941464119,30015.32971648721,30017.084577684334,358
2022-05-31 01:21:00+00:00,30016.820719372,30036.39039505557,30005.987625898928,30017.875795995616,669
2022-05-31 09:21:00+00:00,30018.23981437567,30035.588272057983,30008.703591022324,30018.647571799946,526
2022-05-31 17:21:00+00:00,30019.100921121557,30032.42667188722,30014.59661118174,30020.19105998972,134
2022-06-01 01:21:00+00:00,30018.736769283212,30028.738466007097,30018.543748323347,30018.091672819563,692
2022-06-01 09:21:00+00:00,30020.292242767777,30029.161270033914,30011.43131813509,30020.6328045859,758
2022-06-01 17:21:00+00:00,30019.489666906895,30030.696912044514,30005.055783550244,30017.109837540975,147
2022-06-02 01:21:00+00:00,30019.49859328559,30022.818950794994,30006.893865929127,30019.787777968988,581
2022-06-02 09:21:00+00:00,30017.498687926793,30025.15637267447,30005.739150143974,30018.25107489427,431
2022-06-02 17:21:00+00:00,30019.409109271422,30020.9995258737,30014.950352106684,30019.202479682754,337
2022-06-03 01:21:00+00:00,30018.690067004223,30038.167676385096,30000.229529593435,30017.97966754181,593
2022-06-03 09:21:00+00:00,30019.755499708557,30033.211297513713,30004.106995070837,30020.641196251014,278
2022-06-03 17:21:00+00:00,30019.468052265616,30035.31829561047,30009.755326626975,30020.653659955613,319
2022-06-04 01:21:00+00:00,30019.545864094296,30027.905076759635,30012.833646439027,30019.93642759898,443
2022-06-04 09:21:00+00:00,30020.484995519862,30022.351387049595,30017.8498373807,30020.46439866576,617
2022-06-04 17:21:00+00:00,30018.961144765748,30033.859607505452,30017.237615398677,30019.166074331544,604
2022-06-05 01:21:00+00:00,30018.78230134412,30026.53214988129,30009.314977864316,30017.383664103054,783
2022-06-05 09:21:00+00:00,30019.03454305825,30023.35987039035,30013.24285649249,30019.551292165084,924
2022-06-05 17:21:00+00:00,30018.835209911755,30034.943426801216,30010.18567180402,30019.51467777151,244
2022-06-06 01:21:00+00:00,30019.183499365834,30023.37959509917,30008.93296901633,30018.056153556532,840
2022-06-06 09:21:00+00:00,30018.556893140827,30023.593575954445,30005.18983324083,30017.115800173862,364
2022-06-06 17:21:00+00:00,30019.960337696073,30022.605799772537,30010.91084848358,30019.147347555325,603
2022-06-07 01:21:00+00:00,30020.21749844983,30021.016938132132,30019.500710712717,30020.022710225927,200
2022-06-07 09:21:00+00:00,30019.770326833263,30032.61525824013,30018.047205986924,30018.78465216483,548
2022-06-07 17:21:00+00:00,30019.512502877566,30028.582908357104,30000.509692433534,30017.484174151337,141
2022-06-08 01:21:00+00:00,30019.35545960101,30036.330865779273,30012.008562307852,30018.34839135076,569
2022-06-08 09:21:00+00:00,30020.325728630272,30030.86385580208,30011.082436785957,30019.413200406005,902
2022-06-08 17:21:00+00:00,30019.475449136422,30037.368812118293,30016.917410998758,30019.476515381903,811
2022-06-09 01:21:00+00:00,30017.99341299951,30020.272623586225,30013.66591254889,30016.487702290964,581
2022-06-09 09:21:00+00:00,30017.16483199025,30023.448111403486,30013.59497001083,30017.205473724363,146
2022-06-09 17:21:00+00:00,30019.02133605865,30029.018352591003,30014.539339435883,30019.209668879663,243
2022-06-10 01:21:00+00:00,30019.125737487484,30031.499090530684,30000.37747981967,30016.80010475544,915
2022-06-10 09:21:00+00:00,30018.73149655544,30031.711019600058,30001.12506337433,30019.28881205964,478
2022-06-10 17:21:00+00:00,30018.54824269195,30036.306504002045,30014.425580457773,30018.347661726024,199
2022-06-11 01:21:00+00:00,30018.363927594623,30029.178134250753,30016.848715473585,30018.932862659247,205
2022-06-11 09:21:00+00:00,30018.856516675132,30021.813083220208,30011.92030439327,30019.052034308916,675
2022-06-11 17:21:00+00:00,30019.784182378193,30039.211148877148,30003.83799855059,30020.560069767445,349
2022-06-12 01:21:00+00:00,30019.71042002644,30020.650566560143,30011.421509809115,30018.604749205304,896
2022-06-12 09:21:00+00:00,30020.918529948583,30038.88565560789,30007.96891696073,30020.153839477083,153
2022-06-12 17:21:00+00:00,30021.9292788864,30030.23364629204,30020.479915402317,30021.866344936312,346
2022-06-13 01:21:00+00:00,30023.43686231363,30029.678136109196,30007.30921827293,30025.613850273094,108
2022-06-13 09:21:00+00:00,30022.57028118743,30026.961610970226,30006.24507400594,30020.88639095699,469
2022-06-13 17:21:00+00:00,30021.599980540654,30032.534509466597,30008.836716692218,30022.47929180515,830
2022-06-14 01:21:00+00:00,30020.935455016464,30033.09306239373,30006.940840172392,30019.52910331036,448
2022-06-14 09:21:00+00:00,30019.976896304655,30021.913290801593,30013.266038230784,30020.94927589052,314
2022-06-14 17:21:00+00:00,30019.869290152095,30023.14192046099,30009.019940377166,30020.032791677953,854
2022-06-15 01:21:00+00:00,30019.343545019645,30023.266560874396,30002.086866705064,30018.78028866844,129
2022-06-15 09:21:00+00:00,30017.757389220278,30029.021035702994,30011.41842190106,30017.96043054552,975
2022-06-15 17:21:00+00:00,30017.642822504127,30023.920297088644,30003.602250322667,30018.206829952356,759
2022-06-16 01:21:00+00:00,30018.542841479495,30037.1701877446,29999.88158313671,30017.429040738432,437
2022-06-16 09:21:00+00:00,30018.60965815296,30021.13113226596,30001.605855787195,30018.843854188803,929
2022-06-16 17:21:00+00:00,30019.066059045035,30020.627496405097,30010.18315306998,30018.67604166483,297
2022-06-17 01:21:00+00:00,30018.503185179146,30022.754574117076,30005.784530325713,30018.625318269056,684
2022-06-17 09:21:00+00:00,30017.875792673345,30035.545405668956,30002.791943766915,30016.811824645934,554
2022-06-17 17:21:00+00:00,30018.240986613822,30030.388859431572,30010.463868008035,30019.42274090601,934
2022-06-18 01:21:00+00:00,30019.515882086125,30026.57676632381,30013.191934720224,30021.103496914413,675
2022-06-18 09:21:00+00:00,30018.95513920511,30033.94875527516,30012.81450109772,30017.340896030368,322
2022-06-18 17:21:00+00:00,30018.93494369251,30038.232844939663,30016.286488478177,30019.07908884756,605
2022-06-19 01:21:00+00:00,30019.010419601276,30032.653000813938,30018.836314347413,30016.46631173814,414
2022-06-19 09:21:00+00:00,30019.343062904743,30028.01758816037,30000.793417350207,30017.980299651306,913
2022-06-19 17:21:00+00:00,30020.59681630645,30031.17303089128,30010.792768649575,30021.29451086823,247
2022-06-20 01:21:00+00:00,30020.09008335186,30034.391354011623,30006.423341960242,30019.556067860834,501
2022-06-20 09:21:00+00:00,30020.264075463823,30032.472323157825,30013.727275626436,30019.367830270927,304
2022-06-20 17:21:00+00:00,30018.81658268714,30034.5930083791,30017.77207198846,30018.428476355653,248
2022-06-21 01:21:00+00:00,30018.762234477603,30031.997063786333,30006.981310476694,30018.19209331738,104
2022-06-21 09:21:00+00:00,30017.85300017573,30018.603644237042,30011.16076277792,30017.314291387444,201
2022-06-21 17:21:00+00:00,30018.465470305684,30036.253621993434,30003.100292529514,30017.17861441282,748
2022-06-22 01:21:00+00:00,30018.617558252736,30038.4736393474,30003.649692109462,30019.226446916444,543
2022-06-22 09:21:00+00:00,30017.572562647343,30023.124281021996,30006.38093927538,30016.732877672446,605
2022-06-22 17:21:00+00:00,30014.981525227973,30022.861662000138,30011.31249153616,30015.5791681443,885
2022-06-23 01:21:00+00:00,30016.13521524588,30028.708376845774,30005.77660613593,30015.739059232837,679
2022-06-23 09:21:00+00:00,30015.571053326537,30021.18282762462,29999.10140401083,30014.996081674228,428
2022-06-23 17:21:00+00:00,30015.10311290442,30018.040426645926,30009.050560842214,30015.187086170867,813
2022-06-24 01:21:00+00:00,30016.740750267025,30028.523574237068,30005.448684779938,30016.13447656856,552
2022-06-24 09:21:00+00:00,30016.687328646498,30025.471908811305,29999.757094278706,30015.280418978462,480
2022-06-24 17:21:00+00:00,30014.9249455138,30034.421774836213,30013.777184438244,30013.829311701957,497
2022-06-25 01:21:00+00:00,30016.173959333977,30033.04448174278,29999.373485044696,30016.780200988065,363
2022-06-25 09:21:00+00:00,30015.57839552516,30034.468051648637,30001.729932311013,30013.91020051571,968
2022-06-25 17:21:00+00:00,30017.25068729395,30034.939928067255,30004.858372104223,30017.31988592617,629
2022-06-26 01:21:00+00:00,30017.34018331708,30031.35968436648,30008.1972729731,30019.405073830538,369
2022-06-26 09:21:00+00:00,30018.69147737831,30024.68347569717,30002.396272159593,30017.48599828634,333
2022-06-26 17:21:00+00:00,30019.001216156412,30025.698660239308,30018.684843029885,30017.417666941008,695
2022-06-27 01:21:00+00:00,30019.47249395922,30029.047947860035,30015.332513655798,30018.874438127805,928
2022-06-27 09:21:00+00:00,30020.132754185797,30028.75899218766,30008.6296056455,30020.620630866077,547
2022-06-27 17:21:00+00:00,30018.317345693034,30031.277328747554,30005.98740316309,30018.722328882912,739
2022-06-28 01:21:00+00:00,30019.46684071934,30022.855740509705,30003.83106937155,30019.289610249285,116
2022-06-28 09:21:00+00:00,30019.938541822783,30023.6242320129,30002.427574851816,30019.730383530205,280
2022-06-28 17:21:00+00:00,30021.01640759562,30034.019032763736,30007.16600350411,30021.908880724222,542
2022-06-29 01:21:00+00:00,30019.917967996793,30023.49876937183,30017.596387286274,30018.518091720427,623
2022-06-29 09:21:00+00:00,30019.487533385065,30024.700780220155,30002.07916588506,30019.17337296918,580
2022-06-29 17:21:00+00:00,30020.71002983729,30029.641544657465,30011.106895904242,30020.308992804945,605
2022-06-30 01:21:00+00:00,30020.987226556437,30035.671010960712,30005.45780269174,30019.337497220324,714
2022-06-30 09:21:00+00:00,30020.908936544136,30031.007436999793,30003.356573656787,30019.72523253369,566
2022-06-30 17:21:00+00:00,30021.09183070044,30040.205377244303,30004.096840029426,30021.22932153259,794
2022-07-01 01:21:00+00:00,30021.623900927152,30036.1058185422,30015.3726389261,30022.063146453984,933
2022-07-01 09:21:00+00:00,30021.582613533563,30032.794054797225,30010.50184029594,30023.418455006446,717
2022-07-01 17:21:00+00:00,30019.80379371327,30029.248115487204,30002.86790695234,30019.0166781354,319
2022-07-02 01:21:00+00:00,30021.255802199452,30028.309407292287,30018.022009824173,30021.289019346845,726
2022-07-02 09:21:00+00:00,30022.770898799303,30040.11753913914,30020.989262377534,30022.727123236906,907
2022-07-02 17:21:00+00:00,30023.67138196162,30039.796860842205,30022.79475710382,30024.329198101055,776
2022-07-03 01:21:00+00:00,30024.411965426916,30032.618423827782,30019.92961882513,30023.135304980635,984
2022-07-03 09:21:00+00:00,30025.32498899961,30036.93699161921,30017.868866591823,30026.130424987274,708
2022-07-03 17:21:00+00:00,30025.482889058447,30044.909546824987,30020.285877848895,30025.494490018522,436
2022-07-04 01:21:00+00:00,30026.40886870131,30041.773950119765,30019.31372117215,30027.31710196896,199
2022-07-04 09:21:00+00:00,30027.418535776473,30042.566436074896,30018.12509585888,30025.859898571594,517
2022-07-04 17:21:00+00:00,30027.524352442157,30040.683875225663,30009.28697494992,30027.915857168602,456
2022-07-05 01:21:00+00:00,30027.1482643858,30040.805768664166,30019.031741458795,30026.67990248763,829
2022-07-05 09:21:00+00:00,30027.65972474794,30040.2733512447,30008.593140851142,30027.217885046222,660
2022-07-05 17:21:00+00:00,30027.62946625497,30038.771418657274,30014.35015311249,30027.222785828035,146
2022-07-06 01:21:00+00:00,30028.65616199415,30036.40474495436,30021.505096433946,30027.47310192221,892
2022-07-06 09:21:00+00:00,30029.433961216422,30048.03182126969,30013.631259543858,30030.854085076266,681
2022-07-06 17:21:00+00:00,30030.46416210884,30044.547490945773,30022.1464477564,30031.47826182702,550
2022-07-07 01:21:00+00:00,30030.0566366778,30035.19369636323,30029.73860548084,30031.502773142387,354
2022-07-07 09:21:00+00:00,30029.50717847294,30030.93100481215,30020.16019018077,30030.796829519277,188
2022-07-07 17:21:00+00:00,30029.613677980255,30048.36118246678,30013.71410004321,30030.249836697545,874
2022-07-08 01:21:00+00:00,30029.592305777445,30038.67004583367,30013.349543054526,30029.914028542888,219
2022-07-08 09:21:00+00:00,30031.972939303556,30049.712387879757,30015.09742593769,30031.16397719626,846
2022-07-08 17:21:00+00:00,30031.44358141061,30047.068293286375,30018.806964140305,30031.13100135868,214
2022-07-09 01:21:00+00:00,30031.904397802486,30048.163444536247,30026.05143121541,30032.01284011764,757
2022-07-09 09:21:00+00:00,30030.775016052445,30033.376871025364,30013.495296914778,30029.59895194039,523
2022-07-09 17:21:00+00:00,30028.393782067662,30029.00703000395,30018.42241315323,30027.095070236544,443
2022-07-10 01:21:00+00:00,30029.181619143008,30034.629535606302,30026.291059793242,30029.74645377576,330
2022-07-10 09:21:00+00:00,30028.74592798291,30030.168758224187,30016.392450239397,30029.25129218437,344
2022-07-10 17:21:00+00:00,30029.134937725958,30041.11210315846,30010.020121934096,30030.35604450266,471
2022-07-11 01:21:00+00:00,30029.570632917577,30043.692119845313,30011.199753075776,30029.89729167154,469
2022-07-11 09:21:00+00:00,30029.597785546088,30046.721813257675,30016.30007722697,30027.541741116573,671
2022-07-11 17:21:00+00:00,30030.197882686723,30045.708902115068,30025.008028027427,30030.780827810147,476
2022-07-12 01:21:00+00:00,30029.8232628336,30038.18595262729,30014.44816846526,30029.43635839373,151
2022-07-12 09:21:00+00:00,30031.489828767262,30037.42425978128,30030.500272787027,30031.99736169497,465
2022-07-12 17:21:00+00:00,30032.519881671844,30051.761063066868,30028.791983266517,30031.99682070189,542
2022-07-13 01:21:00+00:00,30032.273867698525,30044.644070127288,30030.27823732642,30032.966378017885,416
2022-07-13 09:21:00+00:00,30031.84991338831,30032.6966073853,30019.48497615717,30031.085786870834,948
2022-07-13 17:21:00+00:00,30032.25007303776,30047.960977456205,30012.85950016848,30032.0314476781,553
2022-07-14 01:21:00+00:00,30032.952367848917,30050.220467420102,30019.16781570469,30031.319667002095,146
2022-07-14 09:21:00+00:00,30031.716587755633,30046.7577878525,30023.986293355498,30031.985276362102,273
2022-07-14 17:21:00+00:00,30030.481498822683,30042.69374243702,30029.937331796387,30030.347723911695,136
2022-07-15 01:21:00+00:00,30030.753075039524,30045.30165729851,30020.691777246946,30030.179753025637,994
2022-07-15 09:21:00+00:00,30030.77907295918,30037.461631330403,30021.008370182215,30028.80641691149,441
2022-07-15 17:21:00+00:00,30029.677281587505,30047.434921481232,30019.115783527974,30029.60974229281,604
2022-07-16 01:21:00+00:00,30031.45610993873,30051.135490992823,30024.347630212953,30031.095930403953,563
2022-07-16 09:21:00+00:00,30030.3615773346,30037.324157924144,30012.42812537493,30029.241955603444,143
2022-07-16 17:21:00+00:00,30030.260352034828,30039.735540059402,30021.4571305733,30029.374786315966,602
2022-07-17 01:21:00+00:00,30030.85914346728,30045.012826460454,30027.558104985193,30030.368778257205,200
2022-07-17 09:21:00+00:00,30031.280171160546,30033.57365972684,30028.69351723593,30031.556325698668,696
2022-07-17 17:21:00+00:00,30031.107432706118,30035.006274298947,30023.360947790305,30032.315581773648,933
2022-07-18 01:21:00+00:00,30031.187936829694,30031.847564392538,30018.86348739575,30030.40180751991,409
2022-07-18 09:21:00+00:00,30032.420707502897,30036.61586459322,30013.386239890882,30031.602646356125,799
2022-07-18 17:21:00+00:00,30031.713294840454,30043.188707229965,30018.234613515953,30031.447587683793,952
2022-07-19 01:21:00+00:00,30030.88943209488,30040.51768217111,30020.07532945667,30030.393218859062,923
2022-07-19 09:21:00+00:00,30033.205085596805,30039.589665916606,30024.38540885704,30031.947937224053,317
2022-07-19 17:21:00+00:00,30033.241875344283,30040.185588097578,30015.958906186075,30032.764564878526,102
2022-07-20 01:21:00+00:00,30033.239925130874,30039.99549397699,30015.8585437063,30034.06906785988,814
2022-07-20 09:21:00+00:00,30036.265423685334,30045.348369624247,30018.360101964823,30036.144662037488,876
2022-07-20 17:21:00+00:00,30036.208888321547,30048.44461570351,30034.66697830401,30036.35517745287,994
2022-07-21 01:21:00+00:00,30036.317357580832,30045.055120863828,30031.597542649157,30037.002172784807,241
2022-07-21 09:21:00+00:00,30035.830992111776,30040.55237330123,30021.287606948998,30035.579761146975,184
2022-07-21 17:21:00+00:00,30033.955981637762,30047.99500886893,30023.4350711448,30032.897198101044,693
2022-07-22 01:21:00+00:00,30031.889290506246,30046.880233811124,30024.835710339717,30031.26497820822,398
2022-07-22 09:21:00+00:00,30032.45238754563,30040.305089396625,30015.423712146316,30033.09476820086,769
2022-07-22 17:21:00+00:00,30033.281027971894,30052.44624023921,30021.900332996276,30034.109449422038,878
2022-07-23 01:21:00+00:00,30034.264945857693,30046.65820432367,30025.60443644385,30034.40188294623,504
2022-07-23 09:21:00+00:00,30035.56187823798,30054.341959274756,30029.023217895305,30036.333744586333,864
2022-07-23 17:21:00+00:00,30037.003183361012,30040.35494840857,30019.547672868663,30035.7615158537,255
2022-07-24 01:21:00+00:00,30037.628203149874,30049.786979418674,30032.20427134753,30035.746699598738,735
2022-07-24 09:21:00+00:00,30038.010619362776,30056.910176935937,30032.040691892526,30038.626307873008,386
2022-07-24 17:21:00+00:00,30038.343798759655,30049.69220866933,30032.261865872795,30038.99700720097,478
2022-07-25 01:21:00+00:00,30038.74683244559,30049.238160083394,30037.804369741127,30038.481565300888,509
2022-07-25 09:21:00+00:00,30038.586182039737,30043.291092270632,30029.845868514447,30039.220815880224,144
2022-07-25 17:21:00+00:00,30037.79037234127,30050.5300513564,30030.348135828444,30039.106932041217,312
2022-07-26 01:21:00+00:00,30037.127260084308,30048.053456142632,30029.24812322844,30036.89271593725,659
2022-07-26 09:21:00+00:00,30036.227889143487,30043.885608067838,30021.5599478025,30036.14749596717,964
2022-07-26 17:21:00+00:00,30036.893725523914,30052.816799149776,30020.44601692951,30035.038717007967,828
2022-07-27 01:21:00+00:00,30036.163268109976,30055.582178360793,30022.127363932166,30035.147692913666,751
2022-07-27 09:21:00+00:00,30036.494033858333,30038.194075702206,30020.395807318047,30035.372837595558,113
2022-07-27 17:21:00+00:00,30035.001523975086,30044.083441290117,30022.009697655132,30035.337716928236,794
2022-07-28 01:21:00+00:00,30035.022825344953,30041.182100769012,30031.090905165376,30035.041120996062,155
2022-07-28 09:21:00+00:00,30033.52512137856,30036.636008198304,30016.297183240877,30032.925857529117,176
2022-07-28 17:21:00+00:00,30033.598876354084,30052.29067061414,30023.637371422763,30033.387052805087,239
2022-07-29 01:21:00+00:00,30034.37645992901,30038.901143507508,30018.41899335389,30035.336718943494,391
2022-07-29 09:21:00+00:00,30034.297419000373,30045.086673758447,30021.1686116553,30034.30525546136,830
2022-07-29 17:21:00+00:00,30035.529734790925,30046.77233648619,30025.80362892333,30035.91443913671,247
2022-07-30 01:21:00+00:00,30036.21028472635,30038.71767758793,30030.352050444275,30036.943182977422,772
2022-07-30 09:21:00+00:00,30036.990030383346,30041.49407313164,30022.479868085025,30037.284982250472,556
2022-07-30 17:21:00+00:00,30036.498663760332,30038.674743160896,30032.232051993782,30036.718732000507,133
2022-07-31 01:21:00+00:00,30038.031811521585,30055.26776010893,30021.283261833283,30038.773630499945,768
2022-07-31 09:21:00+00:00,30040.100550008083,30047.242424730768,30025.403013011954,30039.479571671032,176
2022-07-31 17:21:00+00:00,30040.159306102494,30057.953732113256,30039.57354981377,30038.064491645324,231
2022-08-01 01:21:00+00:00,30039.959830043466,30052.023211460335,30020.614522020096,30040.91077609831,560
2022-08-01 09:21:00+00:00,30040.787414378912,30049.13390387915,30024.712544553502,30039.426478118578,122
2022-08-01 17:21:00+00:00,30041.13236215691,30049.830246076675,30038.83788019411,30040.66830404237,530
2022-08-02 01:21:00+00:00,30041.475245378493,30042.396246036707,30035.967137381922,30042.280064241168,262
2022-08-02 09:21:00+00:00,30042.04956762593,30054.135531431908,30033.908866684218,30041.98504623505,961
2022-08-02 17:21:00+00:00,30041.78803787456,30052.204070642947,30040.501088588593,30043.69301492087,780
2022-08-03 01:21:00+00:00,30042.535816693973,30047.35946892388,30034.37437564576,30042.349090917436,312
2022-08-03 09:21:00+00:00,30042.83972098503,30051.344906763108,30040.38683317885,30042.52724571429,327
2022-08-03 17:21:00+00:00,30042.824581155193,30059.919751918493,30025.98456309639,30042.008929137974,281
2022-08-04 01:21:00+00:00,30042.05556241668,30046.831404178334,30026.11856704004,30043.677612858562,662
2022-08-04 09:21:00+00:00,30042.27927552021,30053.882085244783,30028.799255073827,30043.22739631671,560
2022-08-04 17:21:00+00:00,30041.36017554591,30049.92377987327,30023.595087570153,30041.472039083063,936
2022-08-05 01:21:00+00:00,30041.53746960166,30061.053003062003,30039.750025859285,30042.3450302214,635
2022-08-05 09:21:00+00:00,30041.07791745575,30043.07975827427,30035.992697638037,30041.838794087056,692
2022-08-05 17:21:00+00:00,30041.654930830104,30058.714860382563,30034.858946597364,30041.6114897765,852
2022-08-06 01:21:00+00:00,30041.795452560775,30050.8276498727,30030.714937956753,30041.852149046852,262
2022-08-06 09:21:00+00:00,30042.004036882052,30045.615448628585,30025.01812966969,30039.90562783669,970
2022-08-06 17:21:00+00:00,30043.27078139798,30054.258787849238,30026.012926919408,30043.090749591458,713
2022-08-07 01:21:00+00:00,30041.79407477435,30055.71434195779,30030.32874509384,30040.997762012383,414
2022-08-07 09:21:00+00:00,30042.010675354308,30044.271714592865,30024.904885357406,30040.382884547183,974
2022-08-07 17:21:00+00:00,30042.37513478192,30058.660993235357,30033.20905374935,30041.43709848428,292
2022-08-08 01:21:00+00:00,30041.480923039762,30046.776909094722,30039.6461712982,30041.915658649516,430
2022-08-08 09:21:00+00:00,30041.581948310784,30057.74198882378,30038.637276545916,30042.557681129052,462
2022-08-08 17:21:00+00:00,30041.309143973544,30059.250479044797,30037.64415735249,30041.327647277067,296
2022-08-09 01:21:00+00:00,30042.72456459806,30057.223380613985,30035.310754860566,30040.27154104807,578
2022-08-09 09:21:00+00:00,30043.104350453243,30051.027223722038,30040.547088536638,30042.976468576966,171
2022-08-09 17:21:00+00:00,30043.4028688792,30046.57465459241,30040.440104955967,30042.958904291827,163
2022-08-10 01:21:00+00:00,30043.30819507658,30050.28819292731,30029.477611709626,30042.259744986994,572
2022-08-10 09:21:00+00:00,30043.83324212537,30044.453921610704,30026.284623799078,30043.78942058109,515
2022-08-10 17:21:00+00:00,30045.547443038115,30048.309422038627,30029.628019747288,30046.052578261904,680
2022-08-11 01:21:00+00:00,30043.7327441507,30053.30813388126,30029.468137390188,30044.461686470542,894
2022-08-11 09:21:00+00:00,30042.322127688818,30058.348410679293,30042.30972183491,30042.231813376784,654
2022-08-11 17:21:00+00:00,30038.87428323435,30050.79107264753,30024.911730853433,30037.9085196354,179
2022-08-12 01:21:00+00:00,30038.175824779468,30046.233728028903,30027.2263757604,30038.970983966203,924
2022-08-12 09:21:00+00:00,30037.930044717803,30048.40362697825,30037.778241439817,30037.632662425898,490
2022-08-12 17:21:00+00:00,30038.18316452674,30053.852057418404,30034.750715860988,30039.802710351647,828
2022-08-13 01:21:00+00:00,30039.71222290962,30050.306397808683,30022.422413318192,30040.176315449116,328
2022-08-13 09:21:00+00:00,30040.715812486735,30050.486784371453,30025.562550215098,30042.416291930866,699
2022-08-13 17:21:00+00:00,30040.186504348134,30056.85573199169,30031.669185940278,30040.33005936394,860
2022-08-14 01:21:00+00:00,30038.43411458866,30045.505452581103,30027.678752604937,30037.48934896249,104
2022-08-14 09:21:00+00:00,30040.196644841668,30051.08520511701,30021.361381837865,30040.716705828796,644
2022-08-14 17:21:00+00:00,30039.910825428477,30040.296336712672,30023.539698465403,30039.632180884928,456
2022-08-15 01:21:00+00:00,30038.316754354695,30042.4209043657,30019.003702405953,30038.82157869422,764
2022-08-15 09:21:00+00:00,30039.782523728063,30044.951955453882,30026.16123058627,30038.64369712733,560
2022-08-15 17:21:00+00:00,30040.52360189451,30051.09038533261,30037.79265647504,30040.552308072827,603
2022-08-16 01:21:00+00:00,30041.738526381057,30061.713741490494,30038.459578545215,30041.477516762705,855
2022-08-16 09:21:00+00:00,30042.282180699138,30057.73773381934,30033.117776458745,30042.976521943543,410
2022-08-16 17:21:00+00:00,30042.255794211127,30044.932881767567,30034.321852043537,30041.765962986847,898
2022-08-17 01:21:00+00:00,30042.486490840933,30047.263842459368,30039.07173054492,30043.458004490498,379
2022-08-17 09:21:00+00:00,30043.36198809008,30062.601887400662,30033.967959883725,30042.180018783725,481
2022-08-17 17:21:00+00:00,30043.983438978696,30047.62430140455,30040.912172697746,30043.195423559446,158
2022-08-18 01:21:00+00:00,30042.992261609645,30044.776855596152,30026.903414429595,30043.367496229042,878
2022-08-18 09:21:00+00:00,30041.362537093246,30061.128518212303,30040.511985083547,30040.273801270647,979
2022-08-18 17:21:00+00:00,30040.603810607558,30053.615418959853,30027.124970667202,30038.69111786627,404
2022-08-19 01:21:00+00:00,30039.721097692756,30049.938139221136,30023.732949137546,30041.188015042553,416
2022-08-19 09:21:00+00:00,30040.012208535707,30048.915682712723,30025.759971554064,30041.33308735056,699
2022-08-19 17:21:00+00:00,30039.1980926848,30052.131635701135,30027.839324854485,30037.85070939389,247
2022-08-20 01:21:00+00:00,30038.832720952647,30047.346755311923,30037.84010772769,30037.21381330538,211
2022-08-20 09:21:00+00:00,30040.371208259,30046.85451484615,30026.733215087526,30040.528154818894,273
2022-08-20 17:21:00+00:00,30040.662218043188,30043.29624754452,30022.18665470893,30040.982977638396,587
2022-08-21 01:21:00+00:00,30041.48787030241,30060.91274195146,30028.700730907658,30043.10534076079,728
2022-08-21 09:21:00+00:00,30043.609554713334,30062.621550574535,30023.90418739898,30042.161700304652,833
2022-08-21 17:21:00+00:00,30043.404270898445,30052.108952331615,30029.561275375752,30041.846405255168,602
2022-08-22 01:21:00+00:00,30043.5299355751,30044.280455831187,30038.914951953255,30045.251978351018,950
2022-08-22 09:21:00+00:00,30043.81872921927,30059.487749724376,30031.341102183,30042.939603958275,863
2022-08-22 17:21:00+00:00,30044.24471560411,30047.97059111773,30036.80499743841,30044.593965640495,137
2022-08-23 01:21:00+00:00,30044.795074841677,30052.614372769964,30026.376860691984,30044.29385261377,709
2022-08-23 09:21:00+00:00,30045.695979894776,30064.86312839243,30036.78766191135,30044.836960806097,658
2022-08-23 17:21:00+00:00,30046.3077209688,30064.97576775858,30037.281538513147,30045.301740966723,546
2022-08-24 01:21:00+00:00,30047.805994783062,30061.67174566233,30036.403077858213,30047.022039405114,605
2022-08-24 09:21:00+00:00,30048.08983279989,30065.185836589506,30047.733651745235,30047.8513895583,975
2022-08-24 17:21:00+00:00,30047.37261133036,30049.964923905307,30034.75881705224,30048.30316835729,813
2022-08-25 01:21:00+00:00,30047.73750140328,30056.728754079664,30041.53553856519,30047.432641305008,833
2022-08-25 09:21:00+00:00,30047.292620872948,30051.641238577628,30027.361139219367,30046.873988067426,303
2022-08-25 17:21:00+00:00,30046.050889979037,30048.497099967874,30044.446272465397,30046.24231272847,632
2022-08-26 01:21:00+00:00,30045.562046864772,30050.623187067085,30045.441732110547,30044.723387931866,554
2022-08-26 09:21:00+00:00,30044.315517044317,30057.31821513487,30040.012264666864,30043.773671272014,783
2022-08-26 17:21:00+00:00,30043.38006596109,30063.041939622603,30025.71661734642,30042.233905501445,906
2022-08-27 01:21:00+00:00,30042.34964640936,30051.01969747281,30024.465968958903,30041.211081189893,565
2022-08-27 09:21:00+00:00,30043.500732406552,30055.103473703286,30036.797599435406,30043.873829133707,532
2022-08-27 17:21:00+00:00,30044.080171179063,30051.903405224955,30041.954359990923,30043.33913376586,820
2022-08-28 01:21:00+00:00,30042.656527343035,30042.706875715703,30033.548105059133,30041.734905008696,523
2022-08-28 09:21:00+00:00,30042.851673274494,30061.29352493803,30028.06824114972,30041.225731531773,258
2022-08-28 17:21:00+00:00,30045.713278947813,30050.522552295904,30037.735540423368,30044.82018445288,340
2022-08-29 01:21:00+00:00,30044.808977386943,30056.974848583202,30031.940613888964,30044.93849506617,936
2022-08-29 09:21:00+00:00,30044.51579742166,30056.241393379518,30029.967788154147,30046.422361902267,791
2022-08-29 17:21:00+00:00,30043.964538779415,30063.61062738946,30040.39406084523,30042.668873672796,168
2022-08-30 01:21:00+00:00,30043.520263612114,30059.493579317517,30030.227121173393,30043.528514369074,970
2022-08-30 09:21:00+00:00,30041.343519473412,30049.024554633466,30040.147852705635,30040.441630034376,679
2022-08-30 17:21:00+00:00,30041.129682651706,30041.95276107243,30027.104380721263,30040.995829090552,285
2022-08-31 01:21:00+00:00,30040.66627320821,30053.850980801362,30031.37955782236,30039.264337263045,801
2022-08-31 09:21:00+00:00,30040.529823060315,30047.387300267907,30036.568627305147,30040.30761021616,692
2022-08-31 17:21:00+00:00,30042.871830455195,30051.77597716295,30032.598115559755,30042.151535528654,997
2022-09-01 01:21:00+00:00,30044.563818032035,30049.63933344022,30028.935125607026,30044.609457673894,344
2022-09-01 09:21:00+00:00,30046.70428194416,30061.42032057896,30034.262928162043,30046.593766757578,113
2022-09-01 17:21:00+00:00,30046.876396142554,30066.502524638083,30044.852344322717,30045.366168916204,245
2022-09-02 01:21:00+00:00,30046.254523126776,30058.609317075177,30033.891446512363,30047.707499153184,664
2022-09-02 09:21:00+00:00,30047.459107138955,30055.801750419123,30043.68214207992,30047.787153103476,697
2022-09-02 17:21:00+00:00,30048.067953690515,30049.064651187764,30037.102424383665,30046.521025383743,302
2022-09-03 01:21:00+00:00,30047.36096034606,30064.614550663886,30045.775316947824,30046.923703115473,306
2022-09-03 09:21:00+00:00,30045.726874714044,30046.497641074544,30029.36573670501,30045.69685672358,437
2022-09-03 17:21:00+00:00,30045.406994929668,30062.85361107055,30040.65393297332,30045.475811854612,544
2022-09-04 01:21:00+00:00,30046.36019897104,30061.596936426617,30031.581201463425,30047.61910141723,782
2022-09-04 09:21:00+00:00,30045.585091300276,30057.899871569043,30030.04813683637,30045.463687825646,804
2022-09-04 17:21:00+00:00,30046.10424639136,30060.01307153123,30035.140773138755,30046.825621483327,994
2022-09-05 01:21:00+00:00,30046.221552347513,30059.408994248413,30027.480318292804,30044.563927298866,163
2022-09-05 09:21:00+00:00,30047.334017488967,30050.01996993489,30044.22501686875,30045.65958968151,979
2022-09-05 17:21:00+00:00,30047.578243385742,30065.596408337802,30030.209865180008,30046.540045418293,879
2022-09-06 01:21:00+00:00,30048.24654117312,30050.160238570785,30031.102844984332,30047.44225386019,711
2022-09-06 09:21:00+00:00,30050.07905101113,30065.78394084799,30034.840149266143,30049.695406865925,751
2022-09-06 17:21:00+00:00,30050.562094211862,30067.46147690742,30044.750925374963,30051.398675142125,484
2022-09-07 01:21:00+00:00,30050.25503584493,30062.7775206592,30031.1708976388,30050.417489093412,701
2022-09-07 09:21:00+00:00,30048.246487517335,30066.773487373972,30030.582353160706,30048.78287299616,604
2022-09-07 17:21:00+00:00,30048.112611588167,30059.78603927518,30041.800943058963,30047.684093983356,850
2022-09-08 01:21:00+00:00,30048.10194265372,30055.524719348377,30036.219772613607,30048.56565263537,870
2022-09-08 09:21:00+00:00,30048.546659681422,30057.98423049512,30041.80606007487,30048.18665257818,347
2022-09-08 17:21:00+00:00,30048.117236796406,30058.396076631096,30048.09819955554,30047.261493241018,479
2022-09-09 01:21:00+00:00,30049.624626706227,30064.238543434803,30032.31892284691,30050.153652128633,537
2022-09-09 09:21:00+00:00,30048.79853694095,30053.163646588808,30048.766646278487,30048.250651426573,683
2022-09-09 17:21:00+00:00,30048.774098993465,30067.088628844092,30047.029460965507,30049.198447342485,641
2022-09-10 01:21:00+00:00,30049.398162049827,30061.303125427807,30036.062146134864,30048.11683533311,879
2022-09-10 09:21:00+00:00,30048.021991930633,30062.889621450217,30034.99296398045,30045.801347028926,764
2022-09-10 17:21:00+00:00,30045.91878870206,30065.867358157968,30039.03979429234,30046.083317197703,877
2022-09-11 01:21:00+00:00,30045.505704373903,30049.293433085153,30043.749812474165,30045.429677512613,494
2022-09-11 09:21:00+00:00,30045.048663310303,30053.094373475375,30043.19154280052,30044.967495890665,432
2022-09-11 17:21:00+00:00,30043.052047533976,30048.244068763775,30038.786809302856,30042.23274657343,438
2022-09-12 01:21:00+00:00,30042.398639272364,30060.22082889341,30033.19931963843,30043.21864447575,357
2022-09-12 09:21:00+00:00,30043.67233854675,30050.044891801932,30026.292374227618,30041.935412891566,278
2022-09-12 17:21:00+00:00,30045.307716218762,30046.41294349034,30040.230954616833,30044.963089846366,314
2022-09-13 01:21:00+00:00,30044.242247749935,30046.47501981782,30030.011230567856,30044.63643736538,968
2022-09-13 09:21:00+00:00,30043.845895870927,30053.386797260904,30037.746696759674,30044.1272809707,224
2022-09-13 17:21:00+00:00,30043.743965462556,30057.679830435867,30033.679248875727,30043.24016323712,755
2022-09-14 01:21:00+00:00,30043.465650066526,30059.327731786358,30028.70370633134,30044.748429528187,321
2022-09-14 09:21:00+00:00,30043.901941026248,30044.959788759,30041.661209807076,30042.740646145256,626
2022-09-14 17:21:00+00:00,30043.272366969784,30058.53166784765,30038.761246702896,30043.737679745467,868
2022-09-15 01:21:00+00:00,30043.35575345458,30059.8051740526,30033.430496296533,30041.738665537563,496
2022-09-15 09:21:00+00:00,30043.03252731262,30056.53485880615,30024.33330816607,30042.53291203437,906
2022-09-15 17:21:00+00:00,30041.778571701434,30060.410630264498,30024.955937209164,30041.8578207157,465
2022-09-16 01:21:00+00:00,30041.45519147854,30049.868943164056,30025.14984714726,30040.861815237746,809
2022-09-16 09:21:00+00:00,30041.645414261948,30050.731874558034,30025.45806441394,30041.715658372137,697
2022-09-16 17:21:00+00:00,30041.798692071116,30060.639075662475,30031.13502541114,30041.572976133062,768
2022-09-17 01:21:00+00:00,30040.98086896328,30055.05492421061,30033.96292875758,30041.25504887837,738
2022-09-17 09:21:00+00:00,30040.105944394265,30040.83991145674,30023.737261068403,30039.532872755553,782
2022-09-17 17:21:00+00:00,30039.828756265983,30047.021548206383,30020.475291495244,30039.80726426465,169
2022-09-18 01:21:00+00:00,30040.466523529085,30047.49120540133,30035.938990824307,30040.392080642734,105
2022-09-18 09:21:00+00:00,30040.494747432604,30044.53753011717,30020.70027023337,30038.571221970597,516
2022-09-18 17:21:00+00:00,30040.733445278132,30059.792189044652,30027.466030664014,30040.756084029377,611
2022-09-19 01:21:00+00:00,30041.1408428586,30050.543464182938,30027.649070373664,30039.441271953296,894
2022-09-19 09:21:00+00:00,30040.72831883136,30043.684835762837,30040.651299425535,30042.174745357406,286
2022-09-19 17:21:00+00:00,30040.933343981458,30052.91683003907,30024.79607314063,30040.036737332997,324
2022-09-20 01:21:00+00:00,30042.866571348626,30052.971496311795,30033.618952566238,30042.598789668824,208
2022-09-20 09:21:00+00:00,30042.78017925966,30043.235256142605,30033.388378281183,30042.22154546742,110
2022-09-20 17:21:00+00:00,30042.057191064072,30061.254518624006,30040.486079962444,30041.42467125414,788
2022-09-21 01:21:00+00:00,30042.32152475392,30052.011799263426,30023.06875516809,30042.406037314326,570
2022-09-21 09:21:00+00:00,30043.08615968926,30058.61775750564,30033.76143676777,30042.775155069117,759
2022-09-21 17:21:00+00:00,30041.42570777588,30050.370830726944,30038.59992834317,30041.939639857537,139
2022-09-22 01:21:00+00:00,30042.918728012344,30061.838512234743,30031.67942970011,30043.13755725457,439
2022-09-22 09:21:00+00:00,30042.91712599878,30050.671334747047,30025.04551030378,30042.006081782984,367
2022-09-22 17:21:00+00:00,30040.38310377425,30041.21021785938,30029.877928530434,30039.664697746695,497
2022-09-23 01:21:00+00:00,30042.01100852509,30051.53252237768,30027.889138961295,30041.14518911325,451
2022-09-23 09:21:00+00:00,30043.814026608863,30057.899631815308,30035.902166618598,30043.370882918796,305
2022-09-23 17:21:00+00:00,30043.63017105616,30046.48320041635,30038.58398970597,30046.23802306578,196
2022-09-24 01:21:00+00:00,30042.987865829473,30047.166776690996,30035.5626784725,30042.95859191915,167
2022-09-24 09:21:00+00:00,30042.55314354764,30055.399057726503,30042.515417780192,30043.254046985476,939
2022-09-24 17:21:00+00:00,30042.054980637913,30055.299337222932,30032.364992150437,30042.649230469655,184
2022-09-25 01:21:00+00:00,30042.554617781687,30060.342105599324,30027.562078108665,30041.43763879633,518
2022-09-25 09:21:00+00:00,30042.149666957383,30052.732783291223,30040.89240994441,30042.001324478788,564
2022-09-25 17:21:00+00:00,30041.41922005912,30051.62826024062,30039.117325109717,30042.002420937348,487
2022-09-26 01:21:00+00:00,30040.636211381945,30045.054123827336,30023.945564662794,30041.36160683118,616
2022-09-26 09:21:00+00:00,30040.146766102742,30040.518458828803,30035.606050722326,30040.278822983553,818
2022-09-26 17:21:00+00:00,30039.935786852853,30044.13540089017,30039.545501480403,30041.503678936853,476
2022-09-27 01:21:00+00:00,30039.909682038673,30045.24789247369,30030.863574308347,30039.238947024627,840
2022-09-27 09:21:00+00:00,30040.455226928574,30056.369695277073,30024.494670421405,30039.859278327793,806
2022-09-27 17:21:00+00:00,30040.26062876149,30055.570310584542,30020.850884250758,30040.771107460885,599
2022-09-28 01:21:00+00:00,30040.43933730962,30059.233661618237,30038.590601166055,30042.659993977362,247
2022-09-28 09:21:00+00:00,30041.527406906345,30056.783086950207,30022.835462085906,30040.567000895266,414
2022-09-28 17:21:00+00:00,30040.964938207133,30055.37235454248,30037.313464252908,30041.40158949778,881
2022-09-29 01:21:00+00:00,30041.4499691883,30048.05866275379,30038.28286262443,30041.08274521932,889
2022-09-29 09:21:00+00:00,30041.38225563655,30045.928155618436,30036.792430019406,30040.90460139533,731
2022-09-29 17:21:00+00:00,30040.394053784745,30058.531980752792,30029.93642030606,30039.913937178593,380
2022-09-30 01:21:00+00:00,30040.52374558398,30057.793514769593,30027.134522996468,30040.129085702236,835
2022-09-30 09:21:00+00:00,30040.368184391657,30044.286223865096,30038.829749216835,30039.811614635266,751
2022-09-30 17:21:00+00:00,30039.951820727885,30056.84753642794,30020.969186443024,30037.486782900534,728
2022-10-01 01:21:00+00:00,30040.14825065808,30041.38686222481,30028.99983128409,30041.376248085366,160
2022-10-01 09:21:00+00:00,30041.979634921634,30056.560749264532,30033.443030414997,30041.215232517432,642
2022-10-01 17:21:00+00:00,30043.91268934304,30058.80940714886,30023.93148249384,30045.500735725887,717
2022-10-02 01:21:00+00:00,30043.88915708435,30055.89861647253,30041.28703555515,30043.168272937128,404
2022-10-02 09:21:00+00:00,30042.419863052182,30056.915748537656,30032.810842443072,30043.196917078276,225
2022-10-02 17:21:00+00:00,30044.08962364887,30058.77725678007,30026.783874479606,30043.539813143096,362
2022-10-03 01:21:00+00:00,30045.114843682124,30053.208615223823,30033.332784501297,30045.259345654616,348
2022-10-03 09:21:00+00:00,30044.761111230382,30054.669698075082,30044.085259531348,30045.77872131488,228
2022-10-03 17:21:00+00:00,30045.41778393581,30056.241550739538,30032.40889776597,30045.125715033635,951
2022-10-04 01:21:00+00:00,30045.91376904278,30058.768650439637,30041.952020524164,30047.60437610023,957
2022-10-04 09:21:00+00:00,30045.78768556668,30056.46667558928,30045.14537761377,30043.659922038052,473
2022-10-04 17:21:00+00:00,30047.136855619017,30065.43542926745,30031.816129209114,30048.056693948365,382
2022-10-05 01:21:00+00:00,30047.539858870274,30053.87617176435,30044.307554908515,30046.317567865153,807
2022-10-05 09:21:00+00:00,30045.334025922777,30049.773202472385,30029.99544016241,30045.529621473645,629
2022-10-05 17:21:00+00:00,30043.155057103108,30044.702214982713,30032.067750764196,30043.38796217459,272
2022-10-06 01:21:00+00:00,30043.525408740225,30050.482317767168,30039.547887086712,30043.760529544772,210
2022-10-06 09:21:00+00:00,30041.8190682306,30058.531535757567,30039.357752274842,30041.388361442016,807
2022-10-06 17:21:00+00:00,30041.613043275025,30043.996787645046,30036.38228833071,30040.556171625252,512
2022-10-07 01:21:00+00:00,30041.051007222017,30045.634582682775,30031.73632229252,30041.4870702421,295
2022-10-07 09:21:00+00:00,30041.32689616125,30061.177130236047,30038.132713256316,30041.860404431172,367
2022-10-07 17:21:00+00:00,30041.984641838604,30061.892913488442,30035.43179181341,30041.968030025273,937
2022-10-08 01:21:00+00:00,30043.060656074973,30059.397046151767,30031.136119662206,30042.65704318633,866
2022-10-08 09:21:00+00:00,30042.456894662806,30055.17770858892,30024.164590952252,30043.87773924685,841
2022-10-08 17:21:00+00:00,30043.506757077055,30057.063853999374,30028.80575746363,30043.929426460352,656
2022-10-09 01:21:00+00:00,30043.462442579606,30049.212006629197,30032.395798453857,30043.50823836402,362
2022-10-09 09:21:00+00:00,30043.6385606144,30044.351758246827,30026.560974540716,30044.3401734366,560
2022-10-09 17:21:00+00:00,30043.298858703245,30046.744480518297,30037.53439134993,30044.561625739396,803
2022-10-10 01:21:00+00:00,30045.34202298555,30049.535976489977,30040.255944578734,30045.428642695333,514
2022-10-10 09:21:00+00:00,30046.075709613408,30055.479390497378,30033.330929521526,30045.881260611903,486
2022-10-10 17:21:00+00:00,30045.51194156656,30055.688154360712,30027.23145331039,30046.653912340123,431
2022-10-11 01:21:00+00:00,30046.273655494602,30062.281852137305,30040.1257893587,30045.82859794555,771
2022-10-11 09:21:00+00:00,30047.283949858167,30054.865300554186,30036.742068188763,30047.6519711164,261
2022-10-11 17:21:00+00:00,30049.496320135873,30065.46238084369,30032.6188042569,30050.043330403518,488
2022-10-12 01:21:00+00:00,30049.388804840906,30051.50581369032,30047.349724897005,30049.88164912392,243
2022-10-12 09:21:00+00:00,30050.137640530516,30062.909402232515,30036.325262259703,30051.65317515356,146
2022-10-12 17:21:00+00:00,30049.74200812546,30053.252873386955,30040.35183552128,30048.910307057962,675
2022-10-13 01:21:00+00:00,30051.217747687715,30070.1625151491,30046.439010185954,30051.403069063505,147
2022-10-13 09:21:00+00:00,30051.084182415925,30058.077131637005,30043.614631467965,30049.19036983228,517
2022-10-13 17:21:00+00:00,30051.074929043458,30054.394159565676,30039.383226696922,30053.982417235726,185
2022-10-14 01:21:00+00:00,30052.322471840605,30056.423639411398,30032.68803695466,30050.120782360664,355
2022-10-14 09:21:00+00:00,30052.618450417685,30057.51120944913,30052.04856387867,30053.181846379084,681
2022-10-14 17:21:00+00:00,30052.35755683918,30058.414048380113,30040.176816680818,30051.3280106157,506
2022-10-15 01:21:00+00:00,30053.097528961327,30068.862892315967,30048.061696631506,30051.252200345483,556
2022-10-15 09:21:00+00:00,30054.04916067352,30069.461850720516,30045.147633444976,30054.172858802754,395
2022-10-15 17:21:00+00:00,30055.790829760514,30071.800895092798,30038.582492055943,30056.37386841401,776
2022-10-16 01:21:00+00:00,30055.218568140855,30075.0459281263,30039.352228084394,30055.900850356575,864
2022-10-16 09:21:00+00:00,30054.220923391094,30064.053836452393,30046.220137803542,30054.004085740627,497
2022-10-16 17:21:00+00:00,30055.643151759923,30060.880349709696,30046.235996162257,30056.33118021959,351
2022-10-17 01:21:00+00:00,30055.971913497455,30062.341082479867,30039.572714866743,30056.47982260426,402
2022-10-17 09:21:00+00:00,30055.81942743569,30074.97217213229,30041.949713705435,30055.188448861078,214
2022-10-17 17:21:00+00:00,30056.605641660793,30072.209557913287,30040.580180112953,30057.235261157482,210
2022-10-18 01:21:00+00:00,30056.12601126987,30059.88888042055,30050.667887919204,30055.358773902444,402
2022-10-18 09:21:00+00:00,30055.028183048955,30074.884692722877,30042.506536153352,30056.540853186212,421
2022-10-18 17:21:00+00:00,30055.76942026108,30060.673786069696,30044.41382680452,30056.989748875927,707
2022-10-19 01:21:00+00:00,30055.332411130992,30068.75983790759,30042.923317770725,30055.90900630886,922
2022-10-19 09:21:00+00:00,30055.458720111743,30074.606115480496,30049.649634943355,30055.69887071535,613
2022-10-19 17:21:00+00:00,30055.232148675543,30056.70641363766,30042.660806456715,30055.37970197305,338
2022-10-20 01:21:00+00:00,30054.429790278275,30072.709600792656,30051.150312271013,30053.9170951543,426
2022-10-20 09:21:00+00:00,30053.67626288881,30055.222363007935,30052.165047950664,30053.58244063236,639
2022-10-20 17:21:00+00:00,30054.302041627758,30054.719077008765,30046.328879196066,30053.6459872667,575
2022-10-21 01:21:00+00:00,30055.454081442822,30066.567170451406,30052.96331441195,30056.55024307425,794
2022-10-21 09:21:00+00:00,30052.900554827313,30068.370484075716,30039.8553682613,30054.27882261015,943
2022-10-21 17:21:00+00:00,30052.66789613609,30054.42107519118,30042.397588763386,30053.324310267337,325
2022-10-22 01:21:00+00:00,30051.916481105487,30055.302584626414,30033.235725901115,30050.728168762686,328
2022-10-22 09:21:00+00:00,30051.18279897955,30062.81527968949,30036.44365490785,30050.9294697881,306
2022-10-22 17:21:00+00:00,30050.499400129956,30056.115857540495,30035.037753335135,30052.40925560363,574
2022-10-23 01:21:00+00:00,30050.492353601807,30067.015332131665,30046.251481412935,30050.475194986397,297
2022-10-23 09:21:00+00:00,30051.58165556038,30066.947421838337,30038.565243003108,30050.232296239545,264
2022-10-23 17:21:00+00:00,30051.780861011004,30065.838578180807,30042.027779615706,30050.98772397893,970
2022-10-24 01:21:00+00:00,30051.916393425618,30055.851284566183,30047.246965906987,30052.78315767952,732
2022-10-24 09:21:00+00:00,30051.341061547984,30066.115647736635,30049.9336359777,30051.054034538916,925
2022-10-24 17:21:00+00:00,30051.13236071905,30061.626521536036,30047.041427336033,30050.86830152378,220
2022-10-25 01:21:00+00:00,30051.314357598865,30063.420958762064,30031.328977506848,30051.050987161452,300
2022-10-25 09:21:00+00:00,30050.530771026584,30069.73871640327,30040.47111078669,30050.45777550885,791
2022-10-25 17:21:00+00:00,30051.19135862146,30064.817552595265,30041.568131908705,30048.638443472086,416
2022-10-26 01:21:00+00:00,30051.565240355136,30063.103056355303,30037.745468555786,30050.964384048144,427
2022-10-26 09:21:00+00:00,30051.06448018793,30054.70168707254,30041.655412078217,30051.881447041305,222
2022-10-26 17:21:00+00:00,30052.91249817116,30060.542994162704,30035.577138132085,30053.07194163862,326
2022-10-27 01:21:00+00:00,30053.5794926867,30057.030372708618,30034.79335382149,30053.203528798324,537
2022-10-27 09:21:00+00:00,30053.350897254557,30066.83892163372,30034.658964923885,30051.17205607447,727
2022-10-27 17:21:00+00:00,30053.3580343013,30063.26163763721,30049.38157181806,30055.250842026784,625
2022-10-28 01:21:00+00:00,30054.483230344045,30066.474116820937,30037.392323064207,30054.276114432905,100
2022-10-28 09:21:00+00:00,30053.039046964484,30057.008281265502,30036.926539251654,30052.839835910607,991
2022-10-28 17:21:00+00:00,30054.463375386495,30072.865990216214,30043.163431431116,30052.849804443198,784
2022-10-29 01:21:00+00:00,30054.494507650466,30063.11467724632,30038.946752937503,30053.03215420659,327
2022-10-29 09:21:00+00:00,30054.095674368928,30054.5847424241,30046.062160966558,30054.595389876868,797
2022-10-29 17:21:00+00:00,30054.170011598344,30055.529164086027,30045.05630579448,30053.806974805128,212
2022-10-30 01:21:00+00:00,30052.939109117775,30061.072769411192,30038.718483112498,30053.79331835047,498
2022-10-30 09:21:00+00:00,30052.860179363506,30068.27893418864,30044.988526713973,30053.300088882832,463
2022-10-30 17:21:00+00:00,30053.25553457754,30066.441701833624,30043.902561935014,30053.257260021306,501
2022-10-31 01:21:00+00:00,30052.6703060884,30062.143878247436,30036.603303377542,30052.873250739285,528
2022-10-31 09:21:00+00:00,30052.680429294043,30058.318140637308,30051.883505572987,30053.814272406988,406
2022-10-31 17:21:00+00:00,30054.465965159583,30068.47056279389,30049.945670719335,30054.089094769948,133
2022-11-01 01:21:00+00:00,30052.873319412076,30060.831333483664,30049.965372104674,30052.724900328383,271
2022-11-01 09:21:00+00:00,30053.14907058486,30064.861946166788,30043.93766464895,30053.588560083757,123
2022-11-01 17:21:00+00:00,30054.679767949157,30071.276995437725,30045.904158517526,30054.935768548876,276
2022-11-02 01:21:00+00:00,30055.998562295434,30066.266950105008,30041.147313332094,30055.000354865955,959
2022-11-02 09:21:00+00:00,30056.669165497773,30057.54959662081,30040.979751790965,30054.809504257668,170
2022-11-02 17:21:00+00:00,30056.96627535776,30057.73287501767,30043.43108588614,30057.06581307965,693
2022-11-03 01:21:00+00:00,30057.258852182324,30067.78215236881,30037.327785544603,30057.71590262977,258
2022-11-03 09:21:00+00:00,30058.152521646643,30077.691682610417,30045.27898179734,30058.206703035852,293
2022-11-03 17:21:00+00:00,30058.09206360082,30069.90173017964,30041.42332006638,30059.375302907447,576
2022-11-04 01:21:00+00:00,30057.953947398302,30058.69821531039,30043.680179053503,30058.757462130583,408
2022-11-04 09:21:00+00:00,30057.787818441477,30073.88843617955,30048.99961252457,30058.231463937842,959
2022-11-04 17:21:00+00:00,30057.676659672627,30076.20685289266,30038.167163135036,30056.537764187084,523
2022-11-05 01:21:00+00:00,30059.363669764633,30063.02850034246,30040.32152353199,30059.151770454213,231
2022-11-05 09:21:00+00:00,30059.52638131877,30061.8902491574,30048.8755440127,30061.41569285302,453
2022-11-05 17:21:00+00:00,30059.949124548682,30071.561901745055,30043.10156950558,30059.6679426647,405
2022-11-06 01:21:00+00:00,30058.74886866867,30064.03000233613,30043.002596014903,30057.862468399075,614
2022-11-06 09:21:00+00:00,30058.044232083914,30070.944294189823,30043.3014781661,30057.295634685714,471
2022-11-06 17:21:00+00:00,30058.638369539072,30063.414891800614,30039.84705139805,30059.793309623587,288
2022-11-07 01:21:00+00:00,30058.13136684751,30072.387773196308,30045.19583423201,30059.815834636956,276
2022-11-07 09:21:00+00:00,30057.315598086778,30065.525796925085,30042.437382025244,30056.33479611359,299
2022-11-07 17:21:00+00:00,30056.005473118636,30064.85786753674,30052.641163460958,30055.480930868758,581
2022-11-08 01:21:00+00:00,30056.710927338303,30066.771912246775,30038.403908407763,30055.366600345864,316
2022-11-08 09:21:00+00:00,30056.16452063706,30059.76296090781,30037.177435857502,30055.420987056772,296
2022-11-08 17:21:00+00:00,30057.315382049528,30075.44717474364,30049.430124117327,30058.429201701918,513
2022-11-09 01:21:00+00:00,30056.676600423823,30063.962553132304,30051.48164302304,30055.874338043595,897
2022-11-09 09:21:00+00:00,30055.260998652295,30067.85244810772,30036.417637111248,30055.82859778362,802
2022-11-09 17:21:00+00:00,30055.420127062112,30073.058473845187,30046.40404685606,30055.031020076938,505
2022-11-10 01:21:00+00:00,30053.90171027016,30066.35955165101,30053.650016610278,30053.865640914173,128
2022-11-10 09:21:00+00:00,30053.47218331147,30068.910523243532,30052.25068801254,30052.47494977873,199
2022-11-10 17:21:00+00:00,30052.238788824867,30070.072301146498,30032.419171608788,30051.62416045891,981
2022-11-11 01:21:00+00:00,30053.878199796873,30071.476356827883,30043.696107120435,30055.157452649677,333
2022-11-11 09:21:00+00:00,30052.426907641475,30070.17386955871,30049.324621247444,30051.329197917905,170
2022-11-11 17:21:00+00:00,30052.475368489555,30065.529983906494,30042.742878919034,30052.205553513413,363
2022-11-12 01:21:00+00:00,30052.094507777467,30068.76436586458,30036.769506617507,30053.114267622244,663
2022-11-12 09:21:00+00:00,30053.31730510725,30061.288568378834,30048.634933486912,30051.06961072686,645
2022-11-12 17:21:00+00:00,30052.245575603567,30054.107270179153,30046.019203093096,30050.844592785877,624
2022-11-13 01:21:00+00:00,30052.937224776913,30063.364116868677,30035.916536678073,30054.74503636896,935
2022-11-13 09:21:00+00:00,30052.710021317824,30072.345347389964,30038.42701949647,30053.565935817845,481
2022-11-13 17:21:00+00:00,30052.295080807544,30063.424599738737,30043.06564786341,30053.54512011393,861
2022-11-14 01:21:00+00:00,30053.1988561842,30058.949695459567,30035.440399433548,30054.287938550773,627
2022-11-14 09:21:00+00:00,30054.762503274986,30061.991525818357,30054.493759364697,30054.54214781466,973
2022-11-14 17:21:00+00:00,30055.47147146126,30055.81312725151,30051.34407172323,30057.17827345626,449
2022-11-15 01:21:00+00:00,30057.157074976305,30069.204635203794,30049.813052084024,30055.665052667486,770
2022-11-15 09:21:00+00:00,30057.585410680775,30073.0202854996,30052.478838605737,30057.627592862387,246
2022-11-15 17:21:00+00:00,30057.565724237662,30059.642782184463,30053.064611512218,30058.0394242997,190
2022-11-16 01:21:00+00:00,30058.283069710185,30077.486067531703,30052.94187773343,30056.38690533235,510
2022-11-16 09:21:00+00:00,30059.945569235617,30077.66389248512,30055.705058519365,30059.78804099694,844
2022-11-16 17:21:00+00:00,30061.906890312308,30079.40759147069,30046.79783051606,30060.350803565525,129
2022-11-17 01:21:00+00:00,30062.162222023635,30079.251220722294,30054.80962799189,30061.85919523598,691
2022-11-17 09:21:00+00:00,30062.99351396972,30077.31249730203,30051.01787696531,30060.375065124437,272
2022-11-17 17:21:00+00:00,30063.16042868053,30069.53894208281,30047.48559497256,30063.40317127318,376
2022-11-18 01:21:00+00:00,30063.355354638996,30082.747072566006,30049.090822335253,30062.724256022866,627
2022-11-18 09:21:00+00:00,30063.896659187136,30083.218266575062,30046.131352767112,30063.505867350108,719
2022-11-18 17:21:00+00:00,30063.141258387233,30064.392118786152,30050.59589249609,30063.524580497797,651
2022-11-19 01:21:00+00:00,30064.71359535049,30079.677893010667,30057.852599113263,30065.688126781937,401
2022-11-19 09:21:00+00:00,30064.535841101515,30079.13984629387,30050.059494229346,30065.525971801653,830
2022-11-19 17:21:00+00:00,30065.187747238688,30084.797990249583,30062.63897513553,30064.23271861466,233
2022-11-20 01:21:00+00:00,30064.6294948025,30079.67786552785,30062.30138292774,30063.73157625417,853
2022-11-20 09:21:00+00:00,30066.11566826923,30069.851907366432,30052.97215692247,30066.9343968939,637
2022-11-20 17:21:00+00:00,30065.194575786114,30080.687089796003,30052.28063546104,30065.78798660909,342
2022-11-21 01:21:00+00:00,30064.79239461811,30074.00949900751,30047.396303659592,30063.97028236574,821
2022-11-21 09:21:00+00:00,30063.91577928666,30077.018254932354,30050.947606184007,30064.629862396887,681
2022-11-21 17:21:00+00:00,30063.841379098496,30065.20574352651,30058.89623278801,30062.490074695066,586
2022-11-22 01:21:00+00:00,30064.336874074193,30070.548115192112,30050.34024065419,30063.390274320558,687
2022-11-22 09:21:00+00:00,30064.11334285946,30082.567479851434,30048.29929203859,30064.834769033943,256
2022-11-22 17:21:00+00:00,30064.96300451776,30075.54302331806,30048.313784466725,30064.883280917795,154
2022-11-23 01:21:00+00:00,30064.762318831723,30074.061341751916,30056.803749930787,30062.418730734553,159
2022-11-23 09:21:00+00:00,30066.514809361826,30078.393352645366,30049.452043348923,30065.916896242186,505
2022-11-23 17:21:00+00:00,30065.25235828631,30080.133039479442,30054.469038661053,30064.768317640424,400
2022-11-24 01:21:00+00:00,30065.886348582906,30079.77655317382,30058.81221370394,30066.18080234378,978
2022-11-24 09:21:00+00:00,30066.181667132045,30081.2982310579,30049.040415552285,30065.34501264465,709
2022-11-24 17:21:00+00:00,30065.71000344105,30080.711095674724,30048.745964815997,30065.61328238483,797
2022-11-25 01:21:00+00:00,30066.09393241897,30077.252837744014,30061.60472576105,30066.541990155558,884
2022-11-25 09:21:00+00:00,30067.976565882724,30074.96756376273,30050.885219701566,30068.083145978762,296
2022-11-25 17:21:00+00:00,30067.308623913523,30072.090311361917,30066.616926376286,30067.259300308036,572
2022-11-26 01:21:00+00:00,30066.128636162906,30074.76910949038,30057.148193382924,30067.177818349828,437
2022-11-26 09:21:00+00:00,30066.0409476073,30077.632462796315,30063.05613445433,30067.545561876963,660
2022-11-26 17:21:00+00:00,30065.058010705285,30076.455846188364,30056.091878362316,30067.56611752747,356
2022-11-27 01:21:00+00:00,30063.439286809054,30076.47546815567,30044.350641327586,30064.36641407342,499
2022-11-27 09:21:00+00:00,30063.951852410184,30083.081200489087,30062.640334196913,30061.86294414798,731
2022-11-27 17:21:00+00:00,30063.054843551574,30075.989974548556,30049.566585675915,30063.375649380494,855
2022-11-28 01:21:00+00:00,30062.22119532913,30079.9336711031,30043.660645661537,30060.05365603593,365
2022-11-28 09:21:00+00:00,30062.91217440848,30078.5565801673,30043.19441818152,30064.414110930964,799
2022-11-28 17:21:00+00:00,30061.884929925604,30080.329991244005,30041.947634707452,30062.369877852307,188
2022-11-29 01:21:00+00:00,30061.24667731819,30064.458396750433,30047.916385002438,30060.0044576275,895
2022-11-29 09:21:00+00:00,30061.71699768141,30063.30218940885,30049.331705967026,30059.96526260913,296
2022-11-29 17:21:00+00:00,30061.69173601293,30078.19194224217,30056.683271388796,30062.313234663474,583
2022-11-30 01:21:00+00:00,30062.65285371612,30064.224884421725,30055.15603901878,30062.65851826288,363
2022-11-30 09:21:00+00:00,30062.893664219962,30082.23232896822,30046.491749278088,30064.02798677195,897
2022-11-30 17:21:00+00:00,30064.318283368415,30067.172788512133,30045.10484906524,30065.42280211045,261
2022-12-01 01:21:00+00:00,30063.9865810383,30068.191175992124,30059.759928289506,30062.948159120744,128
2022-12-01 09:21:00+00:00,30063.981150829324,30072.956550489977,30054.458692006716,30063.50290374453,834
2022-12-01 17:21:00+00:00,30064.4534112714,30072.960041633964,30056.380738276806,30063.098060572585,192
2022-12-02 01:21:00+00:00,30065.22487642974,30068.861340829895,30051.524984260792,30064.428020322117,548
2022-12-02 09:21:00+00:00,30065.518893867436,30070.009980287985,30061.01070173508,30065.553490503717,751
2022-12-02 17:21:00+00:00,30067.04417552676,30076.241025392555,30057.475501582692,30067.501944642423,247
2022-12-03 01:21:00+00:00,30067.000134644517,30082.29417334906,30066.947950244634,30066.560702166305,737
2022-12-03 09:21:00+00:00,30067.75939830466,30070.466434668277,30051.468760083222,30066.670210820677,221
2022-12-03 17:21:00+00:00,30067.984491472904,30082.332383810684,30051.631425421536,30068.26335016757,900
2022-12-04 01:21:00+00:00,30069.005009566055,30078.655925809737,30062.838886881484,30068.772976141136,948
2022-12-04 09:21:00+00:00,30069.141262235127,30088.165055919708,30059.953160383135,30068.752980101242,845
2022-12-04 17:21:00+00:00,30069.405060933525,30072.79135710772,30068.39250278019,30070.761841931653,751
2022-12-05 01:21:00+00:00,30067.965572979596,30079.16487722738,30063.395591496617,30068.91645857345,105
2022-12-05 09:21:00+00:00,30069.25322228244,30072.104190523194,30053.924145220324,30069.258278754267,385
2022-12-05 17:21:00+00:00,30071.838063454165,30077.137113901677,30064.60720939696,30070.843751299868,989
2022-12-06 01:21:00+00:00,30072.12055910205,30076.12586333855,30061.862062179825,30072.755865277457,180
2022-12-06 09:21:00+00:00,30071.71945316612,30086.337719836378,30051.915686653305,30070.50567933524,270
2022-12-06 17:21:00+00:00,30072.421760083012,30088.343574838324,30067.374606447742,30072.097539308055,107
2022-12-07 01:21:00+00:00,30070.99658336478,30079.177308264574,30059.49144052789,30069.73666274087,812
2022-12-07 09:21:00+00:00,30071.325977691748,30077.952676541772,30060.960650884484,30071.379165106166,786
2022-12-07 17:21:00+00:00,30070.760818693605,30073.436484849135,30064.223868431694,30070.589551369725,565
2022-12-08 01:21:00+00:00,30070.61423456413,30089.235708017393,30069.732198695652,30068.138377850068,191
2022-12-08 09:21:00+00:00,30071.55764089192,30075.289991060155,30059.289173348778,30070.135612730417,942
2022-12-08 17:21:00+00:00,30073.333584059546,30086.69390212283,30061.688014198437,30072.82378805925,619
2022-12-09 01:21:00+00:00,30071.13965893659,30075.3257720057,30060.174112811845,30072.355770100887,498
2022-12-09 09:21:00+00:00,30070.57960634818,30087.213412617366,30058.85533431638,30069.57532922537,301
2022-12-09 17:21:00+00:00,30071.64309913069,30090.77806639181,30068.363758337146,30070.574299488184,111
2022-12-10 01:21:00+00:00,30071.638642733487,30090.11362152878,30061.31334716765,30069.54299078777,720
2022-12-10 09:21:00+00:00,30072.68939168076,30083.919766613395,30068.090229409485,30072.799900328162,353
2022-12-10 17:21:00+00:00,30070.400710035872,30078.926950569265,30060.05705024946,30072.97040293349,852
2022-12-11 01:21:00+00:00,30071.18922589641,30080.896785960602,30059.339649971025,30070.06153140628,754
2022-12-11 09:21:00+00:00,30072.772480261465,30086.261764968844,30061.95970415309,30073.046292392228,947
2022-12-11 17:21:00+00:00,30070.692316490906,30072.15640556528,30050.76572737951,30071.745448144266,564
2022-12-12 01:21:00+00:00,30070.488027888547,30080.83751900061,30055.821114516955,30070.799253923597,925
2022-12-12 09:21:00+00:00,30070.521220956027,30084.410405809947,30063.72284303394,30069.451383412503,482
2022-12-12 17:21:00+00:00,30070.075486757134,30084.213731460146,30051.959202773833,30070.097560455593,477
2022-12-13 01:21:00+00:00,30069.809226363956,30085.622439987907,30062.325754994297,30070.297204351853,302
2022-12-13 09:21:00+00:00,30069.321135758702,30071.12078185381,30051.28956256598,30070.28723723985,878
2022-12-13 17:21:00+00:00,30070.98572166075,30077.601968702573,30053.05700861485,30071.122304235916,879
2022-12-14 01:21:00+00:00,30070.845385188368,30073.962854214973,30068.803364764615,30071.1438465488,237
2022-12-14 09:21:00+00:00,30072.505696982927,30076.652834007098,30056.30478918836,30074.24642632951,600
2022-12-14 17:21:00+00:00,30072.066352263286,30084.188440413087,30064.541300831996,30071.85385905539,964
2022-12-15 01:21:00+00:00,30072.902890593345,30085.87737174542,30057.268116674928,30073.164194066383,719
2022-12-15 09:21:00+00:00,30072.987570937457,30086.848030651254,30061.390204876643,30072.977617692184,406
2022-12-15 17:21:00+00:00,30072.706563794127,30087.4475021482,30056.818780181216,30072.641206827593,446
2022-12-16 01:21:00+00:00,30072.097867664655,30079.23943726369,30068.844205202575,30071.57674691137,187
2022-12-16 09:21:00+00:00,30070.08295097148,30070.723050456367,30055.081021750186,30069.569886978396,419
2022-12-16 17:21:00+00:00,30070.208158320973,30076.66317678761,30058.936222082855,30068.983828758228,190
2022-12-17 01:21:00+00:00,30070.51901581043,30084.036344682685,30069.695773757325,30070.937883318307,194
2022-12-17 09:21:00+00:00,30069.35216966796,30086.517112853253,30059.687624529055,30069.8975018566,281
2022-12-17 17:21:00+00:00,30070.07139066021,30079.943238950207,30065.96884511935,30068.471639749012,143
2022-12-18 01:21:00+00:00,30069.034444746536,30079.422571495754,30051.096192042674,30068.99238133194,395
2022-12-18 09:21:00+00:00,30070.731768423637,30075.422404264606,30069.09205768109,30068.587208215326,176
2022-12-18 17:21:00+00:00,30070.890672003385,30087.583363656788,30068.296898451383,30073.11627317314,586
2022-12-19 01:21:00+00:00,30069.411763886263,30085.02552582457,30057.642116725623,30069.395505672128,685
2022-12-19 09:21:00+00:00,30068.59431867864,30087.54981221451,30050.357383999093,30068.842566803913,339
2022-12-19 17:21:00+00:00,30068.748455864046,30069.223987550104,30066.750316883947,30067.673469433077,944
2022-12-20 01:21:00+00:00,30068.218591600093,30070.659636738324,30050.15850325879,30068.935369995852,127
2022-12-20 09:21:00+00:00,30067.689659284755,30081.96904355182,30057.071221696915,30067.534315774436,158
2022-12-20 17:21:00+00:00,30067.903694988192,30086.012253161127,30052.92972067519,30066.222561571078,554
2022-12-21 01:21:00+00:00,30068.02893750902,30072.85659486401,30061.101312359715,30067.752210225284,942
2022-12-21 09:21:00+00:00,30068.857843296795,30076.84370933927,30060.95149360414,30070.52475225288,250
2022-12-21 17:21:00+00:00,30070.851006404035,30071.047298007943,30054.556885879498,30071.298269589683,683
2022-12-22 01:21:00+00:00,30072.95002920754,30080.38847377385,30061.014990016683,30073.419747626453,666
2022-12-22 09:21:00+00:00,30072.390215869615,30089.40969833276,30063.95878756908,30069.36072274296,715
2022-12-22 17:21:00+00:00,30071.52427125329,30081.799638171513,30055.87017809051,30070.06876382555,796
2022-12-23 01:21:00+00:00,30070.17262205439,30087.943804443286,30053.512230492168,30070.755908323077,261
2022-12-23 09:21:00+00:00,30070.899287025422,30076.428438473686,30055.64736675913,30071.652281093357,534
2022-12-23 17:21:00+00:00,30070.425008665614,30070.610861783232,30068.87014297368,30070.7439098965,232
2022-12-24 01:21:00+00:00,30069.467882549674,30081.391916400593,30059.2489819181,30067.406573395947,367
2022-12-24 09:21:00+00:00,30071.098238102237,30082.34223328149,30061.803930888513,30069.593258053883,531
2022-12-24 17:21:00+00:00,30071.359432645844,30073.993269930997,30058.70499047405,30070.538829463036,227
2022-12-25 01:21:00+00:00,30071.954419330057,30086.446083493647,30066.090402030248,30071.89146039862,519
2022-12-25 09:21:00+00:00,30071.716309105355,30074.27014404104,30052.391002176733,30071.4986864628,103
2022-12-25 17:21:00+00:00,30070.46447405957,30084.70765893121,30061.804403288857,30072.43076898259,141
2022-12-26 01:21:00+00:00,30069.999582702763,30082.189650780398,30053.25636156947,30070.169684951918,663
2022-12-26 09:21:00+00:00,30067.73875540118,30084.795856887253,30054.478636025906,30066.750759232575,250
2022-12-26 17:21:00+00:00,30066.60378859635,30077.824759898394,30052.01361386542,30069.063654013236,872
2022-12-27 01:21:00+00:00,30066.635750116853,30078.760839338673,30048.82908843038,30064.591093708823,781
2022-12-27 09:21:00+00:00,30066.72972672328,30083.45969823038,30047.029323463867,30067.628983761977,648
2022-12-27 17:21:00+00:00,30066.781282885106,30082.931559296565,30060.489349714822,30066.946164211015,258
2022-12-28 01:21:00+00:00,30065.782059292862,30073.232704849703,30051.960165955043,30067.205710070128,911
2022-12-28 09:21:00+00:00,30065.565392338664,30084.746472325154,30056.31784306877,30065.06577502629,123
2022-12-28 17:21:00+00:00,30064.631841590897,30075.064048670927,30061.089555011164,30065.5052513248,804
2022-12-29 01:21:00+00:00,30065.68222412123,30085.13649546769,30052.724482295605,30065.76109312331,685
2022-12-29 09:21:00+00:00,30066.37027934335,30072.10802714623,30064.139207331315,30068.348579361704,666
2022-12-29 17:21:00+00:00,30065.950878824453,30075.10438892395,30048.746289986884,30065.83157007359,780
2022-12-30 01:21:00+00:00,30066.423102815927,30074.182792386786,30056.71599205397,30065.928928723446,534
2022-12-30 09:21:00+00:00,30065.17600938745,30067.59854454162,30062.940367223076,30065.203175288232,656
2022-12-30 17:21:00+00:00,30065.384762700516,30083.425228662145,30059.19502161396,30064.269021498763,311
2022-12-31 01:21:00+00:00,30065.562687798523,30067.687909366712,30059.751173310036,30065.18184533582,700
2022-12-31 09:21:00+00:00,30064.823026026803,30070.25245846811,30051.190324168158,30064.94356108915,344
2022-12-31 17:21:00+00:00,30065.38779181552,30070.721585772793,30051.855679526998,30065.16907334852,283
2023-01-01 01:21:00+00:00,30064.760338116415,30073.85886542872,30055.170888426925,30063.172598866233,247
2023-01-01 09:21:00+00:00,30065.567687925544,30085.215694680268,30064.483832553233,30065.101184067116,536
2023-01-01 17:21:00+00:00,30066.03758732855,30070.743446579723,30047.4433613068,30065.506649465,141
2023-01-02 01:21:00+00:00,30066.330303751416,30076.155666673865,30058.695779728987,30066.37341540084,636
2023-01-02 09:21:00+00:00,30065.83703432102,30079.61805324536,30049.106151926713,30065.49944946846,143
2023-01-02 17:21:00+00:00,30068.463648710822,30069.41662429679,30048.990653352572,30066.360297065232,903
2023-01-03 01:21:00+00:00,30068.834737077395,30071.451500663716,30068.543499314645,30069.629951095605,891
2023-01-03 09:21:00+00:00,30068.878877009873,30078.475537695365,30051.84414523263,30069.244084490878,376
2023-01-03 17:21:00+00:00,30069.812265789,30073.023704672003,30068.893329195893,30070.304677169195,970
2023-01-04 01:21:00+00:00,30070.05950953276,30086.00071182642,30068.10758106825,30070.123876211986,422
2023-01-04 09:21:00+00:00,30068.548375909962,30072.79758445275,30050.69085166285,30067.9233499506,899
2023-01-04 17:21:00+00:00,30069.95311583447,30076.837687419258,30057.839509041834,30069.838877918497,864
2023-01-05 01:21:00+00:00,30070.634829304614,30070.865997336048,30069.347175401115,30071.893261275087,944
2023-01-05 09:21:00+00:00,30070.56254996764,30087.177965592116,30051.34761854168,30068.98406261386,324
2023-01-05 17:21:00+00:00,30070.3174257411,30088.587560812077,30058.428222138613,30069.25565753193,799
2023-01-06 01:21:00+00:00,30068.671002253097,30073.47684755519,30049.916440203397,30070.02419362272,213
2023-01-06 09:21:00+00:00,30070.620485786603,30087.484049038627,30070.424307045847,30070.474580369646,749
2023-01-06 17:21:00+00:00,30070.65518049707,30082.58158502885,30057.046671101798,30069.994386858405,438
2023-01-07 01:21:00+00:00,30070.76211319957,30086.053984678245,30064.744009538295,30071.130820186572,287
2023-01-07 09:21:00+00:00,30069.755502140477,30084.802072357274,30057.390040924878,30071.268447602295,274
2023-01-07 17:21:00+00:00,30068.751908811362,30080.45897296821,30064.50318567908,30069.074946681132,701
2023-01-08 01:21:00+00:00,30068.206296833927,30071.446165403217,30049.690901318158,30068.536958081495,668
2023-01-08 09:21:00+00:00,30068.136828378792,30086.543089670424,30056.101586889403,30068.56448902516,177
2023-01-08 17:21:00+00:00,30067.125238383178,30080.690102576722,30049.114560528506,30068.745787057745,805
2023-01-09 01:21:00+00:00,30066.193654481744,30082.32760889789,30054.872997122282,30067.57815718916,314
2023-01-09 09:21:00+00:00,30066.25511027667,30068.82206972055,30065.02634775545,30066.030768609162,241
2023-01-09 17:21:00+00:00,30066.933804882185,30085.265947745913,30065.169319921653,30067.51245680555,676
2023-01-10 01:21:00+00:00,30066.716309271982,30070.27640945592,30062.81161237179,30065.634024969637,842
2023-01-10 09:21:00+00:00,30066.793071837274,30073.029550246036,30049.16516018824,30067.715583741636,863
2023-01-10 17:21:00+00:00,30066.961297751197,30084.667002373484,30059.57199826308,30066.739871260517,126
2023-01-11 01:21:00+00:00,30067.892278599546,30079.140654012634,30049.150575041283,30067.846349041956,907
2023-01-11 09:21:00+00:00,30066.818696051367,30069.354471426184,30063.012388233044,30066.90669037136,828
2023-01-11 17:21:00+00:00,30067.355253468948,30070.20163730014,30049.102997625323,30067.588242885417,132
2023-01-12 01:21:00+00:00,30067.174434430835,30085.886161145576,30063.393254342493,30067.446765093704,302
2023-01-12 09:21:00+00:00,30066.508468412823,30074.604192638828,30054.840781784627,30065.668083674063,133
2023-01-12 17:21:00+00:00,30067.0454698153,30077.141975992254,30056.807731628985,30067.405383817422,323
2023-01-13 01:21:00+00:00,30066.571722330544,30069.126324212946,30047.516146288242,30065.98425191253,803
2023-01-13 09:21:00+00:00,30065.6377195987,30073.696841935656,30047.35325997786,30066.418857446453,478
2023-01-13 17:21:00+00:00,30064.821707730636,30076.295891000205,30052.359022451656,30063.62213370778,565
2023-01-14 01:21:00+00:00,30065.940356198465,30077.244680087588,30046.98433944661,30065.242959401832,858
2023-01-14 09:21:00+00:00,30067.13070097213,30070.861810621514,30048.31292403433,30064.96547303501,787
2023-01-14 17:21:00+00:00,30067.132550822655,30068.969147229862,30063.94571852769,30068.980144281013,592
2023-01-15 01:21:00+00:00,30067.462817856896,30068.344485360372,30053.001071675742,30066.991998206417,305
2023-01-15 09:21:00+00:00,30068.376392771326,30075.800993279616,30067.703585761257,30069.048103695077,519
2023-01-15 17:21:00+00:00,30067.907258988304,30082.6296706086,30051.65785847936,30065.68602513704,464
2023-01-16 01:21:00+00:00,30067.673656750896,30068.10694564245,30058.32778137167,30067.602594054184,480
2023-01-16 09:21:00+00:00,30067.143654020685,30073.78604364601,30049.696073942006,30066.226740071004,919
2023-01-16 17:21:00+00:00,30068.104219941553,30068.67022590192,30064.14778438438,30068.42003848949,148
2023-01-17 01:21:00+00:00,30068.27459058097,30073.051773734962,30061.8188220161,30067.44359515127,500
2023-01-17 09:21:00+00:00,30066.845761850203,30086.22883412122,30056.190683338824,30065.81457893348,603
2023-01-17 17:21:00+00:00,30067.98834288145,30073.062584871426,30053.778398102502,30068.12868080942,153
2023-01-18 01:21:00+00:00,30069.08443955408,30084.974860355047,30060.50220843174,30069.334352219383,978
2023-01-18 09:21:00+00:00,30068.167576163254,30078.53446251837,30057.05352255228,30068.12960372358,215
2023-01-18 17:21:00+00:00,30067.740694160435,30087.5289450588,30065.696159564617,30067.735833530645,105
2023-01-19 01:21:00+00:00,30067.819656817053,30085.214822958515,30049.372947046562,30069.251616693407,342
2023-01-19 09:21:00+00:00,30068.23313219648,30068.830088163453,30058.304208463418,30068.57327790006,103
2023-01-19 17:21:00+00:00,30069.364753986887,30072.081324295807,30067.777922546666,30068.113680275703,583
2023-01-20 01:21:00+00:00,30068.245210949437,30071.71301734955,30065.546810195956,30069.268803240655,777
2023-01-20 09:21:00+00:00,30067.621948173226,30078.71119084939,30064.866637128693,30069.691898314446,739
2023-01-20 17:21:00+00:00,30068.353113700818,30078.282655610685,30061.981146831462,30068.78233034338,400
2023-01-21 01:21:00+00:00,30067.063262643103,30076.514504777006,30062.68022885223,30066.55483764965,374
2023-01-21 09:21:00+00:00,30066.715643008392,30076.777243184544,30048.746255560996,30066.26508860959,148
2023-01-21 17:21:00+00:00,30067.74737168036,30082.25575398494,30053.95253663593,30067.619710363102,963
2023-01-22 01:21:00+00:00,30067.072504021573,30070.905634444975,30063.7032457711,30066.707836205427,781
2023-01-22 09:21:00+00:00,30067.99173354254,30070.41742339886,30055.861821009705,30067.209057535052,110
2023-01-22 17:21:00+00:00,30069.057197961345,30082.517351883165,30068.60697660044,30069.042376597525,246
2023-01-23 01:21:00+00:00,30070.185711840342,30073.911294506233,30054.67315150025,30069.13944931061,553
2023-01-23 09:21:00+00:00,30069.010594156844,30073.884790094304,30049.773254878593,30067.8202974203,969
2023-01-23 17:21:00+00:00,30068.63614764899,30088.534025751203,30054.959983588917,30068.82839251887,258
2023-01-24 01:21:00+00:00,30069.127949973143,30077.09843356494,30064.333575087363,30069.433934935845,435
2023-01-24 09:21:00+00:00,30068.656839885953,30079.862445363076,30066.198052072414,30068.66966422161,584
2023-01-24 17:21:00+00:00,30068.733558282027,30077.320573686105,30053.62008217841,30070.192863071105,697
2023-01-25 01:21:00+00:00,30067.59416833471,30071.57580597229,30065.601106898455,30067.61192315314,953
2023-01-25 09:21:00+00:00,30067.86847939199,30071.055253184913,30062.729321847197,30067.897542285602,186
2023-01-25 17:21:00+00:00,30068.774621127908,30081.717646777004,30058.18853529655,30069.89541607029,276
2023-01-26 01:21:00+00:00,30069.29295606744,30071.33202573454,30050.4759148175,30068.704787307404,217
2023-01-26 09:21:00+00:00,30069.3229683323,30087.644473966386,30059.782754938817,30068.605623901654,355
2023-01-26 17:21:00+00:00,30070.21151019818,30080.241929109197,30053.23503865632,30069.890373565402,391
2023-01-27 01:21:00+00:00,30072.127941918377,30087.20938104815,30068.176684948092,30070.865847566933,783
2023-01-27 09:21:00+00:00,30073.021784933368,30092.880285121933,30060.107502923835,30072.866383871376,637
2023-01-27 17:21:00+00:00,30072.94120344944,30083.822022340697,30054.380741178986,30073.38415263617,743
2023-01-28 01:21:00+00:00,30074.57926264491,30087.512516042767,30055.169574231742,30073.735135988096,161
2023-01-28 09:21:00+00:00,30074.286449247295,30079.911759538358,30073.338855263322,30073.243129585568,810
2023-01-28 17:21:00+00:00,30073.613374270153,30091.362565067753,30057.850437514822,30072.523819819242,309
2023-01-29 01:21:00+00:00,30073.067408624083,30079.542717664684,30063.838801137117,30073.214922139847,472
2023-01-29 09:21:00+00:00,30072.1979695499,30078.922210891033,30066.774359424136,30072.251980187415,294
2023-01-29 17:21:00+00:00,30072.334531447937,30090.46045596817,30053.814576436784,30070.96079252185,388
2023-01-30 01:21:00+00:00,30071.932506266618,30079.06997679539,30056.9686427335,30072.33897661296,750
2023-01-30 09:21:00+00:00,30072.116456231855,30076.204977243746,30056.15736496581,30072.478703232802,528
2023-01-30 17:21:00+00:00,30073.02193282341,30082.87073395813,30066.77854050578,30072.959743448664,515
2023-01-31 01:21:00+00:00,30071.7078075974,30086.952596451232,30064.75016901908,30071.513181320664,784
2023-01-31 09:21:00+00:00,30073.855693069116,30093.38976413676,30067.814640992536,30074.259852077725,117
2023-01-31 17:21:00+00:00,30076.151110240535,30096.103307724927,30065.689137247537,30075.60554056263,410
2023-02-01 01:21:00+00:00,30075.36988152347,30084.25392945096,30071.34001610106,30074.342147534822,987
2023-02-01 09:21:00+00:00,30076.23266013698,30083.485016080434,30062.85560284315,30076.61357883411,192
2023-02-01 17:21:00+00:00,30075.34144755411,30086.060822924395,30063.76970531289,30074.888625231062,871
2023-02-02 01:21:00+00:00,30076.324711930672,30094.130190135846,30072.589245069943,30074.88193925219,148
2023-02-02 09:21:00+00:00,30077.17356615759,30090.919895602787,30059.76512910075,30076.85094278785,314
2023-02-02 17:21:00+00:00,30075.087676161933,30080.20992472096,30056.05048203009,30074.159043051455,426
2023-02-03 01:21:00+00:00,30073.525168678792,30087.99292493577,30064.739753167018,30072.942461556664,816
2023-02-03 09:21:00+00:00,30074.779834946195,30081.332072701643,30071.877426463216,30073.465532599712,621
2023-02-03 17:21:00+00:00,30076.749090057812,30094.088042971787,30068.28261732458,30077.673851124273,187
2023-02-04 01:21:00+00:00,30076.58038047285,30092.455888009983,30059.56712747907,30077.299184591328,781
2023-02-04 09:21:00+00:00,30076.64072455514,30078.009080087682,30065.99743621905,30078.971186370854,238
2023-02-04 17:21:00+00:00,30076.57646454831,30079.41061529686,30064.05057063794,30078.314992201562,106
2023-02-05 01:21:00+00:00,30078.210501743793,30096.49658772484,30076.570837820942,30078.39972827713,809
2023-02-05 09:21:00+00:00,30077.38823929141,30095.34042207672,30060.979131838696,30076.070257999912,535
2023-02-05 17:21:00+00:00,30078.8455551144,30085.384101072403,30061.417826773766,30080.157114171074,716
2023-02-06 01:21:00+00:00,30078.91017564485,30088.70334203027,30062.07824112597,30079.037938401718,740
2023-02-06 09:21:00+00:00,30077.564584799646,30091.45520619192,30058.073095044238,30077.398619216237,393
2023-02-06 17:21:00+00:00,30077.37032447597,30095.960258033632,30070.059335778198,30077.57550976884,918
2023-02-07 01:21:00+00:00,30078.29968733532,30084.053976357394,30064.853042786115,30080.729715532543,456
2023-02-07 09:21:00+00:00,30081.055000414613,30096.567252419518,30062.810522428408,30082.328462552498,810
2023-02-07 17:21:00+00:00,30080.012078601758,30083.69597774565,30066.425782808663,30080.05926236261,324
2023-02-08 01:21:00+00:00,30080.78067600392,30096.650472896366,30065.778901606427,30080.07850589303,500
2023-02-08 09:21:00+00:00,30078.611745152364,30086.597565961387,30061.58729991249,30077.26776888658,603
2023-02-08 17:21:00+00:00,30079.05902865697,30084.861004757287,30069.953896487255,30079.99830547372,899
2023-02-09 01:21:00+00:00,30078.687601016314,30098.23495647552,30061.05005718333,30079.57182862346,347
2023-02-09 09:21:00+00:00,30078.331929393324,30087.65585751197,30059.526248703838,30078.71095267044,453
2023-02-09 17:21:00+00:00,30077.7496832353,30082.430831504204,30076.910000784963,30078.641185435226,511
2023-02-10 01:21:00+00:00,30078.55127645427,30097.26521249466,30072.761534868365,30076.0851910163,959
2023-02-10 09:21:00+00:00,30080.190325758722,30082.643995259194,30069.803212986848,30078.346987258494,338
2023-02-10 17:21:00+00:00,30079.694454697914,30087.91034652573,30065.769352609845,30080.055139071097,544
2023-02-11 01:21:00+00:00,30078.43205870906,30088.930683981824,30065.632088401162,30078.859804327352,845
2023-02-11 09:21:00+00:00,30078.281688828953,30080.95475366106,30071.273989039935,30077.367231892847,847
2023-02-11 17:21:00+00:00,30077.719148962133,30084.876351760457,30077.07523329291,30078.47480931053,576
2023-02-12 01:21:00+00:00,30078.743329400368,30089.115389251045,30076.95291020985,30080.078644415997,281
2023-02-12 09:21:00+00:00,30078.77310859657,30088.262744665262,30071.152994789387,30078.354568388615,740
2023-02-12 17:21:00+00:00,30076.729684165417,30081.151325449307,30061.04467599955,30076.780755810854,698
2023-02-13 01:21:00+00:00,30077.179196111014,30080.591405857354,30064.06128910983,30077.2845566399,320
2023-02-13 09:21:00+00:00,30077.772439766897,30083.44024269309,30061.77263261952,30077.47548413133,932
2023-02-13 17:21:00+00:00,30079.09725423766,30090.828950309256,30064.052065278185,30079.20447304345,569
2023-02-14 01:21:00+00:00,30078.583588960428,30080.605174410637,30066.07138880193,30078.408861184653,989
2023-02-14 09:21:00+00:00,30079.895837079504,30095.74958609314,30072.198513620388,30080.527885137966,635
2023-02-14 17:21:00+00:00,30081.320637574016,30087.81615238685,30080.835662489622,30081.09570708637,265
2023-02-15 01:21:00+00:00,30083.006361019496,30101.001815772615,30082.851171007187,30083.492717935733,242
2023-02-15 09:21:00+00:00,30083.26450726659,30096.602403545985,30080.818420077354,30082.460840865006,150
2023-02-15 17:21:00+00:00,30083.86321650834,30092.095705319214,30076.506947902755,30084.292211117812,159
2023-02-16 01:21:00+00:00,30082.20320967306,30086.766656072967,30067.52633673098,30082.43543631817,203
2023-02-16 09:21:00+00:00,30081.904066158237,30083.539032644396,30072.92824891411,30082.807400208116,210
2023-02-16 17:21:00+00:00,30082.88818245503,30088.28294842401,30066.708728794114,30082.18466804168,744
2023-02-17 01:21:00+00:00,30083.653130352846,30090.76575421717,30078.306965916046,30083.57960314296,862
2023-02-17 09:21:00+00:00,30082.830617381886,30087.68345087213,30063.03279643996,30083.99405439586,893
2023-02-17 17:21:00+00:00,30084.01610617163,30097.659329928167,30080.159096805248,30083.78822874616,298
2023-02-18 01:21:00+00:00,30084.20590961009,30103.93430029197,30080.051595202214,30083.798695857866,604
2023-02-18 09:21:00+00:00,30084.631292138423,30100.186267665347,30075.092480432628,30084.97246012339,916
2023-02-18 17:21:00+00:00,30082.348596919637,30088.361680110153,30081.75354127528,30081.65717098714,228
2023-02-19 01:21:00+00:00,30083.64703168001,30091.579986619643,30070.35962239638,30082.817270009728,664
2023-02-19 09:21:00+00:00,30083.40452393286,30084.884961407155,30069.02760277508,30083.1387110485,656
2023-02-19 17:21:00+00:00,30082.878754585392,30102.77495483624,30072.915060257303,30082.790016460833,230
2023-02-20 01:21:00+00:00,30083.5520046084,30085.78717347828,30082.55935668177,30083.501732424767,549
2023-02-20 09:21:00+00:00,30081.15060630415,30097.26082723257,30062.302306473972,30080.767842988513,315
2023-02-20 17:21:00+00:00,30080.82015077098,30098.75061495457,30078.748192213414,30081.6180626961,161
2023-02-21 01:21:00+00:00,30081.89067117555,30094.842949969796,30066.876050791536,30082.26931079511,152
2023-02-21 09:21:00+00:00,30082.205104247965,30092.74286958333,30063.73461459869,30081.346270427453,216
2023-02-21 17:21:00+00:00,30083.352337218734,30095.861672487605,30074.224508265852,30082.297781277597,698
2023-02-22 01:21:00+00:00,30083.189188413915,30084.492953412675,30079.417100855047,30083.48066996059,152
2023-02-22 09:21:00+00:00,30083.965919069193,30089.11791420193,30083.24441822425,30085.630155069233,734
2023-02-22 17:21:00+00:00,30083.739578353467,30101.50476510569,30071.488307868152,30083.627235354423,375
2023-02-23 01:21:00+00:00,30083.749147484854,30093.006709543544,30065.904409976665,30083.70574438648,896
2023-02-23 09:21:00+00:00,30083.535731940512,30102.0079726831,30074.822244734187,30083.20115182619,937
2023-02-23 17:21:00+00:00,30082.050453455024,30097.888072499336,30080.55261157809,30081.609334773722,531
2023-02-24 01:21:00+00:00,30082.075542164966,30085.81373548906,30062.769323628778,30082.44534003219,635
2023-02-24 09:21:00+00:00,30082.8293738271,30098.647569344776,30066.44227104794,30083.61131677084,436
2023-02-24 17:21:00+00:00,30080.570119562504,30087.459126361504,30066.093035029233,30080.85199808736,397
2023-02-25 01:21:00+00:00,30080.016895871755,30081.917973884163,30076.604125459093,30080.218007901934,836
2023-02-25 09:21:00+00:00,30080.048249838153,30096.9896012027,30072.178334374992,30080.96475469064,485
2023-02-25 17:21:00+00:00,30079.613551414524,30096.387233414036,30067.93228090903,30078.54105012959,742
2023-02-26 01:21:00+00:00,30079.194944016646,30094.48067270023,30077.259314227405,30080.176929841124,141
2023-02-26 09:21:00+00:00,30079.0345119411,30082.544113169053,30075.964203792533,30079.028643952865,522
2023-02-26 17:21:00+00:00,30078.996878203743,30079.931105404554,30065.887463961684,30079.306339300587,383
2023-02-27 01:21:00+00:00,30077.194768185767,30077.223503211964,30068.326129938843,30077.283851067794,104
2023-02-27 09:21:00+00:00,30078.046585396707,30080.069861050433,30077.41123033051,30079.289928592807,663
2023-02-27 17:21:00+00:00,30078.86890801264,30098.371235800303,30072.31884381701,30078.078685829092,973
2023-02-28 01:21:00+00:00,30078.53460611626,30097.230354748255,30064.582829610536,30078.410353498497,756
2023-02-28 09:21:00+00:00,30079.942629729358,30087.08796027507,30065.839202139436,30080.485193179382,827
2023-02-28 17:21:00+00:00,30079.942699577485,30091.27517118493,30073.50884969093,30078.615643516012,987
2023-03-01 01:21:00+00:00,30078.692439431426,30090.22658870621,30063.335406997572,30077.903268213107,259
2023-03-01 09:21:00+00:00,30079.623382231952,30079.874780606282,30073.290399498226,30079.1829835127,716
2023-03-01 17:21:00+00:00,30080.070580648706,30088.544325032097,30074.730038862934,30080.259500697433,938
2023-03-02 01:21:00+00:00,30081.115723169038,30090.233550173118,30074.153608553344,30081.78433986045,519
2023-03-02 09:21:00+00:00,30080.350785576647,30088.48762858732,30073.00820769306,30077.712247537125,949
2023-03-02 17:21:00+00:00,30081.548313282958,30086.851822727072,30065.824499529994,30081.80349395319,152
2023-03-03 01:21:00+00:00,30083.262285043023,30090.00194918346,30076.44362980982,30085.46711817375,880
2023-03-03 09:21:00+00:00,30082.165102922383,30093.56533442936,30078.912177589413,30080.64124678892,101
2023-03-03 17:21:00+00:00,30081.984745604936,30097.432331422864,30066.498745760753,30083.348171372592,985
2023-03-04 01:21:00+00:00,30081.04346641559,30083.569360480633,30080.524281887072,30080.715413412978,598
2023-03-04 09:21:00+00:00,30082.16245801974,30102.11615428924,30063.980779435096,30082.404976307498,435
2023-03-04 17:21:00+00:00,30083.85204937074,30085.50722912807,30079.690274074546,30083.393566863168,989
2023-03-05 01:21:00+00:00,30084.389518089927,30104.265665881954,30067.726575157332,30084.393329411465,941
2023-03-05 09:21:00+00:00,30085.670532177082,30086.733073504125,30079.816874553086,30086.408955252202,927
2023-03-05 17:21:00+00:00,30085.702813962813,30086.98425011044,30079.064936635717,30086.092153871843,740
2023-03-06 01:21:00+00:00,30085.017116465315,30089.75336294773,30083.950670606715,30086.365185902283,189
2023-03-06 09:21:00+00:00,30086.78552101582,30093.460914527932,30085.30591380239,30086.448085641023,386
2023-03-06 17:21:00+00:00,30088.005600582757,30105.249798248766,30076.606955714902,30088.1600360067,771
2023-03-07 01:21:00+00:00,30087.618808231196,30089.80691687377,30069.877333899592,30087.591056087338,783
2023-03-07 09:21:00+00:00,30087.09838092943,30099.01113848738,30072.100507993913,30087.25570456122,958
2023-03-07 17:21:00+00:00,30087.033848067018,30093.642823409264,30068.525100513663,30086.238485727423,827
2023-03-08 01:21:00+00:00,30087.081079953416,30095.32936547215,30081.433942722142,30085.640495461277,791
2023-03-08 09:21:00+00:00,30086.86185688481,30100.551027551814,30084.237451047462,30085.407296458827,709
2023-03-08 17:21:00+00:00,30086.515414897363,30102.13910457184,30076.002858633863,30085.515397283725,264
2023-03-09 01:21:00+00:00,30085.809232036678,30089.44465175176,30079.626971298287,30086.061753876955,755
2023-03-09 09:21:00+00:00,30085.818989211504,30100.789265305022,30070.755070141116,30087.43804893844,272
2023-03-09 17:21:00+00:00,30085.061012475657,30100.77550057486,30078.26232229926,30084.519333757864,588
2023-03-10 01:21:00+00:00,30084.32591095978,30091.770224537282,30073.046544079592,30084.75845640273,717
2023-03-10 09:21:00+00:00,30085.0481812338,30093.173737280413,30079.504260192072,30086.441114003002,900
2023-03-10 17:21:00+00:00,30084.88305687589,30090.496350539477,30078.810779232164,30083.930486248755,637
2023-03-11 01:21:00+00:00,30084.967847562646,30097.542769838554,30073.048779715216,30084.08634506115,346
2023-03-11 09:21:00+00:00,30084.545654810772,30091.80430258802,30083.733363180843,30085.666296588282,178
2023-03-11 17:21:00+00:00,30083.92820475194,30097.52190527251,30080.53051461872,30085.2369280764,907
2023-03-12 01:21:00+00:00,30085.13329953456,30091.07750351671,30068.38702013079,30085.000537932214,144
2023-03-12 09:21:00+00:00,30082.67411071154,30097.36074157372,30078.26370835866,30083.069893463427,982
2023-03-12 17:21:00+00:00,30082.24127855374,30085.670116672605,30077.216363175383,30082.332287353966,278
2023-03-13 01:21:00+00:00,30083.108358720914,30089.729211989245,30065.529235212885,30081.08320039878,347
2023-03-13 09:21:00+00:00,30083.61957179444,30095.84910160194,30077.02950791296,30083.798996148573,709
2023-03-13 17:21:00+00:00,30082.52088553454,30086.181086958906,30080.860492709206,30083.26616956206,986
2023-03-14 01:21:00+00:00,30082.740798062885,30087.035456180438,30079.504992240123,30082.84898392033,409
2023-03-14 09:21:00+00:00,30081.64224305769,30099.14721957242,30062.167774051668,30081.890129391595,953
2023-03-14 17:21:00+00:00,30080.514488523495,30081.60982884219,30064.069832238933,30080.48668830558,447
2023-03-15 01:21:00+00:00,30080.39508083757,30093.817604720545,30067.657319636608,30080.99514900659,200
2023-03-15 09:21:00+00:00,30079.561831972438,30085.640645947773,30069.700523097323,30079.96299859876,104
2023-03-15 17:21:00+00:00,30078.97095885767,30091.549914475083,30077.15746714502,30080.288683086084,395
2023-03-16 01:21:00+00:00,30079.355309423052,30081.77890861787,30078.212607548394,30079.894458474,756
2023-03-16 09:21:00+00:00,30081.14283322483,30096.306851077956,30078.350184326264,30081.0446252869,542
2023-03-16 17:21:00+00:00,30080.91771729478,30090.869400297066,30075.237847472778,30079.69674320495,201
2023-03-17 01:21:00+00:00,30080.43402901622,30099.12518500648,30076.393444116766,30079.928584890848,555
2023-03-17 09:21:00+00:00,30080.978256665065,30100.87414050402,30074.23325433716,30081.502388583896,274
2023-03-17 17:21:00+00:00,30082.078626238705,30096.72908989007,30068.500109343415,30082.076636542966,378
2023-03-18 01:21:00+00:00,30082.74198090284,30091.807524927153,30066.09692820507,30083.234780835977,944
2023-03-18 09:21:00+00:00,30082.83992926053,30087.895408669025,30062.972127156067,30083.555969590776,209
2023-03-18 17:21:00+00:00,30083.570035825993,30093.10866854408,30076.35683912073,30082.777460358364,381
2023-03-19 01:21:00+00:00,30083.565598168247,30091.08213950386,30076.199783656324,30082.058264571446,982
2023-03-19 09:21:00+00:00,30083.841229954756,30086.0326603927,30068.426511380738,30085.328239573642,506
2023-03-19 17:21:00+00:00,30082.350353585414,30098.50075769929,30079.298488026754,30081.859967674416,655
2023-03-20 01:21:00+00:00,30083.140775265332,30091.848678406775,30075.283260238408,30083.959747935267,259
2023-03-20 09:21:00+00:00,30082.696236296826,30096.83297876421,30078.07198296986,30082.20736269937,674
2023-03-20 17:21:00+00:00,30082.532729324586,30090.17002029481,30081.780779029574,30081.762992996253,103
2023-03-21 01:21:00+00:00,30082.72770749022,30099.376347763635,30082.04862275884,30082.148262859253,132
2023-03-21 09:21:00+00:00,30084.123358150897,30098.965847596366,30073.175686619965,30082.530781467412,652
2023-03-21 17:21:00+00:00,30084.66989421135,30100.451636427497,30083.27708243349,30083.52998120734,548
2023-03-22 01:21:00+00:00,30083.142375786505,30086.769715095314,30066.526589781628,30082.50300958719,501
2023-03-22 09:21:00+00:00,30082.98624562502,30098.32484689371,30066.196567276562,30083.318984204547,231
2023-03-22 17:21:00+00:00,30082.92252977802,30100.920860463197,30082.39846501047,30080.44062372811,162
2023-03-23 01:21:00+00:00,30083.318915067626,30099.576531558887,30081.268627046375,30084.52710350802,565
2023-03-23 09:21:00+00:00,30082.376812731,30098.290123856586,30078.658987547227,30083.805803148065,781
2023-03-23 17:21:00+00:00,30082.271885372927,30098.292267146746,30071.259166229025,30083.063418415844,321
2023-03-24 01:21:00+00:00,30081.02185320604,30092.604986113274,30078.460815947405,30080.571396444866,741
2023-03-24 09:21:00+00:00,30081.988929428866,30090.562956361722,30075.795082989633,30083.41574072764,131
2023-03-24 17:21:00+00:00,30083.83659028137,30102.163874540456,30063.871175973407,30082.126936320008,125
2023-03-25 01:21:00+00:00,30082.62490007215,30099.613272075752,30077.85084962497,30083.01298729326,620
2023-03-25 09:21:00+00:00,30082.21504851978,30098.645042169195,30081.62958949751,30083.02114146351,511
2023-03-25 17:21:00+00:00,30082.00334837401,30084.026013403254,30066.838479190847,30082.422893008985,580
2023-03-26 01:21:00+00:00,30082.85891636181,30093.696261663736,30072.050925171276,30080.70441425334,500
2023-03-26 09:21:00+00:00,30084.551192840456,30101.228454879736,30082.093753977493,30084.326653503227,448
2023-03-26 17:21:00+00:00,30085.86252560528,30099.294579096088,30074.219234720364,30086.301814347855,827
2023-03-27 01:21:00+00:00,30085.481105613584,30095.242936757484,30081.815461678238,30084.818157814883,793
2023-03-27 09:21:00+00:00,30085.585239543278,30086.17732275402,30073.01578187229,30085.318112410536,787
2023-03-27 17:21:00+00:00,30085.30876946608,30101.353307453945,30071.770700726665,30084.88594215157,501
2023-03-28 01:21:00+00:00,30085.082542654614,30087.841185098103,30082.687834929122,30084.286694908773,202
2023-03-28 09:21:00+00:00,30086.742991220086,30097.314297723533,30078.100024541138,30087.126976605763,272
2023-03-28 17:21:00+00:00,30087.23993076208,30095.61064104856,30081.150023569906,30087.94296668445,183
2023-03-29 01:21:00+00:00,30086.993095313996,30090.52216559998,30085.894381367816,30087.572433411784,450
2023-03-29 09:21:00+00:00,30087.41395017314,30089.58211064462,30072.633376443653,30084.839286831873,781
2023-03-29 17:21:00+00:00,30086.779641562985,30104.34316737164,30076.756854397256,30087.903274104898,945
2023-03-30 01:21:00+00:00,30087.88613600545,30089.295389355964,30074.86266409543,30087.423521428977,858
2023-03-30 09:21:00+00:00,30088.231597940707,30106.711549815856,30073.091879026706,30089.998843295773,443
2023-03-30 17:21:00+00:00,30087.43324877349,30104.58641302904,30072.448302818997,30088.400192588033,938
2023-03-31 01:21:00+00:00,30086.301582243465,30105.29509020355,30069.39649290615,30085.872870433283,960
2023-03-31 09:21:00+00:00,30086.719879496763,30105.24757400353,30069.91640288192,30085.45540631312,351
2023-03-31 17:21:00+00:00,30086.698681080008,30097.70365693659,30080.766333161086,30086.701196870068,507
2023-04-01 01:21:00+00:00,30086.36743720813,30097.087148464856,30081.087095116065,30086.89396635007,278
2023-04-01 09:21:00+00:00,30087.156480288275,30099.04292843797,30070.246392775538,30086.67876823085,292
2023-04-01 17:21:00+00:00,30088.001078147012,30100.488132968167,30071.89133003144,30088.146646914498,132
2023-04-02 01:21:00+00:00,30086.818473426196,30104.97073675318,30069.04409504319,30086.143963413473,331
2023-04-02 09:21:00+00:00,30085.568061846247,30091.664664571643,30085.333173890347,30086.675995543384,413
2023-04-02 17:21:00+00:00,30085.9188477863,30094.206550002087,30069.96684558756,30086.660632870513,705
2023-04-03 01:21:00+00:00,30085.624864464688,30104.248039748352,30082.149512432563,30085.921581828985,299
2023-04-03 09:21:00+00:00,30085.17963208768,30101.464946457916,30084.233414334383,30085.086813653284,751
2023-04-03 17:21:00+00:00,30084.125106178235,30087.428537263484,30071.703615141334,30084.205867307788,569
2023-04-04 01:21:00+00:00,30084.380747450978,30098.774336145558,30075.469203797635,30081.5700624379,103
2023-04-04 09:21:00+00:00,30085.23482664148,30104.051445321806,30073.13286756506,30081.749579103758,352
2023-04-04 17:21:00+00:00,30086.749740799136,30103.43050685246,30070.707583696996,30086.656019367907,696
2023-04-05 01:21:00+00:00,30086.63656247249,30093.16950801195,30078.008478527026,30086.232309134128,888
2023-04-05 09:21:00+00:00,30086.411514671825,30102.9737373779,30074.89305767242,30086.569761930856,848
2023-04-05 17:21:00+00:00,30087.309000747187,30088.260015508546,30074.932902290002,30085.992461057045,428
2023-04-06 01:21:00+00:00,30087.388945855986,30098.268506220593,30085.55606106602,30088.489995362885,826
2023-04-06 09:21:00+00:00,30087.44697626982,30105.090637155074,30086.144429753527,30087.911377967823,561
2023-04-06 17:21:00+00:00,30089.008088289433,30094.07598543713,30073.346069252893,30090.02385713663,557
2023-04-07 01:21:00+00:00,30088.256116618824,30104.818569040337,30076.187319990324,30086.743890469257,219
2023-04-07 09:21:00+00:00,30087.736813428503,30107.726305749875,30082.24811963831,30088.512879339396,955
2023-04-07 17:21:00+00:00,30087.825695688378,30101.970802892873,30086.28921446524,30089.545357938467,594
2023-04-08 01:21:00+00:00,30087.03371136916,30091.48131769455,30082.209018978992,30086.378777892605,291
2023-04-08 09:21:00+00:00,30087.22354204211,30097.229980247106,30079.410622235282,30087.09037278978,965
2023-04-08 17:21:00+00:00,30086.40784718564,30101.631550751925,30073.260687358754,30086.499807853077,623
2023-04-09 01:21:00+00:00,30086.682153820806,30101.29955641073,30069.145283607282,30085.597336780695,563
2023-04-09 09:21:00+00:00,30087.50563559052,30107.440652178953,30080.819721031094,30087.081428699476,708
2023-04-09 17:21:00+00:00,30088.180078887443,30095.24950280413,30082.016265451013,30088.52147963614,927
2023-04-10 01:21:00+00:00,30088.739687568024,30100.921927088737,30083.637458910456,30090.503637062495,933
2023-04-10 09:21:00+00:00,30088.395161007902,30100.7609396292,30083.247085965962,30089.337878204307,402
2023-04-10 17:21:00+00:00,30089.236049132345,30092.194914890235,30080.33885554729,30088.651519715837,983
2023-04-11 01:21:00+00:00,30090.088907786278,30095.21914008342,30072.18180533726,30089.222940403462,372
2023-04-11 09:21:00+00:00,30090.846665127476,30108.200572565762,30086.789790072275,30090.060793139557,792
2023-04-11 17:21:00+00:00,30090.71925844978,30095.342091902166,30080.00304302028,30090.480584838322,844
2023-04-12 01:21:00+00:00,30088.546025372492,30099.91352503713,30069.23609808539,30087.308109111123,748
2023-04-12 09:21:00+00:00,30087.404057744487,30093.945293925182,30073.01891267479,30086.9109405687,803
2023-04-12 17:21:00+00:00,30087.352787819702,30089.58387033458,30076.62714686611,30088.590327726728,207
2023-04-13 01:21:00+00:00,30086.55813032529,30088.1248019184,30076.361150012013,30087.395463195473,620
2023-04-13 09:21:00+00:00,30086.09962609373,30096.07152400369,30079.288078417005,30084.60612266016,620
2023-04-13 17:21:00+00:00,30085.736321274824,30087.40054602051,30085.396314886304,30087.175972201265,881
2023-04-14 01:21:00+00:00,30085.160191040348,30099.954784351732,30078.941476647873,30085.665766300604,861
2023-04-14 09:21:00+00:00,30086.0984986845,30101.816955714505,30077.594109040412,30085.537324622634,113
2023-04-14 17:21:00+00:00,30087.320861510358,30095.868517285446,30084.668823657972,30089.248829529282,445
2023-04-15 01:21:00+00:00,30087.345542261148,30102.787860466568,30083.063904352624,30087.212075134885,928
2023-04-15 09:21:00+00:00,30088.177218050958,30096.983792978564,30070.593647702597,30086.322851847635,889
2023-04-15 17:21:00+00:00,30088.743242243727,30090.04402117284,30085.24064931623,30088.595540531685,540
2023-04-16 01:21:00+00:00,30089.677525702646,30094.298815911607,30078.222180612946,30090.793438720353,614
2023-04-16 09:21:00+00:00,30089.20677250801,30108.501012407298,30076.670705258566,30087.39613806306,896
2023-04-16 17:21:00+00:00,30088.376517141824,30103.685988349287,30071.871781887898,30088.35011166854,460
2023-04-17 01:21:00+00:00,30088.171833137156,30089.113602162302,30068.957308954126,30088.606631326922,647
2023-04-17 09:21:00+00:00,30087.561353447414,30091.568508211305,30076.729778060224,30087.86749937045,870
2023-04-17 17:21:00+00:00,30085.134188915887,30086.245246512648,30076.772382875144,30084.734062596257,660
2023-04-18 01:21:00+00:00,30086.430834107392,30099.920063076548,30074.598445536038,30087.873945346168,694
2023-04-18 09:21:00+00:00,30087.762849608658,30103.540434040406,30077.308634067802,30087.98911995511,898
2023-04-18 17:21:00+00:00,30088.370718846272,30100.155605106258,30080.1869572531,30086.993309131896,380
2023-04-19 01:21:00+00:00,30087.637444519125,30101.79380491766,30067.704396028974,30087.669189922002,333
2023-04-19 09:21:00+00:00,30088.823812728155,30098.588659059344,30070.611755957107,30088.63449785,169
2023-04-19 17:21:00+00:00,30087.299778768276,30095.07322065264,30075.336648444852,30086.743690460207,419
2023-04-20 01:21:00+00:00,30088.07082159473,30097.745308174482,30074.5395317463,30087.699567282598,751
2023-04-20 09:21:00+00:00,30088.925127748204,30100.987735168917,30080.46652234542,30088.937204851576,350
2023-04-20 17:21:00+00:00,30089.589930097878,30098.207171640384,30079.23541400991,30088.998874766723,763
2023-04-21 01:21:00+00:00,30090.32043219703,30103.322408016542,30070.488948346483,30091.671405253972,268
2023-04-21 09:21:00+00:00,30089.971080825617,30101.231212221195,30084.428600073614,30088.770256750027,157
2023-04-21 17:21:00+00:00,30088.853435392688,30093.616944455305,30075.88681842732,30088.66868789447,613
2023-04-22 01:21:00+00:00,30088.45079199073,30091.442802030833,30077.028655318903,30088.793571765622,866
2023-04-22 09:21:00+00:00,30088.341140578494,30102.190673723544,30072.0007810603,30089.59330003875,750
2023-04-22 17:21:00+00:00,30088.387800277676,30107.799068668195,30079.303383378807,30088.085063832186,910
2023-04-23 01:21:00+00:00,30088.705688953105,30095.00711828974,30079.345955368026,30088.922445852153,521
2023-04-23 09:21:00+00:00,30087.75714186159,30095.796582631803,30077.873029094284,30088.720201348096,542
2023-04-23 17:21:00+00:00,30086.029636594267,30103.637212868765,30074.86781640489,30086.733874431437,799
2023-04-24 01:21:00+00:00,30086.76929921178,30086.849432133542,30075.42029022239,30087.659036127126,256
2023-04-24 09:21:00+00:00,30086.74254409521,30098.905815127906,30076.078623206668,30086.047715367597,309
2023-04-24 17:21:00+00:00,30087.085473738054,30095.031369042634,30077.850929529242,30086.18945422765,533
2023-04-25 01:21:00+00:00,30087.596900413188,30106.584200420028,30084.26720589506,30087.072487234953,351
2023-04-25 09:21:00+00:00,30088.065453636555,30088.803255150164,30087.535790362577,30087.990240849726,523
2023-04-25 17:21:00+00:00,30087.8917752537,30092.180117863732,30085.683326737784,30085.362020804754,671
2023-04-26 01:21:00+00:00,30088.850783995367,30094.234719065367,30084.013184849286,30089.104405033573,540
2023-04-26 09:21:00+00:00,30089.783421177497,30098.72648194148,30082.049530080807,30089.66899893125,578
2023-04-26 17:21:00+00:00,30089.466343684537,30102.680119131215,30084.900812028474,30089.35909750132,230
2023-04-27 01:21:00+00:00,30089.784275751368,30102.54261613391,30074.461158469043,30089.424468515273,768
2023-04-27 09:21:00+00:00,30089.92724588921,30109.286719840984,30076.89891016932,30090.355299484243,683
2023-04-27 17:21:00+00:00,30089.48326243094,30095.64338068514,30080.814922772868,30090.603909821057,739
2023-04-28 01:21:00+00:00,30088.66116453814,30098.889342919098,30077.198424903985,30087.76722546119,140
2023-04-28 09:21:00+00:00,30087.134553098334,30095.23579746233,30080.412067786172,30087.230947965334,972
2023-04-28 17:21:00+00:00,30086.429294587317,30099.383429404974,30072.819863905894,30087.255849377623,844
2023-04-29 01:21:00+00:00,30085.73732863493,30097.121406602804,30067.16492126527,30085.480292434815,159
2023-04-29 09:21:00+00:00,30086.33588281195,30098.440795565155,30077.57141890501,30086.67393024004,418
2023-04-29 17:21:00+00:00,30085.45939958015,30087.199441821147,30081.063702675772,30084.98385640601,112
2023-04-30 01:21:00+00:00,30086.048273308916,30099.53926789164,30077.325623081357,30086.702660673727,902
2023-04-30 09:21:00+00:00,30086.20403351393,30090.490424878568,30069.054912428168,30085.932225075452,104
2023-04-30 17:21:00+00:00,30086.651953679073,30103.18464137015,30071.68984471109,30085.086975834733,243
2023-05-01 01:21:00+00:00,30087.54729044537,30098.482296146318,30084.062004524643,30089.363180565084,213
2023-05-01 09:21:00+00:00,30086.799792809303,30094.99259687159,30072.915908735067,30086.781447779107,905
2023-05-01 17:21:00+00:00,30086.846528831313,30095.70287583448,30071.45405415911,30086.143101591457,280
2023-05-02 01:21:00+00:00,30086.88180551071,30087.797448505215,30069.845753732923,30084.910559873657,627
2023-05-02 09:21:00+00:00,30086.8130846342,30096.955238418985,30072.53981327876,30087.357498401016,453
2023-05-02 17:21:00+00:00,30086.871894833956,30105.750211247803,30077.367406449706,30087.919433668787,889
2023-05-03 01:21:00+00:00,30086.696328384758,30097.02364214422,30068.942439087747,30089.678914372646,130
2023-05-03 09:21:00+00:00,30087.24175067008,30088.170630311128,30084.81339415746,30088.15630864532,317
2023-05-03 17:21:00+00:00,30087.064133994732,30093.971165629744,30085.5965359559,30085.689442651164,402
2023-05-04 01:21:00+00:00,30085.974807136805,30089.812064851147,30082.88747722713,30085.68048196437,803
2023-05-04 09:21:00+00:00,30085.284300750907,30102.856474502572,30066.645902006137,30082.641496155913,516
2023-05-04 17:21:00+00:00,30085.241430499824,30097.32598135019,30079.34344397784,30086.96297356113,153
2023-05-05 01:21:00+00:00,30085.54569317899,30103.619528207986,30067.621327843073,30084.0279596642,420
2023-05-05 09:21:00+00:00,30085.89238706819,30087.549597815945,30077.257836562952,30086.336362259528,799
2023-05-05 17:21:00+00:00,30084.34198180594,30097.868718711135,30083.90784050644,30083.22693589851,323
2023-05-06 01:21:00+00:00,30083.56234210987,30084.072897999526,30082.9934956257,30084.191691617976,410
2023-05-06 09:21:00+00:00,30083.937720069214,30091.805579572036,30081.30675492648,30085.721640082684,630
2023-05-06 17:21:00+00:00,30084.959548744773,30100.334968418432,30078.95508208683,30085.888597949892,273
2023-05-07 01:21:00+00:00,30084.560279448924,30090.017259985616,30068.238512155698,30083.83717750521,407
2023-05-07 09:21:00+00:00,30082.858580149623,30097.385383871326,30077.18103785662,30080.992493810987,706
2023-05-07 17:21:00+00:00,30083.753011155386,30087.546157693218,30066.743544963694,30085.370687343955,274
2023-05-08 01:21:00+00:00,30082.842294201182,30102.319080991663,30063.992103075645,30083.08356274087,188
2023-05-08 09:21:00+00:00,30083.26971086382,30099.90067010784,30063.691067686403,30084.245695324385,936
2023-05-08 17:21:00+00:00,30083.898758145497,30099.518218581947,30064.500190463434,30084.099467175525,400
2023-05-09 01:21:00+00:00,30083.415656148965,30086.75597223458,30080.985408261724,30084.2225408764,218
2023-05-09 09:21:00+00:00,30083.471580064084,30099.666031587923,30074.720424243238,30082.739646001042,109
2023-05-09 17:21:00+00:00,30084.906069802408,30097.593439614535,30065.011315991833,30083.14748074686,240
2023-05-10 01:21:00+00:00,30085.385703955046,30095.194893638305,30078.764885711687,30085.061816976548,934
2023-05-10 09:21:00+00:00,30084.05150728886,30098.87338799138,30069.403458935027,30084.804791679642,140
2023-05-10 17:21:00+00:00,30083.19134742885,30091.15336171388,30077.448563856415,30083.33780533203,566
2023-05-11 01:21:00+00:00,30083.801244679536,30084.134633996808,30081.83354306083,30083.100952751378,143
2023-05-11 09:21:00+00:00,30083.370347232823,30097.33358330283,30076.740574176594,30082.0116575527,717
2023-05-11 17:21:00+00:00,30083.15782637328,30083.25364785659,30072.002129562123,30082.836408045485,307
2023-05-12 01:21:00+00:00,30080.912909188526,30095.728633550425,30074.12549410459,30082.05638819222,232
2023-05-12 09:21:00+00:00,30080.500522844497,30099.267021890573,30067.836899848073,30080.871963467005,181
2023-05-12 17:21:00+00:00,30080.918160471443,30087.936801676937,30067.467323384517,30079.567526802515,426
2023-05-13 01:21:00+00:00,30080.290754194226,30088.048779704633,30071.406463779553,30080.136350037767,159
2023-05-13 09:21:00+00:00,30080.24888119902,30099.66068051172,30073.58748499198,30080.993669267766,454
2023-05-13 17:21:00+00:00,30080.387399111693,30098.50501746184,30068.957433490916,30078.956158437988,834
2023-05-14 01:21:00+00:00,30082.40449300666,30095.632443098282,30063.677932591763,30082.173125951722,637
2023-05-14 09:21:00+00:00,30081.93052794107,30088.93147854249,30065.054182844124,30081.931578945092,102
2023-05-14 17:21:00+00:00,30082.297003004867,30092.19856584406,30071.132169793287,30082.981379528388,740
2023-05-15 01:21:00+00:00,30082.02627418332,30099.12706617396,30064.007535698187,30082.911206131612,293
2023-05-15 09:21:00+00:00,30080.83707517287,30083.810448304597,30061.518417420193,30080.92991394682,792
2023-05-15 17:21:00+00:00,30081.573818289893,30095.07106273818,30065.832322315095,30081.418178338405,537
2023-05-16 01:21:00+00:00,30080.751774009823,30085.734634915993,30064.535294223297,30081.235309692984,656
2023-05-16 09:21:00+00:00,30082.3135068513,30098.49050536118,30063.634146102424,30082.57038022656,257
2023-05-16 17:21:00+00:00,30080.92084310216,30090.836081812573,30075.43931674685,30081.278394209574,409
2023-05-17 01:21:00+00:00,30082.430433267924,30100.25958009546,30081.02887201157,30081.89423108958,922
2023-05-17 09:21:00+00:00,30082.88906392572,30086.61699992505,30082.774687172594,30082.717183310222,717
2023-05-17 17:21:00+00:00,30081.60804665425,30100.543297640193,30076.366640985143,30081.16841167977,666
2023-05-18 01:21:00+00:00,30081.622057434557,30094.63201060238,30068.52236494625,30080.892251079535,699
2023-05-18 09:21:00+00:00,30079.817576951187,30091.28925204032,30062.223010019705,30081.975116651694,288
2023-05-18 17:21:00+00:00,30080.19891467271,30082.33983602969,30073.520029450618,30079.60832809409,967
2023-05-19 01:21:00+00:00,30079.74043345555,30081.525418365734,30071.415387220823,30079.05705836852,606
2023-05-19 09:21:00+00:00,30079.88965352739,30084.252064837732,30078.359435962706,30081.3483598777,769
2023-05-19 17:21:00+00:00,30079.969941563282,30087.646628620958,30075.24032751064,30080.448079261187,290
2023-05-20 01:21:00+00:00,30078.470015593033,30086.290796365338,30069.145606525824,30079.7555299017,672
2023-05-20 09:21:00+00:00,30077.898065529283,30080.240533854507,30060.450911773823,30078.879377692636,224
2023-05-20 17:21:00+00:00,30077.83852956982,30081.87479049342,30073.893036865342,30076.660117801803,256
2023-05-21 01:21:00+00:00,30079.54634279216,30083.835623470666,30074.85748762917,30078.9722133266,945
2023-05-21 09:21:00+00:00,30080.9661730487,30081.082048596087,30073.863289040015,30082.206922592035,220
2023-05-21 17:21:00+00:00,30080.77158097,30096.246600067883,30061.69757514334,30080.963974665035,951
2023-05-22 01:21:00+00:00,30081.796272245138,30089.624272407913,30079.589237077085,30081.809168256044,270
2023-05-22 09:21:00+00:00,30080.046608477616,30096.216300005635,30062.137189441026,30081.896486540667,792
2023-05-22 17:21:00+00:00,30079.610091866245,30084.50292928396,30063.014808491058,30079.225644334143,881
2023-05-23 01:21:00+00:00,30080.93109929023,30088.250019831026,30062.308074232362,30080.89367165411,765
2023-05-23 09:21:00+00:00,30082.754502596454,30094.025167728705,30080.270924466313,30083.537657041423,690
2023-05-23 17:21:00+00:00,30084.417535906756,30094.736916303296,30070.89756822385,30082.91799426752,419
2023-05-24 01:21:00+00:00,30085.200610566764,30091.70173317812,30083.322997794443,30085.63192673798,315
2023-05-24 09:21:00+00:00,30086.536839503467,30086.62846135907,30068.060676547633,30084.87710012288,842
2023-05-24 17:21:00+00:00,30087.879600665983,30100.15029270049,30084.011117326,30088.602824742495,858
2023-05-25 01:21:00+00:00,30087.61557078389,30104.36928218942,30080.80761358969,30086.423474593692,996
2023-05-25 09:21:00+00:00,30087.966380346974,30100.255404019117,30079.72209777292,30088.805469207786,552
2023-05-25 17:21:00+00:00,30088.3413075037,30094.274291149948,30074.913147955634,30087.365065550297,244
2023-05-26 01:21:00+00:00,30088.545422600397,30092.972277762143,30079.08350906646,30089.669438211135,595
2023-05-26 09:21:00+00:00,30088.16438367673,30099.70348182211,30084.143780526243,30089.863483960482,375
2023-05-26 17:21:00+00:00,30087.08499934042,30087.55114226475,30071.03590017892,30087.173149950813,395
2023-05-27 01:21:00+00:00,30086.085833472524,30094.31586134778,30076.992169960777,30087.26161772782,579
2023-05-27 09:21:00+00:00,30085.518952622697,30093.460572021195,30078.7079118187,30085.281043769606,841
2023-05-27 17:21:00+00:00,30086.356346562945,30089.627170872423,30083.399248966874,30084.838822302987,284
2023-05-28 01:21:00+00:00,30086.549540973658,30104.446077728986,30079.415378208145,30086.227367743715,284
2023-05-28 09:21:00+00:00,30087.672167416447,30089.11831967509,30084.83152438315,30085.205662002223,472
2023-05-28 17:21:00+00:00,30088.75007980181,30089.807343304106,30073.63021977581,30089.515184952546,352
2023-05-29 01:21:00+00:00,30089.5670201269,30094.29786873382,30088.727153536478,30089.86517297009,454
2023-05-29 09:21:00+00:00,30090.90943381443,30110.455171924914,30071.212924080668,30090.922774402672,648
2023-05-29 17:21:00+00:00,30091.905819886226,30098.04343099963,30090.6842847285,30091.94464721613,885
2023-05-30 01:21:00+00:00,30093.166580613393,30111.698630746218,30087.92280633983,30092.654797853716,517
2023-05-30 09:21:00+00:00,30092.768559414573,30097.09476963959,30080.19345480736,30091.086343403935,138
2023-05-30 17:21:00+00:00,30093.144716900562,30102.37159049376,30085.633912706777,30092.443773252173,150
2023-05-31 01:21:00+00:00,30093.45341373195,30094.696988438616,30078.383754786588,30094.065265233854,251
2023-05-31 09:21:00+00:00,30094.187482664765,30100.98566492206,30079.952323898524,30096.217062950265,524
2023-05-31 17:21:00+00:00,30094.720466264615,30099.97343099831,30083.402098518305,30093.52002672974,357
2023-06-01 01:21:00+00:00,30094.874701334862,30102.06513472339,30079.209704367833,30096.23214185494,146
2023-06-01 09:21:00+00:00,30093.593251328777,30112.879845161387,30087.964212328072,30092.540146116127,483
2023-06-01 17:21:00+00:00,30092.58877601212,30107.915871072673,30077.128458203886,30092.226849903494,365
2023-06-02 01:21:00+00:00,30091.56032890993,30095.231892217613,30082.309926366932,30093.615823388096,524
2023-06-02 09:21:00+00:00,30091.770176454193,30106.35467099819,30080.129762177447,30090.33231754578,161
2023-06-02 17:21:00+00:00,30091.65790126364,30097.048722258558,30079.14587194844,30090.888346757347,129
2023-06-03 01:21:00+00:00,30093.9205258566,30094.43161804515,30082.427949319168,30092.844068529812,728
2023-06-03 09:21:00+00:00,30092.83501121613,30107.583864355383,30079.343067672362,30091.039431208523,965
2023-06-03 17:21:00+00:00,30092.20081268506,30095.161224932912,30091.039661640367,30092.44384559457,893
2023-06-04 01:21:00+00:00,30092.294104230157,30107.60089953114,30088.45960809792,30090.8390838269,394
2023-06-04 09:21:00+00:00,30091.295877618235,30109.30187967568,30081.752601607626,30091.638380454347,313
2023-06-04 17:21:00+00:00,30090.972467845226,30094.336045230335,30089.71244194685,30089.692852256027,533
2023-06-05 01:21:00+00:00,30091.24766532955,30102.058484568806,30087.231230197016,30092.516642501578,677
2023-06-05 09:21:00+00:00,30088.185889984514,30092.41477841926,30070.16582792546,30088.187568522437,468
2023-06-05 17:21:00+00:00,30087.761432512558,30095.766725598845,30069.269393101175,30087.154456245295,387
2023-06-06 01:21:00+00:00,30088.534839276377,30096.99305546493,30085.70161286937,30088.744785143295,462
2023-06-06 09:21:00+00:00,30089.665677326066,30103.70562682101,30085.69671910039,30090.90460268786,586
2023-06-06 17:21:00+00:00,30089.76610193367,30108.879368472448,30082.917723112314,30090.428688408218,694
2023-06-07 01:21:00+00:00,30089.590382680257,30108.61165835572,30081.788512885858,30090.29329567491,546
2023-06-07 09:21:00+00:00,30088.852099509604,30100.088519430883,30084.516280177926,30089.150007361393,698
2023-06-07 17:21:00+00:00,30089.698455320966,30095.904906921172,30085.2980722175,30091.420282134346,772
2023-06-08 01:21:00+00:00,30089.58252969095,30108.533531866182,30078.45320855393,30088.726584481643,850
2023-06-08 09:21:00+00:00,30088.9264647085,30108.894288594794,30079.795789866665,30088.632532076103,357
2023-06-08 17:21:00+00:00,30087.94219064779,30095.223901332392,30076.328650274212,30086.96212377512,892
2023-06-09 01:21:00+00:00,30089.287465361773,30108.938582777148,30076.219263914834,30089.400689987568,396
2023-06-09 09:21:00+00:00,30088.464936902816,30105.46114040247,30085.541326710954,30090.11763556801,863
2023-06-09 17:21:00+00:00,30086.74648991259,30088.468974969095,30077.5198963934,30085.934791216714,201
2023-06-10 01:21:00+00:00,30086.593153503578,30101.952682141287,30084.485617168066,30086.55659490006,727
2023-06-10 09:21:00+00:00,30086.477277194812,30089.237268235385,30071.021096777407,30087.418521300613,930
2023-06-10 17:21:00+00:00,30088.03378487718,30094.686108927766,30080.310952227555,30086.494808254633,117
2023-06-11 01:21:00+00:00,30087.103718670834,30100.77061400807,30068.736456078375,30085.541147727614,829
2023-06-11 09:21:00+00:00,30086.11369250445,30089.813432473587,30073.584388181083,30087.267060584643,720
2023-06-11 17:21:00+00:00,30084.692347011645,30090.700196758844,30079.41235294192,30085.33868479119,379
2023-06-12 01:21:00+00:00,30084.127843944516,30096.86544382977,30072.405297196077,30082.870477341767,828
2023-06-12 09:21:00+00:00,30083.531167823225,30087.859073830605,30080.037771217285,30082.746650515503,178
2023-06-12 17:21:00+00:00,30082.323684247254,30095.985834960495,30072.32837263668,30080.47693546991,130
2023-06-13 01:21:00+00:00,30081.50051200451,30091.40909231082,30064.22548492673,30080.54212889221,615
2023-06-13 09:21:00+00:00,30082.227749918973,30088.1796224754,30074.76190090613,30082.62759555605,254
2023-06-13 17:21:00+00:00,30081.633904076898,30101.5312232291,30079.78426776072,30081.43827688878,313
2023-06-14 01:21:00+00:00,30080.44630936138,30093.598632383597,30069.024696643723,30081.070162829412,557
2023-06-14 09:21:00+00:00,30079.342289162476,30087.90916653757,30078.25986320953,30076.924191198315,428
2023-06-14 17:21:00+00:00,30080.343509120212,30082.556497476908,30075.967159640084,30080.991474861912,147
2023-06-15 01:21:00+00:00,30080.905581900464,30083.886213670987,30067.452990877446,30080.750717699244,768
2023-06-15 09:21:00+00:00,30080.919786648323,30097.075471606022,30064.356432458124,30080.775545813773,255
2023-06-15 17:21:00+00:00,30080.394331419677,30092.994176059256,30062.556616897444,30081.272938181082,102
2023-06-16 01:21:00+00:00,30080.785826665586,30089.308201437376,30078.418533976004,30081.70021769167,139
2023-06-16 09:21:00+00:00,30080.71484580621,30090.969870407036,30063.082560901512,30079.564107903796,866
2023-06-16 17:21:00+00:00,30080.833573617027,30095.116709598573,30075.45124460881,30082.049600456496,942
2023-06-17 01:21:00+00:00,30081.423906143576,30083.705031863476,30064.001188935017,30082.27935757892,570
2023-06-17 09:21:00+00:00,30079.728112749763,30093.763198648485,30069.945111979054,30078.86913473351,269
2023-06-17 17:21:00+00:00,30079.31389938045,30093.325753422643,30068.771851798483,30079.588282639274,735
2023-06-18 01:21:00+00:00,30079.669865314598,30096.535735448404,30066.02119817333,30081.067466625573,528
2023-06-18 09:21:00+00:00,30080.375753647408,30095.794434329055,30068.12470967876,30080.399806784557,614
2023-06-18 17:21:00+00:00,30080.48882035772,30090.16076706172,30068.304189694885,30080.2830558862,223
2023-06-19 01:21:00+00:00,30080.66301484494,30093.45535852623,30079.81245333527,30080.82214527328,375
2023-06-19 09:21:00+00:00,30081.861521484523,30093.73281650571,30075.06062494115,30080.41770507942,244
2023-06-19 17:21:00+00:00,30082.636129974144,30090.30416907727,30073.48261915923,30083.14434687225,831
2023-06-20 01:21:00+00:00,30081.297202806534,30094.611171806562,30071.37721188654,30081.685661701034,722
2023-06-20 09:21:00+00:00,30080.050161297982,30096.856344835767,30071.833001345756,30079.410958591998,962
2023-06-20 17:21:00+00:00,30080.388786193387,30087.443955339484,30068.40803608731,30080.19699170467,479
2023-06-21 01:21:00+00:00,30081.557044229936,30081.730701175624,30068.79247763122,30080.88708451309,965
2023-06-21 09:21:00+00:00,30082.945328530193,30093.63594003007,30063.42469209568,30082.00185470297,373
2023-06-21 17:21:00+00:00,30083.754961005907,30089.02287628877,30073.897633636676,30084.386297648703,352
2023-06-22 01:21:00+00:00,30083.445557044557,30098.151078815754,30077.012838461418,30083.55540283547,474
2023-06-22 09:21:00+00:00,30081.93993593992,30089.930161667733,30073.74569356057,30082.78445664076,616
2023-06-22 17:21:00+00:00,30081.65559036373,30089.539582687277,30075.49562914572,30082.501389574776,469
2023-06-23 01:21:00+00:00,30083.106794266147,30096.60786746062,30067.490267724672,30083.874582217464,842
2023-06-23 09:21:00+00:00,30083.371647449352,30096.450027078314,30074.93607942535,30084.42758552524,702
2023-06-23 17:21:00+00:00,30083.386447434546,30101.325396259803,30075.833746916596,30083.498159700626,654
2023-06-24 01:21:00+00:00,30082.01942355214,30092.716280026707,30062.470375304474,30081.708784161423,665
2023-06-24 09:21:00+00:00,30082.97687535554,30099.352949149987,30063.914267595035,30081.594391758557,341
2023-06-24 17:21:00+00:00,30083.806716307754,30102.929496224464,30078.410357683453,30083.608619277442,362
2023-06-25 01:21:00+00:00,30085.198172769757,30097.010806025737,30080.90816733335,30084.452340288703,968
2023-06-25 09:21:00+00:00,30083.129220429517,30099.447230154805,30070.31355906989,30082.577995548927,607
2023-06-25 17:21:00+00:00,30083.846014875446,30098.532920864942,30083.635531945423,30083.643721485736,183
2023-06-26 01:21:00+00:00,30083.625956994514,30084.206499929656,30083.466209946546,30084.068180196806,996
2023-06-26 09:21:00+00:00,30084.388389314703,30089.624422123266,30069.529811094955,30083.807261434267,945
2023-06-26 17:21:00+00:00,30083.30778478966,30083.31276394468,30063.627013423353,30083.14547065998,174
2023-06-27 01:21:00+00:00,30083.008634230308,30095.273664803197,30081.611594969523,30083.677616683482,636
2023-06-27 09:21:00+00:00,30084.853767584842,30095.622078466764,30072.43550898191,30087.288882800953,356
2023-06-27 17:21:00+00:00,30084.179229651887,30092.61958724637,30076.367284035903,30083.161917663667,240
2023-06-28 01:21:00+00:00,30085.245776374526,30090.62706529705,30074.552432757464,30084.314384010522,113
2023-06-28 09:21:00+00:00,30085.44440944179,30105.154934414157,30068.20259302902,30086.232824339026,138
2023-06-28 17:21:00+00:00,30086.912194593402,30093.27426334549,30084.43415586634,30085.143232197075,958
2023-06-29 01:21:00+00:00,30085.83050107361,30097.420144616248,30069.429966888878,30085.39571421214,310
2023-06-29 09:21:00+00:00,30085.15600348812,30085.84483819252,30073.57558994113,30087.26120264019,815
2023-06-29 17:21:00+00:00,30085.71922407263,30087.51192791234,30084.647274374118,30084.717400716454,151
2023-06-30 01:21:00+00:00,30086.65136584288,30096.956709049937,30082.457155769265,30085.82509881018,302
2023-06-30 09:21:00+00:00,30085.48479323936,30103.68244168642,30075.90953579331,30086.286610223604,647
2023-06-30 17:21:00+00:00,30085.205520336942,30094.09022532005,30074.40973516392,30085.156790089517,298
2023-07-01 01:21:00+00:00,30085.586560895143,30103.914908386814,30070.974772648337,30086.421195862185,889
2023-07-01 09:21:00+00:00,30084.515054837913,30095.59079778094,30067.000669072553,30083.65458759268,490
2023-07-01 17:21:00+00:00,30084.693764647018,30097.419438839246,30070.179681170124,30082.401947328428,567
2023-07-02 01:21:00+00:00,30085.07324978155,30085.149234387423,30083.73081316197,30085.23575486301,295
2023-07-02 09:21:00+00:00,30084.180928994647,30086.162009091757,30073.228874067066,30084.127890905365,823
2023-07-02 17:21:00+00:00,30085.20042451397,30095.120622698298,30084.609470050014,30085.86017916504,607
2023-07-03 01:21:00+00:00,30086.117624297163,30090.30174436862,30073.579981434308,30084.605143497454,678
2023-07-03 09:21:00+00:00,30084.951578647746,30098.32669194136,30075.793400432514,30085.431829773337,283
2023-07-03 17:21:00+00:00,30086.379886503444,30099.55918107879,30069.623588963812,30087.780633903534,981
2023-07-04 01:21:00+00:00,30086.521698311255,30087.966671190476,30071.903301789025,30087.98801561417,324
2023-07-04 09:21:00+00:00,30086.171422186435,30102.04221682849,30067.012913622315,30085.7742286036,970
2023-07-04 17:21:00+00:00,30087.22645842187,30103.115550064107,30071.583914897892,30087.392161124724,749
2023-07-05 01:21:00+00:00,30087.88418571592,30093.950735294387,30074.611935860168,30086.072944029707,564
2023-07-05 09:21:00+00:00,30087.52016074742,30097.756466225695,30082.090880730655,30087.75407842195,301
2023-07-05 17:21:00+00:00,30086.729999225085,30093.65856953826,30069.27291135784,30086.809015080493,973
2023-07-06 01:21:00+00:00,30087.37110673351,30102.873908321915,30084.290972498136,30086.46173216101,482
2023-07-06 09:21:00+00:00,30087.35867678754,30106.100600207046,30068.554506910787,30087.261515858034,542
2023-07-06 17:21:00+00:00,30088.268286467108,30104.99319397708,30085.271960708036,30088.52555682284,975
2023-07-07 01:21:00+00:00,30087.871084790124,30097.039707290853,30073.95161921563,30087.227268562965,497
2023-07-07 09:21:00+00:00,30087.29241648191,30089.82479834831,30081.207972315795,30086.29199297909,126
2023-07-07 17:21:00+00:00,30087.921636591414,30091.733535381092,30082.896437084582,30088.11503347463,298
2023-07-08 01:21:00+00:00,30090.891912584473,30095.552825542076,30089.32081763862,30092.202668106143,204
2023-07-08 09:21:00+00:00,30091.975125079665,30108.46469827563,30090.241656230937,30092.908541751192,435
2023-07-08 17:21:00+00:00,30094.384805100235,30095.88167565933,30089.009316980206,30093.360247698572,688
2023-07-09 01:21:00+00:00,30093.357875808277,30099.639072444374,30076.37373156915,30093.648130709964,463
2023-07-09 09:21:00+00:00,30092.081937510873,30106.027147584195,30076.30074950263,30093.465320618518,706
2023-07-09 17:21:00+00:00,30092.22575011336,30098.96164150543,30080.493774529405,30092.940953801215,319
2023-07-10 01:21:00+00:00,30091.18445186046,30101.327534606116,30086.43923828283,30090.897102892504,672
2023-07-10 09:21:00+00:00,30091.39641903571,30099.249884869194,30086.090963870327,30091.692153165368,352
2023-07-10 17:21:00+00:00,30090.79528850375,30096.19549121476,30076.30916491437,30090.87598924604,591
2023-07-11 01:21:00+00:00,30091.046024984887,30108.064100854954,30088.64935827289,30092.00967388262,505
2023-07-11 09:21:00+00:00,30091.16800255839,30097.597841868293,30086.423872734966,30090.10763126837,631
2023-07-11 17:21:00+00:00,30091.396045354555,30096.1614325179,30085.31076129292,30091.965138311978,845
2023-07-12 01:21:00+00:00,30090.903845802248,30106.924663393293,30082.401421658433,30091.464187794147,295
2023-07-12 09:21:00+00:00,30090.181618083836,30103.404184020234,30073.19951060808,30091.48609716582,111
2023-07-12 17:21:00+00:00,30091.02907805739,30108.317983042984,30077.02860985783,30091.51685709076,755
2023-07-13 01:21:00+00:00,30093.08793685213,30111.557122933595,30085.021979246696,30094.470400186896,532
2023-07-13 09:21:00+00:00,30094.06517583368,30094.4584464596,30092.445058925296,30095.29768904592,731
2023-07-13 17:21:00+00:00,30093.97136500431,30095.25830113943,30081.968715491468,30094.491226737002,600
2023-07-14 01:21:00+00:00,30092.932448014646,30111.197273822367,30089.102880868242,30091.410107037133,541
2023-07-14 09:21:00+00:00,30092.70778260105,30098.11936906826,30090.157942289592,30092.03176916387,980
2023-07-14 17:21:00+00:00,30092.978222957732,30109.410813956045,30076.572515644395,30093.302168619823,179
2023-07-15 01:21:00+00:00,30093.180411944486,30111.44826905175,30090.61045357599,30093.007640474523,404
2023-07-15 09:21:00+00:00,30094.32607320628,30096.40058094945,30079.19121749321,30095.292382482417,381
2023-07-15 17:21:00+00:00,30092.517445023714,30104.3169840946,30089.28416450933,30091.802785458178,952
2023-07-16 01:21:00+00:00,30093.966293219873,30100.45839048487,30083.929075811593,30094.481523074537,549
2023-07-16 09:21:00+00:00,30094.93402002558,30110.792872046146,30080.572995042367,30094.011613289185,667
2023-07-16 17:21:00+00:00,30095.342063968474,30097.847242664124,30078.58831977589,30095.87904584215,662
2023-07-17 01:21:00+00:00,30094.990809300798,30095.020833325118,30077.60263030358,30095.67523908791,462
2023-07-17 09:21:00+00:00,30095.703872987408,30115.106561284458,30087.58231402584,30094.775362999586,710
2023-07-17 17:21:00+00:00,30094.509743206818,30100.332079541993,30084.866802654786,30092.130835090975,336
2023-07-18 01:21:00+00:00,30094.30735611054,30097.698498167818,30074.53696575301,30093.341149028663,253
2023-07-18 09:21:00+00:00,30093.563906741634,30105.426031135576,30074.005986442444,30093.271015733008,860
2023-07-18 17:21:00+00:00,30093.971909428576,30098.929985204853,30080.180827902303,30093.13235180718,109
2023-07-19 01:21:00+00:00,30093.24542289142,30102.87201589536,30092.06830942916,30093.06526677049,774
2023-07-19 09:21:00+00:00,30092.42580596777,30093.461215473246,30089.223686151876,30092.76673493214,242
2023-07-19 17:21:00+00:00,30092.935366603368,30112.198824839532,30080.781247275136,30094.47477764323,232
2023-07-20 01:21:00+00:00,30091.49584977068,30106.963883494234,30073.789476545502,30089.941894830514,766
2023-07-20 09:21:00+00:00,30092.585990380972,30106.217910986186,30087.29695254065,30092.703658237257,993
2023-07-20 17:21:00+00:00,30092.775035265193,30094.1083367008,30077.1780894689,30093.030606340464,683
2023-07-21 01:21:00+00:00,30092.245173422132,30097.58098549054,30083.048660437595,30091.976423887703,359
2023-07-21 09:21:00+00:00,30093.65119401195,30105.05644505188,30082.660030905878,30092.438798187028,963
2023-07-21 17:21:00+00:00,30091.387106991227,30104.512425992878,30073.021328708848,30090.24333630418,694
2023-07-22 01:21:00+00:00,30092.028974476783,30092.033517184656,30091.675730475108,30093.28930617713,838
2023-07-22 09:21:00+00:00,30091.69632854823,30094.49054297928,30084.573552199585,30093.07237447454,523
2023-07-22 17:21:00+00:00,30091.992916865856,30095.402491101606,30088.534480999806,30091.828528684793,935
2023-07-23 01:21:00+00:00,30093.399775906553,30112.898978091624,30089.75484837707,30093.386248621628,221
2023-07-23 09:21:00+00:00,30094.928814914743,30107.938261998985,30093.040762696262,30094.630450704844,610
2023-07-23 17:21:00+00:00,30095.659896021632,30107.318874434717,30077.444886284666,30095.017413347017,666
2023-07-24 01:21:00+00:00,30095.974159762227,30108.671546008434,30089.953849072557,30096.546415763063,663
2023-07-24 09:21:00+00:00,30097.22734575787,30104.354276292484,30087.20606414674,30097.481621172577,692
2023-07-24 17:21:00+00:00,30097.380597997002,30098.227041782182,30092.784830122684,30096.873405602895,769
2023-07-25 01:21:00+00:00,30098.97917526204,30103.7920155221,30098.517475996236,30098.193951153433,226
2023-07-25 09:21:00+00:00,30099.27259280936,30106.667964828808,30090.8208088216,30098.538745282214,714
2023-07-25 17:21:00+00:00,30101.475119118502,30103.841709265253,30090.744253117962,30101.219344334473,670
2023-07-26 01:21:00+00:00,30101.808073054366,30118.522750926637,30099.942881331972,30102.495765464577,180
2023-07-26 09:21:00+00:00,30101.669842151237,30107.98919442788,30087.27363119066,30102.154453763447,878
2023-07-26 17:21:00+00:00,30101.403362095098,30112.669109588398,30088.36261981867,30101.759072764857,645
2023-07-27 01:21:00+00:00,30101.728868360562,30104.597364379602,30094.206451124985,30102.20664046456,673
2023-07-27 09:21:00+00:00,30103.55582419756,30114.520999101635,30094.135640619537,30103.904273396143,857
2023-07-27 17:21:00+00:00,30104.276417320198,30109.526810196767,30095.5153899407,30104.627358355665,983
2023-07-28 01:21:00+00:00,30106.24177370603,30118.433467822968,30087.92593601636,30107.85272857761,274
2023-07-28 09:21:00+00:00,30104.084588787937,30123.076059308383,30087.949483049964,30104.452560680016,914
2023-07-28 17:21:00+00:00,30104.272240183174,30108.557697340286,30092.041526611356,30106.185240611725,930
2023-07-29 01:21:00+00:00,30104.462482573803,30124.34909471634,30100.866016588654,30104.285097645745,481
2023-07-29 09:21:00+00:00,30103.953888778833,30108.6864814353,30100.86609121223,30105.36391844325,878
2023-07-29 17:21:00+00:00,30105.241720354472,30112.070849904252,30090.682009015556,30105.91667324789,317
2023-07-30 01:21:00+00:00,30106.51510225467,30112.60952807656,30101.377082399427,30105.932670913597,600
2023-07-30 09:21:00+00:00,30108.91119050839,30125.970089270344,30100.860163212015,30109.218194354202,762
2023-07-30 17:21:00+00:00,30109.2042150575,30114.521995768082,30103.239854872598,30107.28421660468,604
2023-07-31 01:21:00+00:00,30110.659651328042,30116.153838629787,30106.793064864676,30112.039774075998,846
2023-07-31 09:21:00+00:00,30113.19049854076,30120.244715428482,30107.815826067726,30113.5978177695,467
2023-07-31 17:21:00+00:00,30113.49990263805,30119.654146142326,30096.125765807916,30114.132380486124,510
2023-08-01 01:21:00+00:00,30114.65272977455,30115.69581212118,30095.028478577206,30115.562948597482,806
2023-08-01 09:21:00+00:00,30113.84174494277,30120.87147885153,30094.093650782786,30113.92967513144,646
2023-08-01 17:21:00+00:00,30113.34306996524,30131.479280255127,30100.339260176257,30112.78495549532,117
2023-08-02 01:21:00+00:00,30115.78655457788,30126.697738764607,30100.78018564976,30115.786988402724,435
2023-08-02 09:21:00+00:00,30115.518084338604,30133.619929991222,30106.41176872868,30115.947945992357,404
2023-08-02 17:21:00+00:00,30115.965409569933,30123.08539052001,30103.21516638856,30115.721534581397,965
2023-08-03 01:21:00+00:00,30116.533394448492,30133.86178937141,30112.188710305127,30115.99289179977,685
2023-08-03 09:21:00+00:00,30116.14956518818,30127.200039785843,30112.288962928105,30117.233368538007,731
2023-08-03 17:21:00+00:00,30115.4573034824,30117.197093490446,30111.47889653546,30115.986918051156,831
2023-08-04 01:21:00+00:00,30115.86953270757,30116.102043163522,30114.46941189996,30115.597034970382,678
2023-08-04 09:21:00+00:00,30116.52262718545,30122.889008403614,30103.68397451402,30115.644584422178,849
2023-08-04 17:21:00+00:00,30115.406183191702,30133.008134489173,30106.82873317024,30116.605328413807,597
2023-08-05 01:21:00+00:00,30115.147929875297,30128.90084941229,30100.48588192564,30116.01676381575,393
2023-08-05 09:21:00+00:00,30114.66742048268,30123.327950301773,30109.586124275505,30114.02297139881,220
2023-08-05 17:21:00+00:00,30115.327474805672,30120.053630178718,30106.58795826268,30115.657994948822,942
2023-08-06 01:21:00+00:00,30114.4898595581,30124.58902096992,30098.85692244098,30113.898196432187,620
2023-08-06 09:21:00+00:00,30115.863558515663,30122.77475187865,30101.703028366202,30115.768014462017,150
2023-08-06 17:21:00+00:00,30119.16300362086,30121.35212536624,30111.64807124281,30121.08027898642,884
2023-08-07 01:21:00+00:00,30118.855424642803,30133.882931010303,30114.702410988622,30119.38406609863,119
2023-08-07 09:21:00+00:00,30120.338922760835,30139.627791455878,30106.58698414024,30121.640000070594,861
2023-08-07 17:21:00+00:00,30119.980976207196,30133.288539688085,30109.5673930284,30120.48457798455,370
2023-08-08 01:21:00+00:00,30120.464873436144,30139.7494870265,30101.329481433946,30120.224776317922,662
2023-08-08 09:21:00+00:00,30119.74738136408,30131.33012033402,30108.300531360142,30120.19966886215,634
2023-08-08 17:21:00+00:00,30121.73984512026,30128.5806200779,30111.213451316627,30122.235912703298,241
2023-08-09 01:21:00+00:00,30121.504004719027,30141.15029291258,30112.310134458538,30121.118695910674,838
2023-08-09 09:21:00+00:00,30122.096993245654,30127.11808383729,30121.215877300387,30123.56844409402,498
2023-08-09 17:21:00+00:00,30122.713241240737,30138.51528070099,30113.351733918444,30123.64331850004,528
2023-08-10 01:21:00+00:00,30125.06129010229,30130.434941390104,30112.95397320569,30123.430423007667,851
2023-08-10 09:21:00+00:00,30124.228303179138,30133.810199217663,30119.416676600893,30124.63386479661,696
2023-08-10 17:21:00+00:00,30123.97991602443,30129.778312519815,30108.512788276195,30122.90991028045,743
2023-08-11 01:21:00+00:00,30123.361363661126,30140.730149653755,30120.314174388575,30125.219668063273,898
2023-08-11 09:21:00+00:00,30123.897992861916,30123.954859654797,30111.852966489547,30123.86903653798,418
2023-08-11 17:21:00+00:00,30124.911619992494,30127.731020190553,30109.92783106423,30125.023718644712,621
2023-08-12 01:21:00+00:00,30123.887484783387,30126.103485304833,30107.41706034039,30122.628649230755,306
2023-08-12 09:21:00+00:00,30123.79997606617,30131.578484622052,30113.97235076749,30123.083776926407,692
2023-08-12 17:21:00+00:00,30124.994302992705,30134.195315452223,30111.07258314428,30126.197058686877,227
2023-08-13 01:21:00+00:00,30124.272454386537,30131.80488169318,30106.64084906031,30125.29247979564,882
2023-08-13 09:21:00+00:00,30123.839973913768,30127.751762990563,30113.149943172597,30124.568494899995,842
2023-08-13 17:21:00+00:00,30122.017791305803,30141.633323960352,30117.636829194777,30121.068410528882,533
2023-08-14 01:21:00+00:00,30120.77679844231,30127.795656119026,30108.335347771685,30121.118749835652,936
2023-08-14 09:21:00+00:00,30120.964383091406,30137.430495138167,30110.471554968317,30120.341815131473,833
2023-08-14 17:21:00+00:00,30121.261963635545,30121.52485093003,30114.572516221946,30120.899105243454,474
2023-08-15 01:21:00+00:00,30123.7849414735,30137.751681976915,30108.37445479707,30123.572535735817,750
2023-08-15 09:21:00+00:00,30125.026053445185,30139.18649943967,30116.148317670526,30123.60156465621,115
2023-08-15 17:21:00+00:00,30124.56830377911,30140.04924240865,30123.749461607993,30124.12182935452,488
2023-08-16 01:21:00+00:00,30124.725679369563,30136.58771934023,30108.40361086254,30126.75374496815,761
2023-08-16 09:21:00+00:00,30124.27381036989,30140.380643769004,30119.211990064818,30124.22550171946,562
2023-08-16 17:21:00+00:00,30123.200958207915,30141.3298363023,30117.34960292454,30121.34706867681,539
2023-08-17 01:21:00+00:00,30121.57014114051,30137.94580933187,30118.471037562897,30121.765332977862,526
2023-08-17 09:21:00+00:00,30122.486146003128,30126.01594450444,30113.728903788007,30122.656600885115,666
2023-08-17 17:21:00+00:00,30122.05896636922,30132.021102649793,30106.79335219604,30120.404389978674,992
2023-08-18 01:21:00+00:00,30122.573371731116,30131.546686677,30104.224929918935,30122.304801031765,742
2023-08-18 09:21:00+00:00,30121.593832625094,30129.60725389305,30104.764493685852,30121.74282223446,779
2023-08-18 17:21:00+00:00,30121.95055008825,30136.944212039503,30113.181134665792,30121.851175855012,986
2023-08-19 01:21:00+00:00,30121.262869563907,30127.44149341466,30115.327728570992,30122.0750747043,438
2023-08-19 09:21:00+00:00,30121.0115424491,30135.773416845404,30103.112789733343,30120.182654194738,641
2023-08-19 17:21:00+00:00,30120.427180247498,30122.796172129063,30108.595543232903,30119.822094530755,213
2023-08-20 01:21:00+00:00,30120.276580544287,30122.916977724268,30104.068679369033,30120.65257263725,764
2023-08-20 09:21:00+00:00,30121.122885949193,30137.658036972098,30114.43924158663,30120.133772944984,568
2023-08-20 17:21:00+00:00,30121.918183768703,30135.78654883382,30103.34659643833,30122.02300075814,845
2023-08-21 01:21:00+00:00,30121.361865600527,30126.054622775515,30113.188691673182,30120.761759040106,466
2023-08-21 09:21:00+00:00,30119.99793971333,30137.878641033534,30109.85804418195,30120.167230195373,382
2023-08-21 17:21:00+00:00,30119.714737410934,30120.662199100945,30118.905865210472,30119.795536452246,496
2023-08-22 01:21:00+00:00,30117.497350719314,30118.73148390843,30099.357115681774,30118.380625056274,480
2023-08-22 09:21:00+00:00,30118.615962195025,30138.406247678904,30100.133409259382,30118.919665094843,148
2023-08-22 17:21:00+00:00,30119.449556294658,30127.958913250102,30105.784377493062,30121.263114433692,108
2023-08-23 01:21:00+00:00,30119.242966844737,30135.648777062826,30111.201197073446,30120.007860136622,705
2023-08-23 09:21:00+00:00,30119.34252982827,30136.39845021797,30111.277912055844,30119.22625691086,983
2023-08-23 17:21:00+00:00,30119.615067463757,30125.31515121197,30113.349294493917,30119.631098374386,950
2023-08-24 01:21:00+00:00,30119.173585771397,30130.26867378062,30116.06710344255,30119.43997193044,308
2023-08-24 09:21:00+00:00,30118.66325920132,30126.987876707866,30112.462058350167,30117.332327605738,101
2023-08-24 17:21:00+00:00,30118.323717365573,30125.146654552915,30110.018765639135,30118.506738221873,537
2023-08-25 01:21:00+00:00,30117.702646965285,30122.915849534078,30113.535107089985,30117.83322306028,320
2023-08-25 09:21:00+00:00,30118.86047391119,30127.367634458726,30108.168776130504,30118.949684668736,326
2023-08-25 17:21:00+00:00,30118.157053674728,30136.016380768462,30101.83903545078,30117.70538837846,123
2023-08-26 01:21:00+00:00,30117.98381187782,30134.901193720547,30105.442863918346,30117.26008593112,262
2023-08-26 09:21:00+00:00,30118.602592871786,30120.06251804624,30116.054395879015,30118.385337409007,172
2023-08-26 17:21:00+00:00,30120.14990409062,30120.30986432903,30101.479376798245,30122.72692508484,504
2023-08-27 01:21:00+00:00,30120.048446634177,30122.229661957117,30107.78616185211,30120.779275990844,759
2023-08-27 09:21:00+00:00,30119.21691678531,30134.18394171206,30118.555732894627,30118.363372338834,829
2023-08-27 17:21:00+00:00,30120.057934187756,30126.91095590112,30108.418503856316,30119.596285125455,417
2023-08-28 01:21:00+00:00,30121.989142239254,30125.766189811526,30116.36592360316,30120.982704281818,300
2023-08-28 09:21:00+00:00,30121.258295130265,30138.586568444494,30104.848578316956,30120.59001281722,685
2023-08-28 17:21:00+00:00,30121.29892884787,30138.033598403876,30117.271909858046,30120.869998065744,867
2023-08-29 01:21:00+00:00,30122.187600026245,30124.39249602428,30114.482059545328,30121.4964848902,973
2023-08-29 09:21:00+00:00,30121.520458621988,30125.092281915902,30111.610490518182,30121.658619541253,243
2023-08-29 17:21:00+00:00,30120.92379625897,30130.828889478853,30114.19892346648,30121.322267027128,551
2023-08-30 01:21:00+00:00,30122.391460231574,30130.50482191706,30106.59564758878,30123.155705948142,404
2023-08-30 09:21:00+00:00,30122.849150797985,30132.828655167217,30121.588666704316,30124.84064794161,182
2023-08-30 17:21:00+00:00,30124.204628764834,30142.367201365632,30108.863816290097,30121.56076919811,207
2023-08-31 01:21:00+00:00,30121.7820473218,30131.813720615035,30104.73986483632,30120.904024989573,292
2023-08-31 09:21:00+00:00,30120.174013313175,30126.42757292004,30102.07982837711,30119.305471842366,631
2023-08-31 17:21:00+00:00,30120.102999001407,30121.937153305797,30112.105382770133,30119.823544389044,997
2023-09-01 01:21:00+00:00,30121.28539367985,30135.552296952093,30117.112297649255,30122.222143122337,477
2023-09-01 09:21:00+00:00,30122.930290739547,30133.82123832333,30114.54106165422,30122.15417509583,965
2023-09-01 17:21:00+00:00,30123.31554590512,30142.789146703188,30108.15752768591,30122.08868828663,642
2023-09-02 01:21:00+00:00,30122.81525507089,30137.64894452771,30104.13917321197,30122.831383474168,742
2023-09-02 09:21:00+00:00,30123.221120819344,30128.496175197506,30107.926586252026,30121.005218680704,469
2023-09-02 17:21:00+00:00,30124.191326082095,30129.058020023444,30108.558297938755,30124.926795125055,643
2023-09-03 01:21:00+00:00,30124.495087441363,30124.650805449666,30122.20778522021,30124.217250194768,787
2023-09-03 09:21:00+00:00,30124.68200673123,30135.23553808579,30116.036518646546,30124.839333029668,550
2023-09-03 17:21:00+00:00,30125.04926072175,30142.811768459003,30117.660836310428,30124.65209335006,593
2023-09-04 01:21:00+00:00,30124.281031692535,30138.968205400648,30115.98665061315,30122.835626976488,688
2023-09-04 09:21:00+00:00,30124.35439264648,30139.55922934796,30110.964132044377,30124.44409027979,119
2023-09-04 17:21:00+00:00,30124.25600903696,30129.737009252996,30110.333334255243,30124.802800620215,753
2023-09-05 01:21:00+00:00,30123.124489390426,30139.338707713985,30104.16035809828,30121.720911172186,136
2023-09-05 09:21:00+00:00,30124.79477991201,30144.667996188466,30116.099790607186,30124.898812903408,105
2023-09-05 17:21:00+00:00,30123.60983554196,30127.32162519374,30112.374867526978,30123.838628229078,959
2023-09-06 01:21:00+00:00,30123.442602903844,30123.867051330537,30120.602875669032,30123.426771494105,784
2023-09-06 09:21:00+00:00,30124.683817391575,30135.35874305524,30114.975991971412,30125.004994689996,982
2023-09-06 17:21:00+00:00,30124.914673185132,30140.385393776658,30117.72650492158,30126.32009163503,729
2023-09-07 01:21:00+00:00,30125.768774504166,30134.545421050567,30112.62786037179,30124.90849407702,742
2023-09-07 09:21:00+00:00,30126.10055965328,30139.99444827524,30122.182388837726,30126.107559535594,694
2023-09-07 17:21:00+00:00,30126.041229448245,30138.948835750904,30117.68253732307,30125.360203145465,427
2023-09-08 01:21:00+00:00,30127.22562640375,30133.983751880747,30114.877156896335,30128.814938666415,569
2023-09-08 09:21:00+00:00,30127.715295661117,30137.59956534217,30117.335481185128,30126.46349980778,359
2023-09-08 17:21:00+00:00,30127.799599810685,30132.110690542886,30118.56252421461,30126.921494358714,857
2023-09-09 01:21:00+00:00,30127.22031965989,30143.31598749589,30118.059509866678,30127.111625295438,353
2023-09-09 09:21:00+00:00,30127.649951374002,30142.305871386357,30123.503325240625,30126.35610866501,290
2023-09-09 17:21:00+00:00,30125.796140528302,30144.693735330715,30123.38902970079,30126.109643323605,729
2023-09-10 01:21:00+00:00,30125.4111644896,30142.360316504437,30107.735999975543,30126.521464202367,596
2023-09-10 09:21:00+00:00,30126.24740367018,30145.879548068442,30113.01133894145,30125.23411893239,498
2023-09-10 17:21:00+00:00,30126.72082199483,30129.333891625018,30108.522349609982,30126.851310343525,136
2023-09-11 01:21:00+00:00,30126.61805250776,30139.8609241302,30109.14217192049,30128.44309786523,949
2023-09-11 09:21:00+00:00,30126.376672240804,30131.806980228732,30121.087540893677,30126.624319087692,168
2023-09-11 17:21:00+00:00,30126.739567950583,30132.098872535415,30111.816338309967,30125.659946429,272
2023-09-12 01:21:00+00:00,30125.70839921653,30128.613826541754,30107.315908114848,30125.655731116683,962
2023-09-12 09:21:00+00:00,30125.773989664736,30138.784761737283,30116.8256402902,30124.824195245863,665
2023-09-12 17:21:00+00:00,30124.78281041909,30143.667109541566,30119.82530821496,30124.672883337986,857
2023-09-13 01:21:00+00:00,30124.152059173313,30127.885229292602,30122.500277321556,30125.262012897885,270
2023-09-13 09:21:00+00:00,30123.514923763265,30124.215917579066,30121.227579233797,30122.35791373556,489
2023-09-13 17:21:00+00:00,30123.892546217307,30125.055051329913,30104.028848275524,30124.309162503767,899
2023-09-14 01:21:00+00:00,30123.539222274972,30141.299757150613,30122.155307394765,30124.40947157477,919
2023-09-14 09:21:00+00:00,30125.061581768565,30144.995888341364,30120.341828561588,30125.713160126477,130
2023-09-14 17:21:00+00:00,30125.07430010398,30128.750084260642,30118.304116254236,30126.002485387035,854
2023-09-15 01:21:00+00:00,30125.12468978808,30130.76175303917,30106.170985790395,30124.6016362346,479
2023-09-15 09:21:00+00:00,30123.981806146545,30128.868420421928,30121.737459490298,30124.244118015384,823
2023-09-15 17:21:00+00:00,30124.211292269596,30139.835469450238,30120.865779752883,30126.31804643368,746
2023-09-16 01:21:00+00:00,30124.069389067452,30142.535753017488,30109.45157885775,30123.754015657487,696
2023-09-16 09:21:00+00:00,30124.300687252708,30130.566299863764,30108.06768257121,30125.180253591272,943
2023-09-16 17:21:00+00:00,30125.533168103815,30142.410752468368,30115.551307517053,30124.571933381452,425
2023-09-17 01:21:00+00:00,30124.874738043145,30136.042143523064,30111.518649673617,30123.799413284203,310
2023-09-17 09:21:00+00:00,30126.2064040395,30136.081342316695,30108.518481737978,30125.76271200007,417
2023-09-17 17:21:00+00:00,30126.861303319223,30145.5543424,30123.971291457383,30125.55685731273,444
2023-09-18 01:21:00+00:00,30126.703300083755,30132.682168220654,30124.414492312128,30127.283650125923,454
2023-09-18 09:21:00+00:00,30124.899406091634,30131.26772911751,30117.132236029836,30124.157544718135,748
2023-09-18 17:21:00+00:00,30126.64966335605,30129.201625927373,30119.949910316976,30126.990457203086,964
2023-09-19 01:21:00+00:00,30126.84884489311,30126.994146415047,30111.93853156551,30127.323821626793,459
2023-09-19 09:21:00+00:00,30127.633967755784,30139.863736994346,30117.50376228972,30127.205026787,551
2023-09-19 17:21:00+00:00,30125.62411461495,30137.035412505305,30118.831021072114,30124.942601431183,525
2023-09-20 01:21:00+00:00,30125.926248345382,30142.98055702354,30123.133356117418,30124.05908101007,748
2023-09-20 09:21:00+00:00,30126.487853683015,30132.142665357496,30119.155725683504,30128.56607651289,207
2023-09-20 17:21:00+00:00,30126.22865938648,30136.589715810358,30106.255147385717,30127.89459742977,479
2023-09-21 01:21:00+00:00,30124.746921144444,30126.036138120868,30118.101758466222,30125.184797812602,817
2023-09-21 09:21:00+00:00,30124.47075950173,30137.894525372227,30112.22424090483,30121.80998485473,186
2023-09-21 17:21:00+00:00,30124.869210631336,30127.835890829112,30105.151739985922,30125.161752150147,830
2023-09-22 01:21:00+00:00,30126.273696496075,30133.57400007895,30110.00395047503,30127.067084853377,690
2023-09-22 09:21:00+00:00,30124.805342682266,30125.740292860177,30109.77850912097,30124.36523058914,670
2023-09-22 17:21:00+00:00,30125.506640669315,30144.503405685857,30116.166911038243,30125.33269773867,562
2023-09-23 01:21:00+00:00,30124.885546420723,30135.766166714355,30121.9526169557,30125.266713770485,590
2023-09-23 09:21:00+00:00,30124.385528096685,30138.775960589715,30120.65552253543,30123.87399425813,728
2023-09-23 17:21:00+00:00,30123.639927405475,30133.80765256126,30114.518878382412,30122.744916605803,668
2023-09-24 01:21:00+00:00,30123.592846694835,30135.51574423892,30121.66790684904,30123.62029208797,331
2023-09-24 09:21:00+00:00,30122.55824666143,30137.473050780456,30118.4081331626,30124.571120302375,335
2023-09-24 17:21:00+00:00,30121.378245731983,30123.582197429107,30120.205222126915,30120.228234163937,148
2023-09-25 01:21:00+00:00,30122.193052670664,30125.677922262712,30108.442426783127,30120.783984413094,587
2023-09-25 09:21:00+00:00,30121.86483429038,30133.060186458926,30117.35970009678,30121.432581725196,982
2023-09-25 17:21:00+00:00,30122.245681422944,30123.128523744395,30116.542796876565,30121.14144248453,300
2023-09-26 01:21:00+00:00,30123.64122117724,30137.29763958454,30109.58546876778,30123.76782148721,567
2023-09-26 09:21:00+00:00,30124.12741837004,30142.574800187154,30105.33963503541,30123.71676435009,410
2023-09-26 17:21:00+00:00,30122.710046472712,30139.90067020651,30111.508287529254,30123.80436493098,631
2023-09-27 01:21:00+00:00,30121.806645532622,30124.979934668445,30108.60583879195,30120.572172510576,500
2023-09-27 09:21:00+00:00,30122.008238143884,30128.774107892,30107.522036930077,30123.21766664655,575
2023-09-27 17:21:00+00:00,30121.078492371616,30133.420968412305,30103.225828163708,30119.010610162546,153
2023-09-28 01:21:00+00:00,30121.31274459834,30137.861538982914,30120.595541687948,30123.3649945892,816
2023-09-28 09:21:00+00:00,30119.432918536913,30121.634333391517,30101.61782738641,30119.028512969493,180
2023-09-28 17:21:00+00:00,30117.948649333564,30134.77362581534,30109.612499407143,30119.54825600767,469
2023-09-29 01:21:00+00:00,30116.646196979476,30130.41440881905,30109.202245740602,30115.41736700947,867
2023-09-29 09:21:00+00:00,30115.013204050225,30131.55753012371,30106.760730723367,30115.182078963084,408
2023-09-29 17:21:00+00:00,30116.123744074743,30125.160974132872,30107.398780272888,30116.314706068093,822
2023-09-30 01:21:00+00:00,30115.193000638366,30129.49017776663,30107.807945670207,30116.18233454678,791
2023-09-30 09:21:00+00:00,30117.611398250156,30121.346388815728,30103.9460936916,30117.782256424733,616
2023-09-30 17:21:00+00:00,30117.32092095291,30136.53081092342,30114.60829828983,30118.35161034389,858
2023-10-01 01:21:00+00:00,30116.548938459404,30125.2197314616,30103.036721743218,30117.382223714172,244
2023-10-01 09:21:00+00:00,30116.552177749967,30129.548043253784,30099.021411604546,30116.956735890944,622
2023-10-01 17:21:00+00:00,30116.52757159441,30121.695535028775,30107.961569017676,30115.647996554355,517
2023-10-02 01:21:00+00:00,30116.462789770783,30123.834927505013,30108.84623694488,30117.094081047762,915
2023-10-02 09:21:00+00:00,30117.17999781876,30126.01848844568,30102.6882911055,30117.9537922675,543
2023-10-02 17:21:00+00:00,30117.265257973766,30134.59027800397,30109.361218128102,30116.579112927462,165
2023-10-03 01:21:00+00:00,30118.33724785668,30130.73746652187,30109.299723220603,30117.939097787465,406
2023-10-03 09:21:00+00:00,30117.150372088952,30134.19547208955,30098.41174749151,30117.896403109033,716
2023-10-03 17:21:00+00:00,30117.76875230839,30132.900613292866,30109.786467557733,30118.9775927524,708
2023-10-04 01:21:00+00:00,30116.92506116323,30129.407888825168,30108.259575278622,30117.706015368316,598
2023-10-04 09:21:00+00:00,30116.587198042915,30127.301207338314,30101.479270081134,30118.964908943493,256
2023-10-04 17:21:00+00:00,30115.58748437669,30118.724699168724,30109.162707734304,30113.30946997262,388
2023-10-05 01:21:00+00:00,30115.483188122817,30128.137661287215,30097.49593664672,30116.89487602741,348
2023-10-05 09:21:00+00:00,30118.69057389853,30136.449262297603,30108.998524836887,30119.071138411524,244
2023-10-05 17:21:00+00:00,30120.005255150918,30120.694345964104,30118.185484499663,30119.628989382956,649
2023-10-06 01:21:00+00:00,30121.14821348697,30126.77766989731,30115.95924344764,30121.21770558229,621
2023-10-06 09:21:00+00:00,30119.356320627652,30123.887350716657,30117.660785109085,30119.66470294726,805
2023-10-06 17:21:00+00:00,30118.752876292547,30130.367098339986,30110.376564224876,30117.946946392,870
2023-10-07 01:21:00+00:00,30119.623835578786,30124.761933959355,30103.956961560518,30118.829794300796,145
2023-10-07 09:21:00+00:00,30120.353106786824,30135.61839517723,30115.378137884778,30120.519200399907,103
2023-10-07 17:21:00+00:00,30120.66582745703,30140.354226620067,30107.6174279009,30119.576604779897,372
2023-10-08 01:21:00+00:00,30121.58133251275,30123.11339791636,30108.198422266774,30123.71542106048,142
2023-10-08 09:21:00+00:00,30119.375766883175,30120.997443884127,30104.778933216094,30118.871148420065,957
2023-10-08 17:21:00+00:00,30117.56184784794,30125.5770837845,30110.75698878527,30117.78477063916,217
2023-10-09 01:21:00+00:00,30117.50051397625,30126.822107971388,30106.467327929324,30118.017506419823,631
2023-10-09 09:21:00+00:00,30116.753785390476,30118.367323148348,30111.450037574334,30116.76557378397,358
2023-10-09 17:21:00+00:00,30117.744954381444,30137.591016336297,30100.122156325822,30118.254465831727,404
2023-10-10 01:21:00+00:00,30116.407779459718,30135.04883106586,30110.789154936316,30115.4813011733,395
2023-10-10 09:21:00+00:00,30116.40110763741,30121.5604418812,30110.700882915833,30115.192662970243,628
2023-10-10 17:21:00+00:00,30115.259982099415,30120.663617582555,30101.70444680879,30115.827771553602,375
2023-10-11 01:21:00+00:00,30113.818669297867,30128.693120893102,30110.86569114848,30113.643415584385,219
2023-10-11 09:21:00+00:00,30113.06097807568,30115.04136136219,30111.926352045546,30112.86615904531,838
2023-10-11 17:21:00+00:00,30113.710520395733,30126.759002455587,30109.074728779266,30114.1100441756,427
2023-10-12 01:21:00+00:00,30112.45859783933,30115.446752552332,30111.58354760613,30112.929275904407,615
2023-10-12 09:21:00+00:00,30114.0655017527,30125.552145676615,30103.332146770183,30114.579636482787,553
2023-10-12 17:21:00+00:00,30113.965391802136,30126.772542477294,30103.76357793662,30114.20111789501,423
2023-10-13 01:21:00+00:00,30113.504158438223,30125.11796417964,30112.214731781118,30113.2994148604,289
2023-10-13 09:21:00+00:00,30112.04022036321,30118.01498828398,30098.58241600066,30111.842226975,175
2023-10-13 17:21:00+00:00,30111.45246814871,30112.814373502555,30101.07542312626,30112.046685358084,658
2023-10-14 01:21:00+00:00,30111.6409969494,30118.40520810838,30104.255088610273,30110.937769297667,454
2023-10-14 09:21:00+00:00,30111.898539946476,30115.51761596657,30107.79538132149,30112.65691661513,982
2023-10-14 17:21:00+00:00,30112.131106308192,30116.917970859275,30105.23258703422,30111.14845897604,168
2023-10-15 01:21:00+00:00,30112.3557348141,30115.121123521498,30110.525009151297,30112.2375016384,570
2023-10-15 09:21:00+00:00,30112.593485318896,30115.768775667602,30110.561305566967,30111.816480707206,548
2023-10-15 17:21:00+00:00,30112.54111698402,30132.0945246971,30098.06340340335,30112.250760292376,260
2023-10-16 01:21:00+00:00,30112.120697458486,30121.440514514285,30095.212792430397,30110.150839593185,997
2023-10-16 09:21:00+00:00,30113.90465499006,30127.25023129692,30109.193715997528,30112.7126054186,524
2023-10-16 17:21:00+00:00,30112.91133908887,30120.914422557133,30094.375477185724,30110.634257008205,752
2023-10-17 01:21:00+00:00,30113.623178353668,30122.208055668165,30105.9571630472,30115.529597276727,170
2023-10-17 09:21:00+00:00,30114.686219675943,30128.914620246243,30111.061558462552,30115.24618854485,964
2023-10-17 17:21:00+00:00,30114.1341151297,30120.842681603506,30111.562740655536,30115.30103910078,114
2023-10-18 01:21:00+00:00,30114.8772364822,30127.786525974316,30110.726379786905,30114.756092724034,227
2023-10-18 09:21:00+00:00,30114.604482577597,30114.835133505316,30100.012157030193,30113.5480287868,872
2023-10-18 17:21:00+00:00,30115.081619830533,30121.234110708738,30097.536469045914,30116.64191645241,208
2023-10-19 01:21:00+00:00,30114.759810087882,30116.2510443565,30101.840835342704,30115.020357456986,574
2023-10-19 09:21:00+00:00,30113.49111517559,30130.105083795686,30111.685681456936,30114.27942333914,388
2023-10-19 17:21:00+00:00,30114.338861966087,30133.84833497659,30113.437118934038,30114.25198005755,617
2023-10-20 01:21:00+00:00,30116.202733215046,30132.303849783835,30105.278389950472,30115.920919431184,727
2023-10-20 09:21:00+00:00,30113.58578286775,30130.330562665906,30109.90664877137,30114.936282717885,530
2023-10-20 17:21:00+00:00,30114.03938093596,30114.83524404744,30098.503601934855,30113.38425279648,857
2023-10-21 01:21:00+00:00,30114.18623826522,30129.74369743695,30103.866563950753,30113.94939968607,131
2023-10-21 09:21:00+00:00,30114.674963514874,30116.553531377314,30095.348493603324,30114.69269889365,387
2023-10-21 17:21:00+00:00,30111.731907843372,30114.97398310863,30100.514692427092,30112.364505223733,239
2023-10-22 01:21:00+00:00,30112.274934346493,30129.015225981722,30099.861644832814,30111.942627548942,535
2023-10-22 09:21:00+00:00,30113.82695027346,30119.729814080194,30103.580153992865,30115.313104390934,706
2023-10-22 17:21:00+00:00,30112.427755747616,30112.438109773226,30110.91034604099,30112.34332094115,720
2023-10-23 01:21:00+00:00,30113.261165103213,30115.738611893106,30097.99125560871,30114.310911811575,567
2023-10-23 09:21:00+00:00,30114.327856951404,30128.9409559257,30095.95856337856,30114.18655266674,140
2023-10-23 17:21:00+00:00,30115.32705687654,30134.244599114583,30104.59972967534,30114.139693986053,689
2023-10-24 01:21:00+00:00,30117.097766094208,30133.814301104463,30106.698687612286,30117.357444397432,844
2023-10-24 09:21:00+00:00,30119.02311603435,30135.131392621588,30100.685300332978,30118.11033994079,986
2023-10-24 17:21:00+00:00,30119.57596667757,30120.55705243756,30106.857792764935,30120.710807322368,481
2023-10-25 01:21:00+00:00,30118.42742994945,30121.703966334306,30108.852138145983,30117.802492332277,727
2023-10-25 09:21:00+00:00,30119.696495072036,30133.538298746014,30104.172298480236,30120.108306355254,386
2023-10-25 17:21:00+00:00,30121.666060393043,30133.940392540822,30111.216521006565,30121.349563050368,685
2023-10-26 01:21:00+00:00,30121.036388028035,30121.24794938484,30119.634568029935,30120.41699088846,548
2023-10-26 09:21:00+00:00,30122.43483928593,30127.269957170945,30110.943094503324,30122.840819378744,785
2023-10-26 17:21:00+00:00,30122.768396789397,30126.699898859682,30118.30978881328,30122.35909110065,963
2023-10-27 01:21:00+00:00,30124.276669515322,30127.039064574925,30116.429753360506,30122.991999518203,976
2023-10-27 09:21:00+00:00,30123.578638570547,30136.82273445972,30107.386670209915,30122.592185618694,357
2023-10-27 17:21:00+00:00,30125.257467120653,30140.955301199843,30120.823711002166,30126.219700791615,461
2023-10-28 01:21:00+00:00,30125.60299136001,30132.96635987475,30110.5127736271,30127.28532910552,958
2023-10-28 09:21:00+00:00,30125.81612897555,30134.292734083643,30119.90998748493,30126.263292316664,137
2023-10-28 17:21:00+00:00,30125.67779739157,30141.463166356054,30112.772605233564,30126.0028824328,658
2023-10-29 01:21:00+00:00,30128.032311803694,30139.52499946503,30112.24355066493,30127.30221443192,576
2023-10-29 09:21:00+00:00,30129.114383780736,30143.215482730244,30118.676642493745,30128.76891521025,370
2023-10-29 17:21:00+00:00,30127.63334136326,30145.271573884682,30116.11176265585,30127.818067611468,991
2023-10-30 01:21:00+00:00,30129.509491418234,30139.803432418244,30114.469478409603,30129.383444265964,414
2023-10-30 09:21:00+00:00,30128.60566410082,30131.194045855453,30122.41516703467,30127.96984762099,358
2023-10-30 17:21:00+00:00,30129.73481990754,30142.542676070843,30116.68549860575,30128.451666541157,642
2023-10-31 01:21:00+00:00,30128.301214910967,30144.827922527962,30111.15355919733,30129.509789663396,372
2023-10-31 09:21:00+00:00,30128.801572539396,30146.029183538183,30114.722119026614,30128.931864852624,599
2023-10-31 17:21:00+00:00,30128.77243774545,30138.181413564023,30108.939277299545,30130.147484243094,261
2023-11-01 01:21:00+00:00,30129.265206895358,30146.244345485644,30112.626990988014,30129.958735992295,311
2023-11-01 09:21:00+00:00,30128.917871996513,30132.58806916813,30109.59139590327,30128.699305671606,269
2023-11-01 17:21:00+00:00,30129.325186588147,30136.59979995817,30121.090413782116,30129.351682637458,130
2023-11-02 01:21:00+00:00,30127.522584257764,30140.7475387305,30127.438578961162,30130.32579949104,626
2023-11-02 09:21:00+00:00,30125.302774531814,30143.42677084309,30114.29187910279,30125.21169119912,551
2023-11-02 17:21:00+00:00,30124.919938246832,30143.254584382954,30124.765693905498,30124.69677791377,528
2023-11-03 01:21:00+00:00,30123.57368919743,30141.31468058733,30120.271204985085,30125.117319156332,981
2023-11-03 09:21:00+00:00,30124.453363180855,30124.672375276117,30117.03096684644,30125.18631723618,918
2023-11-03 17:21:00+00:00,30124.30582271263,30133.528658309624,30118.934419481324,30125.837052935716,442
2023-11-04 01:21:00+00:00,30124.58931722787,30128.062148992496,30120.080197088944,30123.69012757657,458
2023-11-04 09:21:00+00:00,30123.428515829113,30136.4553201229,30107.983301501863,30125.26546246976,886
2023-11-04 17:21:00+00:00,30125.216597427763,30130.628685051255,30105.989590621848,30124.412769316434,250
2023-11-05 01:21:00+00:00,30124.580519268708,30130.163430827048,30111.782272265587,30122.942881102892,583
2023-11-05 09:21:00+00:00,30124.556250779424,30138.0509761468,30116.27884276061,30125.44614713507,396
2023-11-05 17:21:00+00:00,30126.1687610309,30135.624890714746,30119.6091882052,30124.023674802178,795
2023-11-06 01:21:00+00:00,30123.910661481976,30136.087288743987,30111.719969597198,30124.03983362572,943
2023-11-06 09:21:00+00:00,30125.164878165786,30140.475382342032,30116.67724451599,30124.356334065604,931
2023-11-06 17:21:00+00:00,30124.06607398868,30131.89415823969,30117.818209985016,30124.985630360134,753
2023-11-07 01:21:00+00:00,30123.887244666126,30125.82396783144,30117.162015646838,30123.10851557897,618
2023-11-07 09:21:00+00:00,30124.571515745614,30141.815010316852,30118.756321037294,30124.12433120472,952
2023-11-07 17:21:00+00:00,30123.94102451058,30134.747614026044,30114.169056897146,30123.319135721173,178
2023-11-08 01:21:00+00:00,30123.89228960828,30127.17371168299,30112.65403944307,30123.6138982167,122
2023-11-08 09:21:00+00:00,30125.344406645203,30131.476101858574,30118.992418413924,30126.325722467267,875
2023-11-08 17:21:00+00:00,30125.75264074736,30125.914080192975,30106.02932479755,30126.648341032716,624
2023-11-09 01:21:00+00:00,30125.865874704563,30143.088361819642,30111.305287606843,30127.354587650094,250
2023-11-09 09:21:00+00:00,30125.81085395236,30131.948108696397,30111.51911929603,30126.816512679856,747
2023-11-09 17:21:00+00:00,30125.887273479228,30137.23649983845,30109.6688212831,30126.081557198413,752
2023-11-10 01:21:00+00:00,30126.5232674923,30140.70175358619,30125.52208835713,30127.097379255698,400
2023-11-10 09:21:00+00:00,30126.283894212815,30127.45506112103,30113.8160392549,30125.958613643732,587
2023-11-10 17:21:00+00:00,30124.76427476359,30135.40115223852,30119.811967206457,30126.119407229096,642
2023-11-11 01:21:00+00:00,30124.083856928748,30143.436059156793,30111.218371840245,30123.612314953258,830
2023-11-11 09:21:00+00:00,30124.959154701297,30141.830011913517,30122.734393644496,30124.54293731681,978
2023-11-11 17:21:00+00:00,30124.369115240388,30134.410219753696,30109.069049715796,30125.702763952817,607
2023-11-12 01:21:00+00:00,30125.493952371617,30127.120104636157,30120.93501942377,30125.50535375744,893
2023-11-12 09:21:00+00:00,30125.75820130719,30137.445935552965,30117.570539073848,30124.355282102046,100
2023-11-12 17:21:00+00:00,30125.38709364946,30138.671862512532,30125.291817117555,30125.17687516555,856
2023-11-13 01:21:00+00:00,30124.06103480704,30130.36725788533,30105.266390469787,30123.355429617997,402
2023-11-13 09:21:00+00:00,30124.544604007093,30143.947815354757,30107.837429377618,30123.840922150095,300
2023-11-13 17:21:00+00:00,30124.015165319008,30140.463524796178,30116.504528027574,30124.82217896385,231
2023-11-14 01:21:00+00:00,30124.70359475871,30144.643507148612,30111.430759148825,30125.270839874825,487
2023-11-14 09:21:00+00:00,30124.81617756123,30143.77636160837,30124.132405986824,30125.23543833365,901
2023-11-14 17:21:00+00:00,30124.50862861553,30128.132676864785,30112.431223669206,30124.247987111816,750
2023-11-15 01:21:00+00:00,30125.492086293274,30130.00219200234,30107.800997915503,30124.03270790622,344
2023-11-15 09:21:00+00:00,30124.92695986994,30127.604413789893,30124.199079362934,30124.083075238057,668
2023-11-15 17:21:00+00:00,30125.256512315853,30130.907051145237,30114.53657601745,30124.92676572954,470
2023-11-16 01:21:00+00:00,30126.244686912618,30137.064910934,30117.439121274336,30125.700389613914,688
2023-11-16 09:21:00+00:00,30126.03726587109,30126.321484472268,30111.535250831486,30126.400534831693,214
2023-11-16 17:21:00+00:00,30126.82495922,30145.81244694037,30112.23003631521,30128.28590295006,733
2023-11-17 01:21:00+00:00,30125.339688008582,30141.859955934302,30118.37266372816,30124.39926564144,194
2023-11-17 09:21:00+00:00,30124.694148816725,30139.41772190857,30114.20556094055,30124.41333719003,219
2023-11-17 17:21:00+00:00,30126.587090247805,30135.413988566666,30113.83502381346,30125.188730715578,930
2023-11-18 01:21:00+00:00,30126.5779783782,30134.47586739583,30110.964171780615,30124.94556552076,182
2023-11-18 09:21:00+00:00,30125.984515926804,30126.543447132317,30115.418807509996,30126.0648431448,347
2023-11-18 17:21:00+00:00,30123.56968299782,30139.053569424344,30112.199288164888,30123.47535341495,712
2023-11-19 01:21:00+00:00,30122.41775383055,30141.45020637126,30122.236975169395,30122.09890221732,375
2023-11-19 09:21:00+00:00,30122.573221279763,30139.90883578941,30118.807121294052,30122.801159814117,172
2023-11-19 17:21:00+00:00,30124.150145139778,30130.710277104212,30114.525910365337,30125.437367309525,899
2023-11-20 01:21:00+00:00,30123.759334635506,30128.821210612732,30119.102664879683,30123.329459893692,371
2023-11-20 09:21:00+00:00,30124.213527400854,30138.415682773215,30108.753876232156,30123.9772524488,656
2023-11-20 17:21:00+00:00,30123.99250636712,30131.083875186494,30117.82863652804,30125.127511836672,678
2023-11-21 01:21:00+00:00,30123.30271299773,30134.336135253863,30109.925445947854,30123.437978740843,772
2023-11-21 09:21:00+00:00,30120.310425487005,30124.373083144063,30102.93795652892,30120.81119563749,819
2023-11-21 17:21:00+00:00,30121.65251356905,30137.300099108194,30106.734930543615,30119.73144940665,141
2023-11-22 01:21:00+00:00,30122.399054705358,30135.41981791476,30106.583328338056,30122.04264251358,583
2023-11-22 09:21:00+00:00,30122.08826257405,30142.049091659377,30109.051876164795,30122.460499809586,900
2023-11-22 17:21:00+00:00,30123.198326703507,30137.46817002455,30119.047904264124,30123.27994751007,481
2023-11-23 01:21:00+00:00,30122.683230893494,30125.002339985756,30104.112659287533,30120.976373990965,206
2023-11-23 09:21:00+00:00,30123.71028323749,30135.966099230674,30109.29758357006,30124.30708929153,488
2023-11-23 17:21:00+00:00,30124.040945448814,30137.572220607948,30117.57665080236,30125.043024367424,658
2023-11-24 01:21:00+00:00,30123.708508514606,30143.145534355634,30119.512678447016,30124.19276530574,456
2023-11-24 09:21:00+00:00,30123.12804448592,30127.657647962547,30118.481211884842,30124.171488025477,570
2023-11-24 17:21:00+00:00,30122.64195068545,30125.18130914912,30107.073918108697,30119.133247837555,528
2023-11-25 01:21:00+00:00,30123.33672461853,30123.65033223124,30103.503721236382,30123.858909584043,210
2023-11-25 09:21:00+00:00,30122.653010376845,30141.992826311303,30113.934630779153,30122.50050591144,229
2023-11-25 17:21:00+00:00,30124.486296780717,30127.109442610923,30122.80305436028,30124.034928835623,484
2023-11-26 01:21:00+00:00,30125.703776813774,30140.58538612336,30109.936050193235,30127.03770452146,641
2023-11-26 09:21:00+00:00,30124.388664318412,30128.12516141701,30114.88860281307,30123.18390297487,612
2023-11-26 17:21:00+00:00,30122.240104826815,30136.44751630137,30108.523010166475,30121.539115688214,889
2023-11-27 01:21:00+00:00,30124.018653241157,30128.0520587577,30121.47756035499,30124.860060007075,556
2023-11-27 09:21:00+00:00,30124.914681338745,30132.073495881115,30111.263452768413,30124.821503449177,758
2023-11-27 17:21:00+00:00,30123.53020999447,30140.98651608261,30116.142831716566,30122.98310387218,366
2023-11-28 01:21:00+00:00,30123.064595448504,30124.76276585675,30119.056213845124,30123.612668524864,655
2023-11-28 09:21:00+00:00,30122.45130399803,30137.66158672323,30117.181046733374,30123.679887680384,557
2023-11-28 17:21:00+00:00,30122.67685590614,30140.98372751126,30106.279207725474,30122.92544299332,474
2023-11-29 01:21:00+00:00,30124.56921353587,30132.37960961924,30119.29302529257,30122.23977482851,954
2023-11-29 09:21:00+00:00,30124.134857045443,30131.56454013171,30111.419849426944,30123.48204928994,376
2023-11-29 17:21:00+00:00,30124.03091402486,30134.00473591942,30113.427623765238,30123.575634383888,157
2023-11-30 01:21:00+00:00,30122.573597587787,30138.341056040703,30119.811196919447,30121.676928727236,923
2023-11-30 09:21:00+00:00,30122.074841498365,30128.86056698994,30116.177990809592,30122.501410336292,527
2023-11-30 17:21:00+00:00,30122.61117440069,30129.539934160766,30115.100077036182,30123.0062521828,693
2023-12-01 01:21:00+00:00,30122.57162067052,30140.445781803934,30120.854035973887,30123.23638634838,110
2023-12-01 09:21:00+00:00,30121.535609538885,30126.268062637417,30105.616704493408,30121.160135517795,751
2023-12-01 17:21:00+00:00,30120.851565073164,30127.89313220071,30115.866870519803,30119.76894913532,539
2023-12-02 01:21:00+00:00,30120.245006758243,30127.622393919806,30107.17039932819,30117.712127466788,845
2023-12-02 09:21:00+00:00,30120.139045404783,30138.02949496705,30119.43951324094,30117.88482659371,933
2023-12-02 17:21:00+00:00,30121.003352065967,30135.432099022346,30114.126019452146,30119.798765078016,854
2023-12-03 01:21:00+00:00,30119.949812674364,30136.552594391032,30110.66327956537,30122.093146813488,133
2023-12-03 09:21:00+00:00,30119.650556285436,30132.776560948456,30111.122182804393,30120.14220849958,596
2023-12-03 17:21:00+00:00,30118.5628246789,30136.642519529607,30103.550690921733,30118.736562751204,143
2023-12-04 01:21:00+00:00,30116.97044046059,30117.166875521023,30114.59399161239,30117.490608286174,481
2023-12-04 09:21:00+00:00,30116.13964369621,30117.471053893325,30111.585517711846,30114.953445698673,512
2023-12-04 17:21:00+00:00,30116.43008159448,30129.947187400496,30099.62466258012,30116.9519911868,572
2023-12-05 01:21:00+00:00,30117.185101577354,30131.82948335753,30100.56400104423,30120.41124477214,375
2023-12-05 09:21:00+00:00,30116.65355368793,30117.02169989473,30112.069232297614,30117.005050377957,357
2023-12-05 17:21:00+00:00,30116.50641191599,30124.08364437217,30099.455805206282,30115.513771944956,889
2023-12-06 01:21:00+00:00,30116.555391768932,30120.42190652171,30108.06110404167,30114.900749869495,284
2023-12-06 09:21:00+00:00,30116.540781220552,30122.915069621904,30112.72823044841,30114.49254258807,942
2023-12-06 17:21:00+00:00,30115.873760568593,30122.14076840343,30096.853303983717,30115.095706970304,814
2023-12-07 01:21:00+00:00,30115.492692368025,30129.061622767465,30096.433867155927,30116.464205853208,118
2023-12-07 09:21:00+00:00,30114.55612457705,30127.289870943463,30105.127226228404,30114.778097333074,661
2023-12-07 17:21:00+00:00,30116.25356112745,30133.174369732787,30103.328252367955,30115.935307068088,898
2023-12-08 01:21:00+00:00,30116.49228739951,30134.269045601563,30106.963181590087,30117.50700718174,989
2023-12-08 09:21:00+00:00,30116.545582084113,30131.944834755082,30100.332852006773,30116.164279293815,984
2023-12-08 17:21:00+00:00,30116.307479249594,30130.374358473022,30112.009650704047,30114.640381053927,306
2023-12-09 01:21:00+00:00,30116.187582508475,30122.016202265462,30105.371957835974,30113.567635406846,527
2023-12-09 09:21:00+00:00,30117.087306189627,30117.435973578104,30099.947474351684,30117.52558409398,204
2023-12-09 17:21:00+00:00,30116.497366669937,30124.051090004814,30114.595974371667,30116.41211505651,161
2023-12-10 01:21:00+00:00,30114.64796716881,30123.282506816882,30108.420462419217,30112.64511685465,998
2023-12-10 09:21:00+00:00,30114.94283096909,30129.96681625187,30101.685415750417,30116.63739282757,171
2023-12-10 17:21:00+00:00,30114.286436729108,30118.013247327937,30100.526422933905,30114.507045111717,140
2023-12-11 01:21:00+00:00,30116.785062174073,30132.55414323138,30105.972947713773,30115.996235948372,198
2023-12-11 09:21:00+00:00,30115.14328805334,30117.64110598378,30101.162590420874,30117.552568345836,845
2023-12-11 17:21:00+00:00,30116.115878421384,30117.211667641404,30110.777571315564,30113.808114668394,373
2023-12-12 01:21:00+00:00,30116.31740042364,30130.66211357639,30110.295980428968,30117.804533722494,992
2023-12-12 09:21:00+00:00,30116.455899719112,30117.835965744056,30101.42528587857,30115.793960134397,347
2023-12-12 17:21:00+00:00,30117.64665922868,30131.913429061566,30103.618815475547,30117.27195367904,624
2023-12-13 01:21:00+00:00,30116.582800088483,30134.106408600197,30106.032670058157,30116.11494982971,904
2023-12-13 09:21:00+00:00,30116.41796308451,30131.72471692368,30097.09577450281,30115.6046274817,878
2023-12-13 17:21:00+00:00,30116.96787371315,30126.63151294048,30109.447788108348,30116.430498037535,451
2023-12-14 01:21:00+00:00,30116.496233049267,30133.777980691757,30110.438456811946,30116.64197275877,294
2023-12-14 09:21:00+00:00,30114.007222311408,30129.672830026906,30103.681756691905,30113.629094005693,976
2023-12-14 17:21:00+00:00,30113.6901689207,30122.034607206173,30097.224893094688,30111.703755657945,483
2023-12-15 01:21:00+00:00,30113.687446591248,30114.116275449443,30102.453072121247,30114.617617926648,534
2023-12-15 09:21:00+00:00,30113.179683379585,30115.885739332847,30108.365753687212,30111.56669967931,852
2023-12-15 17:21:00+00:00,30113.74696275866,30124.66696941697,30111.796223655052,30113.030598702582,605
2023-12-16 01:21:00+00:00,30113.080684603712,30117.807724042195,30098.33223070354,30111.243197839667,228
2023-12-16 09:21:00+00:00,30112.8763079907,30128.85537605856,30103.916091865627,30111.000317997616,788
2023-12-16 17:21:00+00:00,30114.069926715005,30123.665625939037,30111.2257364942,30114.684618247557,714
2023-12-17 01:21:00+00:00,30115.428743009576,30132.457695262234,30100.359645212,30115.32246023331,889
2023-12-17 09:21:00+00:00,30113.348948019397,30133.124887222486,30112.65096509549,30113.506743209833,423
2023-12-17 17:21:00+00:00,30113.049263273344,30128.276225871243,30097.75287665575,30110.749182143336,353
2023-12-18 01:21:00+00:00,30115.040820640384,30119.485658714868,30106.086918179,30114.343262745653,634
2023-12-18 09:21:00+00:00,30113.048068283544,30117.381117728706,30111.832679826915,30112.565366679857,614
2023-12-18 17:21:00+00:00,30112.86301963217,30124.055730255266,30112.345717855645,30111.791581182293,304
2023-12-19 01:21:00+00:00,30112.37933541084,30114.294916145165,30103.610906537157,30112.52715772741,705
2023-12-19 09:21:00+00:00,30112.742303195264,30129.94015441608,30100.232428726627,30112.496902321567,159
2023-12-19 17:21:00+00:00,30112.87247210855,30125.342750508575,30106.306398529698,30114.704001119626,530
2023-12-20 01:21:00+00:00,30112.045617340773,30120.599794950445,30103.968956054094,30110.074443254583,308
2023-12-20 09:21:00+00:00,30111.337601481657,30120.62764123915,30092.825790547005,30109.657594938035,888
2023-12-20 17:21:00+00:00,30109.71268005385,30125.174322108272,30102.119778835593,30108.500444531583,721
2023-12-21 01:21:00+00:00,30109.671343735106,30118.30564369584,30093.642589177452,30109.26082984733,766
2023-12-21 09:21:00+00:00,30110.136858166727,30126.359711914913,30094.3728557409,30109.777262125477,802
2023-12-21 17:21:00+00:00,30110.850292598065,30118.322475495937,30092.652225179187,30112.698971876558,767
2023-12-22 01:21:00+00:00,30109.376021317355,30110.47550928742,30098.41376873166,30109.195475667562,451
2023-12-22 09:21:00+00:00,30108.333092996738,30110.089932465286,30107.48595033313,30108.592416914977,958
2023-12-22 17:21:00+00:00,30109.333197609758,30113.341455231508,30097.52899720018,30110.111329686257,571
2023-12-23 01:21:00+00:00,30110.96179042678,30123.064990223025,30093.594986826367,30111.449311853474,674
2023-12-23 09:21:00+00:00,30112.16686955075,30119.132334654572,30096.361609656073,30112.58581794822,830
2023-12-23 17:21:00+00:00,30112.685990172544,30123.872781222137,30109.398541911014,30112.404751404218,246
2023-12-24 01:21:00+00:00,30114.09868204968,30120.620491988877,30105.72676608169,30114.19028278175,155
2023-12-24 09:21:00+00:00,30113.91506274487,30128.804336470977,30103.167029705757,30113.41412421548,566
2023-12-24 17:21:00+00:00,30113.70973938157,30123.226846123158,30112.549357074604,30113.07526646564,786
2023-12-25 01:21:00+00:00,30113.42265969436,30118.125119127242,30096.14293420839,30113.548950384524,157
2023-12-25 09:21:00+00:00,30113.14453515238,30131.83508890518,30106.071661727423,30114.491454072253,672
2023-12-25 17:21:00+00:00,30112.507903508296,30115.406167059595,30107.86119174481,30113.477316346765,633
2023-12-26 01:21:00+00:00,30113.274703417617,30133.177711697277,30105.290630734897,30113.863183185516,616
2023-12-26 09:21:00+00:00,30114.22142041761,30126.51405056319,30100.82590617376,30115.038087058332,615
2023-12-26 17:21:00+00:00,30112.655514694412,30128.42535859864,30095.93093339969,30113.136282073534,745
2023-12-27 01:21:00+00:00,30111.280251714976,30115.594071781576,30099.808071777807,30111.40937265944,322
2023-12-27 09:21:00+00:00,30110.982125286093,30115.03513884316,30105.502640354607,30111.93147089931,260
2023-12-27 17:21:00+00:00,30110.218253201518,30117.489070541975,30101.966491692103,30110.89539985356,640
2023-12-28 01:21:00+00:00,30110.92331865344,30130.680996283954,30092.695232762475,30109.718156231123,434
2023-12-28 09:21:00+00:00,30111.40822288942,30125.885590447517,30107.571215708416,30111.09921945324,925
2023-12-28 17:21:00+00:00,30111.356009008396,30121.28779463718,30099.006390770443,30113.38322267277,274
2023-12-29 01:21:00+00:00,30111.516066920733,30127.711853023717,30101.32425103638,30109.865830614657,715
2023-12-29 09:21:00+00:00,30111.81744513397,30117.152113172942,30107.542178023952,30109.90421580582,101
2023-12-29 17:21:00+00:00,30111.84284289675,30128.46446080181,30103.817723665972,30109.917711161477,608
2023-12-30 01:21:00+00:00,30111.399239949984,30115.53231643573,30099.8616318764,30110.595672718246,331
2023-12-30 09:21:00+00:00,30111.694228378576,30117.414527599878,30101.463988226235,30111.804012058936,890
2023-12-30 17:21:00+00:00,30110.425758176418,30127.333250321426,30109.529367705698,30110.267882541404,771
2023-12-31 01:21:00+00:00,30110.507626561484,30124.09172312682,30109.37785369976,30110.849704240794,737
2023-12-31 09:21:00+00:00,30111.604213927945,30121.189285583187,30103.146692812174,30110.922309987076,381
2023-12-31 17:21:00+00:00,30112.34101245297,30126.239245502406,30102.713408254258,30112.20909315656,823
2024-01-01 01:21:00+00:00,30112.298739233145,30125.36093354338,30106.237891672234,30113.505077582136,319
2024-01-01 09:21:00+00:00,30113.061483429676,30130.259908996475,30104.06155881324,30112.687078750274,126
2024-01-01 17:21:00+00:00,30111.375894481007,30129.310019843342,30108.46567721518,30112.279931594872,993
2024-01-02 01:21:00+00:00,30107.96423691834,30114.076896820618,30095.73188982154,30107.4225612019,419
2024-01-02 09:21:00+00:00,30107.123738347476,30119.904243361307,30101.5621947757,30108.0726639419,932
2024-01-02 17:21:00+00:00,30108.00157284804,30120.400313271242,30106.852765042615,30106.0805281508,687
2024-01-03 01:21:00+00:00,30107.499562479392,30122.087722025684,30105.419542901574,30106.079296773638,685
2024-01-03 09:21:00+00:00,30106.448557909425,30110.13822126243,30091.096818646343,30107.736862755508,903
2024-01-03 17:21:00+00:00,30106.861459929198,30121.64399882691,30105.43273992788,30106.57005911711,980
2024-01-04 01:21:00+00:00,30107.36155187126,30113.810786206006,30094.263784343868,30107.357281762575,595
2024-01-04 09:21:00+00:00,30106.832699962008,30113.567442312484,30092.9513427063,30104.211357713208,645
2024-01-04 17:21:00+00:00,30106.563480827765,30107.897930277228,30088.433529920443,30106.8081363176,403
2024-01-05 01:21:00+00:00,30103.79794407872,30112.309877709195,30084.53397656048,30102.805191032272,570
2024-01-05 09:21:00+00:00,30104.848354428323,30114.43363042286,30104.482923764655,30105.363261481365,837
2024-01-05 17:21:00+00:00,30103.98216133721,30114.93010855329,30085.10527717674,30103.470261786457,379
2024-01-06 01:21:00+00:00,30104.451980690435,30108.66225357966,30101.80037894398,30106.40123535844,301
2024-01-06 09:21:00+00:00,30104.301257316052,30104.806377233544,30098.499017221984,30103.84720867903,552
2024-01-06 17:21:00+00:00,30104.648384435914,30109.9979248107,30096.611961769388,30105.88503697344,905
2024-01-07 01:21:00+00:00,30104.81614235126,30116.446920524613,30089.141743110762,30106.060885160703,212
2024-01-07 09:21:00+00:00,30105.403979073348,30122.922721782677,30100.423407903014,30106.76793304879,286
2024-01-07 17:21:00+00:00,30104.67271650597,30122.60373124484,30090.001321732514,30104.91432432233,495
2024-01-08 01:21:00+00:00,30105.619314357205,30113.30764374992,30100.767996191484,30103.633738241697,289
2024-01-08 09:21:00+00:00,30105.916313934384,30107.55280812467,30089.948617706974,30104.633342059442,352
2024-01-08 17:21:00+00:00,30105.36099041454,30114.796712017345,30103.517952417693,30105.190351238434,708
2024-01-09 01:21:00+00:00,30105.45951231266,30120.558980993028,30095.525536090936,30104.555775630157,803
2024-01-09 09:21:00+00:00,30104.794811095635,30104.80066394005,30089.50499058676,30104.45469596032,938
2024-01-09 17:21:00+00:00,30105.11969089302,30108.553581589193,30086.913405639738,30103.468692120674,215
2024-01-10 01:21:00+00:00,30105.13199693289,30124.121926723165,30093.51763957233,30105.334409223466,874
2024-01-10 09:21:00+00:00,30105.680592377226,30122.746403058714,30090.956929521555,30105.557317103692,932
2024-01-10 17:21:00+00:00,30103.94535653825,30122.268655412678,30086.774845139513,30103.09119874874,716
2024-01-11 01:21:00+00:00,30103.6232887237,30119.313093656277,30097.727500911995,30102.851800993212,818
2024-01-11 09:21:00+00:00,30104.783942277638,30120.78849046505,30094.46230302586,30103.916298841137,506
2024-01-11 17:21:00+00:00,30104.533071282174,30124.37970586432,30097.99303411117,30104.007313546106,723
2024-01-12 01:21:00+00:00,30104.331642482786,30113.943631227226,30087.640719145926,30104.832548920822,551
2024-01-12 09:21:00+00:00,30104.284146463084,30107.473922634774,30085.22039410399,30103.736619140716,589
2024-01-12 17:21:00+00:00,30104.4251075354,30113.703592370624,30101.067584534765,30104.55039929282,697
2024-01-13 01:21:00+00:00,30103.28679074579,30113.83924552283,30102.453931782726,30102.29904020214,829
2024-01-13 09:21:00+00:00,30104.21530335586,30117.858376458706,30102.544897019015,30102.318057628,846
2024-01-13 17:21:00+00:00,30103.582769971203,30121.140127939223,30092.278715107474,30102.234300507444,346
2024-01-14 01:21:00+00:00,30103.041309113505,30117.352615533942,30089.158326088873,30102.58362728792,155
2024-01-14 09:21:00+00:00,30102.35346439979,30114.298912390394,30096.79351813914,30101.342250865982,374
2024-01-14 17:21:00+00:00,30103.22917474677,30118.43803724496,30102.054805582688,30103.187798859835,857
2024-01-15 01:21:00+00:00,30104.15788465049,30106.82968247347,30093.687059123153,30106.315140228406,474
2024-01-15 09:21:00+00:00,30103.7214829793,30118.838523001654,30096.04732954813,30103.385011550516,931
2024-01-15 17:21:00+00:00,30103.248342363768,30105.506115280325,30085.497899266356,30103.734902842963,557
2024-01-16 01:21:00+00:00,30102.345480436918,30113.053475544784,30089.09038036459,30103.39866857405,212
2024-01-16 09:21:00+00:00,30102.562473116173,30106.88686212099,30084.19191665936,30103.301484426738,708
2024-01-16 17:21:00+00:00,30101.55662012148,30114.666767061735,30083.417280427337,30100.0134330399,432
2024-01-17 01:21:00+00:00,30100.29517453,30105.05067285648,30100.286992237743,30099.696220247308,153
2024-01-17 09:21:00+00:00,30101.994109480787,30116.68958310396,30099.653075678594,30101.761661047534,304
2024-01-17 17:21:00+00:00,30101.772747186646,30121.765701597888,30091.714094637726,30101.507707109824,263
2024-01-18 01:21:00+00:00,30103.20733209095,30113.33790086862,30095.047555017463,30102.382780247466,375
2024-01-18 09:21:00+00:00,30102.7917157602,30106.831744358005,30096.137666220635,30101.451672357583,329
2024-01-18 17:21:00+00:00,30102.9099825672,30104.07802024303,30085.382040261833,30101.053583261488,440
2024-01-19 01:21:00+00:00,30102.009367265735,30105.68306116094,30096.5860509351,30102.751849033895,397
2024-01-19 09:21:00+00:00,30102.201887610474,30122.0470553535,30090.05942117837,30104.63678729956,301
2024-01-19 17:21:00+00:00,30102.211694232774,30104.798611598675,30100.669676615904,30102.912660549388,521
2024-01-20 01:21:00+00:00,30102.371814331254,30107.066485448693,30084.72551298543,30103.264308638354,729
2024-01-20 09:21:00+00:00,30102.364342393135,30113.392627499346,30090.65209346572,30103.161153418863,686
2024-01-20 17:21:00+00:00,30104.67943667555,30122.008781263758,30091.820065963944,30105.227011047886,569
2024-01-21 01:21:00+00:00,30107.07906017056,30108.046513202993,30105.607475950896,30108.70728700677,349
2024-01-21 09:21:00+00:00,30108.337530359502,30120.824407204036,30107.565582553005,30108.33306948511,142
2024-01-21 17:21:00+00:00,30108.47101515778,30123.043607499603,30092.480523167556,30109.084915548567,694
2024-01-22 01:21:00+00:00,30110.23134645193,30118.477434666507,30104.55526982189,30110.960166882633,370
2024-01-22 09:21:00+00:00,30110.696955681055,30125.02421305957,30094.22007118243,30111.46266199643,435
2024-01-22 17:21:00+00:00,30109.283228212822,30111.470931914395,30100.257266858993,30109.66332833868,526
2024-01-23 01:21:00+00:00,30108.976366444498,30122.924419259332,30101.14110588169,30107.190020248727,190
2024-01-23 09:21:00+00:00,30109.28738562906,30115.81863060015,30094.737825594882,30110.656551574502,690
2024-01-23 17:21:00+00:00,30108.940185250125,30109.53992145129,30099.100333229686,30109.120548360457,795
2024-01-24 01:21:00+00:00,30107.781761835908,30126.907563225253,30101.832628916425,30108.432113478346,437
2024-01-24 09:21:00+00:00,30108.247725331115,30108.91233442556,30095.12915306005,30109.220349180807,471
2024-01-24 17:21:00+00:00,30110.349034334973,30122.000220523314,30102.991917638254,30111.06802862805,373
2024-01-25 01:21:00+00:00,30110.24028621042,30115.063767716554,30100.08566910894,30111.095770240892,154
2024-01-25 09:21:00+00:00,30111.392373195802,30123.76539883143,30110.96999606228,30112.715662347982,233
2024-01-25 17:21:00+00:00,30111.71714581023,30125.0964987362,30109.306832250444,30111.582541789565,177
2024-01-26 01:21:00+00:00,30112.474414355685,30118.640174229105,30110.506277895765,30112.495890546856,749
2024-01-26 09:21:00+00:00,30111.892867025985,30119.103936505977,30108.977323858384,30112.163270762125,578
2024-01-26 17:21:00+00:00,30110.402973834985,30117.25056140056,30093.626280983775,30110.987687146477,381
2024-01-27 01:21:00+00:00,30111.248108819465,30121.167120055037,30101.57191193791,30111.135709975228,656
2024-01-27 09:21:00+00:00,30110.161550736833,30120.102804795533,30106.123031158986,30109.74157718296,859
2024-01-27 17:21:00+00:00,30108.743821707347,30114.702400058984,30103.91164644094,30109.12074625929,202
2024-01-28 01:21:00+00:00,30110.310403859345,30122.043006411073,30105.992925502804,30109.86170804469,309
2024-01-28 09:21:00+00:00,30110.025487322757,30112.98777328697,30109.721342735225,30109.393733270343,372
2024-01-28 17:21:00+00:00,30107.982980819754,30111.804500840644,30088.85048149343,30109.426291275962,560
2024-01-29 01:21:00+00:00,30107.971628101594,30127.11169395835,30099.435882908656,30108.598161606533,760
2024-01-29 09:21:00+00:00,30107.42405032318,30126.91951857202,30094.163427539705,30106.662445169004,381
2024-01-29 17:21:00+00:00,30106.46239934195,30114.093790177318,30087.408577400878,30106.986358209364,602
2024-01-30 01:21:00+00:00,30107.578235154157,30122.661614648045,30097.169261671672,30108.868225034053,626
2024-01-30 09:21:00+00:00,30107.223675265544,30118.296622423433,30106.188378968356,30108.49288862085,377
2024-01-30 17:21:00+00:00,30106.77142698831,30114.57009373947,30093.465026589158,30105.850138183123,580
2024-01-31 01:21:00+00:00,30107.30105093984,30117.68960820779,30088.966467256647,30110.196231192866,268
2024-01-31 09:21:00+00:00,30108.62427604469,30119.340084884712,30103.018066989473,30109.285430259948,350
2024-01-31 17:21:00+00:00,30107.500601991607,30125.01339205158,30098.58524957072,30108.004661568128,169
2024-02-01 01:21:00+00:00,30108.696431724016,30117.83187445982,30101.976635222985,30106.96269551601,605
2024-02-01 09:21:00+00:00,30106.398438136097,30117.083903120132,30103.964117274136,30105.263563488606,499
2024-02-01 17:21:00+00:00,30107.202685349945,30125.072145155267,30089.57934825402,30108.433295217415,199
2024-02-02 01:21:00+00:00,30107.442073979382,30124.640422990447,30094.72036058114,30108.005562138296,928
2024-02-02 09:21:00+00:00,30107.36617678216,30124.301080052715,30095.95686192437,30107.53118298572,228
2024-02-02 17:21:00+00:00,30107.149748221644,30108.543053990106,30090.59578351693,30107.941936757197,834
2024-02-03 01:21:00+00:00,30106.633566302407,30123.190205851315,30089.06900842487,30106.465616514164,984
2024-02-03 09:21:00+00:00,30105.69180530013,30124.7727037192,30096.398135329826,30105.76226314314,826
2024-02-03 17:21:00+00:00,30106.321385216834,30110.10507474439,30093.151594802417,30105.865229282863,498
2024-02-04 01:21:00+00:00,30106.055087522287,30110.72928194285,30092.397929893174,30105.26602963346,268
2024-02-04 09:21:00+00:00,30106.38522811547,30111.454010006422,30105.55145929797,30106.542690052993,225
2024-02-04 17:21:00+00:00,30104.721514690038,30108.078362474465,30086.311296073796,30105.596770010037,992
2024-02-05 01:21:00+00:00,30104.79059648473,30114.094410227557,30086.572619326103,30106.489500813364,177
2024-02-05 09:21:00+00:00,30104.702658870323,30108.308127567212,30095.915999504334,30104.381993775165,266
2024-02-05 17:21:00+00:00,30102.930506984543,30116.696093263607,30097.46595718147,30103.605683121288,596
2024-02-06 01:21:00+00:00,30103.3080509223,30109.146030077438,30095.31352714014,30103.917655980433,201
2024-02-06 09:21:00+00:00,30104.369073149162,30112.4673951597,30099.646920443825,30104.052633089228,592
2024-02-06 17:21:00+00:00,30104.48167907105,30121.61614068345,30100.539236238583,30103.014266414335,668
2024-02-07 01:21:00+00:00,30105.162524612933,30109.914528863712,30091.091978361383,30103.74790587189,474
2024-02-07 09:21:00+00:00,30105.411705849907,30112.868348204713,30104.521841158145,30105.09933884584,549
2024-02-07 17:21:00+00:00,30105.40809171239,30122.207305928183,30091.73690170723,30106.541349374187,418
2024-02-08 01:21:00+00:00,30105.63112761706,30110.071782950243,30090.866280133345,30104.67160282795,338
2024-02-08 09:21:00+00:00,30107.003923780903,30114.5755025685,30090.39339058403,30106.922397793565,688
2024-02-08 17:21:00+00:00,30107.054987057425,30125.17345015062,30099.789893553367,30107.544181870187,110
2024-02-09 01:21:00+00:00,30109.385638119296,30119.937004447816,30093.697757023125,30110.493875968696,375
2024-02-09 09:21:00+00:00,30108.207495696188,30115.836022033032,30092.223796726877,30107.40213121936,778
2024-02-09 17:21:00+00:00,30108.14105697196,30119.283515819443,30091.190721727115,30108.47097120082,429
2024-02-10 01:21:00+00:00,30106.41448899686,30118.39091363224,30086.654031607613,30107.102677199815,289
2024-02-10 09:21:00+00:00,30107.625568387357,30109.467644944027,30105.83268372185,30107.17642045979,562
2024-02-10 17:21:00+00:00,30108.501468749775,30108.800977200277,30091.835058426404,30108.831971334534,456
2024-02-11 01:21:00+00:00,30106.961759284044,30112.145076493453,30104.11069124426,30106.70486657495,632
2024-02-11 09:21:00+00:00,30106.701370965704,30126.539523136056,30102.961360586058,30105.890344222993,985
2024-02-11 17:21:00+00:00,30107.68857241432,30120.72970570149,30101.900304486433,30108.754433694,380
2024-02-12 01:21:00+00:00,30107.780678372375,30123.51314093763,30089.03112622605,30108.27694716059,591
2024-02-12 09:21:00+00:00,30109.37228411518,30113.964378289424,30103.756487675324,30108.738713074516,662
2024-02-12 17:21:00+00:00,30110.64807961903,30113.372197214634,30095.06316758941,30111.213077397628,896
2024-02-13 01:21:00+00:00,30111.48041749171,30129.07567422906,30093.91873947508,30112.987191013854,688
2024-02-13 09:21:00+00:00,30110.555339897845,30129.065589135153,30105.876775491917,30110.36531070554,535
2024-02-13 17:21:00+00:00,30109.684839549758,30129.116916907376,30104.93141505499,30107.991540363586,735
2024-02-14 01:21:00+00:00,30109.11892391277,30109.642549261804,30093.99798665946,30107.16659667199,313
2024-02-14 09:21:00+00:00,30106.857812337632,30120.14303531228,30098.21366630647,30108.132621053595,368
2024-02-14 17:21:00+00:00,30107.01863749937,30122.48987710399,30100.216258195032,30106.66364779541,704
2024-02-15 01:21:00+00:00,30105.36086401189,30111.792706191303,30095.178241709124,30106.029201616628,286
2024-02-15 09:21:00+00:00,30104.609746903185,30121.019016431055,30089.776821249263,30105.030744588163,235
2024-02-15 17:21:00+00:00,30103.28842658692,30108.786959460846,30086.29121602398,30101.95904371635,397
2024-02-16 01:21:00+00:00,30103.632135232012,30114.457680169948,30087.687474071274,30103.438586550837,693
2024-02-16 09:21:00+00:00,30103.72168142801,30116.90323179593,30094.951213399974,30103.983028138908,830
2024-02-16 17:21:00+00:00,30104.17911015205,30107.73867486889,30094.003408455475,30105.774696918965,682
2024-02-17 01:21:00+00:00,30101.39692475435,30115.32216838623,30083.04279696325,30100.638160967508,406
2024-02-17 09:21:00+00:00,30100.89906088523,30107.5432764538,30088.756494186826,30100.856642575574,611
2024-02-17 17:21:00+00:00,30102.00232698811,30106.108926785637,30090.216746026796,30100.688497141728,373
2024-02-18 01:21:00+00:00,30101.654292641564,30103.150213800433,30089.255993721836,30101.917403658306,256
2024-02-18 09:21:00+00:00,30101.12985706176,30110.149941642896,30088.11279219127,30099.681296876053,767
2024-02-18 17:21:00+00:00,30100.771248653935,30117.148444062143,30096.039336725862,30101.405431676445,514
2024-02-19 01:21:00+00:00,30099.98148198643,30104.926858057206,30093.07953573399,30100.91556512746,952
2024-02-19 09:21:00+00:00,30099.621301519128,30117.922471829872,30097.89294820216,30099.328238439113,949
2024-02-19 17:21:00+00:00,30099.359254914525,30118.328341463737,30090.62532257451,30098.151641957524,490
2024-02-20 01:21:00+00:00,30096.525395682154,30103.35871119702,30095.62216814294,30096.078469248874,246
2024-02-20 09:21:00+00:00,30096.631979870846,30103.91780109903,30090.06640604946,30094.632081888332,857
2024-02-20 17:21:00+00:00,30099.53332274277,30115.455048897198,30095.351944240338,30101.19541572262,308
2024-02-21 01:21:00+00:00,30100.363195792957,30106.714229766705,30091.552468529128,30102.30259120691,604
2024-02-21 09:21:00+00:00,30100.9986476195,30111.24070345104,30084.475343724742,30099.907490507863,339
2024-02-21 17:21:00+00:00,30099.692595092067,30099.81636402012,30089.547889993322,30099.253224919517,289
2024-02-22 01:21:00+00:00,30097.979804555223,30102.382213763085,30086.69989547197,30098.090223908814,968
2024-02-22 09:21:00+00:00,30097.165573752885,30103.267030223367,30095.55619815935,30096.927584141522,933
2024-02-22 17:21:00+00:00,30098.41366666398,30111.995458718015,30097.652557325866,30096.978967774234,458
2024-02-23 01:21:00+00:00,30098.133631742152,30111.83909146134,30080.18229050045,30096.090552397847,852
2024-02-23 09:21:00+00:00,30099.91401037456,30117.840093802442,30094.28209463728,30099.206946167706,425
2024-02-23 17:21:00+00:00,30099.222219829022,30100.219269164296,30083.332357178686,30099.78847073625,195
2024-02-24 01:21:00+00:00,30099.67978495496,30115.43985541727,30094.628233335923,30099.645966678014,599
2024-02-24 09:21:00+00:00,30099.67968920375,30104.230014074445,30085.219402585783,30099.292973732405,485
2024-02-24 17:21:00+00:00,30100.09674159286,30116.56439349763,30097.735749836178,30100.843174777343,310
2024-02-25 01:21:00+00:00,30101.72746997385,30114.938604810744,30095.05277057166,30101.356432426586,911
2024-02-25 09:21:00+00:00,30101.203132641782,30115.682265293464,30095.328994037984,30102.005500368166,654
2024-02-25 17:21:00+00:00,30101.15943686426,30102.342483787867,30093.868607736913,30100.211148039776,597
2024-02-26 01:21:00+00:00,30101.1294440855,30104.77506909668,30086.613007204145,30101.138204958163,470
2024-02-26 09:21:00+00:00,30102.281462672352,30105.99251151797,30101.14644006709,30101.696077338962,688
2024-02-26 17:21:00+00:00,30101.654272427248,30116.977068237236,30096.58898909869,30102.697884857935,992
2024-02-27 01:21:00+00:00,30102.02357531136,30107.307709999695,30092.92101498988,30103.41093552357,454
2024-02-27 09:21:00+00:00,30103.019639980543,30122.442020074555,30100.102507556192,30101.669263486154,414
2024-02-27 17:21:00+00:00,30104.43920172478,30117.12762073014,30087.278847332098,30105.096242906533,725
2024-02-28 01:21:00+00:00,30104.05989643852,30119.929830783392,30086.05437262516,30104.29544705268,344
2024-02-28 09:21:00+00:00,30104.56402254086,30123.055739747786,30090.15864648555,30104.067847400926,687
2024-02-28 17:21:00+00:00,30106.846627098592,30113.285992561312,30101.237335509446,30106.71504060342,447
2024-02-29 01:21:00+00:00,30107.53738689299,30110.543527083322,30099.402693259228,30109.058856311538,552
2024-02-29 09:21:00+00:00,30104.12835599792,30122.92773536139,30086.002012544217,30104.15216045215,856
2024-02-29 17:21:00+00:00,30103.423766844113,30109.441295554156,30084.09258374976,30101.51330310552,233
2024-03-01 01:21:00+00:00,30105.328543913925,30116.46274285845,30095.710223139464,30106.298942989448,363
2024-03-01 09:21:00+00:00,30107.25200268289,30122.8848867065,30088.59881938608,30108.02051218828,936
2024-03-01 17:21:00+00:00,30109.021091357994,30124.618238977117,30092.49856188401,30110.099573710362,941
2024-03-02 01:21:00+00:00,30107.070342906365,30125.644549262044,30091.610125516025,30107.01619330181,305
2024-03-02 09:21:00+00:00,30108.11032665259,30118.128312659515,30104.101677155075,30108.13177755806,510
2024-03-02 17:21:00+00:00,30108.046029314777,30113.688405400804,30097.352911946415,30107.31241026115,447
2024-03-03 01:21:00+00:00,30108.306726421608,30113.990710082195,30099.46935443831,30108.20589458703,649
2024-03-03 09:21:00+00:00,30107.120391618537,30115.065567057616,30088.65281264341,30106.07930327048,299
2024-03-03 17:21:00+00:00,30107.34449941088,30122.224096514994,30097.136893499122,30107.69753622863,791
2024-03-04 01:21:00+00:00,30106.616591068647,30111.56212522622,30094.028390987078,30105.08262899053,805
2024-03-04 09:21:00+00:00,30105.409485592296,30123.38189895856,30097.35580460442,30105.380035348615,680
2024-03-04 17:21:00+00:00,30105.62060111761,30123.443767934565,30086.450017059127,30105.178470856543,353
2024-03-05 01:21:00+00:00,30106.88317740129,30112.87956532846,30092.16531784157,30108.319374511262,843
2024-03-05 09:21:00+00:00,30106.239835834982,30123.588977253024,30098.6755658026,30106.054937971454,511
2024-03-05 17:21:00+00:00,30105.788810765887,30109.82952868532,30095.730191838924,30105.743984971446,935
2024-03-06 01:21:00+00:00,30105.773441013247,30119.234930658582,30102.7874452124,30106.577734253093,859
2024-03-06 09:21:00+00:00,30106.02208479566,30122.16383812691,30088.345504522043,30105.739561907856,526
2024-03-06 17:21:00+00:00,30105.45766871843,30114.08599704518,30098.27255943587,30105.702885272927,104
2024-03-07 01:21:00+00:00,30105.72834450259,30113.75652646322,30088.294836462486,30106.803807031567,934
2024-03-07 09:21:00+00:00,30105.85154338201,30113.03290684566,30089.580509398576,30106.551085397216,650
2024-03-07 17:21:00+00:00,30104.891267176416,30108.452265645003,30089.832108782717,30104.958413485394,299
2024-03-08 01:21:00+00:00,30104.41100495602,30120.386450558035,30100.69571602125,30104.793948000693,666
2024-03-08 09:21:00+00:00,30104.51335701652,30118.37998147696,30099.783744843007,30104.26646577514,673
2024-03-08 17:21:00+00:00,30102.287834008843,30112.9445228701,30088.79855732967,30103.505486487236,860
2024-03-09 01:21:00+00:00,30100.768552272544,30111.261304801177,30081.461034829495,30101.171893405728,890
2024-03-09 09:21:00+00:00,30099.84246290534,30119.578193240606,30092.093521242066,30098.052847544517,991
2024-03-09 17:21:00+00:00,30100.61483466354,30101.486674968488,30085.498217417335,30100.884629586926,492
2024-03-10 01:21:00+00:00,30100.434750254204,30100.813765706444,30083.809487226867,30098.501820600744,305
2024-03-10 09:21:00+00:00,30099.183383502128,30103.088003926077,30096.042484504727,30099.915314143764,203
2024-03-10 17:21:00+00:00,30100.313792618625,30112.17752127986,30092.35534348918,30100.95095582179,401
2024-03-11 01:21:00+00:00,30100.933007688353,30119.067180493366,30098.41080615033,30099.715212888663,943
2024-03-11 09:21:00+00:00,30099.89252288791,30115.843424443246,30093.13642972654,30100.486765674174,345
2024-03-11 17:21:00+00:00,30099.72195316438,30107.590356067594,30097.652897920492,30098.041971045943,525
2024-03-12 01:21:00+00:00,30098.30019891884,30107.041947048136,30080.57829633816,30098.280214209964,672
2024-03-12 09:21:00+00:00,30097.981890015155,30105.64689705046,30079.769078122634,30098.67645504141,954
2024-03-12 17:21:00+00:00,30098.013116421316,30113.572902013162,30081.23986543512,30098.022607512892,932
2024-03-13 01:21:00+00:00,30097.477078260596,30105.153195128343,30095.559396392582,30094.995318277306,759
2024-03-13 09:21:00+00:00,30098.986187354665,30103.9058410632,30079.587733570927,30098.581142454834,812
2024-03-13 17:21:00+00:00,30098.27923909484,30098.985949295828,30096.496283174612,30097.35926393441,668
2024-03-14 01:21:00+00:00,30097.963214544616,30099.040129859077,30096.13473008601,30096.99411928047,751
2024-03-14 09:21:00+00:00,30096.18510514938,30114.60025258078,30078.237670442384,30094.38021349744,506
2024-03-14 17:21:00+00:00,30096.135608030734,30098.082793588103,30086.169300195255,30096.632761603138,300
2024-03-15 01:21:00+00:00,30096.213728359424,30113.29906138938,30085.13794988944,30095.94610099466,575
2024-03-15 09:21:00+00:00,30095.679615640925,30098.871745403267,30091.13820703901,30095.08424503853,847
2024-03-15 17:21:00+00:00,30094.85718854258,30106.028090606243,30085.077781572887,30095.314710431812,640
2024-03-16 01:21:00+00:00,30095.148562101476,30109.8889336515,30082.407334058407,30094.64337748745,280
2024-03-16 09:21:00+00:00,30095.750483629417,30096.471522856566,30078.711622264567,30094.74997398904,631
2024-03-16 17:21:00+00:00,30095.89343680779,30103.130324408758,30080.81867394115,30096.977377847244,204
2024-03-17 01:21:00+00:00,30096.995114574776,30101.847371045526,30096.110390191563,30096.912992779427,131
2024-03-17 09:21:00+00:00,30097.622654680494,30106.24949129527,30083.10091888305,30096.62449711712,335
2024-03-17 17:21:00+00:00,30099.89186198354,30109.438296031236,30081.13668076244,30100.42248705414,597
2024-03-18 01:21:00+00:00,30100.37781980569,30108.855199599242,30085.58763526105,30100.31817769234,750
2024-03-18 09:21:00+00:00,30101.368780922116,30111.289614146364,30096.967361348186,30100.303916231664,247
2024-03-18 17:21:00+00:00,30102.608883015073,30114.68551390425,30099.117821133405,30103.12332274136,761
2024-03-19 01:21:00+00:00,30103.371896069355,30118.180079820457,30095.714610204555,30103.374738945156,973
2024-03-19 09:21:00+00:00,30103.249726574046,30115.068308241483,30086.344210715608,30103.981663843922,371
2024-03-19 17:21:00+00:00,30101.749234467254,30109.497487589844,30090.00231737248,30100.19435409884,778
2024-03-20 01:21:00+00:00,30102.482757767528,30112.26673420626,30090.277456459604,30101.12621565989,401
2024-03-20 09:21:00+00:00,30100.58697624662,30103.419601657577,30092.238990692527,30100.276033825914,174
2024-03-20 17:21:00+00:00,30101.143598223134,30110.82668856267,30085.406242241654,30101.801487027336,766
2024-03-21 01:21:00+00:00,30100.135642089088,30115.97526385156,30089.60312744186,30100.89282822976,236
2024-03-21 09:21:00+00:00,30101.351738151767,30113.833573645385,30098.178640869355,30101.71924127287,444
2024-03-21 17:21:00+00:00,30101.57997964044,30116.10086915362,30088.025159197477,30100.652299601014,267
2024-03-22 01:21:00+00:00,30100.75219144782,30106.06587147713,30097.629943599728,30100.55377600156,978
2024-03-22 09:21:00+00:00,30101.90353875421,30116.565132116393,30090.97569369013,30102.68349936983,236
2024-03-22 17:21:00+00:00,30100.606790462854,30102.426222852657,30083.281578590868,30101.12799655478,107
2024-03-23 01:21:00+00:00,30100.333555706155,30101.235911857817,30094.8478450363,30100.605585874786,300
2024-03-23 09:21:00+00:00,30100.847852304163,30117.137409973035,30083.27940030715,30101.523547532724,796
2024-03-23 17:21:00+00:00,30099.872206360775,30102.699078513473,30083.040518543166,30099.552011058186,138
2024-03-24 01:21:00+00:00,30100.02331896047,30106.585884874712,30094.82587185968,30099.954873328563,529
2024-03-24 09:21:00+00:00,30099.15753352054,30107.274819945127,30096.036998787553,30099.575073233005,215
2024-03-24 17:21:00+00:00,30099.52967285644,30111.66897072791,30095.655821291883,30099.636968222938,370
2024-03-25 01:21:00+00:00,30100.227163055795,30104.429828303302,30099.021934937537,30100.40994504723,922
2024-03-25 09:21:00+00:00,30099.19267549269,30113.812304338877,30079.848656113278,30097.737390889255,693
2024-03-25 17:21:00+00:00,30098.992876606095,30111.908535851795,30085.46960771578,30099.875034623183,191
2024-03-26 01:21:00+00:00,30097.744754578016,30100.233580342287,30083.909030663504,30098.81175523879,739
2024-03-26 09:21:00+00:00,30098.770671143953,30103.55977355645,30089.422131504612,30099.784035351528,744
2024-03-26 17:21:00+00:00,30097.920334450304,30099.798692745477,30081.959490857593,30098.574169362226,203
2024-03-27 01:21:00+00:00,30097.391880517192,30099.800657338576,30084.891388644104,30097.230796022355,303
2024-03-27 09:21:00+00:00,30098.10315798486,30116.57765930239,30081.404035875115,30098.688561792893,708
2024-03-27 17:21:00+00:00,30097.547326464122,30101.466102011986,30091.656890083308,30096.92562218113,376
2024-03-28 01:21:00+00:00,30096.327859350797,30098.416354966645,30094.8509003107,30097.169893328286,484
2024-03-28 09:21:00+00:00,30095.184622995046,30115.099204501796,30085.244009236027,30092.87344470473,664
2024-03-28 17:21:00+00:00,30095.067673371876,30107.44241902786,30091.31254847229,30094.339005671354,170
2024-03-29 01:21:00+00:00,30095.971551224906,30112.85849471132,30086.446557874075,30096.284874127694,667
2024-03-29 09:21:00+00:00,30095.91142819551,30114.51020055389,30084.61672166291,30095.95967259239,385
2024-03-29 17:21:00+00:00,30096.129988668807,30098.230906343095,30082.537508247206,30098.449174771944,139
2024-03-30 01:21:00+00:00,30095.680743548128,30105.428731579123,30092.86304518116,30095.528482751182,197
2024-03-30 09:21:00+00:00,30095.534915430497,30111.433029149917,30085.26967270679,30096.155969531377,917
2024-03-30 17:21:00+00:00,30094.890744631157,30101.41083438508,30090.80260379797,30094.149059054253,178
2024-03-31 01:21:00+00:00,30096.63726889363,30104.460390317327,30094.19904785854,30098.007470316534,816
2024-03-31 09:21:00+00:00,30097.10417306718,30101.504945873767,30088.38134701448,30097.465876750346,271
2024-03-31 17:21:00+00:00,30096.954738693512,30103.06875185678,30083.90534486286,30098.25592767633,871
2024-04-01 01:21:00+00:00,30098.526132338462,30116.53088952243,30089.005518848666,30099.639663951606,418
2024-04-01 09:21:00+00:00,30097.453536015095,30117.09839928269,30079.739401860323,30097.550032829407,718
2024-04-01 17:21:00+00:00,30096.513952787063,30096.826090336875,30095.26248186219,30095.565954394595,347
2024-04-02 01:21:00+00:00,30095.924109301734,30110.742904681636,30088.812896596308,30096.31771421867,921
2024-04-02 09:21:00+00:00,30095.21030731325,30109.594924985744,30078.7579387223,30096.094209072926,460
2024-04-02 17:21:00+00:00,30093.26029614954,30106.617415152254,30092.74077087898,30093.833279628794,720
2024-04-03 01:21:00+00:00,30091.374755559373,30102.98830001903,30071.708655404844,30091.589044166278,746
2024-04-03 09:21:00+00:00,30092.311905963965,30092.661980527708,30091.203064811863,30091.68763835141,289
2024-04-03 17:21:00+00:00,30092.219281921258,30095.67950229502,30072.585978156523,30091.80486329967,588
2024-04-04 01:21:00+00:00,30091.45160405394,30105.788540911963,30072.349652962297,30090.118704395118,314
2024-04-04 09:21:00+00:00,30094.01201275546,30109.404784266546,30080.452469992146,30093.034166385936,727
2024-04-04 17:21:00+00:00,30095.077484153717,30096.419146944638,30091.79104636261,30094.416437996235,204
2024-04-05 01:21:00+00:00,30094.200109203583,30097.310203080415,30082.06720640883,30096.016707921288,574
2024-04-05 09:21:00+00:00,30094.596707651304,30113.036090522684,30080.00857710796,30095.47275210167,366
2024-04-05 17:21:00+00:00,30092.840011349388,30102.051793015038,30087.009566871897,30093.181834082196,452
2024-04-06 01:21:00+00:00,30091.633723347855,30107.20086895162,30090.70496566979,30091.696230420697,919
2024-04-06 09:21:00+00:00,30092.021573802922,30097.164029612057,30077.02562802689,30091.55310901611,907
2024-04-06 17:21:00+00:00,30091.562734984138,30105.59815938382,30084.074800510236,30091.542513140423,265
2024-04-07 01:21:00+00:00,30092.244361294754,30106.33539278786,30079.876697541826,30093.77948310976,718
2024-04-07 09:21:00+00:00,30094.37826635614,30098.619506494775,30074.815493617916,30094.3683817205,887
2024-04-07 17:21:00+00:00,30094.70534192284,30110.343859842455,30076.37556580546,30093.703881739628,426
2024-04-08 01:21:00+00:00,30093.378430302808,30099.715177993196,30081.145079786642,30092.194968541036,910
2024-04-08 09:21:00+00:00,30094.626331146654,30101.628027271167,30077.946787637484,30094.275099110713,334
2024-04-08 17:21:00+00:00,30093.734445785114,30110.78541700213,30081.90336204202,30093.094473458426,648
2024-04-09 01:21:00+00:00,30095.20392435443,30095.536917482863,30092.868436296332,30095.289972408536,916
2024-04-09 09:21:00+00:00,30094.206106584825,30104.49707023275,30080.81703599723,30093.023884940027,720
2024-04-09 17:21:00+00:00,30091.637604393785,30102.562902767124,30087.602185490156,30091.596328630025,666
2024-04-10 01:21:00+00:00,30089.717494147993,30096.22874282632,30074.33315060676,30087.965468836286,713
2024-04-10 09:21:00+00:00,30090.0345518764,30105.127451554217,30074.507564477357,30090.506250316936,437
2024-04-10 17:21:00+00:00,30089.882464328453,30103.387469393605,30073.302908204856,30088.480449842653,875
2024-04-11 01:21:00+00:00,30089.14161394264,30101.826649371924,30078.900588742807,30089.94579051611,512
2024-04-11 09:21:00+00:00,30088.53665153281,30096.652035061197,30073.212432403678,30087.476842803273,561
2024-04-11 17:21:00+00:00,30088.185118309393,30105.0223250206,30069.471636379327,30088.879436792842,327
2024-04-12 01:21:00+00:00,30090.684526224053,30092.689389733972,30082.512655053393,30090.08088955376,524
2024-04-12 09:21:00+00:00,30090.044603201044,30109.698683258768,30079.307664527005,30088.636035255007,745
2024-04-12 17:21:00+00:00,30089.033143489127,30107.651702634957,30087.272818574256,30089.668857392997,291
2024-04-13 01:21:00+00:00,30089.425721007636,30101.376127910436,30077.256490571694,30090.325028739026,423
2024-04-13 09:21:00+00:00,30088.587565595193,30100.57124792921,30086.598266059536,30090.123847640014,311
2024-04-13 17:21:00+00:00,30087.278891240236,30101.229131205757,30075.715699607645,30086.742681743523,288
2024-04-14 01:21:00+00:00,30087.084787093114,30095.747532252968,30068.579202073404,30087.86825052852,717
2024-04-14 09:21:00+00:00,30087.173088908952,30104.222589654222,30073.195667611555,30086.802854442292,431
2024-04-14 17:21:00+00:00,30088.12054616592,30099.974896675936,30068.533765922537,30088.43342261025,146
2024-04-15 01:21:00+00:00,30088.292973968655,30092.956240520285,30082.58702497298,30089.45515518398,262
2024-04-15 09:21:00+00:00,30087.544261619463,30092.56178689221,30081.92375763698,30088.730996404374,648
2024-04-15 17:21:00+00:00,30089.68895130898,30099.513624995583,30071.802449184946,30088.992060116856,604
2024-04-16 01:21:00+00:00,30088.8995343961,30093.249387192318,30074.533508829536,30088.372516994972,356
2024-04-16 09:21:00+00:00,30088.62221469318,30098.15784665491,30073.54976485613,30088.478426340425,865
2024-04-16 17:21:00+00:00,30086.921022562554,30087.381749639982,30076.810787747192,30085.593144245224,501
2024-04-17 01:21:00+00:00,30088.722291058057,30098.9161905728,30077.160466393536,30090.326803844073,919
2024-04-17 09:21:00+00:00,30090.79701352397,30104.647296506522,30080.421500453318,30090.471772643254,873
2024-04-17 17:21:00+00:00,30089.99203038191,30103.24693052575,30075.482002323104,30089.518845833532,281
2024-04-18 01:21:00+00:00,30091.02899148677,30102.960665286813,30080.417712069728,30092.053362992054,838
2024-04-18 09:21:00+00:00,30091.962311470834,30105.46109297766,30084.958602943138,30091.956008572757,984
2024-04-18 17:21:00+00:00,30090.014085119896,30105.298273793083,30081.11110579746,30090.74458227395,872
2024-04-19 01:21:00+00:00,30090.902283239106,30106.2000242574,30072.195519053435,30090.15783021396,246
2024-04-19 09:21:00+00:00,30091.09003482185,30110.548334257437,30078.52794052065,30090.85023761397,812
2024-04-19 17:21:00+00:00,30090.880871869642,30107.36404630326,30090.237348456194,30090.87232802497,716
2024-04-20 01:21:00+00:00,30090.402195778726,30092.644256238887,30086.792182300716,30089.715580496195,218
2024-04-20 09:21:00+00:00,30089.54087237299,30102.472964608314,30076.45546695322,30088.947558203476,522
2024-04-20 17:21:00+00:00,30087.88626803375,30095.952877272794,30077.33310839737,30088.57903261013,866
2024-04-21 01:21:00+00:00,30087.227656113504,30100.828615172282,30077.325379404818,30086.132646010665,666
2024-04-21 09:21:00+00:00,30086.37162343742,30087.016812768994,30070.85512372319,30087.25772430435,412
2024-04-21 17:21:00+00:00,30086.690073023165,30097.88423088099,30076.08986209474,30087.10177055008,820
2024-04-22 01:21:00+00:00,30086.79365378845,30093.39822529048,30074.64127178438,30087.857679731354,281
2024-04-22 09:21:00+00:00,30085.512005696666,30101.564331800157,30065.87500785305,30087.1835696103,216
2024-04-22 17:21:00+00:00,30085.431538692756,30091.15038532481,30085.161311799056,30087.581972958742,138
2024-04-23 01:21:00+00:00,30085.525645386744,30098.822118437776,30078.06472868594,30085.92096547387,648
2024-04-23 09:21:00+00:00,30085.747246975563,30088.639509870147,30069.04086730733,30085.36414147222,893
2024-04-23 17:21:00+00:00,30084.439701931784,30090.987891021538,30083.3865375749,30083.315176021104,975
2024-04-24 01:21:00+00:00,30084.915063273613,30101.392949819652,30068.763690087762,30085.17480070935,880
2024-04-24 09:21:00+00:00,30084.151188271208,30092.21477155485,30068.76443309967,30086.4446368618,662
2024-04-24 17:21:00+00:00,30083.458021094102,30092.046343144564,30076.160973465172,30083.615311816506,653
2024-04-25 01:21:00+00:00,30083.402513920657,30097.058562555845,30072.89592331371,30084.671325654366,958
2024-04-25 09:21:00+00:00,30081.81278604161,30100.02984160411,30063.30464936997,30080.5200036124,493
2024-04-25 17:21:00+00:00,30080.49779775008,30080.579556166587,30072.565114089164,30082.09180905309,763
2024-04-26 01:21:00+00:00,30079.599339539254,30094.441116193826,30076.703959556657,30077.112080236915,203
2024-04-26 09:21:00+00:00,30079.380928908504,30088.897420399193,30075.90915419357,30078.560297449414,614
2024-04-26 17:21:00+00:00,30077.88385856043,30078.95066085131,30060.28280364237,30077.397092951716,730
2024-04-27 01:21:00+00:00,30078.180459667252,30098.15059030667,30058.666159480996,30077.45637739521,339
2024-04-27 09:21:00+00:00,30078.55085699173,30081.683318445208,30077.955669343573,30078.928508027686,783
2024-04-27 17:21:00+00:00,30079.79226703163,30098.477635681018,30074.39267491659,30079.612323182755,963
2024-04-28 01:21:00+00:00,30080.177268289688,30089.8198465977,30068.43257388634,30081.305938855523,776
2024-04-28 09:21:00+00:00,30081.511040595462,30097.818432016695,30071.411499849943,30081.765611388204,616
2024-04-28 17:21:00+00:00,30082.831765406398,30095.776209592223,30082.45550499899,30081.285151744607,836
2024-04-29 01:21:00+00:00,30083.727668254985,30084.194345941905,30079.183442334568,30083.819432578694,898
2024-04-29 09:21:00+00:00,30083.46781717579,30090.952776314523,30076.19258530804,30083.367193316648,918
2024-04-29 17:21:00+00:00,30084.494392272834,30101.602378459764,30083.053167412672,30082.2853889736,506
2024-04-30 01:21:00+00:00,30083.17483630143,30095.313335838244,30066.533847155108,30082.78841485465,233
2024-04-30 09:21:00+00:00,30083.547888460438,30090.111791381307,30067.98271305738,30083.172058033506,889
2024-04-30 17:21:00+00:00,30083.31117942946,30087.410908765876,30069.145537338183,30083.595822840914,378
2024-05-01 01:21:00+00:00,30082.29118281814,30086.855941055463,30068.108004135403,30083.524852906354,736
2024-05-01 09:21:00+00:00,30083.75448756044,30090.81285629264,30082.66033781037,30083.934231150666,235
2024-05-01 17:21:00+00:00,30083.332435810407,30098.823485209785,30074.73224046443,30081.713272466528,577
2024-05-02 01:21:00+00:00,30082.854410332555,30090.570767014455,30080.545762142403,30084.562969523024,165
2024-05-02 09:21:00+00:00,30084.584894180134,30100.647592193553,30073.737486996324,30085.068275308135,257
2024-05-02 17:21:00+00:00,30085.569971655867,30091.714083078587,30066.523776651728,30083.364717432454,112
2024-05-03 01:21:00+00:00,30085.21297120184,30092.97073409127,30073.91933570907,30082.282828002884,373
2024-05-03 09:21:00+00:00,30087.00882788475,30092.649423192808,30067.356579407136,30087.13762620453,520
2024-05-03 17:21:00+00:00,30086.17934875702,30094.47483490351,30069.476751229056,30086.648880680896,692
2024-05-04 01:21:00+00:00,30086.211342968545,30094.88430712675,30076.39216722852,30083.593921097032,366
2024-05-04 09:21:00+00:00,30086.180610760362,30104.688191277015,30076.95602936368,30086.981317471855,586
2024-05-04 17:21:00+00:00,30085.8741523632,30095.054810310507,30077.506586246574,30085.370865726698,222
2024-05-05 01:21:00+00:00,30085.129990443627,30097.79350562868,30071.474971998905,30084.395436316594,912
2024-05-05 09:21:00+00:00,30085.69527300252,30087.734059578524,30073.51081394288,30086.01080830658,992
2024-05-05 17:21:00+00:00,30084.602281839838,30096.542119870563,30076.393985487008,30087.08473593406,322
2024-05-06 01:21:00+00:00,30084.172549697618,30098.105681089062,30066.583267002246,30084.724423003438,933
2024-05-06 09:21:00+00:00,30084.089989036944,30098.627353177257,30077.449381077906,30084.6790752899,724
2024-05-06 17:21:00+00:00,30083.52969014535,30089.45779049267,30075.01888407926,30083.30358678043,882
2024-05-07 01:21:00+00:00,30083.833604725096,30091.409839892433,30067.429456931117,30081.071960103745,439
2024-05-07 09:21:00+00:00,30084.552332954296,30103.253031521628,30074.854350712292,30085.059434189887,854
2024-05-07 17:21:00+00:00,30085.304316217575,30098.3618582347,30084.11652845382,30084.396353932556,595
2024-05-08 01:21:00+00:00,30085.20148823317,30093.520819604586,30078.063968200047,30084.665483811987,714
2024-05-08 09:21:00+00:00,30086.082702136107,30093.246804095583,30076.801401307588,30085.980412868583,637
2024-05-08 17:21:00+00:00,30087.27781904268,30100.35917041888,30083.752775480756,30085.79469375014,884
2024-05-09 01:21:00+00:00,30087.587879353283,30097.796620389174,30084.106768442445,30088.965537164266,882
2024-05-09 09:21:00+00:00,30087.818253228616,30107.79634844817,30075.173097504598,30086.638039176192,984
2024-05-09 17:21:00+00:00,30086.941918091357,30095.74907162051,30071.345028052503,30086.051705037473,100
2024-05-10 01:21:00+00:00,30087.010520250125,30097.63210703413,30086.08504564257,30088.556593073237,911
2024-05-10 09:21:00+00:00,30086.47792994757,30092.949704933922,30075.656113497058,30086.96146407801,224
2024-05-10 17:21:00+00:00,30086.87658818227,30105.75193787306,30072.89923503835,30088.32787418589,996
2024-05-11 01:21:00+00:00,30084.688616192514,30101.87749417251,30075.41224152386,30083.599001130046,219
2024-05-11 09:21:00+00:00,30084.21436109552,30097.031381120883,30079.777782628913,30084.73879057518,608
2024-05-11 17:21:00+00:00,30082.218546686767,30082.476754469993,30074.541476844588,30082.478989793777,734
2024-05-12 01:21:00+00:00,30082.846418340596,30097.541028927706,30069.5273132388,30083.812406155044,831
2024-05-12 09:21:00+00:00,30083.009849914593,30088.39360767822,30081.83193269578,30085.233826739408,948
2024-05-12 17:21:00+00:00,30083.113592927413,30097.21254445229,30067.301283100463,30084.498450863965,843
2024-05-13 01:21:00+00:00,30081.883683777523,30084.234848451342,30079.11977526287,30082.17049455694,338
2024-05-13 09:21:00+00:00,30082.687424512063,30102.326001355752,30081.328834310494,30081.865331802594,734
2024-05-13 17:21:00+00:00,30081.854987848423,30082.137238249634,30068.14810703918,30081.455619744323,222
2024-05-14 01:21:00+00:00,30081.608585129983,30093.930221397917,30074.194280783573,30081.408793104052,832
2024-05-14 09:21:00+00:00,30081.83722577318,30093.068325765915,30066.39363039649,30083.276615535553,807
2024-05-14 17:21:00+00:00,30081.076968371573,30090.086916915254,30070.49796566868,30080.431948091173,696
2024-05-15 01:21:00+00:00,30081.491645707516,30099.57065698894,30076.311989624322,30080.59929527227,228
2024-05-15 09:21:00+00:00,30082.438233020064,30086.789155457074,30064.02941190846,30082.71961384447,949
2024-05-15 17:21:00+00:00,30083.49580159229,30100.665259815843,30080.825318873565,30083.52553509739,677
2024-05-16 01:21:00+00:00,30084.74931825763,30103.697966779982,30076.1969135594,30084.911672103364,353
2024-05-16 09:21:00+00:00,30085.645820603942,30099.518045288376,30069.319451932413,30086.176959524073,969
2024-05-16 17:21:00+00:00,30086.35919407402,30090.74057423409,30080.057842498212,30085.41710451817,992
2024-05-17 01:21:00+00:00,30084.656974919395,30102.989820706694,30075.357458280574,30083.90903462597,121
2024-05-17 09:21:00+00:00,30082.011627916923,30099.9518858505,30065.70091106669,30082.813178658373,283
2024-05-17 17:21:00+00:00,30085.03508355419,30091.799781831327,30068.049311537805,30086.558437669442,500
2024-05-18 01:21:00+00:00,30084.230437437524,30091.286953490537,30080.34203263283,30081.88104875274,625
2024-05-18 09:21:00+00:00,30083.473406201058,30100.41971924028,30072.025572254603,30082.76193266002,190
2024-05-18 17:21:00+00:00,30083.25797693265,30099.82033477948,30067.167599717042,30082.19788783203,746
2024-05-19 01:21:00+00:00,30083.65292657855,30091.13950874274,30074.55826977661,30083.006756538274,903
2024-05-19 09:21:00+00:00,30083.576999920024,30102.101485126714,30073.42249733143,30083.027159988975,109
2024-05-19 17:21:00+00:00,30083.47601691309,30094.352834921636,30079.62682458407,30083.61539695529,614
2024-05-20 01:21:00+00:00,30083.862810829203,30100.578005290772,30079.579467682073,30085.061143398863,235
2024-05-20 09:21:00+00:00,30082.78190430037,30088.83152435363,30067.447787279954,30082.714002418357,817
2024-05-20 17:21:00+00:00,30083.94974835587,30101.06073817918,30070.99480883239,30083.462136117905,504
2024-05-21 01:21:00+00:00,30084.3204822061,30098.389054898078,30067.775447615448,30084.012079184446,773
2024-05-21 09:21:00+00:00,30083.8901934345,30098.57793973761,30077.80276966026,30084.1851508019,916
2024-05-21 17:21:00+00:00,30082.925966769068,30089.62229456,30066.419166055453,30082.572100433503,318
2024-05-22 01:21:00+00:00,30081.567315303877,30085.159075280328,30071.48825868884,30081.13784083762,607
2024-05-22 09:21:00+00:00,30081.13300745216,30082.494028806403,30064.14022648254,30079.03762319767,796
2024-05-22 17:21:00+00:00,30079.945437371938,30089.945548341104,30061.341133434667,30081.775842682448,914
2024-05-23 01:21:00+00:00,30080.226972447093,30098.380024259994,30072.48749909016,30079.299731998824,615
2024-05-23 09:21:00+00:00,30081.215260464116,30096.790455907183,30071.73345661079,30081.078380080206,965
2024-05-23 17:21:00+00:00,30081.779600579262,30084.109699080873,30066.068475248067,30081.992552906955,412
2024-05-24 01:21:00+00:00,30081.050694608348,30098.888846481404,30073.12087208221,30080.933211211446,983
2024-05-24 09:21:00+00:00,30080.68715383968,30087.64659563957,30070.84325308527,30079.742628302854,284
2024-05-24 17:21:00+00:00,30081.37224169758,30093.184456904975,30076.299448897775,30079.991145279088,937
2024-05-25 01:21:00+00:00,30080.78918520512,30086.725625539773,30077.35425784326,30081.963693774367,312
2024-05-25 09:21:00+00:00,30078.81220427539,30091.560600237808,30074.66085725095,30077.613753715188,296
2024-05-25 17:21:00+00:00,30078.08708420143,30085.714828600256,30063.896552026625,30077.353585778095,134
2024-05-26 01:21:00+00:00,30079.374039987837,30094.191303006563,30074.40502179791,30080.22266802266,419
2024-05-26 09:21:00+00:00,30079.748520046887,30085.171563697237,30072.439186816104,30080.234938538404,587
2024-05-26 17:21:00+00:00,30076.979875862286,30078.34706092384,30068.423108295774,30079.350508491072,829
2024-05-27 01:21:00+00:00,30076.217096514705,30084.757905350518,30061.09044212675,30076.361127025426,142
2024-05-27 09:21:00+00:00,30077.385310110014,30085.267603927026,30074.050177953308,30075.966813925796,410
2024-05-27 17:21:00+00:00,30075.709881789382,30082.219635091074,30059.20712369823,30074.773574643812,892
2024-05-28 01:21:00+00:00,30076.013120516476,30089.442051052716,30075.23802391632,30076.394321109987,790
2024-05-28 09:21:00+00:00,30076.692647958407,30084.487169598546,30070.075473731922,30077.1429680543,354
2024-05-28 17:21:00+00:00,30075.984202490024,30079.62636287706,30058.626785552704,30075.18253969963,278
2024-05-29 01:21:00+00:00,30076.503180151285,30095.902861462317,30065.35585516188,30076.402322952446,583
2024-05-29 09:21:00+00:00,30078.03645971418,30094.532099319902,30060.092975676165,30078.6332476636,595
2024-05-29 17:21:00+00:00,30077.266022300253,30082.119901896098,30058.398110034042,30079.82389080444,927
2024-05-30 01:21:00+00:00,30078.704446828364,30098.364797914626,30072.470721182428,30076.693080587233,783
2024-05-30 09:21:00+00:00,30079.879858173193,30084.332979298044,30070.243934411094,30080.174127705235,442
2024-05-30 17:21:00+00:00,30079.861150250363,30082.60491044406,30074.750269218475,30079.604641958587,462
2024-05-31 01:21:00+00:00,30077.86568411822,30086.750148165735,30066.982234117728,30078.264319959668,518
2024-05-31 09:21:00+00:00,30077.18798421449,30094.590134381113,30068.431159714088,30079.912275538667,626
2024-05-31 17:21:00+00:00,30077.122363427243,30092.435752896068,30074.569083830866,30075.29750358432,176
2024-06-01 01:21:00+00:00,30075.479773044415,30081.625631622024,30058.98158207085,30076.792805870144,809
2024-06-01 09:21:00+00:00,30076.910341511026,30082.046322795057,30069.809508643662,30079.044009947116,559
2024-06-01 17:21:00+00:00,30075.205869246947,30092.210300304265,30065.228802072157,30076.307040037576,258
2024-06-02 01:21:00+00:00,30073.09413614015,30083.737961404993,30065.417184172275,30071.84737703025,376
2024-06-02 09:21:00+00:00,30074.735439499244,30077.21311979972,30074.549451436054,30074.715091254788,587
2024-06-02 17:21:00+00:00,30072.60313802221,30088.852401463257,30057.21035842094,30072.72528045057,786
2024-06-03 01:21:00+00:00,30072.418588277993,30086.966312986846,30057.973027025855,30071.51881796378,486
2024-06-03 09:21:00+00:00,30072.644215730055,30078.222874082992,30065.255712773596,30071.956430747203,906
2024-06-03 17:21:00+00:00,30072.274412753286,30083.42368490666,30058.098287487097,30071.201510669587,914
2024-06-04 01:21:00+00:00,30072.285927499892,30086.371742774714,30066.90592213748,30071.959157675334,470
2024-06-04 09:21:00+00:00,30072.411021670927,30084.67569661211,30067.91052044974,30072.415685381613,466
2024-06-04 17:21:00+00:00,30071.477265297108,30087.039405523417,30059.28951368453,30072.75803532716,493
2024-06-05 01:21:00+00:00,30070.165363349053,30076.067384387497,30063.21567242353,30069.800277682218,639
2024-06-05 09:21:00+00:00,30069.236955605276,30077.749716648115,30065.61630892454,30069.617533525634,456
2024-06-05 17:21:00+00:00,30068.34352737341,30081.654571600608,30064.956515796,30070.919343866408,587
2024-06-06 01:21:00+00:00,30068.647089059006,30086.515621558898,30058.639063017286,30069.628680495003,720
2024-06-06 09:21:00+00:00,30069.191291322004,30069.204295910054,30050.487504250767,30069.19694313566,562
2024-06-06 17:21:00+00:00,30068.35128531411,30087.96523816253,30061.212803948947,30067.95514537504,193
2024-06-07 01:21:00+00:00,30068.942513049184,30080.722472251164,30065.660056283814,30068.771122218084,835
2024-06-07 09:21:00+00:00,30069.804285036615,30086.206901994134,30064.166424928117,30068.23763575664,383
2024-06-07 17:21:00+00:00,30069.02160407414,30080.95482000324,30065.79791426161,30067.908909593032,218
2024-06-08 01:21:00+00:00,30068.25249109813,30080.258288316738,30065.684181010594,30068.400987043715,466
2024-06-08 09:21:00+00:00,30069.246253360812,30076.428058852176,30066.033753683845,30068.287182470365,476
2024-06-08 17:21:00+00:00,30069.076341807962,30083.523661258605,30062.216216900953,30070.36974214372,606
2024-06-09 01:21:00+00:00,30070.803916953715,30090.6358987769,30066.511808380423,30069.690681143224,521
2024-06-09 09:21:00+00:00,30069.43578910201,30071.98834152524,30055.450572696176,30068.677909326427,356
2024-06-09 17:21:00+00:00,30069.627191466283,30079.948126856147,30052.433761622648,30068.511289906346,707
2024-06-10 01:21:00+00:00,30068.41730872827,30076.009011034774,30060.929508012658,30068.48799602939,556
2024-06-10 09:21:00+00:00,30068.951618166222,30087.165207322847,30064.608733822544,30067.666431123915,827
2024-06-10 17:21:00+00:00,30068.672886641343,30079.393134806032,30052.250812520513,30070.90967332219,609
2024-06-11 01:21:00+00:00,30069.0147899189,30074.755405857857,30064.646941230287,30068.633580003487,605
2024-06-11 09:21:00+00:00,30068.466042801767,30074.24137250431,30055.07933114105,30067.342985491538,680
2024-06-11 17:21:00+00:00,30067.61351287158,30081.87211795598,30065.815918373082,30067.65676840634,408
2024-06-12 01:21:00+00:00,30067.21720907516,30075.858863434823,30049.382702421637,30067.029548207687,542
2024-06-12 09:21:00+00:00,30068.039037122035,30078.156364840324,30054.613512721415,30067.24904577091,634
2024-06-12 17:21:00+00:00,30068.736431070065,30087.256956753074,30052.560578263583,30069.50417385489,781
2024-06-13 01:21:00+00:00,30069.506555327058,30080.459422401018,30067.742417744837,30069.806184285368,765
2024-06-13 09:21:00+00:00,30071.21506283004,30075.432726031027,30053.33009422907,30071.676620254853,728
2024-06-13 17:21:00+00:00,30070.424329113088,30084.214305667723,30065.716072573025,30071.390880456103,603
2024-06-14 01:21:00+00:00,30071.84197914276,30076.44062609221,30059.24812853233,30072.38928544866,680
2024-06-14 09:21:00+00:00,30071.630762672736,30087.34767123258,30071.196429254134,30071.66202819509,833
2024-06-14 17:21:00+00:00,30071.2439691744,30072.335088088363,30058.24027581846,30071.579070948435,127
2024-06-15 01:21:00+00:00,30069.771788646864,30087.050917664732,30056.67699713325,30070.62154628587,532
2024-06-15 09:21:00+00:00,30070.048548765266,30085.686336254876,30058.572894905938,30069.44186137321,638
2024-06-15 17:21:00+00:00,30071.11500095019,30071.4257007966,30068.20719881755,30071.28795510776,776
2024-06-16 01:21:00+00:00,30071.778553515865,30078.19258733346,30067.7281708678,30071.829968632217,885
2024-06-16 09:21:00+00:00,30071.8295348162,30081.353037845474,30070.724444720963,30072.05589792681,399
2024-06-16 17:21:00+00:00,30073.272069263992,30083.422748416757,30067.528155707692,30074.892276733004,521
2024-06-17 01:21:00+00:00,30074.47684832966,30078.314243027828,30060.866030298523,30072.96769146178,917
2024-06-17 09:21:00+00:00,30074.566615093387,30080.70139433021,30063.00462036128,30074.85184119181,698
2024-06-17 17:21:00+00:00,30074.90500015946,30093.734125707237,30071.59030458635,30077.557266634398,497
2024-06-18 01:21:00+00:00,30075.455921955458,30080.43719494449,30069.005100840328,30076.891685704155,831
2024-06-18 09:21:00+00:00,30076.01636174347,30077.261917069998,30063.47128414616,30076.095893916183,453
2024-06-18 17:21:00+00:00,30076.67845388793,30091.670310072095,30059.3016037679,30077.408703811132,861
2024-06-19 01:21:00+00:00,30076.39698235179,30080.731553013153,30059.842399259207,30075.59356807516,365
2024-06-19 09:21:00+00:00,30076.41791481492,30079.39177159077,30072.213978828568,30075.624673229875,509
2024-06-19 17:21:00+00:00,30075.190570002313,30083.36052806665,30064.284431862026,30076.852031928058,502
2024-06-20 01:21:00+00:00,30075.44512262863,30082.679847044397,30070.26412314485,30077.187520090232,254
2024-06-20 09:21:00+00:00,30076.22411523472,30094.0432954424,30060.867233287903,30078.278635232884,990
2024-06-20 17:21:00+00:00,30078.088845442304,30092.138264218935,30061.519138565367,30077.249111079545,940
2024-06-21 01:21:00+00:00,30079.68913470209,30097.987857090477,30069.011032247272,30081.568729390987,641
2024-06-21 09:21:00+00:00,30079.33134833221,30093.31570204735,30068.461902503095,30079.674797579504,305
2024-06-21 17:21:00+00:00,30078.995167720343,30097.911423713096,30059.56611039615,30079.940840625022,528
2024-06-22 01:21:00+00:00,30078.372185351727,30094.600021606122,30075.101103175104,30077.90619008004,770
2024-06-22 09:21:00+00:00,30077.214945520696,30095.936934568606,30062.353227889198,30077.392001603996,221
2024-06-22 17:21:00+00:00,30078.21375810859,30092.078451655605,30066.132351300304,30078.245798870874,662
2024-06-23 01:21:00+00:00,30078.306379216327,30096.984380884875,30074.39040554024,30079.64156157943,157
2024-06-23 09:21:00+00:00,30078.67127690677,30088.34584444679,30065.32107969137,30078.87289623246,327
2024-06-23 17:21:00+00:00,30078.38759525051,30080.862307261625,30060.509457524855,30079.662251238315,386
2024-06-24 01:21:00+00:00,30079.15967410627,30081.83117908715,30068.400555320735,30078.840981818557,115
2024-06-24 09:21:00+00:00,30079.727082113357,30084.14209894608,30062.089424500635,30081.257772380388,592
2024-06-24 17:21:00+00:00,30081.150625745755,30099.25498400385,30075.674507879303,30080.89330192304,189
2024-06-25 01:21:00+00:00,30080.100590680093,30082.821710199434,30060.884214109803,30079.254016903524,153
2024-06-25 09:21:00+00:00,30078.997600118517,30086.928762799285,30076.743874854717,30078.997609168342,677
2024-06-25 17:21:00+00:00,30077.555616837093,30092.732118230306,30061.471392614716,30079.656372565383,596
2024-06-26 01:21:00+00:00,30078.28166934938,30080.727778918674,30062.29893636063,30077.030306070337,249
2024-06-26 09:21:00+00:00,30078.80571873478,30079.94612995011,30065.76597184411,30078.375837014522,277
2024-06-26 17:21:00+00:00,30077.507558952635,30088.253544412048,30072.42036692464,30078.268136444804,359
2024-06-27 01:21:00+00:00,30077.756205159076,30097.700099940557,30061.430046800473,30077.11644254359,595
2024-06-27 09:21:00+00:00,30078.355725239693,30079.29359059538,30071.395850443798,30078.036654993288,369
2024-06-27 17:21:00+00:00,30079.14487061312,30095.36386251912,30070.95261773882,30080.820298691873,144
2024-06-28 01:21:00+00:00,30079.98607880867,30097.890870447303,30061.973200812085,30080.67027945916,211
2024-06-28 09:21:00+00:00,30078.57658042748,30093.63940348129,30059.164382699575,30079.372964619914,342
2024-06-28 17:21:00+00:00,30079.201479149448,30094.559147417014,30077.262732070514,30078.705302647828,157
2024-06-29 01:21:00+00:00,30080.278942399018,30087.10862930558,30078.66098472477,30082.52691690596,723
2024-06-29 09:21:00+00:00,30080.079822365267,30090.37453982988,30068.466351037496,30080.240921962224,870
2024-06-29 17:21:00+00:00,30081.56061340384,30089.127276172716,30079.75524495575,30081.78155841605,509
2024-06-30 01:21:00+00:00,30079.94863264502,30091.684499333376,30062.646003295402,30081.232342630134,634
2024-06-30 09:21:00+00:00,30080.28908584688,30086.961029588034,30070.15421504804,30080.985116960404,442
2024-06-30 17:21:00+00:00,30078.961441371597,30081.2409168666,30070.975485631585,30080.59824680596,171
2024-07-01 01:21:00+00:00,30078.96254525088,30087.247266085164,30062.395004598777,30078.115122564763,541
2024-07-01 09:21:00+00:00,30079.422247888724,30088.387578139496,30070.79871549798,30079.845284416242,350
2024-07-01 17:21:00+00:00,30078.879079983886,30091.79380364628,30076.977191288555,30079.927806799133,401
2024-07-02 01:21:00+00:00,30079.657044625972,30093.58890881444,30070.732051541494,30080.875810980422,326
2024-07-02 09:21:00+00:00,30078.22327755436,30087.990903699192,30064.280914860687,30079.220641047945,776
2024-07-02 17:21:00+00:00,30078.656876978417,30087.83320088683,30073.421811052394,30079.38592435747,808
2024-07-03 01:21:00+00:00,30077.147011968733,30096.701461417262,30063.331688395203,30077.04240973229,395
2024-07-03 09:21:00+00:00,30077.21425166479,30097.039128110533,30077.007155891442,30076.91327658224,916
2024-07-03 17:21:00+00:00,30076.992822298787,30079.273882328638,30066.766930238155,30078.307627312985,629
2024-07-04 01:21:00+00:00,30077.266985311304,30085.344807441146,30063.23276095394,30078.26356953234,867
2024-07-04 09:21:00+00:00,30077.131549949823,30084.376096659376,30068.412940740454,30077.722747000043,321
2024-07-04 17:21:00+00:00,30076.52252868262,30090.098232150685,30073.117495244955,30076.22467124293,593
2024-07-05 01:21:00+00:00,30077.282951735233,30078.002242458137,30068.769140936107,30076.89485979071,435
2024-07-05 09:21:00+00:00,30076.010024953066,30084.537701579204,30065.61833652491,30075.898826788016,634
2024-07-05 17:21:00+00:00,30076.390727356873,30081.036392878897,30057.57804535469,30076.931362020463,797
2024-07-06 01:21:00+00:00,30076.169468627453,30086.1607213231,30070.592316065424,30076.350417016743,871
2024-07-06 09:21:00+00:00,30075.068728003534,30091.143905432662,30061.641002823668,30075.142165340778,309
2024-07-06 17:21:00+00:00,30075.383569918824,30095.366657795737,30065.448128064254,30074.050199843303,569
2024-07-07 01:21:00+00:00,30075.087116540664,30079.00516271157,30060.894987523763,30076.48102181566,847
2024-07-07 09:21:00+00:00,30074.54988373386,30090.267406836178,30073.52602456745,30073.675788923403,901
2024-07-07 17:21:00+00:00,30074.90227665741,30075.056046212292,30062.86553810942,30073.043824926925,384
2024-07-08 01:21:00+00:00,30075.846897265856,30082.786937379842,30066.056208057693,30077.765173444106,449
2024-07-08 09:21:00+00:00,30075.65770043205,30092.89937601382,30058.635219302596,30076.824470003226,986
2024-07-08 17:21:00+00:00,30074.57907037882,30090.921321355112,30056.112701110866,30073.94529308497,556
2024-07-09 01:21:00+00:00,30072.73593396721,30088.085471977553,30066.90267687031,30072.45121160329,143
2024-07-09 09:21:00+00:00,30071.330540241324,30084.016395130362,30063.646097390843,30070.54249652403,634
2024-07-09 17:21:00+00:00,30069.297606456726,30075.238551672646,30050.17968553871,30069.204925916758,381
2024-07-10 01:21:00+00:00,30069.8799970871,30081.88101448602,30063.101424774417,30069.245704159563,227
2024-07-10 09:21:00+00:00,30067.207900715046,30069.606382188467,30055.998197451892,30067.34519079897,761
2024-07-10 17:21:00+00:00,30067.28664453285,30079.565060621822,30048.098618869266,30067.678729552517,727
2024-07-11 01:21:00+00:00,30065.510693675376,30071.539432077036,30055.966416050003,30064.70656886464,622
2024-07-11 09:21:00+00:00,30066.368095929804,30071.651949904473,30061.943462076775,30067.582801839242,671
2024-07-11 17:21:00+00:00,30067.181768534345,30070.09343921403,30052.307809871276,30069.08211120347,191
2024-07-12 01:21:00+00:00,30065.88973838986,30077.695349095065,30057.025369150553,30066.566819788914,773
2024-07-12 09:21:00+00:00,30064.21624464879,30064.232946380806,30060.49457336921,30063.837340126796,947
2024-07-12 17:21:00+00:00,30064.983608278784,30082.23476094087,30061.839464931243,30064.799884275224,603
2024-07-13 01:21:00+00:00,30065.479650440266,30071.63751007521,30048.246503171027,30063.867316039323,292
2024-07-13 09:21:00+00:00,30065.067776611402,30069.304835473173,30056.675152239564,30065.510902068658,405
2024-07-13 17:21:00+00:00,30066.59895661434,30066.61615642895,30054.92524507546,30068.169374066696,208
2024-07-14 01:21:00+00:00,30066.093927951508,30081.32744809042,30048.65029601033,30065.80492238535,309
2024-07-14 09:21:00+00:00,30066.402944639558,30068.59005045018,30061.73384049178,30067.627200590217,506
2024-07-14 17:21:00+00:00,30065.157965416158,30072.76448805233,30047.56442152576,30065.49012373133,972
2024-07-15 01:21:00+00:00,30066.335108350297,30084.00700334408,30050.43007915597,30065.632524065222,777
2024-07-15 09:21:00+00:00,30066.857495232245,30067.885184951992,30057.172332041726,30069.05785115469,123
2024-07-15 17:21:00+00:00,30067.043288834848,30079.43548880091,30050.789501701143,30065.95593562679,635
2024-07-16 01:21:00+00:00,30065.80597341886,30065.849573406962,30053.508767693977,30065.301435965786,602
2024-07-16 09:21:00+00:00,30065.84452205786,30067.793245945966,30056.399465191535,30064.84012332924,677
2024-07-16 17:21:00+00:00,30065.70521202468,30075.68456621439,30046.180276087412,30063.83245436453,165
2024-07-17 01:21:00+00:00,30067.303561574274,30073.0252683312,30052.049384942067,30066.171483046568,376
2024-07-17 09:21:00+00:00,30068.054076286277,30087.458284368862,30048.477328872665,30068.53709608665,481
2024-07-17 17:21:00+00:00,30066.691048225166,30079.43027603875,30065.10538802379,30066.554388125838,426
2024-07-18 01:21:00+00:00,30065.884753096914,30078.87311025678,30052.210253026988,30066.36562707113,782
2024-07-18 09:21:00+00:00,30067.39752098183,30084.59530868064,30061.94052050957,30065.431213317646,457
2024-07-18 17:21:00+00:00,30066.21678804141,30075.84080150568,30062.14956122373,30064.68264399855,218
2024-07-19 01:21:00+00:00,30065.808557226523,30069.805398495966,30055.816458976642,30066.34022932853,966
2024-07-19 09:21:00+00:00,30068.076888670897,30084.965822147897,30060.232168095125,30067.492752135495,287
2024-07-19 17:21:00+00:00,30070.13257159813,30076.143840308618,30063.57193076388,30068.663415184514,783
2024-07-20 01:21:00+00:00,30068.89052540795,30082.086959162254,30052.64302878935,30069.317114936377,233
2024-07-20 09:21:00+00:00,30067.347000542686,30087.28243353046,30067.195437448234,30066.187719801168,760
2024-07-20 17:21:00+00:00,30065.969699971745,30071.160122894154,30058.024997395813,30066.986076747173,944
2024-07-21 01:21:00+00:00,30064.874975958424,30067.719813180305,30057.77850523559,30064.040466695827,129
2024-07-21 09:21:00+00:00,30064.572733593795,30067.90716513229,30057.20413011448,30064.27267089201,794
2024-07-21 17:21:00+00:00,30063.789081195282,30064.918067018472,30051.490867077406,30063.032730554456,388
2024-07-22 01:21:00+00:00,30063.015029131384,30066.019782755764,30043.404849922797,30064.170633387366,476
2024-07-22 09:21:00+00:00,30062.74461206483,30078.19489745409,30061.280177889457,30061.386383839712,595
2024-07-22 17:21:00+00:00,30064.011622869264,30066.811120238788,30049.7148270037,30063.98448120275,423
2024-07-23 01:21:00+00:00,30061.93064115224,30079.671797601204,30058.036148872776,30062.367793676203,598
2024-07-23 09:21:00+00:00,30062.11289486501,30077.64053018771,30050.180618296927,30061.541001677953,935
2024-07-23 17:21:00+00:00,30060.077645166024,30075.22628838803,30055.791972955227,30060.685080262567,483
2024-07-24 01:21:00+00:00,30059.7188066,30069.258351163295,30044.82770120026,30059.60065196054,237
2024-07-24 09:21:00+00:00,30061.267144675454,30071.19051697844,30046.48975385702,30060.4407491838,398
2024-07-24 17:21:00+00:00,30061.631577299686,30071.662504934895,30054.740076620164,30060.77526932552,293
2024-07-25 01:21:00+00:00,30059.843349722465,30060.988042086046,30055.59629227607,30058.686581588594,158
2024-07-25 09:21:00+00:00,30059.316920687455,30077.951460110824,30052.171823295837,30057.735594986272,348
2024-07-25 17:21:00+00:00,30060.657923775343,30061.072500915263,30050.850405261925,30059.898005068637,854
2024-07-26 01:21:00+00:00,30061.700496317037,30070.228841500837,30049.41754985538,30061.299468542857,313
2024-07-26 09:21:00+00:00,30062.58595402637,30074.28473991267,30062.177162784756,30062.237676808018,232
2024-07-26 17:21:00+00:00,30062.87416947637,30072.27296090181,30046.502767129958,30059.507366124264,510
2024-07-27 01:21:00+00:00,30062.500308134713,30063.088326098998,30044.148228413374,30061.549894650092,242
2024-07-27 09:21:00+00:00,30062.96849897645,30069.287362865827,30058.882509574938,30062.89332094786,756
2024-07-27 17:21:00+00:00,30062.82990020314,30064.083226724524,30061.865406395213,30063.916320696877,204
2024-07-28 01:21:00+00:00,30063.918009853507,30064.36321140734,30060.66076624627,30064.8655749187,458
2024-07-28 09:21:00+00:00,30064.619631028796,30076.800493768747,30059.579729208002,30065.901484646536,946
2024-07-28 17:21:00+00:00,30066.37290538853,30068.697853911286,30053.825774322882,30066.682795096945,947
2024-07-29 01:21:00+00:00,30066.12075034112,30078.915484610614,30048.49931749618,30066.843892985155,539
2024-07-29 09:21:00+00:00,30065.82499080804,30069.57470652695,30052.705741549307,30065.655036603952,837
2024-07-29 17:21:00+00:00,30065.94795541156,30068.98729258778,30062.06543236668,30066.677207964836,857
2024-07-30 01:21:00+00:00,30064.257549803908,30068.5304920537,30048.50711037739,30063.70165922515,901
2024-07-30 09:21:00+00:00,30064.8182994742,30075.128601603144,30055.953943371565,30065.723373410707,443
2024-07-30 17:21:00+00:00,30064.954586083975,30082.969673214408,30045.756691539875,30064.835560538126,953
2024-07-31 01:21:00+00:00,30064.88185508354,30078.652080866446,30064.484269308836,30065.559252154144,564
2024-07-31 09:21:00+00:00,30063.83414594025,30074.50380337397,30055.530489305198,30063.131675897417,625
2024-07-31 17:21:00+00:00,30062.72046121192,30065.050989240757,30059.70324773131,30061.981080432877,830
2024-08-01 01:21:00+00:00,30062.944399263903,30066.03204802199,30061.573321595522,30062.710274599067,394
2024-08-01 09:21:00+00:00,30063.102464460448,30068.502511181097,30051.752272084876,30062.307501660038,100
2024-08-01 17:21:00+00:00,30061.268946488137,30063.462700996188,30055.60512712171,30062.089835392275,446
2024-08-02 01:21:00+00:00,30060.311845311728,30062.011173967912,30052.748230535733,30061.25374194238,287
2024-08-02 09:21:00+00:00,30060.84188733355,30077.977910358328,30052.509438996207,30059.244810886994,580
2024-08-02 17:21:00+00:00,30059.166552681734,30067.251278771204,30041.15107600322,30057.398720337274,555
2024-08-03 01:21:00+00:00,30061.713720709442,30065.343402314225,30052.093490281135,30061.945305394598,469
2024-08-03 09:21:00+00:00,30062.789592324145,30079.11637954555,30050.323647148736,30063.082349301767,271
2024-08-03 17:21:00+00:00,30064.121950491193,30074.323341230804,30048.214904521934,30063.641377454012,806
2024-08-04 01:21:00+00:00,30064.775838003072,30077.98941902314,30048.211665781175,30065.57310111753,870
2024-08-04 09:21:00+00:00,30064.251707103977,30068.65469441598,30057.86053687948,30065.35895746786,733
2024-08-04 17:21:00+00:00,30063.14327118918,30070.686793799963,30053.86238026441,30062.668582186,207
2024-08-05 01:21:00+00:00,30062.36037456815,30078.766334192376,30047.78201143316,30062.187710123675,635
2024-08-05 09:21:00+00:00,30063.22229418787,30075.072825847783,30055.448392951825,30062.938686444846,117
2024-08-05 17:21:00+00:00,30064.62373996013,30077.145789894395,30049.619602374863,30063.05722087035,138
2024-08-06 01:21:00+00:00,30064.94516818981,30079.34931340591,30059.306914518198,30063.94553882186,230
2024-08-06 09:21:00+00:00,30063.832014644504,30081.37705851253,30062.359500744264,30062.744526667047,977
2024-08-06 17:21:00+00:00,30065.829445572497,30080.626146033126,30054.41368702246,30066.82618166705,534
2024-08-07 01:21:00+00:00,30065.418681077655,30071.38073311235,30065.25666729144,30066.845465451217,293
2024-08-07 09:21:00+00:00,30066.063541077474,30071.13021504919,30053.697421980294,30065.23988219017,865
2024-08-07 17:21:00+00:00,30066.256710213187,30067.195088399243,30051.976160730508,30066.445820648303,669
2024-08-08 01:21:00+00:00,30066.07866414045,30081.107327913673,30047.638598432182,30063.20204424239,653
2024-08-08 09:21:00+00:00,30065.455752498012,30083.204058469975,30050.48798422161,30065.795451315,788
2024-08-08 17:21:00+00:00,30064.420399206465,30068.89720032264,30052.37722662832,30065.168444648225,238
2024-08-09 01:21:00+00:00,30063.53584745547,30082.593033726887,30058.995969634398,30063.64247949616,258
2024-08-09 09:21:00+00:00,30063.236993185088,30065.30412423964,30049.931094081327,30064.269575255996,435
2024-08-09 17:21:00+00:00,30061.95595359821,30070.60684344575,30051.349897497614,30061.593254649524,337
2024-08-10 01:21:00+00:00,30062.00512220739,30065.816803036203,30046.99116339902,30059.93593943053,241
2024-08-10 09:21:00+00:00,30062.586472430463,30071.66750423709,30048.173003916083,30062.545935616745,705
2024-08-10 17:21:00+00:00,30062.204782270135,30073.401997565637,30046.67701903089,30063.071486349705,857
2024-08-11 01:21:00+00:00,30063.240499634452,30063.374605214176,30057.3316873388,30063.20595525067,882
2024-08-11 09:21:00+00:00,30063.066654312122,30065.194996136986,30057.061736805248,30063.068110233387,746
2024-08-11 17:21:00+00:00,30061.7338115537,30077.583350252477,30043.941979463558,30060.497599222454,872
2024-08-12 01:21:00+00:00,30061.717849097855,30077.688894444644,30045.729218428674,30060.92714097749,244
2024-08-12 09:21:00+00:00,30062.795392872606,30070.587696588544,30045.979353077135,30063.03634006579,286
2024-08-12 17:21:00+00:00,30063.00504613994,30074.861291111793,30062.991235921556,30065.394684393923,886
2024-08-13 01:21:00+00:00,30062.281237517578,30081.991602072103,30047.38123483765,30064.656057196647,901
2024-08-13 09:21:00+00:00,30060.933986890555,30062.30756001535,30057.60939387024,30060.636721948704,509
2024-08-13 17:21:00+00:00,30062.981686587125,30075.37250328344,30049.018119829383,30063.11672440663,593
2024-08-14 01:21:00+00:00,30066.22205568865,30079.069168659473,30049.7146275112,30065.186630450917,253
2024-08-14 09:21:00+00:00,30066.06036764635,30068.875055200442,30062.705058327938,30064.880819398953,157
2024-08-14 17:21:00+00:00,30066.667210053147,30085.407350657177,30050.68403979869,30065.932990665195,810
2024-08-15 01:21:00+00:00,30065.73964330998,30079.182574564777,30057.89830638726,30063.699963155468,623
2024-08-15 09:21:00+00:00,30066.124226037577,30074.48900289488,30065.678901744373,30067.372373510818,595
2024-08-15 17:21:00+00:00,30065.49657794546,30076.77313062582,30047.88737587135,30064.573864319227,854
2024-08-16 01:21:00+00:00,30065.338820646422,30083.257989658512,30057.34279524311,30065.732848493983,958
2024-08-16 09:21:00+00:00,30065.37785600216,30078.675382604426,30056.661676732492,30065.0137398124,681
2024-08-16 17:21:00+00:00,30065.298280540064,30068.75004721565,30045.741024446623,30064.86203541018,429
2024-08-17 01:21:00+00:00,30064.727099470183,30080.05564830962,30060.517283589335,30066.672247825005,135
2024-08-17 09:21:00+00:00,30063.21892436641,30073.097194592763,30044.787338066013,30064.233950045746,170
2024-08-17 17:21:00+00:00,30063.256343564193,30082.219286661344,30050.42987029176,30063.683060479572,486
2024-08-18 01:21:00+00:00,30062.424938454784,30070.888545607842,30051.35585575767,30062.8249203782,967
2024-08-18 09:21:00+00:00,30060.63608340246,30067.503098295474,30048.53791880681,30059.157455574248,437
2024-08-18 17:21:00+00:00,30063.2471785565,30077.363666796125,30050.514849840623,30063.101923743456,718
2024-08-19 01:21:00+00:00,30061.34621810586,30070.32316724926,30059.203636908805,30060.376381594986,593
2024-08-19 09:21:00+00:00,30059.7590119065,30065.755874205166,30043.4044464264,30059.88324909308,735
2024-08-19 17:21:00+00:00,30059.383719670866,30078.58580111307,30052.885374727484,30059.665309080563,249
2024-08-20 01:21:00+00:00,30058.59833804357,30062.073906316775,30056.944929818692,30060.383147040473,364
2024-08-20 09:21:00+00:00,30058.005160525332,30074.850986205773,30054.75388616499,30057.497844282178,328
2024-08-20 17:21:00+00:00,30058.61707722576,30063.022550353853,30045.423324363386,30057.87332140542,336
2024-08-21 01:21:00+00:00,30058.85444580972,30062.03356042094,30040.893482877145,30058.34638402917,981
2024-08-21 09:21:00+00:00,30059.02441915504,30060.140888205005,30043.247015500914,30059.40270372408,754
2024-08-21 17:21:00+00:00,30057.95725534285,30067.463667110293,30041.54018904457,30057.21553074628,136
2024-08-22 01:21:00+00:00,30058.613656424466,30073.483701592435,30040.897572124668,30057.85805190538,244
2024-08-22 09:21:00+00:00,30057.21461727034,30073.908149075618,30053.643603266177,30057.98776688323,135
2024-08-22 17:21:00+00:00,30057.581363189936,30065.420545057696,30042.092239070775,30058.737978780435,110
2024-08-23 01:21:00+00:00,30058.545743251383,30070.355217367473,30045.720044567734,30057.793432655926,195
2024-08-23 09:21:00+00:00,30057.911128059568,30077.683285390878,30047.589633993786,30059.505495298865,341
2024-08-23 17:21:00+00:00,30058.712049980095,30076.442815094375,30056.22536912398,30057.845398301815,151
2024-08-24 01:21:00+00:00,30056.98404066438,30057.019611770498,30047.56847474726,30056.95931343007,283
2024-08-24 09:21:00+00:00,30057.335504026898,30060.73940360109,30047.7523343134,30057.757295612108,993
2024-08-24 17:21:00+00:00,30058.09556423572,30066.77259735345,30048.960781861115,30058.443960513538,661
2024-08-25 01:21:00+00:00,30057.278417406156,30071.212342013274,30045.255427867603,30057.958494408034,906
2024-08-25 09:21:00+00:00,30059.905598383324,30078.619195941046,30046.923250079875,30060.85973719052,565
2024-08-25 17:21:00+00:00,30060.150013021153,30064.097187073246,30044.935239109203,30059.89856293067,123
2024-08-26 01:21:00+00:00,30060.041175926362,30067.841890404066,30051.38138863237,30061.257486258688,450
2024-08-26 09:21:00+00:00,30060.162819689172,30073.980255531234,30059.448947777415,30060.601050380148,324
2024-08-26 17:21:00+00:00,30060.914768183557,30070.25046751516,30047.105778313526,30060.50250364389,602
2024-08-27 01:21:00+00:00,30060.883792897584,30070.4147460566,30047.981666015272,30060.80850392014,203
2024-08-27 09:21:00+00:00,30062.492602630788,30063.170252546104,30048.484464491317,30063.4951154379,862
2024-08-27 17:21:00+00:00,30061.91955586466,30075.15058654088,30058.590983507784,30060.710950153967,686
2024-08-28 01:21:00+00:00,30060.92989610398,30074.426179792485,30045.92961442821,30059.985248268225,669
2024-08-28 09:21:00+00:00,30060.268787200683,30062.6111349185,30054.764933532162,30062.68632092176,150
2024-08-28 17:21:00+00:00,30059.747870993124,30060.82872486057,30055.30730311843,30060.00726643646,771
2024-08-29 01:21:00+00:00,30060.125899213082,30079.711845486883,30046.302275280636,30058.261500981273,966
2024-08-29 09:21:00+00:00,30060.028582407427,30060.409255186474,30055.587576464077,30061.027980518007,599
2024-08-29 17:21:00+00:00,30060.71713848031,30068.679882760982,30055.916765503087,30062.78280768287,298
2024-08-30 01:21:00+00:00,30062.553418908923,30067.950608512896,30053.92167206807,30062.894617834016,602
2024-08-30 09:21:00+00:00,30062.457373242247,30081.14620275156,30047.784208669837,30061.305537495213,332
2024-08-30 17:21:00+00:00,30062.881151071797,30071.112275768173,30043.65893294095,30062.2314760286,537
2024-08-31 01:21:00+00:00,30063.17993816543,30077.002409054574,30045.141902835705,30064.64601942589,527
2024-08-31 09:21:00+00:00,30062.906472879098,30070.647267027667,30057.52061331344,30062.347645789843,773
2024-08-31 17:21:00+00:00,30062.050489804064,30070.676325196968,30060.558775212063,30061.928228919587,184
2024-09-01 01:21:00+00:00,30060.929977998316,30061.479753091535,30041.001397267035,30059.90818831519,215
2024-09-01 09:21:00+00:00,30060.48650650004,30065.616494766775,30059.98383984963,30061.41002392872,806
2024-09-01 17:21:00+00:00,30060.70222819361,30076.161935051852,30054.533986137176,30061.29811827702,676
2024-09-02 01:21:00+00:00,30061.683046631675,30066.023568421482,30056.528284003125,30062.543950804902,845
2024-09-02 09:21:00+00:00,30061.700167126175,30067.265671800822,30055.235261331392,30063.23991724159,956
2024-09-02 17:21:00+00:00,30059.851860569353,30071.967154592367,30040.675368884586,30057.75576044765,393
2024-09-03 01:21:00+00:00,30061.23511876437,30066.325471621814,30054.369767154276,30062.12843397783,810
2024-09-03 09:21:00+00:00,30060.89202995538,30080.883355703376,30041.61325339478,30062.163350655177,723
2024-09-03 17:21:00+00:00,30060.78979972991,30072.5496708996,30042.583117686798,30062.90062265983,669
2024-09-04 01:21:00+00:00,30063.07763784825,30071.90050824054,30052.87717063209,30062.111362530093,962
2024-09-04 09:21:00+00:00,30062.610056159905,30073.245832562643,30046.79594636933,30064.157687183313,653
2024-09-04 17:21:00+00:00,30063.667991544517,30070.27167308567,30046.977154295615,30062.375269255997,158
2024-09-05 01:21:00+00:00,30063.77126473928,30081.286418011812,30047.113722974926,30062.993867157515,501
2024-09-05 09:21:00+00:00,30061.21148203848,30073.976689586412,30057.972107077505,30061.366482555295,966
2024-09-05 17:21:00+00:00,30061.288839131426,30067.0889637266,30042.683075541096,30062.140224166364,636
2024-09-06 01:21:00+00:00,30061.427366386142,30079.989323020378,30045.438939395917,30060.889374069506,615
2024-09-06 09:21:00+00:00,30060.128349631057,30072.981837307427,30057.434079006838,30060.128235983917,597
2024-09-06 17:21:00+00:00,30058.63993520702,30070.206950356525,30051.570937650235,30057.97947922887,858
2024-09-07 01:21:00+00:00,30059.34617355702,30072.4024919146,30046.387623252216,30058.447291986307,686
2024-09-07 09:21:00+00:00,30058.110127873166,30064.004056122867,30054.302817084117,30056.901806263435,574
2024-09-07 17:21:00+00:00,30057.49305845751,30060.77244177457,30055.515883036293,30057.26436949852,578
2024-09-08 01:21:00+00:00,30057.792340346652,30063.94138506836,30053.89093562658,30058.845485707272,604
2024-09-08 09:21:00+00:00,30056.79508286392,30071.084592541527,30055.76065075113,30056.15051229159,564
2024-09-08 17:21:00+00:00,30054.99285568365,30064.20723898114,30051.845412323994,30054.06276028579,841
2024-09-09 01:21:00+00:00,30056.683733559308,30062.79955146408,30049.307324375448,30056.313426501234,769
2024-09-09 09:21:00+00:00,30055.533415380087,30068.861008661108,30039.825711855916,30054.436399303937,925
2024-09-09 17:21:00+00:00,30054.842367868507,30071.810041082692,30047.03670135795,30055.818377817508,697
2024-09-10 01:21:00+00:00,30054.920780307923,30070.816892315048,30039.04925890107,30055.125784069693,203
2024-09-10 09:21:00+00:00,30056.810263188047,30069.26212613609,30054.036997183728,30054.849021337533,848
2024-09-10 17:21:00+00:00,30057.167871158872,30065.33629697742,30055.009400869636,30058.472995742046,879
2024-09-11 01:21:00+00:00,30058.571416935276,30060.44099298691,30054.482743056986,30058.543341038563,382
2024-09-11 09:21:00+00:00,30060.7115708424,30070.68631164141,30052.622056485947,30061.01541073483,253
2024-09-11 17:21:00+00:00,30062.36654064127,30065.56335642204,30061.776231971002,30062.475183730854,763
2024-09-12 01:21:00+00:00,30061.164383772168,30067.883750585912,30053.534851899523,30061.859180833886,199
2024-09-12 09:21:00+00:00,30059.35978401976,30059.91102087946,30048.689924993712,30059.370695737096,440
2024-09-12 17:21:00+00:00,30058.015422836743,30073.649379757968,30040.629135152736,30057.591671802853,368
2024-09-13 01:21:00+00:00,30058.898191813976,30072.043168701617,30050.873215926556,30058.53371496331,519
2024-09-13 09:21:00+00:00,30060.608092472867,30080.183285367293,30053.039151815094,30059.064358260282,604
2024-09-13 17:21:00+00:00,30058.41381566805,30076.596961643874,30040.550701065862,30057.975100679643,650
2024-09-14 01:21:00+00:00,30056.610334058376,30067.520160069645,30046.027382529985,30056.15410291737,889
2024-09-14 09:21:00+00:00,30055.762663251633,30069.384012483268,30042.60317710569,30056.41469163216,483
2024-09-14 17:21:00+00:00,30057.623819570497,30059.74725174562,30047.604610187795,30057.528659744672,380
2024-09-15 01:21:00+00:00,30057.39543632547,30067.425096771523,30055.100199944893,30060.478883060256,468
2024-09-15 09:21:00+00:00,30057.4657483522,30065.407744839027,30051.713128346742,30057.385953659697,407
2024-09-15 17:21:00+00:00,30057.506416459102,30072.93480405184,30047.597500340198,30057.303070402162,607
2024-09-16 01:21:00+00:00,30057.656331152197,30074.619500566667,30043.694254033064,30056.96080473449,667
2024-09-16 09:21:00+00:00,30058.19205963687,30075.75766004849,30053.91332891025,30058.849730348986,816
2024-09-16 17:21:00+00:00,30056.914230187624,30062.120793323975,30049.881394460794,30058.192322624112,472
2024-09-17 01:21:00+00:00,30056.768768603357,30068.96746816599,30040.426959185228,30055.766388708613,273
2024-09-17 09:21:00+00:00,30057.02534699923,30064.580950277064,30052.117552519307,30055.631775161382,688
2024-09-17 17:21:00+00:00,30058.66510909363,30067.39815973903,30044.605916030316,30057.962287592683,501
2024-09-18 01:21:00+00:00,30059.50100823985,30072.991189131586,30047.354113740083,30058.362153337897,434
2024-09-18 09:21:00+00:00,30057.184496942322,30069.64920538438,30039.7747956171,30056.590149877866,368
2024-09-18 17:21:00+00:00,30055.219419791476,30055.92904394505,30036.065198098666,30055.630374501223,330
2024-09-19 01:21:00+00:00,30054.93123167967,30070.692700896634,30038.67520784902,30054.002368307112,589
2024-09-19 09:21:00+00:00,30054.58294062088,30059.30748623018,30036.613455425762,30056.033915167656,999
2024-09-19 17:21:00+00:00,30051.952898532418,30071.48155392406,30044.9334610544,30051.86787151594,258
2024-09-20 01:21:00+00:00,30051.245449881197,30051.277133178926,30036.570040237708,30051.86122833205,573
2024-09-20 09:21:00+00:00,30051.33765035831,30065.584082020705,30035.533138433006,30051.028624582843,467
2024-09-20 17:21:00+00:00,30050.67895916626,30058.34352743552,30045.83476615595,30049.785941282185,290
2024-09-21 01:21:00+00:00,30051.872297246762,30057.265458795202,30051.459201638336,30051.048015243647,676
2024-09-21 09:21:00+00:00,30050.964655543532,30051.52973953317,30038.771172858094,30052.24337624447,581
2024-09-21 17:21:00+00:00,30051.32872933866,30066.67266227989,30049.611057387465,30050.785570532495,581
2024-09-22 01:21:00+00:00,30051.75152952612,30061.761233170288,30033.831167865057,30053.535735120386,946
2024-09-22 09:21:00+00:00,30051.70907682204,30060.751708407926,30040.378777477363,30052.071950347407,953
2024-09-22 17:21:00+00:00,30052.012737590303,30057.728635383693,30050.719915869227,30053.20575062092,766
2024-09-23 01:21:00+00:00,30051.257653833083,30053.488524873912,30036.60153780802,30050.379015929368,493
2024-09-23 09:21:00+00:00,30052.699698250206,30072.52776065317,30042.469226955654,30054.185816296707,726
2024-09-23 17:21:00+00:00,30053.95176390643,30063.641516066993,30041.643389909957,30053.265243126833,807
2024-09-24 01:21:00+00:00,30054.088071800845,30068.61363196708,30037.06568234192,30053.655064847517,376
2024-09-24 09:21:00+00:00,30054.194449832168,30055.92887000669,30037.173314194424,30054.751341261835,945
2024-09-24 17:21:00+00:00,30056.99644007291,30066.784582670818,30043.690290943807,30056.70943186314,949
2024-09-25 01:21:00+00:00,30057.901467672713,30060.824771344018,30046.954431437447,30059.077138813118,666
2024-09-25 09:21:00+00:00,30059.118842186566,30063.224306869182,30042.703973101172,30058.73056150702,863
2024-09-25 17:21:00+00:00,30058.469820359347,30072.929295014466,30049.15635761115,30060.453304643866,803
2024-09-26 01:21:00+00:00,30059.197892877975,30065.330890315094,30041.606278578798,30059.597602948004,540
2024-09-26 09:21:00+00:00,30059.310540551498,30067.11519595312,30056.280545545444,30060.598561140647,633
2024-09-26 17:21:00+00:00,30057.273648022114,30065.677579532705,30041.13655920253,30056.919292872197,545
2024-09-27 01:21:00+00:00,30058.841609769166,30059.076833801468,30043.261320634017,30057.829676359077,417
2024-09-27 09:21:00+00:00,30058.850947732866,30067.643154908335,30054.514612314153,30057.503049435072,248
2024-09-27 17:21:00+00:00,30059.664841864505,30077.015258106672,30052.962735754405,30059.632902444686,546
2024-09-28 01:21:00+00:00,30059.32367339379,30065.136259973817,30052.48739110684,30058.31610390854,839
2024-09-28 09:21:00+00:00,30058.208886480956,30068.260041158057,30041.50544771356,30056.13365509369,732
2024-09-28 17:21:00+00:00,30057.5930786881,30077.144225983186,30055.722448953544,30057.06920946716,868
2024-09-29 01:21:00+00:00,30058.198041183943,30073.420382617893,30046.56228222479,30057.92137028889,998
2024-09-29 09:21:00+00:00,30059.13819740611,30076.28957231793,30057.13043019395,30058.911939203954,144
2024-09-29 17:21:00+00:00,30060.393394633196,30067.90086800814,30048.859427045903,30059.857892526386,211
2024-09-30 01:21:00+00:00,30059.780345018982,30074.396347195598,30058.21627535669,30061.507396598845,165
2024-09-30 09:21:00+00:00,30059.38086053121,30066.15363517845,30053.256552413917,30059.051454030134,672
2024-09-30 17:21:00+00:00,30058.648259469977,30069.47289988145,30045.785499311838,30060.320155972204,158
2024-10-01 01:21:00+00:00,30060.434990173013,30071.32924968293,30048.01566727898,30059.941590617535,319
2024-10-01 09:21:00+00:00,30058.954266985245,30068.890298494058,30050.32257428323,30058.784261820587,937
2024-10-01 17:21:00+00:00,30059.36667134002,30059.76007400569,30052.607368414432,30059.71044500409,921
2024-10-02 01:21:00+00:00,30060.92737254445,30064.00471049836,30048.103830631564,30060.87857425167,923
2024-10-02 09:21:00+00:00,30060.538149680462,30074.11274769726,30060.512125204114,30060.875751058476,717
2024-10-02 17:21:00+00:00,30060.719502528886,30075.627677850527,30052.236327053233,30061.046438224563,364
2024-10-03 01:21:00+00:00,30060.143271134613,30061.942696246384,30056.280000798994,30061.38818997048,730
2024-10-03 09:21:00+00:00,30056.84934500162,30066.45597766067,30053.418864621934,30058.03302685722,818
2024-10-03 17:21:00+00:00,30057.63521101956,30072.420946807815,30038.590411433404,30058.794570774044,717
2024-10-04 01:21:00+00:00,30057.432898869316,30071.447414137187,30037.632322338555,30057.860869964665,470
2024-10-04 09:21:00+00:00,30057.56071667139,30066.46885065777,30055.221644742058,30056.33802162362,821
2024-10-04 17:21:00+00:00,30055.29432861951,30073.960515622035,30052.070975558498,30054.48704061945,252
2024-10-05 01:21:00+00:00,30054.936383121807,30057.9412606187,30047.878901283937,30054.892554320224,772
2024-10-05 09:21:00+00:00,30054.29231967416,30066.3074296578,30054.002245686825,30054.159094880713,457
2024-10-05 17:21:00+00:00,30053.25041650095,30066.921047180713,30035.842920297244,30052.809175762737,255
2024-10-06 01:21:00+00:00,30053.699405461917,30070.87906883016,30045.961274092755,30054.97018899072,933
2024-10-06 09:21:00+00:00,30053.744001606447,30062.025920110686,30052.951865258146,30054.141356479828,587
2024-10-06 17:21:00+00:00,30053.81071343746,30063.19533759119,30044.543481584406,30054.395106806438,166
2024-10-07 01:21:00+00:00,30053.520354586148,30069.516844975133,30036.164542286617,30053.92909800811,604
2024-10-07 09:21:00+00:00,30054.803960772766,30055.41082880309,30036.24652923613,30054.471036395254,231
2024-10-07 17:21:00+00:00,30054.08930163593,30071.195241299232,30046.31345288141,30054.174307445548,576
2024-10-08 01:21:00+00:00,30054.983797973484,30070.121180793023,30041.481491689898,30054.219182925084,750
2024-10-08 09:21:00+00:00,30056.396316469683,30065.361866355368,30037.260496902913,30055.15390416173,314
2024-10-08 17:21:00+00:00,30055.424544169564,30059.809681563773,30045.608910646726,30056.192941547673,617
2024-10-09 01:21:00+00:00,30054.959440162653,30061.959924127394,30042.49807889096,30054.31578359327,390
2024-10-09 09:21:00+00:00,30056.55254245379,30057.252697859276,30042.10287169533,30056.83611766097,104
2024-10-09 17:21:00+00:00,30055.17236295371,30062.593979942812,30046.616792348188,30056.128001093097,759
2024-10-10 01:21:00+00:00,30054.32530443351,30068.768864313104,30039.371447131234,30054.79165564838,451
2024-10-10 09:21:00+00:00,30055.906881410596,30065.07468867575,30044.173799710043,30055.071196007328,925
2024-10-10 17:21:00+00:00,30055.120816039445,30062.649713925777,30054.636733285588,30055.045435847504,809
2024-10-11 01:21:00+00:00,30055.464931340528,30074.208090864504,30042.644669894664,30055.163404475385,449
2024-10-11 09:21:00+00:00,30054.197475607707,30062.122993270405,30039.466262763977,30055.847985595163,222
2024-10-11 17:21:00+00:00,30054.498254489925,30071.338098715656,30042.212966342875,30054.924417320824,278
2024-10-12 01:21:00+00:00,30055.199619706287,30059.556637890746,30041.361852562917,30054.012203421098,441
2024-10-12 09:21:00+00:00,30055.013541282686,30058.87738556087,30045.67386767678,30057.022738432723,629
2024-10-12 17:21:00+00:00,30055.936344384674,30073.82401085075,30040.663237671335,30057.213596607176,590
2024-10-13 01:21:00+00:00,30056.546377626342,30064.99137054157,30043.89857987594,30058.473521073083,103
2024-10-13 09:21:00+00:00,30057.75201573501,30061.376539258865,30044.754960899332,30056.716128269272,759
2024-10-13 17:21:00+00:00,30057.266574081077,30059.352465365228,30043.878435240153,30058.420961291456,496
2024-10-14 01:21:00+00:00,30058.292574481715,30068.78350119178,30056.719298608004,30059.393278531144,322
2024-10-14 09:21:00+00:00,30058.172269846207,30077.519933141004,30055.077005744668,30057.34462533539,829
2024-10-14 17:21:00+00:00,30057.80536492384,30065.700477936243,30041.931403815317,30057.892570133045,217
2024-10-15 01:21:00+00:00,30057.123628349167,30064.369485614377,30041.315484701212,30056.9463874679,155
2024-10-15 09:21:00+00:00,30057.409038567468,30069.9371356316,30048.2171299023,30059.122173253938,396
2024-10-15 17:21:00+00:00,30057.57149433363,30061.28882323963,30052.17298084196,30058.26318830466,169
2024-10-16 01:21:00+00:00,30056.81627634323,30065.22272554704,30045.600057255408,30057.334888437326,524
2024-10-16 09:21:00+00:00,30055.973708639332,30064.6148556677,30043.986010860797,30057.757406144294,544
2024-10-16 17:21:00+00:00,30056.10980833774,30067.75519824878,30049.175427900263,30055.694290307307,110
2024-10-17 01:21:00+00:00,30057.14485485574,30062.054857447343,30042.853723204033,30055.029831509695,398
2024-10-17 09:21:00+00:00,30057.88602628609,30070.49585659662,30054.57375296962,30059.067002068736,265
2024-10-17 17:21:00+00:00,30057.655960290496,30062.804346805842,30056.782264320846,30057.780404876507,762
2024-10-18 01:21:00+00:00,30058.684028612082,30073.012834454796,30042.06364234865,30057.524887374784,944
2024-10-18 09:21:00+00:00,30059.30309302508,30067.969186808725,30049.681087377572,30060.471965730925,731
2024-10-18 17:21:00+00:00,30059.236950807488,30064.836695616163,30052.527502193792,30059.869117805632,928
2024-10-19 01:21:00+00:00,30061.498690062064,30073.283800385103,30048.571848274867,30062.242116619713,217
2024-10-19 09:21:00+00:00,30061.779027380937,30075.01608665311,30048.055890234486,30061.100686397942,140
2024-10-19 17:21:00+00:00,30061.75589267505,30078.052913942753,30059.172591528823,30061.234562444068,850
2024-10-20 01:21:00+00:00,30060.5018676501,30074.203471920482,30058.487601007517,30059.755749700922,719
2024-10-20 09:21:00+00:00,30059.93674071045,30068.12884894431,30051.316996114452,30060.60497434071,229
2024-10-20 17:21:00+00:00,30060.424730158764,30072.71899129026,30048.5346463641,30059.93084351104,992
2024-10-21 01:21:00+00:00,30060.307356362664,30062.078418890545,30043.02191405586,30059.664161710763,921
2024-10-21 09:21:00+00:00,30060.513327739292,30074.85280933249,30049.329838360336,30061.65845872106,880
2024-10-21 17:21:00+00:00,30059.96583090336,30078.787309126914,30041.407716635407,30059.574810439713,185
2024-10-22 01:21:00+00:00,30059.911979453605,30070.41368870217,30051.033198779824,30061.039719667788,552
2024-10-22 09:21:00+00:00,30059.535658021472,30061.96014733049,30059.34491289176,30060.500101057234,652
2024-10-22 17:21:00+00:00,30062.548946579256,30064.902498548287,30060.700938178456,30063.17618246074,420
2024-10-23 01:21:00+00:00,30061.18680702582,30062.659070557707,30060.85210487064,30061.697435817598,331
2024-10-23 09:21:00+00:00,30062.49839217589,30067.450973591538,30057.425818014133,30061.91570158284,468
2024-10-23 17:21:00+00:00,30061.869404233752,30073.216791543357,30046.18276535836,30063.157259878513,768
2024-10-24 01:21:00+00:00,30062.264098512744,30082.2319801986,30043.20738495917,30062.758301542104,823
2024-10-24 09:21:00+00:00,30061.956179581597,30067.093329402607,30059.047743733034,30062.177799451423,381
2024-10-24 17:21:00+00:00,30061.485690253536,30072.8889185192,30045.773102248168,30061.246810790282,107
2024-10-25 01:21:00+00:00,30061.216872136265,30076.916050303153,30054.346509689552,30061.285077823584,398
2024-10-25 09:21:00+00:00,30061.983382275175,30073.264598822458,30052.362893424764,30063.789615091253,622
2024-10-25 17:21:00+00:00,30060.042512528413,30061.240288713572,30052.150992065308,30059.50607680692,548
2024-10-26 01:21:00+00:00,30059.67741915301,30064.229554847043,30048.657623213694,30060.489712379574,105
2024-10-26 09:21:00+00:00,30060.024139463803,30061.24981204108,30050.828626006394,30060.67439247307,445
2024-10-26 17:21:00+00:00,30060.308376861532,30076.214128551062,30044.210869522743,30058.640230643974,274
2024-10-27 01:21:00+00:00,30061.19657376478,30073.914873171743,30060.236047676397,30061.9958641285,279
2024-10-27 09:21:00+00:00,30062.382059788608,30071.837178824026,30060.07123106943,30062.760588422327,861
2024-10-27 17:21:00+00:00,30063.603932852235,30082.151267691486,30049.157913529107,30063.150009930807,434
2024-10-28 01:21:00+00:00,30063.497364090013,30067.4208979737,30050.51381788559,30063.53240782257,414
2024-10-28 09:21:00+00:00,30062.266036080997,30076.683589005548,30044.36257156024,30062.817866323636,215
2024-10-28 17:21:00+00:00,30062.30689361064,30079.84965956739,30048.845551915834,30062.24044113494,617
2024-10-29 01:21:00+00:00,30062.822188796064,30078.797307279176,30047.30912993175,30061.66707131957,246
2024-10-29 09:21:00+00:00,30062.204042744772,30078.325997698073,30047.23263363145,30062.955285063617,805
2024-10-29 17:21:00+00:00,30062.138109776133,30076.945624842283,30056.03973925731,30061.319428263465,575
2024-10-30 01:21:00+00:00,30062.453656698028,30068.655040726804,30059.373771330655,30062.728371527945,985
2024-10-30 09:21:00+00:00,30061.61318273562,30072.586019942763,30051.623030997533,30059.739446828768,268
2024-10-30 17:21:00+00:00,30062.86117746978,30080.69255837652,30051.62632846672,30061.382818578775,867
2024-10-31 01:21:00+00:00,30062.07303430769,30071.90673752406,30044.38864889102,30060.86818280757,214
2024-10-31 09:21:00+00:00,30060.50153410812,30067.351114279376,30043.500205999,30061.185718121276,608
2024-10-31 17:21:00+00:00,30060.003076762107,30061.18347795783,30047.670510935288,30059.455408999223,682
2024-11-01 01:21:00+00:00,30058.797453355466,30062.810355053964,30056.67954784925,30058.323279113767,648
2024-11-01 09:21:00+00:00,30057.016888791604,30066.503091719365,30052.64251210079,30055.092072168878,729
2024-11-01 17:21:00+00:00,30055.341334670706,30069.24139672701,30049.27585169798,30054.93936423573,429
2024-11-02 01:21:00+00:00,30055.381214369692,30058.924543628855,30046.653566436024,30055.17294718963,604
2024-11-02 09:21:00+00:00,30053.882549720234,30058.69957549587,30042.6801537276,30054.934156814263,439
2024-11-02 17:21:00+00:00,30053.412116091316,30071.48852540174,30040.07865589657,30052.138020465623,782
2024-11-03 01:21:00+00:00,30052.411617936443,30061.238156886528,30034.810382647105,30052.77359338742,261
2024-11-03 09:21:00+00:00,30052.796874632193,30057.147094599295,30038.677694453356,30053.217127444765,465
2024-11-03 17:21:00+00:00,30053.312943457266,30055.01517950442,30040.49903943527,30053.272507779042,895
2024-11-04 01:21:00+00:00,30053.40556671414,30063.702104447253,30051.976074798866,30052.741831349093,855
2024-11-04 09:21:00+00:00,30051.903688688966,30067.612069895804,30038.790823778014,30052.516783592986,747
2024-11-04 17:21:00+00:00,30050.090994808914,30051.749802902184,30038.5371109327,30051.54631245162,199
2024-11-05 01:21:00+00:00,30049.02786270002,30066.714500512284,30034.108160946587,30049.608074152962,472
2024-11-05 09:21:00+00:00,30049.28548242725,30068.278696133875,30031.86948287811,30049.731308495964,679
2024-11-05 17:21:00+00:00,30049.66182192111,30066.511424660293,30044.505623443736,30049.179690383724,766
2024-11-06 01:21:00+00:00,30049.876997293017,30061.947940293383,30039.920845447818,30050.767092966584,818
2024-11-06 09:21:00+00:00,30050.943165104436,30067.960764252253,30042.02275940276,30050.02457612678,505
2024-11-06 17:21:00+00:00,30050.08555507142,30061.03116609281,30041.05943649708,30049.676888342095,887
2024-11-07 01:21:00+00:00,30048.77547419329,30053.501045190787,30035.542649058385,30048.09105522747,149
2024-11-07 09:21:00+00:00,30050.442542679164,30057.940351230864,30031.593753371835,30050.84034885896,120
2024-11-07 17:21:00+00:00,30050.74066104974,30054.378743906764,30034.45706618206,30052.49509110092,547
2024-11-08 01:21:00+00:00,30050.78336022075,30068.26077577211,30034.501897227252,30050.684491347172,677
2024-11-08 09:21:00+00:00,30049.974589131358,30058.09018413323,30034.566179780468,30050.223428452773,120
2024-11-08 17:21:00+00:00,30050.558798201477,30052.123879772822,30042.464690682424,30051.551031580446,939
2024-11-09 01:21:00+00:00,30053.216067017143,30072.25762741813,30052.094499334333,30052.51329925989,530
2024-11-09 09:21:00+00:00,30054.46829470188,30064.981670040514,30052.282645300027,30054.787462075947,868
2024-11-09 17:21:00+00:00,30053.53359283181,30061.055043008906,30034.900722768336,30054.13406106985,746
2024-11-10 01:21:00+00:00,30053.56924412905,30068.971965524426,30047.472779337655,30053.72208205606,684
2024-11-10 09:21:00+00:00,30053.51581822246,30060.054933229625,30048.076003671205,30054.021875219034,803
2024-11-10 17:21:00+00:00,30052.346197597177,30060.92881961679,30036.654356926607,30052.231966184994,404
2024-11-11 01:21:00+00:00,30051.94627871483,30065.911144828464,30048.58784298399,30053.13283879284,577
2024-11-11 09:21:00+00:00,30053.085924460054,30072.610471058706,30051.84436844054,30054.798935131064,286
2024-11-11 17:21:00+00:00,30051.72418340151,30058.603186991306,30042.264720790536,30050.14180839921,658
2024-11-12 01:21:00+00:00,30049.77593315634,30049.998407279232,30034.28021431394,30052.202164306393,260
2024-11-12 09:21:00+00:00,30048.96527342763,30050.76281331734,30033.907522548117,30048.989982970037,919
2024-11-12 17:21:00+00:00,30047.693803307255,30054.87861033392,30043.638265469,30049.495863988857,327
2024-11-13 01:21:00+00:00,30048.73034996526,30056.08381097314,30046.8857907546,30048.402180943183,921
2024-11-13 09:21:00+00:00,30049.482906339963,30051.127597957362,30036.592186710346,30049.571134216796,287
2024-11-13 17:21:00+00:00,30048.98765848012,30060.96466853771,30044.92705969732,30048.187498884836,392
2024-11-14 01:21:00+00:00,30050.3027756277,30055.584774440365,30032.560584195893,30049.588952591963,576
2024-11-14 09:21:00+00:00,30049.915612160545,30058.817922439655,30035.328690943054,30049.56143205237,914
2024-11-14 17:21:00+00:00,30049.612725715095,30062.05612783335,30046.76182068426,30049.772378978672,259
2024-11-15 01:21:00+00:00,30048.29500629214,30051.841311036078,30047.018779576447,30048.475599997513,974
2024-11-15 09:21:00+00:00,30048.08988936245,30065.338307267233,30036.01597399741,30047.42977169897,822
2024-11-15 17:21:00+00:00,30048.385713874162,30051.46317410343,30046.17107999836,30047.810925725295,978
2024-11-16 01:21:00+00:00,30047.906895306664,30066.026118367856,30036.14041368921,30048.673534681875,791
2024-11-16 09:21:00+00:00,30047.602365491595,30052.663048827853,30042.9193416477,30049.403171673643,503
2024-11-16 17:21:00+00:00,30048.030166711087,30065.73435813556,30037.719428780365,30047.513296786212,601
2024-11-17 01:21:00+00:00,30046.640142290256,30056.352824273534,30028.541458428666,30047.20309739916,657
2024-11-17 09:21:00+00:00,30047.54277465542,30056.470942715092,30041.56165132782,30046.557559613248,399
2024-11-17 17:21:00+00:00,30048.48594105883,30058.465085141317,30028.9581245642,30048.192364496073,642
2024-11-18 01:21:00+00:00,30049.469691806415,30068.141465564215,30030.658453661064,30048.801539173084,699
2024-11-18 09:21:00+00:00,30050.3986178857,30054.753648418704,30038.392529084434,30048.6271012909,484
2024-11-18 17:21:00+00:00,30051.168210497435,30069.229874855708,30039.860050538708,30049.827716362728,719
2024-11-19 01:21:00+00:00,30052.278416954025,30067.73098058488,30036.981050921142,30053.245994976583,571
2024-11-19 09:21:00+00:00,30051.937467550528,30053.935864766412,30038.00606169434,30052.104993398858,433
2024-11-19 17:21:00+00:00,30051.645881978126,30061.387154259886,30042.524109803726,30051.103164190252,469
2024-11-20 01:21:00+00:00,30052.3345391898,30064.206610063986,30034.6980771378,30051.769869869357,652
2024-11-20 09:21:00+00:00,30050.713978201176,30064.4430743654,30049.564111308406,30051.08760567497,763
2024-11-20 17:21:00+00:00,30050.32064317556,30063.13987897312,30047.4486268614,30051.69917572798,740
2024-11-21 01:21:00+00:00,30049.988943216802,30061.981440758176,30044.139085842315,30052.179444514844,394
2024-11-21 09:21:00+00:00,30047.80883621878,30052.23286951385,30038.062849109167,30047.40981334004,336
2024-11-21 17:21:00+00:00,30046.617876574186,30048.67613111403,30045.491872489263,30046.121568188097,469
2024-11-22 01:21:00+00:00,30044.95814559224,30049.457947884388,30034.11794443487,30045.07485300589,484
2024-11-22 09:21:00+00:00,30044.208262986653,30058.101647039275,30026.89356836671,30044.34580712936,162
2024-11-22 17:21:00+00:00,30044.70344947225,30046.95601256193,30033.071135901202,30043.89396059686,202
2024-11-23 01:21:00+00:00,30047.3348816731,30057.175968778007,30039.480199069578,30049.58081214414,523
2024-11-23 09:21:00+00:00,30048.104505249215,30063.58172708515,30034.373779979738,30047.063552547177,443
2024-11-23 17:21:00+00:00,30047.142137256466,30056.75496924815,30030.9102560176,30047.25487432909,613
2024-11-24 01:21:00+00:00,30047.99710908501,30048.72483484348,30040.691473132298,30049.598729725276,770
2024-11-24 09:21:00+00:00,30048.098288977526,30053.078354398203,30041.07635186811,30048.114262126426,132
2024-11-24 17:21:00+00:00,30049.277247972575,30049.87278765666,30037.996042466017,30049.266621683706,112
2024-11-25 01:21:00+00:00,30049.333217249783,30059.991447717253,30035.84487543876,30050.241115063527,611
2024-11-25 09:21:00+00:00,30048.883957670867,30055.6865158929,30039.544090310723,30048.369370470817,992
2024-11-25 17:21:00+00:00,30051.362691910977,30071.227309468977,30036.15920888436,30048.042312058427,230
2024-11-26 01:21:00+00:00,30052.736727366446,30069.226462045583,30048.916612769546,30052.634485728922,262
2024-11-26 09:21:00+00:00,30054.485133599403,30073.03086950794,30037.344842378327,30054.9972382981,852
2024-11-26 17:21:00+00:00,30054.146947510093,30072.92496489942,30037.010336908395,30054.395121611848,282
2024-11-27 01:21:00+00:00,30053.42782114459,30066.99011764564,30036.532308477275,30053.155287021724,216
2024-11-27 09:21:00+00:00,30053.531868675076,30067.75043553074,30034.066471675204,30054.07731914761,861
2024-11-27 17:21:00+00:00,30053.32310779944,30057.785311459655,30043.289425716084,30054.077312186128,458
2024-11-28 01:21:00+00:00,30052.987329916057,30055.803700952416,30040.334710089643,30052.072331524716,605
2024-11-28 09:21:00+00:00,30052.30686938794,30068.11841107377,30050.911730140167,30054.3061149223,479
2024-11-28 17:21:00+00:00,30052.020115159714,30067.589019567557,30032.024506149468,30051.594849268422,985
2024-11-29 01:21:00+00:00,30052.439850259965,30068.392941538717,30043.504254372747,30051.212697773615,925
2024-11-29 09:21:00+00:00,30053.963021503776,30068.43971289661,30039.713427262275,30054.717339041046,313
2024-11-29 17:21:00+00:00,30056.024102835672,30057.494470834834,30054.27173661353,30058.2729495989,783
2024-11-30 01:21:00+00:00,30055.06073377022,30061.786692824644,30044.68965755272,30055.52365550087,692
2024-11-30 09:21:00+00:00,30055.993237378218,30062.260946677194,30044.16962087741,30055.60117253987,335
2024-11-30 17:21:00+00:00,30056.35101009992,30074.349688359147,30037.466284561808,30056.088550335655,753
2024-12-01 01:21:00+00:00,30056.535713770823,30073.653677388596,30052.268578311712,30056.38761830552,362
2024-12-01 09:21:00+00:00,30055.291973187923,30070.477378117896,30046.547935358918,30056.15806385658,927
2024-12-01 17:21:00+00:00,30057.184921375407,30066.987240462484,30039.380930942338,30057.065407184076,874
2024-12-02 01:21:00+00:00,30057.92052977487,30068.65367112312,30043.19905983829,30058.17452421508,101
2024-12-02 09:21:00+00:00,30056.537168440882,30073.05220507199,30040.844392444178,30056.449615701586,101
2024-12-02 17:21:00+00:00,30056.6629392208,30061.973878335062,30047.582080300406,30057.441832184715,542
2024-12-03 01:21:00+00:00,30056.264064561507,30074.256624188216,30052.309732471404,30054.827396842487,645
2024-12-03 09:21:00+00:00,30054.300689158572,30068.9414800501,30051.938067516512,30053.81035338548,973
2024-12-03 17:21:00+00:00,30052.734210617287,30055.924410968943,30051.36017567782,30054.629080284838,535
2024-12-04 01:21:00+00:00,30052.7232826446,30061.534484536893,30041.88632140755,30051.11643647905,438
2024-12-04 09:21:00+00:00,30053.23490518176,30056.56961928403,30039.176438550487,30054.68974261047,794
2024-12-04 17:21:00+00:00,30053.651213172885,30065.050460667517,30043.01252017063,30053.670453983766,232
2024-12-05 01:21:00+00:00,30053.159561554992,30057.904092129902,30039.0831519118,30054.080741352333,394
2024-12-05 09:21:00+00:00,30055.043351542437,30072.80645662406,30038.930337954363,30055.36236716591,569
2024-12-05 17:21:00+00:00,30055.489180402354,30058.775266272354,30047.814115228135,30056.870638649456,758
2024-12-06 01:21:00+00:00,30055.343595196617,30073.646231064336,30050.922205525832,30054.43074205719,579
2024-12-06 09:21:00+00:00,30054.194848704035,30055.31866038908,30054.1559383164,30054.756060017087,379
2024-12-06 17:21:00+00:00,30054.180714898204,30064.51198913915,30048.00772719791,30054.348344244005,198
2024-12-07 01:21:00+00:00,30055.10131475797,30059.95432477547,30044.3528078175,30056.038967265045,705
2024-12-07 09:21:00+00:00,30054.464659206136,30060.732257235333,30036.300429855328,30054.851911813756,249
2024-12-07 17:21:00+00:00,30053.97033288876,30065.557653243606,30044.27358048666,30054.388465915465,133
2024-12-08 01:21:00+00:00,30053.52664673768,30056.209822368433,30052.636860032428,30053.724579192574,911
2024-12-08 09:21:00+00:00,30052.132015466337,30067.523314993516,30034.71759600493,30053.189519445034,981
2024-12-08 17:21:00+00:00,30052.232963843257,30065.80301730226,30052.051337848538,30052.15108393634,969
2024-12-09 01:21:00+00:00,30052.61367711476,30066.434838724705,30032.94326215277,30051.523279988163,910
2024-12-09 09:21:00+00:00,30054.916851314163,30067.050416568323,30049.113975805798,30056.328368499544,893
2024-12-09 17:21:00+00:00,30053.271522998835,30069.859694769137,30035.085103813977,30053.620196829295,916
2024-12-10 01:21:00+00:00,30055.164192026925,30061.490932465447,30051.80251221462,30055.468304829225,306
2024-12-10 09:21:00+00:00,30054.96211722346,30070.036030906336,30035.35016991085,30054.587421394885,703
2024-12-10 17:21:00+00:00,30054.062279332968,30058.165929789,30034.786980461216,30052.257877137774,361
2024-12-11 01:21:00+00:00,30054.426550180433,30066.51992674112,30037.898412678696,30053.766809915167,236
2024-12-11 09:21:00+00:00,30054.851981638138,30074.535222742736,30044.424058399854,30054.14014325258,181
2024-12-11 17:21:00+00:00,30054.656853973782,30058.466560589804,30034.859102629624,30055.42118162722,349
2024-12-12 01:21:00+00:00,30055.34176327505,30071.001038700055,30052.70503881317,30055.96847470559,831
2024-12-12 09:21:00+00:00,30056.071463332493,30068.718466461884,30051.861632919994,30056.79457627756,737
2024-12-12 17:21:00+00:00,30056.7658812239,30059.24708011215,30051.232534050087,30057.00614748169,607
2024-12-13 01:21:00+00:00,30057.109532704155,30066.464613946602,30046.215335421915,30056.20789119102,680
2024-12-13 09:21:00+00:00,30056.264202702234,30074.469687981244,30056.250346215384,30057.495215345953,818
2024-12-13 17:21:00+00:00,30054.714387960565,30068.77643321332,30047.803801796468,30056.465021096566,168
2024-12-14 01:21:00+00:00,30055.53147803337,30068.176351880524,30038.27057688109,30055.759646081267,381
2024-12-14 09:21:00+00:00,30055.907897593734,30064.18150635755,30039.8993828655,30057.728739375605,600
2024-12-14 17:21:00+00:00,30055.48148838442,30061.63686190219,30044.837035204862,30054.7283005612,732
2024-12-15 01:21:00+00:00,30055.4220782909,30072.024591975674,30040.308375924047,30056.301781739334,166
2024-12-15 09:21:00+00:00,30056.058165292594,30061.493338250326,30036.854993417208,30056.54760731641,875
2024-12-15 17:21:00+00:00,30056.82939855065,30072.366433025996,30045.963929682974,30055.107670118352,747
2024-12-16 01:21:00+00:00,30055.29208946575,30074.261941412493,30042.851037616892,30052.522480774885,425
2024-12-16 09:21:00+00:00,30054.472610633304,30060.318357634424,30045.67415985779,30054.628681009573,738
2024-12-16 17:21:00+00:00,30056.32742500517,30056.667811752654,30044.718762242104,30057.07016302665,367
2024-12-17 01:21:00+00:00,30056.193380950703,30059.401293229384,30043.48407423202,30055.122162931013,234
2024-12-17 09:21:00+00:00,30057.802865587255,30067.03457858838,30039.26204373262,30056.239164397815,727
2024-12-17 17:21:00+00:00,30057.343086308858,30069.019708140466,30049.59752086963,30059.24405169844,443
2024-12-18 01:21:00+00:00,30056.719444720213,30063.243639236567,30046.026144806485,30056.353957328545,133
2024-12-18 09:21:00+00:00,30056.59644051007,30071.363344541205,30051.967704930103,30056.75314156374,865
2024-12-18 17:21:00+00:00,30058.473964978904,30075.23288928598,30049.450662582996,30056.2720853405,775
2024-12-19 01:21:00+00:00,30056.919427122328,30069.769734377536,30056.893639861875,30055.4976809822,655
2024-12-19 09:21:00+00:00,30057.234231839204,30068.908872967135,30045.18688292059,30056.576530017952,174
2024-12-19 17:21:00+00:00,30057.693718015344,30064.898150308098,30054.417969546066,30055.984868869466,434
2024-12-20 01:21:00+00:00,30056.975736623208,30059.78524072545,30041.95888284604,30057.689582999123,408
2024-12-20 09:21:00+00:00,30057.47167299213,30076.763608152563,30050.205455322674,30058.29460676229,847
2024-12-20 17:21:00+00:00,30056.678805864427,30072.391390767687,30053.252639093065,30057.785818905715,870
2024-12-21 01:21:00+00:00,30058.706759051343,30071.15701391097,30048.06574601305,30058.13574178127,112
2024-12-21 09:21:00+00:00,30059.139504691484,30074.44549436672,30039.177982222234,30059.6137619377,798
2024-12-21 17:21:00+00:00,30059.355865357287,30070.068110104356,30050.14908922571,30059.14193586543,946
2024-12-22 01:21:00+00:00,30059.261307380442,30076.54973079866,30056.778599886766,30060.511686756585,687
2024-12-22 09:21:00+00:00,30059.793811136264,30074.018146951807,30046.10439302294,30058.69171905752,488
2024-12-22 17:21:00+00:00,30059.43627293421,30062.2637183981,30058.548181334874,30059.959364199767,667
2024-12-23 01:21:00+00:00,30058.687657744445,30075.25039025027,30048.401161746566,30059.435222554854,722
2024-12-23 09:21:00+00:00,30058.107169922994,30066.050478908095,30051.64969395123,30057.25953914822,433
2024-12-23 17:21:00+00:00,30057.75157966799,30077.23663159181,30055.80724075337,30057.458663295954,557
2024-12-24 01:21:00+00:00,30058.861065980484,30076.826460264285,30056.85759033402,30058.357023636694,854
2024-12-24 09:21:00+00:00,30057.57270573161,30062.438123270844,30046.80952220392,30057.517542440488,262
2024-12-24 17:21:00+00:00,30058.15397898581,30059.34416344433,30056.97230462628,30059.210808083742,879
2024-12-25 01:21:00+00:00,30057.99069690752,30076.6182865897,30055.623207804387,30058.672450897524,673
2024-12-25 09:21:00+00:00,30059.828179479464,30068.17849732137,30051.089851421188,30058.786990710236,324
2024-12-25 17:21:00+00:00,30057.175295864512,30061.974663760804,30047.54522364502,30056.450161354027,974
2024-12-26 01:21:00+00:00,30057.712467238413,30074.6202254595,30050.65967177281,30058.239479210377,599
2024-12-26 09:21:00+00:00,30057.51276708666,30077.235914118875,30051.282330717895,30057.20014986997,578
2024-12-26 17:21:00+00:00,30055.521814458665,30060.108578124906,30046.119573464835,30057.470962976076,897
2024-12-27 01:21:00+00:00,30057.943071131333,30075.34703031256,30048.997309048646,30057.55114247782,202
2024-12-27 09:21:00+00:00,30058.89639535996,30059.214728856965,30047.860436853975,30058.5111621986,164
2024-12-27 17:21:00+00:00,30057.169617537736,30059.783888307265,30046.584563927634,30058.911708450654,865
2024-12-28 01:21:00+00:00,30058.296327073112,30068.960539453194,30039.76862278149,30059.273138594774,303
2024-12-28 09:21:00+00:00,30056.08377684694,30064.577645634934,30043.538271409092,30055.869798411986,460
2024-12-28 17:21:00+00:00,30055.674859377865,30062.089758171373,30052.54168725326,30056.423076850355,879
2024-12-29 01:21:00+00:00,30056.68808243421,30059.513062525788,30039.21845019411,30056.128704210867,934
2024-12-29 09:21:00+00:00,30055.311610331337,30070.67312461689,30038.093226220433,30056.65453953698,949
2024-12-29 17:21:00+00:00,30056.535121631015,30066.308782947035,30043.456419225447,30055.08123221456,456
2024-12-30 01:21:00+00:00,30056.24527642061,30065.96004787076,30051.61544928261,30055.321797022894,804
2024-12-30 09:21:00+00:00,30057.748873360237,30070.10343834665,30055.902034464216,30055.63266545101,148
2024-12-30 17:21:00+00:00,30058.195809684472,30064.04707596,30048.267834897433,30059.481797798406,761
2024-12-31 01:21:00+00:00,30056.392196107172,30070.487973419346,30051.05365007989,30057.0974878026,423
2024-12-31 09:21:00+00:00,30056.618632219717,30059.35923458517,30042.345522168936,30056.00018860942,148
2024-12-31 17:21:00+00:00,30055.654760194215,30061.844927790426,30053.048417808837,30056.332595038417,227
2025-01-01 01:21:00+00:00,30055.624080048736,30064.405690300384,30055.608984413135,30054.650567224173,202
2025-01-01 09:21:00+00:00,30055.39026084408,30056.186854584827,30035.655057881497,30054.774642265023,275
2025-01-01 17:21:00+00:00,30054.035006430335,30069.644069666723,30038.933512957363,30054.208091618042,164
2025-01-02 01:21:00+00:00,30054.15004843334,30066.12350788647,30051.907233551337,30053.61148980072,145
2025-01-02 09:21:00+00:00,30053.51180034821,30061.18684457907,30036.29556144669,30051.191770360507,313
2025-01-02 17:21:00+00:00,30054.264376515617,30056.568252765243,30048.56338629826,30054.68620486069,484
2025-01-03 01:21:00+00:00,30055.056057622296,30061.2368027968,30042.30761549265,30054.87747406866,275
2025-01-03 09:21:00+00:00,30056.865757509113,30065.790098070895,30042.195707883824,30058.497044416694,964
2025-01-03 17:21:00+00:00,30057.339464371875,30074.357128230127,30055.85659205718,30057.718563784027,120
2025-01-04 01:21:00+00:00,30058.234832272574,30069.096830496645,30052.481325137283,30057.935793168934,872
2025-01-04 09:21:00+00:00,30060.084547252012,30065.104220710193,30053.3248593009,30059.805260668534,815
2025-01-04 17:21:00+00:00,30060.219142650112,30079.708866431603,30051.508525669957,30060.713605924797,430
2025-01-05 01:21:00+00:00,30059.898062425298,30073.769291521534,30046.512993875556,30060.568552650824,340
2025-01-05 09:21:00+00:00,30060.335370041965,30076.817163920914,30059.258988554342,30061.0222648328,181
2025-01-05 17:21:00+00:00,30059.4707972766,30071.312147853503,30039.781211034307,30058.93285374654,300
2025-01-06 01:21:00+00:00,30058.69939605823,30061.836839169384,30050.001301166794,30058.302729704883,195
2025-01-06 09:21:00+00:00,30058.162370547154,30068.48600258628,30039.74480776741,30057.495643484865,860
2025-01-06 17:21:00+00:00,30057.45160459644,30061.59217425973,30050.13998825279,30060.037120982182,941
2025-01-07 01:21:00+00:00,30058.414403018603,30063.228201993126,30053.05329564462,30059.60125330266,980
2025-01-07 09:21:00+00:00,30059.14078810488,30069.959693582434,30056.16776352347,30059.76903435584,631
2025-01-07 17:21:00+00:00,30060.136923616665,30080.041763711077,30058.93108771447,30059.934532281823,213
2025-01-08 01:21:00+00:00,30059.38793772105,30063.724919380056,30057.70099740476,30059.427777988098,452
2025-01-08 09:21:00+00:00,30059.411058627215,30075.707237326424,30043.5278963279,30059.030662680037,744
2025-01-08 17:21:00+00:00,30059.752163932248,30068.75687749175,30059.35710376517,30060.21073627242,133
2025-01-09 01:21:00+00:00,30060.392287138046,30065.329591730122,30054.541544569016,30059.06814501156,979
2025-01-09 09:21:00+00:00,30060.98559447079,30073.80257786232,30052.663072127216,30061.600475557723,513
2025-01-09 17:21:00+00:00,30059.808666744022,30068.779255326877,30049.540531105995,30060.04853842837,891
2025-01-10 01:21:00+00:00,30060.519840161975,30061.207461177015,30057.83448757181,30060.682804672942,126
2025-01-10 09:21:00+00:00,30061.314174383064,30064.682143358063,30053.66035353076,30061.149855877942,967
2025-01-10 17:21:00+00:00,30059.49609039951,30060.30148831479,30055.40213914835,30060.768026786674,229
2025-01-11 01:21:00+00:00,30060.323969951885,30068.221949847324,30051.14211978438,30057.99800097303,413
2025-01-11 09:21:00+00:00,30061.402543166747,30078.586283469303,30050.920663935813,30062.923784740342,610
2025-01-11 17:21:00+00:00,30060.460083329945,30068.381489794785,30050.365957053415,30060.045878668265,568
2025-01-12 01:21:00+00:00,30059.875921553798,30071.9084424169,30041.718123241797,30059.696226617663,367
2025-01-12 09:21:00+00:00,30058.933795942325,30075.552189837286,30043.024421806174,30060.00858243603,529
2025-01-12 17:21:00+00:00,30057.657582652155,30060.92305360974,30038.782921693208,30056.852919667283,880
2025-01-13 01:21:00+00:00,30057.087102046113,30075.50533510261,30053.429813916293,30058.60210050505,331
2025-01-13 09:21:00+00:00,30054.67235107064,30071.49886493916,30045.836552831417,30055.67653803948,149
2025-01-13 17:21:00+00:00,30054.672771064525,30072.783326946224,30051.78842633404,30057.384707544537,792
2025-01-14 01:21:00+00:00,30054.324339431914,30068.129497422957,30040.35703098387,30053.560017725664,402
2025-01-14 09:21:00+00:00,30053.539327693165,30071.699131724417,30043.493272011427,30053.992158490222,363
2025-01-14 17:21:00+00:00,30054.58638288195,30064.60193717514,30038.831176235053,30055.314897582914,516
2025-01-15 01:21:00+00:00,30055.5377400456,30070.0514134103,30054.543828784437,30055.51907580419,538
2025-01-15 09:21:00+00:00,30056.000936781573,30062.543860436585,30043.977537957697,30055.48293344541,210
2025-01-15 17:21:00+00:00,30054.750777909478,30059.023613696627,30053.220321162884,30054.975440757375,968
2025-01-16 01:21:00+00:00,30053.90153754046,30061.230684448583,30037.041798898244,30054.97465880451,820
2025-01-16 09:21:00+00:00,30053.406220305944,30073.252583195124,30045.76206455866,30053.840708932563,972
2025-01-16 17:21:00+00:00,30053.911065474447,30056.661709225693,30049.71223307414,30053.14553519817,820
2025-01-17 01:21:00+00:00,30055.133781185563,30068.906725435343,30038.567038628116,30055.07220316456,458
2025-01-17 09:21:00+00:00,30054.887373103946,30057.50509200714,30051.200635509493,30055.818555846836,652
2025-01-17 17:21:00+00:00,30056.684824891665,30072.892945119384,30039.016020780942,30058.018357766738,165
2025-01-18 01:21:00+00:00,30058.21738984137,30076.10662293172,30047.18669121481,30057.37673694001,514
2025-01-18 09:21:00+00:00,30059.054719127813,30073.44325740722,30041.783288312145,30059.164906118243,640
2025-01-18 17:21:00+00:00,30060.249089829547,30061.808660420244,30043.582675561745,30060.6556814668,835
2025-01-19 01:21:00+00:00,30059.198730475808,30068.317655070576,30058.2178913449,30060.258458159045,541
2025-01-19 09:21:00+00:00,30058.464160062715,30060.613894739054,30050.323943049887,30058.87810761603,104
2025-01-19 17:21:00+00:00,30058.988707670294,30074.039247368204,30050.67218582482,30057.41252892404,965
2025-01-20 01:21:00+00:00,30059.568520020468,30072.938733500454,30045.385539595718,30059.455659958407,419
2025-01-20 09:21:00+00:00,30058.60092462491,30065.60942041708,30041.499988021045,30058.580044236227,264
2025-01-20 17:21:00+00:00,30057.853298275208,30059.595207735838,30045.244874359953,30058.133556976267,739
2025-01-21 01:21:00+00:00,30058.372300394036,30059.58872989465,30053.12726479951,30058.75667151208,731
2025-01-21 09:21:00+00:00,30058.395763890134,30078.14003395826,30044.67453783246,30057.685146315845,206
2025-01-21 17:21:00+00:00,30057.396302033205,30071.454799449057,30049.540050550087,30057.36487017961,394
2025-01-22 01:21:00+00:00,30057.312395990528,30072.667882747846,30047.989212814362,30058.925597699625,604
2025-01-22 09:21:00+00:00,30057.65444027296,30067.292216847527,30043.954825526525,30057.749836203307,890
2025-01-22 17:21:00+00:00,30058.8574431784,30063.23844988947,30048.216738078445,30057.105639032306,833
2025-01-23 01:21:00+00:00,30058.650830011895,30077.75563774875,30053.4593380701,30057.67996430488,281
2025-01-23 09:21:00+00:00,30058.530050508052,30058.545918183514,30056.370740692557,30059.028060204437,659
2025-01-23 17:21:00+00:00,30060.143710506032,30077.21675213227,30059.187313119528,30059.547456734887,277
2025-01-24 01:21:00+00:00,30060.404621345664,30080.043380801315,30043.21898308266,30060.78143734809,508
2025-01-24 09:21:00+00:00,30060.172383678157,30075.55765769985,30049.908262860772,30060.09108874891,542
2025-01-24 17:21:00+00:00,30060.83649398094,30064.631965776545,30053.112632393193,30062.58032618504,578
2025-01-25 01:21:00+00:00,30059.593684232917,30065.913313850146,30040.72766199519,30058.51931251484,508
2025-01-25 09:21:00+00:00,30060.181432662313,30078.19512951848,30057.123821799418,30059.526851303923,243
2025-01-25 17:21:00+00:00,30059.817441318286,30077.39418343774,30041.11464891463,30059.994976966405,411
2025-01-26 01:21:00+00:00,30061.307059900224,30077.230409860298,30051.897788685932,30061.942436757246,431
2025-01-26 09:21:00+00:00,30061.119538892475,30065.24183692764,30041.669786470917,30060.31781114591,445
2025-01-26 17:21:00+00:00,30062.33304672091,30076.556429987915,30044.83773930383,30062.55844164733,410
2025-01-27 01:21:00+00:00,30062.01071111008,30064.212146013444,30049.54836769254,30063.25645025036,825
2025-01-27 09:21:00+00:00,30061.56462348923,30072.065340106106,30056.23168484774,30060.91943846163,438
2025-01-27 17:21:00+00:00,30060.62398513957,30072.49803858861,30042.015290092007,30060.234852788526,714
2025-01-28 01:21:00+00:00,30059.217589878986,30068.089420639157,30044.212448237096,30058.259904969014,833
2025-01-28 09:21:00+00:00,30059.842758683633,30065.253297598465,30049.266486628796,30059.148165172177,942
2025-01-28 17:21:00+00:00,30058.715312962806,30076.222423452597,30054.710434540804,30058.70698934988,443
2025-01-29 01:21:00+00:00,30059.16703624047,30068.647431464484,30050.54579545397,30060.2620073129,736
2025-01-29 09:21:00+00:00,30059.2277875918,30075.063890349204,30047.663644716646,30059.2555810713,639
2025-01-29 17:21:00+00:00,30060.9543975791,30064.864496336348,30060.642526876713,30061.260083155317,810
2025-01-30 01:21:00+00:00,30061.491978275964,30073.494881872208,30042.50443409287,30059.94773666046,312
2025-01-30 09:21:00+00:00,30061.197552230096,30068.948041515054,30044.771918855702,30062.08380688574,635
2025-01-30 17:21:00+00:00,30062.42836896087,30074.74599904718,30055.440781511596,30062.770714481594,930
2025-01-31 01:21:00+00:00,30062.765542289748,30069.185175028848,30053.59281668159,30061.95166909466,770
2025-01-31 09:21:00+00:00,30061.674158989452,30073.637872214855,30051.654856477922,30063.297961750985,583
2025-01-31 17:21:00+00:00,30062.455458750603,30076.038118473112,30051.014466922185,30061.597740386154,179
2025-02-01 01:21:00+00:00,30063.246284697565,30082.40081771336,30057.74153439249,30062.91642191845,200
2025-02-01 09:21:00+00:00,30062.730885094516,30076.265602147367,30043.02177624948,30061.012319356294,398
2025-02-01 17:21:00+00:00,30062.492555260804,30072.729979875527,30061.724651053504,30063.263425240417,493
2025-02-02 01:21:00+00:00,30063.229177486868,30071.08084659681,30062.87688649036,30063.47405967948,333
2025-02-02 09:21:00+00:00,30063.597451702066,30068.542856029435,30056.453258059504,30063.490413500924,835
2025-02-02 17:21:00+00:00,30064.082307900833,30073.20467215224,30056.45099369467,30064.30570580333,265
2025-02-03 01:21:00+00:00,30064.073150735454,30075.18276903316,30044.391582573277,30065.169424533153,634
2025-02-03 09:21:00+00:00,30065.01774194396,30074.792548341182,30052.76704261285,30063.119896466775,382
2025-02-03 17:21:00+00:00,30064.91477701216,30067.03420555104,30045.48184835364,30066.219024462844,628
2025-02-04 01:21:00+00:00,30065.271022433702,30070.273989168516,30055.076397368095,30066.127627371756,644
2025-02-04 09:21:00+00:00,30065.899169407367,30075.919997034012,30057.904943895555,30066.848774572547,669
2025-02-04 17:21:00+00:00,30067.68847767879,30069.19139913004,30053.937304159677,30067.44687277179,982
2025-02-05 01:21:00+00:00,30067.631815915178,30083.463341475817,30062.982692340076,30068.958450721515,354
2025-02-05 09:21:00+00:00,30067.282237074633,30073.44163302407,30057.618232253866,30065.756314733117,413
2025-02-05 17:21:00+00:00,30066.88708022008,30076.668766123927,30056.12090980434,30066.262322349005,529
2025-02-06 01:21:00+00:00,30068.24946103334,30075.828055653055,30059.821769135735,30068.53569045459,841
2025-02-06 09:21:00+00:00,30069.43672553203,30069.808724803675,30050.034543855523,30071.630563914172,476
2025-02-06 17:21:00+00:00,30069.88296918198,30076.29008541745,30053.474716272078,30070.983391285557,472
2025-02-07 01:21:00+00:00,30068.540924641275,30072.774717079756,30058.993194618844,30066.95641331714,668
2025-02-07 09:21:00+00:00,30070.681953243275,30084.563098819457,30053.55792147416,30071.94695495235,611
2025-02-07 17:21:00+00:00,30070.22934443159,30080.044888156783,30067.147074382403,30068.51596250356,130
2025-02-08 01:21:00+00:00,30070.245645097184,30078.9757480129,30060.975714885793,30069.578177886637,342
2025-02-08 09:21:00+00:00,30070.438460526217,30083.92651705193,30059.80467485724,30070.85705370622,292
2025-02-08 17:21:00+00:00,30071.015406700026,30089.230843080983,30059.43404472463,30071.668987008372,706
2025-02-09 01:21:00+00:00,30071.226061669637,30089.184285762673,30054.272031218214,30071.319810392182,153
2025-02-09 09:21:00+00:00,30069.528336318817,30084.91321255866,30056.12057633184,30069.2723524009,933
2025-02-09 17:21:00+00:00,30068.409446002242,30084.566655850736,30052.930514088195,30068.26603071778,382
2025-02-10 01:21:00+00:00,30067.032024396696,30083.389683551082,30064.25683850404,30067.83996294833,942
2025-02-10 09:21:00+00:00,30066.928703570513,30068.43285222993,30057.699668161888,30067.683274985262,862
2025-02-10 17:21:00+00:00,30067.610214855,30071.63144397266,30057.92394998974,30067.287995908504,126
2025-02-11 01:21:00+00:00,30067.15861581865,30080.104493535597,30054.30141936141,30067.465879139294,584
2025-02-11 09:21:00+00:00,30066.709530477747,30071.11750272029,30066.051805915326,30066.871820654804,105
2025-02-11 17:21:00+00:00,30068.079001764436,30077.614449153745,30058.27823950376,30068.800912877618,236
2025-02-12 01:21:00+00:00,30068.87677500614,30074.963846934726,30052.38940185039,30068.792250986917,556
2025-02-12 09:21:00+00:00,30069.36788617489,30085.06934511011,30062.609683464292,30070.782680000953,664
2025-02-12 17:21:00+00:00,30070.613171832203,30086.58365635275,30057.150811867188,30071.00490470188,245
2025-02-13 01:21:00+00:00,30069.0018568217,30079.927954189705,30049.268532116355,30068.544695649263,512
2025-02-13 09:21:00+00:00,30069.640255003862,30071.051685182276,30061.248179780687,30068.415513570802,589
2025-02-13 17:21:00+00:00,30068.039478044484,30078.818243461155,30062.906437222733,30065.851584006305,356
2025-02-14 01:21:00+00:00,30066.738982279567,30084.571991441542,30051.797365535167,30067.834777856013,157
2025-02-14 09:21:00+00:00,30067.544098805916,30071.678304551664,30050.55875736968,30067.081017408098,434
2025-02-14 17:21:00+00:00,30065.736822823226,30079.352564926485,30055.97588773437,30065.97875296786,887
2025-02-15 01:21:00+00:00,30066.041240619063,30077.56347582038,30048.95887560012,30066.766335554672,547
2025-02-15 09:21:00+00:00,30067.15311146896,30068.2871840519,30059.234024096208,30068.0882567508,123
2025-02-15 17:21:00+00:00,30068.17208081813,30074.204490232394,30062.974810546944,30066.77799907378,613
2025-02-16 01:21:00+00:00,30070.242810885975,30089.915691454862,30065.07557081011,30068.8932121253,556
2025-02-16 09:21:00+00:00,30069.977452960466,30074.431865577473,30067.870222523165,30070.79631250141,603
2025-02-16 17:21:00+00:00,30070.0193060936,30070.86896644119,30055.374172432428,30069.725600115296,563
2025-02-17 01:21:00+00:00,30070.605054785534,30074.198559464323,30064.124577516755,30070.143478547383,404
2025-02-17 09:21:00+00:00,30071.6792292016,30089.68783829805,30068.695016117417,30071.373127990202,223
2025-02-17 17:21:00+00:00,30071.184553940384,30080.552135126964,30061.238618925752,30072.78963560112,460
2025-02-18 01:21:00+00:00,30072.670422463074,30075.300215351523,30062.400614342867,30070.332702201435,769
2025-02-18 09:21:00+00:00,30071.933002834226,30091.52155652423,30059.81651801866,30071.949716105362,149
2025-02-18 17:21:00+00:00,30072.342618874973,30074.28851817749,30066.201713359747,30072.998873465356,764
2025-02-19 01:21:00+00:00,30070.709771435813,30085.478254285506,30065.847914755923,30069.82962292388,833
2025-02-19 09:21:00+00:00,30070.258579532605,30071.967706284504,30063.933475879247,30072.632308162156,830
2025-02-19 17:21:00+00:00,30070.222839530084,30079.980325212255,30069.28204641017,30071.0867154064,288
2025-02-20 01:21:00+00:00,30068.880107008652,30075.828106429337,30051.469411598602,30067.346376650097,287
2025-02-20 09:21:00+00:00,30068.89770100119,30085.153175851632,30053.1911158325,30068.461543715042,214
2025-02-20 17:21:00+00:00,30069.768886158196,30076.20594768916,30053.01156665869,30069.47528191907,904
2025-02-21 01:21:00+00:00,30069.576555149637,30084.36182570362,30050.083566054876,30069.698327186834,862
2025-02-21 09:21:00+00:00,30071.83446813612,30074.654815051497,30068.83778501156,30072.774588449487,375
2025-02-21 17:21:00+00:00,30072.184505520832,30081.848000183327,30064.202761794626,30072.511316312084,646
2025-02-22 01:21:00+00:00,30070.83420502029,30090.01363218669,30056.703155434065,30071.548656149862,817
2025-02-22 09:21:00+00:00,30070.622307312246,30074.07237813869,30070.063641571764,30067.557601734596,166
2025-02-22 17:21:00+00:00,30070.050578825296,30077.406212488073,30062.4338871808,30070.299379325465,578
2025-02-23 01:21:00+00:00,30069.27462883165,30084.475709527964,30061.6547757302,30067.877639302842,164
2025-02-23 09:21:00+00:00,30067.612262916762,30069.108106148225,30055.784603174885,30066.083591865787,889
2025-02-23 17:21:00+00:00,30068.540705808788,30088.2439297853,30054.09650368606,30070.16654085867,398
2025-02-24 01:21:00+00:00,30068.32392910806,30081.181192543823,30053.33669300743,30066.615959203576,792
2025-02-24 09:21:00+00:00,30067.288283092024,30069.747765344066,30051.97268123718,30066.626504018106,511
2025-02-24 17:21:00+00:00,30066.47395647937,30074.664756194703,30063.725947944222,30065.012577291694,136
2025-02-25 01:21:00+00:00,30066.261249760297,30069.6878436602,30058.469244231805,30067.05396723984,877
2025-02-25 09:21:00+00:00,30065.56400392306,30083.783699739477,30053.45218519887,30064.16248923431,432
2025-02-25 17:21:00+00:00,30065.745668814132,30071.187072685734,30053.700101548744,30065.9788730066,528
2025-02-26 01:21:00+00:00,30065.72566727455,30073.914528084566,30058.4966934283,30066.139527447333,221
2025-02-26 09:21:00+00:00,30066.80860716727,30075.01790756442,30059.2006641721,30066.687749525197,611
2025-02-26 17:21:00+00:00,30067.393464889585,30077.648411200127,30061.727253328303,30068.352102683275,595
2025-02-27 01:21:00+00:00,30067.45024382668,30078.62420014862,30057.80180657572,30067.1654509423,642
2025-02-27 09:21:00+00:00,30067.174969542586,30070.861420589474,30049.546807082806,30067.15362063013,553
2025-02-27 17:21:00+00:00,30067.993461432317,30068.14112700178,30064.36507723492,30067.925081951154,162
2025-02-28 01:21:00+00:00,30069.270671656326,30073.259551497104,30060.643667175267,30068.167762899237,366
2025-02-28 09:21:00+00:00,30069.59390303431,30082.280650554854,30062.25528934179,30071.31553092829,569
2025-02-28 17:21:00+00:00,30070.507483932884,30075.56042656174,30057.94529942577,30069.791603317834,312
2025-03-01 01:21:00+00:00,30070.455304589475,30078.527818391605,30059.26275348834,30071.466236812983,170
2025-03-01 09:21:00+00:00,30071.683831752765,30080.798433577565,30057.156012918113,30071.214439837975,283
2025-03-01 17:21:00+00:00,30071.19117209318,30089.614137128705,30067.81243748236,30070.918378140384,147
2025-03-02 01:21:00+00:00,30071.19814737756,30074.635934883387,30068.39568349384,30070.46136794557,534
2025-03-02 09:21:00+00:00,30071.01953615607,30080.638476545544,30058.093094533193,30072.387090047345,682
2025-03-02 17:21:00+00:00,30070.863394259555,30083.673714858356,30059.42307624735,30071.67913664514,386
2025-03-03 01:21:00+00:00,30070.76693208546,30086.001797861536,30070.105845494665,30070.456123106724,831
2025-03-03 09:21:00+00:00,30070.201845574524,30080.195948284043,30069.359834155715,30070.593929701074,507
2025-03-03 17:21:00+00:00,30071.448484145672,30077.277501012493,30065.915663191277,30071.79654589656,249
2025-03-04 01:21:00+00:00,30071.71174786139,30083.71081100759,30053.76710399582,30072.94704601421,211
2025-03-04 09:21:00+00:00,30070.34024867114,30074.333461575257,30059.587611539544,30069.8415963324,803
2025-03-04 17:21:00+00:00,30071.699926003977,30085.842018283267,30058.95362701489,30072.290698156707,620
2025-03-05 01:21:00+00:00,30071.26603090911,30085.114681829924,30053.062161331287,30071.36547440819,619
2025-03-05 09:21:00+00:00,30068.58103629757,30085.33651952378,30062.255031787558,30069.344431922254,470
2025-03-05 17:21:00+00:00,30068.955797527855,30070.124129489326,30050.635221971053,30070.440976081412,985
2025-03-06 01:21:00+00:00,30069.742983058382,30078.95833079629,30064.59489655342,30070.22998947119,220
2025-03-06 09:21:00+00:00,30069.59284122272,30078.34294858742,30054.041924611178,30069.846070986176,881
2025-03-06 17:21:00+00:00,30069.411745167923,30081.047302337956,30056.409329824226,30068.478991251097,474
2025-03-07 01:21:00+00:00,30068.83183804709,30073.643336845147,30052.92131369538,30068.331530957763,947
2025-03-07 09:21:00+00:00,30068.33473523651,30076.672186316864,30050.781198140638,30068.185208171813,236
2025-03-07 17:21:00+00:00,30068.18795615264,30068.213124095713,30053.17863255404,30067.14605329772,473
2025-03-08 01:21:00+00:00,30065.76062082135,30075.88968295703,30051.008110373452,30067.213630132163,907
2025-03-08 09:21:00+00:00,30066.169896461404,30068.53685341203,30065.991959102405,30067.151324004244,855
2025-03-08 17:21:00+00:00,30066.72467412349,30074.848179264354,30064.437080628388,30067.339589146806,266
2025-03-09 01:21:00+00:00,30065.562261688963,30081.389423300137,30062.368256184127,30065.304881566946,431
2025-03-09 09:21:00+00:00,30066.10914526234,30072.74792281002,30059.57110310282,30066.108058694368,730
2025-03-09 17:21:00+00:00,30066.819206327076,30069.495637663913,30049.143458625684,30067.44784160512,842
2025-03-10 01:21:00+00:00,30065.87915650972,30079.45016278562,30052.127276400555,30064.62895901326,482
2025-03-10 09:21:00+00:00,30068.173924630028,30082.09557141226,30050.885301970735,30069.46029328453,209
2025-03-10 17:21:00+00:00,30067.811281478724,30075.09548833745,30052.991571424263,30069.461131779077,626
2025-03-11 01:21:00+00:00,30068.18411723543,30083.141334633805,30050.077127706965,30069.329938036983,745
2025-03-11 09:21:00+00:00,30068.095128767138,30078.810986166627,30054.463222453393,30068.65011104628,819
2025-03-11 17:21:00+00:00,30066.78772392097,30072.68276540264,30050.40604438643,30068.602158304537,849
2025-03-12 01:21:00+00:00,30067.12389183189,30084.520377627767,30048.529120356852,30067.56900368225,242
2025-03-12 09:21:00+00:00,30067.32467261937,30080.844560624715,30048.621466448814,30067.399817769772,869
2025-03-12 17:21:00+00:00,30068.58783246508,30086.49430412113,30058.207690644926,30067.87846520731,453
2025-03-13 01:21:00+00:00,30067.921509184464,30073.76661947006,30062.731651092647,30066.810681370607,581
2025-03-13 09:21:00+00:00,30068.82740243995,30072.43781098163,30060.23675345295,30068.057312948065,985
2025-03-13 17:21:00+00:00,30069.325551709375,30079.13859938704,30050.33475533258,30068.733806529228,806
2025-03-14 01:21:00+00:00,30068.592939352875,30087.192691002892,30060.172412861815,30069.35074097114,776
2025-03-14 09:21:00+00:00,30067.605960810666,30082.967623953955,30059.852113654284,30067.06310233385,322
2025-03-14 17:21:00+00:00,30069.016497453093,30069.85811327271,30053.49728027563,30067.93226144656,408
2025-03-15 01:21:00+00:00,30069.484544193336,30074.27757212848,30055.656646669995,30069.096745420993,716
2025-03-15 09:21:00+00:00,30069.51994299223,30077.318656018277,30064.21663791109,30068.643217518034,861
2025-03-15 17:21:00+00:00,30070.267191478197,30077.72848769923,30066.64354294671,30070.790481941563,899
2025-03-16 01:21:00+00:00,30069.781911701277,30070.635492821395,30053.713213360577,30068.369641654503,550
2025-03-16 09:21:00+00:00,30071.87616090829,30085.734265810243,30066.121478402674,30073.199609428746,448
2025-03-16 17:21:00+00:00,30071.192093981204,30088.36243774499,30060.512323901214,30070.60368812447,519
2025-03-17 01:21:00+00:00,30071.003969489,30077.350142808275,30057.168096088688,30072.001354440603,640
2025-03-17 09:21:00+00:00,30069.409667275857,30078.481356678993,30060.843709994384,30068.657972344576,157
2025-03-17 17:21:00+00:00,30069.002335357825,30070.65800624642,30053.552031479772,30068.576096576562,460
2025-03-18 01:21:00+00:00,30069.842477181854,30083.4419298156,30068.763621925056,30069.94819530271,198
2025-03-18 09:21:00+00:00,30069.227309643356,30073.80827521384,30062.18824214429,30068.46102580762,911
2025-03-18 17:21:00+00:00,30069.99768513604,30075.7720178069,30053.081419702397,30069.65595089406,373
2025-03-19 01:21:00+00:00,30070.683521784147,30086.694386447845,30055.525831721097,30071.507846568016,291
2025-03-19 09:21:00+00:00,30071.502528548637,30087.894946911274,30055.983506572044,30071.058007720403,485
2025-03-19 17:21:00+00:00,30070.61289059973,30080.99512670672,30054.180634676406,30069.670296238957,569
2025-03-20 01:21:00+00:00,30070.428229234618,30089.26102138776,30051.098012799033,30070.247385772123,556
2025-03-20 09:21:00+00:00,30069.83873543988,30079.963562761106,30059.872037637466,30069.036881947064,753
2025-03-20 17:21:00+00:00,30069.17218724557,30084.061173015365,30058.292646583446,30070.695461470306,143
2025-03-21 01:21:00+00:00,30068.98240646291,30073.33765766544,30058.49682962951,30068.802576295613,384
2025-03-21 09:21:00+00:00,30071.29605740327,30085.374875070767,30070.87291667053,30070.856666042717,153
2025-03-21 17:21:00+00:00,30071.81928955196,30076.9999621907,30055.257653267854,30069.97178986321,296
2025-03-22 01:21:00+00:00,30072.507810162355,30082.380580580422,30067.93472646996,30073.19529450234,613
2025-03-22 09:21:00+00:00,30072.99857107321,30090.204456250456,30061.54132683907,30072.232500921447,896
2025-03-22 17:21:00+00:00,30072.82996188907,30077.81937067549,30062.54959534672,30072.805553661216,265
2025-03-23 01:21:00+00:00,30074.10494847435,30081.5166639369,30070.693037901474,30073.077387882153,650
2025-03-23 09:21:00+00:00,30074.050336132732,30076.039804129385,30056.999014488476,30072.76386981739,825
2025-03-23 17:21:00+00:00,30074.16897112813,30079.111116561187,30069.134209676853,30075.01913266828,474
2025-03-24 01:21:00+00:00,30074.672893755713,30076.826222685577,30070.859767655296,30073.628910335992,503
2025-03-24 09:21:00+00:00,30074.80349973396,30077.196194989243,30065.600019696285,30072.853014461318,121
2025-03-24 17:21:00+00:00,30072.565501237703,30087.100198234075,30055.594942262844,30074.05981379337,761
2025-03-25 01:21:00+00:00,30072.675789449877,30074.05845145191,30059.911545237035,30071.98973780873,380
2025-03-25 09:21:00+00:00,30073.13074448557,30078.373962353173,30064.087795118117,30073.711625424712,731
2025-03-25 17:21:00+00:00,30075.148644928977,30075.27999354506,30059.152856529432,30073.87807096615,316
2025-03-26 01:21:00+00:00,30074.676970854136,30085.898239937233,30062.29535619832,30073.816658211206,581
2025-03-26 09:21:00+00:00,30073.379062630254,30089.306213031155,30071.57627668138,30074.404919389726,665
2025-03-26 17:21:00+00:00,30072.02565593111,30075.789676878838,30057.709196140288,30071.53847220682,733
2025-03-27 01:21:00+00:00,30071.847226463753,30085.625323183223,30056.762025169122,30072.5351444367,753
2025-03-27 09:21:00+00:00,30072.018877134586,30073.31250270686,30070.149742341215,30071.804341552,863
2025-03-27 17:21:00+00:00,30072.476063162696,30079.878601565142,30055.827326787217,30071.72413513701,239
2025-03-28 01:21:00+00:00,30071.559349766758,30074.855450665775,30065.961161630767,30071.40932338123,619
2025-03-28 09:21:00+00:00,30071.62751987811,30083.58010246944,30067.78982615677,30071.823597984436,940
2025-03-28 17:21:00+00:00,30071.009323747912,30078.204471019446,30064.026502406574,30070.942571702304,598
2025-03-29 01:21:00+00:00,30071.227815244187,30080.695368694644,30060.29997749039,30072.6416065908,324
2025-03-29 09:21:00+00:00,30072.024232637137,30075.917012434184,30053.74404609169,30071.813369094005,483
2025-03-29 17:21:00+00:00,30072.092722252408,30081.27116890529,30056.76061152654,30072.1773408705,986
2025-03-30 01:21:00+00:00,30072.636227413455,30085.258435432937,30062.736381761097,30071.824526064764,713
2025-03-30 09:21:00+00:00,30072.439325364576,30090.926192146064,30063.477426848218,30072.785514658433,604
2025-03-30 17:21:00+00:00,30072.448863937945,30084.625325591674,30062.647815375694,30071.38503112383,826
2025-03-31 01:21:00+00:00,30072.25611659596,30088.791414409636,30070.547468249602,30072.048937174866,762
2025-03-31 09:21:00+00:00,30071.070667105596,30080.475931018755,30055.75998458046,30070.947713252946,860
2025-03-31 17:21:00+00:00,30070.545182049238,30075.327951653802,30052.838742223248,30069.713342689618,749
2025-04-01 01:21:00+00:00,30070.325681637943,30070.720755453003,30057.835684149948,30070.06797053239,290
2025-04-01 09:21:00+00:00,30072.461627010318,30091.166457279032,30068.888832516965,30073.492498198782,694
2025-04-01 17:21:00+00:00,30073.663950812,30090.456004890006,30063.39804414911,30074.292970344763,913
2025-04-02 01:21:00+00:00,30074.58457516357,30091.634065141498,30064.242606695865,30074.948871868237,457
2025-04-02 09:21:00+00:00,30075.06652581763,30082.72108240137,30067.403540560957,30074.788187741306,645
2025-04-02 17:21:00+00:00,30074.918260374554,30084.038714616465,30057.854115814738,30074.17853391395,796
2025-04-03 01:21:00+00:00,30072.06698417025,30085.020350267354,30064.296411379226,30072.37552402039,418
2025-04-03 09:21:00+00:00,30073.855033186974,30089.65024258058,30070.083903941464,30074.361462054592,905
2025-04-03 17:21:00+00:00,30073.174253662186,30082.323610593376,30061.47741527794,30072.539952176227,800
2025-04-04 01:21:00+00:00,30072.509419290815,30087.35244674304,30071.299524181042,30071.4129434928,242
2025-04-04 09:21:00+00:00,30072.467822434573,30075.46962214436,30060.774129224552,30072.823571649613,543
2025-04-04 17:21:00+00:00,30070.982655337924,30082.686918715186,30060.48685058948,30070.6348416324,484
2025-04-05 01:21:00+00:00,30071.118655934828,30090.588737984956,30069.67980083016,30070.990942882025,807
2025-04-05 09:21:00+00:00,30072.04899961219,30076.98804109295,30060.429423494224,30072.47588314447,580
2025-04-05 17:21:00+00:00,30072.958952871057,30078.871265031237,30054.632115518325,30072.01602731176,372
2025-04-06 01:21:00+00:00,30073.351288634625,30091.846182380523,30069.559941169337,30074.374503056497,970
2025-04-06 09:21:00+00:00,30074.353916123244,30079.947078814108,30060.72395504062,30076.027715452015,271
2025-04-06 17:21:00+00:00,30074.360805892942,30090.254849551824,30068.925081681624,30075.729564921017,726
2025-04-07 01:21:00+00:00,30075.00362262832,30092.93258181117,30056.24946787892,30074.423805640195,340
2025-04-07 09:21:00+00:00,30073.142952875038,30091.94589983335,30056.103024053173,30073.976710252155,974
2025-04-07 17:21:00+00:00,30073.898779775503,30076.180560352892,30070.549558493025,30073.24675446279,196
2025-04-08 01:21:00+00:00,30073.892518883375,30074.829976245783,30065.289239912287,30074.694032985655,811
2025-04-08 09:21:00+00:00,30073.361805496552,30084.96355638631,30060.391774897304,30072.115941739623,812
2025-04-08 17:21:00+00:00,30071.686454129194,30085.862760257452,30054.859409905243,30071.852995239195,322
2025-04-09 01:21:00+00:00,30071.980206087203,30073.19680829341,30057.66870600997,30072.85733652479,190
2025-04-09 09:21:00+00:00,30072.930745953654,30078.148453177553,30064.36153850572,30073.696397561518,736
2025-04-09 17:21:00+00:00,30073.31574195856,30082.09159177942,30065.981957096104,30072.226682168133,561
2025-04-10 01:21:00+00:00,30073.370892775332,30080.875952622762,30061.94794865566,30073.69511999908,844
2025-04-10 09:21:00+00:00,30073.421108778006,30091.3178827717,30061.918475912484,30071.967785401688,406
2025-04-10 17:21:00+00:00,30073.977163038235,30093.04999643851,30060.39036643215,30073.788371893817,708
2025-04-11 01:21:00+00:00,30075.469078294176,30092.440897262106,30064.574725057922,30075.58035402631,936
2025-04-11 09:21:00+00:00,30074.82343766016,30092.149582718455,30063.36814288025,30075.914516459987,633
2025-04-11 17:21:00+00:00,30075.07246068286,30084.266484743555,30066.78000313142,30074.29796743241,330
2025-04-12 01:21:00+00:00,30075.069103123205,30082.453551045182,30061.766698666528,30075.323652562318,316
2025-04-12 09:21:00+00:00,30075.66917445487,30093.879277202108,30060.806044126424,30074.238857533313,795
2025-04-12 17:21:00+00:00,30076.368124163644,30087.0738397372,30057.249491959374,30075.90225532426,713
2025-04-13 01:21:00+00:00,30077.419616101823,30095.53031529819,30060.140207394168,30077.317993020315,515
2025-04-13 09:21:00+00:00,30079.76227317287,30098.943989475723,30073.696891983116,30079.373735701774,984
2025-04-13 17:21:00+00:00,30077.85261713125,30084.403073861264,30061.437320362726,30078.85000374586,193
2025-04-14 01:21:00+00:00,30075.93934752452,30091.008139777507,30057.581462995484,30076.015226499236,590
2025-04-14 09:21:00+00:00,30075.372760235925,30087.59362943238,30069.609503104373,30076.026839912374,271
2025-04-14 17:21:00+00:00,30075.215725188198,30086.87015707917,30073.283137709772,30074.219206770118,359
2025-04-15 01:21:00+00:00,30075.328492751694,30090.01003626785,30065.13801932564,30076.62489626554,808
2025-04-15 09:21:00+00:00,30076.147353808927,30081.45819868085,30070.857828912438,30076.74880422497,426
2025-04-15 17:21:00+00:00,30077.408838459436,30089.704953677592,30073.172814025707,30079.4081551325,634
2025-04-16 01:21:00+00:00,30077.789770598636,30085.466438058284,30067.196201252755,30077.743441628565,518
2025-04-16 09:21:00+00:00,30077.060759203763,30088.575571664423,30068.012379885018,30076.307512803352,135
2025-04-16 17:21:00+00:00,30076.320540869605,30090.071450412466,30056.44766405457,30077.731799830137,660
2025-04-17 01:21:00+00:00,30075.91502579795,30078.02512881734,30070.179364728407,30073.46560222784,164
2025-04-17 09:21:00+00:00,30074.62259349507,30086.15819434687,30059.225675566628,30074.460540449974,715
2025-04-17 17:21:00+00:00,30075.868935510378,30081.47509616222,30059.26643923348,30077.00200672793,554
2025-04-18 01:21:00+00:00,30077.14463330012,30096.00852548924,30069.326441969053,30077.53490727997,408
2025-04-18 09:21:00+00:00,30078.070947576638,30079.588429691456,30077.359104992356,30077.75322303718,989
2025-04-18 17:21:00+00:00,30077.44507845292,30080.416590122477,30072.389628421966,30077.841596485527,923
2025-04-19 01:21:00+00:00,30079.212696389022,30081.902586034324,30061.534498032972,30079.405158692745,411
2025-04-19 09:21:00+00:00,30079.088422472247,30087.75127914907,30069.570734877205,30080.04693421037,591
2025-04-19 17:21:00+00:00,30077.92318576873,30091.848624581402,30071.64409838899,30077.870606314365,925
2025-04-20 01:21:00+00:00,30078.206830998162,30096.748215094867,30069.514118708732,30080.37573532831,877
2025-04-20 09:21:00+00:00,30076.50809398478,30078.8080876104,30065.469768598603,30077.62260229421,193
2025-04-20 17:21:00+00:00,30076.24139289291,30094.00453486743,30062.081245971734,30075.739021893605,854
2025-04-21 01:21:00+00:00,30075.99279764184,30086.67053499398,30060.39118263267,30076.917001989397,718
2025-04-21 09:21:00+00:00,30075.60401383608,30092.315469518813,30065.667724714025,30076.591914205157,944
2025-04-21 17:21:00+00:00,30074.68505415261,30081.276690947987,30067.182873810772,30074.676312193733,168
2025-04-22 01:21:00+00:00,30075.225857638234,30079.225581561368,30072.552447607246,30076.348957677157,569
2025-04-22 09:21:00+00:00,30075.207869264334,30089.31472227531,30065.03602590166,30076.004229376555,853
2025-04-22 17:21:00+00:00,30073.28922284042,30085.286910581504,30066.76491324083,30073.823706312694,247
2025-04-23 01:21:00+00:00,30074.115248829574,30075.338067341287,30066.97286963929,30073.254899065934,737
2025-04-23 09:21:00+00:00,30074.14358064769,30075.456727772696,30062.904634470025,30076.326826177297,912
2025-04-23 17:21:00+00:00,30074.186582995353,30094.111739567645,30060.19068970895,30076.062051241188,617
2025-04-24 01:21:00+00:00,30072.595561457027,30086.639073515573,30059.121460857736,30072.07565622095,952
2025-04-24 09:21:00+00:00,30073.017469058166,30082.013691294487,30069.783424675526,30072.781095186732,120
2025-04-24 17:21:00+00:00,30072.402951084445,30079.449534152416,30062.16512596528,30071.673731340925,602
2025-04-25 01:21:00+00:00,30072.83138514419,30089.370788031378,30072.159936499163,30073.815217713865,847
2025-04-25 09:21:00+00:00,30072.657288054987,30074.541639839055,30071.660021008815,30072.66338281604,177
2025-04-25 17:21:00+00:00,30071.756249549304,30072.11895914716,30056.623532455516,30070.053018766383,478
2025-04-26 01:21:00+00:00,30071.578714654865,30084.955168654113,30058.387767876153,30072.293549698483,659
2025-04-26 09:21:00+00:00,30071.274657281097,30089.057544623643,30055.385411325173,30070.160391041278,946
2025-04-26 17:21:00+00:00,30070.77462389227,30070.82404797452,30068.783396404066,30071.39007184592,771
2025-04-27 01:21:00+00:00,30069.161374953084,30069.617407435802,30060.595876749154,30068.230486248915,666
2025-04-27 09:21:00+00:00,30070.94813256597,30088.711626008542,30062.01904501017,30070.59632185924,713
2025-04-27 17:21:00+00:00,30071.29402893989,30071.925372275826,30057.985776977104,30071.00969613087,345
2025-04-28 01:21:00+00:00,30071.347842039588,30086.417191795954,30057.994157360416,30072.211112135734,652
2025-04-28 09:21:00+00:00,30071.495883952466,30075.145026735026,30054.403014397223,30069.956956128157,986
2025-04-28 17:21:00+00:00,30071.009374473462,30083.94582521474,30060.215427915347,30071.56767576465,797
2025-04-29 01:21:00+00:00,30070.499036573678,30071.065120105806,30063.39791359347,30069.97700802978,884
2025-04-29 09:21:00+00:00,30069.15624166872,30082.937806361122,30063.137826625232,30069.520183315955,312
2025-04-29 17:21:00+00:00,30069.69784524053,30075.263538771727,30054.927766729197,30071.269568653082,121
2025-04-30 01:21:00+00:00,30070.032561041964,30070.200075889,30061.63258004955,30070.372399776043,408
2025-04-30 09:21:00+00:00,30069.004148403405,30078.67394541321,30057.804643670526,30069.110755874568,697
2025-04-30 17:21:00+00:00,30067.90675837641,30085.67782045256,30059.41748037326,30068.03481326587,708
2025-05-01 01:21:00+00:00,30068.86021263662,30069.124637161796,30059.975229891905,30069.356586365946,889
2025-05-01 09:21:00+00:00,30068.27501772482,30077.20478112774,30068.027025312877,30070.004941920994,488
2025-05-01 17:21:00+00:00,30067.952649121802,30071.83483698259,30053.287835685398,30068.459042489594,148
2025-05-02 01:21:00+00:00,30069.068201436665,30078.212249335083,30059.019870781998,30068.216208720813,767
2025-05-02 09:21:00+00:00,30067.882594535924,30073.707205118753,30050.577175968207,30069.486801764782,238
2025-05-02 17:21:00+00:00,30069.461788711513,30076.21379530765,30057.781105452916,30068.617821644442,795
2025-05-03 01:21:00+00:00,30069.680724121543,30081.250756430298,30068.963612715645,30067.703204233578,450
2025-05-03 09:21:00+00:00,30069.329346697545,30073.90142082789,30057.306241301358,30068.522593146532,668
2025-05-03 17:21:00+00:00,30069.98836573043,30081.346888271983,30064.82726944124,30068.269504642743,861
2025-05-04 01:21:00+00:00,30067.72856204758,30078.875055284763,30067.471011599344,30067.63555290067,839
2025-05-04 09:21:00+00:00,30066.91018719169,30071.84304100943,30053.061216014736,30067.22423677717,154
2025-05-04 17:21:00+00:00,30066.490053665562,30073.79078303223,30065.885580201462,30067.1147122032,571
2025-05-05 01:21:00+00:00,30065.90765126043,30072.530246643775,30058.020301379085,30066.95270319085,706
2025-05-05 09:21:00+00:00,30066.021391366176,30082.36528649861,30052.44487920846,30066.92766032853,248
2025-05-05 17:21:00+00:00,30066.19863461693,30066.328876188756,30055.58406042885,30067.656405771286,761
2025-05-06 01:21:00+00:00,30066.19941439,30077.19768186651,30056.400983066047,30067.288468617287,342
2025-05-06 09:21:00+00:00,30067.179459131254,30083.46260143642,30055.43187737504,30066.91978967145,724
2025-05-06 17:21:00+00:00,30066.303352936953,30072.1620702302,30063.156854005214,30067.052256522937,939
2025-05-07 01:21:00+00:00,30066.22611528063,30070.135493620775,30050.419674811357,30067.08910976809,972
2025-05-07 09:21:00+00:00,30067.321228760455,30074.021321403485,30064.453160102286,30068.33347282515,115
2025-05-07 17:21:00+00:00,30065.92575731994,30074.864707905785,30046.4746596103,30065.95499773648,722
2025-05-08 01:21:00+00:00,30065.48964523509,30070.872682760317,30061.218215203808,30065.829000659225,962
2025-05-08 09:21:00+00:00,30064.14297534293,30065.558339853545,30052.588316523597,30063.86392493418,709
2025-05-08 17:21:00+00:00,30065.60659542206,30067.251459210074,30047.83666235091,30067.129760993426,606
2025-05-09 01:21:00+00:00,30066.005607099698,30069.44238026607,30061.82055980704,30067.613312113146,110
2025-05-09 09:21:00+00:00,30065.97364290832,30078.9481397466,30053.51535618523,30065.71503543391,597
2025-05-09 17:21:00+00:00,30065.937368880666,30069.086679050233,30063.781760144473,30065.700142940736,596
2025-05-10 01:21:00+00:00,30065.747348863275,30085.513495379717,30061.22176145225,30067.032778103858,947
