timestamp,open,high,low,close,volume
2025-05-02 21:17:05.671660,0.0,0.0,0.0,0.0,0
2025-05-02 21:18:05.671660,1.0,1.1,0.9,1.05,10
2025-05-02 21:19:05.671660,2.0,2.2,1.8,2.1,20
2025-05-02 21:20:05.671660,3.0,3.3000000000000003,2.7,3.1500000000000004,30
2025-05-02 21:21:05.671660,4.0,4.4,3.6,4.2,40
2025-05-02 21:22:05.671660,5.0,5.5,4.5,5.25,50
2025-05-02 21:23:05.671660,6.0,6.6000000000000005,5.4,6.300000000000001,60
2025-05-02 21:24:05.671660,7.0,7.700000000000001,6.3,7.3500000000000005,70
2025-05-02 21:25:05.671660,8.0,8.8,7.2,8.4,80
2025-05-02 21:26:05.671660,9.0,9.9,8.1,9.450000000000001,90
2025-05-02 21:27:05.671660,10.0,11.0,9.0,10.5,100
2025-05-02 21:28:05.671660,11.0,12.100000000000001,9.9,11.55,110
2025-05-02 21:29:05.671660,12.0,13.200000000000001,10.8,12.600000000000001,120
2025-05-02 21:30:05.671660,13.0,14.3,11.700000000000001,13.65,130
2025-05-02 21:31:05.671660,14.0,15.400000000000002,12.6,14.700000000000001,140
2025-05-02 21:32:05.671660,15.0,16.5,13.5,15.75,150
2025-05-02 21:33:05.671660,16.0,17.6,14.4,16.8,160
2025-05-02 21:34:05.671660,17.0,18.700000000000003,15.3,17.85,170
2025-05-02 21:35:05.671660,18.0,19.8,16.2,18.900000000000002,180
2025-05-02 21:36:05.671660,19.0,20.900000000000002,17.1,19.95,190
2025-05-02 21:37:05.671660,20.0,22.0,18.0,21.0,200
2025-05-02 21:38:05.671660,21.0,23.1,18.900000000000002,22.05,210
2025-05-02 21:39:05.671660,22.0,24.200000000000003,19.8,23.1,220
2025-05-02 21:40:05.671660,23.0,25.3,20.7,24.150000000000002,230
2025-05-02 21:41:05.671660,24.0,26.400000000000002,21.6,25.200000000000003,240
2025-05-02 21:42:05.671660,25.0,27.500000000000004,22.5,26.25,250
2025-05-02 21:43:05.671660,26.0,28.6,23.400000000000002,27.3,260
2025-05-02 21:44:05.671660,27.0,29.700000000000003,24.3,28.35,270
2025-05-02 21:45:05.671660,28.0,30.800000000000004,25.2,29.400000000000002,280
2025-05-02 21:46:05.671660,29.0,31.900000000000002,26.1,30.450000000000003,290
2025-05-02 21:47:05.671660,30.0,33.0,27.0,31.5,300
2025-05-02 21:48:05.671660,31.0,34.1,27.900000000000002,32.550000000000004,310
2025-05-02 21:49:05.671660,32.0,35.2,28.8,33.6,320
2025-05-02 21:50:05.671660,33.0,36.300000000000004,29.7,34.65,330
2025-05-02 21:51:05.671660,34.0,37.400000000000006,30.6,35.7,340
2025-05-02 21:52:05.671660,35.0,38.5,31.5,36.75,350
2025-05-02 21:53:05.671660,36.0,39.6,32.4,37.800000000000004,360
2025-05-02 21:54:05.671660,37.0,40.7,33.300000000000004,38.85,370
2025-05-02 21:55:05.671660,38.0,41.800000000000004,34.2,39.9,380
2025-05-02 21:56:05.671660,39.0,42.900000000000006,35.1,40.95,390
2025-05-02 21:57:05.671660,40.0,44.0,36.0,42.0,400
2025-05-02 21:58:05.671660,41.0,45.1,36.9,43.050000000000004,410
2025-05-02 21:59:05.671660,42.0,46.2,37.800000000000004,44.1,420
2025-05-02 22:00:05.671660,43.0,47.300000000000004,38.7,45.15,430
2025-05-02 22:01:05.671660,44.0,48.400000000000006,39.6,46.2,440
2025-05-02 22:02:05.671660,45.0,49.50000000000001,40.5,47.25,450
2025-05-02 22:03:05.671660,46.0,50.6,41.4,48.300000000000004,460
2025-05-02 22:04:05.671660,47.0,51.7,42.300000000000004,49.35,470
2025-05-02 22:05:05.671660,48.0,52.800000000000004,43.2,50.400000000000006,480
2025-05-02 22:06:05.671660,49.0,53.900000000000006,44.1,51.45,490
2025-05-02 22:07:05.671660,50.0,55.00000000000001,45.0,52.5,500
2025-05-02 22:08:05.671660,51.0,56.1,45.9,53.550000000000004,510
2025-05-02 22:09:05.671660,52.0,57.2,46.800000000000004,54.6,520
2025-05-02 22:10:05.671660,53.0,58.300000000000004,47.7,55.650000000000006,530
2025-05-02 22:11:05.671660,54.0,59.400000000000006,48.6,56.7,540
2025-05-02 22:12:05.671660,55.0,60.50000000000001,49.5,57.75,550
2025-05-02 22:13:05.671660,56.0,61.60000000000001,50.4,58.800000000000004,560
2025-05-02 22:14:05.671660,57.0,62.7,51.300000000000004,59.85,570
2025-05-02 22:15:05.671660,58.0,63.800000000000004,52.2,60.900000000000006,580
2025-05-02 22:16:05.671660,59.0,64.9,53.1,61.95,590
2025-05-02 22:17:05.671660,60.0,66.0,54.0,63.0,600
2025-05-02 22:18:05.671660,61.0,67.10000000000001,54.9,64.05,610
2025-05-02 22:19:05.671660,62.0,68.2,55.800000000000004,65.10000000000001,620
2025-05-02 22:20:05.671660,63.0,69.30000000000001,56.7,66.15,630
2025-05-02 22:21:05.671660,64.0,70.4,57.6,67.2,640
2025-05-02 22:22:05.671660,65.0,71.5,58.5,68.25,650
2025-05-02 22:23:05.671660,66.0,72.60000000000001,59.4,69.3,660
2025-05-02 22:24:05.671660,67.0,73.7,60.300000000000004,70.35000000000001,670
2025-05-02 22:25:05.671660,68.0,74.80000000000001,61.2,71.4,680
2025-05-02 22:26:05.671660,69.0,75.9,62.1,72.45,690
2025-05-02 22:27:05.671660,70.0,77.0,63.0,73.5,700
2025-05-02 22:28:05.671660,71.0,78.10000000000001,63.9,74.55,710
2025-05-02 22:29:05.671660,72.0,79.2,64.8,75.60000000000001,720
2025-05-02 22:30:05.671660,73.0,80.30000000000001,65.7,76.65,730
2025-05-02 22:31:05.671660,74.0,81.4,66.60000000000001,77.7,740
2025-05-02 22:32:05.671660,75.0,82.5,67.5,78.75,750
2025-05-02 22:33:05.671660,76.0,83.60000000000001,68.4,79.8,760
2025-05-02 22:34:05.671660,77.0,84.7,69.3,80.85000000000001,770
2025-05-02 22:35:05.671660,78.0,85.80000000000001,70.2,81.9,780
2025-05-02 22:36:05.671660,79.0,86.9,71.10000000000001,82.95,790
2025-05-02 22:37:05.671660,80.0,88.0,72.0,84.0,800
2025-05-02 22:38:05.671660,81.0,89.10000000000001,72.9,85.05,810
2025-05-02 22:39:05.671660,82.0,90.2,73.8,86.10000000000001,820
2025-05-02 22:40:05.671660,83.0,91.30000000000001,74.7,87.15,830
2025-05-02 22:41:05.671660,84.0,92.4,75.60000000000001,88.2,840
2025-05-02 22:42:05.671660,85.0,93.50000000000001,76.5,89.25,850
2025-05-02 22:43:05.671660,86.0,94.60000000000001,77.4,90.3,860
2025-05-02 22:44:05.671660,87.0,95.7,78.3,91.35000000000001,870
2025-05-02 22:45:05.671660,88.0,96.80000000000001,79.2,92.4,880
2025-05-02 22:46:05.671660,89.0,97.9,80.10000000000001,93.45,890
2025-05-02 22:47:05.671660,90.0,99.00000000000001,81.0,94.5,900
2025-05-02 22:48:05.671660,91.0,100.10000000000001,81.9,95.55,910
2025-05-02 22:49:05.671660,92.0,101.2,82.8,96.60000000000001,920
2025-05-02 22:50:05.671660,93.0,102.30000000000001,83.7,97.65,930
2025-05-02 22:51:05.671660,94.0,103.4,84.60000000000001,98.7,940
2025-05-02 22:52:05.671660,95.0,104.50000000000001,85.5,99.75,950
2025-05-02 22:53:05.671660,96.0,105.60000000000001,86.4,100.80000000000001,960
2025-05-02 22:54:05.671660,97.0,106.7,87.3,101.85000000000001,970
2025-05-02 22:55:05.671660,98.0,107.80000000000001,88.2,102.9,980
2025-05-02 22:56:05.671660,99.0,108.9,89.10000000000001,103.95,990
2025-05-02 22:57:05.671660,100.0,110.00000000000001,90.0,105.0,1000
2025-05-02 22:58:05.671660,101.0,111.10000000000001,90.9,106.05000000000001,1010
2025-05-02 22:59:05.671660,102.0,112.2,91.8,107.10000000000001,1020
2025-05-02 23:00:05.671660,103.0,113.30000000000001,92.7,108.15,1030
2025-05-02 23:01:05.671660,104.0,114.4,93.60000000000001,109.2,1040
2025-05-02 23:02:05.671660,105.0,115.50000000000001,94.5,110.25,1050
2025-05-02 23:03:05.671660,106.0,116.60000000000001,95.4,111.30000000000001,1060
2025-05-02 23:04:05.671660,107.0,117.7,96.3,112.35000000000001,1070
2025-05-02 23:05:05.671660,108.0,118.80000000000001,97.2,113.4,1080
2025-05-02 23:06:05.671660,109.0,119.9,98.10000000000001,114.45,1090
2025-05-02 23:07:05.671660,110.0,121.00000000000001,99.0,115.5,1100
2025-05-02 23:08:05.671660,111.0,122.10000000000001,99.9,116.55000000000001,1110
2025-05-02 23:09:05.671660,112.0,123.20000000000002,100.8,117.60000000000001,1120
2025-05-02 23:10:05.671660,113.0,124.30000000000001,101.7,118.65,1130
2025-05-02 23:11:05.671660,114.0,125.4,102.60000000000001,119.7,1140
2025-05-02 23:12:05.671660,115.0,126.50000000000001,103.5,120.75,1150
2025-05-02 23:13:05.671660,116.0,127.60000000000001,104.4,121.80000000000001,1160
2025-05-02 23:14:05.671660,117.0,128.70000000000002,105.3,122.85000000000001,1170
2025-05-02 23:15:05.671660,118.0,129.8,106.2,123.9,1180
2025-05-02 23:16:05.671660,119.0,130.9,107.10000000000001,124.95,1190
2025-05-02 23:17:05.671660,120.0,132.0,108.0,126.0,1200
2025-05-02 23:18:05.671660,121.0,133.10000000000002,108.9,127.05000000000001,1210
2025-05-02 23:19:05.671660,122.0,134.20000000000002,109.8,128.1,1220
2025-05-02 23:20:05.671660,123.0,135.3,110.7,129.15,1230
2025-05-02 23:21:05.671660,124.0,136.4,111.60000000000001,130.20000000000002,1240
2025-05-02 23:22:05.671660,125.0,137.5,112.5,131.25,1250
2025-05-02 23:23:05.671660,126.0,138.60000000000002,113.4,132.3,1260
2025-05-02 23:24:05.671660,127.0,139.70000000000002,114.3,133.35,1270
2025-05-02 23:25:05.671660,128.0,140.8,115.2,134.4,1280
2025-05-02 23:26:05.671660,129.0,141.9,116.10000000000001,135.45000000000002,1290
2025-05-02 23:27:05.671660,130.0,143.0,117.0,136.5,1300
2025-05-02 23:28:05.671660,131.0,144.10000000000002,117.9,137.55,1310
2025-05-02 23:29:05.671660,132.0,145.20000000000002,118.8,138.6,1320
2025-05-02 23:30:05.671660,133.0,146.3,119.7,139.65,1330
2025-05-02 23:31:05.671660,134.0,147.4,120.60000000000001,140.70000000000002,1340
2025-05-02 23:32:05.671660,135.0,148.5,121.5,141.75,1350
2025-05-02 23:33:05.671660,136.0,149.60000000000002,122.4,142.8,1360
2025-05-02 23:34:05.671660,137.0,150.70000000000002,123.3,143.85,1370
2025-05-02 23:35:05.671660,138.0,151.8,124.2,144.9,1380
2025-05-02 23:36:05.671660,139.0,152.9,125.10000000000001,145.95000000000002,1390
2025-05-02 23:37:05.671660,140.0,154.0,126.0,147.0,1400
2025-05-02 23:38:05.671660,141.0,155.10000000000002,126.9,148.05,1410
2025-05-02 23:39:05.671660,142.0,156.20000000000002,127.8,149.1,1420
2025-05-02 23:40:05.671660,143.0,157.3,128.70000000000002,150.15,1430
2025-05-02 23:41:05.671660,144.0,158.4,129.6,151.20000000000002,1440
2025-05-02 23:42:05.671660,145.0,159.5,130.5,152.25,1450
2025-05-02 23:43:05.671660,146.0,160.60000000000002,131.4,153.3,1460
2025-05-02 23:44:05.671660,147.0,161.70000000000002,132.3,154.35,1470
2025-05-02 23:45:05.671660,148.0,162.8,133.20000000000002,155.4,1480
2025-05-02 23:46:05.671660,149.0,163.9,134.1,156.45000000000002,1490
2025-05-02 23:47:05.671660,150.0,165.0,135.0,157.5,1500
2025-05-02 23:48:05.671660,151.0,166.10000000000002,135.9,158.55,1510
2025-05-02 23:49:05.671660,152.0,167.20000000000002,136.8,159.6,1520
2025-05-02 23:50:05.671660,153.0,168.3,137.70000000000002,160.65,1530
2025-05-02 23:51:05.671660,154.0,169.4,138.6,161.70000000000002,1540
2025-05-02 23:52:05.671660,155.0,170.5,139.5,162.75,1550
2025-05-02 23:53:05.671660,156.0,171.60000000000002,140.4,163.8,1560
2025-05-02 23:54:05.671660,157.0,172.70000000000002,141.3,164.85,1570
2025-05-02 23:55:05.671660,158.0,173.8,142.20000000000002,165.9,1580
2025-05-02 23:56:05.671660,159.0,174.9,143.1,166.95000000000002,1590
2025-05-02 23:57:05.671660,160.0,176.0,144.0,168.0,1600
2025-05-02 23:58:05.671660,161.0,177.10000000000002,144.9,169.05,1610
2025-05-02 23:59:05.671660,162.0,178.20000000000002,145.8,170.1,1620
2025-05-03 00:00:05.671660,163.0,179.3,146.70000000000002,171.15,1630
2025-05-03 00:01:05.671660,164.0,180.4,147.6,172.20000000000002,1640
2025-05-03 00:02:05.671660,165.0,181.50000000000003,148.5,173.25,1650
2025-05-03 00:03:05.671660,166.0,182.60000000000002,149.4,174.3,1660
2025-05-03 00:04:05.671660,167.0,183.70000000000002,150.3,175.35,1670
2025-05-03 00:05:05.671660,168.0,184.8,151.20000000000002,176.4,1680
2025-05-03 00:06:05.671660,169.0,185.9,152.1,177.45000000000002,1690
2025-05-03 00:07:05.671660,170.0,187.00000000000003,153.0,178.5,1700
2025-05-03 00:08:05.671660,171.0,188.10000000000002,153.9,179.55,1710
2025-05-03 00:09:05.671660,172.0,189.20000000000002,154.8,180.6,1720
2025-05-03 00:10:05.671660,173.0,190.3,155.70000000000002,181.65,1730
2025-05-03 00:11:05.671660,174.0,191.4,156.6,182.70000000000002,1740
2025-05-03 00:12:05.671660,175.0,192.50000000000003,157.5,183.75,1750
2025-05-03 00:13:05.671660,176.0,193.60000000000002,158.4,184.8,1760
2025-05-03 00:14:05.671660,177.0,194.70000000000002,159.3,185.85,1770
2025-05-03 00:15:05.671660,178.0,195.8,160.20000000000002,186.9,1780
2025-05-03 00:16:05.671660,179.0,196.9,161.1,187.95000000000002,1790
2025-05-03 00:17:05.671660,180.0,198.00000000000003,162.0,189.0,1800
2025-05-03 00:18:05.671660,181.0,199.10000000000002,162.9,190.05,1810
2025-05-03 00:19:05.671660,182.0,200.20000000000002,163.8,191.1,1820
2025-05-03 00:20:05.671660,183.0,201.3,164.70000000000002,192.15,1830
2025-05-03 00:21:05.671660,184.0,202.4,165.6,193.20000000000002,1840
2025-05-03 00:22:05.671660,185.0,203.50000000000003,166.5,194.25,1850
2025-05-03 00:23:05.671660,186.0,204.60000000000002,167.4,195.3,1860
2025-05-03 00:24:05.671660,187.0,205.70000000000002,168.3,196.35,1870
2025-05-03 00:25:05.671660,188.0,206.8,169.20000000000002,197.4,1880
2025-05-03 00:26:05.671660,189.0,207.9,170.1,198.45000000000002,1890
2025-05-03 00:27:05.671660,190.0,209.00000000000003,171.0,199.5,1900
2025-05-03 00:28:05.671660,191.0,210.10000000000002,171.9,200.55,1910
2025-05-03 00:29:05.671660,192.0,211.20000000000002,172.8,201.60000000000002,1920
2025-05-03 00:30:05.671660,193.0,212.3,173.70000000000002,202.65,1930
2025-05-03 00:31:05.671660,194.0,213.4,174.6,203.70000000000002,1940
2025-05-03 00:32:05.671660,195.0,214.50000000000003,175.5,204.75,1950
2025-05-03 00:33:05.671660,196.0,215.60000000000002,176.4,205.8,1960
2025-05-03 00:34:05.671660,197.0,216.70000000000002,177.3,206.85000000000002,1970
2025-05-03 00:35:05.671660,198.0,217.8,178.20000000000002,207.9,1980
2025-05-03 00:36:05.671660,199.0,218.9,179.1,208.95000000000002,1990
2025-05-03 00:37:05.671660,200.0,220.00000000000003,180.0,210.0,2000
2025-05-03 00:38:05.671660,201.0,221.10000000000002,180.9,211.05,2010
2025-05-03 00:39:05.671660,202.0,222.20000000000002,181.8,212.10000000000002,2020
2025-05-03 00:40:05.671660,203.0,223.3,182.70000000000002,213.15,2030
2025-05-03 00:41:05.671660,204.0,224.4,183.6,214.20000000000002,2040
2025-05-03 00:42:05.671660,205.0,225.50000000000003,184.5,215.25,2050
2025-05-03 00:43:05.671660,206.0,226.60000000000002,185.4,216.3,2060
2025-05-03 00:44:05.671660,207.0,227.70000000000002,186.3,217.35000000000002,2070
2025-05-03 00:45:05.671660,208.0,228.8,187.20000000000002,218.4,2080
2025-05-03 00:46:05.671660,209.0,229.9,188.1,219.45000000000002,2090
2025-05-03 00:47:05.671660,210.0,231.00000000000003,189.0,220.5,2100
2025-05-03 00:48:05.671660,211.0,232.10000000000002,189.9,221.55,2110
2025-05-03 00:49:05.671660,212.0,233.20000000000002,190.8,222.60000000000002,2120
2025-05-03 00:50:05.671660,213.0,234.3,191.70000000000002,223.65,2130
2025-05-03 00:51:05.671660,214.0,235.4,192.6,224.70000000000002,2140
2025-05-03 00:52:05.671660,215.0,236.50000000000003,193.5,225.75,2150
2025-05-03 00:53:05.671660,216.0,237.60000000000002,194.4,226.8,2160
2025-05-03 00:54:05.671660,217.0,238.70000000000002,195.3,227.85000000000002,2170
2025-05-03 00:55:05.671660,218.0,239.8,196.20000000000002,228.9,2180
2025-05-03 00:56:05.671660,219.0,240.9,197.1,229.95000000000002,2190
2025-05-03 00:57:05.671660,220.0,242.00000000000003,198.0,231.0,2200
2025-05-03 00:58:05.671660,221.0,243.10000000000002,198.9,232.05,2210
2025-05-03 00:59:05.671660,222.0,244.20000000000002,199.8,233.10000000000002,2220
2025-05-03 01:00:05.671660,223.0,245.3,200.70000000000002,234.15,2230
2025-05-03 01:01:05.671660,224.0,246.40000000000003,201.6,235.20000000000002,2240
2025-05-03 01:02:05.671660,225.0,247.50000000000003,202.5,236.25,2250
2025-05-03 01:03:05.671660,226.0,248.60000000000002,203.4,237.3,2260
2025-05-03 01:04:05.671660,227.0,249.70000000000002,204.3,238.35000000000002,2270
2025-05-03 01:05:05.671660,228.0,250.8,205.20000000000002,239.4,2280
2025-05-03 01:06:05.671660,229.0,251.90000000000003,206.1,240.45000000000002,2290
2025-05-03 01:07:05.671660,230.0,253.00000000000003,207.0,241.5,2300
2025-05-03 01:08:05.671660,231.0,254.10000000000002,207.9,242.55,2310
2025-05-03 01:09:05.671660,232.0,255.20000000000002,208.8,243.60000000000002,2320
2025-05-03 01:10:05.671660,233.0,256.3,209.70000000000002,244.65,2330
2025-05-03 01:11:05.671660,234.0,257.40000000000003,210.6,245.70000000000002,2340
2025-05-03 01:12:05.671660,235.0,258.5,211.5,246.75,2350
2025-05-03 01:13:05.671660,236.0,259.6,212.4,247.8,2360
2025-05-03 01:14:05.671660,237.0,260.70000000000005,213.3,248.85000000000002,2370
2025-05-03 01:15:05.671660,238.0,261.8,214.20000000000002,249.9,2380
2025-05-03 01:16:05.671660,239.0,262.90000000000003,215.1,250.95000000000002,2390
2025-05-03 01:17:05.671660,240.0,264.0,216.0,252.0,2400
2025-05-03 01:18:05.671660,241.0,265.1,216.9,253.05,2410
2025-05-03 01:19:05.671660,242.0,266.20000000000005,217.8,254.10000000000002,2420
2025-05-03 01:20:05.671660,243.0,267.3,218.70000000000002,255.15,2430
2025-05-03 01:21:05.671660,244.0,268.40000000000003,219.6,256.2,2440
2025-05-03 01:22:05.671660,245.0,269.5,220.5,257.25,2450
2025-05-03 01:23:05.671660,246.0,270.6,221.4,258.3,2460
2025-05-03 01:24:05.671660,247.0,271.70000000000005,222.3,259.35,2470
2025-05-03 01:25:05.671660,248.0,272.8,223.20000000000002,260.40000000000003,2480
2025-05-03 01:26:05.671660,249.0,273.90000000000003,224.1,261.45,2490
2025-05-03 01:27:05.671660,250.0,275.0,225.0,262.5,2500
2025-05-03 01:28:05.671660,251.0,276.1,225.9,263.55,2510
2025-05-03 01:29:05.671660,252.0,277.20000000000005,226.8,264.6,2520
2025-05-03 01:30:05.671660,253.0,278.3,227.70000000000002,265.65000000000003,2530
2025-05-03 01:31:05.671660,254.0,279.40000000000003,228.6,266.7,2540
2025-05-03 01:32:05.671660,255.0,280.5,229.5,267.75,2550
2025-05-03 01:33:05.671660,256.0,281.6,230.4,268.8,2560
2025-05-03 01:34:05.671660,257.0,282.70000000000005,231.3,269.85,2570
2025-05-03 01:35:05.671660,258.0,283.8,232.20000000000002,270.90000000000003,2580
2025-05-03 01:36:05.671660,259.0,284.90000000000003,233.1,271.95,2590
2025-05-03 01:37:05.671660,260.0,286.0,234.0,273.0,2600
2025-05-03 01:38:05.671660,261.0,287.1,234.9,274.05,2610
2025-05-03 01:39:05.671660,262.0,288.20000000000005,235.8,275.1,2620
2025-05-03 01:40:05.671660,263.0,289.3,236.70000000000002,276.15000000000003,2630
2025-05-03 01:41:05.671660,264.0,290.40000000000003,237.6,277.2,2640
2025-05-03 01:42:05.671660,265.0,291.5,238.5,278.25,2650
2025-05-03 01:43:05.671660,266.0,292.6,239.4,279.3,2660
2025-05-03 01:44:05.671660,267.0,293.70000000000005,240.3,280.35,2670
2025-05-03 01:45:05.671660,268.0,294.8,241.20000000000002,281.40000000000003,2680
2025-05-03 01:46:05.671660,269.0,295.90000000000003,242.1,282.45,2690
2025-05-03 01:47:05.671660,270.0,297.0,243.0,283.5,2700
2025-05-03 01:48:05.671660,271.0,298.1,243.9,284.55,2710
2025-05-03 01:49:05.671660,272.0,299.20000000000005,244.8,285.6,2720
2025-05-03 01:50:05.671660,273.0,300.3,245.70000000000002,286.65000000000003,2730
2025-05-03 01:51:05.671660,274.0,301.40000000000003,246.6,287.7,2740
2025-05-03 01:52:05.671660,275.0,302.5,247.5,288.75,2750
2025-05-03 01:53:05.671660,276.0,303.6,248.4,289.8,2760
2025-05-03 01:54:05.671660,277.0,304.70000000000005,249.3,290.85,2770
2025-05-03 01:55:05.671660,278.0,305.8,250.20000000000002,291.90000000000003,2780
2025-05-03 01:56:05.671660,279.0,306.90000000000003,251.1,292.95,2790
2025-05-03 01:57:05.671660,280.0,308.0,252.0,294.0,2800
2025-05-03 01:58:05.671660,281.0,309.1,252.9,295.05,2810
2025-05-03 01:59:05.671660,282.0,310.20000000000005,253.8,296.1,2820
2025-05-03 02:00:05.671660,283.0,311.3,254.70000000000002,297.15000000000003,2830
2025-05-03 02:01:05.671660,284.0,312.40000000000003,255.6,298.2,2840
2025-05-03 02:02:05.671660,285.0,313.5,256.5,299.25,2850
2025-05-03 02:03:05.671660,286.0,314.6,257.40000000000003,300.3,2860
2025-05-03 02:04:05.671660,287.0,315.70000000000005,258.3,301.35,2870
2025-05-03 02:05:05.671660,288.0,316.8,259.2,302.40000000000003,2880
2025-05-03 02:06:05.671660,289.0,317.90000000000003,260.1,303.45,2890
2025-05-03 02:07:05.671660,290.0,319.0,261.0,304.5,2900
2025-05-03 02:08:05.671660,291.0,320.1,261.90000000000003,305.55,2910
2025-05-03 02:09:05.671660,292.0,321.20000000000005,262.8,306.6,2920
2025-05-03 02:10:05.671660,293.0,322.3,263.7,307.65000000000003,2930
2025-05-03 02:11:05.671660,294.0,323.40000000000003,264.6,308.7,2940
2025-05-03 02:12:05.671660,295.0,324.5,265.5,309.75,2950
2025-05-03 02:13:05.671660,296.0,325.6,266.40000000000003,310.8,2960
2025-05-03 02:14:05.671660,297.0,326.70000000000005,267.3,311.85,2970
2025-05-03 02:15:05.671660,298.0,327.8,268.2,312.90000000000003,2980
2025-05-03 02:16:05.671660,299.0,328.90000000000003,269.1,313.95,2990
2025-05-03 02:17:05.671660,300.0,330.0,270.0,315.0,3000
2025-05-03 02:18:05.671660,301.0,331.1,270.90000000000003,316.05,3010
2025-05-03 02:19:05.671660,302.0,332.20000000000005,271.8,317.1,3020
2025-05-03 02:20:05.671660,303.0,333.3,272.7,318.15000000000003,3030
2025-05-03 02:21:05.671660,304.0,334.40000000000003,273.6,319.2,3040
2025-05-03 02:22:05.671660,305.0,335.5,274.5,320.25,3050
2025-05-03 02:23:05.671660,306.0,336.6,275.40000000000003,321.3,3060
2025-05-03 02:24:05.671660,307.0,337.70000000000005,276.3,322.35,3070
2025-05-03 02:25:05.671660,308.0,338.8,277.2,323.40000000000003,3080
2025-05-03 02:26:05.671660,309.0,339.90000000000003,278.1,324.45,3090
2025-05-03 02:27:05.671660,310.0,341.0,279.0,325.5,3100
2025-05-03 02:28:05.671660,311.0,342.1,279.90000000000003,326.55,3110
2025-05-03 02:29:05.671660,312.0,343.20000000000005,280.8,327.6,3120
2025-05-03 02:30:05.671660,313.0,344.3,281.7,328.65000000000003,3130
2025-05-03 02:31:05.671660,314.0,345.40000000000003,282.6,329.7,3140
2025-05-03 02:32:05.671660,315.0,346.5,283.5,330.75,3150
2025-05-03 02:33:05.671660,316.0,347.6,284.40000000000003,331.8,3160
2025-05-03 02:34:05.671660,317.0,348.70000000000005,285.3,332.85,3170
2025-05-03 02:35:05.671660,318.0,349.8,286.2,333.90000000000003,3180
2025-05-03 02:36:05.671660,319.0,350.90000000000003,287.1,334.95,3190
2025-05-03 02:37:05.671660,320.0,352.0,288.0,336.0,3200
2025-05-03 02:38:05.671660,321.0,353.1,288.90000000000003,337.05,3210
2025-05-03 02:39:05.671660,322.0,354.20000000000005,289.8,338.1,3220
2025-05-03 02:40:05.671660,323.0,355.3,290.7,339.15000000000003,3230
2025-05-03 02:41:05.671660,324.0,356.40000000000003,291.6,340.2,3240
2025-05-03 02:42:05.671660,325.0,357.50000000000006,292.5,341.25,3250
2025-05-03 02:43:05.671660,326.0,358.6,293.40000000000003,342.3,3260
2025-05-03 02:44:05.671660,327.0,359.70000000000005,294.3,343.35,3270
2025-05-03 02:45:05.671660,328.0,360.8,295.2,344.40000000000003,3280
2025-05-03 02:46:05.671660,329.0,361.90000000000003,296.1,345.45,3290
2025-05-03 02:47:05.671660,330.0,363.00000000000006,297.0,346.5,3300
2025-05-03 02:48:05.671660,331.0,364.1,297.90000000000003,347.55,3310
2025-05-03 02:49:05.671660,332.0,365.20000000000005,298.8,348.6,3320
2025-05-03 02:50:05.671660,333.0,366.3,299.7,349.65000000000003,3330
2025-05-03 02:51:05.671660,334.0,367.40000000000003,300.6,350.7,3340
2025-05-03 02:52:05.671660,335.0,368.50000000000006,301.5,351.75,3350
2025-05-03 02:53:05.671660,336.0,369.6,302.40000000000003,352.8,3360
2025-05-03 02:54:05.671660,337.0,370.70000000000005,303.3,353.85,3370
2025-05-03 02:55:05.671660,338.0,371.8,304.2,354.90000000000003,3380
2025-05-03 02:56:05.671660,339.0,372.90000000000003,305.1,355.95,3390
2025-05-03 02:57:05.671660,340.0,374.00000000000006,306.0,357.0,3400
2025-05-03 02:58:05.671660,341.0,375.1,306.90000000000003,358.05,3410
2025-05-03 02:59:05.671660,342.0,376.20000000000005,307.8,359.1,3420
2025-05-03 03:00:05.671660,343.0,377.3,308.7,360.15000000000003,3430
2025-05-03 03:01:05.671660,344.0,378.40000000000003,309.6,361.2,3440
2025-05-03 03:02:05.671660,345.0,379.50000000000006,310.5,362.25,3450
2025-05-03 03:03:05.671660,346.0,380.6,311.40000000000003,363.3,3460
2025-05-03 03:04:05.671660,347.0,381.70000000000005,312.3,364.35,3470
2025-05-03 03:05:05.671660,348.0,382.8,313.2,365.40000000000003,3480
2025-05-03 03:06:05.671660,349.0,383.90000000000003,314.1,366.45,3490
2025-05-03 03:07:05.671660,350.0,385.00000000000006,315.0,367.5,3500
2025-05-03 03:08:05.671660,351.0,386.1,315.90000000000003,368.55,3510
2025-05-03 03:09:05.671660,352.0,387.20000000000005,316.8,369.6,3520
2025-05-03 03:10:05.671660,353.0,388.3,317.7,370.65000000000003,3530
2025-05-03 03:11:05.671660,354.0,389.40000000000003,318.6,371.7,3540
2025-05-03 03:12:05.671660,355.0,390.50000000000006,319.5,372.75,3550
2025-05-03 03:13:05.671660,356.0,391.6,320.40000000000003,373.8,3560
2025-05-03 03:14:05.671660,357.0,392.70000000000005,321.3,374.85,3570
2025-05-03 03:15:05.671660,358.0,393.8,322.2,375.90000000000003,3580
2025-05-03 03:16:05.671660,359.0,394.90000000000003,323.1,376.95,3590
2025-05-03 03:17:05.671660,360.0,396.00000000000006,324.0,378.0,3600
2025-05-03 03:18:05.671660,361.0,397.1,324.90000000000003,379.05,3610
2025-05-03 03:19:05.671660,362.0,398.20000000000005,325.8,380.1,3620
2025-05-03 03:20:05.671660,363.0,399.3,326.7,381.15000000000003,3630
2025-05-03 03:21:05.671660,364.0,400.40000000000003,327.6,382.2,3640
2025-05-03 03:22:05.671660,365.0,401.50000000000006,328.5,383.25,3650
2025-05-03 03:23:05.671660,366.0,402.6,329.40000000000003,384.3,3660
2025-05-03 03:24:05.671660,367.0,403.70000000000005,330.3,385.35,3670
2025-05-03 03:25:05.671660,368.0,404.8,331.2,386.40000000000003,3680
2025-05-03 03:26:05.671660,369.0,405.90000000000003,332.1,387.45,3690
2025-05-03 03:27:05.671660,370.0,407.00000000000006,333.0,388.5,3700
2025-05-03 03:28:05.671660,371.0,408.1,333.90000000000003,389.55,3710
2025-05-03 03:29:05.671660,372.0,409.20000000000005,334.8,390.6,3720
2025-05-03 03:30:05.671660,373.0,410.3,335.7,391.65000000000003,3730
2025-05-03 03:31:05.671660,374.0,411.40000000000003,336.6,392.7,3740
2025-05-03 03:32:05.671660,375.0,412.50000000000006,337.5,393.75,3750
2025-05-03 03:33:05.671660,376.0,413.6,338.40000000000003,394.8,3760
2025-05-03 03:34:05.671660,377.0,414.70000000000005,339.3,395.85,3770
2025-05-03 03:35:05.671660,378.0,415.8,340.2,396.90000000000003,3780
2025-05-03 03:36:05.671660,379.0,416.90000000000003,341.1,397.95,3790
2025-05-03 03:37:05.671660,380.0,418.00000000000006,342.0,399.0,3800
2025-05-03 03:38:05.671660,381.0,419.1,342.90000000000003,400.05,3810
2025-05-03 03:39:05.671660,382.0,420.20000000000005,343.8,401.1,3820
2025-05-03 03:40:05.671660,383.0,421.3,344.7,402.15000000000003,3830
2025-05-03 03:41:05.671660,384.0,422.40000000000003,345.6,403.20000000000005,3840
2025-05-03 03:42:05.671660,385.0,423.50000000000006,346.5,404.25,3850
2025-05-03 03:43:05.671660,386.0,424.6,347.40000000000003,405.3,3860
2025-05-03 03:44:05.671660,387.0,425.70000000000005,348.3,406.35,3870
2025-05-03 03:45:05.671660,388.0,426.8,349.2,407.40000000000003,3880
2025-05-03 03:46:05.671660,389.0,427.90000000000003,350.1,408.45000000000005,3890
2025-05-03 03:47:05.671660,390.0,429.00000000000006,351.0,409.5,3900
2025-05-03 03:48:05.671660,391.0,430.1,351.90000000000003,410.55,3910
2025-05-03 03:49:05.671660,392.0,431.20000000000005,352.8,411.6,3920
2025-05-03 03:50:05.671660,393.0,432.3,353.7,412.65000000000003,3930
2025-05-03 03:51:05.671660,394.0,433.40000000000003,354.6,413.70000000000005,3940
2025-05-03 03:52:05.671660,395.0,434.50000000000006,355.5,414.75,3950
2025-05-03 03:53:05.671660,396.0,435.6,356.40000000000003,415.8,3960
2025-05-03 03:54:05.671660,397.0,436.70000000000005,357.3,416.85,3970
2025-05-03 03:55:05.671660,398.0,437.8,358.2,417.90000000000003,3980
2025-05-03 03:56:05.671660,399.0,438.90000000000003,359.1,418.95000000000005,3990
2025-05-03 03:57:05.671660,400.0,440.00000000000006,360.0,420.0,4000
2025-05-03 03:58:05.671660,401.0,441.1,360.90000000000003,421.05,4010
2025-05-03 03:59:05.671660,402.0,442.20000000000005,361.8,422.1,4020
2025-05-03 04:00:05.671660,403.0,443.3,362.7,423.15000000000003,4030
2025-05-03 04:01:05.671660,404.0,444.40000000000003,363.6,424.20000000000005,4040
2025-05-03 04:02:05.671660,405.0,445.50000000000006,364.5,425.25,4050
2025-05-03 04:03:05.671660,406.0,446.6,365.40000000000003,426.3,4060
2025-05-03 04:04:05.671660,407.0,447.70000000000005,366.3,427.35,4070
2025-05-03 04:05:05.671660,408.0,448.8,367.2,428.40000000000003,4080
2025-05-03 04:06:05.671660,409.0,449.90000000000003,368.1,429.45000000000005,4090
2025-05-03 04:07:05.671660,410.0,451.00000000000006,369.0,430.5,4100
2025-05-03 04:08:05.671660,411.0,452.1,369.90000000000003,431.55,4110
2025-05-03 04:09:05.671660,412.0,453.20000000000005,370.8,432.6,4120
2025-05-03 04:10:05.671660,413.0,454.3,371.7,433.65000000000003,4130
2025-05-03 04:11:05.671660,414.0,455.40000000000003,372.6,434.70000000000005,4140
2025-05-03 04:12:05.671660,415.0,456.50000000000006,373.5,435.75,4150
2025-05-03 04:13:05.671660,416.0,457.6,374.40000000000003,436.8,4160
2025-05-03 04:14:05.671660,417.0,458.70000000000005,375.3,437.85,4170
2025-05-03 04:15:05.671660,418.0,459.8,376.2,438.90000000000003,4180
2025-05-03 04:16:05.671660,419.0,460.90000000000003,377.1,439.95000000000005,4190
2025-05-03 04:17:05.671660,420.0,462.00000000000006,378.0,441.0,4200
2025-05-03 04:18:05.671660,421.0,463.1,378.90000000000003,442.05,4210
2025-05-03 04:19:05.671660,422.0,464.20000000000005,379.8,443.1,4220
2025-05-03 04:20:05.671660,423.0,465.3,380.7,444.15000000000003,4230
2025-05-03 04:21:05.671660,424.0,466.40000000000003,381.6,445.20000000000005,4240
2025-05-03 04:22:05.671660,425.0,467.50000000000006,382.5,446.25,4250
2025-05-03 04:23:05.671660,426.0,468.6,383.40000000000003,447.3,4260
2025-05-03 04:24:05.671660,427.0,469.70000000000005,384.3,448.35,4270
2025-05-03 04:25:05.671660,428.0,470.8,385.2,449.40000000000003,4280
2025-05-03 04:26:05.671660,429.0,471.90000000000003,386.1,450.45000000000005,4290
2025-05-03 04:27:05.671660,430.0,473.00000000000006,387.0,451.5,4300
2025-05-03 04:28:05.671660,431.0,474.1,387.90000000000003,452.55,4310
2025-05-03 04:29:05.671660,432.0,475.20000000000005,388.8,453.6,4320
2025-05-03 04:30:05.671660,433.0,476.3,389.7,454.65000000000003,4330
2025-05-03 04:31:05.671660,434.0,477.40000000000003,390.6,455.70000000000005,4340
2025-05-03 04:32:05.671660,435.0,478.50000000000006,391.5,456.75,4350
2025-05-03 04:33:05.671660,436.0,479.6,392.40000000000003,457.8,4360
2025-05-03 04:34:05.671660,437.0,480.70000000000005,393.3,458.85,4370
2025-05-03 04:35:05.671660,438.0,481.8,394.2,459.90000000000003,4380
2025-05-03 04:36:05.671660,439.0,482.90000000000003,395.1,460.95000000000005,4390
2025-05-03 04:37:05.671660,440.0,484.00000000000006,396.0,462.0,4400
2025-05-03 04:38:05.671660,441.0,485.1,396.90000000000003,463.05,4410
2025-05-03 04:39:05.671660,442.0,486.20000000000005,397.8,464.1,4420
2025-05-03 04:40:05.671660,443.0,487.3,398.7,465.15000000000003,4430
2025-05-03 04:41:05.671660,444.0,488.40000000000003,399.6,466.20000000000005,4440
2025-05-03 04:42:05.671660,445.0,489.50000000000006,400.5,467.25,4450
2025-05-03 04:43:05.671660,446.0,490.6,401.40000000000003,468.3,4460
2025-05-03 04:44:05.671660,447.0,491.70000000000005,402.3,469.35,4470
2025-05-03 04:45:05.671660,448.0,492.80000000000007,403.2,470.40000000000003,4480
2025-05-03 04:46:05.671660,449.0,493.90000000000003,404.1,471.45000000000005,4490
2025-05-03 04:47:05.671660,450.0,495.00000000000006,405.0,472.5,4500
2025-05-03 04:48:05.671660,451.0,496.1,405.90000000000003,473.55,4510
2025-05-03 04:49:05.671660,452.0,497.20000000000005,406.8,474.6,4520
2025-05-03 04:50:05.671660,453.0,498.30000000000007,407.7,475.65000000000003,4530
2025-05-03 04:51:05.671660,454.0,499.40000000000003,408.6,476.70000000000005,4540
2025-05-03 04:52:05.671660,455.0,500.50000000000006,409.5,477.75,4550
2025-05-03 04:53:05.671660,456.0,501.6,410.40000000000003,478.8,4560
2025-05-03 04:54:05.671660,457.0,502.70000000000005,411.3,479.85,4570
2025-05-03 04:55:05.671660,458.0,503.80000000000007,412.2,480.90000000000003,4580
2025-05-03 04:56:05.671660,459.0,504.90000000000003,413.1,481.95000000000005,4590
2025-05-03 04:57:05.671660,460.0,506.00000000000006,414.0,483.0,4600
2025-05-03 04:58:05.671660,461.0,507.1,414.90000000000003,484.05,4610
2025-05-03 04:59:05.671660,462.0,508.20000000000005,415.8,485.1,4620
2025-05-03 05:00:05.671660,463.0,509.30000000000007,416.7,486.15000000000003,4630
2025-05-03 05:01:05.671660,464.0,510.40000000000003,417.6,487.20000000000005,4640
2025-05-03 05:02:05.671660,465.0,511.50000000000006,418.5,488.25,4650
2025-05-03 05:03:05.671660,466.0,512.6,419.40000000000003,489.3,4660
2025-05-03 05:04:05.671660,467.0,513.7,420.3,490.35,4670
2025-05-03 05:05:05.671660,468.0,514.8000000000001,421.2,491.40000000000003,4680
2025-05-03 05:06:05.671660,469.0,515.9000000000001,422.1,492.45000000000005,4690
2025-05-03 05:07:05.671660,470.0,517.0,423.0,493.5,4700
2025-05-03 05:08:05.671660,471.0,518.1,423.90000000000003,494.55,4710
2025-05-03 05:09:05.671660,472.0,519.2,424.8,495.6,4720
2025-05-03 05:10:05.671660,473.0,520.3000000000001,425.7,496.65000000000003,4730
2025-05-03 05:11:05.671660,474.0,521.4000000000001,426.6,497.70000000000005,4740
2025-05-03 05:12:05.671660,475.0,522.5,427.5,498.75,4750
2025-05-03 05:13:05.671660,476.0,523.6,428.40000000000003,499.8,4760
2025-05-03 05:14:05.671660,477.0,524.7,429.3,500.85,4770
2025-05-03 05:15:05.671660,478.0,525.8000000000001,430.2,501.90000000000003,4780
2025-05-03 05:16:05.671660,479.0,526.9000000000001,431.1,502.95000000000005,4790
2025-05-03 05:17:05.671660,480.0,528.0,432.0,504.0,4800
2025-05-03 05:18:05.671660,481.0,529.1,432.90000000000003,505.05,4810
2025-05-03 05:19:05.671660,482.0,530.2,433.8,506.1,4820
2025-05-03 05:20:05.671660,483.0,531.3000000000001,434.7,507.15000000000003,4830
2025-05-03 05:21:05.671660,484.0,532.4000000000001,435.6,508.20000000000005,4840
2025-05-03 05:22:05.671660,485.0,533.5,436.5,509.25,4850
2025-05-03 05:23:05.671660,486.0,534.6,437.40000000000003,510.3,4860
2025-05-03 05:24:05.671660,487.0,535.7,438.3,511.35,4870
2025-05-03 05:25:05.671660,488.0,536.8000000000001,439.2,512.4,4880
2025-05-03 05:26:05.671660,489.0,537.9000000000001,440.1,513.45,4890
2025-05-03 05:27:05.671660,490.0,539.0,441.0,514.5,4900
2025-05-03 05:28:05.671660,491.0,540.1,441.90000000000003,515.5500000000001,4910
2025-05-03 05:29:05.671660,492.0,541.2,442.8,516.6,4920
2025-05-03 05:30:05.671660,493.0,542.3000000000001,443.7,517.65,4930
2025-05-03 05:31:05.671660,494.0,543.4000000000001,444.6,518.7,4940
2025-05-03 05:32:05.671660,495.0,544.5,445.5,519.75,4950
2025-05-03 05:33:05.671660,496.0,545.6,446.40000000000003,520.8000000000001,4960
2025-05-03 05:34:05.671660,497.0,546.7,447.3,521.85,4970
2025-05-03 05:35:05.671660,498.0,547.8000000000001,448.2,522.9,4980
2025-05-03 05:36:05.671660,499.0,548.9000000000001,449.1,523.95,4990
2025-05-03 05:37:05.671660,500.0,550.0,450.0,525.0,5000
2025-05-03 05:38:05.671660,501.0,551.1,450.90000000000003,526.0500000000001,5010
2025-05-03 05:39:05.671660,502.0,552.2,451.8,527.1,5020
2025-05-03 05:40:05.671660,503.0,553.3000000000001,452.7,528.15,5030
2025-05-03 05:41:05.671660,504.0,554.4000000000001,453.6,529.2,5040
2025-05-03 05:42:05.671660,505.0,555.5,454.5,530.25,5050
2025-05-03 05:43:05.671660,506.0,556.6,455.40000000000003,531.3000000000001,5060
2025-05-03 05:44:05.671660,507.0,557.7,456.3,532.35,5070
2025-05-03 05:45:05.671660,508.0,558.8000000000001,457.2,533.4,5080
2025-05-03 05:46:05.671660,509.0,559.9000000000001,458.1,534.45,5090
2025-05-03 05:47:05.671660,510.0,561.0,459.0,535.5,5100
2025-05-03 05:48:05.671660,511.0,562.1,459.90000000000003,536.5500000000001,5110
2025-05-03 05:49:05.671660,512.0,563.2,460.8,537.6,5120
2025-05-03 05:50:05.671660,513.0,564.3000000000001,461.7,538.65,5130
2025-05-03 05:51:05.671660,514.0,565.4000000000001,462.6,539.7,5140
2025-05-03 05:52:05.671660,515.0,566.5,463.5,540.75,5150
2025-05-03 05:53:05.671660,516.0,567.6,464.40000000000003,541.8000000000001,5160
2025-05-03 05:54:05.671660,517.0,568.7,465.3,542.85,5170
2025-05-03 05:55:05.671660,518.0,569.8000000000001,466.2,543.9,5180
2025-05-03 05:56:05.671660,519.0,570.9000000000001,467.1,544.95,5190
2025-05-03 05:57:05.671660,520.0,572.0,468.0,546.0,5200
2025-05-03 05:58:05.671660,521.0,573.1,468.90000000000003,547.0500000000001,5210
2025-05-03 05:59:05.671660,522.0,574.2,469.8,548.1,5220
2025-05-03 06:00:05.671660,523.0,575.3000000000001,470.7,549.15,5230
2025-05-03 06:01:05.671660,524.0,576.4000000000001,471.6,550.2,5240
2025-05-03 06:02:05.671660,525.0,577.5,472.5,551.25,5250
2025-05-03 06:03:05.671660,526.0,578.6,473.40000000000003,552.3000000000001,5260
2025-05-03 06:04:05.671660,527.0,579.7,474.3,553.35,5270
2025-05-03 06:05:05.671660,528.0,580.8000000000001,475.2,554.4,5280
2025-05-03 06:06:05.671660,529.0,581.9000000000001,476.1,555.45,5290
2025-05-03 06:07:05.671660,530.0,583.0,477.0,556.5,5300
2025-05-03 06:08:05.671660,531.0,584.1,477.90000000000003,557.5500000000001,5310
2025-05-03 06:09:05.671660,532.0,585.2,478.8,558.6,5320
2025-05-03 06:10:05.671660,533.0,586.3000000000001,479.7,559.65,5330
2025-05-03 06:11:05.671660,534.0,587.4000000000001,480.6,560.7,5340
2025-05-03 06:12:05.671660,535.0,588.5,481.5,561.75,5350
2025-05-03 06:13:05.671660,536.0,589.6,482.40000000000003,562.8000000000001,5360
2025-05-03 06:14:05.671660,537.0,590.7,483.3,563.85,5370
2025-05-03 06:15:05.671660,538.0,591.8000000000001,484.2,564.9,5380
2025-05-03 06:16:05.671660,539.0,592.9000000000001,485.1,565.95,5390
2025-05-03 06:17:05.671660,540.0,594.0,486.0,567.0,5400
2025-05-03 06:18:05.671660,541.0,595.1,486.90000000000003,568.0500000000001,5410
2025-05-03 06:19:05.671660,542.0,596.2,487.8,569.1,5420
2025-05-03 06:20:05.671660,543.0,597.3000000000001,488.7,570.15,5430
2025-05-03 06:21:05.671660,544.0,598.4000000000001,489.6,571.2,5440
2025-05-03 06:22:05.671660,545.0,599.5,490.5,572.25,5450
2025-05-03 06:23:05.671660,546.0,600.6,491.40000000000003,573.3000000000001,5460
2025-05-03 06:24:05.671660,547.0,601.7,492.3,574.35,5470
2025-05-03 06:25:05.671660,548.0,602.8000000000001,493.2,575.4,5480
2025-05-03 06:26:05.671660,549.0,603.9000000000001,494.1,576.45,5490
2025-05-03 06:27:05.671660,550.0,605.0,495.0,577.5,5500
2025-05-03 06:28:05.671660,551.0,606.1,495.90000000000003,578.5500000000001,5510
2025-05-03 06:29:05.671660,552.0,607.2,496.8,579.6,5520
2025-05-03 06:30:05.671660,553.0,608.3000000000001,497.7,580.65,5530
2025-05-03 06:31:05.671660,554.0,609.4000000000001,498.6,581.7,5540
2025-05-03 06:32:05.671660,555.0,610.5,499.5,582.75,5550
2025-05-03 06:33:05.671660,556.0,611.6,500.40000000000003,583.8000000000001,5560
2025-05-03 06:34:05.671660,557.0,612.7,501.3,584.85,5570
2025-05-03 06:35:05.671660,558.0,613.8000000000001,502.2,585.9,5580
2025-05-03 06:36:05.671660,559.0,614.9000000000001,503.1,586.95,5590
2025-05-03 06:37:05.671660,560.0,616.0,504.0,588.0,5600
2025-05-03 06:38:05.671660,561.0,617.1,504.90000000000003,589.0500000000001,5610
2025-05-03 06:39:05.671660,562.0,618.2,505.8,590.1,5620
2025-05-03 06:40:05.671660,563.0,619.3000000000001,506.7,591.15,5630
2025-05-03 06:41:05.671660,564.0,620.4000000000001,507.6,592.2,5640
2025-05-03 06:42:05.671660,565.0,621.5,508.5,593.25,5650
2025-05-03 06:43:05.671660,566.0,622.6,509.40000000000003,594.3000000000001,5660
2025-05-03 06:44:05.671660,567.0,623.7,510.3,595.35,5670
2025-05-03 06:45:05.671660,568.0,624.8000000000001,511.2,596.4,5680
2025-05-03 06:46:05.671660,569.0,625.9000000000001,512.1,597.45,5690
2025-05-03 06:47:05.671660,570.0,627.0,513.0,598.5,5700
2025-05-03 06:48:05.671660,571.0,628.1,513.9,599.5500000000001,5710
2025-05-03 06:49:05.671660,572.0,629.2,514.8000000000001,600.6,5720
2025-05-03 06:50:05.671660,573.0,630.3000000000001,515.7,601.65,5730
2025-05-03 06:51:05.671660,574.0,631.4000000000001,516.6,602.7,5740
2025-05-03 06:52:05.671660,575.0,632.5,517.5,603.75,5750
2025-05-03 06:53:05.671660,576.0,633.6,518.4,604.8000000000001,5760
2025-05-03 06:54:05.671660,577.0,634.7,519.3000000000001,605.85,5770
2025-05-03 06:55:05.671660,578.0,635.8000000000001,520.2,606.9,5780
2025-05-03 06:56:05.671660,579.0,636.9000000000001,521.1,607.95,5790
2025-05-03 06:57:05.671660,580.0,638.0,522.0,609.0,5800
2025-05-03 06:58:05.671660,581.0,639.1,522.9,610.0500000000001,5810
2025-05-03 06:59:05.671660,582.0,640.2,523.8000000000001,611.1,5820
2025-05-03 07:00:05.671660,583.0,641.3000000000001,524.7,612.15,5830
2025-05-03 07:01:05.671660,584.0,642.4000000000001,525.6,613.2,5840
2025-05-03 07:02:05.671660,585.0,643.5,526.5,614.25,5850
2025-05-03 07:03:05.671660,586.0,644.6,527.4,615.3000000000001,5860
2025-05-03 07:04:05.671660,587.0,645.7,528.3000000000001,616.35,5870
2025-05-03 07:05:05.671660,588.0,646.8000000000001,529.2,617.4,5880
2025-05-03 07:06:05.671660,589.0,647.9000000000001,530.1,618.45,5890
2025-05-03 07:07:05.671660,590.0,649.0,531.0,619.5,5900
2025-05-03 07:08:05.671660,591.0,650.1,531.9,620.5500000000001,5910
2025-05-03 07:09:05.671660,592.0,651.2,532.8000000000001,621.6,5920
2025-05-03 07:10:05.671660,593.0,652.3000000000001,533.7,622.65,5930
2025-05-03 07:11:05.671660,594.0,653.4000000000001,534.6,623.7,5940
2025-05-03 07:12:05.671660,595.0,654.5,535.5,624.75,5950
2025-05-03 07:13:05.671660,596.0,655.6,536.4,625.8000000000001,5960
2025-05-03 07:14:05.671660,597.0,656.7,537.3000000000001,626.85,5970
2025-05-03 07:15:05.671660,598.0,657.8000000000001,538.2,627.9,5980
2025-05-03 07:16:05.671660,599.0,658.9000000000001,539.1,628.95,5990
2025-05-03 07:17:05.671660,600.0,660.0,540.0,630.0,6000
2025-05-03 07:18:05.671660,601.0,661.1,540.9,631.0500000000001,6010
2025-05-03 07:19:05.671660,602.0,662.2,541.8000000000001,632.1,6020
2025-05-03 07:20:05.671660,603.0,663.3000000000001,542.7,633.15,6030
2025-05-03 07:21:05.671660,604.0,664.4000000000001,543.6,634.2,6040
2025-05-03 07:22:05.671660,605.0,665.5,544.5,635.25,6050
2025-05-03 07:23:05.671660,606.0,666.6,545.4,636.3000000000001,6060
2025-05-03 07:24:05.671660,607.0,667.7,546.3000000000001,637.35,6070
2025-05-03 07:25:05.671660,608.0,668.8000000000001,547.2,638.4,6080
2025-05-03 07:26:05.671660,609.0,669.9000000000001,548.1,639.45,6090
2025-05-03 07:27:05.671660,610.0,671.0,549.0,640.5,6100
2025-05-03 07:28:05.671660,611.0,672.1,549.9,641.5500000000001,6110
2025-05-03 07:29:05.671660,612.0,673.2,550.8000000000001,642.6,6120
2025-05-03 07:30:05.671660,613.0,674.3000000000001,551.7,643.65,6130
2025-05-03 07:31:05.671660,614.0,675.4000000000001,552.6,644.7,6140
2025-05-03 07:32:05.671660,615.0,676.5,553.5,645.75,6150
2025-05-03 07:33:05.671660,616.0,677.6,554.4,646.8000000000001,6160
2025-05-03 07:34:05.671660,617.0,678.7,555.3000000000001,647.85,6170
2025-05-03 07:35:05.671660,618.0,679.8000000000001,556.2,648.9,6180
2025-05-03 07:36:05.671660,619.0,680.9000000000001,557.1,649.95,6190
2025-05-03 07:37:05.671660,620.0,682.0,558.0,651.0,6200
2025-05-03 07:38:05.671660,621.0,683.1,558.9,652.0500000000001,6210
2025-05-03 07:39:05.671660,622.0,684.2,559.8000000000001,653.1,6220
2025-05-03 07:40:05.671660,623.0,685.3000000000001,560.7,654.15,6230
2025-05-03 07:41:05.671660,624.0,686.4000000000001,561.6,655.2,6240
2025-05-03 07:42:05.671660,625.0,687.5,562.5,656.25,6250
2025-05-03 07:43:05.671660,626.0,688.6,563.4,657.3000000000001,6260
2025-05-03 07:44:05.671660,627.0,689.7,564.3000000000001,658.35,6270
2025-05-03 07:45:05.671660,628.0,690.8000000000001,565.2,659.4,6280
2025-05-03 07:46:05.671660,629.0,691.9000000000001,566.1,660.45,6290
2025-05-03 07:47:05.671660,630.0,693.0,567.0,661.5,6300
2025-05-03 07:48:05.671660,631.0,694.1,567.9,662.5500000000001,6310
2025-05-03 07:49:05.671660,632.0,695.2,568.8000000000001,663.6,6320
2025-05-03 07:50:05.671660,633.0,696.3000000000001,569.7,664.65,6330
2025-05-03 07:51:05.671660,634.0,697.4000000000001,570.6,665.7,6340
2025-05-03 07:52:05.671660,635.0,698.5,571.5,666.75,6350
2025-05-03 07:53:05.671660,636.0,699.6,572.4,667.8000000000001,6360
2025-05-03 07:54:05.671660,637.0,700.7,573.3000000000001,668.85,6370
2025-05-03 07:55:05.671660,638.0,701.8000000000001,574.2,669.9,6380
2025-05-03 07:56:05.671660,639.0,702.9000000000001,575.1,670.95,6390
2025-05-03 07:57:05.671660,640.0,704.0,576.0,672.0,6400
2025-05-03 07:58:05.671660,641.0,705.1,576.9,673.0500000000001,6410
2025-05-03 07:59:05.671660,642.0,706.2,577.8000000000001,674.1,6420
2025-05-03 08:00:05.671660,643.0,707.3000000000001,578.7,675.15,6430
2025-05-03 08:01:05.671660,644.0,708.4000000000001,579.6,676.2,6440
2025-05-03 08:02:05.671660,645.0,709.5000000000001,580.5,677.25,6450
2025-05-03 08:03:05.671660,646.0,710.6,581.4,678.3000000000001,6460
2025-05-03 08:04:05.671660,647.0,711.7,582.3000000000001,679.35,6470
2025-05-03 08:05:05.671660,648.0,712.8000000000001,583.2,680.4,6480
2025-05-03 08:06:05.671660,649.0,713.9000000000001,584.1,681.45,6490
2025-05-03 08:07:05.671660,650.0,715.0000000000001,585.0,682.5,6500
2025-05-03 08:08:05.671660,651.0,716.1,585.9,683.5500000000001,6510
2025-05-03 08:09:05.671660,652.0,717.2,586.8000000000001,684.6,6520
2025-05-03 08:10:05.671660,653.0,718.3000000000001,587.7,685.65,6530
2025-05-03 08:11:05.671660,654.0,719.4000000000001,588.6,686.7,6540
2025-05-03 08:12:05.671660,655.0,720.5000000000001,589.5,687.75,6550
2025-05-03 08:13:05.671660,656.0,721.6,590.4,688.8000000000001,6560
2025-05-03 08:14:05.671660,657.0,722.7,591.3000000000001,689.85,6570
2025-05-03 08:15:05.671660,658.0,723.8000000000001,592.2,690.9,6580
2025-05-03 08:16:05.671660,659.0,724.9000000000001,593.1,691.95,6590
2025-05-03 08:17:05.671660,660.0,726.0000000000001,594.0,693.0,6600
2025-05-03 08:18:05.671660,661.0,727.1,594.9,694.0500000000001,6610
2025-05-03 08:19:05.671660,662.0,728.2,595.8000000000001,695.1,6620
2025-05-03 08:20:05.671660,663.0,729.3000000000001,596.7,696.15,6630
2025-05-03 08:21:05.671660,664.0,730.4000000000001,597.6,697.2,6640
2025-05-03 08:22:05.671660,665.0,731.5000000000001,598.5,698.25,6650
2025-05-03 08:23:05.671660,666.0,732.6,599.4,699.3000000000001,6660
2025-05-03 08:24:05.671660,667.0,733.7,600.3000000000001,700.35,6670
2025-05-03 08:25:05.671660,668.0,734.8000000000001,601.2,701.4,6680
2025-05-03 08:26:05.671660,669.0,735.9000000000001,602.1,702.45,6690
2025-05-03 08:27:05.671660,670.0,737.0000000000001,603.0,703.5,6700
2025-05-03 08:28:05.671660,671.0,738.1,603.9,704.5500000000001,6710
2025-05-03 08:29:05.671660,672.0,739.2,604.8000000000001,705.6,6720
2025-05-03 08:30:05.671660,673.0,740.3000000000001,605.7,706.65,6730
2025-05-03 08:31:05.671660,674.0,741.4000000000001,606.6,707.7,6740
2025-05-03 08:32:05.671660,675.0,742.5000000000001,607.5,708.75,6750
2025-05-03 08:33:05.671660,676.0,743.6,608.4,709.8000000000001,6760
2025-05-03 08:34:05.671660,677.0,744.7,609.3000000000001,710.85,6770
2025-05-03 08:35:05.671660,678.0,745.8000000000001,610.2,711.9,6780
2025-05-03 08:36:05.671660,679.0,746.9000000000001,611.1,712.95,6790
2025-05-03 08:37:05.671660,680.0,748.0000000000001,612.0,714.0,6800
2025-05-03 08:38:05.671660,681.0,749.1,612.9,715.0500000000001,6810
2025-05-03 08:39:05.671660,682.0,750.2,613.8000000000001,716.1,6820
2025-05-03 08:40:05.671660,683.0,751.3000000000001,614.7,717.15,6830
2025-05-03 08:41:05.671660,684.0,752.4000000000001,615.6,718.2,6840
2025-05-03 08:42:05.671660,685.0,753.5000000000001,616.5,719.25,6850
2025-05-03 08:43:05.671660,686.0,754.6,617.4,720.3000000000001,6860
2025-05-03 08:44:05.671660,687.0,755.7,618.3000000000001,721.35,6870
2025-05-03 08:45:05.671660,688.0,756.8000000000001,619.2,722.4,6880
2025-05-03 08:46:05.671660,689.0,757.9000000000001,620.1,723.45,6890
2025-05-03 08:47:05.671660,690.0,759.0000000000001,621.0,724.5,6900
2025-05-03 08:48:05.671660,691.0,760.1,621.9,725.5500000000001,6910
2025-05-03 08:49:05.671660,692.0,761.2,622.8000000000001,726.6,6920
2025-05-03 08:50:05.671660,693.0,762.3000000000001,623.7,727.65,6930
2025-05-03 08:51:05.671660,694.0,763.4000000000001,624.6,728.7,6940
2025-05-03 08:52:05.671660,695.0,764.5000000000001,625.5,729.75,6950
2025-05-03 08:53:05.671660,696.0,765.6,626.4,730.8000000000001,6960
2025-05-03 08:54:05.671660,697.0,766.7,627.3000000000001,731.85,6970
2025-05-03 08:55:05.671660,698.0,767.8000000000001,628.2,732.9,6980
2025-05-03 08:56:05.671660,699.0,768.9000000000001,629.1,733.95,6990
2025-05-03 08:57:05.671660,700.0,770.0000000000001,630.0,735.0,7000
2025-05-03 08:58:05.671660,701.0,771.1,630.9,736.0500000000001,7010
2025-05-03 08:59:05.671660,702.0,772.2,631.8000000000001,737.1,7020
2025-05-03 09:00:05.671660,703.0,773.3000000000001,632.7,738.15,7030
2025-05-03 09:01:05.671660,704.0,774.4000000000001,633.6,739.2,7040
2025-05-03 09:02:05.671660,705.0,775.5000000000001,634.5,740.25,7050
2025-05-03 09:03:05.671660,706.0,776.6,635.4,741.3000000000001,7060
2025-05-03 09:04:05.671660,707.0,777.7,636.3000000000001,742.35,7070
2025-05-03 09:05:05.671660,708.0,778.8000000000001,637.2,743.4,7080
2025-05-03 09:06:05.671660,709.0,779.9000000000001,638.1,744.45,7090
2025-05-03 09:07:05.671660,710.0,781.0000000000001,639.0,745.5,7100
2025-05-03 09:08:05.671660,711.0,782.1,639.9,746.5500000000001,7110
2025-05-03 09:09:05.671660,712.0,783.2,640.8000000000001,747.6,7120
2025-05-03 09:10:05.671660,713.0,784.3000000000001,641.7,748.65,7130
2025-05-03 09:11:05.671660,714.0,785.4000000000001,642.6,749.7,7140
2025-05-03 09:12:05.671660,715.0,786.5000000000001,643.5,750.75,7150
2025-05-03 09:13:05.671660,716.0,787.6,644.4,751.8000000000001,7160
2025-05-03 09:14:05.671660,717.0,788.7,645.3000000000001,752.85,7170
2025-05-03 09:15:05.671660,718.0,789.8000000000001,646.2,753.9,7180
2025-05-03 09:16:05.671660,719.0,790.9000000000001,647.1,754.95,7190
2025-05-03 09:17:05.671660,720.0,792.0000000000001,648.0,756.0,7200
2025-05-03 09:18:05.671660,721.0,793.1,648.9,757.0500000000001,7210
2025-05-03 09:19:05.671660,722.0,794.2,649.8000000000001,758.1,7220
2025-05-03 09:20:05.671660,723.0,795.3000000000001,650.7,759.15,7230
2025-05-03 09:21:05.671660,724.0,796.4000000000001,651.6,760.2,7240
2025-05-03 09:22:05.671660,725.0,797.5000000000001,652.5,761.25,7250
2025-05-03 09:23:05.671660,726.0,798.6,653.4,762.3000000000001,7260
2025-05-03 09:24:05.671660,727.0,799.7,654.3000000000001,763.35,7270
2025-05-03 09:25:05.671660,728.0,800.8000000000001,655.2,764.4,7280
2025-05-03 09:26:05.671660,729.0,801.9000000000001,656.1,765.45,7290
2025-05-03 09:27:05.671660,730.0,803.0000000000001,657.0,766.5,7300
2025-05-03 09:28:05.671660,731.0,804.1,657.9,767.5500000000001,7310
2025-05-03 09:29:05.671660,732.0,805.2,658.8000000000001,768.6,7320
2025-05-03 09:30:05.671660,733.0,806.3000000000001,659.7,769.65,7330
2025-05-03 09:31:05.671660,734.0,807.4000000000001,660.6,770.7,7340
2025-05-03 09:32:05.671660,735.0,808.5000000000001,661.5,771.75,7350
2025-05-03 09:33:05.671660,736.0,809.6,662.4,772.8000000000001,7360
2025-05-03 09:34:05.671660,737.0,810.7,663.3000000000001,773.85,7370
2025-05-03 09:35:05.671660,738.0,811.8000000000001,664.2,774.9,7380
2025-05-03 09:36:05.671660,739.0,812.9000000000001,665.1,775.95,7390
2025-05-03 09:37:05.671660,740.0,814.0000000000001,666.0,777.0,7400
2025-05-03 09:38:05.671660,741.0,815.1,666.9,778.0500000000001,7410
2025-05-03 09:39:05.671660,742.0,816.2,667.8000000000001,779.1,7420
2025-05-03 09:40:05.671660,743.0,817.3000000000001,668.7,780.15,7430
2025-05-03 09:41:05.671660,744.0,818.4000000000001,669.6,781.2,7440
2025-05-03 09:42:05.671660,745.0,819.5000000000001,670.5,782.25,7450
2025-05-03 09:43:05.671660,746.0,820.6,671.4,783.3000000000001,7460
2025-05-03 09:44:05.671660,747.0,821.7,672.3000000000001,784.35,7470
2025-05-03 09:45:05.671660,748.0,822.8000000000001,673.2,785.4,7480
2025-05-03 09:46:05.671660,749.0,823.9000000000001,674.1,786.45,7490
2025-05-03 09:47:05.671660,750.0,825.0000000000001,675.0,787.5,7500
2025-05-03 09:48:05.671660,751.0,826.1,675.9,788.5500000000001,7510
2025-05-03 09:49:05.671660,752.0,827.2,676.8000000000001,789.6,7520
2025-05-03 09:50:05.671660,753.0,828.3000000000001,677.7,790.65,7530
2025-05-03 09:51:05.671660,754.0,829.4000000000001,678.6,791.7,7540
2025-05-03 09:52:05.671660,755.0,830.5000000000001,679.5,792.75,7550
2025-05-03 09:53:05.671660,756.0,831.6,680.4,793.8000000000001,7560
2025-05-03 09:54:05.671660,757.0,832.7,681.3000000000001,794.85,7570
2025-05-03 09:55:05.671660,758.0,833.8000000000001,682.2,795.9,7580
2025-05-03 09:56:05.671660,759.0,834.9000000000001,683.1,796.95,7590
2025-05-03 09:57:05.671660,760.0,836.0000000000001,684.0,798.0,7600
2025-05-03 09:58:05.671660,761.0,837.1,684.9,799.0500000000001,7610
2025-05-03 09:59:05.671660,762.0,838.2,685.8000000000001,800.1,7620
2025-05-03 10:00:05.671660,763.0,839.3000000000001,686.7,801.15,7630
2025-05-03 10:01:05.671660,764.0,840.4000000000001,687.6,802.2,7640
2025-05-03 10:02:05.671660,765.0,841.5000000000001,688.5,803.25,7650
2025-05-03 10:03:05.671660,766.0,842.6,689.4,804.3000000000001,7660
2025-05-03 10:04:05.671660,767.0,843.7,690.3000000000001,805.35,7670
2025-05-03 10:05:05.671660,768.0,844.8000000000001,691.2,806.4000000000001,7680
2025-05-03 10:06:05.671660,769.0,845.9000000000001,692.1,807.45,7690
2025-05-03 10:07:05.671660,770.0,847.0000000000001,693.0,808.5,7700
2025-05-03 10:08:05.671660,771.0,848.1,693.9,809.5500000000001,7710
2025-05-03 10:09:05.671660,772.0,849.2,694.8000000000001,810.6,7720
2025-05-03 10:10:05.671660,773.0,850.3000000000001,695.7,811.6500000000001,7730
2025-05-03 10:11:05.671660,774.0,851.4000000000001,696.6,812.7,7740
2025-05-03 10:12:05.671660,775.0,852.5000000000001,697.5,813.75,7750
2025-05-03 10:13:05.671660,776.0,853.6,698.4,814.8000000000001,7760
2025-05-03 10:14:05.671660,777.0,854.7,699.3000000000001,815.85,7770
2025-05-03 10:15:05.671660,778.0,855.8000000000001,700.2,816.9000000000001,7780
2025-05-03 10:16:05.671660,779.0,856.9000000000001,701.1,817.95,7790
2025-05-03 10:17:05.671660,780.0,858.0000000000001,702.0,819.0,7800
2025-05-03 10:18:05.671660,781.0,859.1,702.9,820.0500000000001,7810
2025-05-03 10:19:05.671660,782.0,860.2,703.8000000000001,821.1,7820
2025-05-03 10:20:05.671660,783.0,861.3000000000001,704.7,822.1500000000001,7830
2025-05-03 10:21:05.671660,784.0,862.4000000000001,705.6,823.2,7840
2025-05-03 10:22:05.671660,785.0,863.5000000000001,706.5,824.25,7850
2025-05-03 10:23:05.671660,786.0,864.6,707.4,825.3000000000001,7860
2025-05-03 10:24:05.671660,787.0,865.7,708.3000000000001,826.35,7870
2025-05-03 10:25:05.671660,788.0,866.8000000000001,709.2,827.4000000000001,7880
2025-05-03 10:26:05.671660,789.0,867.9000000000001,710.1,828.45,7890
2025-05-03 10:27:05.671660,790.0,869.0000000000001,711.0,829.5,7900
2025-05-03 10:28:05.671660,791.0,870.1,711.9,830.5500000000001,7910
2025-05-03 10:29:05.671660,792.0,871.2,712.8000000000001,831.6,7920
2025-05-03 10:30:05.671660,793.0,872.3000000000001,713.7,832.6500000000001,7930
2025-05-03 10:31:05.671660,794.0,873.4000000000001,714.6,833.7,7940
2025-05-03 10:32:05.671660,795.0,874.5000000000001,715.5,834.75,7950
2025-05-03 10:33:05.671660,796.0,875.6,716.4,835.8000000000001,7960
2025-05-03 10:34:05.671660,797.0,876.7,717.3000000000001,836.85,7970
2025-05-03 10:35:05.671660,798.0,877.8000000000001,718.2,837.9000000000001,7980
2025-05-03 10:36:05.671660,799.0,878.9000000000001,719.1,838.95,7990
2025-05-03 10:37:05.671660,800.0,880.0000000000001,720.0,840.0,8000
2025-05-03 10:38:05.671660,801.0,881.1,720.9,841.0500000000001,8010
2025-05-03 10:39:05.671660,802.0,882.2,721.8000000000001,842.1,8020
2025-05-03 10:40:05.671660,803.0,883.3000000000001,722.7,843.1500000000001,8030
2025-05-03 10:41:05.671660,804.0,884.4000000000001,723.6,844.2,8040
2025-05-03 10:42:05.671660,805.0,885.5000000000001,724.5,845.25,8050
2025-05-03 10:43:05.671660,806.0,886.6,725.4,846.3000000000001,8060
2025-05-03 10:44:05.671660,807.0,887.7,726.3000000000001,847.35,8070
2025-05-03 10:45:05.671660,808.0,888.8000000000001,727.2,848.4000000000001,8080
2025-05-03 10:46:05.671660,809.0,889.9000000000001,728.1,849.45,8090
2025-05-03 10:47:05.671660,810.0,891.0000000000001,729.0,850.5,8100
2025-05-03 10:48:05.671660,811.0,892.1,729.9,851.5500000000001,8110
2025-05-03 10:49:05.671660,812.0,893.2,730.8000000000001,852.6,8120
2025-05-03 10:50:05.671660,813.0,894.3000000000001,731.7,853.6500000000001,8130
2025-05-03 10:51:05.671660,814.0,895.4000000000001,732.6,854.7,8140
2025-05-03 10:52:05.671660,815.0,896.5000000000001,733.5,855.75,8150
2025-05-03 10:53:05.671660,816.0,897.6,734.4,856.8000000000001,8160
2025-05-03 10:54:05.671660,817.0,898.7,735.3000000000001,857.85,8170
2025-05-03 10:55:05.671660,818.0,899.8000000000001,736.2,858.9000000000001,8180
2025-05-03 10:56:05.671660,819.0,900.9000000000001,737.1,859.95,8190
2025-05-03 10:57:05.671660,820.0,902.0000000000001,738.0,861.0,8200
2025-05-03 10:58:05.671660,821.0,903.1,738.9,862.0500000000001,8210
2025-05-03 10:59:05.671660,822.0,904.2,739.8000000000001,863.1,8220
2025-05-03 11:00:05.671660,823.0,905.3000000000001,740.7,864.1500000000001,8230
2025-05-03 11:01:05.671660,824.0,906.4000000000001,741.6,865.2,8240
2025-05-03 11:02:05.671660,825.0,907.5000000000001,742.5,866.25,8250
2025-05-03 11:03:05.671660,826.0,908.6,743.4,867.3000000000001,8260
2025-05-03 11:04:05.671660,827.0,909.7,744.3000000000001,868.35,8270
2025-05-03 11:05:05.671660,828.0,910.8000000000001,745.2,869.4000000000001,8280
2025-05-03 11:06:05.671660,829.0,911.9000000000001,746.1,870.45,8290
2025-05-03 11:07:05.671660,830.0,913.0000000000001,747.0,871.5,8300
2025-05-03 11:08:05.671660,831.0,914.1,747.9,872.5500000000001,8310
2025-05-03 11:09:05.671660,832.0,915.2,748.8000000000001,873.6,8320
2025-05-03 11:10:05.671660,833.0,916.3000000000001,749.7,874.6500000000001,8330
2025-05-03 11:11:05.671660,834.0,917.4000000000001,750.6,875.7,8340
2025-05-03 11:12:05.671660,835.0,918.5000000000001,751.5,876.75,8350
2025-05-03 11:13:05.671660,836.0,919.6,752.4,877.8000000000001,8360
2025-05-03 11:14:05.671660,837.0,920.7,753.3000000000001,878.85,8370
2025-05-03 11:15:05.671660,838.0,921.8000000000001,754.2,879.9000000000001,8380
2025-05-03 11:16:05.671660,839.0,922.9000000000001,755.1,880.95,8390
2025-05-03 11:17:05.671660,840.0,924.0000000000001,756.0,882.0,8400
2025-05-03 11:18:05.671660,841.0,925.1,756.9,883.0500000000001,8410
2025-05-03 11:19:05.671660,842.0,926.2,757.8000000000001,884.1,8420
2025-05-03 11:20:05.671660,843.0,927.3000000000001,758.7,885.1500000000001,8430
2025-05-03 11:21:05.671660,844.0,928.4000000000001,759.6,886.2,8440
2025-05-03 11:22:05.671660,845.0,929.5000000000001,760.5,887.25,8450
2025-05-03 11:23:05.671660,846.0,930.6,761.4,888.3000000000001,8460
2025-05-03 11:24:05.671660,847.0,931.7,762.3000000000001,889.35,8470
2025-05-03 11:25:05.671660,848.0,932.8000000000001,763.2,890.4000000000001,8480
2025-05-03 11:26:05.671660,849.0,933.9000000000001,764.1,891.45,8490
2025-05-03 11:27:05.671660,850.0,935.0000000000001,765.0,892.5,8500
2025-05-03 11:28:05.671660,851.0,936.1,765.9,893.5500000000001,8510
2025-05-03 11:29:05.671660,852.0,937.2,766.8000000000001,894.6,8520
2025-05-03 11:30:05.671660,853.0,938.3000000000001,767.7,895.6500000000001,8530
2025-05-03 11:31:05.671660,854.0,939.4000000000001,768.6,896.7,8540
2025-05-03 11:32:05.671660,855.0,940.5000000000001,769.5,897.75,8550
2025-05-03 11:33:05.671660,856.0,941.6,770.4,898.8000000000001,8560
2025-05-03 11:34:05.671660,857.0,942.7,771.3000000000001,899.85,8570
2025-05-03 11:35:05.671660,858.0,943.8000000000001,772.2,900.9000000000001,8580
2025-05-03 11:36:05.671660,859.0,944.9000000000001,773.1,901.95,8590
2025-05-03 11:37:05.671660,860.0,946.0000000000001,774.0,903.0,8600
2025-05-03 11:38:05.671660,861.0,947.1,774.9,904.0500000000001,8610
2025-05-03 11:39:05.671660,862.0,948.2,775.8000000000001,905.1,8620
2025-05-03 11:40:05.671660,863.0,949.3000000000001,776.7,906.1500000000001,8630
2025-05-03 11:41:05.671660,864.0,950.4000000000001,777.6,907.2,8640
2025-05-03 11:42:05.671660,865.0,951.5000000000001,778.5,908.25,8650
2025-05-03 11:43:05.671660,866.0,952.6,779.4,909.3000000000001,8660
2025-05-03 11:44:05.671660,867.0,953.7,780.3000000000001,910.35,8670
2025-05-03 11:45:05.671660,868.0,954.8000000000001,781.2,911.4000000000001,8680
2025-05-03 11:46:05.671660,869.0,955.9000000000001,782.1,912.45,8690
2025-05-03 11:47:05.671660,870.0,957.0000000000001,783.0,913.5,8700
2025-05-03 11:48:05.671660,871.0,958.1,783.9,914.5500000000001,8710
2025-05-03 11:49:05.671660,872.0,959.2,784.8000000000001,915.6,8720
2025-05-03 11:50:05.671660,873.0,960.3000000000001,785.7,916.6500000000001,8730
2025-05-03 11:51:05.671660,874.0,961.4000000000001,786.6,917.7,8740
2025-05-03 11:52:05.671660,875.0,962.5000000000001,787.5,918.75,8750
2025-05-03 11:53:05.671660,876.0,963.6,788.4,919.8000000000001,8760
2025-05-03 11:54:05.671660,877.0,964.7,789.3000000000001,920.85,8770
2025-05-03 11:55:05.671660,878.0,965.8000000000001,790.2,921.9000000000001,8780
2025-05-03 11:56:05.671660,879.0,966.9000000000001,791.1,922.95,8790
2025-05-03 11:57:05.671660,880.0,968.0000000000001,792.0,924.0,8800
2025-05-03 11:58:05.671660,881.0,969.1,792.9,925.0500000000001,8810
2025-05-03 11:59:05.671660,882.0,970.2,793.8000000000001,926.1,8820
2025-05-03 12:00:05.671660,883.0,971.3000000000001,794.7,927.1500000000001,8830
2025-05-03 12:01:05.671660,884.0,972.4000000000001,795.6,928.2,8840
2025-05-03 12:02:05.671660,885.0,973.5000000000001,796.5,929.25,8850
2025-05-03 12:03:05.671660,886.0,974.6,797.4,930.3000000000001,8860
2025-05-03 12:04:05.671660,887.0,975.7,798.3000000000001,931.35,8870
2025-05-03 12:05:05.671660,888.0,976.8000000000001,799.2,932.4000000000001,8880
2025-05-03 12:06:05.671660,889.0,977.9000000000001,800.1,933.45,8890
2025-05-03 12:07:05.671660,890.0,979.0000000000001,801.0,934.5,8900
2025-05-03 12:08:05.671660,891.0,980.1,801.9,935.5500000000001,8910
2025-05-03 12:09:05.671660,892.0,981.2,802.8000000000001,936.6,8920
2025-05-03 12:10:05.671660,893.0,982.3000000000001,803.7,937.6500000000001,8930
2025-05-03 12:11:05.671660,894.0,983.4000000000001,804.6,938.7,8940
2025-05-03 12:12:05.671660,895.0,984.5000000000001,805.5,939.75,8950
2025-05-03 12:13:05.671660,896.0,985.6000000000001,806.4,940.8000000000001,8960
2025-05-03 12:14:05.671660,897.0,986.7,807.3000000000001,941.85,8970
2025-05-03 12:15:05.671660,898.0,987.8000000000001,808.2,942.9000000000001,8980
2025-05-03 12:16:05.671660,899.0,988.9000000000001,809.1,943.95,8990
2025-05-03 12:17:05.671660,900.0,990.0000000000001,810.0,945.0,9000
2025-05-03 12:18:05.671660,901.0,991.1000000000001,810.9,946.0500000000001,9010
2025-05-03 12:19:05.671660,902.0,992.2,811.8000000000001,947.1,9020
2025-05-03 12:20:05.671660,903.0,993.3000000000001,812.7,948.1500000000001,9030
2025-05-03 12:21:05.671660,904.0,994.4000000000001,813.6,949.2,9040
2025-05-03 12:22:05.671660,905.0,995.5000000000001,814.5,950.25,9050
2025-05-03 12:23:05.671660,906.0,996.6000000000001,815.4,951.3000000000001,9060
2025-05-03 12:24:05.671660,907.0,997.7,816.3000000000001,952.35,9070
2025-05-03 12:25:05.671660,908.0,998.8000000000001,817.2,953.4000000000001,9080
2025-05-03 12:26:05.671660,909.0,999.9000000000001,818.1,954.45,9090
2025-05-03 12:27:05.671660,910.0,1001.0000000000001,819.0,955.5,9100
2025-05-03 12:28:05.671660,911.0,1002.1000000000001,819.9,956.5500000000001,9110
2025-05-03 12:29:05.671660,912.0,1003.2,820.8000000000001,957.6,9120
2025-05-03 12:30:05.671660,913.0,1004.3000000000001,821.7,958.6500000000001,9130
2025-05-03 12:31:05.671660,914.0,1005.4000000000001,822.6,959.7,9140
2025-05-03 12:32:05.671660,915.0,1006.5000000000001,823.5,960.75,9150
2025-05-03 12:33:05.671660,916.0,1007.6000000000001,824.4,961.8000000000001,9160
2025-05-03 12:34:05.671660,917.0,1008.7,825.3000000000001,962.85,9170
2025-05-03 12:35:05.671660,918.0,1009.8000000000001,826.2,963.9000000000001,9180
2025-05-03 12:36:05.671660,919.0,1010.9000000000001,827.1,964.95,9190
2025-05-03 12:37:05.671660,920.0,1012.0000000000001,828.0,966.0,9200
2025-05-03 12:38:05.671660,921.0,1013.1000000000001,828.9,967.0500000000001,9210
2025-05-03 12:39:05.671660,922.0,1014.2,829.8000000000001,968.1,9220
2025-05-03 12:40:05.671660,923.0,1015.3000000000001,830.7,969.1500000000001,9230
2025-05-03 12:41:05.671660,924.0,1016.4000000000001,831.6,970.2,9240
2025-05-03 12:42:05.671660,925.0,1017.5000000000001,832.5,971.25,9250
2025-05-03 12:43:05.671660,926.0,1018.6000000000001,833.4,972.3000000000001,9260
2025-05-03 12:44:05.671660,927.0,1019.7,834.3000000000001,973.35,9270
2025-05-03 12:45:05.671660,928.0,1020.8000000000001,835.2,974.4000000000001,9280
2025-05-03 12:46:05.671660,929.0,1021.9000000000001,836.1,975.45,9290
2025-05-03 12:47:05.671660,930.0,1023.0000000000001,837.0,976.5,9300
2025-05-03 12:48:05.671660,931.0,1024.1000000000001,837.9,977.5500000000001,9310
2025-05-03 12:49:05.671660,932.0,1025.2,838.8000000000001,978.6,9320
2025-05-03 12:50:05.671660,933.0,1026.3000000000002,839.7,979.6500000000001,9330
2025-05-03 12:51:05.671660,934.0,1027.4,840.6,980.7,9340
2025-05-03 12:52:05.671660,935.0,1028.5,841.5,981.75,9350
2025-05-03 12:53:05.671660,936.0,1029.6000000000001,842.4,982.8000000000001,9360
2025-05-03 12:54:05.671660,937.0,1030.7,843.3000000000001,983.85,9370
2025-05-03 12:55:05.671660,938.0,1031.8000000000002,844.2,984.9000000000001,9380
2025-05-03 12:56:05.671660,939.0,1032.9,845.1,985.95,9390
2025-05-03 12:57:05.671660,940.0,1034.0,846.0,987.0,9400
2025-05-03 12:58:05.671660,941.0,1035.1000000000001,846.9,988.0500000000001,9410
2025-05-03 12:59:05.671660,942.0,1036.2,847.8000000000001,989.1,9420
2025-05-03 13:00:05.671660,943.0,1037.3000000000002,848.7,990.1500000000001,9430
2025-05-03 13:01:05.671660,944.0,1038.4,849.6,991.2,9440
2025-05-03 13:02:05.671660,945.0,1039.5,850.5,992.25,9450
2025-05-03 13:03:05.671660,946.0,1040.6000000000001,851.4,993.3000000000001,9460
2025-05-03 13:04:05.671660,947.0,1041.7,852.3000000000001,994.35,9470
2025-05-03 13:05:05.671660,948.0,1042.8000000000002,853.2,995.4000000000001,9480
2025-05-03 13:06:05.671660,949.0,1043.9,854.1,996.45,9490
2025-05-03 13:07:05.671660,950.0,1045.0,855.0,997.5,9500
2025-05-03 13:08:05.671660,951.0,1046.1000000000001,855.9,998.5500000000001,9510
2025-05-03 13:09:05.671660,952.0,1047.2,856.8000000000001,999.6,9520
2025-05-03 13:10:05.671660,953.0,1048.3000000000002,857.7,1000.6500000000001,9530
2025-05-03 13:11:05.671660,954.0,1049.4,858.6,1001.7,9540
2025-05-03 13:12:05.671660,955.0,1050.5,859.5,1002.75,9550
2025-05-03 13:13:05.671660,956.0,1051.6000000000001,860.4,1003.8000000000001,9560
2025-05-03 13:14:05.671660,957.0,1052.7,861.3000000000001,1004.85,9570
2025-05-03 13:15:05.671660,958.0,1053.8000000000002,862.2,1005.9000000000001,9580
2025-05-03 13:16:05.671660,959.0,1054.9,863.1,1006.95,9590
2025-05-03 13:17:05.671660,960.0,1056.0,864.0,1008.0,9600
2025-05-03 13:18:05.671660,961.0,1057.1000000000001,864.9,1009.0500000000001,9610
2025-05-03 13:19:05.671660,962.0,1058.2,865.8000000000001,1010.1,9620
2025-05-03 13:20:05.671660,963.0,1059.3000000000002,866.7,1011.1500000000001,9630
2025-05-03 13:21:05.671660,964.0,1060.4,867.6,1012.2,9640
2025-05-03 13:22:05.671660,965.0,1061.5,868.5,1013.25,9650
2025-05-03 13:23:05.671660,966.0,1062.6000000000001,869.4,1014.3000000000001,9660
2025-05-03 13:24:05.671660,967.0,1063.7,870.3000000000001,1015.35,9670
2025-05-03 13:25:05.671660,968.0,1064.8000000000002,871.2,1016.4000000000001,9680
2025-05-03 13:26:05.671660,969.0,1065.9,872.1,1017.45,9690
2025-05-03 13:27:05.671660,970.0,1067.0,873.0,1018.5,9700
2025-05-03 13:28:05.671660,971.0,1068.1000000000001,873.9,1019.5500000000001,9710
2025-05-03 13:29:05.671660,972.0,1069.2,874.8000000000001,1020.6,9720
2025-05-03 13:30:05.671660,973.0,1070.3000000000002,875.7,1021.6500000000001,9730
2025-05-03 13:31:05.671660,974.0,1071.4,876.6,1022.7,9740
2025-05-03 13:32:05.671660,975.0,1072.5,877.5,1023.75,9750
2025-05-03 13:33:05.671660,976.0,1073.6000000000001,878.4,1024.8,9760
2025-05-03 13:34:05.671660,977.0,1074.7,879.3000000000001,1025.8500000000001,9770
2025-05-03 13:35:05.671660,978.0,1075.8000000000002,880.2,1026.9,9780
2025-05-03 13:36:05.671660,979.0,1076.9,881.1,1027.95,9790
2025-05-03 13:37:05.671660,980.0,1078.0,882.0,1029.0,9800
2025-05-03 13:38:05.671660,981.0,1079.1000000000001,882.9,1030.05,9810
2025-05-03 13:39:05.671660,982.0,1080.2,883.8000000000001,1031.1000000000001,9820
2025-05-03 13:40:05.671660,983.0,1081.3000000000002,884.7,1032.15,9830
2025-05-03 13:41:05.671660,984.0,1082.4,885.6,1033.2,9840
2025-05-03 13:42:05.671660,985.0,1083.5,886.5,1034.25,9850
2025-05-03 13:43:05.671660,986.0,1084.6000000000001,887.4,1035.3,9860
2025-05-03 13:44:05.671660,987.0,1085.7,888.3000000000001,1036.3500000000001,9870
2025-05-03 13:45:05.671660,988.0,1086.8000000000002,889.2,1037.4,9880
2025-05-03 13:46:05.671660,989.0,1087.9,890.1,1038.45,9890
2025-05-03 13:47:05.671660,990.0,1089.0,891.0,1039.5,9900
2025-05-03 13:48:05.671660,991.0,1090.1000000000001,891.9,1040.55,9910
2025-05-03 13:49:05.671660,992.0,1091.2,892.8000000000001,1041.6000000000001,9920
2025-05-03 13:50:05.671660,993.0,1092.3000000000002,893.7,1042.65,9930
2025-05-03 13:51:05.671660,994.0,1093.4,894.6,1043.7,9940
2025-05-03 13:52:05.671660,995.0,1094.5,895.5,1044.75,9950
2025-05-03 13:53:05.671660,996.0,1095.6000000000001,896.4,1045.8,9960
2025-05-03 13:54:05.671660,997.0,1096.7,897.3000000000001,1046.8500000000001,9970
2025-05-03 13:55:05.671660,998.0,1097.8000000000002,898.2,1047.9,9980
2025-05-03 13:56:05.671660,999.0,1098.9,899.1,1048.95,9990
2025-05-03 13:57:05.671660,1000.0,1100.0,900.0,1050.0,10000
2025-05-03 13:58:05.671660,1001.0,1101.1000000000001,900.9,1051.05,10010
2025-05-03 13:59:05.671660,1002.0,1102.2,901.8000000000001,1052.1000000000001,10020
2025-05-03 14:00:05.671660,1003.0,1103.3000000000002,902.7,1053.15,10030
2025-05-03 14:01:05.671660,1004.0,1104.4,903.6,1054.2,10040
2025-05-03 14:02:05.671660,1005.0,1105.5,904.5,1055.25,10050
2025-05-03 14:03:05.671660,1006.0,1106.6000000000001,905.4,1056.3,10060
2025-05-03 14:04:05.671660,1007.0,1107.7,906.3000000000001,1057.3500000000001,10070
2025-05-03 14:05:05.671660,1008.0,1108.8000000000002,907.2,1058.4,10080
2025-05-03 14:06:05.671660,1009.0,1109.9,908.1,1059.45,10090
2025-05-03 14:07:05.671660,1010.0,1111.0,909.0,1060.5,10100
2025-05-03 14:08:05.671660,1011.0,1112.1000000000001,909.9,1061.55,10110
2025-05-03 14:09:05.671660,1012.0,1113.2,910.8000000000001,1062.6000000000001,10120
2025-05-03 14:10:05.671660,1013.0,1114.3000000000002,911.7,1063.65,10130
2025-05-03 14:11:05.671660,1014.0,1115.4,912.6,1064.7,10140
2025-05-03 14:12:05.671660,1015.0,1116.5,913.5,1065.75,10150
2025-05-03 14:13:05.671660,1016.0,1117.6000000000001,914.4,1066.8,10160
2025-05-03 14:14:05.671660,1017.0,1118.7,915.3000000000001,1067.8500000000001,10170
2025-05-03 14:15:05.671660,1018.0,1119.8000000000002,916.2,1068.9,10180
2025-05-03 14:16:05.671660,1019.0,1120.9,917.1,1069.95,10190
2025-05-03 14:17:05.671660,1020.0,1122.0,918.0,1071.0,10200
2025-05-03 14:18:05.671660,1021.0,1123.1000000000001,918.9,1072.05,10210
2025-05-03 14:19:05.671660,1022.0,1124.2,919.8000000000001,1073.1000000000001,10220
2025-05-03 14:20:05.671660,1023.0,1125.3000000000002,920.7,1074.15,10230
2025-05-03 14:21:05.671660,1024.0,1126.4,921.6,1075.2,10240
2025-05-03 14:22:05.671660,1025.0,1127.5,922.5,1076.25,10250
2025-05-03 14:23:05.671660,1026.0,1128.6000000000001,923.4,1077.3,10260
2025-05-03 14:24:05.671660,1027.0,1129.7,924.3000000000001,1078.3500000000001,10270
2025-05-03 14:25:05.671660,1028.0,1130.8000000000002,925.2,1079.4,10280
2025-05-03 14:26:05.671660,1029.0,1131.9,926.1,1080.45,10290
2025-05-03 14:27:05.671660,1030.0,1133.0,927.0,1081.5,10300
2025-05-03 14:28:05.671660,1031.0,1134.1000000000001,927.9,1082.55,10310
2025-05-03 14:29:05.671660,1032.0,1135.2,928.8000000000001,1083.6000000000001,10320
2025-05-03 14:30:05.671660,1033.0,1136.3000000000002,929.7,1084.65,10330
2025-05-03 14:31:05.671660,1034.0,1137.4,930.6,1085.7,10340
2025-05-03 14:32:05.671660,1035.0,1138.5,931.5,1086.75,10350
2025-05-03 14:33:05.671660,1036.0,1139.6000000000001,932.4,1087.8,10360
2025-05-03 14:34:05.671660,1037.0,1140.7,933.3000000000001,1088.8500000000001,10370
2025-05-03 14:35:05.671660,1038.0,1141.8000000000002,934.2,1089.9,10380
2025-05-03 14:36:05.671660,1039.0,1142.9,935.1,1090.95,10390
2025-05-03 14:37:05.671660,1040.0,1144.0,936.0,1092.0,10400
2025-05-03 14:38:05.671660,1041.0,1145.1000000000001,936.9,1093.05,10410
2025-05-03 14:39:05.671660,1042.0,1146.2,937.8000000000001,1094.1000000000001,10420
2025-05-03 14:40:05.671660,1043.0,1147.3000000000002,938.7,1095.15,10430
2025-05-03 14:41:05.671660,1044.0,1148.4,939.6,1096.2,10440
2025-05-03 14:42:05.671660,1045.0,1149.5,940.5,1097.25,10450
2025-05-03 14:43:05.671660,1046.0,1150.6000000000001,941.4,1098.3,10460
2025-05-03 14:44:05.671660,1047.0,1151.7,942.3000000000001,1099.3500000000001,10470
2025-05-03 14:45:05.671660,1048.0,1152.8000000000002,943.2,1100.4,10480
2025-05-03 14:46:05.671660,1049.0,1153.9,944.1,1101.45,10490
2025-05-03 14:47:05.671660,1050.0,1155.0,945.0,1102.5,10500
2025-05-03 14:48:05.671660,1051.0,1156.1000000000001,945.9,1103.55,10510
2025-05-03 14:49:05.671660,1052.0,1157.2,946.8000000000001,1104.6000000000001,10520
2025-05-03 14:50:05.671660,1053.0,1158.3000000000002,947.7,1105.65,10530
2025-05-03 14:51:05.671660,1054.0,1159.4,948.6,1106.7,10540
2025-05-03 14:52:05.671660,1055.0,1160.5,949.5,1107.75,10550
2025-05-03 14:53:05.671660,1056.0,1161.6000000000001,950.4,1108.8,10560
2025-05-03 14:54:05.671660,1057.0,1162.7,951.3000000000001,1109.8500000000001,10570
2025-05-03 14:55:05.671660,1058.0,1163.8000000000002,952.2,1110.9,10580
2025-05-03 14:56:05.671660,1059.0,1164.9,953.1,1111.95,10590
2025-05-03 14:57:05.671660,1060.0,1166.0,954.0,1113.0,10600
2025-05-03 14:58:05.671660,1061.0,1167.1000000000001,954.9,1114.05,10610
2025-05-03 14:59:05.671660,1062.0,1168.2,955.8000000000001,1115.1000000000001,10620
2025-05-03 15:00:05.671660,1063.0,1169.3000000000002,956.7,1116.15,10630
2025-05-03 15:01:05.671660,1064.0,1170.4,957.6,1117.2,10640
2025-05-03 15:02:05.671660,1065.0,1171.5,958.5,1118.25,10650
2025-05-03 15:03:05.671660,1066.0,1172.6000000000001,959.4,1119.3,10660
2025-05-03 15:04:05.671660,1067.0,1173.7,960.3000000000001,1120.3500000000001,10670
2025-05-03 15:05:05.671660,1068.0,1174.8000000000002,961.2,1121.4,10680
2025-05-03 15:06:05.671660,1069.0,1175.9,962.1,1122.45,10690
2025-05-03 15:07:05.671660,1070.0,1177.0,963.0,1123.5,10700
2025-05-03 15:08:05.671660,1071.0,1178.1000000000001,963.9,1124.55,10710
2025-05-03 15:09:05.671660,1072.0,1179.2,964.8000000000001,1125.6000000000001,10720
2025-05-03 15:10:05.671660,1073.0,1180.3000000000002,965.7,1126.65,10730
2025-05-03 15:11:05.671660,1074.0,1181.4,966.6,1127.7,10740
2025-05-03 15:12:05.671660,1075.0,1182.5,967.5,1128.75,10750
2025-05-03 15:13:05.671660,1076.0,1183.6000000000001,968.4,1129.8,10760
2025-05-03 15:14:05.671660,1077.0,1184.7,969.3000000000001,1130.8500000000001,10770
2025-05-03 15:15:05.671660,1078.0,1185.8000000000002,970.2,1131.9,10780
2025-05-03 15:16:05.671660,1079.0,1186.9,971.1,1132.95,10790
2025-05-03 15:17:05.671660,1080.0,1188.0,972.0,1134.0,10800
2025-05-03 15:18:05.671660,1081.0,1189.1000000000001,972.9,1135.05,10810
2025-05-03 15:19:05.671660,1082.0,1190.2,973.8000000000001,1136.1000000000001,10820
2025-05-03 15:20:05.671660,1083.0,1191.3000000000002,974.7,1137.15,10830
2025-05-03 15:21:05.671660,1084.0,1192.4,975.6,1138.2,10840
2025-05-03 15:22:05.671660,1085.0,1193.5,976.5,1139.25,10850
2025-05-03 15:23:05.671660,1086.0,1194.6000000000001,977.4,1140.3,10860
2025-05-03 15:24:05.671660,1087.0,1195.7,978.3000000000001,1141.3500000000001,10870
2025-05-03 15:25:05.671660,1088.0,1196.8000000000002,979.2,1142.4,10880
2025-05-03 15:26:05.671660,1089.0,1197.9,980.1,1143.45,10890
2025-05-03 15:27:05.671660,1090.0,1199.0,981.0,1144.5,10900
2025-05-03 15:28:05.671660,1091.0,1200.1000000000001,981.9,1145.55,10910
2025-05-03 15:29:05.671660,1092.0,1201.2,982.8000000000001,1146.6000000000001,10920
2025-05-03 15:30:05.671660,1093.0,1202.3000000000002,983.7,1147.65,10930
2025-05-03 15:31:05.671660,1094.0,1203.4,984.6,1148.7,10940
2025-05-03 15:32:05.671660,1095.0,1204.5,985.5,1149.75,10950
2025-05-03 15:33:05.671660,1096.0,1205.6000000000001,986.4,1150.8,10960
2025-05-03 15:34:05.671660,1097.0,1206.7,987.3000000000001,1151.8500000000001,10970
2025-05-03 15:35:05.671660,1098.0,1207.8000000000002,988.2,1152.9,10980
2025-05-03 15:36:05.671660,1099.0,1208.9,989.1,1153.95,10990
2025-05-03 15:37:05.671660,1100.0,1210.0,990.0,1155.0,11000
2025-05-03 15:38:05.671660,1101.0,1211.1000000000001,990.9,1156.05,11010
2025-05-03 15:39:05.671660,1102.0,1212.2,991.8000000000001,1157.1000000000001,11020
2025-05-03 15:40:05.671660,1103.0,1213.3000000000002,992.7,1158.15,11030
2025-05-03 15:41:05.671660,1104.0,1214.4,993.6,1159.2,11040
2025-05-03 15:42:05.671660,1105.0,1215.5,994.5,1160.25,11050
2025-05-03 15:43:05.671660,1106.0,1216.6000000000001,995.4,1161.3,11060
2025-05-03 15:44:05.671660,1107.0,1217.7,996.3000000000001,1162.3500000000001,11070
2025-05-03 15:45:05.671660,1108.0,1218.8000000000002,997.2,1163.4,11080
2025-05-03 15:46:05.671660,1109.0,1219.9,998.1,1164.45,11090
2025-05-03 15:47:05.671660,1110.0,1221.0,999.0,1165.5,11100
2025-05-03 15:48:05.671660,1111.0,1222.1000000000001,999.9,1166.55,11110
2025-05-03 15:49:05.671660,1112.0,1223.2,1000.8000000000001,1167.6000000000001,11120
2025-05-03 15:50:05.671660,1113.0,1224.3000000000002,1001.7,1168.65,11130
2025-05-03 15:51:05.671660,1114.0,1225.4,1002.6,1169.7,11140
2025-05-03 15:52:05.671660,1115.0,1226.5,1003.5,1170.75,11150
2025-05-03 15:53:05.671660,1116.0,1227.6000000000001,1004.4,1171.8,11160
2025-05-03 15:54:05.671660,1117.0,1228.7,1005.3000000000001,1172.8500000000001,11170
2025-05-03 15:55:05.671660,1118.0,1229.8000000000002,1006.2,1173.9,11180
2025-05-03 15:56:05.671660,1119.0,1230.9,1007.1,1174.95,11190
2025-05-03 15:57:05.671660,1120.0,1232.0,1008.0,1176.0,11200
2025-05-03 15:58:05.671660,1121.0,1233.1000000000001,1008.9,1177.05,11210
2025-05-03 15:59:05.671660,1122.0,1234.2,1009.8000000000001,1178.1000000000001,11220
2025-05-03 16:00:05.671660,1123.0,1235.3000000000002,1010.7,1179.15,11230
2025-05-03 16:01:05.671660,1124.0,1236.4,1011.6,1180.2,11240
2025-05-03 16:02:05.671660,1125.0,1237.5,1012.5,1181.25,11250
2025-05-03 16:03:05.671660,1126.0,1238.6000000000001,1013.4,1182.3,11260
2025-05-03 16:04:05.671660,1127.0,1239.7,1014.3000000000001,1183.3500000000001,11270
2025-05-03 16:05:05.671660,1128.0,1240.8000000000002,1015.2,1184.4,11280
2025-05-03 16:06:05.671660,1129.0,1241.9,1016.1,1185.45,11290
2025-05-03 16:07:05.671660,1130.0,1243.0,1017.0,1186.5,11300
2025-05-03 16:08:05.671660,1131.0,1244.1000000000001,1017.9,1187.55,11310
2025-05-03 16:09:05.671660,1132.0,1245.2,1018.8000000000001,1188.6000000000001,11320
2025-05-03 16:10:05.671660,1133.0,1246.3000000000002,1019.7,1189.65,11330
2025-05-03 16:11:05.671660,1134.0,1247.4,1020.6,1190.7,11340
2025-05-03 16:12:05.671660,1135.0,1248.5,1021.5,1191.75,11350
2025-05-03 16:13:05.671660,1136.0,1249.6000000000001,1022.4,1192.8,11360
2025-05-03 16:14:05.671660,1137.0,1250.7,1023.3000000000001,1193.8500000000001,11370
2025-05-03 16:15:05.671660,1138.0,1251.8000000000002,1024.2,1194.9,11380
2025-05-03 16:16:05.671660,1139.0,1252.9,1025.1000000000001,1195.95,11390
2025-05-03 16:17:05.671660,1140.0,1254.0,1026.0,1197.0,11400
2025-05-03 16:18:05.671660,1141.0,1255.1000000000001,1026.9,1198.05,11410
2025-05-03 16:19:05.671660,1142.0,1256.2,1027.8,1199.1000000000001,11420
2025-05-03 16:20:05.671660,1143.0,1257.3000000000002,1028.7,1200.15,11430
2025-05-03 16:21:05.671660,1144.0,1258.4,1029.6000000000001,1201.2,11440
2025-05-03 16:22:05.671660,1145.0,1259.5,1030.5,1202.25,11450
2025-05-03 16:23:05.671660,1146.0,1260.6000000000001,1031.4,1203.3,11460
2025-05-03 16:24:05.671660,1147.0,1261.7,1032.3,1204.3500000000001,11470
2025-05-03 16:25:05.671660,1148.0,1262.8000000000002,1033.2,1205.4,11480
2025-05-03 16:26:05.671660,1149.0,1263.9,1034.1000000000001,1206.45,11490
2025-05-03 16:27:05.671660,1150.0,1265.0,1035.0,1207.5,11500
2025-05-03 16:28:05.671660,1151.0,1266.1000000000001,1035.9,1208.55,11510
2025-05-03 16:29:05.671660,1152.0,1267.2,1036.8,1209.6000000000001,11520
2025-05-03 16:30:05.671660,1153.0,1268.3000000000002,1037.7,1210.65,11530
2025-05-03 16:31:05.671660,1154.0,1269.4,1038.6000000000001,1211.7,11540
2025-05-03 16:32:05.671660,1155.0,1270.5,1039.5,1212.75,11550
2025-05-03 16:33:05.671660,1156.0,1271.6000000000001,1040.4,1213.8,11560
2025-05-03 16:34:05.671660,1157.0,1272.7,1041.3,1214.8500000000001,11570
2025-05-03 16:35:05.671660,1158.0,1273.8000000000002,1042.2,1215.9,11580
2025-05-03 16:36:05.671660,1159.0,1274.9,1043.1000000000001,1216.95,11590
2025-05-03 16:37:05.671660,1160.0,1276.0,1044.0,1218.0,11600
2025-05-03 16:38:05.671660,1161.0,1277.1000000000001,1044.9,1219.05,11610
2025-05-03 16:39:05.671660,1162.0,1278.2,1045.8,1220.1000000000001,11620
2025-05-03 16:40:05.671660,1163.0,1279.3000000000002,1046.7,1221.15,11630
2025-05-03 16:41:05.671660,1164.0,1280.4,1047.6000000000001,1222.2,11640
2025-05-03 16:42:05.671660,1165.0,1281.5,1048.5,1223.25,11650
2025-05-03 16:43:05.671660,1166.0,1282.6000000000001,1049.4,1224.3,11660
2025-05-03 16:44:05.671660,1167.0,1283.7,1050.3,1225.3500000000001,11670
2025-05-03 16:45:05.671660,1168.0,1284.8000000000002,1051.2,1226.4,11680
2025-05-03 16:46:05.671660,1169.0,1285.9,1052.1000000000001,1227.45,11690
2025-05-03 16:47:05.671660,1170.0,1287.0,1053.0,1228.5,11700
2025-05-03 16:48:05.671660,1171.0,1288.1000000000001,1053.9,1229.55,11710
2025-05-03 16:49:05.671660,1172.0,1289.2,1054.8,1230.6000000000001,11720
2025-05-03 16:50:05.671660,1173.0,1290.3000000000002,1055.7,1231.65,11730
2025-05-03 16:51:05.671660,1174.0,1291.4,1056.6000000000001,1232.7,11740
2025-05-03 16:52:05.671660,1175.0,1292.5,1057.5,1233.75,11750
2025-05-03 16:53:05.671660,1176.0,1293.6000000000001,1058.4,1234.8,11760
2025-05-03 16:54:05.671660,1177.0,1294.7,1059.3,1235.8500000000001,11770
2025-05-03 16:55:05.671660,1178.0,1295.8000000000002,1060.2,1236.9,11780
2025-05-03 16:56:05.671660,1179.0,1296.9,1061.1000000000001,1237.95,11790
2025-05-03 16:57:05.671660,1180.0,1298.0,1062.0,1239.0,11800
2025-05-03 16:58:05.671660,1181.0,1299.1000000000001,1062.9,1240.05,11810
2025-05-03 16:59:05.671660,1182.0,1300.2,1063.8,1241.1000000000001,11820
2025-05-03 17:00:05.671660,1183.0,1301.3000000000002,1064.7,1242.15,11830
2025-05-03 17:01:05.671660,1184.0,1302.4,1065.6000000000001,1243.2,11840
2025-05-03 17:02:05.671660,1185.0,1303.5,1066.5,1244.25,11850
2025-05-03 17:03:05.671660,1186.0,1304.6000000000001,1067.4,1245.3,11860
2025-05-03 17:04:05.671660,1187.0,1305.7,1068.3,1246.3500000000001,11870
2025-05-03 17:05:05.671660,1188.0,1306.8000000000002,1069.2,1247.4,11880
2025-05-03 17:06:05.671660,1189.0,1307.9,1070.1000000000001,1248.45,11890
2025-05-03 17:07:05.671660,1190.0,1309.0,1071.0,1249.5,11900
2025-05-03 17:08:05.671660,1191.0,1310.1000000000001,1071.9,1250.55,11910
2025-05-03 17:09:05.671660,1192.0,1311.2,1072.8,1251.6000000000001,11920
2025-05-03 17:10:05.671660,1193.0,1312.3000000000002,1073.7,1252.65,11930
2025-05-03 17:11:05.671660,1194.0,1313.4,1074.6000000000001,1253.7,11940
2025-05-03 17:12:05.671660,1195.0,1314.5,1075.5,1254.75,11950
2025-05-03 17:13:05.671660,1196.0,1315.6000000000001,1076.4,1255.8,11960
2025-05-03 17:14:05.671660,1197.0,1316.7,1077.3,1256.8500000000001,11970
2025-05-03 17:15:05.671660,1198.0,1317.8000000000002,1078.2,1257.9,11980
2025-05-03 17:16:05.671660,1199.0,1318.9,1079.1000000000001,1258.95,11990
2025-05-03 17:17:05.671660,1200.0,1320.0,1080.0,1260.0,12000
2025-05-03 17:18:05.671660,1201.0,1321.1000000000001,1080.9,1261.05,12010
2025-05-03 17:19:05.671660,1202.0,1322.2,1081.8,1262.1000000000001,12020
2025-05-03 17:20:05.671660,1203.0,1323.3000000000002,1082.7,1263.15,12030
2025-05-03 17:21:05.671660,1204.0,1324.4,1083.6000000000001,1264.2,12040
2025-05-03 17:22:05.671660,1205.0,1325.5,1084.5,1265.25,12050
2025-05-03 17:23:05.671660,1206.0,1326.6000000000001,1085.4,1266.3,12060
2025-05-03 17:24:05.671660,1207.0,1327.7,1086.3,1267.3500000000001,12070
2025-05-03 17:25:05.671660,1208.0,1328.8000000000002,1087.2,1268.4,12080
2025-05-03 17:26:05.671660,1209.0,1329.9,1088.1000000000001,1269.45,12090
2025-05-03 17:27:05.671660,1210.0,1331.0,1089.0,1270.5,12100
2025-05-03 17:28:05.671660,1211.0,1332.1000000000001,1089.9,1271.55,12110
2025-05-03 17:29:05.671660,1212.0,1333.2,1090.8,1272.6000000000001,12120
2025-05-03 17:30:05.671660,1213.0,1334.3000000000002,1091.7,1273.65,12130
2025-05-03 17:31:05.671660,1214.0,1335.4,1092.6000000000001,1274.7,12140
2025-05-03 17:32:05.671660,1215.0,1336.5,1093.5,1275.75,12150
2025-05-03 17:33:05.671660,1216.0,1337.6000000000001,1094.4,1276.8,12160
2025-05-03 17:34:05.671660,1217.0,1338.7,1095.3,1277.8500000000001,12170
2025-05-03 17:35:05.671660,1218.0,1339.8000000000002,1096.2,1278.9,12180
2025-05-03 17:36:05.671660,1219.0,1340.9,1097.1000000000001,1279.95,12190
2025-05-03 17:37:05.671660,1220.0,1342.0,1098.0,1281.0,12200
2025-05-03 17:38:05.671660,1221.0,1343.1000000000001,1098.9,1282.05,12210
2025-05-03 17:39:05.671660,1222.0,1344.2,1099.8,1283.1000000000001,12220
2025-05-03 17:40:05.671660,1223.0,1345.3000000000002,1100.7,1284.15,12230
2025-05-03 17:41:05.671660,1224.0,1346.4,1101.6000000000001,1285.2,12240
2025-05-03 17:42:05.671660,1225.0,1347.5,1102.5,1286.25,12250
2025-05-03 17:43:05.671660,1226.0,1348.6000000000001,1103.4,1287.3,12260
2025-05-03 17:44:05.671660,1227.0,1349.7,1104.3,1288.3500000000001,12270
2025-05-03 17:45:05.671660,1228.0,1350.8000000000002,1105.2,1289.4,12280
2025-05-03 17:46:05.671660,1229.0,1351.9,1106.1000000000001,1290.45,12290
2025-05-03 17:47:05.671660,1230.0,1353.0,1107.0,1291.5,12300
2025-05-03 17:48:05.671660,1231.0,1354.1000000000001,1107.9,1292.55,12310
2025-05-03 17:49:05.671660,1232.0,1355.2,1108.8,1293.6000000000001,12320
2025-05-03 17:50:05.671660,1233.0,1356.3000000000002,1109.7,1294.65,12330
2025-05-03 17:51:05.671660,1234.0,1357.4,1110.6000000000001,1295.7,12340
2025-05-03 17:52:05.671660,1235.0,1358.5,1111.5,1296.75,12350
2025-05-03 17:53:05.671660,1236.0,1359.6000000000001,1112.4,1297.8,12360
2025-05-03 17:54:05.671660,1237.0,1360.7,1113.3,1298.8500000000001,12370
2025-05-03 17:55:05.671660,1238.0,1361.8000000000002,1114.2,1299.9,12380
2025-05-03 17:56:05.671660,1239.0,1362.9,1115.1000000000001,1300.95,12390
2025-05-03 17:57:05.671660,1240.0,1364.0,1116.0,1302.0,12400
2025-05-03 17:58:05.671660,1241.0,1365.1000000000001,1116.9,1303.05,12410
2025-05-03 17:59:05.671660,1242.0,1366.2,1117.8,1304.1000000000001,12420
2025-05-03 18:00:05.671660,1243.0,1367.3000000000002,1118.7,1305.15,12430
2025-05-03 18:01:05.671660,1244.0,1368.4,1119.6000000000001,1306.2,12440
2025-05-03 18:02:05.671660,1245.0,1369.5,1120.5,1307.25,12450
2025-05-03 18:03:05.671660,1246.0,1370.6000000000001,1121.4,1308.3,12460
2025-05-03 18:04:05.671660,1247.0,1371.7,1122.3,1309.3500000000001,12470
2025-05-03 18:05:05.671660,1248.0,1372.8000000000002,1123.2,1310.4,12480
2025-05-03 18:06:05.671660,1249.0,1373.9,1124.1000000000001,1311.45,12490
2025-05-03 18:07:05.671660,1250.0,1375.0,1125.0,1312.5,12500
2025-05-03 18:08:05.671660,1251.0,1376.1000000000001,1125.9,1313.55,12510
2025-05-03 18:09:05.671660,1252.0,1377.2,1126.8,1314.6000000000001,12520
2025-05-03 18:10:05.671660,1253.0,1378.3000000000002,1127.7,1315.65,12530
2025-05-03 18:11:05.671660,1254.0,1379.4,1128.6000000000001,1316.7,12540
2025-05-03 18:12:05.671660,1255.0,1380.5,1129.5,1317.75,12550
2025-05-03 18:13:05.671660,1256.0,1381.6000000000001,1130.4,1318.8,12560
2025-05-03 18:14:05.671660,1257.0,1382.7,1131.3,1319.8500000000001,12570
2025-05-03 18:15:05.671660,1258.0,1383.8000000000002,1132.2,1320.9,12580
2025-05-03 18:16:05.671660,1259.0,1384.9,1133.1000000000001,1321.95,12590
2025-05-03 18:17:05.671660,1260.0,1386.0,1134.0,1323.0,12600
2025-05-03 18:18:05.671660,1261.0,1387.1000000000001,1134.9,1324.05,12610
2025-05-03 18:19:05.671660,1262.0,1388.2,1135.8,1325.1000000000001,12620
2025-05-03 18:20:05.671660,1263.0,1389.3000000000002,1136.7,1326.15,12630
2025-05-03 18:21:05.671660,1264.0,1390.4,1137.6000000000001,1327.2,12640
2025-05-03 18:22:05.671660,1265.0,1391.5,1138.5,1328.25,12650
2025-05-03 18:23:05.671660,1266.0,1392.6000000000001,1139.4,1329.3,12660
2025-05-03 18:24:05.671660,1267.0,1393.7,1140.3,1330.3500000000001,12670
2025-05-03 18:25:05.671660,1268.0,1394.8000000000002,1141.2,1331.4,12680
2025-05-03 18:26:05.671660,1269.0,1395.9,1142.1000000000001,1332.45,12690
2025-05-03 18:27:05.671660,1270.0,1397.0,1143.0,1333.5,12700
2025-05-03 18:28:05.671660,1271.0,1398.1000000000001,1143.9,1334.55,12710
2025-05-03 18:29:05.671660,1272.0,1399.2,1144.8,1335.6000000000001,12720
2025-05-03 18:30:05.671660,1273.0,1400.3000000000002,1145.7,1336.65,12730
2025-05-03 18:31:05.671660,1274.0,1401.4,1146.6000000000001,1337.7,12740
2025-05-03 18:32:05.671660,1275.0,1402.5,1147.5,1338.75,12750
2025-05-03 18:33:05.671660,1276.0,1403.6000000000001,1148.4,1339.8,12760
2025-05-03 18:34:05.671660,1277.0,1404.7,1149.3,1340.8500000000001,12770
2025-05-03 18:35:05.671660,1278.0,1405.8000000000002,1150.2,1341.9,12780
2025-05-03 18:36:05.671660,1279.0,1406.9,1151.1000000000001,1342.95,12790
2025-05-03 18:37:05.671660,1280.0,1408.0,1152.0,1344.0,12800
2025-05-03 18:38:05.671660,1281.0,1409.1000000000001,1152.9,1345.05,12810
2025-05-03 18:39:05.671660,1282.0,1410.2,1153.8,1346.1000000000001,12820
2025-05-03 18:40:05.671660,1283.0,1411.3000000000002,1154.7,1347.15,12830
2025-05-03 18:41:05.671660,1284.0,1412.4,1155.6000000000001,1348.2,12840
2025-05-03 18:42:05.671660,1285.0,1413.5000000000002,1156.5,1349.25,12850
2025-05-03 18:43:05.671660,1286.0,1414.6000000000001,1157.4,1350.3,12860
2025-05-03 18:44:05.671660,1287.0,1415.7,1158.3,1351.3500000000001,12870
2025-05-03 18:45:05.671660,1288.0,1416.8000000000002,1159.2,1352.4,12880
2025-05-03 18:46:05.671660,1289.0,1417.9,1160.1000000000001,1353.45,12890
2025-05-03 18:47:05.671660,1290.0,1419.0000000000002,1161.0,1354.5,12900
2025-05-03 18:48:05.671660,1291.0,1420.1000000000001,1161.9,1355.55,12910
2025-05-03 18:49:05.671660,1292.0,1421.2,1162.8,1356.6000000000001,12920
2025-05-03 18:50:05.671660,1293.0,1422.3000000000002,1163.7,1357.65,12930
2025-05-03 18:51:05.671660,1294.0,1423.4,1164.6000000000001,1358.7,12940
2025-05-03 18:52:05.671660,1295.0,1424.5000000000002,1165.5,1359.75,12950
2025-05-03 18:53:05.671660,1296.0,1425.6000000000001,1166.4,1360.8,12960
2025-05-03 18:54:05.671660,1297.0,1426.7,1167.3,1361.8500000000001,12970
2025-05-03 18:55:05.671660,1298.0,1427.8000000000002,1168.2,1362.9,12980
2025-05-03 18:56:05.671660,1299.0,1428.9,1169.1000000000001,1363.95,12990
2025-05-03 18:57:05.671660,1300.0,1430.0000000000002,1170.0,1365.0,13000
2025-05-03 18:58:05.671660,1301.0,1431.1000000000001,1170.9,1366.05,13010
2025-05-03 18:59:05.671660,1302.0,1432.2,1171.8,1367.1000000000001,13020
2025-05-03 19:00:05.671660,1303.0,1433.3000000000002,1172.7,1368.15,13030
2025-05-03 19:01:05.671660,1304.0,1434.4,1173.6000000000001,1369.2,13040
2025-05-03 19:02:05.671660,1305.0,1435.5000000000002,1174.5,1370.25,13050
2025-05-03 19:03:05.671660,1306.0,1436.6000000000001,1175.4,1371.3,13060
2025-05-03 19:04:05.671660,1307.0,1437.7,1176.3,1372.3500000000001,13070
2025-05-03 19:05:05.671660,1308.0,1438.8000000000002,1177.2,1373.4,13080
2025-05-03 19:06:05.671660,1309.0,1439.9,1178.1000000000001,1374.45,13090
2025-05-03 19:07:05.671660,1310.0,1441.0000000000002,1179.0,1375.5,13100
2025-05-03 19:08:05.671660,1311.0,1442.1000000000001,1179.9,1376.55,13110
2025-05-03 19:09:05.671660,1312.0,1443.2,1180.8,1377.6000000000001,13120
2025-05-03 19:10:05.671660,1313.0,1444.3000000000002,1181.7,1378.65,13130
2025-05-03 19:11:05.671660,1314.0,1445.4,1182.6000000000001,1379.7,13140
2025-05-03 19:12:05.671660,1315.0,1446.5000000000002,1183.5,1380.75,13150
2025-05-03 19:13:05.671660,1316.0,1447.6000000000001,1184.4,1381.8,13160
2025-05-03 19:14:05.671660,1317.0,1448.7,1185.3,1382.8500000000001,13170
2025-05-03 19:15:05.671660,1318.0,1449.8000000000002,1186.2,1383.9,13180
2025-05-03 19:16:05.671660,1319.0,1450.9,1187.1000000000001,1384.95,13190
2025-05-03 19:17:05.671660,1320.0,1452.0000000000002,1188.0,1386.0,13200
2025-05-03 19:18:05.671660,1321.0,1453.1000000000001,1188.9,1387.05,13210
2025-05-03 19:19:05.671660,1322.0,1454.2,1189.8,1388.1000000000001,13220
2025-05-03 19:20:05.671660,1323.0,1455.3000000000002,1190.7,1389.15,13230
2025-05-03 19:21:05.671660,1324.0,1456.4,1191.6000000000001,1390.2,13240
2025-05-03 19:22:05.671660,1325.0,1457.5000000000002,1192.5,1391.25,13250
2025-05-03 19:23:05.671660,1326.0,1458.6000000000001,1193.4,1392.3,13260
2025-05-03 19:24:05.671660,1327.0,1459.7,1194.3,1393.3500000000001,13270
2025-05-03 19:25:05.671660,1328.0,1460.8000000000002,1195.2,1394.4,13280
2025-05-03 19:26:05.671660,1329.0,1461.9,1196.1000000000001,1395.45,13290
2025-05-03 19:27:05.671660,1330.0,1463.0000000000002,1197.0,1396.5,13300
2025-05-03 19:28:05.671660,1331.0,1464.1000000000001,1197.9,1397.55,13310
2025-05-03 19:29:05.671660,1332.0,1465.2,1198.8,1398.6000000000001,13320
2025-05-03 19:30:05.671660,1333.0,1466.3000000000002,1199.7,1399.65,13330
2025-05-03 19:31:05.671660,1334.0,1467.4,1200.6000000000001,1400.7,13340
2025-05-03 19:32:05.671660,1335.0,1468.5000000000002,1201.5,1401.75,13350
2025-05-03 19:33:05.671660,1336.0,1469.6000000000001,1202.4,1402.8,13360
2025-05-03 19:34:05.671660,1337.0,1470.7,1203.3,1403.8500000000001,13370
2025-05-03 19:35:05.671660,1338.0,1471.8000000000002,1204.2,1404.9,13380
2025-05-03 19:36:05.671660,1339.0,1472.9,1205.1000000000001,1405.95,13390
2025-05-03 19:37:05.671660,1340.0,1474.0000000000002,1206.0,1407.0,13400
2025-05-03 19:38:05.671660,1341.0,1475.1000000000001,1206.9,1408.05,13410
2025-05-03 19:39:05.671660,1342.0,1476.2,1207.8,1409.1000000000001,13420
2025-05-03 19:40:05.671660,1343.0,1477.3000000000002,1208.7,1410.15,13430
2025-05-03 19:41:05.671660,1344.0,1478.4,1209.6000000000001,1411.2,13440
2025-05-03 19:42:05.671660,1345.0,1479.5000000000002,1210.5,1412.25,13450
2025-05-03 19:43:05.671660,1346.0,1480.6000000000001,1211.4,1413.3,13460
2025-05-03 19:44:05.671660,1347.0,1481.7,1212.3,1414.3500000000001,13470
2025-05-03 19:45:05.671660,1348.0,1482.8000000000002,1213.2,1415.4,13480
2025-05-03 19:46:05.671660,1349.0,1483.9,1214.1000000000001,1416.45,13490
2025-05-03 19:47:05.671660,1350.0,1485.0000000000002,1215.0,1417.5,13500
2025-05-03 19:48:05.671660,1351.0,1486.1000000000001,1215.9,1418.55,13510
2025-05-03 19:49:05.671660,1352.0,1487.2,1216.8,1419.6000000000001,13520
2025-05-03 19:50:05.671660,1353.0,1488.3000000000002,1217.7,1420.65,13530
2025-05-03 19:51:05.671660,1354.0,1489.4,1218.6000000000001,1421.7,13540
2025-05-03 19:52:05.671660,1355.0,1490.5000000000002,1219.5,1422.75,13550
2025-05-03 19:53:05.671660,1356.0,1491.6000000000001,1220.4,1423.8,13560
2025-05-03 19:54:05.671660,1357.0,1492.7,1221.3,1424.8500000000001,13570
2025-05-03 19:55:05.671660,1358.0,1493.8000000000002,1222.2,1425.9,13580
2025-05-03 19:56:05.671660,1359.0,1494.9,1223.1000000000001,1426.95,13590
2025-05-03 19:57:05.671660,1360.0,1496.0000000000002,1224.0,1428.0,13600
2025-05-03 19:58:05.671660,1361.0,1497.1000000000001,1224.9,1429.05,13610
2025-05-03 19:59:05.671660,1362.0,1498.2,1225.8,1430.1000000000001,13620
2025-05-03 20:00:05.671660,1363.0,1499.3000000000002,1226.7,1431.15,13630
2025-05-03 20:01:05.671660,1364.0,1500.4,1227.6000000000001,1432.2,13640
2025-05-03 20:02:05.671660,1365.0,1501.5000000000002,1228.5,1433.25,13650
2025-05-03 20:03:05.671660,1366.0,1502.6000000000001,1229.4,1434.3,13660
2025-05-03 20:04:05.671660,1367.0,1503.7,1230.3,1435.3500000000001,13670
2025-05-03 20:05:05.671660,1368.0,1504.8000000000002,1231.2,1436.4,13680
2025-05-03 20:06:05.671660,1369.0,1505.9,1232.1000000000001,1437.45,13690
2025-05-03 20:07:05.671660,1370.0,1507.0000000000002,1233.0,1438.5,13700
2025-05-03 20:08:05.671660,1371.0,1508.1000000000001,1233.9,1439.55,13710
2025-05-03 20:09:05.671660,1372.0,1509.2,1234.8,1440.6000000000001,13720
2025-05-03 20:10:05.671660,1373.0,1510.3000000000002,1235.7,1441.65,13730
2025-05-03 20:11:05.671660,1374.0,1511.4,1236.6000000000001,1442.7,13740
2025-05-03 20:12:05.671660,1375.0,1512.5000000000002,1237.5,1443.75,13750
2025-05-03 20:13:05.671660,1376.0,1513.6000000000001,1238.4,1444.8,13760
2025-05-03 20:14:05.671660,1377.0,1514.7,1239.3,1445.8500000000001,13770
2025-05-03 20:15:05.671660,1378.0,1515.8000000000002,1240.2,1446.9,13780
2025-05-03 20:16:05.671660,1379.0,1516.9,1241.1000000000001,1447.95,13790
2025-05-03 20:17:05.671660,1380.0,1518.0000000000002,1242.0,1449.0,13800
2025-05-03 20:18:05.671660,1381.0,1519.1000000000001,1242.9,1450.05,13810
2025-05-03 20:19:05.671660,1382.0,1520.2,1243.8,1451.1000000000001,13820
2025-05-03 20:20:05.671660,1383.0,1521.3000000000002,1244.7,1452.15,13830
2025-05-03 20:21:05.671660,1384.0,1522.4,1245.6000000000001,1453.2,13840
2025-05-03 20:22:05.671660,1385.0,1523.5000000000002,1246.5,1454.25,13850
2025-05-03 20:23:05.671660,1386.0,1524.6000000000001,1247.4,1455.3,13860
2025-05-03 20:24:05.671660,1387.0,1525.7,1248.3,1456.3500000000001,13870
2025-05-03 20:25:05.671660,1388.0,1526.8000000000002,1249.2,1457.4,13880
2025-05-03 20:26:05.671660,1389.0,1527.9,1250.1000000000001,1458.45,13890
2025-05-03 20:27:05.671660,1390.0,1529.0000000000002,1251.0,1459.5,13900
2025-05-03 20:28:05.671660,1391.0,1530.1000000000001,1251.9,1460.55,13910
2025-05-03 20:29:05.671660,1392.0,1531.2,1252.8,1461.6000000000001,13920
2025-05-03 20:30:05.671660,1393.0,1532.3000000000002,1253.7,1462.65,13930
2025-05-03 20:31:05.671660,1394.0,1533.4,1254.6000000000001,1463.7,13940
2025-05-03 20:32:05.671660,1395.0,1534.5000000000002,1255.5,1464.75,13950
2025-05-03 20:33:05.671660,1396.0,1535.6000000000001,1256.4,1465.8,13960
2025-05-03 20:34:05.671660,1397.0,1536.7,1257.3,1466.8500000000001,13970
2025-05-03 20:35:05.671660,1398.0,1537.8000000000002,1258.2,1467.9,13980
2025-05-03 20:36:05.671660,1399.0,1538.9,1259.1000000000001,1468.95,13990
2025-05-03 20:37:05.671660,1400.0,1540.0000000000002,1260.0,1470.0,14000
2025-05-03 20:38:05.671660,1401.0,1541.1000000000001,1260.9,1471.05,14010
2025-05-03 20:39:05.671660,1402.0,1542.2,1261.8,1472.1000000000001,14020
2025-05-03 20:40:05.671660,1403.0,1543.3000000000002,1262.7,1473.15,14030
2025-05-03 20:41:05.671660,1404.0,1544.4,1263.6000000000001,1474.2,14040
2025-05-03 20:42:05.671660,1405.0,1545.5000000000002,1264.5,1475.25,14050
2025-05-03 20:43:05.671660,1406.0,1546.6000000000001,1265.4,1476.3,14060
2025-05-03 20:44:05.671660,1407.0,1547.7,1266.3,1477.3500000000001,14070
2025-05-03 20:45:05.671660,1408.0,1548.8000000000002,1267.2,1478.4,14080
2025-05-03 20:46:05.671660,1409.0,1549.9,1268.1000000000001,1479.45,14090
2025-05-03 20:47:05.671660,1410.0,1551.0000000000002,1269.0,1480.5,14100
2025-05-03 20:48:05.671660,1411.0,1552.1000000000001,1269.9,1481.55,14110
2025-05-03 20:49:05.671660,1412.0,1553.2,1270.8,1482.6000000000001,14120
2025-05-03 20:50:05.671660,1413.0,1554.3000000000002,1271.7,1483.65,14130
2025-05-03 20:51:05.671660,1414.0,1555.4,1272.6000000000001,1484.7,14140
2025-05-03 20:52:05.671660,1415.0,1556.5000000000002,1273.5,1485.75,14150
2025-05-03 20:53:05.671660,1416.0,1557.6000000000001,1274.4,1486.8,14160
2025-05-03 20:54:05.671660,1417.0,1558.7,1275.3,1487.8500000000001,14170
2025-05-03 20:55:05.671660,1418.0,1559.8000000000002,1276.2,1488.9,14180
2025-05-03 20:56:05.671660,1419.0,1560.9,1277.1000000000001,1489.95,14190
2025-05-03 20:57:05.671660,1420.0,1562.0000000000002,1278.0,1491.0,14200
2025-05-03 20:58:05.671660,1421.0,1563.1000000000001,1278.9,1492.05,14210
2025-05-03 20:59:05.671660,1422.0,1564.2,1279.8,1493.1000000000001,14220
2025-05-03 21:00:05.671660,1423.0,1565.3000000000002,1280.7,1494.15,14230
2025-05-03 21:01:05.671660,1424.0,1566.4,1281.6000000000001,1495.2,14240
2025-05-03 21:02:05.671660,1425.0,1567.5000000000002,1282.5,1496.25,14250
2025-05-03 21:03:05.671660,1426.0,1568.6000000000001,1283.4,1497.3,14260
2025-05-03 21:04:05.671660,1427.0,1569.7,1284.3,1498.3500000000001,14270
2025-05-03 21:05:05.671660,1428.0,1570.8000000000002,1285.2,1499.4,14280
2025-05-03 21:06:05.671660,1429.0,1571.9,1286.1000000000001,1500.45,14290
2025-05-03 21:07:05.671660,1430.0,1573.0000000000002,1287.0,1501.5,14300
2025-05-03 21:08:05.671660,1431.0,1574.1000000000001,1287.9,1502.55,14310
2025-05-03 21:09:05.671660,1432.0,1575.2,1288.8,1503.6000000000001,14320
2025-05-03 21:10:05.671660,1433.0,1576.3000000000002,1289.7,1504.65,14330
2025-05-03 21:11:05.671660,1434.0,1577.4,1290.6000000000001,1505.7,14340
2025-05-03 21:12:05.671660,1435.0,1578.5000000000002,1291.5,1506.75,14350
2025-05-03 21:13:05.671660,1436.0,1579.6000000000001,1292.4,1507.8,14360
2025-05-03 21:14:05.671660,1437.0,1580.7,1293.3,1508.8500000000001,14370
2025-05-03 21:15:05.671660,1438.0,1581.8000000000002,1294.2,1509.9,14380
2025-05-03 21:16:05.671660,1439.0,1582.9,1295.1000000000001,1510.95,14390
2025-05-03 21:17:05.671660,1440.0,1584.0000000000002,1296.0,1512.0,14400
2025-05-03 21:18:05.671660,1441.0,1585.1000000000001,1296.9,1513.05,14410
2025-05-03 21:19:05.671660,1442.0,1586.2,1297.8,1514.1000000000001,14420
2025-05-03 21:20:05.671660,1443.0,1587.3000000000002,1298.7,1515.15,14430
2025-05-03 21:21:05.671660,1444.0,1588.4,1299.6000000000001,1516.2,14440
2025-05-03 21:22:05.671660,1445.0,1589.5000000000002,1300.5,1517.25,14450
2025-05-03 21:23:05.671660,1446.0,1590.6000000000001,1301.4,1518.3,14460
2025-05-03 21:24:05.671660,1447.0,1591.7,1302.3,1519.3500000000001,14470
2025-05-03 21:25:05.671660,1448.0,1592.8000000000002,1303.2,1520.4,14480
2025-05-03 21:26:05.671660,1449.0,1593.9,1304.1000000000001,1521.45,14490
2025-05-03 21:27:05.671660,1450.0,1595.0000000000002,1305.0,1522.5,14500
2025-05-03 21:28:05.671660,1451.0,1596.1000000000001,1305.9,1523.55,14510
2025-05-03 21:29:05.671660,1452.0,1597.2,1306.8,1524.6000000000001,14520
2025-05-03 21:30:05.671660,1453.0,1598.3000000000002,1307.7,1525.65,14530
2025-05-03 21:31:05.671660,1454.0,1599.4,1308.6000000000001,1526.7,14540
2025-05-03 21:32:05.671660,1455.0,1600.5000000000002,1309.5,1527.75,14550
2025-05-03 21:33:05.671660,1456.0,1601.6000000000001,1310.4,1528.8,14560
2025-05-03 21:34:05.671660,1457.0,1602.7,1311.3,1529.8500000000001,14570
2025-05-03 21:35:05.671660,1458.0,1603.8000000000002,1312.2,1530.9,14580
2025-05-03 21:36:05.671660,1459.0,1604.9,1313.1000000000001,1531.95,14590
2025-05-03 21:37:05.671660,1460.0,1606.0000000000002,1314.0,1533.0,14600
2025-05-03 21:38:05.671660,1461.0,1607.1000000000001,1314.9,1534.05,14610
2025-05-03 21:39:05.671660,1462.0,1608.2,1315.8,1535.1000000000001,14620
2025-05-03 21:40:05.671660,1463.0,1609.3000000000002,1316.7,1536.15,14630
2025-05-03 21:41:05.671660,1464.0,1610.4,1317.6000000000001,1537.2,14640
2025-05-03 21:42:05.671660,1465.0,1611.5000000000002,1318.5,1538.25,14650
2025-05-03 21:43:05.671660,1466.0,1612.6000000000001,1319.4,1539.3,14660
2025-05-03 21:44:05.671660,1467.0,1613.7,1320.3,1540.3500000000001,14670
2025-05-03 21:45:05.671660,1468.0,1614.8000000000002,1321.2,1541.4,14680
2025-05-03 21:46:05.671660,1469.0,1615.9,1322.1000000000001,1542.45,14690
2025-05-03 21:47:05.671660,1470.0,1617.0000000000002,1323.0,1543.5,14700
2025-05-03 21:48:05.671660,1471.0,1618.1000000000001,1323.9,1544.55,14710
2025-05-03 21:49:05.671660,1472.0,1619.2,1324.8,1545.6000000000001,14720
2025-05-03 21:50:05.671660,1473.0,1620.3000000000002,1325.7,1546.65,14730
2025-05-03 21:51:05.671660,1474.0,1621.4,1326.6000000000001,1547.7,14740
2025-05-03 21:52:05.671660,1475.0,1622.5000000000002,1327.5,1548.75,14750
2025-05-03 21:53:05.671660,1476.0,1623.6000000000001,1328.4,1549.8,14760
2025-05-03 21:54:05.671660,1477.0,1624.7,1329.3,1550.8500000000001,14770
2025-05-03 21:55:05.671660,1478.0,1625.8000000000002,1330.2,1551.9,14780
2025-05-03 21:56:05.671660,1479.0,1626.9,1331.1000000000001,1552.95,14790
2025-05-03 21:57:05.671660,1480.0,1628.0000000000002,1332.0,1554.0,14800
2025-05-03 21:58:05.671660,1481.0,1629.1000000000001,1332.9,1555.05,14810
2025-05-03 21:59:05.671660,1482.0,1630.2,1333.8,1556.1000000000001,14820
2025-05-03 22:00:05.671660,1483.0,1631.3000000000002,1334.7,1557.15,14830
2025-05-03 22:01:05.671660,1484.0,1632.4,1335.6000000000001,1558.2,14840
2025-05-03 22:02:05.671660,1485.0,1633.5000000000002,1336.5,1559.25,14850
2025-05-03 22:03:05.671660,1486.0,1634.6000000000001,1337.4,1560.3,14860
2025-05-03 22:04:05.671660,1487.0,1635.7,1338.3,1561.3500000000001,14870
2025-05-03 22:05:05.671660,1488.0,1636.8000000000002,1339.2,1562.4,14880
2025-05-03 22:06:05.671660,1489.0,1637.9,1340.1000000000001,1563.45,14890
2025-05-03 22:07:05.671660,1490.0,1639.0000000000002,1341.0,1564.5,14900
2025-05-03 22:08:05.671660,1491.0,1640.1000000000001,1341.9,1565.55,14910
2025-05-03 22:09:05.671660,1492.0,1641.2,1342.8,1566.6000000000001,14920
2025-05-03 22:10:05.671660,1493.0,1642.3000000000002,1343.7,1567.65,14930
2025-05-03 22:11:05.671660,1494.0,1643.4,1344.6000000000001,1568.7,14940
2025-05-03 22:12:05.671660,1495.0,1644.5000000000002,1345.5,1569.75,14950
2025-05-03 22:13:05.671660,1496.0,1645.6000000000001,1346.4,1570.8,14960
2025-05-03 22:14:05.671660,1497.0,1646.7,1347.3,1571.8500000000001,14970
2025-05-03 22:15:05.671660,1498.0,1647.8000000000002,1348.2,1572.9,14980
2025-05-03 22:16:05.671660,1499.0,1648.9,1349.1000000000001,1573.95,14990
2025-05-03 22:17:05.671660,1500.0,1650.0000000000002,1350.0,1575.0,15000
2025-05-03 22:18:05.671660,1501.0,1651.1000000000001,1350.9,1576.05,15010
2025-05-03 22:19:05.671660,1502.0,1652.2,1351.8,1577.1000000000001,15020
2025-05-03 22:20:05.671660,1503.0,1653.3000000000002,1352.7,1578.15,15030
2025-05-03 22:21:05.671660,1504.0,1654.4,1353.6000000000001,1579.2,15040
2025-05-03 22:22:05.671660,1505.0,1655.5000000000002,1354.5,1580.25,15050
2025-05-03 22:23:05.671660,1506.0,1656.6000000000001,1355.4,1581.3,15060
2025-05-03 22:24:05.671660,1507.0,1657.7,1356.3,1582.3500000000001,15070
2025-05-03 22:25:05.671660,1508.0,1658.8000000000002,1357.2,1583.4,15080
2025-05-03 22:26:05.671660,1509.0,1659.9,1358.1000000000001,1584.45,15090
2025-05-03 22:27:05.671660,1510.0,1661.0000000000002,1359.0,1585.5,15100
2025-05-03 22:28:05.671660,1511.0,1662.1000000000001,1359.9,1586.55,15110
2025-05-03 22:29:05.671660,1512.0,1663.2,1360.8,1587.6000000000001,15120
2025-05-03 22:30:05.671660,1513.0,1664.3000000000002,1361.7,1588.65,15130
2025-05-03 22:31:05.671660,1514.0,1665.4,1362.6000000000001,1589.7,15140
2025-05-03 22:32:05.671660,1515.0,1666.5000000000002,1363.5,1590.75,15150
2025-05-03 22:33:05.671660,1516.0,1667.6000000000001,1364.4,1591.8,15160
2025-05-03 22:34:05.671660,1517.0,1668.7,1365.3,1592.8500000000001,15170
2025-05-03 22:35:05.671660,1518.0,1669.8000000000002,1366.2,1593.9,15180
2025-05-03 22:36:05.671660,1519.0,1670.9,1367.1000000000001,1594.95,15190
2025-05-03 22:37:05.671660,1520.0,1672.0000000000002,1368.0,1596.0,15200
2025-05-03 22:38:05.671660,1521.0,1673.1000000000001,1368.9,1597.05,15210
2025-05-03 22:39:05.671660,1522.0,1674.2,1369.8,1598.1000000000001,15220
2025-05-03 22:40:05.671660,1523.0,1675.3000000000002,1370.7,1599.15,15230
2025-05-03 22:41:05.671660,1524.0,1676.4,1371.6000000000001,1600.2,15240
2025-05-03 22:42:05.671660,1525.0,1677.5000000000002,1372.5,1601.25,15250
2025-05-03 22:43:05.671660,1526.0,1678.6000000000001,1373.4,1602.3,15260
2025-05-03 22:44:05.671660,1527.0,1679.7,1374.3,1603.3500000000001,15270
2025-05-03 22:45:05.671660,1528.0,1680.8000000000002,1375.2,1604.4,15280
2025-05-03 22:46:05.671660,1529.0,1681.9,1376.1000000000001,1605.45,15290
2025-05-03 22:47:05.671660,1530.0,1683.0000000000002,1377.0,1606.5,15300
2025-05-03 22:48:05.671660,1531.0,1684.1000000000001,1377.9,1607.55,15310
2025-05-03 22:49:05.671660,1532.0,1685.2,1378.8,1608.6000000000001,15320
2025-05-03 22:50:05.671660,1533.0,1686.3000000000002,1379.7,1609.65,15330
2025-05-03 22:51:05.671660,1534.0,1687.4,1380.6000000000001,1610.7,15340
2025-05-03 22:52:05.671660,1535.0,1688.5000000000002,1381.5,1611.75,15350
2025-05-03 22:53:05.671660,1536.0,1689.6000000000001,1382.4,1612.8000000000002,15360
2025-05-03 22:54:05.671660,1537.0,1690.7,1383.3,1613.8500000000001,15370
2025-05-03 22:55:05.671660,1538.0,1691.8000000000002,1384.2,1614.9,15380
2025-05-03 22:56:05.671660,1539.0,1692.9,1385.1000000000001,1615.95,15390
2025-05-03 22:57:05.671660,1540.0,1694.0000000000002,1386.0,1617.0,15400
2025-05-03 22:58:05.671660,1541.0,1695.1000000000001,1386.9,1618.0500000000002,15410
2025-05-03 22:59:05.671660,1542.0,1696.2,1387.8,1619.1000000000001,15420
2025-05-03 23:00:05.671660,1543.0,1697.3000000000002,1388.7,1620.15,15430
2025-05-03 23:01:05.671660,1544.0,1698.4,1389.6000000000001,1621.2,15440
2025-05-03 23:02:05.671660,1545.0,1699.5000000000002,1390.5,1622.25,15450
2025-05-03 23:03:05.671660,1546.0,1700.6000000000001,1391.4,1623.3000000000002,15460
2025-05-03 23:04:05.671660,1547.0,1701.7,1392.3,1624.3500000000001,15470
2025-05-03 23:05:05.671660,1548.0,1702.8000000000002,1393.2,1625.4,15480
2025-05-03 23:06:05.671660,1549.0,1703.9,1394.1000000000001,1626.45,15490
2025-05-03 23:07:05.671660,1550.0,1705.0000000000002,1395.0,1627.5,15500
2025-05-03 23:08:05.671660,1551.0,1706.1000000000001,1395.9,1628.5500000000002,15510
2025-05-03 23:09:05.671660,1552.0,1707.2,1396.8,1629.6000000000001,15520
2025-05-03 23:10:05.671660,1553.0,1708.3000000000002,1397.7,1630.65,15530
2025-05-03 23:11:05.671660,1554.0,1709.4,1398.6000000000001,1631.7,15540
2025-05-03 23:12:05.671660,1555.0,1710.5000000000002,1399.5,1632.75,15550
2025-05-03 23:13:05.671660,1556.0,1711.6000000000001,1400.4,1633.8000000000002,15560
2025-05-03 23:14:05.671660,1557.0,1712.7,1401.3,1634.8500000000001,15570
2025-05-03 23:15:05.671660,1558.0,1713.8000000000002,1402.2,1635.9,15580
2025-05-03 23:16:05.671660,1559.0,1714.9,1403.1000000000001,1636.95,15590
2025-05-03 23:17:05.671660,1560.0,1716.0000000000002,1404.0,1638.0,15600
2025-05-03 23:18:05.671660,1561.0,1717.1000000000001,1404.9,1639.0500000000002,15610
2025-05-03 23:19:05.671660,1562.0,1718.2,1405.8,1640.1000000000001,15620
2025-05-03 23:20:05.671660,1563.0,1719.3000000000002,1406.7,1641.15,15630
2025-05-03 23:21:05.671660,1564.0,1720.4,1407.6000000000001,1642.2,15640
2025-05-03 23:22:05.671660,1565.0,1721.5000000000002,1408.5,1643.25,15650
2025-05-03 23:23:05.671660,1566.0,1722.6000000000001,1409.4,1644.3000000000002,15660
2025-05-03 23:24:05.671660,1567.0,1723.7,1410.3,1645.3500000000001,15670
2025-05-03 23:25:05.671660,1568.0,1724.8000000000002,1411.2,1646.4,15680
2025-05-03 23:26:05.671660,1569.0,1725.9,1412.1000000000001,1647.45,15690
2025-05-03 23:27:05.671660,1570.0,1727.0000000000002,1413.0,1648.5,15700
2025-05-03 23:28:05.671660,1571.0,1728.1000000000001,1413.9,1649.5500000000002,15710
2025-05-03 23:29:05.671660,1572.0,1729.2,1414.8,1650.6000000000001,15720
2025-05-03 23:30:05.671660,1573.0,1730.3000000000002,1415.7,1651.65,15730
2025-05-03 23:31:05.671660,1574.0,1731.4,1416.6000000000001,1652.7,15740
2025-05-03 23:32:05.671660,1575.0,1732.5000000000002,1417.5,1653.75,15750
2025-05-03 23:33:05.671660,1576.0,1733.6000000000001,1418.4,1654.8000000000002,15760
2025-05-03 23:34:05.671660,1577.0,1734.7,1419.3,1655.8500000000001,15770
2025-05-03 23:35:05.671660,1578.0,1735.8000000000002,1420.2,1656.9,15780
2025-05-03 23:36:05.671660,1579.0,1736.9,1421.1000000000001,1657.95,15790
2025-05-03 23:37:05.671660,1580.0,1738.0000000000002,1422.0,1659.0,15800
2025-05-03 23:38:05.671660,1581.0,1739.1000000000001,1422.9,1660.0500000000002,15810
2025-05-03 23:39:05.671660,1582.0,1740.2,1423.8,1661.1000000000001,15820
2025-05-03 23:40:05.671660,1583.0,1741.3000000000002,1424.7,1662.15,15830
2025-05-03 23:41:05.671660,1584.0,1742.4,1425.6000000000001,1663.2,15840
2025-05-03 23:42:05.671660,1585.0,1743.5000000000002,1426.5,1664.25,15850
2025-05-03 23:43:05.671660,1586.0,1744.6000000000001,1427.4,1665.3000000000002,15860
2025-05-03 23:44:05.671660,1587.0,1745.7,1428.3,1666.3500000000001,15870
2025-05-03 23:45:05.671660,1588.0,1746.8000000000002,1429.2,1667.4,15880
2025-05-03 23:46:05.671660,1589.0,1747.9,1430.1000000000001,1668.45,15890
2025-05-03 23:47:05.671660,1590.0,1749.0000000000002,1431.0,1669.5,15900
2025-05-03 23:48:05.671660,1591.0,1750.1000000000001,1431.9,1670.5500000000002,15910
2025-05-03 23:49:05.671660,1592.0,1751.2,1432.8,1671.6000000000001,15920
2025-05-03 23:50:05.671660,1593.0,1752.3000000000002,1433.7,1672.65,15930
2025-05-03 23:51:05.671660,1594.0,1753.4,1434.6000000000001,1673.7,15940
2025-05-03 23:52:05.671660,1595.0,1754.5000000000002,1435.5,1674.75,15950
2025-05-03 23:53:05.671660,1596.0,1755.6000000000001,1436.4,1675.8000000000002,15960
2025-05-03 23:54:05.671660,1597.0,1756.7,1437.3,1676.8500000000001,15970
2025-05-03 23:55:05.671660,1598.0,1757.8000000000002,1438.2,1677.9,15980
2025-05-03 23:56:05.671660,1599.0,1758.9,1439.1000000000001,1678.95,15990
2025-05-03 23:57:05.671660,1600.0,1760.0000000000002,1440.0,1680.0,16000
2025-05-03 23:58:05.671660,1601.0,1761.1000000000001,1440.9,1681.0500000000002,16010
2025-05-03 23:59:05.671660,1602.0,1762.2,1441.8,1682.1000000000001,16020
2025-05-04 00:00:05.671660,1603.0,1763.3000000000002,1442.7,1683.15,16030
2025-05-04 00:01:05.671660,1604.0,1764.4,1443.6000000000001,1684.2,16040
2025-05-04 00:02:05.671660,1605.0,1765.5000000000002,1444.5,1685.25,16050
2025-05-04 00:03:05.671660,1606.0,1766.6000000000001,1445.4,1686.3000000000002,16060
2025-05-04 00:04:05.671660,1607.0,1767.7,1446.3,1687.3500000000001,16070
2025-05-04 00:05:05.671660,1608.0,1768.8000000000002,1447.2,1688.4,16080
2025-05-04 00:06:05.671660,1609.0,1769.9,1448.1000000000001,1689.45,16090
2025-05-04 00:07:05.671660,1610.0,1771.0000000000002,1449.0,1690.5,16100
2025-05-04 00:08:05.671660,1611.0,1772.1000000000001,1449.9,1691.5500000000002,16110
2025-05-04 00:09:05.671660,1612.0,1773.2,1450.8,1692.6000000000001,16120
2025-05-04 00:10:05.671660,1613.0,1774.3000000000002,1451.7,1693.65,16130
2025-05-04 00:11:05.671660,1614.0,1775.4,1452.6000000000001,1694.7,16140
2025-05-04 00:12:05.671660,1615.0,1776.5000000000002,1453.5,1695.75,16150
2025-05-04 00:13:05.671660,1616.0,1777.6000000000001,1454.4,1696.8000000000002,16160
2025-05-04 00:14:05.671660,1617.0,1778.7,1455.3,1697.8500000000001,16170
2025-05-04 00:15:05.671660,1618.0,1779.8000000000002,1456.2,1698.9,16180
2025-05-04 00:16:05.671660,1619.0,1780.9,1457.1000000000001,1699.95,16190
2025-05-04 00:17:05.671660,1620.0,1782.0000000000002,1458.0,1701.0,16200
2025-05-04 00:18:05.671660,1621.0,1783.1000000000001,1458.9,1702.0500000000002,16210
2025-05-04 00:19:05.671660,1622.0,1784.2,1459.8,1703.1000000000001,16220
2025-05-04 00:20:05.671660,1623.0,1785.3000000000002,1460.7,1704.15,16230
2025-05-04 00:21:05.671660,1624.0,1786.4,1461.6000000000001,1705.2,16240
2025-05-04 00:22:05.671660,1625.0,1787.5000000000002,1462.5,1706.25,16250
2025-05-04 00:23:05.671660,1626.0,1788.6000000000001,1463.4,1707.3000000000002,16260
2025-05-04 00:24:05.671660,1627.0,1789.7,1464.3,1708.3500000000001,16270
2025-05-04 00:25:05.671660,1628.0,1790.8000000000002,1465.2,1709.4,16280
2025-05-04 00:26:05.671660,1629.0,1791.9,1466.1000000000001,1710.45,16290
2025-05-04 00:27:05.671660,1630.0,1793.0000000000002,1467.0,1711.5,16300
2025-05-04 00:28:05.671660,1631.0,1794.1000000000001,1467.9,1712.5500000000002,16310
2025-05-04 00:29:05.671660,1632.0,1795.2,1468.8,1713.6000000000001,16320
2025-05-04 00:30:05.671660,1633.0,1796.3000000000002,1469.7,1714.65,16330
2025-05-04 00:31:05.671660,1634.0,1797.4,1470.6000000000001,1715.7,16340
2025-05-04 00:32:05.671660,1635.0,1798.5000000000002,1471.5,1716.75,16350
2025-05-04 00:33:05.671660,1636.0,1799.6000000000001,1472.4,1717.8000000000002,16360
2025-05-04 00:34:05.671660,1637.0,1800.7,1473.3,1718.8500000000001,16370
2025-05-04 00:35:05.671660,1638.0,1801.8000000000002,1474.2,1719.9,16380
2025-05-04 00:36:05.671660,1639.0,1802.9,1475.1000000000001,1720.95,16390
2025-05-04 00:37:05.671660,1640.0,1804.0000000000002,1476.0,1722.0,16400
2025-05-04 00:38:05.671660,1641.0,1805.1000000000001,1476.9,1723.0500000000002,16410
2025-05-04 00:39:05.671660,1642.0,1806.2,1477.8,1724.1000000000001,16420
2025-05-04 00:40:05.671660,1643.0,1807.3000000000002,1478.7,1725.15,16430
2025-05-04 00:41:05.671660,1644.0,1808.4,1479.6000000000001,1726.2,16440
2025-05-04 00:42:05.671660,1645.0,1809.5000000000002,1480.5,1727.25,16450
2025-05-04 00:43:05.671660,1646.0,1810.6000000000001,1481.4,1728.3000000000002,16460
2025-05-04 00:44:05.671660,1647.0,1811.7,1482.3,1729.3500000000001,16470
2025-05-04 00:45:05.671660,1648.0,1812.8000000000002,1483.2,1730.4,16480
2025-05-04 00:46:05.671660,1649.0,1813.9,1484.1000000000001,1731.45,16490
2025-05-04 00:47:05.671660,1650.0,1815.0000000000002,1485.0,1732.5,16500
2025-05-04 00:48:05.671660,1651.0,1816.1000000000001,1485.9,1733.5500000000002,16510
2025-05-04 00:49:05.671660,1652.0,1817.2,1486.8,1734.6000000000001,16520
2025-05-04 00:50:05.671660,1653.0,1818.3000000000002,1487.7,1735.65,16530
2025-05-04 00:51:05.671660,1654.0,1819.4,1488.6000000000001,1736.7,16540
2025-05-04 00:52:05.671660,1655.0,1820.5000000000002,1489.5,1737.75,16550
2025-05-04 00:53:05.671660,1656.0,1821.6000000000001,1490.4,1738.8000000000002,16560
2025-05-04 00:54:05.671660,1657.0,1822.7,1491.3,1739.8500000000001,16570
2025-05-04 00:55:05.671660,1658.0,1823.8000000000002,1492.2,1740.9,16580
2025-05-04 00:56:05.671660,1659.0,1824.9,1493.1000000000001,1741.95,16590
2025-05-04 00:57:05.671660,1660.0,1826.0000000000002,1494.0,1743.0,16600
2025-05-04 00:58:05.671660,1661.0,1827.1000000000001,1494.9,1744.0500000000002,16610
2025-05-04 00:59:05.671660,1662.0,1828.2,1495.8,1745.1000000000001,16620
2025-05-04 01:00:05.671660,1663.0,1829.3000000000002,1496.7,1746.15,16630
2025-05-04 01:01:05.671660,1664.0,1830.4,1497.6000000000001,1747.2,16640
2025-05-04 01:02:05.671660,1665.0,1831.5000000000002,1498.5,1748.25,16650
2025-05-04 01:03:05.671660,1666.0,1832.6000000000001,1499.4,1749.3000000000002,16660
2025-05-04 01:04:05.671660,1667.0,1833.7,1500.3,1750.3500000000001,16670
2025-05-04 01:05:05.671660,1668.0,1834.8000000000002,1501.2,1751.4,16680
2025-05-04 01:06:05.671660,1669.0,1835.9,1502.1000000000001,1752.45,16690
2025-05-04 01:07:05.671660,1670.0,1837.0000000000002,1503.0,1753.5,16700
2025-05-04 01:08:05.671660,1671.0,1838.1000000000001,1503.9,1754.5500000000002,16710
2025-05-04 01:09:05.671660,1672.0,1839.2,1504.8,1755.6000000000001,16720
2025-05-04 01:10:05.671660,1673.0,1840.3000000000002,1505.7,1756.65,16730
2025-05-04 01:11:05.671660,1674.0,1841.4,1506.6000000000001,1757.7,16740
2025-05-04 01:12:05.671660,1675.0,1842.5000000000002,1507.5,1758.75,16750
2025-05-04 01:13:05.671660,1676.0,1843.6000000000001,1508.4,1759.8000000000002,16760
2025-05-04 01:14:05.671660,1677.0,1844.7,1509.3,1760.8500000000001,16770
2025-05-04 01:15:05.671660,1678.0,1845.8000000000002,1510.2,1761.9,16780
2025-05-04 01:16:05.671660,1679.0,1846.9,1511.1000000000001,1762.95,16790
2025-05-04 01:17:05.671660,1680.0,1848.0000000000002,1512.0,1764.0,16800
2025-05-04 01:18:05.671660,1681.0,1849.1000000000001,1512.9,1765.0500000000002,16810
2025-05-04 01:19:05.671660,1682.0,1850.2,1513.8,1766.1000000000001,16820
2025-05-04 01:20:05.671660,1683.0,1851.3000000000002,1514.7,1767.15,16830
2025-05-04 01:21:05.671660,1684.0,1852.4,1515.6000000000001,1768.2,16840
2025-05-04 01:22:05.671660,1685.0,1853.5000000000002,1516.5,1769.25,16850
2025-05-04 01:23:05.671660,1686.0,1854.6000000000001,1517.4,1770.3000000000002,16860
2025-05-04 01:24:05.671660,1687.0,1855.7,1518.3,1771.3500000000001,16870
2025-05-04 01:25:05.671660,1688.0,1856.8000000000002,1519.2,1772.4,16880
2025-05-04 01:26:05.671660,1689.0,1857.9,1520.1000000000001,1773.45,16890
2025-05-04 01:27:05.671660,1690.0,1859.0000000000002,1521.0,1774.5,16900
2025-05-04 01:28:05.671660,1691.0,1860.1000000000001,1521.9,1775.5500000000002,16910
2025-05-04 01:29:05.671660,1692.0,1861.2,1522.8,1776.6000000000001,16920
2025-05-04 01:30:05.671660,1693.0,1862.3000000000002,1523.7,1777.65,16930
2025-05-04 01:31:05.671660,1694.0,1863.4,1524.6000000000001,1778.7,16940
2025-05-04 01:32:05.671660,1695.0,1864.5000000000002,1525.5,1779.75,16950
2025-05-04 01:33:05.671660,1696.0,1865.6000000000001,1526.4,1780.8000000000002,16960
2025-05-04 01:34:05.671660,1697.0,1866.7,1527.3,1781.8500000000001,16970
2025-05-04 01:35:05.671660,1698.0,1867.8000000000002,1528.2,1782.9,16980
2025-05-04 01:36:05.671660,1699.0,1868.9,1529.1000000000001,1783.95,16990
2025-05-04 01:37:05.671660,1700.0,1870.0000000000002,1530.0,1785.0,17000
2025-05-04 01:38:05.671660,1701.0,1871.1000000000001,1530.9,1786.0500000000002,17010
2025-05-04 01:39:05.671660,1702.0,1872.2,1531.8,1787.1000000000001,17020
2025-05-04 01:40:05.671660,1703.0,1873.3000000000002,1532.7,1788.15,17030
2025-05-04 01:41:05.671660,1704.0,1874.4,1533.6000000000001,1789.2,17040
2025-05-04 01:42:05.671660,1705.0,1875.5000000000002,1534.5,1790.25,17050
2025-05-04 01:43:05.671660,1706.0,1876.6000000000001,1535.4,1791.3000000000002,17060
2025-05-04 01:44:05.671660,1707.0,1877.7,1536.3,1792.3500000000001,17070
2025-05-04 01:45:05.671660,1708.0,1878.8000000000002,1537.2,1793.4,17080
2025-05-04 01:46:05.671660,1709.0,1879.9,1538.1000000000001,1794.45,17090
2025-05-04 01:47:05.671660,1710.0,1881.0000000000002,1539.0,1795.5,17100
2025-05-04 01:48:05.671660,1711.0,1882.1000000000001,1539.9,1796.5500000000002,17110
2025-05-04 01:49:05.671660,1712.0,1883.2,1540.8,1797.6000000000001,17120
2025-05-04 01:50:05.671660,1713.0,1884.3000000000002,1541.7,1798.65,17130
2025-05-04 01:51:05.671660,1714.0,1885.4,1542.6000000000001,1799.7,17140
2025-05-04 01:52:05.671660,1715.0,1886.5000000000002,1543.5,1800.75,17150
2025-05-04 01:53:05.671660,1716.0,1887.6000000000001,1544.4,1801.8000000000002,17160
2025-05-04 01:54:05.671660,1717.0,1888.7,1545.3,1802.8500000000001,17170
2025-05-04 01:55:05.671660,1718.0,1889.8000000000002,1546.2,1803.9,17180
2025-05-04 01:56:05.671660,1719.0,1890.9,1547.1000000000001,1804.95,17190
2025-05-04 01:57:05.671660,1720.0,1892.0000000000002,1548.0,1806.0,17200
2025-05-04 01:58:05.671660,1721.0,1893.1000000000001,1548.9,1807.0500000000002,17210
2025-05-04 01:59:05.671660,1722.0,1894.2,1549.8,1808.1000000000001,17220
2025-05-04 02:00:05.671660,1723.0,1895.3000000000002,1550.7,1809.15,17230
2025-05-04 02:01:05.671660,1724.0,1896.4,1551.6000000000001,1810.2,17240
2025-05-04 02:02:05.671660,1725.0,1897.5000000000002,1552.5,1811.25,17250
2025-05-04 02:03:05.671660,1726.0,1898.6000000000001,1553.4,1812.3000000000002,17260
2025-05-04 02:04:05.671660,1727.0,1899.7,1554.3,1813.3500000000001,17270
2025-05-04 02:05:05.671660,1728.0,1900.8000000000002,1555.2,1814.4,17280
2025-05-04 02:06:05.671660,1729.0,1901.9,1556.1000000000001,1815.45,17290
2025-05-04 02:07:05.671660,1730.0,1903.0000000000002,1557.0,1816.5,17300
2025-05-04 02:08:05.671660,1731.0,1904.1000000000001,1557.9,1817.5500000000002,17310
2025-05-04 02:09:05.671660,1732.0,1905.2,1558.8,1818.6000000000001,17320
2025-05-04 02:10:05.671660,1733.0,1906.3000000000002,1559.7,1819.65,17330
2025-05-04 02:11:05.671660,1734.0,1907.4,1560.6000000000001,1820.7,17340
2025-05-04 02:12:05.671660,1735.0,1908.5000000000002,1561.5,1821.75,17350
2025-05-04 02:13:05.671660,1736.0,1909.6000000000001,1562.4,1822.8000000000002,17360
2025-05-04 02:14:05.671660,1737.0,1910.7,1563.3,1823.8500000000001,17370
2025-05-04 02:15:05.671660,1738.0,1911.8000000000002,1564.2,1824.9,17380
2025-05-04 02:16:05.671660,1739.0,1912.9,1565.1000000000001,1825.95,17390
2025-05-04 02:17:05.671660,1740.0,1914.0000000000002,1566.0,1827.0,17400
2025-05-04 02:18:05.671660,1741.0,1915.1000000000001,1566.9,1828.0500000000002,17410
2025-05-04 02:19:05.671660,1742.0,1916.2,1567.8,1829.1000000000001,17420
2025-05-04 02:20:05.671660,1743.0,1917.3000000000002,1568.7,1830.15,17430
2025-05-04 02:21:05.671660,1744.0,1918.4,1569.6000000000001,1831.2,17440
2025-05-04 02:22:05.671660,1745.0,1919.5000000000002,1570.5,1832.25,17450
2025-05-04 02:23:05.671660,1746.0,1920.6000000000001,1571.4,1833.3000000000002,17460
2025-05-04 02:24:05.671660,1747.0,1921.7,1572.3,1834.3500000000001,17470
2025-05-04 02:25:05.671660,1748.0,1922.8000000000002,1573.2,1835.4,17480
2025-05-04 02:26:05.671660,1749.0,1923.9,1574.1000000000001,1836.45,17490
2025-05-04 02:27:05.671660,1750.0,1925.0000000000002,1575.0,1837.5,17500
2025-05-04 02:28:05.671660,1751.0,1926.1000000000001,1575.9,1838.5500000000002,17510
2025-05-04 02:29:05.671660,1752.0,1927.2,1576.8,1839.6000000000001,17520
2025-05-04 02:30:05.671660,1753.0,1928.3000000000002,1577.7,1840.65,17530
2025-05-04 02:31:05.671660,1754.0,1929.4,1578.6000000000001,1841.7,17540
2025-05-04 02:32:05.671660,1755.0,1930.5000000000002,1579.5,1842.75,17550
2025-05-04 02:33:05.671660,1756.0,1931.6000000000001,1580.4,1843.8000000000002,17560
2025-05-04 02:34:05.671660,1757.0,1932.7,1581.3,1844.8500000000001,17570
2025-05-04 02:35:05.671660,1758.0,1933.8000000000002,1582.2,1845.9,17580
2025-05-04 02:36:05.671660,1759.0,1934.9,1583.1000000000001,1846.95,17590
2025-05-04 02:37:05.671660,1760.0,1936.0000000000002,1584.0,1848.0,17600
2025-05-04 02:38:05.671660,1761.0,1937.1000000000001,1584.9,1849.0500000000002,17610
2025-05-04 02:39:05.671660,1762.0,1938.2,1585.8,1850.1000000000001,17620
2025-05-04 02:40:05.671660,1763.0,1939.3000000000002,1586.7,1851.15,17630
2025-05-04 02:41:05.671660,1764.0,1940.4,1587.6000000000001,1852.2,17640
2025-05-04 02:42:05.671660,1765.0,1941.5000000000002,1588.5,1853.25,17650
2025-05-04 02:43:05.671660,1766.0,1942.6000000000001,1589.4,1854.3000000000002,17660
2025-05-04 02:44:05.671660,1767.0,1943.7,1590.3,1855.3500000000001,17670
2025-05-04 02:45:05.671660,1768.0,1944.8000000000002,1591.2,1856.4,17680
2025-05-04 02:46:05.671660,1769.0,1945.9,1592.1000000000001,1857.45,17690
2025-05-04 02:47:05.671660,1770.0,1947.0000000000002,1593.0,1858.5,17700
2025-05-04 02:48:05.671660,1771.0,1948.1000000000001,1593.9,1859.5500000000002,17710
2025-05-04 02:49:05.671660,1772.0,1949.2,1594.8,1860.6000000000001,17720
2025-05-04 02:50:05.671660,1773.0,1950.3000000000002,1595.7,1861.65,17730
2025-05-04 02:51:05.671660,1774.0,1951.4,1596.6000000000001,1862.7,17740
2025-05-04 02:52:05.671660,1775.0,1952.5000000000002,1597.5,1863.75,17750
2025-05-04 02:53:05.671660,1776.0,1953.6000000000001,1598.4,1864.8000000000002,17760
2025-05-04 02:54:05.671660,1777.0,1954.7,1599.3,1865.8500000000001,17770
2025-05-04 02:55:05.671660,1778.0,1955.8000000000002,1600.2,1866.9,17780
2025-05-04 02:56:05.671660,1779.0,1956.9,1601.1000000000001,1867.95,17790
2025-05-04 02:57:05.671660,1780.0,1958.0000000000002,1602.0,1869.0,17800
2025-05-04 02:58:05.671660,1781.0,1959.1000000000001,1602.9,1870.0500000000002,17810
2025-05-04 02:59:05.671660,1782.0,1960.2,1603.8,1871.1000000000001,17820
2025-05-04 03:00:05.671660,1783.0,1961.3000000000002,1604.7,1872.15,17830
2025-05-04 03:01:05.671660,1784.0,1962.4,1605.6000000000001,1873.2,17840
2025-05-04 03:02:05.671660,1785.0,1963.5000000000002,1606.5,1874.25,17850
2025-05-04 03:03:05.671660,1786.0,1964.6000000000001,1607.4,1875.3000000000002,17860
2025-05-04 03:04:05.671660,1787.0,1965.7,1608.3,1876.3500000000001,17870
2025-05-04 03:05:05.671660,1788.0,1966.8000000000002,1609.2,1877.4,17880
2025-05-04 03:06:05.671660,1789.0,1967.9,1610.1000000000001,1878.45,17890
2025-05-04 03:07:05.671660,1790.0,1969.0000000000002,1611.0,1879.5,17900
2025-05-04 03:08:05.671660,1791.0,1970.1000000000001,1611.9,1880.5500000000002,17910
2025-05-04 03:09:05.671660,1792.0,1971.2000000000003,1612.8,1881.6000000000001,17920
2025-05-04 03:10:05.671660,1793.0,1972.3000000000002,1613.7,1882.65,17930
2025-05-04 03:11:05.671660,1794.0,1973.4,1614.6000000000001,1883.7,17940
2025-05-04 03:12:05.671660,1795.0,1974.5000000000002,1615.5,1884.75,17950
2025-05-04 03:13:05.671660,1796.0,1975.6000000000001,1616.4,1885.8000000000002,17960
2025-05-04 03:14:05.671660,1797.0,1976.7000000000003,1617.3,1886.8500000000001,17970
2025-05-04 03:15:05.671660,1798.0,1977.8000000000002,1618.2,1887.9,17980
2025-05-04 03:16:05.671660,1799.0,1978.9,1619.1000000000001,1888.95,17990
2025-05-04 03:17:05.671660,1800.0,1980.0000000000002,1620.0,1890.0,18000
2025-05-04 03:18:05.671660,1801.0,1981.1000000000001,1620.9,1891.0500000000002,18010
2025-05-04 03:19:05.671660,1802.0,1982.2000000000003,1621.8,1892.1000000000001,18020
2025-05-04 03:20:05.671660,1803.0,1983.3000000000002,1622.7,1893.15,18030
2025-05-04 03:21:05.671660,1804.0,1984.4,1623.6000000000001,1894.2,18040
2025-05-04 03:22:05.671660,1805.0,1985.5000000000002,1624.5,1895.25,18050
2025-05-04 03:23:05.671660,1806.0,1986.6000000000001,1625.4,1896.3000000000002,18060
2025-05-04 03:24:05.671660,1807.0,1987.7000000000003,1626.3,1897.3500000000001,18070
2025-05-04 03:25:05.671660,1808.0,1988.8000000000002,1627.2,1898.4,18080
2025-05-04 03:26:05.671660,1809.0,1989.9,1628.1000000000001,1899.45,18090
2025-05-04 03:27:05.671660,1810.0,1991.0000000000002,1629.0,1900.5,18100
2025-05-04 03:28:05.671660,1811.0,1992.1000000000001,1629.9,1901.5500000000002,18110
2025-05-04 03:29:05.671660,1812.0,1993.2000000000003,1630.8,1902.6000000000001,18120
2025-05-04 03:30:05.671660,1813.0,1994.3000000000002,1631.7,1903.65,18130
2025-05-04 03:31:05.671660,1814.0,1995.4,1632.6000000000001,1904.7,18140
2025-05-04 03:32:05.671660,1815.0,1996.5000000000002,1633.5,1905.75,18150
2025-05-04 03:33:05.671660,1816.0,1997.6000000000001,1634.4,1906.8000000000002,18160
2025-05-04 03:34:05.671660,1817.0,1998.7000000000003,1635.3,1907.8500000000001,18170
2025-05-04 03:35:05.671660,1818.0,1999.8000000000002,1636.2,1908.9,18180
2025-05-04 03:36:05.671660,1819.0,2000.9,1637.1000000000001,1909.95,18190
2025-05-04 03:37:05.671660,1820.0,2002.0000000000002,1638.0,1911.0,18200
2025-05-04 03:38:05.671660,1821.0,2003.1000000000001,1638.9,1912.0500000000002,18210
2025-05-04 03:39:05.671660,1822.0,2004.2000000000003,1639.8,1913.1000000000001,18220
2025-05-04 03:40:05.671660,1823.0,2005.3000000000002,1640.7,1914.15,18230
2025-05-04 03:41:05.671660,1824.0,2006.4,1641.6000000000001,1915.2,18240
2025-05-04 03:42:05.671660,1825.0,2007.5000000000002,1642.5,1916.25,18250
2025-05-04 03:43:05.671660,1826.0,2008.6000000000001,1643.4,1917.3000000000002,18260
2025-05-04 03:44:05.671660,1827.0,2009.7000000000003,1644.3,1918.3500000000001,18270
2025-05-04 03:45:05.671660,1828.0,2010.8000000000002,1645.2,1919.4,18280
2025-05-04 03:46:05.671660,1829.0,2011.9,1646.1000000000001,1920.45,18290
2025-05-04 03:47:05.671660,1830.0,2013.0000000000002,1647.0,1921.5,18300
2025-05-04 03:48:05.671660,1831.0,2014.1000000000001,1647.9,1922.5500000000002,18310
2025-05-04 03:49:05.671660,1832.0,2015.2000000000003,1648.8,1923.6000000000001,18320
2025-05-04 03:50:05.671660,1833.0,2016.3000000000002,1649.7,1924.65,18330
2025-05-04 03:51:05.671660,1834.0,2017.4,1650.6000000000001,1925.7,18340
2025-05-04 03:52:05.671660,1835.0,2018.5000000000002,1651.5,1926.75,18350
2025-05-04 03:53:05.671660,1836.0,2019.6000000000001,1652.4,1927.8000000000002,18360
2025-05-04 03:54:05.671660,1837.0,2020.7000000000003,1653.3,1928.8500000000001,18370
2025-05-04 03:55:05.671660,1838.0,2021.8000000000002,1654.2,1929.9,18380
2025-05-04 03:56:05.671660,1839.0,2022.9,1655.1000000000001,1930.95,18390
2025-05-04 03:57:05.671660,1840.0,2024.0000000000002,1656.0,1932.0,18400
2025-05-04 03:58:05.671660,1841.0,2025.1000000000001,1656.9,1933.0500000000002,18410
2025-05-04 03:59:05.671660,1842.0,2026.2000000000003,1657.8,1934.1000000000001,18420
2025-05-04 04:00:05.671660,1843.0,2027.3000000000002,1658.7,1935.15,18430
2025-05-04 04:01:05.671660,1844.0,2028.4,1659.6000000000001,1936.2,18440
2025-05-04 04:02:05.671660,1845.0,2029.5000000000002,1660.5,1937.25,18450
2025-05-04 04:03:05.671660,1846.0,2030.6000000000001,1661.4,1938.3000000000002,18460
2025-05-04 04:04:05.671660,1847.0,2031.7000000000003,1662.3,1939.3500000000001,18470
2025-05-04 04:05:05.671660,1848.0,2032.8000000000002,1663.2,1940.4,18480
2025-05-04 04:06:05.671660,1849.0,2033.9,1664.1000000000001,1941.45,18490
2025-05-04 04:07:05.671660,1850.0,2035.0000000000002,1665.0,1942.5,18500
2025-05-04 04:08:05.671660,1851.0,2036.1000000000001,1665.9,1943.5500000000002,18510
2025-05-04 04:09:05.671660,1852.0,2037.2000000000003,1666.8,1944.6000000000001,18520
2025-05-04 04:10:05.671660,1853.0,2038.3000000000002,1667.7,1945.65,18530
2025-05-04 04:11:05.671660,1854.0,2039.4,1668.6000000000001,1946.7,18540
2025-05-04 04:12:05.671660,1855.0,2040.5000000000002,1669.5,1947.75,18550
2025-05-04 04:13:05.671660,1856.0,2041.6000000000001,1670.4,1948.8000000000002,18560
2025-05-04 04:14:05.671660,1857.0,2042.7000000000003,1671.3,1949.8500000000001,18570
2025-05-04 04:15:05.671660,1858.0,2043.8000000000002,1672.2,1950.9,18580
2025-05-04 04:16:05.671660,1859.0,2044.9,1673.1000000000001,1951.95,18590
2025-05-04 04:17:05.671660,1860.0,2046.0000000000002,1674.0,1953.0,18600
2025-05-04 04:18:05.671660,1861.0,2047.1000000000001,1674.9,1954.0500000000002,18610
2025-05-04 04:19:05.671660,1862.0,2048.2000000000003,1675.8,1955.1000000000001,18620
2025-05-04 04:20:05.671660,1863.0,2049.3,1676.7,1956.15,18630
2025-05-04 04:21:05.671660,1864.0,2050.4,1677.6000000000001,1957.2,18640
2025-05-04 04:22:05.671660,1865.0,2051.5,1678.5,1958.25,18650
2025-05-04 04:23:05.671660,1866.0,2052.6000000000004,1679.4,1959.3000000000002,18660
2025-05-04 04:24:05.671660,1867.0,2053.7000000000003,1680.3,1960.3500000000001,18670
2025-05-04 04:25:05.671660,1868.0,2054.8,1681.2,1961.4,18680
2025-05-04 04:26:05.671660,1869.0,2055.9,1682.1000000000001,1962.45,18690
2025-05-04 04:27:05.671660,1870.0,2057.0,1683.0,1963.5,18700
2025-05-04 04:28:05.671660,1871.0,2058.1000000000004,1683.9,1964.5500000000002,18710
2025-05-04 04:29:05.671660,1872.0,2059.2000000000003,1684.8,1965.6000000000001,18720
2025-05-04 04:30:05.671660,1873.0,2060.3,1685.7,1966.65,18730
2025-05-04 04:31:05.671660,1874.0,2061.4,1686.6000000000001,1967.7,18740
2025-05-04 04:32:05.671660,1875.0,2062.5,1687.5,1968.75,18750
2025-05-04 04:33:05.671660,1876.0,2063.6000000000004,1688.4,1969.8000000000002,18760
2025-05-04 04:34:05.671660,1877.0,2064.7000000000003,1689.3,1970.8500000000001,18770
2025-05-04 04:35:05.671660,1878.0,2065.8,1690.2,1971.9,18780
2025-05-04 04:36:05.671660,1879.0,2066.9,1691.1000000000001,1972.95,18790
2025-05-04 04:37:05.671660,1880.0,2068.0,1692.0,1974.0,18800
2025-05-04 04:38:05.671660,1881.0,2069.1000000000004,1692.9,1975.0500000000002,18810
2025-05-04 04:39:05.671660,1882.0,2070.2000000000003,1693.8,1976.1000000000001,18820
2025-05-04 04:40:05.671660,1883.0,2071.3,1694.7,1977.15,18830
2025-05-04 04:41:05.671660,1884.0,2072.4,1695.6000000000001,1978.2,18840
2025-05-04 04:42:05.671660,1885.0,2073.5,1696.5,1979.25,18850
2025-05-04 04:43:05.671660,1886.0,2074.6000000000004,1697.4,1980.3000000000002,18860
2025-05-04 04:44:05.671660,1887.0,2075.7000000000003,1698.3,1981.3500000000001,18870
2025-05-04 04:45:05.671660,1888.0,2076.8,1699.2,1982.4,18880
2025-05-04 04:46:05.671660,1889.0,2077.9,1700.1000000000001,1983.45,18890
2025-05-04 04:47:05.671660,1890.0,2079.0,1701.0,1984.5,18900
2025-05-04 04:48:05.671660,1891.0,2080.1000000000004,1701.9,1985.5500000000002,18910
2025-05-04 04:49:05.671660,1892.0,2081.2000000000003,1702.8,1986.6000000000001,18920
2025-05-04 04:50:05.671660,1893.0,2082.3,1703.7,1987.65,18930
2025-05-04 04:51:05.671660,1894.0,2083.4,1704.6000000000001,1988.7,18940
2025-05-04 04:52:05.671660,1895.0,2084.5,1705.5,1989.75,18950
2025-05-04 04:53:05.671660,1896.0,2085.6000000000004,1706.4,1990.8000000000002,18960
2025-05-04 04:54:05.671660,1897.0,2086.7000000000003,1707.3,1991.8500000000001,18970
2025-05-04 04:55:05.671660,1898.0,2087.8,1708.2,1992.9,18980
2025-05-04 04:56:05.671660,1899.0,2088.9,1709.1000000000001,1993.95,18990
2025-05-04 04:57:05.671660,1900.0,2090.0,1710.0,1995.0,19000
2025-05-04 04:58:05.671660,1901.0,2091.1000000000004,1710.9,1996.0500000000002,19010
2025-05-04 04:59:05.671660,1902.0,2092.2000000000003,1711.8,1997.1000000000001,19020
2025-05-04 05:00:05.671660,1903.0,2093.3,1712.7,1998.15,19030
2025-05-04 05:01:05.671660,1904.0,2094.4,1713.6000000000001,1999.2,19040
2025-05-04 05:02:05.671660,1905.0,2095.5,1714.5,2000.25,19050
2025-05-04 05:03:05.671660,1906.0,2096.6000000000004,1715.4,2001.3000000000002,19060
2025-05-04 05:04:05.671660,1907.0,2097.7000000000003,1716.3,2002.3500000000001,19070
2025-05-04 05:05:05.671660,1908.0,2098.8,1717.2,2003.4,19080
2025-05-04 05:06:05.671660,1909.0,2099.9,1718.1000000000001,2004.45,19090
2025-05-04 05:07:05.671660,1910.0,2101.0,1719.0,2005.5,19100
2025-05-04 05:08:05.671660,1911.0,2102.1000000000004,1719.9,2006.5500000000002,19110
2025-05-04 05:09:05.671660,1912.0,2103.2000000000003,1720.8,2007.6000000000001,19120
2025-05-04 05:10:05.671660,1913.0,2104.3,1721.7,2008.65,19130
2025-05-04 05:11:05.671660,1914.0,2105.4,1722.6000000000001,2009.7,19140
2025-05-04 05:12:05.671660,1915.0,2106.5,1723.5,2010.75,19150
2025-05-04 05:13:05.671660,1916.0,2107.6000000000004,1724.4,2011.8000000000002,19160
2025-05-04 05:14:05.671660,1917.0,2108.7000000000003,1725.3,2012.8500000000001,19170
2025-05-04 05:15:05.671660,1918.0,2109.8,1726.2,2013.9,19180
2025-05-04 05:16:05.671660,1919.0,2110.9,1727.1000000000001,2014.95,19190
2025-05-04 05:17:05.671660,1920.0,2112.0,1728.0,2016.0,19200
2025-05-04 05:18:05.671660,1921.0,2113.1000000000004,1728.9,2017.0500000000002,19210
2025-05-04 05:19:05.671660,1922.0,2114.2000000000003,1729.8,2018.1000000000001,19220
2025-05-04 05:20:05.671660,1923.0,2115.3,1730.7,2019.15,19230
2025-05-04 05:21:05.671660,1924.0,2116.4,1731.6000000000001,2020.2,19240
2025-05-04 05:22:05.671660,1925.0,2117.5,1732.5,2021.25,19250
2025-05-04 05:23:05.671660,1926.0,2118.6000000000004,1733.4,2022.3000000000002,19260
2025-05-04 05:24:05.671660,1927.0,2119.7000000000003,1734.3,2023.3500000000001,19270
2025-05-04 05:25:05.671660,1928.0,2120.8,1735.2,2024.4,19280
2025-05-04 05:26:05.671660,1929.0,2121.9,1736.1000000000001,2025.45,19290
2025-05-04 05:27:05.671660,1930.0,2123.0,1737.0,2026.5,19300
2025-05-04 05:28:05.671660,1931.0,2124.1000000000004,1737.9,2027.5500000000002,19310
2025-05-04 05:29:05.671660,1932.0,2125.2000000000003,1738.8,2028.6000000000001,19320
2025-05-04 05:30:05.671660,1933.0,2126.3,1739.7,2029.65,19330
2025-05-04 05:31:05.671660,1934.0,2127.4,1740.6000000000001,2030.7,19340
2025-05-04 05:32:05.671660,1935.0,2128.5,1741.5,2031.75,19350
2025-05-04 05:33:05.671660,1936.0,2129.6000000000004,1742.4,2032.8000000000002,19360
2025-05-04 05:34:05.671660,1937.0,2130.7000000000003,1743.3,2033.8500000000001,19370
2025-05-04 05:35:05.671660,1938.0,2131.8,1744.2,2034.9,19380
2025-05-04 05:36:05.671660,1939.0,2132.9,1745.1000000000001,2035.95,19390
2025-05-04 05:37:05.671660,1940.0,2134.0,1746.0,2037.0,19400
2025-05-04 05:38:05.671660,1941.0,2135.1000000000004,1746.9,2038.0500000000002,19410
2025-05-04 05:39:05.671660,1942.0,2136.2000000000003,1747.8,2039.1000000000001,19420
2025-05-04 05:40:05.671660,1943.0,2137.3,1748.7,2040.15,19430
2025-05-04 05:41:05.671660,1944.0,2138.4,1749.6000000000001,2041.2,19440
2025-05-04 05:42:05.671660,1945.0,2139.5,1750.5,2042.25,19450
2025-05-04 05:43:05.671660,1946.0,2140.6000000000004,1751.4,2043.3000000000002,19460
2025-05-04 05:44:05.671660,1947.0,2141.7000000000003,1752.3,2044.3500000000001,19470
2025-05-04 05:45:05.671660,1948.0,2142.8,1753.2,2045.4,19480
2025-05-04 05:46:05.671660,1949.0,2143.9,1754.1000000000001,2046.45,19490
2025-05-04 05:47:05.671660,1950.0,2145.0,1755.0,2047.5,19500
2025-05-04 05:48:05.671660,1951.0,2146.1000000000004,1755.9,2048.55,19510
2025-05-04 05:49:05.671660,1952.0,2147.2000000000003,1756.8,2049.6,19520
2025-05-04 05:50:05.671660,1953.0,2148.3,1757.7,2050.65,19530
2025-05-04 05:51:05.671660,1954.0,2149.4,1758.6000000000001,2051.7000000000003,19540
2025-05-04 05:52:05.671660,1955.0,2150.5,1759.5,2052.75,19550
2025-05-04 05:53:05.671660,1956.0,2151.6000000000004,1760.4,2053.8,19560
2025-05-04 05:54:05.671660,1957.0,2152.7000000000003,1761.3,2054.85,19570
2025-05-04 05:55:05.671660,1958.0,2153.8,1762.2,2055.9,19580
2025-05-04 05:56:05.671660,1959.0,2154.9,1763.1000000000001,2056.9500000000003,19590
2025-05-04 05:57:05.671660,1960.0,2156.0,1764.0,2058.0,19600
2025-05-04 05:58:05.671660,1961.0,2157.1000000000004,1764.9,2059.05,19610
2025-05-04 05:59:05.671660,1962.0,2158.2000000000003,1765.8,2060.1,19620
2025-05-04 06:00:05.671660,1963.0,2159.3,1766.7,2061.15,19630
2025-05-04 06:01:05.671660,1964.0,2160.4,1767.6000000000001,2062.2000000000003,19640
2025-05-04 06:02:05.671660,1965.0,2161.5,1768.5,2063.25,19650
2025-05-04 06:03:05.671660,1966.0,2162.6000000000004,1769.4,2064.3,19660
2025-05-04 06:04:05.671660,1967.0,2163.7000000000003,1770.3,2065.35,19670
2025-05-04 06:05:05.671660,1968.0,2164.8,1771.2,2066.4,19680
2025-05-04 06:06:05.671660,1969.0,2165.9,1772.1000000000001,2067.4500000000003,19690
2025-05-04 06:07:05.671660,1970.0,2167.0,1773.0,2068.5,19700
2025-05-04 06:08:05.671660,1971.0,2168.1000000000004,1773.9,2069.55,19710
2025-05-04 06:09:05.671660,1972.0,2169.2000000000003,1774.8,2070.6,19720
2025-05-04 06:10:05.671660,1973.0,2170.3,1775.7,2071.65,19730
2025-05-04 06:11:05.671660,1974.0,2171.4,1776.6000000000001,2072.7000000000003,19740
2025-05-04 06:12:05.671660,1975.0,2172.5,1777.5,2073.75,19750
2025-05-04 06:13:05.671660,1976.0,2173.6000000000004,1778.4,2074.8,19760
2025-05-04 06:14:05.671660,1977.0,2174.7000000000003,1779.3,2075.85,19770
2025-05-04 06:15:05.671660,1978.0,2175.8,1780.2,2076.9,19780
2025-05-04 06:16:05.671660,1979.0,2176.9,1781.1000000000001,2077.9500000000003,19790
2025-05-04 06:17:05.671660,1980.0,2178.0,1782.0,2079.0,19800
2025-05-04 06:18:05.671660,1981.0,2179.1000000000004,1782.9,2080.05,19810
2025-05-04 06:19:05.671660,1982.0,2180.2000000000003,1783.8,2081.1,19820
2025-05-04 06:20:05.671660,1983.0,2181.3,1784.7,2082.15,19830
2025-05-04 06:21:05.671660,1984.0,2182.4,1785.6000000000001,2083.2000000000003,19840
2025-05-04 06:22:05.671660,1985.0,2183.5,1786.5,2084.25,19850
2025-05-04 06:23:05.671660,1986.0,2184.6000000000004,1787.4,2085.3,19860
2025-05-04 06:24:05.671660,1987.0,2185.7000000000003,1788.3,2086.35,19870
2025-05-04 06:25:05.671660,1988.0,2186.8,1789.2,2087.4,19880
2025-05-04 06:26:05.671660,1989.0,2187.9,1790.1000000000001,2088.4500000000003,19890
2025-05-04 06:27:05.671660,1990.0,2189.0,1791.0,2089.5,19900
2025-05-04 06:28:05.671660,1991.0,2190.1000000000004,1791.9,2090.55,19910
2025-05-04 06:29:05.671660,1992.0,2191.2000000000003,1792.8,2091.6,19920
2025-05-04 06:30:05.671660,1993.0,2192.3,1793.7,2092.65,19930
2025-05-04 06:31:05.671660,1994.0,2193.4,1794.6000000000001,2093.7000000000003,19940
2025-05-04 06:32:05.671660,1995.0,2194.5,1795.5,2094.75,19950
2025-05-04 06:33:05.671660,1996.0,2195.6000000000004,1796.4,2095.8,19960
2025-05-04 06:34:05.671660,1997.0,2196.7000000000003,1797.3,2096.85,19970
2025-05-04 06:35:05.671660,1998.0,2197.8,1798.2,2097.9,19980
2025-05-04 06:36:05.671660,1999.0,2198.9,1799.1000000000001,2098.9500000000003,19990
2025-05-04 06:37:05.671660,2000.0,2200.0,1800.0,2100.0,20000
2025-05-04 06:38:05.671660,2001.0,2201.1000000000004,1800.9,2101.05,20010
2025-05-04 06:39:05.671660,2002.0,2202.2000000000003,1801.8,2102.1,20020
2025-05-04 06:40:05.671660,2003.0,2203.3,1802.7,2103.15,20030
2025-05-04 06:41:05.671660,2004.0,2204.4,1803.6000000000001,2104.2000000000003,20040
2025-05-04 06:42:05.671660,2005.0,2205.5,1804.5,2105.25,20050
2025-05-04 06:43:05.671660,2006.0,2206.6000000000004,1805.4,2106.3,20060
2025-05-04 06:44:05.671660,2007.0,2207.7000000000003,1806.3,2107.35,20070
2025-05-04 06:45:05.671660,2008.0,2208.8,1807.2,2108.4,20080
2025-05-04 06:46:05.671660,2009.0,2209.9,1808.1000000000001,2109.4500000000003,20090
2025-05-04 06:47:05.671660,2010.0,2211.0,1809.0,2110.5,20100
2025-05-04 06:48:05.671660,2011.0,2212.1000000000004,1809.9,2111.55,20110
2025-05-04 06:49:05.671660,2012.0,2213.2000000000003,1810.8,2112.6,20120
2025-05-04 06:50:05.671660,2013.0,2214.3,1811.7,2113.65,20130
2025-05-04 06:51:05.671660,2014.0,2215.4,1812.6000000000001,2114.7000000000003,20140
2025-05-04 06:52:05.671660,2015.0,2216.5,1813.5,2115.75,20150
2025-05-04 06:53:05.671660,2016.0,2217.6000000000004,1814.4,2116.8,20160
2025-05-04 06:54:05.671660,2017.0,2218.7000000000003,1815.3,2117.85,20170
2025-05-04 06:55:05.671660,2018.0,2219.8,1816.2,2118.9,20180
2025-05-04 06:56:05.671660,2019.0,2220.9,1817.1000000000001,2119.9500000000003,20190
2025-05-04 06:57:05.671660,2020.0,2222.0,1818.0,2121.0,20200
2025-05-04 06:58:05.671660,2021.0,2223.1000000000004,1818.9,2122.05,20210
2025-05-04 06:59:05.671660,2022.0,2224.2000000000003,1819.8,2123.1,20220
2025-05-04 07:00:05.671660,2023.0,2225.3,1820.7,2124.15,20230
2025-05-04 07:01:05.671660,2024.0,2226.4,1821.6000000000001,2125.2000000000003,20240
2025-05-04 07:02:05.671660,2025.0,2227.5,1822.5,2126.25,20250
2025-05-04 07:03:05.671660,2026.0,2228.6000000000004,1823.4,2127.3,20260
2025-05-04 07:04:05.671660,2027.0,2229.7000000000003,1824.3,2128.35,20270
2025-05-04 07:05:05.671660,2028.0,2230.8,1825.2,2129.4,20280
2025-05-04 07:06:05.671660,2029.0,2231.9,1826.1000000000001,2130.4500000000003,20290
2025-05-04 07:07:05.671660,2030.0,2233.0,1827.0,2131.5,20300
2025-05-04 07:08:05.671660,2031.0,2234.1000000000004,1827.9,2132.55,20310
2025-05-04 07:09:05.671660,2032.0,2235.2000000000003,1828.8,2133.6,20320
2025-05-04 07:10:05.671660,2033.0,2236.3,1829.7,2134.65,20330
2025-05-04 07:11:05.671660,2034.0,2237.4,1830.6000000000001,2135.7000000000003,20340
2025-05-04 07:12:05.671660,2035.0,2238.5,1831.5,2136.75,20350
2025-05-04 07:13:05.671660,2036.0,2239.6000000000004,1832.4,2137.8,20360
2025-05-04 07:14:05.671660,2037.0,2240.7000000000003,1833.3,2138.85,20370
2025-05-04 07:15:05.671660,2038.0,2241.8,1834.2,2139.9,20380
2025-05-04 07:16:05.671660,2039.0,2242.9,1835.1000000000001,2140.9500000000003,20390
2025-05-04 07:17:05.671660,2040.0,2244.0,1836.0,2142.0,20400
2025-05-04 07:18:05.671660,2041.0,2245.1000000000004,1836.9,2143.05,20410
2025-05-04 07:19:05.671660,2042.0,2246.2000000000003,1837.8,2144.1,20420
2025-05-04 07:20:05.671660,2043.0,2247.3,1838.7,2145.15,20430
2025-05-04 07:21:05.671660,2044.0,2248.4,1839.6000000000001,2146.2000000000003,20440
2025-05-04 07:22:05.671660,2045.0,2249.5,1840.5,2147.25,20450
2025-05-04 07:23:05.671660,2046.0,2250.6000000000004,1841.4,2148.3,20460
2025-05-04 07:24:05.671660,2047.0,2251.7000000000003,1842.3,2149.35,20470
2025-05-04 07:25:05.671660,2048.0,2252.8,1843.2,2150.4,20480
2025-05-04 07:26:05.671660,2049.0,2253.9,1844.1000000000001,2151.4500000000003,20490
2025-05-04 07:27:05.671660,2050.0,2255.0,1845.0,2152.5,20500
2025-05-04 07:28:05.671660,2051.0,2256.1000000000004,1845.9,2153.55,20510
2025-05-04 07:29:05.671660,2052.0,2257.2000000000003,1846.8,2154.6,20520
2025-05-04 07:30:05.671660,2053.0,2258.3,1847.7,2155.65,20530
2025-05-04 07:31:05.671660,2054.0,2259.4,1848.6000000000001,2156.7000000000003,20540
2025-05-04 07:32:05.671660,2055.0,2260.5,1849.5,2157.75,20550
2025-05-04 07:33:05.671660,2056.0,2261.6000000000004,1850.4,2158.8,20560
2025-05-04 07:34:05.671660,2057.0,2262.7000000000003,1851.3,2159.85,20570
2025-05-04 07:35:05.671660,2058.0,2263.8,1852.2,2160.9,20580
2025-05-04 07:36:05.671660,2059.0,2264.9,1853.1000000000001,2161.9500000000003,20590
2025-05-04 07:37:05.671660,2060.0,2266.0,1854.0,2163.0,20600
2025-05-04 07:38:05.671660,2061.0,2267.1000000000004,1854.9,2164.05,20610
2025-05-04 07:39:05.671660,2062.0,2268.2000000000003,1855.8,2165.1,20620
2025-05-04 07:40:05.671660,2063.0,2269.3,1856.7,2166.15,20630
2025-05-04 07:41:05.671660,2064.0,2270.4,1857.6000000000001,2167.2000000000003,20640
2025-05-04 07:42:05.671660,2065.0,2271.5,1858.5,2168.25,20650
2025-05-04 07:43:05.671660,2066.0,2272.6000000000004,1859.4,2169.3,20660
2025-05-04 07:44:05.671660,2067.0,2273.7000000000003,1860.3,2170.35,20670
2025-05-04 07:45:05.671660,2068.0,2274.8,1861.2,2171.4,20680
2025-05-04 07:46:05.671660,2069.0,2275.9,1862.1000000000001,2172.4500000000003,20690
2025-05-04 07:47:05.671660,2070.0,2277.0,1863.0,2173.5,20700
2025-05-04 07:48:05.671660,2071.0,2278.1000000000004,1863.9,2174.55,20710
2025-05-04 07:49:05.671660,2072.0,2279.2000000000003,1864.8,2175.6,20720
2025-05-04 07:50:05.671660,2073.0,2280.3,1865.7,2176.65,20730
2025-05-04 07:51:05.671660,2074.0,2281.4,1866.6000000000001,2177.7000000000003,20740
2025-05-04 07:52:05.671660,2075.0,2282.5,1867.5,2178.75,20750
2025-05-04 07:53:05.671660,2076.0,2283.6000000000004,1868.4,2179.8,20760
2025-05-04 07:54:05.671660,2077.0,2284.7000000000003,1869.3,2180.85,20770
2025-05-04 07:55:05.671660,2078.0,2285.8,1870.2,2181.9,20780
2025-05-04 07:56:05.671660,2079.0,2286.9,1871.1000000000001,2182.9500000000003,20790
2025-05-04 07:57:05.671660,2080.0,2288.0,1872.0,2184.0,20800
2025-05-04 07:58:05.671660,2081.0,2289.1000000000004,1872.9,2185.05,20810
2025-05-04 07:59:05.671660,2082.0,2290.2000000000003,1873.8,2186.1,20820
2025-05-04 08:00:05.671660,2083.0,2291.3,1874.7,2187.15,20830
2025-05-04 08:01:05.671660,2084.0,2292.4,1875.6000000000001,2188.2000000000003,20840
2025-05-04 08:02:05.671660,2085.0,2293.5,1876.5,2189.25,20850
2025-05-04 08:03:05.671660,2086.0,2294.6000000000004,1877.4,2190.3,20860
2025-05-04 08:04:05.671660,2087.0,2295.7000000000003,1878.3,2191.35,20870
2025-05-04 08:05:05.671660,2088.0,2296.8,1879.2,2192.4,20880
2025-05-04 08:06:05.671660,2089.0,2297.9,1880.1000000000001,2193.4500000000003,20890
2025-05-04 08:07:05.671660,2090.0,2299.0,1881.0,2194.5,20900
2025-05-04 08:08:05.671660,2091.0,2300.1000000000004,1881.9,2195.55,20910
2025-05-04 08:09:05.671660,2092.0,2301.2000000000003,1882.8,2196.6,20920
2025-05-04 08:10:05.671660,2093.0,2302.3,1883.7,2197.65,20930
2025-05-04 08:11:05.671660,2094.0,2303.4,1884.6000000000001,2198.7000000000003,20940
2025-05-04 08:12:05.671660,2095.0,2304.5,1885.5,2199.75,20950
2025-05-04 08:13:05.671660,2096.0,2305.6000000000004,1886.4,2200.8,20960
2025-05-04 08:14:05.671660,2097.0,2306.7000000000003,1887.3,2201.85,20970
2025-05-04 08:15:05.671660,2098.0,2307.8,1888.2,2202.9,20980
2025-05-04 08:16:05.671660,2099.0,2308.9,1889.1000000000001,2203.9500000000003,20990
2025-05-04 08:17:05.671660,2100.0,2310.0,1890.0,2205.0,21000
2025-05-04 08:18:05.671660,2101.0,2311.1000000000004,1890.9,2206.05,21010
2025-05-04 08:19:05.671660,2102.0,2312.2000000000003,1891.8,2207.1,21020
2025-05-04 08:20:05.671660,2103.0,2313.3,1892.7,2208.15,21030
2025-05-04 08:21:05.671660,2104.0,2314.4,1893.6000000000001,2209.2000000000003,21040
2025-05-04 08:22:05.671660,2105.0,2315.5,1894.5,2210.25,21050
2025-05-04 08:23:05.671660,2106.0,2316.6000000000004,1895.4,2211.3,21060
2025-05-04 08:24:05.671660,2107.0,2317.7000000000003,1896.3,2212.35,21070
2025-05-04 08:25:05.671660,2108.0,2318.8,1897.2,2213.4,21080
2025-05-04 08:26:05.671660,2109.0,2319.9,1898.1000000000001,2214.4500000000003,21090
2025-05-04 08:27:05.671660,2110.0,2321.0,1899.0,2215.5,21100
2025-05-04 08:28:05.671660,2111.0,2322.1000000000004,1899.9,2216.55,21110
2025-05-04 08:29:05.671660,2112.0,2323.2000000000003,1900.8,2217.6,21120
2025-05-04 08:30:05.671660,2113.0,2324.3,1901.7,2218.65,21130
2025-05-04 08:31:05.671660,2114.0,2325.4,1902.6000000000001,2219.7000000000003,21140
2025-05-04 08:32:05.671660,2115.0,2326.5,1903.5,2220.75,21150
2025-05-04 08:33:05.671660,2116.0,2327.6000000000004,1904.4,2221.8,21160
2025-05-04 08:34:05.671660,2117.0,2328.7000000000003,1905.3,2222.85,21170
2025-05-04 08:35:05.671660,2118.0,2329.8,1906.2,2223.9,21180
2025-05-04 08:36:05.671660,2119.0,2330.9,1907.1000000000001,2224.9500000000003,21190
2025-05-04 08:37:05.671660,2120.0,2332.0,1908.0,2226.0,21200
2025-05-04 08:38:05.671660,2121.0,2333.1000000000004,1908.9,2227.05,21210
2025-05-04 08:39:05.671660,2122.0,2334.2000000000003,1909.8,2228.1,21220
2025-05-04 08:40:05.671660,2123.0,2335.3,1910.7,2229.15,21230
2025-05-04 08:41:05.671660,2124.0,2336.4,1911.6000000000001,2230.2000000000003,21240
2025-05-04 08:42:05.671660,2125.0,2337.5,1912.5,2231.25,21250
2025-05-04 08:43:05.671660,2126.0,2338.6000000000004,1913.4,2232.3,21260
2025-05-04 08:44:05.671660,2127.0,2339.7000000000003,1914.3,2233.35,21270
2025-05-04 08:45:05.671660,2128.0,2340.8,1915.2,2234.4,21280
2025-05-04 08:46:05.671660,2129.0,2341.9,1916.1000000000001,2235.4500000000003,21290
2025-05-04 08:47:05.671660,2130.0,2343.0,1917.0,2236.5,21300
2025-05-04 08:48:05.671660,2131.0,2344.1000000000004,1917.9,2237.55,21310
2025-05-04 08:49:05.671660,2132.0,2345.2000000000003,1918.8,2238.6,21320
2025-05-04 08:50:05.671660,2133.0,2346.3,1919.7,2239.65,21330
2025-05-04 08:51:05.671660,2134.0,2347.4,1920.6000000000001,2240.7000000000003,21340
2025-05-04 08:52:05.671660,2135.0,2348.5,1921.5,2241.75,21350
2025-05-04 08:53:05.671660,2136.0,2349.6000000000004,1922.4,2242.8,21360
2025-05-04 08:54:05.671660,2137.0,2350.7000000000003,1923.3,2243.85,21370
2025-05-04 08:55:05.671660,2138.0,2351.8,1924.2,2244.9,21380
2025-05-04 08:56:05.671660,2139.0,2352.9,1925.1000000000001,2245.9500000000003,21390
2025-05-04 08:57:05.671660,2140.0,2354.0,1926.0,2247.0,21400
2025-05-04 08:58:05.671660,2141.0,2355.1000000000004,1926.9,2248.05,21410
2025-05-04 08:59:05.671660,2142.0,2356.2000000000003,1927.8,2249.1,21420
2025-05-04 09:00:05.671660,2143.0,2357.3,1928.7,2250.15,21430
2025-05-04 09:01:05.671660,2144.0,2358.4,1929.6000000000001,2251.2000000000003,21440
2025-05-04 09:02:05.671660,2145.0,2359.5,1930.5,2252.25,21450
2025-05-04 09:03:05.671660,2146.0,2360.6000000000004,1931.4,2253.3,21460
2025-05-04 09:04:05.671660,2147.0,2361.7000000000003,1932.3,2254.35,21470
2025-05-04 09:05:05.671660,2148.0,2362.8,1933.2,2255.4,21480
2025-05-04 09:06:05.671660,2149.0,2363.9,1934.1000000000001,2256.4500000000003,21490
2025-05-04 09:07:05.671660,2150.0,2365.0,1935.0,2257.5,21500
2025-05-04 09:08:05.671660,2151.0,2366.1000000000004,1935.9,2258.55,21510
2025-05-04 09:09:05.671660,2152.0,2367.2000000000003,1936.8,2259.6,21520
2025-05-04 09:10:05.671660,2153.0,2368.3,1937.7,2260.65,21530
2025-05-04 09:11:05.671660,2154.0,2369.4,1938.6000000000001,2261.7000000000003,21540
2025-05-04 09:12:05.671660,2155.0,2370.5,1939.5,2262.75,21550
2025-05-04 09:13:05.671660,2156.0,2371.6000000000004,1940.4,2263.8,21560
2025-05-04 09:14:05.671660,2157.0,2372.7000000000003,1941.3,2264.85,21570
2025-05-04 09:15:05.671660,2158.0,2373.8,1942.2,2265.9,21580
2025-05-04 09:16:05.671660,2159.0,2374.9,1943.1000000000001,2266.9500000000003,21590
2025-05-04 09:17:05.671660,2160.0,2376.0,1944.0,2268.0,21600
2025-05-04 09:18:05.671660,2161.0,2377.1000000000004,1944.9,2269.05,21610
2025-05-04 09:19:05.671660,2162.0,2378.2000000000003,1945.8,2270.1,21620
2025-05-04 09:20:05.671660,2163.0,2379.3,1946.7,2271.15,21630
2025-05-04 09:21:05.671660,2164.0,2380.4,1947.6000000000001,2272.2000000000003,21640
2025-05-04 09:22:05.671660,2165.0,2381.5,1948.5,2273.25,21650
2025-05-04 09:23:05.671660,2166.0,2382.6000000000004,1949.4,2274.3,21660
2025-05-04 09:24:05.671660,2167.0,2383.7000000000003,1950.3,2275.35,21670
2025-05-04 09:25:05.671660,2168.0,2384.8,1951.2,2276.4,21680
2025-05-04 09:26:05.671660,2169.0,2385.9,1952.1000000000001,2277.4500000000003,21690
2025-05-04 09:27:05.671660,2170.0,2387.0,1953.0,2278.5,21700
2025-05-04 09:28:05.671660,2171.0,2388.1000000000004,1953.9,2279.55,21710
2025-05-04 09:29:05.671660,2172.0,2389.2000000000003,1954.8,2280.6,21720
2025-05-04 09:30:05.671660,2173.0,2390.3,1955.7,2281.65,21730
2025-05-04 09:31:05.671660,2174.0,2391.4,1956.6000000000001,2282.7000000000003,21740
2025-05-04 09:32:05.671660,2175.0,2392.5,1957.5,2283.75,21750
2025-05-04 09:33:05.671660,2176.0,2393.6000000000004,1958.4,2284.8,21760
2025-05-04 09:34:05.671660,2177.0,2394.7000000000003,1959.3,2285.85,21770
2025-05-04 09:35:05.671660,2178.0,2395.8,1960.2,2286.9,21780
2025-05-04 09:36:05.671660,2179.0,2396.9,1961.1000000000001,2287.9500000000003,21790
2025-05-04 09:37:05.671660,2180.0,2398.0,1962.0,2289.0,21800
2025-05-04 09:38:05.671660,2181.0,2399.1000000000004,1962.9,2290.05,21810
2025-05-04 09:39:05.671660,2182.0,2400.2000000000003,1963.8,2291.1,21820
2025-05-04 09:40:05.671660,2183.0,2401.3,1964.7,2292.15,21830
2025-05-04 09:41:05.671660,2184.0,2402.4,1965.6000000000001,2293.2000000000003,21840
2025-05-04 09:42:05.671660,2185.0,2403.5,1966.5,2294.25,21850
2025-05-04 09:43:05.671660,2186.0,2404.6000000000004,1967.4,2295.3,21860
2025-05-04 09:44:05.671660,2187.0,2405.7000000000003,1968.3,2296.35,21870
2025-05-04 09:45:05.671660,2188.0,2406.8,1969.2,2297.4,21880
2025-05-04 09:46:05.671660,2189.0,2407.9,1970.1000000000001,2298.4500000000003,21890
2025-05-04 09:47:05.671660,2190.0,2409.0,1971.0,2299.5,21900
2025-05-04 09:48:05.671660,2191.0,2410.1000000000004,1971.9,2300.55,21910
2025-05-04 09:49:05.671660,2192.0,2411.2000000000003,1972.8,2301.6,21920
2025-05-04 09:50:05.671660,2193.0,2412.3,1973.7,2302.65,21930
2025-05-04 09:51:05.671660,2194.0,2413.4,1974.6000000000001,2303.7000000000003,21940
2025-05-04 09:52:05.671660,2195.0,2414.5,1975.5,2304.75,21950
2025-05-04 09:53:05.671660,2196.0,2415.6000000000004,1976.4,2305.8,21960
2025-05-04 09:54:05.671660,2197.0,2416.7000000000003,1977.3,2306.85,21970
2025-05-04 09:55:05.671660,2198.0,2417.8,1978.2,2307.9,21980
2025-05-04 09:56:05.671660,2199.0,2418.9,1979.1000000000001,2308.9500000000003,21990
2025-05-04 09:57:05.671660,2200.0,2420.0,1980.0,2310.0,22000
2025-05-04 09:58:05.671660,2201.0,2421.1000000000004,1980.9,2311.05,22010
2025-05-04 09:59:05.671660,2202.0,2422.2000000000003,1981.8,2312.1,22020
2025-05-04 10:00:05.671660,2203.0,2423.3,1982.7,2313.15,22030
2025-05-04 10:01:05.671660,2204.0,2424.4,1983.6000000000001,2314.2000000000003,22040
2025-05-04 10:02:05.671660,2205.0,2425.5,1984.5,2315.25,22050
2025-05-04 10:03:05.671660,2206.0,2426.6000000000004,1985.4,2316.3,22060
2025-05-04 10:04:05.671660,2207.0,2427.7000000000003,1986.3,2317.35,22070
2025-05-04 10:05:05.671660,2208.0,2428.8,1987.2,2318.4,22080
2025-05-04 10:06:05.671660,2209.0,2429.9,1988.1000000000001,2319.4500000000003,22090
2025-05-04 10:07:05.671660,2210.0,2431.0,1989.0,2320.5,22100
2025-05-04 10:08:05.671660,2211.0,2432.1000000000004,1989.9,2321.55,22110
2025-05-04 10:09:05.671660,2212.0,2433.2000000000003,1990.8,2322.6,22120
2025-05-04 10:10:05.671660,2213.0,2434.3,1991.7,2323.65,22130
2025-05-04 10:11:05.671660,2214.0,2435.4,1992.6000000000001,2324.7000000000003,22140
2025-05-04 10:12:05.671660,2215.0,2436.5,1993.5,2325.75,22150
2025-05-04 10:13:05.671660,2216.0,2437.6000000000004,1994.4,2326.8,22160
2025-05-04 10:14:05.671660,2217.0,2438.7000000000003,1995.3,2327.85,22170
2025-05-04 10:15:05.671660,2218.0,2439.8,1996.2,2328.9,22180
2025-05-04 10:16:05.671660,2219.0,2440.9,1997.1000000000001,2329.9500000000003,22190
2025-05-04 10:17:05.671660,2220.0,2442.0,1998.0,2331.0,22200
2025-05-04 10:18:05.671660,2221.0,2443.1000000000004,1998.9,2332.05,22210
2025-05-04 10:19:05.671660,2222.0,2444.2000000000003,1999.8,2333.1,22220
2025-05-04 10:20:05.671660,2223.0,2445.3,2000.7,2334.15,22230
2025-05-04 10:21:05.671660,2224.0,2446.4,2001.6000000000001,2335.2000000000003,22240
2025-05-04 10:22:05.671660,2225.0,2447.5,2002.5,2336.25,22250
2025-05-04 10:23:05.671660,2226.0,2448.6000000000004,2003.4,2337.3,22260
2025-05-04 10:24:05.671660,2227.0,2449.7000000000003,2004.3,2338.35,22270
2025-05-04 10:25:05.671660,2228.0,2450.8,2005.2,2339.4,22280
2025-05-04 10:26:05.671660,2229.0,2451.9,2006.1000000000001,2340.4500000000003,22290
2025-05-04 10:27:05.671660,2230.0,2453.0,2007.0,2341.5,22300
2025-05-04 10:28:05.671660,2231.0,2454.1000000000004,2007.9,2342.55,22310
2025-05-04 10:29:05.671660,2232.0,2455.2000000000003,2008.8,2343.6,22320
2025-05-04 10:30:05.671660,2233.0,2456.3,2009.7,2344.65,22330
2025-05-04 10:31:05.671660,2234.0,2457.4,2010.6000000000001,2345.7000000000003,22340
2025-05-04 10:32:05.671660,2235.0,2458.5,2011.5,2346.75,22350
2025-05-04 10:33:05.671660,2236.0,2459.6000000000004,2012.4,2347.8,22360
2025-05-04 10:34:05.671660,2237.0,2460.7000000000003,2013.3,2348.85,22370
2025-05-04 10:35:05.671660,2238.0,2461.8,2014.2,2349.9,22380
2025-05-04 10:36:05.671660,2239.0,2462.9,2015.1000000000001,2350.9500000000003,22390
2025-05-04 10:37:05.671660,2240.0,2464.0,2016.0,2352.0,22400
2025-05-04 10:38:05.671660,2241.0,2465.1000000000004,2016.9,2353.05,22410
2025-05-04 10:39:05.671660,2242.0,2466.2000000000003,2017.8,2354.1,22420
2025-05-04 10:40:05.671660,2243.0,2467.3,2018.7,2355.15,22430
2025-05-04 10:41:05.671660,2244.0,2468.4,2019.6000000000001,2356.2000000000003,22440
2025-05-04 10:42:05.671660,2245.0,2469.5,2020.5,2357.25,22450
2025-05-04 10:43:05.671660,2246.0,2470.6000000000004,2021.4,2358.3,22460
2025-05-04 10:44:05.671660,2247.0,2471.7000000000003,2022.3,2359.35,22470
2025-05-04 10:45:05.671660,2248.0,2472.8,2023.2,2360.4,22480
2025-05-04 10:46:05.671660,2249.0,2473.9,2024.1000000000001,2361.4500000000003,22490
2025-05-04 10:47:05.671660,2250.0,2475.0,2025.0,2362.5,22500
2025-05-04 10:48:05.671660,2251.0,2476.1000000000004,2025.9,2363.55,22510
2025-05-04 10:49:05.671660,2252.0,2477.2000000000003,2026.8,2364.6,22520
2025-05-04 10:50:05.671660,2253.0,2478.3,2027.7,2365.65,22530
2025-05-04 10:51:05.671660,2254.0,2479.4,2028.6000000000001,2366.7000000000003,22540
2025-05-04 10:52:05.671660,2255.0,2480.5,2029.5,2367.75,22550
2025-05-04 10:53:05.671660,2256.0,2481.6000000000004,2030.4,2368.8,22560
2025-05-04 10:54:05.671660,2257.0,2482.7000000000003,2031.3,2369.85,22570
2025-05-04 10:55:05.671660,2258.0,2483.8,2032.2,2370.9,22580
2025-05-04 10:56:05.671660,2259.0,2484.9,2033.1000000000001,2371.9500000000003,22590
2025-05-04 10:57:05.671660,2260.0,2486.0,2034.0,2373.0,22600
2025-05-04 10:58:05.671660,2261.0,2487.1000000000004,2034.9,2374.05,22610
2025-05-04 10:59:05.671660,2262.0,2488.2000000000003,2035.8,2375.1,22620
2025-05-04 11:00:05.671660,2263.0,2489.3,2036.7,2376.15,22630
2025-05-04 11:01:05.671660,2264.0,2490.4,2037.6000000000001,2377.2000000000003,22640
2025-05-04 11:02:05.671660,2265.0,2491.5,2038.5,2378.25,22650
2025-05-04 11:03:05.671660,2266.0,2492.6000000000004,2039.4,2379.3,22660
2025-05-04 11:04:05.671660,2267.0,2493.7000000000003,2040.3,2380.35,22670
2025-05-04 11:05:05.671660,2268.0,2494.8,2041.2,2381.4,22680
2025-05-04 11:06:05.671660,2269.0,2495.9,2042.1000000000001,2382.4500000000003,22690
2025-05-04 11:07:05.671660,2270.0,2497.0,2043.0,2383.5,22700
2025-05-04 11:08:05.671660,2271.0,2498.1000000000004,2043.9,2384.55,22710
2025-05-04 11:09:05.671660,2272.0,2499.2000000000003,2044.8,2385.6,22720
2025-05-04 11:10:05.671660,2273.0,2500.3,2045.7,2386.65,22730
2025-05-04 11:11:05.671660,2274.0,2501.4,2046.6000000000001,2387.7000000000003,22740
2025-05-04 11:12:05.671660,2275.0,2502.5,2047.5,2388.75,22750
2025-05-04 11:13:05.671660,2276.0,2503.6000000000004,2048.4,2389.8,22760
2025-05-04 11:14:05.671660,2277.0,2504.7000000000003,2049.3,2390.85,22770
2025-05-04 11:15:05.671660,2278.0,2505.8,2050.2000000000003,2391.9,22780
2025-05-04 11:16:05.671660,2279.0,2506.9,2051.1,2392.9500000000003,22790
2025-05-04 11:17:05.671660,2280.0,2508.0,2052.0,2394.0,22800
2025-05-04 11:18:05.671660,2281.0,2509.1000000000004,2052.9,2395.05,22810
2025-05-04 11:19:05.671660,2282.0,2510.2000000000003,2053.8,2396.1,22820
2025-05-04 11:20:05.671660,2283.0,2511.3,2054.7000000000003,2397.15,22830
2025-05-04 11:21:05.671660,2284.0,2512.4,2055.6,2398.2000000000003,22840
2025-05-04 11:22:05.671660,2285.0,2513.5,2056.5,2399.25,22850
2025-05-04 11:23:05.671660,2286.0,2514.6000000000004,2057.4,2400.3,22860
2025-05-04 11:24:05.671660,2287.0,2515.7000000000003,2058.3,2401.35,22870
2025-05-04 11:25:05.671660,2288.0,2516.8,2059.2000000000003,2402.4,22880
2025-05-04 11:26:05.671660,2289.0,2517.9,2060.1,2403.4500000000003,22890
2025-05-04 11:27:05.671660,2290.0,2519.0,2061.0,2404.5,22900
2025-05-04 11:28:05.671660,2291.0,2520.1000000000004,2061.9,2405.55,22910
2025-05-04 11:29:05.671660,2292.0,2521.2000000000003,2062.8,2406.6,22920
2025-05-04 11:30:05.671660,2293.0,2522.3,2063.7000000000003,2407.65,22930
2025-05-04 11:31:05.671660,2294.0,2523.4,2064.6,2408.7000000000003,22940
2025-05-04 11:32:05.671660,2295.0,2524.5,2065.5,2409.75,22950
2025-05-04 11:33:05.671660,2296.0,2525.6000000000004,2066.4,2410.8,22960
2025-05-04 11:34:05.671660,2297.0,2526.7000000000003,2067.3,2411.85,22970
2025-05-04 11:35:05.671660,2298.0,2527.8,2068.2000000000003,2412.9,22980
2025-05-04 11:36:05.671660,2299.0,2528.9,2069.1,2413.9500000000003,22990
2025-05-04 11:37:05.671660,2300.0,2530.0,2070.0,2415.0,23000
2025-05-04 11:38:05.671660,2301.0,2531.1000000000004,2070.9,2416.05,23010
2025-05-04 11:39:05.671660,2302.0,2532.2000000000003,2071.8,2417.1,23020
2025-05-04 11:40:05.671660,2303.0,2533.3,2072.7000000000003,2418.15,23030
2025-05-04 11:41:05.671660,2304.0,2534.4,2073.6,2419.2000000000003,23040
2025-05-04 11:42:05.671660,2305.0,2535.5,2074.5,2420.25,23050
2025-05-04 11:43:05.671660,2306.0,2536.6000000000004,2075.4,2421.3,23060
2025-05-04 11:44:05.671660,2307.0,2537.7000000000003,2076.3,2422.35,23070
2025-05-04 11:45:05.671660,2308.0,2538.8,2077.2000000000003,2423.4,23080
2025-05-04 11:46:05.671660,2309.0,2539.9,2078.1,2424.4500000000003,23090
2025-05-04 11:47:05.671660,2310.0,2541.0,2079.0,2425.5,23100
2025-05-04 11:48:05.671660,2311.0,2542.1000000000004,2079.9,2426.55,23110
2025-05-04 11:49:05.671660,2312.0,2543.2000000000003,2080.8,2427.6,23120
2025-05-04 11:50:05.671660,2313.0,2544.3,2081.7000000000003,2428.65,23130
2025-05-04 11:51:05.671660,2314.0,2545.4,2082.6,2429.7000000000003,23140
2025-05-04 11:52:05.671660,2315.0,2546.5,2083.5,2430.75,23150
2025-05-04 11:53:05.671660,2316.0,2547.6000000000004,2084.4,2431.8,23160
2025-05-04 11:54:05.671660,2317.0,2548.7000000000003,2085.3,2432.85,23170
2025-05-04 11:55:05.671660,2318.0,2549.8,2086.2000000000003,2433.9,23180
2025-05-04 11:56:05.671660,2319.0,2550.9,2087.1,2434.9500000000003,23190
2025-05-04 11:57:05.671660,2320.0,2552.0,2088.0,2436.0,23200
2025-05-04 11:58:05.671660,2321.0,2553.1000000000004,2088.9,2437.05,23210
2025-05-04 11:59:05.671660,2322.0,2554.2000000000003,2089.8,2438.1,23220
2025-05-04 12:00:05.671660,2323.0,2555.3,2090.7000000000003,2439.15,23230
2025-05-04 12:01:05.671660,2324.0,2556.4,2091.6,2440.2000000000003,23240
2025-05-04 12:02:05.671660,2325.0,2557.5,2092.5,2441.25,23250
2025-05-04 12:03:05.671660,2326.0,2558.6000000000004,2093.4,2442.3,23260
2025-05-04 12:04:05.671660,2327.0,2559.7000000000003,2094.3,2443.35,23270
2025-05-04 12:05:05.671660,2328.0,2560.8,2095.2000000000003,2444.4,23280
2025-05-04 12:06:05.671660,2329.0,2561.9,2096.1,2445.4500000000003,23290
2025-05-04 12:07:05.671660,2330.0,2563.0,2097.0,2446.5,23300
2025-05-04 12:08:05.671660,2331.0,2564.1000000000004,2097.9,2447.55,23310
2025-05-04 12:09:05.671660,2332.0,2565.2000000000003,2098.8,2448.6,23320
2025-05-04 12:10:05.671660,2333.0,2566.3,2099.7000000000003,2449.65,23330
2025-05-04 12:11:05.671660,2334.0,2567.4,2100.6,2450.7000000000003,23340
2025-05-04 12:12:05.671660,2335.0,2568.5,2101.5,2451.75,23350
2025-05-04 12:13:05.671660,2336.0,2569.6000000000004,2102.4,2452.8,23360
2025-05-04 12:14:05.671660,2337.0,2570.7000000000003,2103.3,2453.85,23370
2025-05-04 12:15:05.671660,2338.0,2571.8,2104.2000000000003,2454.9,23380
2025-05-04 12:16:05.671660,2339.0,2572.9,2105.1,2455.9500000000003,23390
2025-05-04 12:17:05.671660,2340.0,2574.0,2106.0,2457.0,23400
2025-05-04 12:18:05.671660,2341.0,2575.1000000000004,2106.9,2458.05,23410
2025-05-04 12:19:05.671660,2342.0,2576.2000000000003,2107.8,2459.1,23420
2025-05-04 12:20:05.671660,2343.0,2577.3,2108.7000000000003,2460.15,23430
2025-05-04 12:21:05.671660,2344.0,2578.4,2109.6,2461.2000000000003,23440
2025-05-04 12:22:05.671660,2345.0,2579.5,2110.5,2462.25,23450
2025-05-04 12:23:05.671660,2346.0,2580.6000000000004,2111.4,2463.3,23460
2025-05-04 12:24:05.671660,2347.0,2581.7000000000003,2112.3,2464.35,23470
2025-05-04 12:25:05.671660,2348.0,2582.8,2113.2000000000003,2465.4,23480
2025-05-04 12:26:05.671660,2349.0,2583.9,2114.1,2466.4500000000003,23490
2025-05-04 12:27:05.671660,2350.0,2585.0,2115.0,2467.5,23500
2025-05-04 12:28:05.671660,2351.0,2586.1000000000004,2115.9,2468.55,23510
2025-05-04 12:29:05.671660,2352.0,2587.2000000000003,2116.8,2469.6,23520
2025-05-04 12:30:05.671660,2353.0,2588.3,2117.7000000000003,2470.65,23530
2025-05-04 12:31:05.671660,2354.0,2589.4,2118.6,2471.7000000000003,23540
2025-05-04 12:32:05.671660,2355.0,2590.5,2119.5,2472.75,23550
2025-05-04 12:33:05.671660,2356.0,2591.6000000000004,2120.4,2473.8,23560
2025-05-04 12:34:05.671660,2357.0,2592.7000000000003,2121.3,2474.85,23570
2025-05-04 12:35:05.671660,2358.0,2593.8,2122.2000000000003,2475.9,23580
2025-05-04 12:36:05.671660,2359.0,2594.9,2123.1,2476.9500000000003,23590
2025-05-04 12:37:05.671660,2360.0,2596.0,2124.0,2478.0,23600
2025-05-04 12:38:05.671660,2361.0,2597.1000000000004,2124.9,2479.05,23610
2025-05-04 12:39:05.671660,2362.0,2598.2000000000003,2125.8,2480.1,23620
2025-05-04 12:40:05.671660,2363.0,2599.3,2126.7000000000003,2481.15,23630
2025-05-04 12:41:05.671660,2364.0,2600.4,2127.6,2482.2000000000003,23640
2025-05-04 12:42:05.671660,2365.0,2601.5,2128.5,2483.25,23650
2025-05-04 12:43:05.671660,2366.0,2602.6000000000004,2129.4,2484.3,23660
2025-05-04 12:44:05.671660,2367.0,2603.7000000000003,2130.3,2485.35,23670
2025-05-04 12:45:05.671660,2368.0,2604.8,2131.2000000000003,2486.4,23680
2025-05-04 12:46:05.671660,2369.0,2605.9,2132.1,2487.4500000000003,23690
2025-05-04 12:47:05.671660,2370.0,2607.0,2133.0,2488.5,23700
2025-05-04 12:48:05.671660,2371.0,2608.1000000000004,2133.9,2489.55,23710
2025-05-04 12:49:05.671660,2372.0,2609.2000000000003,2134.8,2490.6,23720
2025-05-04 12:50:05.671660,2373.0,2610.3,2135.7000000000003,2491.65,23730
2025-05-04 12:51:05.671660,2374.0,2611.4,2136.6,2492.7000000000003,23740
2025-05-04 12:52:05.671660,2375.0,2612.5,2137.5,2493.75,23750
2025-05-04 12:53:05.671660,2376.0,2613.6000000000004,2138.4,2494.8,23760
2025-05-04 12:54:05.671660,2377.0,2614.7000000000003,2139.3,2495.85,23770
2025-05-04 12:55:05.671660,2378.0,2615.8,2140.2000000000003,2496.9,23780
2025-05-04 12:56:05.671660,2379.0,2616.9,2141.1,2497.9500000000003,23790
2025-05-04 12:57:05.671660,2380.0,2618.0,2142.0,2499.0,23800
2025-05-04 12:58:05.671660,2381.0,2619.1000000000004,2142.9,2500.05,23810
2025-05-04 12:59:05.671660,2382.0,2620.2000000000003,2143.8,2501.1,23820
2025-05-04 13:00:05.671660,2383.0,2621.3,2144.7000000000003,2502.15,23830
2025-05-04 13:01:05.671660,2384.0,2622.4,2145.6,2503.2000000000003,23840
2025-05-04 13:02:05.671660,2385.0,2623.5,2146.5,2504.25,23850
2025-05-04 13:03:05.671660,2386.0,2624.6000000000004,2147.4,2505.3,23860
2025-05-04 13:04:05.671660,2387.0,2625.7000000000003,2148.3,2506.35,23870
2025-05-04 13:05:05.671660,2388.0,2626.8,2149.2000000000003,2507.4,23880
2025-05-04 13:06:05.671660,2389.0,2627.9,2150.1,2508.4500000000003,23890
2025-05-04 13:07:05.671660,2390.0,2629.0,2151.0,2509.5,23900
2025-05-04 13:08:05.671660,2391.0,2630.1000000000004,2151.9,2510.55,23910
2025-05-04 13:09:05.671660,2392.0,2631.2000000000003,2152.8,2511.6,23920
2025-05-04 13:10:05.671660,2393.0,2632.3,2153.7000000000003,2512.65,23930
2025-05-04 13:11:05.671660,2394.0,2633.4,2154.6,2513.7000000000003,23940
2025-05-04 13:12:05.671660,2395.0,2634.5,2155.5,2514.75,23950
2025-05-04 13:13:05.671660,2396.0,2635.6000000000004,2156.4,2515.8,23960
2025-05-04 13:14:05.671660,2397.0,2636.7000000000003,2157.3,2516.85,23970
2025-05-04 13:15:05.671660,2398.0,2637.8,2158.2000000000003,2517.9,23980
2025-05-04 13:16:05.671660,2399.0,2638.9,2159.1,2518.9500000000003,23990
2025-05-04 13:17:05.671660,2400.0,2640.0,2160.0,2520.0,24000
2025-05-04 13:18:05.671660,2401.0,2641.1000000000004,2160.9,2521.05,24010
2025-05-04 13:19:05.671660,2402.0,2642.2000000000003,2161.8,2522.1,24020
2025-05-04 13:20:05.671660,2403.0,2643.3,2162.7000000000003,2523.15,24030
2025-05-04 13:21:05.671660,2404.0,2644.4,2163.6,2524.2000000000003,24040
2025-05-04 13:22:05.671660,2405.0,2645.5,2164.5,2525.25,24050
2025-05-04 13:23:05.671660,2406.0,2646.6000000000004,2165.4,2526.3,24060
2025-05-04 13:24:05.671660,2407.0,2647.7000000000003,2166.3,2527.35,24070
2025-05-04 13:25:05.671660,2408.0,2648.8,2167.2000000000003,2528.4,24080
2025-05-04 13:26:05.671660,2409.0,2649.9,2168.1,2529.4500000000003,24090
2025-05-04 13:27:05.671660,2410.0,2651.0,2169.0,2530.5,24100
2025-05-04 13:28:05.671660,2411.0,2652.1000000000004,2169.9,2531.55,24110
2025-05-04 13:29:05.671660,2412.0,2653.2000000000003,2170.8,2532.6,24120
2025-05-04 13:30:05.671660,2413.0,2654.3,2171.7000000000003,2533.65,24130
2025-05-04 13:31:05.671660,2414.0,2655.4,2172.6,2534.7000000000003,24140
2025-05-04 13:32:05.671660,2415.0,2656.5,2173.5,2535.75,24150
2025-05-04 13:33:05.671660,2416.0,2657.6000000000004,2174.4,2536.8,24160
2025-05-04 13:34:05.671660,2417.0,2658.7000000000003,2175.3,2537.85,24170
2025-05-04 13:35:05.671660,2418.0,2659.8,2176.2000000000003,2538.9,24180
2025-05-04 13:36:05.671660,2419.0,2660.9,2177.1,2539.9500000000003,24190
2025-05-04 13:37:05.671660,2420.0,2662.0,2178.0,2541.0,24200
2025-05-04 13:38:05.671660,2421.0,2663.1000000000004,2178.9,2542.05,24210
2025-05-04 13:39:05.671660,2422.0,2664.2000000000003,2179.8,2543.1,24220
2025-05-04 13:40:05.671660,2423.0,2665.3,2180.7000000000003,2544.15,24230
2025-05-04 13:41:05.671660,2424.0,2666.4,2181.6,2545.2000000000003,24240
2025-05-04 13:42:05.671660,2425.0,2667.5,2182.5,2546.25,24250
2025-05-04 13:43:05.671660,2426.0,2668.6000000000004,2183.4,2547.3,24260
2025-05-04 13:44:05.671660,2427.0,2669.7000000000003,2184.3,2548.35,24270
2025-05-04 13:45:05.671660,2428.0,2670.8,2185.2000000000003,2549.4,24280
2025-05-04 13:46:05.671660,2429.0,2671.9,2186.1,2550.4500000000003,24290
2025-05-04 13:47:05.671660,2430.0,2673.0,2187.0,2551.5,24300
2025-05-04 13:48:05.671660,2431.0,2674.1000000000004,2187.9,2552.55,24310
2025-05-04 13:49:05.671660,2432.0,2675.2000000000003,2188.8,2553.6,24320
2025-05-04 13:50:05.671660,2433.0,2676.3,2189.7000000000003,2554.65,24330
2025-05-04 13:51:05.671660,2434.0,2677.4,2190.6,2555.7000000000003,24340
2025-05-04 13:52:05.671660,2435.0,2678.5,2191.5,2556.75,24350
2025-05-04 13:53:05.671660,2436.0,2679.6000000000004,2192.4,2557.8,24360
2025-05-04 13:54:05.671660,2437.0,2680.7000000000003,2193.3,2558.85,24370
2025-05-04 13:55:05.671660,2438.0,2681.8,2194.2000000000003,2559.9,24380
2025-05-04 13:56:05.671660,2439.0,2682.9,2195.1,2560.9500000000003,24390
2025-05-04 13:57:05.671660,2440.0,2684.0,2196.0,2562.0,24400
2025-05-04 13:58:05.671660,2441.0,2685.1000000000004,2196.9,2563.05,24410
2025-05-04 13:59:05.671660,2442.0,2686.2000000000003,2197.8,2564.1,24420
2025-05-04 14:00:05.671660,2443.0,2687.3,2198.7000000000003,2565.15,24430
2025-05-04 14:01:05.671660,2444.0,2688.4,2199.6,2566.2000000000003,24440
2025-05-04 14:02:05.671660,2445.0,2689.5,2200.5,2567.25,24450
2025-05-04 14:03:05.671660,2446.0,2690.6000000000004,2201.4,2568.3,24460
2025-05-04 14:04:05.671660,2447.0,2691.7000000000003,2202.3,2569.35,24470
2025-05-04 14:05:05.671660,2448.0,2692.8,2203.2000000000003,2570.4,24480
2025-05-04 14:06:05.671660,2449.0,2693.9,2204.1,2571.4500000000003,24490
2025-05-04 14:07:05.671660,2450.0,2695.0,2205.0,2572.5,24500
2025-05-04 14:08:05.671660,2451.0,2696.1000000000004,2205.9,2573.55,24510
2025-05-04 14:09:05.671660,2452.0,2697.2000000000003,2206.8,2574.6,24520
2025-05-04 14:10:05.671660,2453.0,2698.3,2207.7000000000003,2575.65,24530
2025-05-04 14:11:05.671660,2454.0,2699.4,2208.6,2576.7000000000003,24540
2025-05-04 14:12:05.671660,2455.0,2700.5,2209.5,2577.75,24550
2025-05-04 14:13:05.671660,2456.0,2701.6000000000004,2210.4,2578.8,24560
2025-05-04 14:14:05.671660,2457.0,2702.7000000000003,2211.3,2579.85,24570
2025-05-04 14:15:05.671660,2458.0,2703.8,2212.2000000000003,2580.9,24580
2025-05-04 14:16:05.671660,2459.0,2704.9,2213.1,2581.9500000000003,24590
2025-05-04 14:17:05.671660,2460.0,2706.0,2214.0,2583.0,24600
2025-05-04 14:18:05.671660,2461.0,2707.1000000000004,2214.9,2584.05,24610
2025-05-04 14:19:05.671660,2462.0,2708.2000000000003,2215.8,2585.1,24620
2025-05-04 14:20:05.671660,2463.0,2709.3,2216.7000000000003,2586.15,24630
2025-05-04 14:21:05.671660,2464.0,2710.4,2217.6,2587.2000000000003,24640
2025-05-04 14:22:05.671660,2465.0,2711.5,2218.5,2588.25,24650
2025-05-04 14:23:05.671660,2466.0,2712.6000000000004,2219.4,2589.3,24660
2025-05-04 14:24:05.671660,2467.0,2713.7000000000003,2220.3,2590.35,24670
2025-05-04 14:25:05.671660,2468.0,2714.8,2221.2000000000003,2591.4,24680
2025-05-04 14:26:05.671660,2469.0,2715.9,2222.1,2592.4500000000003,24690
2025-05-04 14:27:05.671660,2470.0,2717.0,2223.0,2593.5,24700
2025-05-04 14:28:05.671660,2471.0,2718.1000000000004,2223.9,2594.55,24710
2025-05-04 14:29:05.671660,2472.0,2719.2000000000003,2224.8,2595.6,24720
2025-05-04 14:30:05.671660,2473.0,2720.3,2225.7000000000003,2596.65,24730
2025-05-04 14:31:05.671660,2474.0,2721.4,2226.6,2597.7000000000003,24740
2025-05-04 14:32:05.671660,2475.0,2722.5,2227.5,2598.75,24750
2025-05-04 14:33:05.671660,2476.0,2723.6000000000004,2228.4,2599.8,24760
2025-05-04 14:34:05.671660,2477.0,2724.7000000000003,2229.3,2600.85,24770
2025-05-04 14:35:05.671660,2478.0,2725.8,2230.2000000000003,2601.9,24780
2025-05-04 14:36:05.671660,2479.0,2726.9,2231.1,2602.9500000000003,24790
2025-05-04 14:37:05.671660,2480.0,2728.0,2232.0,2604.0,24800
2025-05-04 14:38:05.671660,2481.0,2729.1000000000004,2232.9,2605.05,24810
2025-05-04 14:39:05.671660,2482.0,2730.2000000000003,2233.8,2606.1,24820
2025-05-04 14:40:05.671660,2483.0,2731.3,2234.7000000000003,2607.15,24830
2025-05-04 14:41:05.671660,2484.0,2732.4,2235.6,2608.2000000000003,24840
2025-05-04 14:42:05.671660,2485.0,2733.5,2236.5,2609.25,24850
2025-05-04 14:43:05.671660,2486.0,2734.6000000000004,2237.4,2610.3,24860
2025-05-04 14:44:05.671660,2487.0,2735.7000000000003,2238.3,2611.35,24870
2025-05-04 14:45:05.671660,2488.0,2736.8,2239.2000000000003,2612.4,24880
2025-05-04 14:46:05.671660,2489.0,2737.9,2240.1,2613.4500000000003,24890
2025-05-04 14:47:05.671660,2490.0,2739.0,2241.0,2614.5,24900
2025-05-04 14:48:05.671660,2491.0,2740.1000000000004,2241.9,2615.55,24910
2025-05-04 14:49:05.671660,2492.0,2741.2000000000003,2242.8,2616.6,24920
2025-05-04 14:50:05.671660,2493.0,2742.3,2243.7000000000003,2617.65,24930
2025-05-04 14:51:05.671660,2494.0,2743.4,2244.6,2618.7000000000003,24940
2025-05-04 14:52:05.671660,2495.0,2744.5,2245.5,2619.75,24950
2025-05-04 14:53:05.671660,2496.0,2745.6000000000004,2246.4,2620.8,24960
2025-05-04 14:54:05.671660,2497.0,2746.7000000000003,2247.3,2621.85,24970
2025-05-04 14:55:05.671660,2498.0,2747.8,2248.2000000000003,2622.9,24980
2025-05-04 14:56:05.671660,2499.0,2748.9,2249.1,2623.9500000000003,24990
2025-05-04 14:57:05.671660,2500.0,2750.0,2250.0,2625.0,25000
2025-05-04 14:58:05.671660,2501.0,2751.1000000000004,2250.9,2626.05,25010
2025-05-04 14:59:05.671660,2502.0,2752.2000000000003,2251.8,2627.1,25020
2025-05-04 15:00:05.671660,2503.0,2753.3,2252.7000000000003,2628.15,25030
2025-05-04 15:01:05.671660,2504.0,2754.4,2253.6,2629.2000000000003,25040
2025-05-04 15:02:05.671660,2505.0,2755.5,2254.5,2630.25,25050
2025-05-04 15:03:05.671660,2506.0,2756.6000000000004,2255.4,2631.3,25060
2025-05-04 15:04:05.671660,2507.0,2757.7000000000003,2256.3,2632.35,25070
2025-05-04 15:05:05.671660,2508.0,2758.8,2257.2000000000003,2633.4,25080
2025-05-04 15:06:05.671660,2509.0,2759.9,2258.1,2634.4500000000003,25090
2025-05-04 15:07:05.671660,2510.0,2761.0,2259.0,2635.5,25100
2025-05-04 15:08:05.671660,2511.0,2762.1000000000004,2259.9,2636.55,25110
2025-05-04 15:09:05.671660,2512.0,2763.2000000000003,2260.8,2637.6,25120
2025-05-04 15:10:05.671660,2513.0,2764.3,2261.7000000000003,2638.65,25130
2025-05-04 15:11:05.671660,2514.0,2765.4,2262.6,2639.7000000000003,25140
2025-05-04 15:12:05.671660,2515.0,2766.5,2263.5,2640.75,25150
2025-05-04 15:13:05.671660,2516.0,2767.6000000000004,2264.4,2641.8,25160
2025-05-04 15:14:05.671660,2517.0,2768.7000000000003,2265.3,2642.85,25170
2025-05-04 15:15:05.671660,2518.0,2769.8,2266.2000000000003,2643.9,25180
2025-05-04 15:16:05.671660,2519.0,2770.9,2267.1,2644.9500000000003,25190
2025-05-04 15:17:05.671660,2520.0,2772.0,2268.0,2646.0,25200
2025-05-04 15:18:05.671660,2521.0,2773.1000000000004,2268.9,2647.05,25210
2025-05-04 15:19:05.671660,2522.0,2774.2000000000003,2269.8,2648.1,25220
2025-05-04 15:20:05.671660,2523.0,2775.3,2270.7000000000003,2649.15,25230
2025-05-04 15:21:05.671660,2524.0,2776.4,2271.6,2650.2000000000003,25240
2025-05-04 15:22:05.671660,2525.0,2777.5,2272.5,2651.25,25250
2025-05-04 15:23:05.671660,2526.0,2778.6000000000004,2273.4,2652.3,25260
2025-05-04 15:24:05.671660,2527.0,2779.7000000000003,2274.3,2653.35,25270
2025-05-04 15:25:05.671660,2528.0,2780.8,2275.2000000000003,2654.4,25280
2025-05-04 15:26:05.671660,2529.0,2781.9,2276.1,2655.4500000000003,25290
2025-05-04 15:27:05.671660,2530.0,2783.0,2277.0,2656.5,25300
2025-05-04 15:28:05.671660,2531.0,2784.1000000000004,2277.9,2657.55,25310
2025-05-04 15:29:05.671660,2532.0,2785.2000000000003,2278.8,2658.6,25320
2025-05-04 15:30:05.671660,2533.0,2786.3,2279.7000000000003,2659.65,25330
2025-05-04 15:31:05.671660,2534.0,2787.4,2280.6,2660.7000000000003,25340
2025-05-04 15:32:05.671660,2535.0,2788.5,2281.5,2661.75,25350
2025-05-04 15:33:05.671660,2536.0,2789.6000000000004,2282.4,2662.8,25360
2025-05-04 15:34:05.671660,2537.0,2790.7000000000003,2283.3,2663.85,25370
2025-05-04 15:35:05.671660,2538.0,2791.8,2284.2000000000003,2664.9,25380
2025-05-04 15:36:05.671660,2539.0,2792.9,2285.1,2665.9500000000003,25390
2025-05-04 15:37:05.671660,2540.0,2794.0,2286.0,2667.0,25400
2025-05-04 15:38:05.671660,2541.0,2795.1000000000004,2286.9,2668.05,25410
2025-05-04 15:39:05.671660,2542.0,2796.2000000000003,2287.8,2669.1,25420
2025-05-04 15:40:05.671660,2543.0,2797.3,2288.7000000000003,2670.15,25430
2025-05-04 15:41:05.671660,2544.0,2798.4,2289.6,2671.2000000000003,25440
2025-05-04 15:42:05.671660,2545.0,2799.5,2290.5,2672.25,25450
2025-05-04 15:43:05.671660,2546.0,2800.6000000000004,2291.4,2673.3,25460
2025-05-04 15:44:05.671660,2547.0,2801.7000000000003,2292.3,2674.35,25470
2025-05-04 15:45:05.671660,2548.0,2802.8,2293.2000000000003,2675.4,25480
2025-05-04 15:46:05.671660,2549.0,2803.9,2294.1,2676.4500000000003,25490
2025-05-04 15:47:05.671660,2550.0,2805.0,2295.0,2677.5,25500
2025-05-04 15:48:05.671660,2551.0,2806.1000000000004,2295.9,2678.55,25510
2025-05-04 15:49:05.671660,2552.0,2807.2000000000003,2296.8,2679.6,25520
2025-05-04 15:50:05.671660,2553.0,2808.3,2297.7000000000003,2680.65,25530
2025-05-04 15:51:05.671660,2554.0,2809.4,2298.6,2681.7000000000003,25540
2025-05-04 15:52:05.671660,2555.0,2810.5,2299.5,2682.75,25550
2025-05-04 15:53:05.671660,2556.0,2811.6000000000004,2300.4,2683.8,25560
2025-05-04 15:54:05.671660,2557.0,2812.7000000000003,2301.3,2684.85,25570
2025-05-04 15:55:05.671660,2558.0,2813.8,2302.2000000000003,2685.9,25580
2025-05-04 15:56:05.671660,2559.0,2814.9,2303.1,2686.9500000000003,25590
2025-05-04 15:57:05.671660,2560.0,2816.0,2304.0,2688.0,25600
2025-05-04 15:58:05.671660,2561.0,2817.1000000000004,2304.9,2689.05,25610
2025-05-04 15:59:05.671660,2562.0,2818.2000000000003,2305.8,2690.1,25620
2025-05-04 16:00:05.671660,2563.0,2819.3,2306.7000000000003,2691.15,25630
2025-05-04 16:01:05.671660,2564.0,2820.4,2307.6,2692.2000000000003,25640
2025-05-04 16:02:05.671660,2565.0,2821.5000000000005,2308.5,2693.25,25650
2025-05-04 16:03:05.671660,2566.0,2822.6000000000004,2309.4,2694.3,25660
2025-05-04 16:04:05.671660,2567.0,2823.7000000000003,2310.3,2695.35,25670
2025-05-04 16:05:05.671660,2568.0,2824.8,2311.2000000000003,2696.4,25680
2025-05-04 16:06:05.671660,2569.0,2825.9,2312.1,2697.4500000000003,25690
2025-05-04 16:07:05.671660,2570.0,2827.0000000000005,2313.0,2698.5,25700
2025-05-04 16:08:05.671660,2571.0,2828.1000000000004,2313.9,2699.55,25710
2025-05-04 16:09:05.671660,2572.0,2829.2000000000003,2314.8,2700.6,25720
2025-05-04 16:10:05.671660,2573.0,2830.3,2315.7000000000003,2701.65,25730
2025-05-04 16:11:05.671660,2574.0,2831.4,2316.6,2702.7000000000003,25740
2025-05-04 16:12:05.671660,2575.0,2832.5000000000005,2317.5,2703.75,25750
2025-05-04 16:13:05.671660,2576.0,2833.6000000000004,2318.4,2704.8,25760
2025-05-04 16:14:05.671660,2577.0,2834.7000000000003,2319.3,2705.85,25770
2025-05-04 16:15:05.671660,2578.0,2835.8,2320.2000000000003,2706.9,25780
2025-05-04 16:16:05.671660,2579.0,2836.9,2321.1,2707.9500000000003,25790
2025-05-04 16:17:05.671660,2580.0,2838.0000000000005,2322.0,2709.0,25800
2025-05-04 16:18:05.671660,2581.0,2839.1000000000004,2322.9,2710.05,25810
2025-05-04 16:19:05.671660,2582.0,2840.2000000000003,2323.8,2711.1,25820
2025-05-04 16:20:05.671660,2583.0,2841.3,2324.7000000000003,2712.15,25830
2025-05-04 16:21:05.671660,2584.0,2842.4,2325.6,2713.2000000000003,25840
2025-05-04 16:22:05.671660,2585.0,2843.5000000000005,2326.5,2714.25,25850
2025-05-04 16:23:05.671660,2586.0,2844.6000000000004,2327.4,2715.3,25860
2025-05-04 16:24:05.671660,2587.0,2845.7000000000003,2328.3,2716.35,25870
2025-05-04 16:25:05.671660,2588.0,2846.8,2329.2000000000003,2717.4,25880
2025-05-04 16:26:05.671660,2589.0,2847.9,2330.1,2718.4500000000003,25890
2025-05-04 16:27:05.671660,2590.0,2849.0000000000005,2331.0,2719.5,25900
2025-05-04 16:28:05.671660,2591.0,2850.1000000000004,2331.9,2720.55,25910
2025-05-04 16:29:05.671660,2592.0,2851.2000000000003,2332.8,2721.6,25920
2025-05-04 16:30:05.671660,2593.0,2852.3,2333.7000000000003,2722.65,25930
2025-05-04 16:31:05.671660,2594.0,2853.4,2334.6,2723.7000000000003,25940
2025-05-04 16:32:05.671660,2595.0,2854.5000000000005,2335.5,2724.75,25950
2025-05-04 16:33:05.671660,2596.0,2855.6000000000004,2336.4,2725.8,25960
2025-05-04 16:34:05.671660,2597.0,2856.7000000000003,2337.3,2726.85,25970
2025-05-04 16:35:05.671660,2598.0,2857.8,2338.2000000000003,2727.9,25980
2025-05-04 16:36:05.671660,2599.0,2858.9,2339.1,2728.9500000000003,25990
2025-05-04 16:37:05.671660,2600.0,2860.0000000000005,2340.0,2730.0,26000
2025-05-04 16:38:05.671660,2601.0,2861.1000000000004,2340.9,2731.05,26010
2025-05-04 16:39:05.671660,2602.0,2862.2000000000003,2341.8,2732.1,26020
2025-05-04 16:40:05.671660,2603.0,2863.3,2342.7000000000003,2733.15,26030
2025-05-04 16:41:05.671660,2604.0,2864.4,2343.6,2734.2000000000003,26040
2025-05-04 16:42:05.671660,2605.0,2865.5000000000005,2344.5,2735.25,26050
2025-05-04 16:43:05.671660,2606.0,2866.6000000000004,2345.4,2736.3,26060
2025-05-04 16:44:05.671660,2607.0,2867.7000000000003,2346.3,2737.35,26070
2025-05-04 16:45:05.671660,2608.0,2868.8,2347.2000000000003,2738.4,26080
2025-05-04 16:46:05.671660,2609.0,2869.9,2348.1,2739.4500000000003,26090
2025-05-04 16:47:05.671660,2610.0,2871.0000000000005,2349.0,2740.5,26100
2025-05-04 16:48:05.671660,2611.0,2872.1000000000004,2349.9,2741.55,26110
2025-05-04 16:49:05.671660,2612.0,2873.2000000000003,2350.8,2742.6,26120
2025-05-04 16:50:05.671660,2613.0,2874.3,2351.7000000000003,2743.65,26130
2025-05-04 16:51:05.671660,2614.0,2875.4,2352.6,2744.7000000000003,26140
2025-05-04 16:52:05.671660,2615.0,2876.5000000000005,2353.5,2745.75,26150
2025-05-04 16:53:05.671660,2616.0,2877.6000000000004,2354.4,2746.8,26160
2025-05-04 16:54:05.671660,2617.0,2878.7000000000003,2355.3,2747.85,26170
2025-05-04 16:55:05.671660,2618.0,2879.8,2356.2000000000003,2748.9,26180
2025-05-04 16:56:05.671660,2619.0,2880.9,2357.1,2749.9500000000003,26190
2025-05-04 16:57:05.671660,2620.0,2882.0000000000005,2358.0,2751.0,26200
2025-05-04 16:58:05.671660,2621.0,2883.1000000000004,2358.9,2752.05,26210
2025-05-04 16:59:05.671660,2622.0,2884.2000000000003,2359.8,2753.1,26220
2025-05-04 17:00:05.671660,2623.0,2885.3,2360.7000000000003,2754.15,26230
2025-05-04 17:01:05.671660,2624.0,2886.4,2361.6,2755.2000000000003,26240
2025-05-04 17:02:05.671660,2625.0,2887.5000000000005,2362.5,2756.25,26250
2025-05-04 17:03:05.671660,2626.0,2888.6000000000004,2363.4,2757.3,26260
2025-05-04 17:04:05.671660,2627.0,2889.7000000000003,2364.3,2758.35,26270
2025-05-04 17:05:05.671660,2628.0,2890.8,2365.2000000000003,2759.4,26280
2025-05-04 17:06:05.671660,2629.0,2891.9,2366.1,2760.4500000000003,26290
2025-05-04 17:07:05.671660,2630.0,2893.0000000000005,2367.0,2761.5,26300
2025-05-04 17:08:05.671660,2631.0,2894.1000000000004,2367.9,2762.55,26310
2025-05-04 17:09:05.671660,2632.0,2895.2000000000003,2368.8,2763.6,26320
2025-05-04 17:10:05.671660,2633.0,2896.3,2369.7000000000003,2764.65,26330
2025-05-04 17:11:05.671660,2634.0,2897.4,2370.6,2765.7000000000003,26340
2025-05-04 17:12:05.671660,2635.0,2898.5000000000005,2371.5,2766.75,26350
2025-05-04 17:13:05.671660,2636.0,2899.6000000000004,2372.4,2767.8,26360
2025-05-04 17:14:05.671660,2637.0,2900.7000000000003,2373.3,2768.85,26370
2025-05-04 17:15:05.671660,2638.0,2901.8,2374.2000000000003,2769.9,26380
2025-05-04 17:16:05.671660,2639.0,2902.9,2375.1,2770.9500000000003,26390
2025-05-04 17:17:05.671660,2640.0,2904.0000000000005,2376.0,2772.0,26400
2025-05-04 17:18:05.671660,2641.0,2905.1000000000004,2376.9,2773.05,26410
2025-05-04 17:19:05.671660,2642.0,2906.2000000000003,2377.8,2774.1,26420
2025-05-04 17:20:05.671660,2643.0,2907.3,2378.7000000000003,2775.15,26430
2025-05-04 17:21:05.671660,2644.0,2908.4,2379.6,2776.2000000000003,26440
2025-05-04 17:22:05.671660,2645.0,2909.5000000000005,2380.5,2777.25,26450
2025-05-04 17:23:05.671660,2646.0,2910.6000000000004,2381.4,2778.3,26460
2025-05-04 17:24:05.671660,2647.0,2911.7000000000003,2382.3,2779.35,26470
2025-05-04 17:25:05.671660,2648.0,2912.8,2383.2000000000003,2780.4,26480
2025-05-04 17:26:05.671660,2649.0,2913.9,2384.1,2781.4500000000003,26490
2025-05-04 17:27:05.671660,2650.0,2915.0000000000005,2385.0,2782.5,26500
2025-05-04 17:28:05.671660,2651.0,2916.1000000000004,2385.9,2783.55,26510
2025-05-04 17:29:05.671660,2652.0,2917.2000000000003,2386.8,2784.6,26520
2025-05-04 17:30:05.671660,2653.0,2918.3,2387.7000000000003,2785.65,26530
2025-05-04 17:31:05.671660,2654.0,2919.4,2388.6,2786.7000000000003,26540
2025-05-04 17:32:05.671660,2655.0,2920.5000000000005,2389.5,2787.75,26550
2025-05-04 17:33:05.671660,2656.0,2921.6000000000004,2390.4,2788.8,26560
2025-05-04 17:34:05.671660,2657.0,2922.7000000000003,2391.3,2789.85,26570
2025-05-04 17:35:05.671660,2658.0,2923.8,2392.2000000000003,2790.9,26580
2025-05-04 17:36:05.671660,2659.0,2924.9,2393.1,2791.9500000000003,26590
2025-05-04 17:37:05.671660,2660.0,2926.0000000000005,2394.0,2793.0,26600
2025-05-04 17:38:05.671660,2661.0,2927.1000000000004,2394.9,2794.05,26610
2025-05-04 17:39:05.671660,2662.0,2928.2000000000003,2395.8,2795.1,26620
2025-05-04 17:40:05.671660,2663.0,2929.3,2396.7000000000003,2796.15,26630
2025-05-04 17:41:05.671660,2664.0,2930.4,2397.6,2797.2000000000003,26640
2025-05-04 17:42:05.671660,2665.0,2931.5000000000005,2398.5,2798.25,26650
2025-05-04 17:43:05.671660,2666.0,2932.6000000000004,2399.4,2799.3,26660
2025-05-04 17:44:05.671660,2667.0,2933.7000000000003,2400.3,2800.35,26670
2025-05-04 17:45:05.671660,2668.0,2934.8,2401.2000000000003,2801.4,26680
2025-05-04 17:46:05.671660,2669.0,2935.9,2402.1,2802.4500000000003,26690
2025-05-04 17:47:05.671660,2670.0,2937.0000000000005,2403.0,2803.5,26700
2025-05-04 17:48:05.671660,2671.0,2938.1000000000004,2403.9,2804.55,26710
2025-05-04 17:49:05.671660,2672.0,2939.2000000000003,2404.8,2805.6,26720
2025-05-04 17:50:05.671660,2673.0,2940.3,2405.7000000000003,2806.65,26730
2025-05-04 17:51:05.671660,2674.0,2941.4,2406.6,2807.7000000000003,26740
2025-05-04 17:52:05.671660,2675.0,2942.5000000000005,2407.5,2808.75,26750
2025-05-04 17:53:05.671660,2676.0,2943.6000000000004,2408.4,2809.8,26760
2025-05-04 17:54:05.671660,2677.0,2944.7000000000003,2409.3,2810.85,26770
2025-05-04 17:55:05.671660,2678.0,2945.8,2410.2000000000003,2811.9,26780
2025-05-04 17:56:05.671660,2679.0,2946.9,2411.1,2812.9500000000003,26790
2025-05-04 17:57:05.671660,2680.0,2948.0000000000005,2412.0,2814.0,26800
2025-05-04 17:58:05.671660,2681.0,2949.1000000000004,2412.9,2815.05,26810
2025-05-04 17:59:05.671660,2682.0,2950.2000000000003,2413.8,2816.1,26820
2025-05-04 18:00:05.671660,2683.0,2951.3,2414.7000000000003,2817.15,26830
2025-05-04 18:01:05.671660,2684.0,2952.4,2415.6,2818.2000000000003,26840
2025-05-04 18:02:05.671660,2685.0,2953.5000000000005,2416.5,2819.25,26850
2025-05-04 18:03:05.671660,2686.0,2954.6000000000004,2417.4,2820.3,26860
2025-05-04 18:04:05.671660,2687.0,2955.7000000000003,2418.3,2821.35,26870
2025-05-04 18:05:05.671660,2688.0,2956.8,2419.2000000000003,2822.4,26880
2025-05-04 18:06:05.671660,2689.0,2957.9,2420.1,2823.4500000000003,26890
2025-05-04 18:07:05.671660,2690.0,2959.0000000000005,2421.0,2824.5,26900
2025-05-04 18:08:05.671660,2691.0,2960.1000000000004,2421.9,2825.55,26910
2025-05-04 18:09:05.671660,2692.0,2961.2000000000003,2422.8,2826.6,26920
2025-05-04 18:10:05.671660,2693.0,2962.3,2423.7000000000003,2827.65,26930
2025-05-04 18:11:05.671660,2694.0,2963.4,2424.6,2828.7000000000003,26940
2025-05-04 18:12:05.671660,2695.0,2964.5000000000005,2425.5,2829.75,26950
2025-05-04 18:13:05.671660,2696.0,2965.6000000000004,2426.4,2830.8,26960
2025-05-04 18:14:05.671660,2697.0,2966.7000000000003,2427.3,2831.85,26970
2025-05-04 18:15:05.671660,2698.0,2967.8,2428.2000000000003,2832.9,26980
2025-05-04 18:16:05.671660,2699.0,2968.9,2429.1,2833.9500000000003,26990
2025-05-04 18:17:05.671660,2700.0,2970.0000000000005,2430.0,2835.0,27000
2025-05-04 18:18:05.671660,2701.0,2971.1000000000004,2430.9,2836.05,27010
2025-05-04 18:19:05.671660,2702.0,2972.2000000000003,2431.8,2837.1,27020
2025-05-04 18:20:05.671660,2703.0,2973.3,2432.7000000000003,2838.15,27030
2025-05-04 18:21:05.671660,2704.0,2974.4,2433.6,2839.2000000000003,27040
2025-05-04 18:22:05.671660,2705.0,2975.5000000000005,2434.5,2840.25,27050
2025-05-04 18:23:05.671660,2706.0,2976.6000000000004,2435.4,2841.3,27060
2025-05-04 18:24:05.671660,2707.0,2977.7000000000003,2436.3,2842.35,27070
2025-05-04 18:25:05.671660,2708.0,2978.8,2437.2000000000003,2843.4,27080
2025-05-04 18:26:05.671660,2709.0,2979.9,2438.1,2844.4500000000003,27090
2025-05-04 18:27:05.671660,2710.0,2981.0000000000005,2439.0,2845.5,27100
2025-05-04 18:28:05.671660,2711.0,2982.1000000000004,2439.9,2846.55,27110
2025-05-04 18:29:05.671660,2712.0,2983.2000000000003,2440.8,2847.6,27120
2025-05-04 18:30:05.671660,2713.0,2984.3,2441.7000000000003,2848.65,27130
2025-05-04 18:31:05.671660,2714.0,2985.4,2442.6,2849.7000000000003,27140
2025-05-04 18:32:05.671660,2715.0,2986.5000000000005,2443.5,2850.75,27150
2025-05-04 18:33:05.671660,2716.0,2987.6000000000004,2444.4,2851.8,27160
2025-05-04 18:34:05.671660,2717.0,2988.7000000000003,2445.3,2852.85,27170
2025-05-04 18:35:05.671660,2718.0,2989.8,2446.2000000000003,2853.9,27180
2025-05-04 18:36:05.671660,2719.0,2990.9,2447.1,2854.9500000000003,27190
2025-05-04 18:37:05.671660,2720.0,2992.0000000000005,2448.0,2856.0,27200
2025-05-04 18:38:05.671660,2721.0,2993.1000000000004,2448.9,2857.05,27210
2025-05-04 18:39:05.671660,2722.0,2994.2000000000003,2449.8,2858.1,27220
2025-05-04 18:40:05.671660,2723.0,2995.3,2450.7000000000003,2859.15,27230
2025-05-04 18:41:05.671660,2724.0,2996.4,2451.6,2860.2000000000003,27240
2025-05-04 18:42:05.671660,2725.0,2997.5000000000005,2452.5,2861.25,27250
2025-05-04 18:43:05.671660,2726.0,2998.6000000000004,2453.4,2862.3,27260
2025-05-04 18:44:05.671660,2727.0,2999.7000000000003,2454.3,2863.35,27270
2025-05-04 18:45:05.671660,2728.0,3000.8,2455.2000000000003,2864.4,27280
2025-05-04 18:46:05.671660,2729.0,3001.9,2456.1,2865.4500000000003,27290
2025-05-04 18:47:05.671660,2730.0,3003.0000000000005,2457.0,2866.5,27300
2025-05-04 18:48:05.671660,2731.0,3004.1000000000004,2457.9,2867.55,27310
2025-05-04 18:49:05.671660,2732.0,3005.2000000000003,2458.8,2868.6,27320
2025-05-04 18:50:05.671660,2733.0,3006.3,2459.7000000000003,2869.65,27330
2025-05-04 18:51:05.671660,2734.0,3007.4,2460.6,2870.7000000000003,27340
2025-05-04 18:52:05.671660,2735.0,3008.5000000000005,2461.5,2871.75,27350
2025-05-04 18:53:05.671660,2736.0,3009.6000000000004,2462.4,2872.8,27360
2025-05-04 18:54:05.671660,2737.0,3010.7000000000003,2463.3,2873.85,27370
2025-05-04 18:55:05.671660,2738.0,3011.8,2464.2000000000003,2874.9,27380
2025-05-04 18:56:05.671660,2739.0,3012.9,2465.1,2875.9500000000003,27390
2025-05-04 18:57:05.671660,2740.0,3014.0000000000005,2466.0,2877.0,27400
2025-05-04 18:58:05.671660,2741.0,3015.1000000000004,2466.9,2878.05,27410
2025-05-04 18:59:05.671660,2742.0,3016.2000000000003,2467.8,2879.1,27420
2025-05-04 19:00:05.671660,2743.0,3017.3,2468.7000000000003,2880.15,27430
2025-05-04 19:01:05.671660,2744.0,3018.4,2469.6,2881.2000000000003,27440
2025-05-04 19:02:05.671660,2745.0,3019.5000000000005,2470.5,2882.25,27450
2025-05-04 19:03:05.671660,2746.0,3020.6000000000004,2471.4,2883.3,27460
2025-05-04 19:04:05.671660,2747.0,3021.7000000000003,2472.3,2884.35,27470
2025-05-04 19:05:05.671660,2748.0,3022.8,2473.2000000000003,2885.4,27480
2025-05-04 19:06:05.671660,2749.0,3023.9,2474.1,2886.4500000000003,27490
2025-05-04 19:07:05.671660,2750.0,3025.0000000000005,2475.0,2887.5,27500
2025-05-04 19:08:05.671660,2751.0,3026.1000000000004,2475.9,2888.55,27510
2025-05-04 19:09:05.671660,2752.0,3027.2000000000003,2476.8,2889.6,27520
2025-05-04 19:10:05.671660,2753.0,3028.3,2477.7000000000003,2890.65,27530
2025-05-04 19:11:05.671660,2754.0,3029.4,2478.6,2891.7000000000003,27540
2025-05-04 19:12:05.671660,2755.0,3030.5000000000005,2479.5,2892.75,27550
2025-05-04 19:13:05.671660,2756.0,3031.6000000000004,2480.4,2893.8,27560
2025-05-04 19:14:05.671660,2757.0,3032.7000000000003,2481.3,2894.85,27570
2025-05-04 19:15:05.671660,2758.0,3033.8,2482.2000000000003,2895.9,27580
2025-05-04 19:16:05.671660,2759.0,3034.9,2483.1,2896.9500000000003,27590
2025-05-04 19:17:05.671660,2760.0,3036.0000000000005,2484.0,2898.0,27600
2025-05-04 19:18:05.671660,2761.0,3037.1000000000004,2484.9,2899.05,27610
2025-05-04 19:19:05.671660,2762.0,3038.2000000000003,2485.8,2900.1,27620
2025-05-04 19:20:05.671660,2763.0,3039.3,2486.7000000000003,2901.15,27630
2025-05-04 19:21:05.671660,2764.0,3040.4,2487.6,2902.2000000000003,27640
2025-05-04 19:22:05.671660,2765.0,3041.5000000000005,2488.5,2903.25,27650
2025-05-04 19:23:05.671660,2766.0,3042.6000000000004,2489.4,2904.3,27660
2025-05-04 19:24:05.671660,2767.0,3043.7000000000003,2490.3,2905.35,27670
2025-05-04 19:25:05.671660,2768.0,3044.8,2491.2000000000003,2906.4,27680
2025-05-04 19:26:05.671660,2769.0,3045.9,2492.1,2907.4500000000003,27690
2025-05-04 19:27:05.671660,2770.0,3047.0000000000005,2493.0,2908.5,27700
2025-05-04 19:28:05.671660,2771.0,3048.1000000000004,2493.9,2909.55,27710
2025-05-04 19:29:05.671660,2772.0,3049.2000000000003,2494.8,2910.6,27720
2025-05-04 19:30:05.671660,2773.0,3050.3,2495.7000000000003,2911.65,27730
2025-05-04 19:31:05.671660,2774.0,3051.4,2496.6,2912.7000000000003,27740
2025-05-04 19:32:05.671660,2775.0,3052.5000000000005,2497.5,2913.75,27750
2025-05-04 19:33:05.671660,2776.0,3053.6000000000004,2498.4,2914.8,27760
2025-05-04 19:34:05.671660,2777.0,3054.7000000000003,2499.3,2915.85,27770
2025-05-04 19:35:05.671660,2778.0,3055.8,2500.2000000000003,2916.9,27780
2025-05-04 19:36:05.671660,2779.0,3056.9,2501.1,2917.9500000000003,27790
2025-05-04 19:37:05.671660,2780.0,3058.0000000000005,2502.0,2919.0,27800
2025-05-04 19:38:05.671660,2781.0,3059.1000000000004,2502.9,2920.05,27810
2025-05-04 19:39:05.671660,2782.0,3060.2000000000003,2503.8,2921.1,27820
2025-05-04 19:40:05.671660,2783.0,3061.3,2504.7000000000003,2922.15,27830
2025-05-04 19:41:05.671660,2784.0,3062.4,2505.6,2923.2000000000003,27840
2025-05-04 19:42:05.671660,2785.0,3063.5000000000005,2506.5,2924.25,27850
2025-05-04 19:43:05.671660,2786.0,3064.6000000000004,2507.4,2925.3,27860
2025-05-04 19:44:05.671660,2787.0,3065.7000000000003,2508.3,2926.35,27870
2025-05-04 19:45:05.671660,2788.0,3066.8,2509.2000000000003,2927.4,27880
2025-05-04 19:46:05.671660,2789.0,3067.9,2510.1,2928.4500000000003,27890
2025-05-04 19:47:05.671660,2790.0,3069.0000000000005,2511.0,2929.5,27900
2025-05-04 19:48:05.671660,2791.0,3070.1000000000004,2511.9,2930.55,27910
2025-05-04 19:49:05.671660,2792.0,3071.2000000000003,2512.8,2931.6,27920
2025-05-04 19:50:05.671660,2793.0,3072.3,2513.7000000000003,2932.65,27930
2025-05-04 19:51:05.671660,2794.0,3073.4,2514.6,2933.7000000000003,27940
2025-05-04 19:52:05.671660,2795.0,3074.5000000000005,2515.5,2934.75,27950
2025-05-04 19:53:05.671660,2796.0,3075.6000000000004,2516.4,2935.8,27960
2025-05-04 19:54:05.671660,2797.0,3076.7000000000003,2517.3,2936.85,27970
2025-05-04 19:55:05.671660,2798.0,3077.8,2518.2000000000003,2937.9,27980
2025-05-04 19:56:05.671660,2799.0,3078.9,2519.1,2938.9500000000003,27990
2025-05-04 19:57:05.671660,2800.0,3080.0000000000005,2520.0,2940.0,28000
2025-05-04 19:58:05.671660,2801.0,3081.1000000000004,2520.9,2941.05,28010
2025-05-04 19:59:05.671660,2802.0,3082.2000000000003,2521.8,2942.1,28020
2025-05-04 20:00:05.671660,2803.0,3083.3,2522.7000000000003,2943.15,28030
2025-05-04 20:01:05.671660,2804.0,3084.4,2523.6,2944.2000000000003,28040
2025-05-04 20:02:05.671660,2805.0,3085.5000000000005,2524.5,2945.25,28050
2025-05-04 20:03:05.671660,2806.0,3086.6000000000004,2525.4,2946.3,28060
2025-05-04 20:04:05.671660,2807.0,3087.7000000000003,2526.3,2947.35,28070
2025-05-04 20:05:05.671660,2808.0,3088.8,2527.2000000000003,2948.4,28080
2025-05-04 20:06:05.671660,2809.0,3089.9,2528.1,2949.4500000000003,28090
2025-05-04 20:07:05.671660,2810.0,3091.0000000000005,2529.0,2950.5,28100
2025-05-04 20:08:05.671660,2811.0,3092.1000000000004,2529.9,2951.55,28110
2025-05-04 20:09:05.671660,2812.0,3093.2000000000003,2530.8,2952.6,28120
2025-05-04 20:10:05.671660,2813.0,3094.3,2531.7000000000003,2953.65,28130
2025-05-04 20:11:05.671660,2814.0,3095.4,2532.6,2954.7000000000003,28140
2025-05-04 20:12:05.671660,2815.0,3096.5000000000005,2533.5,2955.75,28150
2025-05-04 20:13:05.671660,2816.0,3097.6000000000004,2534.4,2956.8,28160
2025-05-04 20:14:05.671660,2817.0,3098.7000000000003,2535.3,2957.85,28170
2025-05-04 20:15:05.671660,2818.0,3099.8,2536.2000000000003,2958.9,28180
2025-05-04 20:16:05.671660,2819.0,3100.9,2537.1,2959.9500000000003,28190
2025-05-04 20:17:05.671660,2820.0,3102.0000000000005,2538.0,2961.0,28200
2025-05-04 20:18:05.671660,2821.0,3103.1000000000004,2538.9,2962.05,28210
2025-05-04 20:19:05.671660,2822.0,3104.2000000000003,2539.8,2963.1,28220
2025-05-04 20:20:05.671660,2823.0,3105.3,2540.7000000000003,2964.15,28230
2025-05-04 20:21:05.671660,2824.0,3106.4,2541.6,2965.2000000000003,28240
2025-05-04 20:22:05.671660,2825.0,3107.5000000000005,2542.5,2966.25,28250
2025-05-04 20:23:05.671660,2826.0,3108.6000000000004,2543.4,2967.3,28260
2025-05-04 20:24:05.671660,2827.0,3109.7000000000003,2544.3,2968.35,28270
2025-05-04 20:25:05.671660,2828.0,3110.8,2545.2000000000003,2969.4,28280
2025-05-04 20:26:05.671660,2829.0,3111.9,2546.1,2970.4500000000003,28290
2025-05-04 20:27:05.671660,2830.0,3113.0000000000005,2547.0,2971.5,28300
2025-05-04 20:28:05.671660,2831.0,3114.1000000000004,2547.9,2972.55,28310
2025-05-04 20:29:05.671660,2832.0,3115.2000000000003,2548.8,2973.6,28320
2025-05-04 20:30:05.671660,2833.0,3116.3,2549.7000000000003,2974.65,28330
2025-05-04 20:31:05.671660,2834.0,3117.4,2550.6,2975.7000000000003,28340
2025-05-04 20:32:05.671660,2835.0,3118.5000000000005,2551.5,2976.75,28350
2025-05-04 20:33:05.671660,2836.0,3119.6000000000004,2552.4,2977.8,28360
2025-05-04 20:34:05.671660,2837.0,3120.7000000000003,2553.3,2978.85,28370
2025-05-04 20:35:05.671660,2838.0,3121.8,2554.2000000000003,2979.9,28380
2025-05-04 20:36:05.671660,2839.0,3122.9,2555.1,2980.9500000000003,28390
2025-05-04 20:37:05.671660,2840.0,3124.0000000000005,2556.0,2982.0,28400
2025-05-04 20:38:05.671660,2841.0,3125.1000000000004,2556.9,2983.05,28410
2025-05-04 20:39:05.671660,2842.0,3126.2000000000003,2557.8,2984.1,28420
2025-05-04 20:40:05.671660,2843.0,3127.3,2558.7000000000003,2985.15,28430
2025-05-04 20:41:05.671660,2844.0,3128.4,2559.6,2986.2000000000003,28440
2025-05-04 20:42:05.671660,2845.0,3129.5000000000005,2560.5,2987.25,28450
2025-05-04 20:43:05.671660,2846.0,3130.6000000000004,2561.4,2988.3,28460
2025-05-04 20:44:05.671660,2847.0,3131.7000000000003,2562.3,2989.35,28470
2025-05-04 20:45:05.671660,2848.0,3132.8,2563.2000000000003,2990.4,28480
2025-05-04 20:46:05.671660,2849.0,3133.9,2564.1,2991.4500000000003,28490
2025-05-04 20:47:05.671660,2850.0,3135.0000000000005,2565.0,2992.5,28500
2025-05-04 20:48:05.671660,2851.0,3136.1000000000004,2565.9,2993.55,28510
2025-05-04 20:49:05.671660,2852.0,3137.2000000000003,2566.8,2994.6,28520
2025-05-04 20:50:05.671660,2853.0,3138.3,2567.7000000000003,2995.65,28530
2025-05-04 20:51:05.671660,2854.0,3139.4,2568.6,2996.7000000000003,28540
2025-05-04 20:52:05.671660,2855.0,3140.5000000000005,2569.5,2997.75,28550
2025-05-04 20:53:05.671660,2856.0,3141.6000000000004,2570.4,2998.8,28560
2025-05-04 20:54:05.671660,2857.0,3142.7000000000003,2571.3,2999.85,28570
2025-05-04 20:55:05.671660,2858.0,3143.8,2572.2000000000003,3000.9,28580
2025-05-04 20:56:05.671660,2859.0,3144.9,2573.1,3001.9500000000003,28590
2025-05-04 20:57:05.671660,2860.0,3146.0000000000005,2574.0,3003.0,28600
2025-05-04 20:58:05.671660,2861.0,3147.1000000000004,2574.9,3004.05,28610
2025-05-04 20:59:05.671660,2862.0,3148.2000000000003,2575.8,3005.1,28620
2025-05-04 21:00:05.671660,2863.0,3149.3,2576.7000000000003,3006.15,28630
2025-05-04 21:01:05.671660,2864.0,3150.4,2577.6,3007.2000000000003,28640
2025-05-04 21:02:05.671660,2865.0,3151.5000000000005,2578.5,3008.25,28650
2025-05-04 21:03:05.671660,2866.0,3152.6000000000004,2579.4,3009.3,28660
2025-05-04 21:04:05.671660,2867.0,3153.7000000000003,2580.3,3010.35,28670
2025-05-04 21:05:05.671660,2868.0,3154.8,2581.2000000000003,3011.4,28680
2025-05-04 21:06:05.671660,2869.0,3155.9,2582.1,3012.4500000000003,28690
2025-05-04 21:07:05.671660,2870.0,3157.0000000000005,2583.0,3013.5,28700
2025-05-04 21:08:05.671660,2871.0,3158.1000000000004,2583.9,3014.55,28710
2025-05-04 21:09:05.671660,2872.0,3159.2000000000003,2584.8,3015.6,28720
2025-05-04 21:10:05.671660,2873.0,3160.3,2585.7000000000003,3016.65,28730
2025-05-04 21:11:05.671660,2874.0,3161.4,2586.6,3017.7000000000003,28740
2025-05-04 21:12:05.671660,2875.0,3162.5000000000005,2587.5,3018.75,28750
2025-05-04 21:13:05.671660,2876.0,3163.6000000000004,2588.4,3019.8,28760
2025-05-04 21:14:05.671660,2877.0,3164.7000000000003,2589.3,3020.85,28770
2025-05-04 21:15:05.671660,2878.0,3165.8,2590.2000000000003,3021.9,28780
2025-05-04 21:16:05.671660,2879.0,3166.9,2591.1,3022.9500000000003,28790
2025-05-04 21:17:05.671660,2880.0,3168.0000000000005,2592.0,3024.0,28800
2025-05-04 21:18:05.671660,2881.0,3169.1000000000004,2592.9,3025.05,28810
2025-05-04 21:19:05.671660,2882.0,3170.2000000000003,2593.8,3026.1,28820
2025-05-04 21:20:05.671660,2883.0,3171.3,2594.7000000000003,3027.15,28830
2025-05-04 21:21:05.671660,2884.0,3172.4,2595.6,3028.2000000000003,28840
2025-05-04 21:22:05.671660,2885.0,3173.5000000000005,2596.5,3029.25,28850
2025-05-04 21:23:05.671660,2886.0,3174.6000000000004,2597.4,3030.3,28860
2025-05-04 21:24:05.671660,2887.0,3175.7000000000003,2598.3,3031.35,28870
2025-05-04 21:25:05.671660,2888.0,3176.8,2599.2000000000003,3032.4,28880
2025-05-04 21:26:05.671660,2889.0,3177.9,2600.1,3033.4500000000003,28890
2025-05-04 21:27:05.671660,2890.0,3179.0000000000005,2601.0,3034.5,28900
2025-05-04 21:28:05.671660,2891.0,3180.1000000000004,2601.9,3035.55,28910
2025-05-04 21:29:05.671660,2892.0,3181.2000000000003,2602.8,3036.6,28920
2025-05-04 21:30:05.671660,2893.0,3182.3,2603.7000000000003,3037.65,28930
2025-05-04 21:31:05.671660,2894.0,3183.4,2604.6,3038.7000000000003,28940
2025-05-04 21:32:05.671660,2895.0,3184.5000000000005,2605.5,3039.75,28950
2025-05-04 21:33:05.671660,2896.0,3185.6000000000004,2606.4,3040.8,28960
2025-05-04 21:34:05.671660,2897.0,3186.7000000000003,2607.3,3041.85,28970
2025-05-04 21:35:05.671660,2898.0,3187.8,2608.2000000000003,3042.9,28980
2025-05-04 21:36:05.671660,2899.0,3188.9,2609.1,3043.9500000000003,28990
2025-05-04 21:37:05.671660,2900.0,3190.0000000000005,2610.0,3045.0,29000
2025-05-04 21:38:05.671660,2901.0,3191.1000000000004,2610.9,3046.05,29010
2025-05-04 21:39:05.671660,2902.0,3192.2000000000003,2611.8,3047.1,29020
2025-05-04 21:40:05.671660,2903.0,3193.3,2612.7000000000003,3048.15,29030
2025-05-04 21:41:05.671660,2904.0,3194.4,2613.6,3049.2000000000003,29040
2025-05-04 21:42:05.671660,2905.0,3195.5000000000005,2614.5,3050.25,29050
2025-05-04 21:43:05.671660,2906.0,3196.6000000000004,2615.4,3051.3,29060
2025-05-04 21:44:05.671660,2907.0,3197.7000000000003,2616.3,3052.35,29070
2025-05-04 21:45:05.671660,2908.0,3198.8,2617.2000000000003,3053.4,29080
2025-05-04 21:46:05.671660,2909.0,3199.9,2618.1,3054.4500000000003,29090
2025-05-04 21:47:05.671660,2910.0,3201.0000000000005,2619.0,3055.5,29100
2025-05-04 21:48:05.671660,2911.0,3202.1000000000004,2619.9,3056.55,29110
2025-05-04 21:49:05.671660,2912.0,3203.2000000000003,2620.8,3057.6,29120
2025-05-04 21:50:05.671660,2913.0,3204.3,2621.7000000000003,3058.65,29130
2025-05-04 21:51:05.671660,2914.0,3205.4,2622.6,3059.7000000000003,29140
2025-05-04 21:52:05.671660,2915.0,3206.5000000000005,2623.5,3060.75,29150
2025-05-04 21:53:05.671660,2916.0,3207.6000000000004,2624.4,3061.8,29160
2025-05-04 21:54:05.671660,2917.0,3208.7000000000003,2625.3,3062.85,29170
2025-05-04 21:55:05.671660,2918.0,3209.8,2626.2000000000003,3063.9,29180
2025-05-04 21:56:05.671660,2919.0,3210.9,2627.1,3064.9500000000003,29190
2025-05-04 21:57:05.671660,2920.0,3212.0000000000005,2628.0,3066.0,29200
2025-05-04 21:58:05.671660,2921.0,3213.1000000000004,2628.9,3067.05,29210
2025-05-04 21:59:05.671660,2922.0,3214.2000000000003,2629.8,3068.1,29220
2025-05-04 22:00:05.671660,2923.0,3215.3,2630.7000000000003,3069.15,29230
2025-05-04 22:01:05.671660,2924.0,3216.4,2631.6,3070.2000000000003,29240
2025-05-04 22:02:05.671660,2925.0,3217.5000000000005,2632.5,3071.25,29250
2025-05-04 22:03:05.671660,2926.0,3218.6000000000004,2633.4,3072.3,29260
2025-05-04 22:04:05.671660,2927.0,3219.7000000000003,2634.3,3073.35,29270
2025-05-04 22:05:05.671660,2928.0,3220.8,2635.2000000000003,3074.4,29280
2025-05-04 22:06:05.671660,2929.0,3221.9,2636.1,3075.4500000000003,29290
2025-05-04 22:07:05.671660,2930.0,3223.0000000000005,2637.0,3076.5,29300
2025-05-04 22:08:05.671660,2931.0,3224.1000000000004,2637.9,3077.55,29310
2025-05-04 22:09:05.671660,2932.0,3225.2000000000003,2638.8,3078.6,29320
2025-05-04 22:10:05.671660,2933.0,3226.3,2639.7000000000003,3079.65,29330
2025-05-04 22:11:05.671660,2934.0,3227.4,2640.6,3080.7000000000003,29340
2025-05-04 22:12:05.671660,2935.0,3228.5000000000005,2641.5,3081.75,29350
2025-05-04 22:13:05.671660,2936.0,3229.6000000000004,2642.4,3082.8,29360
2025-05-04 22:14:05.671660,2937.0,3230.7000000000003,2643.3,3083.85,29370
2025-05-04 22:15:05.671660,2938.0,3231.8,2644.2000000000003,3084.9,29380
2025-05-04 22:16:05.671660,2939.0,3232.9,2645.1,3085.9500000000003,29390
2025-05-04 22:17:05.671660,2940.0,3234.0000000000005,2646.0,3087.0,29400
2025-05-04 22:18:05.671660,2941.0,3235.1000000000004,2646.9,3088.05,29410
2025-05-04 22:19:05.671660,2942.0,3236.2000000000003,2647.8,3089.1,29420
2025-05-04 22:20:05.671660,2943.0,3237.3,2648.7000000000003,3090.15,29430
2025-05-04 22:21:05.671660,2944.0,3238.4,2649.6,3091.2000000000003,29440
2025-05-04 22:22:05.671660,2945.0,3239.5000000000005,2650.5,3092.25,29450
2025-05-04 22:23:05.671660,2946.0,3240.6000000000004,2651.4,3093.3,29460
2025-05-04 22:24:05.671660,2947.0,3241.7000000000003,2652.3,3094.35,29470
2025-05-04 22:25:05.671660,2948.0,3242.8,2653.2000000000003,3095.4,29480
2025-05-04 22:26:05.671660,2949.0,3243.9,2654.1,3096.4500000000003,29490
2025-05-04 22:27:05.671660,2950.0,3245.0000000000005,2655.0,3097.5,29500
2025-05-04 22:28:05.671660,2951.0,3246.1000000000004,2655.9,3098.55,29510
2025-05-04 22:29:05.671660,2952.0,3247.2000000000003,2656.8,3099.6,29520
2025-05-04 22:30:05.671660,2953.0,3248.3,2657.7000000000003,3100.65,29530
2025-05-04 22:31:05.671660,2954.0,3249.4,2658.6,3101.7000000000003,29540
2025-05-04 22:32:05.671660,2955.0,3250.5000000000005,2659.5,3102.75,29550
2025-05-04 22:33:05.671660,2956.0,3251.6000000000004,2660.4,3103.8,29560
2025-05-04 22:34:05.671660,2957.0,3252.7000000000003,2661.3,3104.85,29570
2025-05-04 22:35:05.671660,2958.0,3253.8,2662.2000000000003,3105.9,29580
2025-05-04 22:36:05.671660,2959.0,3254.9,2663.1,3106.9500000000003,29590
2025-05-04 22:37:05.671660,2960.0,3256.0000000000005,2664.0,3108.0,29600
2025-05-04 22:38:05.671660,2961.0,3257.1000000000004,2664.9,3109.05,29610
2025-05-04 22:39:05.671660,2962.0,3258.2000000000003,2665.8,3110.1,29620
2025-05-04 22:40:05.671660,2963.0,3259.3,2666.7000000000003,3111.15,29630
2025-05-04 22:41:05.671660,2964.0,3260.4,2667.6,3112.2000000000003,29640
2025-05-04 22:42:05.671660,2965.0,3261.5000000000005,2668.5,3113.25,29650
2025-05-04 22:43:05.671660,2966.0,3262.6000000000004,2669.4,3114.3,29660
2025-05-04 22:44:05.671660,2967.0,3263.7000000000003,2670.3,3115.35,29670
2025-05-04 22:45:05.671660,2968.0,3264.8,2671.2000000000003,3116.4,29680
2025-05-04 22:46:05.671660,2969.0,3265.9,2672.1,3117.4500000000003,29690
2025-05-04 22:47:05.671660,2970.0,3267.0000000000005,2673.0,3118.5,29700
2025-05-04 22:48:05.671660,2971.0,3268.1000000000004,2673.9,3119.55,29710
2025-05-04 22:49:05.671660,2972.0,3269.2000000000003,2674.8,3120.6,29720
2025-05-04 22:50:05.671660,2973.0,3270.3,2675.7000000000003,3121.65,29730
2025-05-04 22:51:05.671660,2974.0,3271.4,2676.6,3122.7000000000003,29740
2025-05-04 22:52:05.671660,2975.0,3272.5000000000005,2677.5,3123.75,29750
2025-05-04 22:53:05.671660,2976.0,3273.6000000000004,2678.4,3124.8,29760
2025-05-04 22:54:05.671660,2977.0,3274.7000000000003,2679.3,3125.85,29770
2025-05-04 22:55:05.671660,2978.0,3275.8,2680.2000000000003,3126.9,29780
2025-05-04 22:56:05.671660,2979.0,3276.9,2681.1,3127.9500000000003,29790
2025-05-04 22:57:05.671660,2980.0,3278.0000000000005,2682.0,3129.0,29800
2025-05-04 22:58:05.671660,2981.0,3279.1000000000004,2682.9,3130.05,29810
2025-05-04 22:59:05.671660,2982.0,3280.2000000000003,2683.8,3131.1,29820
2025-05-04 23:00:05.671660,2983.0,3281.3,2684.7000000000003,3132.15,29830
2025-05-04 23:01:05.671660,2984.0,3282.4,2685.6,3133.2000000000003,29840
2025-05-04 23:02:05.671660,2985.0,3283.5000000000005,2686.5,3134.25,29850
2025-05-04 23:03:05.671660,2986.0,3284.6000000000004,2687.4,3135.3,29860
2025-05-04 23:04:05.671660,2987.0,3285.7000000000003,2688.3,3136.35,29870
2025-05-04 23:05:05.671660,2988.0,3286.8,2689.2000000000003,3137.4,29880
2025-05-04 23:06:05.671660,2989.0,3287.9,2690.1,3138.4500000000003,29890
2025-05-04 23:07:05.671660,2990.0,3289.0000000000005,2691.0,3139.5,29900
2025-05-04 23:08:05.671660,2991.0,3290.1000000000004,2691.9,3140.55,29910
2025-05-04 23:09:05.671660,2992.0,3291.2000000000003,2692.8,3141.6,29920
2025-05-04 23:10:05.671660,2993.0,3292.3,2693.7000000000003,3142.65,29930
2025-05-04 23:11:05.671660,2994.0,3293.4,2694.6,3143.7000000000003,29940
2025-05-04 23:12:05.671660,2995.0,3294.5000000000005,2695.5,3144.75,29950
2025-05-04 23:13:05.671660,2996.0,3295.6000000000004,2696.4,3145.8,29960
2025-05-04 23:14:05.671660,2997.0,3296.7000000000003,2697.3,3146.85,29970
2025-05-04 23:15:05.671660,2998.0,3297.8,2698.2000000000003,3147.9,29980
2025-05-04 23:16:05.671660,2999.0,3298.9,2699.1,3148.9500000000003,29990
2025-05-04 23:17:05.671660,3000.0,3300.0000000000005,2700.0,3150.0,30000
2025-05-04 23:18:05.671660,3001.0,3301.1000000000004,2700.9,3151.05,30010
2025-05-04 23:19:05.671660,3002.0,3302.2000000000003,2701.8,3152.1,30020
2025-05-04 23:20:05.671660,3003.0,3303.3,2702.7000000000003,3153.15,30030
2025-05-04 23:21:05.671660,3004.0,3304.4,2703.6,3154.2000000000003,30040
2025-05-04 23:22:05.671660,3005.0,3305.5000000000005,2704.5,3155.25,30050
2025-05-04 23:23:05.671660,3006.0,3306.6000000000004,2705.4,3156.3,30060
2025-05-04 23:24:05.671660,3007.0,3307.7000000000003,2706.3,3157.35,30070
2025-05-04 23:25:05.671660,3008.0,3308.8,2707.2000000000003,3158.4,30080
2025-05-04 23:26:05.671660,3009.0,3309.9,2708.1,3159.4500000000003,30090
2025-05-04 23:27:05.671660,3010.0,3311.0000000000005,2709.0,3160.5,30100
2025-05-04 23:28:05.671660,3011.0,3312.1000000000004,2709.9,3161.55,30110
2025-05-04 23:29:05.671660,3012.0,3313.2000000000003,2710.8,3162.6,30120
2025-05-04 23:30:05.671660,3013.0,3314.3,2711.7000000000003,3163.65,30130
2025-05-04 23:31:05.671660,3014.0,3315.4,2712.6,3164.7000000000003,30140
2025-05-04 23:32:05.671660,3015.0,3316.5000000000005,2713.5,3165.75,30150
2025-05-04 23:33:05.671660,3016.0,3317.6000000000004,2714.4,3166.8,30160
2025-05-04 23:34:05.671660,3017.0,3318.7000000000003,2715.3,3167.85,30170
2025-05-04 23:35:05.671660,3018.0,3319.8,2716.2000000000003,3168.9,30180
2025-05-04 23:36:05.671660,3019.0,3320.9,2717.1,3169.9500000000003,30190
2025-05-04 23:37:05.671660,3020.0,3322.0000000000005,2718.0,3171.0,30200
2025-05-04 23:38:05.671660,3021.0,3323.1000000000004,2718.9,3172.05,30210
2025-05-04 23:39:05.671660,3022.0,3324.2000000000003,2719.8,3173.1,30220
2025-05-04 23:40:05.671660,3023.0,3325.3,2720.7000000000003,3174.15,30230
2025-05-04 23:41:05.671660,3024.0,3326.4,2721.6,3175.2000000000003,30240
2025-05-04 23:42:05.671660,3025.0,3327.5000000000005,2722.5,3176.25,30250
2025-05-04 23:43:05.671660,3026.0,3328.6000000000004,2723.4,3177.3,30260
2025-05-04 23:44:05.671660,3027.0,3329.7000000000003,2724.3,3178.35,30270
2025-05-04 23:45:05.671660,3028.0,3330.8,2725.2000000000003,3179.4,30280
2025-05-04 23:46:05.671660,3029.0,3331.9,2726.1,3180.4500000000003,30290
2025-05-04 23:47:05.671660,3030.0,3333.0000000000005,2727.0,3181.5,30300
2025-05-04 23:48:05.671660,3031.0,3334.1000000000004,2727.9,3182.55,30310
2025-05-04 23:49:05.671660,3032.0,3335.2000000000003,2728.8,3183.6,30320
2025-05-04 23:50:05.671660,3033.0,3336.3,2729.7000000000003,3184.65,30330
2025-05-04 23:51:05.671660,3034.0,3337.4,2730.6,3185.7000000000003,30340
2025-05-04 23:52:05.671660,3035.0,3338.5000000000005,2731.5,3186.75,30350
2025-05-04 23:53:05.671660,3036.0,3339.6000000000004,2732.4,3187.8,30360
2025-05-04 23:54:05.671660,3037.0,3340.7000000000003,2733.3,3188.85,30370
2025-05-04 23:55:05.671660,3038.0,3341.8,2734.2000000000003,3189.9,30380
2025-05-04 23:56:05.671660,3039.0,3342.9,2735.1,3190.9500000000003,30390
2025-05-04 23:57:05.671660,3040.0,3344.0000000000005,2736.0,3192.0,30400
2025-05-04 23:58:05.671660,3041.0,3345.1000000000004,2736.9,3193.05,30410
2025-05-04 23:59:05.671660,3042.0,3346.2000000000003,2737.8,3194.1,30420
2025-05-05 00:00:05.671660,3043.0,3347.3,2738.7000000000003,3195.15,30430
2025-05-05 00:01:05.671660,3044.0,3348.4,2739.6,3196.2000000000003,30440
2025-05-05 00:02:05.671660,3045.0,3349.5000000000005,2740.5,3197.25,30450
2025-05-05 00:03:05.671660,3046.0,3350.6000000000004,2741.4,3198.3,30460
2025-05-05 00:04:05.671660,3047.0,3351.7000000000003,2742.3,3199.35,30470
2025-05-05 00:05:05.671660,3048.0,3352.8,2743.2000000000003,3200.4,30480
2025-05-05 00:06:05.671660,3049.0,3353.9,2744.1,3201.4500000000003,30490
2025-05-05 00:07:05.671660,3050.0,3355.0000000000005,2745.0,3202.5,30500
2025-05-05 00:08:05.671660,3051.0,3356.1000000000004,2745.9,3203.55,30510
2025-05-05 00:09:05.671660,3052.0,3357.2000000000003,2746.8,3204.6,30520
2025-05-05 00:10:05.671660,3053.0,3358.3,2747.7000000000003,3205.65,30530
2025-05-05 00:11:05.671660,3054.0,3359.4,2748.6,3206.7000000000003,30540
2025-05-05 00:12:05.671660,3055.0,3360.5000000000005,2749.5,3207.75,30550
2025-05-05 00:13:05.671660,3056.0,3361.6000000000004,2750.4,3208.8,30560
2025-05-05 00:14:05.671660,3057.0,3362.7000000000003,2751.3,3209.85,30570
2025-05-05 00:15:05.671660,3058.0,3363.8,2752.2000000000003,3210.9,30580
2025-05-05 00:16:05.671660,3059.0,3364.9,2753.1,3211.9500000000003,30590
2025-05-05 00:17:05.671660,3060.0,3366.0000000000005,2754.0,3213.0,30600
2025-05-05 00:18:05.671660,3061.0,3367.1000000000004,2754.9,3214.05,30610
2025-05-05 00:19:05.671660,3062.0,3368.2000000000003,2755.8,3215.1,30620
2025-05-05 00:20:05.671660,3063.0,3369.3,2756.7000000000003,3216.15,30630
2025-05-05 00:21:05.671660,3064.0,3370.4,2757.6,3217.2000000000003,30640
2025-05-05 00:22:05.671660,3065.0,3371.5000000000005,2758.5,3218.25,30650
2025-05-05 00:23:05.671660,3066.0,3372.6000000000004,2759.4,3219.3,30660
2025-05-05 00:24:05.671660,3067.0,3373.7000000000003,2760.3,3220.35,30670
2025-05-05 00:25:05.671660,3068.0,3374.8,2761.2000000000003,3221.4,30680
2025-05-05 00:26:05.671660,3069.0,3375.9,2762.1,3222.4500000000003,30690
2025-05-05 00:27:05.671660,3070.0,3377.0000000000005,2763.0,3223.5,30700
2025-05-05 00:28:05.671660,3071.0,3378.1000000000004,2763.9,3224.55,30710
2025-05-05 00:29:05.671660,3072.0,3379.2000000000003,2764.8,3225.6000000000004,30720
2025-05-05 00:30:05.671660,3073.0,3380.3,2765.7000000000003,3226.65,30730
2025-05-05 00:31:05.671660,3074.0,3381.4,2766.6,3227.7000000000003,30740
2025-05-05 00:32:05.671660,3075.0,3382.5000000000005,2767.5,3228.75,30750
2025-05-05 00:33:05.671660,3076.0,3383.6000000000004,2768.4,3229.8,30760
2025-05-05 00:34:05.671660,3077.0,3384.7000000000003,2769.3,3230.8500000000004,30770
2025-05-05 00:35:05.671660,3078.0,3385.8,2770.2000000000003,3231.9,30780
2025-05-05 00:36:05.671660,3079.0,3386.9,2771.1,3232.9500000000003,30790
2025-05-05 00:37:05.671660,3080.0,3388.0000000000005,2772.0,3234.0,30800
2025-05-05 00:38:05.671660,3081.0,3389.1000000000004,2772.9,3235.05,30810
2025-05-05 00:39:05.671660,3082.0,3390.2000000000003,2773.8,3236.1000000000004,30820
2025-05-05 00:40:05.671660,3083.0,3391.3,2774.7000000000003,3237.15,30830
2025-05-05 00:41:05.671660,3084.0,3392.4,2775.6,3238.2000000000003,30840
2025-05-05 00:42:05.671660,3085.0,3393.5000000000005,2776.5,3239.25,30850
2025-05-05 00:43:05.671660,3086.0,3394.6000000000004,2777.4,3240.3,30860
2025-05-05 00:44:05.671660,3087.0,3395.7000000000003,2778.3,3241.3500000000004,30870
2025-05-05 00:45:05.671660,3088.0,3396.8,2779.2000000000003,3242.4,30880
2025-05-05 00:46:05.671660,3089.0,3397.9,2780.1,3243.4500000000003,30890
2025-05-05 00:47:05.671660,3090.0,3399.0000000000005,2781.0,3244.5,30900
2025-05-05 00:48:05.671660,3091.0,3400.1000000000004,2781.9,3245.55,30910
2025-05-05 00:49:05.671660,3092.0,3401.2000000000003,2782.8,3246.6000000000004,30920
2025-05-05 00:50:05.671660,3093.0,3402.3,2783.7000000000003,3247.65,30930
2025-05-05 00:51:05.671660,3094.0,3403.4,2784.6,3248.7000000000003,30940
2025-05-05 00:52:05.671660,3095.0,3404.5000000000005,2785.5,3249.75,30950
2025-05-05 00:53:05.671660,3096.0,3405.6000000000004,2786.4,3250.8,30960
2025-05-05 00:54:05.671660,3097.0,3406.7000000000003,2787.3,3251.8500000000004,30970
2025-05-05 00:55:05.671660,3098.0,3407.8,2788.2000000000003,3252.9,30980
2025-05-05 00:56:05.671660,3099.0,3408.9,2789.1,3253.9500000000003,30990
2025-05-05 00:57:05.671660,3100.0,3410.0000000000005,2790.0,3255.0,31000
2025-05-05 00:58:05.671660,3101.0,3411.1000000000004,2790.9,3256.05,31010
2025-05-05 00:59:05.671660,3102.0,3412.2000000000003,2791.8,3257.1000000000004,31020
2025-05-05 01:00:05.671660,3103.0,3413.3,2792.7000000000003,3258.15,31030
2025-05-05 01:01:05.671660,3104.0,3414.4,2793.6,3259.2000000000003,31040
2025-05-05 01:02:05.671660,3105.0,3415.5000000000005,2794.5,3260.25,31050
2025-05-05 01:03:05.671660,3106.0,3416.6000000000004,2795.4,3261.3,31060
2025-05-05 01:04:05.671660,3107.0,3417.7000000000003,2796.3,3262.3500000000004,31070
2025-05-05 01:05:05.671660,3108.0,3418.8,2797.2000000000003,3263.4,31080
2025-05-05 01:06:05.671660,3109.0,3419.9,2798.1,3264.4500000000003,31090
2025-05-05 01:07:05.671660,3110.0,3421.0000000000005,2799.0,3265.5,31100
2025-05-05 01:08:05.671660,3111.0,3422.1000000000004,2799.9,3266.55,31110
2025-05-05 01:09:05.671660,3112.0,3423.2000000000003,2800.8,3267.6000000000004,31120
2025-05-05 01:10:05.671660,3113.0,3424.3,2801.7000000000003,3268.65,31130
2025-05-05 01:11:05.671660,3114.0,3425.4,2802.6,3269.7000000000003,31140
2025-05-05 01:12:05.671660,3115.0,3426.5000000000005,2803.5,3270.75,31150
2025-05-05 01:13:05.671660,3116.0,3427.6000000000004,2804.4,3271.8,31160
2025-05-05 01:14:05.671660,3117.0,3428.7000000000003,2805.3,3272.8500000000004,31170
2025-05-05 01:15:05.671660,3118.0,3429.8,2806.2000000000003,3273.9,31180
2025-05-05 01:16:05.671660,3119.0,3430.9,2807.1,3274.9500000000003,31190
2025-05-05 01:17:05.671660,3120.0,3432.0000000000005,2808.0,3276.0,31200
2025-05-05 01:18:05.671660,3121.0,3433.1000000000004,2808.9,3277.05,31210
2025-05-05 01:19:05.671660,3122.0,3434.2000000000003,2809.8,3278.1000000000004,31220
2025-05-05 01:20:05.671660,3123.0,3435.3,2810.7000000000003,3279.15,31230
2025-05-05 01:21:05.671660,3124.0,3436.4,2811.6,3280.2000000000003,31240
2025-05-05 01:22:05.671660,3125.0,3437.5000000000005,2812.5,3281.25,31250
2025-05-05 01:23:05.671660,3126.0,3438.6000000000004,2813.4,3282.3,31260
2025-05-05 01:24:05.671660,3127.0,3439.7000000000003,2814.3,3283.3500000000004,31270
2025-05-05 01:25:05.671660,3128.0,3440.8,2815.2000000000003,3284.4,31280
2025-05-05 01:26:05.671660,3129.0,3441.9,2816.1,3285.4500000000003,31290
2025-05-05 01:27:05.671660,3130.0,3443.0000000000005,2817.0,3286.5,31300
2025-05-05 01:28:05.671660,3131.0,3444.1000000000004,2817.9,3287.55,31310
2025-05-05 01:29:05.671660,3132.0,3445.2000000000003,2818.8,3288.6000000000004,31320
2025-05-05 01:30:05.671660,3133.0,3446.3,2819.7000000000003,3289.65,31330
2025-05-05 01:31:05.671660,3134.0,3447.4,2820.6,3290.7000000000003,31340
2025-05-05 01:32:05.671660,3135.0,3448.5000000000005,2821.5,3291.75,31350
2025-05-05 01:33:05.671660,3136.0,3449.6000000000004,2822.4,3292.8,31360
2025-05-05 01:34:05.671660,3137.0,3450.7000000000003,2823.3,3293.8500000000004,31370
2025-05-05 01:35:05.671660,3138.0,3451.8,2824.2000000000003,3294.9,31380
2025-05-05 01:36:05.671660,3139.0,3452.9,2825.1,3295.9500000000003,31390
2025-05-05 01:37:05.671660,3140.0,3454.0000000000005,2826.0,3297.0,31400
2025-05-05 01:38:05.671660,3141.0,3455.1000000000004,2826.9,3298.05,31410
2025-05-05 01:39:05.671660,3142.0,3456.2000000000003,2827.8,3299.1000000000004,31420
2025-05-05 01:40:05.671660,3143.0,3457.3,2828.7000000000003,3300.15,31430
2025-05-05 01:41:05.671660,3144.0,3458.4,2829.6,3301.2000000000003,31440
2025-05-05 01:42:05.671660,3145.0,3459.5000000000005,2830.5,3302.25,31450
2025-05-05 01:43:05.671660,3146.0,3460.6000000000004,2831.4,3303.3,31460
2025-05-05 01:44:05.671660,3147.0,3461.7000000000003,2832.3,3304.3500000000004,31470
2025-05-05 01:45:05.671660,3148.0,3462.8,2833.2000000000003,3305.4,31480
2025-05-05 01:46:05.671660,3149.0,3463.9,2834.1,3306.4500000000003,31490
2025-05-05 01:47:05.671660,3150.0,3465.0000000000005,2835.0,3307.5,31500
2025-05-05 01:48:05.671660,3151.0,3466.1000000000004,2835.9,3308.55,31510
2025-05-05 01:49:05.671660,3152.0,3467.2000000000003,2836.8,3309.6000000000004,31520
2025-05-05 01:50:05.671660,3153.0,3468.3,2837.7000000000003,3310.65,31530
2025-05-05 01:51:05.671660,3154.0,3469.4,2838.6,3311.7000000000003,31540
2025-05-05 01:52:05.671660,3155.0,3470.5000000000005,2839.5,3312.75,31550
2025-05-05 01:53:05.671660,3156.0,3471.6000000000004,2840.4,3313.8,31560
2025-05-05 01:54:05.671660,3157.0,3472.7000000000003,2841.3,3314.8500000000004,31570
2025-05-05 01:55:05.671660,3158.0,3473.8,2842.2000000000003,3315.9,31580
2025-05-05 01:56:05.671660,3159.0,3474.9,2843.1,3316.9500000000003,31590
2025-05-05 01:57:05.671660,3160.0,3476.0000000000005,2844.0,3318.0,31600
2025-05-05 01:58:05.671660,3161.0,3477.1000000000004,2844.9,3319.05,31610
2025-05-05 01:59:05.671660,3162.0,3478.2000000000003,2845.8,3320.1000000000004,31620
2025-05-05 02:00:05.671660,3163.0,3479.3,2846.7000000000003,3321.15,31630
2025-05-05 02:01:05.671660,3164.0,3480.4,2847.6,3322.2000000000003,31640
2025-05-05 02:02:05.671660,3165.0,3481.5000000000005,2848.5,3323.25,31650
2025-05-05 02:03:05.671660,3166.0,3482.6000000000004,2849.4,3324.3,31660
2025-05-05 02:04:05.671660,3167.0,3483.7000000000003,2850.3,3325.3500000000004,31670
2025-05-05 02:05:05.671660,3168.0,3484.8,2851.2000000000003,3326.4,31680
2025-05-05 02:06:05.671660,3169.0,3485.9,2852.1,3327.4500000000003,31690
2025-05-05 02:07:05.671660,3170.0,3487.0000000000005,2853.0,3328.5,31700
2025-05-05 02:08:05.671660,3171.0,3488.1000000000004,2853.9,3329.55,31710
2025-05-05 02:09:05.671660,3172.0,3489.2000000000003,2854.8,3330.6000000000004,31720
2025-05-05 02:10:05.671660,3173.0,3490.3,2855.7000000000003,3331.65,31730
2025-05-05 02:11:05.671660,3174.0,3491.4,2856.6,3332.7000000000003,31740
2025-05-05 02:12:05.671660,3175.0,3492.5000000000005,2857.5,3333.75,31750
2025-05-05 02:13:05.671660,3176.0,3493.6000000000004,2858.4,3334.8,31760
2025-05-05 02:14:05.671660,3177.0,3494.7000000000003,2859.3,3335.8500000000004,31770
2025-05-05 02:15:05.671660,3178.0,3495.8,2860.2000000000003,3336.9,31780
2025-05-05 02:16:05.671660,3179.0,3496.9,2861.1,3337.9500000000003,31790
2025-05-05 02:17:05.671660,3180.0,3498.0000000000005,2862.0,3339.0,31800
2025-05-05 02:18:05.671660,3181.0,3499.1000000000004,2862.9,3340.05,31810
2025-05-05 02:19:05.671660,3182.0,3500.2000000000003,2863.8,3341.1000000000004,31820
2025-05-05 02:20:05.671660,3183.0,3501.3,2864.7000000000003,3342.15,31830
2025-05-05 02:21:05.671660,3184.0,3502.4,2865.6,3343.2000000000003,31840
2025-05-05 02:22:05.671660,3185.0,3503.5000000000005,2866.5,3344.25,31850
2025-05-05 02:23:05.671660,3186.0,3504.6000000000004,2867.4,3345.3,31860
2025-05-05 02:24:05.671660,3187.0,3505.7000000000003,2868.3,3346.3500000000004,31870
2025-05-05 02:25:05.671660,3188.0,3506.8,2869.2000000000003,3347.4,31880
2025-05-05 02:26:05.671660,3189.0,3507.9,2870.1,3348.4500000000003,31890
2025-05-05 02:27:05.671660,3190.0,3509.0000000000005,2871.0,3349.5,31900
2025-05-05 02:28:05.671660,3191.0,3510.1000000000004,2871.9,3350.55,31910
2025-05-05 02:29:05.671660,3192.0,3511.2000000000003,2872.8,3351.6000000000004,31920
2025-05-05 02:30:05.671660,3193.0,3512.3,2873.7000000000003,3352.65,31930
2025-05-05 02:31:05.671660,3194.0,3513.4,2874.6,3353.7000000000003,31940
2025-05-05 02:32:05.671660,3195.0,3514.5000000000005,2875.5,3354.75,31950
2025-05-05 02:33:05.671660,3196.0,3515.6000000000004,2876.4,3355.8,31960
2025-05-05 02:34:05.671660,3197.0,3516.7000000000003,2877.3,3356.8500000000004,31970
2025-05-05 02:35:05.671660,3198.0,3517.8,2878.2000000000003,3357.9,31980
2025-05-05 02:36:05.671660,3199.0,3518.9,2879.1,3358.9500000000003,31990
2025-05-05 02:37:05.671660,3200.0,3520.0000000000005,2880.0,3360.0,32000
2025-05-05 02:38:05.671660,3201.0,3521.1000000000004,2880.9,3361.05,32010
2025-05-05 02:39:05.671660,3202.0,3522.2000000000003,2881.8,3362.1000000000004,32020
2025-05-05 02:40:05.671660,3203.0,3523.3,2882.7000000000003,3363.15,32030
2025-05-05 02:41:05.671660,3204.0,3524.4,2883.6,3364.2000000000003,32040
2025-05-05 02:42:05.671660,3205.0,3525.5000000000005,2884.5,3365.25,32050
2025-05-05 02:43:05.671660,3206.0,3526.6000000000004,2885.4,3366.3,32060
2025-05-05 02:44:05.671660,3207.0,3527.7000000000003,2886.3,3367.3500000000004,32070
2025-05-05 02:45:05.671660,3208.0,3528.8,2887.2000000000003,3368.4,32080
2025-05-05 02:46:05.671660,3209.0,3529.9,2888.1,3369.4500000000003,32090
2025-05-05 02:47:05.671660,3210.0,3531.0000000000005,2889.0,3370.5,32100
2025-05-05 02:48:05.671660,3211.0,3532.1000000000004,2889.9,3371.55,32110
2025-05-05 02:49:05.671660,3212.0,3533.2000000000003,2890.8,3372.6000000000004,32120
2025-05-05 02:50:05.671660,3213.0,3534.3,2891.7000000000003,3373.65,32130
2025-05-05 02:51:05.671660,3214.0,3535.4,2892.6,3374.7000000000003,32140
2025-05-05 02:52:05.671660,3215.0,3536.5000000000005,2893.5,3375.75,32150
2025-05-05 02:53:05.671660,3216.0,3537.6000000000004,2894.4,3376.8,32160
2025-05-05 02:54:05.671660,3217.0,3538.7000000000003,2895.3,3377.8500000000004,32170
2025-05-05 02:55:05.671660,3218.0,3539.8,2896.2000000000003,3378.9,32180
2025-05-05 02:56:05.671660,3219.0,3540.9,2897.1,3379.9500000000003,32190
2025-05-05 02:57:05.671660,3220.0,3542.0000000000005,2898.0,3381.0,32200
2025-05-05 02:58:05.671660,3221.0,3543.1000000000004,2898.9,3382.05,32210
2025-05-05 02:59:05.671660,3222.0,3544.2000000000003,2899.8,3383.1000000000004,32220
2025-05-05 03:00:05.671660,3223.0,3545.3,2900.7000000000003,3384.15,32230
2025-05-05 03:01:05.671660,3224.0,3546.4,2901.6,3385.2000000000003,32240
2025-05-05 03:02:05.671660,3225.0,3547.5000000000005,2902.5,3386.25,32250
2025-05-05 03:03:05.671660,3226.0,3548.6000000000004,2903.4,3387.3,32260
2025-05-05 03:04:05.671660,3227.0,3549.7000000000003,2904.3,3388.3500000000004,32270
2025-05-05 03:05:05.671660,3228.0,3550.8,2905.2000000000003,3389.4,32280
2025-05-05 03:06:05.671660,3229.0,3551.9,2906.1,3390.4500000000003,32290
2025-05-05 03:07:05.671660,3230.0,3553.0000000000005,2907.0,3391.5,32300
2025-05-05 03:08:05.671660,3231.0,3554.1000000000004,2907.9,3392.55,32310
2025-05-05 03:09:05.671660,3232.0,3555.2000000000003,2908.8,3393.6000000000004,32320
2025-05-05 03:10:05.671660,3233.0,3556.3,2909.7000000000003,3394.65,32330
2025-05-05 03:11:05.671660,3234.0,3557.4,2910.6,3395.7000000000003,32340
2025-05-05 03:12:05.671660,3235.0,3558.5000000000005,2911.5,3396.75,32350
2025-05-05 03:13:05.671660,3236.0,3559.6000000000004,2912.4,3397.8,32360
2025-05-05 03:14:05.671660,3237.0,3560.7000000000003,2913.3,3398.8500000000004,32370
2025-05-05 03:15:05.671660,3238.0,3561.8,2914.2000000000003,3399.9,32380
2025-05-05 03:16:05.671660,3239.0,3562.9,2915.1,3400.9500000000003,32390
2025-05-05 03:17:05.671660,3240.0,3564.0000000000005,2916.0,3402.0,32400
2025-05-05 03:18:05.671660,3241.0,3565.1000000000004,2916.9,3403.05,32410
2025-05-05 03:19:05.671660,3242.0,3566.2000000000003,2917.8,3404.1000000000004,32420
2025-05-05 03:20:05.671660,3243.0,3567.3,2918.7000000000003,3405.15,32430
2025-05-05 03:21:05.671660,3244.0,3568.4,2919.6,3406.2000000000003,32440
2025-05-05 03:22:05.671660,3245.0,3569.5000000000005,2920.5,3407.25,32450
2025-05-05 03:23:05.671660,3246.0,3570.6000000000004,2921.4,3408.3,32460
2025-05-05 03:24:05.671660,3247.0,3571.7000000000003,2922.3,3409.3500000000004,32470
2025-05-05 03:25:05.671660,3248.0,3572.8,2923.2000000000003,3410.4,32480
2025-05-05 03:26:05.671660,3249.0,3573.9,2924.1,3411.4500000000003,32490
2025-05-05 03:27:05.671660,3250.0,3575.0000000000005,2925.0,3412.5,32500
2025-05-05 03:28:05.671660,3251.0,3576.1000000000004,2925.9,3413.55,32510
2025-05-05 03:29:05.671660,3252.0,3577.2000000000003,2926.8,3414.6000000000004,32520
2025-05-05 03:30:05.671660,3253.0,3578.3,2927.7000000000003,3415.65,32530
2025-05-05 03:31:05.671660,3254.0,3579.4,2928.6,3416.7000000000003,32540
2025-05-05 03:32:05.671660,3255.0,3580.5000000000005,2929.5,3417.75,32550
2025-05-05 03:33:05.671660,3256.0,3581.6000000000004,2930.4,3418.8,32560
2025-05-05 03:34:05.671660,3257.0,3582.7000000000003,2931.3,3419.8500000000004,32570
2025-05-05 03:35:05.671660,3258.0,3583.8,2932.2000000000003,3420.9,32580
2025-05-05 03:36:05.671660,3259.0,3584.9,2933.1,3421.9500000000003,32590
2025-05-05 03:37:05.671660,3260.0,3586.0000000000005,2934.0,3423.0,32600
2025-05-05 03:38:05.671660,3261.0,3587.1000000000004,2934.9,3424.05,32610
2025-05-05 03:39:05.671660,3262.0,3588.2000000000003,2935.8,3425.1000000000004,32620
2025-05-05 03:40:05.671660,3263.0,3589.3,2936.7000000000003,3426.15,32630
2025-05-05 03:41:05.671660,3264.0,3590.4,2937.6,3427.2000000000003,32640
2025-05-05 03:42:05.671660,3265.0,3591.5000000000005,2938.5,3428.25,32650
2025-05-05 03:43:05.671660,3266.0,3592.6000000000004,2939.4,3429.3,32660
2025-05-05 03:44:05.671660,3267.0,3593.7000000000003,2940.3,3430.3500000000004,32670
2025-05-05 03:45:05.671660,3268.0,3594.8,2941.2000000000003,3431.4,32680
2025-05-05 03:46:05.671660,3269.0,3595.9,2942.1,3432.4500000000003,32690
2025-05-05 03:47:05.671660,3270.0,3597.0000000000005,2943.0,3433.5,32700
2025-05-05 03:48:05.671660,3271.0,3598.1000000000004,2943.9,3434.55,32710
2025-05-05 03:49:05.671660,3272.0,3599.2000000000003,2944.8,3435.6000000000004,32720
2025-05-05 03:50:05.671660,3273.0,3600.3,2945.7000000000003,3436.65,32730
2025-05-05 03:51:05.671660,3274.0,3601.4,2946.6,3437.7000000000003,32740
2025-05-05 03:52:05.671660,3275.0,3602.5000000000005,2947.5,3438.75,32750
2025-05-05 03:53:05.671660,3276.0,3603.6000000000004,2948.4,3439.8,32760
2025-05-05 03:54:05.671660,3277.0,3604.7000000000003,2949.3,3440.8500000000004,32770
2025-05-05 03:55:05.671660,3278.0,3605.8,2950.2000000000003,3441.9,32780
2025-05-05 03:56:05.671660,3279.0,3606.9,2951.1,3442.9500000000003,32790
2025-05-05 03:57:05.671660,3280.0,3608.0000000000005,2952.0,3444.0,32800
2025-05-05 03:58:05.671660,3281.0,3609.1000000000004,2952.9,3445.05,32810
2025-05-05 03:59:05.671660,3282.0,3610.2000000000003,2953.8,3446.1000000000004,32820
2025-05-05 04:00:05.671660,3283.0,3611.3,2954.7000000000003,3447.15,32830
2025-05-05 04:01:05.671660,3284.0,3612.4,2955.6,3448.2000000000003,32840
2025-05-05 04:02:05.671660,3285.0,3613.5000000000005,2956.5,3449.25,32850
2025-05-05 04:03:05.671660,3286.0,3614.6000000000004,2957.4,3450.3,32860
2025-05-05 04:04:05.671660,3287.0,3615.7000000000003,2958.3,3451.3500000000004,32870
2025-05-05 04:05:05.671660,3288.0,3616.8,2959.2000000000003,3452.4,32880
2025-05-05 04:06:05.671660,3289.0,3617.9,2960.1,3453.4500000000003,32890
2025-05-05 04:07:05.671660,3290.0,3619.0000000000005,2961.0,3454.5,32900
2025-05-05 04:08:05.671660,3291.0,3620.1000000000004,2961.9,3455.55,32910
2025-05-05 04:09:05.671660,3292.0,3621.2000000000003,2962.8,3456.6000000000004,32920
2025-05-05 04:10:05.671660,3293.0,3622.3,2963.7000000000003,3457.65,32930
2025-05-05 04:11:05.671660,3294.0,3623.4,2964.6,3458.7000000000003,32940
2025-05-05 04:12:05.671660,3295.0,3624.5000000000005,2965.5,3459.75,32950
2025-05-05 04:13:05.671660,3296.0,3625.6000000000004,2966.4,3460.8,32960
2025-05-05 04:14:05.671660,3297.0,3626.7000000000003,2967.3,3461.8500000000004,32970
2025-05-05 04:15:05.671660,3298.0,3627.8,2968.2000000000003,3462.9,32980
2025-05-05 04:16:05.671660,3299.0,3628.9,2969.1,3463.9500000000003,32990
2025-05-05 04:17:05.671660,3300.0,3630.0000000000005,2970.0,3465.0,33000
2025-05-05 04:18:05.671660,3301.0,3631.1000000000004,2970.9,3466.05,33010
2025-05-05 04:19:05.671660,3302.0,3632.2000000000003,2971.8,3467.1000000000004,33020
2025-05-05 04:20:05.671660,3303.0,3633.3,2972.7000000000003,3468.15,33030
2025-05-05 04:21:05.671660,3304.0,3634.4,2973.6,3469.2000000000003,33040
2025-05-05 04:22:05.671660,3305.0,3635.5000000000005,2974.5,3470.25,33050
2025-05-05 04:23:05.671660,3306.0,3636.6000000000004,2975.4,3471.3,33060
2025-05-05 04:24:05.671660,3307.0,3637.7000000000003,2976.3,3472.3500000000004,33070
2025-05-05 04:25:05.671660,3308.0,3638.8,2977.2000000000003,3473.4,33080
2025-05-05 04:26:05.671660,3309.0,3639.9,2978.1,3474.4500000000003,33090
2025-05-05 04:27:05.671660,3310.0,3641.0000000000005,2979.0,3475.5,33100
2025-05-05 04:28:05.671660,3311.0,3642.1000000000004,2979.9,3476.55,33110
2025-05-05 04:29:05.671660,3312.0,3643.2000000000003,2980.8,3477.6000000000004,33120
2025-05-05 04:30:05.671660,3313.0,3644.3,2981.7000000000003,3478.65,33130
2025-05-05 04:31:05.671660,3314.0,3645.4,2982.6,3479.7000000000003,33140
2025-05-05 04:32:05.671660,3315.0,3646.5000000000005,2983.5,3480.75,33150
2025-05-05 04:33:05.671660,3316.0,3647.6000000000004,2984.4,3481.8,33160
2025-05-05 04:34:05.671660,3317.0,3648.7000000000003,2985.3,3482.8500000000004,33170
2025-05-05 04:35:05.671660,3318.0,3649.8,2986.2000000000003,3483.9,33180
2025-05-05 04:36:05.671660,3319.0,3650.9,2987.1,3484.9500000000003,33190
2025-05-05 04:37:05.671660,3320.0,3652.0000000000005,2988.0,3486.0,33200
2025-05-05 04:38:05.671660,3321.0,3653.1000000000004,2988.9,3487.05,33210
2025-05-05 04:39:05.671660,3322.0,3654.2000000000003,2989.8,3488.1000000000004,33220
2025-05-05 04:40:05.671660,3323.0,3655.3,2990.7000000000003,3489.15,33230
2025-05-05 04:41:05.671660,3324.0,3656.4,2991.6,3490.2000000000003,33240
2025-05-05 04:42:05.671660,3325.0,3657.5000000000005,2992.5,3491.25,33250
2025-05-05 04:43:05.671660,3326.0,3658.6000000000004,2993.4,3492.3,33260
2025-05-05 04:44:05.671660,3327.0,3659.7000000000003,2994.3,3493.3500000000004,33270
2025-05-05 04:45:05.671660,3328.0,3660.8,2995.2000000000003,3494.4,33280
2025-05-05 04:46:05.671660,3329.0,3661.9,2996.1,3495.4500000000003,33290
2025-05-05 04:47:05.671660,3330.0,3663.0000000000005,2997.0,3496.5,33300
2025-05-05 04:48:05.671660,3331.0,3664.1000000000004,2997.9,3497.55,33310
2025-05-05 04:49:05.671660,3332.0,3665.2000000000003,2998.8,3498.6000000000004,33320
2025-05-05 04:50:05.671660,3333.0,3666.3,2999.7000000000003,3499.65,33330
2025-05-05 04:51:05.671660,3334.0,3667.4,3000.6,3500.7000000000003,33340
2025-05-05 04:52:05.671660,3335.0,3668.5000000000005,3001.5,3501.75,33350
2025-05-05 04:53:05.671660,3336.0,3669.6000000000004,3002.4,3502.8,33360
2025-05-05 04:54:05.671660,3337.0,3670.7000000000003,3003.3,3503.8500000000004,33370
2025-05-05 04:55:05.671660,3338.0,3671.8,3004.2000000000003,3504.9,33380
2025-05-05 04:56:05.671660,3339.0,3672.9,3005.1,3505.9500000000003,33390
2025-05-05 04:57:05.671660,3340.0,3674.0000000000005,3006.0,3507.0,33400
2025-05-05 04:58:05.671660,3341.0,3675.1000000000004,3006.9,3508.05,33410
2025-05-05 04:59:05.671660,3342.0,3676.2000000000003,3007.8,3509.1000000000004,33420
2025-05-05 05:00:05.671660,3343.0,3677.3,3008.7000000000003,3510.15,33430
2025-05-05 05:01:05.671660,3344.0,3678.4,3009.6,3511.2000000000003,33440
2025-05-05 05:02:05.671660,3345.0,3679.5000000000005,3010.5,3512.25,33450
2025-05-05 05:03:05.671660,3346.0,3680.6000000000004,3011.4,3513.3,33460
2025-05-05 05:04:05.671660,3347.0,3681.7000000000003,3012.3,3514.3500000000004,33470
2025-05-05 05:05:05.671660,3348.0,3682.8,3013.2000000000003,3515.4,33480
2025-05-05 05:06:05.671660,3349.0,3683.9,3014.1,3516.4500000000003,33490
2025-05-05 05:07:05.671660,3350.0,3685.0000000000005,3015.0,3517.5,33500
2025-05-05 05:08:05.671660,3351.0,3686.1000000000004,3015.9,3518.55,33510
2025-05-05 05:09:05.671660,3352.0,3687.2000000000003,3016.8,3519.6000000000004,33520
2025-05-05 05:10:05.671660,3353.0,3688.3,3017.7000000000003,3520.65,33530
2025-05-05 05:11:05.671660,3354.0,3689.4,3018.6,3521.7000000000003,33540
2025-05-05 05:12:05.671660,3355.0,3690.5000000000005,3019.5,3522.75,33550
2025-05-05 05:13:05.671660,3356.0,3691.6000000000004,3020.4,3523.8,33560
2025-05-05 05:14:05.671660,3357.0,3692.7000000000003,3021.3,3524.8500000000004,33570
2025-05-05 05:15:05.671660,3358.0,3693.8,3022.2000000000003,3525.9,33580
2025-05-05 05:16:05.671660,3359.0,3694.9,3023.1,3526.9500000000003,33590
2025-05-05 05:17:05.671660,3360.0,3696.0000000000005,3024.0,3528.0,33600
2025-05-05 05:18:05.671660,3361.0,3697.1000000000004,3024.9,3529.05,33610
2025-05-05 05:19:05.671660,3362.0,3698.2000000000003,3025.8,3530.1000000000004,33620
2025-05-05 05:20:05.671660,3363.0,3699.3,3026.7000000000003,3531.15,33630
2025-05-05 05:21:05.671660,3364.0,3700.4,3027.6,3532.2000000000003,33640
2025-05-05 05:22:05.671660,3365.0,3701.5000000000005,3028.5,3533.25,33650
2025-05-05 05:23:05.671660,3366.0,3702.6000000000004,3029.4,3534.3,33660
2025-05-05 05:24:05.671660,3367.0,3703.7000000000003,3030.3,3535.3500000000004,33670
2025-05-05 05:25:05.671660,3368.0,3704.8,3031.2000000000003,3536.4,33680
2025-05-05 05:26:05.671660,3369.0,3705.9,3032.1,3537.4500000000003,33690
2025-05-05 05:27:05.671660,3370.0,3707.0000000000005,3033.0,3538.5,33700
2025-05-05 05:28:05.671660,3371.0,3708.1000000000004,3033.9,3539.55,33710
2025-05-05 05:29:05.671660,3372.0,3709.2000000000003,3034.8,3540.6000000000004,33720
2025-05-05 05:30:05.671660,3373.0,3710.3,3035.7000000000003,3541.65,33730
2025-05-05 05:31:05.671660,3374.0,3711.4,3036.6,3542.7000000000003,33740
2025-05-05 05:32:05.671660,3375.0,3712.5000000000005,3037.5,3543.75,33750
2025-05-05 05:33:05.671660,3376.0,3713.6000000000004,3038.4,3544.8,33760
2025-05-05 05:34:05.671660,3377.0,3714.7000000000003,3039.3,3545.8500000000004,33770
2025-05-05 05:35:05.671660,3378.0,3715.8,3040.2000000000003,3546.9,33780
2025-05-05 05:36:05.671660,3379.0,3716.9,3041.1,3547.9500000000003,33790
2025-05-05 05:37:05.671660,3380.0,3718.0000000000005,3042.0,3549.0,33800
2025-05-05 05:38:05.671660,3381.0,3719.1000000000004,3042.9,3550.05,33810
2025-05-05 05:39:05.671660,3382.0,3720.2000000000003,3043.8,3551.1000000000004,33820
2025-05-05 05:40:05.671660,3383.0,3721.3,3044.7000000000003,3552.15,33830
2025-05-05 05:41:05.671660,3384.0,3722.4,3045.6,3553.2000000000003,33840
2025-05-05 05:42:05.671660,3385.0,3723.5000000000005,3046.5,3554.25,33850
2025-05-05 05:43:05.671660,3386.0,3724.6000000000004,3047.4,3555.3,33860
2025-05-05 05:44:05.671660,3387.0,3725.7000000000003,3048.3,3556.3500000000004,33870
2025-05-05 05:45:05.671660,3388.0,3726.8,3049.2000000000003,3557.4,33880
2025-05-05 05:46:05.671660,3389.0,3727.9,3050.1,3558.4500000000003,33890
2025-05-05 05:47:05.671660,3390.0,3729.0000000000005,3051.0,3559.5,33900
2025-05-05 05:48:05.671660,3391.0,3730.1000000000004,3051.9,3560.55,33910
2025-05-05 05:49:05.671660,3392.0,3731.2000000000003,3052.8,3561.6000000000004,33920
2025-05-05 05:50:05.671660,3393.0,3732.3,3053.7000000000003,3562.65,33930
2025-05-05 05:51:05.671660,3394.0,3733.4,3054.6,3563.7000000000003,33940
2025-05-05 05:52:05.671660,3395.0,3734.5000000000005,3055.5,3564.75,33950
2025-05-05 05:53:05.671660,3396.0,3735.6000000000004,3056.4,3565.8,33960
2025-05-05 05:54:05.671660,3397.0,3736.7000000000003,3057.3,3566.8500000000004,33970
2025-05-05 05:55:05.671660,3398.0,3737.8,3058.2000000000003,3567.9,33980
2025-05-05 05:56:05.671660,3399.0,3738.9,3059.1,3568.9500000000003,33990
2025-05-05 05:57:05.671660,3400.0,3740.0000000000005,3060.0,3570.0,34000
2025-05-05 05:58:05.671660,3401.0,3741.1000000000004,3060.9,3571.05,34010
2025-05-05 05:59:05.671660,3402.0,3742.2000000000003,3061.8,3572.1000000000004,34020
2025-05-05 06:00:05.671660,3403.0,3743.3,3062.7000000000003,3573.15,34030
2025-05-05 06:01:05.671660,3404.0,3744.4,3063.6,3574.2000000000003,34040
2025-05-05 06:02:05.671660,3405.0,3745.5000000000005,3064.5,3575.25,34050
2025-05-05 06:03:05.671660,3406.0,3746.6000000000004,3065.4,3576.3,34060
2025-05-05 06:04:05.671660,3407.0,3747.7000000000003,3066.3,3577.3500000000004,34070
2025-05-05 06:05:05.671660,3408.0,3748.8,3067.2000000000003,3578.4,34080
2025-05-05 06:06:05.671660,3409.0,3749.9,3068.1,3579.4500000000003,34090
2025-05-05 06:07:05.671660,3410.0,3751.0000000000005,3069.0,3580.5,34100
2025-05-05 06:08:05.671660,3411.0,3752.1000000000004,3069.9,3581.55,34110
2025-05-05 06:09:05.671660,3412.0,3753.2000000000003,3070.8,3582.6000000000004,34120
2025-05-05 06:10:05.671660,3413.0,3754.3,3071.7000000000003,3583.65,34130
2025-05-05 06:11:05.671660,3414.0,3755.4,3072.6,3584.7000000000003,34140
2025-05-05 06:12:05.671660,3415.0,3756.5000000000005,3073.5,3585.75,34150
2025-05-05 06:13:05.671660,3416.0,3757.6000000000004,3074.4,3586.8,34160
2025-05-05 06:14:05.671660,3417.0,3758.7000000000003,3075.3,3587.8500000000004,34170
2025-05-05 06:15:05.671660,3418.0,3759.8,3076.2000000000003,3588.9,34180
2025-05-05 06:16:05.671660,3419.0,3760.9,3077.1,3589.9500000000003,34190
2025-05-05 06:17:05.671660,3420.0,3762.0000000000005,3078.0,3591.0,34200
2025-05-05 06:18:05.671660,3421.0,3763.1000000000004,3078.9,3592.05,34210
2025-05-05 06:19:05.671660,3422.0,3764.2000000000003,3079.8,3593.1000000000004,34220
2025-05-05 06:20:05.671660,3423.0,3765.3,3080.7000000000003,3594.15,34230
2025-05-05 06:21:05.671660,3424.0,3766.4,3081.6,3595.2000000000003,34240
2025-05-05 06:22:05.671660,3425.0,3767.5000000000005,3082.5,3596.25,34250
2025-05-05 06:23:05.671660,3426.0,3768.6000000000004,3083.4,3597.3,34260
2025-05-05 06:24:05.671660,3427.0,3769.7000000000003,3084.3,3598.3500000000004,34270
2025-05-05 06:25:05.671660,3428.0,3770.8,3085.2000000000003,3599.4,34280
2025-05-05 06:26:05.671660,3429.0,3771.9,3086.1,3600.4500000000003,34290
2025-05-05 06:27:05.671660,3430.0,3773.0000000000005,3087.0,3601.5,34300
2025-05-05 06:28:05.671660,3431.0,3774.1000000000004,3087.9,3602.55,34310
2025-05-05 06:29:05.671660,3432.0,3775.2000000000003,3088.8,3603.6000000000004,34320
2025-05-05 06:30:05.671660,3433.0,3776.3,3089.7000000000003,3604.65,34330
2025-05-05 06:31:05.671660,3434.0,3777.4,3090.6,3605.7000000000003,34340
2025-05-05 06:32:05.671660,3435.0,3778.5000000000005,3091.5,3606.75,34350
2025-05-05 06:33:05.671660,3436.0,3779.6000000000004,3092.4,3607.8,34360
2025-05-05 06:34:05.671660,3437.0,3780.7000000000003,3093.3,3608.8500000000004,34370
2025-05-05 06:35:05.671660,3438.0,3781.8,3094.2000000000003,3609.9,34380
2025-05-05 06:36:05.671660,3439.0,3782.9,3095.1,3610.9500000000003,34390
2025-05-05 06:37:05.671660,3440.0,3784.0000000000005,3096.0,3612.0,34400
2025-05-05 06:38:05.671660,3441.0,3785.1000000000004,3096.9,3613.05,34410
2025-05-05 06:39:05.671660,3442.0,3786.2000000000003,3097.8,3614.1000000000004,34420
2025-05-05 06:40:05.671660,3443.0,3787.3,3098.7000000000003,3615.15,34430
2025-05-05 06:41:05.671660,3444.0,3788.4,3099.6,3616.2000000000003,34440
2025-05-05 06:42:05.671660,3445.0,3789.5000000000005,3100.5,3617.25,34450
2025-05-05 06:43:05.671660,3446.0,3790.6000000000004,3101.4,3618.3,34460
2025-05-05 06:44:05.671660,3447.0,3791.7000000000003,3102.3,3619.3500000000004,34470
2025-05-05 06:45:05.671660,3448.0,3792.8,3103.2000000000003,3620.4,34480
2025-05-05 06:46:05.671660,3449.0,3793.9,3104.1,3621.4500000000003,34490
2025-05-05 06:47:05.671660,3450.0,3795.0000000000005,3105.0,3622.5,34500
2025-05-05 06:48:05.671660,3451.0,3796.1000000000004,3105.9,3623.55,34510
2025-05-05 06:49:05.671660,3452.0,3797.2000000000003,3106.8,3624.6000000000004,34520
2025-05-05 06:50:05.671660,3453.0,3798.3,3107.7000000000003,3625.65,34530
2025-05-05 06:51:05.671660,3454.0,3799.4,3108.6,3626.7000000000003,34540
2025-05-05 06:52:05.671660,3455.0,3800.5000000000005,3109.5,3627.75,34550
2025-05-05 06:53:05.671660,3456.0,3801.6000000000004,3110.4,3628.8,34560
2025-05-05 06:54:05.671660,3457.0,3802.7000000000003,3111.3,3629.8500000000004,34570
2025-05-05 06:55:05.671660,3458.0,3803.8,3112.2000000000003,3630.9,34580
2025-05-05 06:56:05.671660,3459.0,3804.9,3113.1,3631.9500000000003,34590
2025-05-05 06:57:05.671660,3460.0,3806.0000000000005,3114.0,3633.0,34600
2025-05-05 06:58:05.671660,3461.0,3807.1000000000004,3114.9,3634.05,34610
2025-05-05 06:59:05.671660,3462.0,3808.2000000000003,3115.8,3635.1000000000004,34620
2025-05-05 07:00:05.671660,3463.0,3809.3,3116.7000000000003,3636.15,34630
2025-05-05 07:01:05.671660,3464.0,3810.4,3117.6,3637.2000000000003,34640
2025-05-05 07:02:05.671660,3465.0,3811.5000000000005,3118.5,3638.25,34650
2025-05-05 07:03:05.671660,3466.0,3812.6000000000004,3119.4,3639.3,34660
2025-05-05 07:04:05.671660,3467.0,3813.7000000000003,3120.3,3640.3500000000004,34670
2025-05-05 07:05:05.671660,3468.0,3814.8,3121.2000000000003,3641.4,34680
2025-05-05 07:06:05.671660,3469.0,3815.9,3122.1,3642.4500000000003,34690
2025-05-05 07:07:05.671660,3470.0,3817.0000000000005,3123.0,3643.5,34700
2025-05-05 07:08:05.671660,3471.0,3818.1000000000004,3123.9,3644.55,34710
2025-05-05 07:09:05.671660,3472.0,3819.2000000000003,3124.8,3645.6000000000004,34720
2025-05-05 07:10:05.671660,3473.0,3820.3,3125.7000000000003,3646.65,34730
2025-05-05 07:11:05.671660,3474.0,3821.4,3126.6,3647.7000000000003,34740
2025-05-05 07:12:05.671660,3475.0,3822.5000000000005,3127.5,3648.75,34750
2025-05-05 07:13:05.671660,3476.0,3823.6000000000004,3128.4,3649.8,34760
2025-05-05 07:14:05.671660,3477.0,3824.7000000000003,3129.3,3650.8500000000004,34770
2025-05-05 07:15:05.671660,3478.0,3825.8,3130.2000000000003,3651.9,34780
2025-05-05 07:16:05.671660,3479.0,3826.9,3131.1,3652.9500000000003,34790
2025-05-05 07:17:05.671660,3480.0,3828.0000000000005,3132.0,3654.0,34800
2025-05-05 07:18:05.671660,3481.0,3829.1000000000004,3132.9,3655.05,34810
2025-05-05 07:19:05.671660,3482.0,3830.2000000000003,3133.8,3656.1000000000004,34820
2025-05-05 07:20:05.671660,3483.0,3831.3,3134.7000000000003,3657.15,34830
2025-05-05 07:21:05.671660,3484.0,3832.4,3135.6,3658.2000000000003,34840
2025-05-05 07:22:05.671660,3485.0,3833.5000000000005,3136.5,3659.25,34850
2025-05-05 07:23:05.671660,3486.0,3834.6000000000004,3137.4,3660.3,34860
2025-05-05 07:24:05.671660,3487.0,3835.7000000000003,3138.3,3661.3500000000004,34870
2025-05-05 07:25:05.671660,3488.0,3836.8,3139.2000000000003,3662.4,34880
2025-05-05 07:26:05.671660,3489.0,3837.9,3140.1,3663.4500000000003,34890
2025-05-05 07:27:05.671660,3490.0,3839.0000000000005,3141.0,3664.5,34900
2025-05-05 07:28:05.671660,3491.0,3840.1000000000004,3141.9,3665.55,34910
2025-05-05 07:29:05.671660,3492.0,3841.2000000000003,3142.8,3666.6000000000004,34920
2025-05-05 07:30:05.671660,3493.0,3842.3,3143.7000000000003,3667.65,34930
2025-05-05 07:31:05.671660,3494.0,3843.4,3144.6,3668.7000000000003,34940
2025-05-05 07:32:05.671660,3495.0,3844.5000000000005,3145.5,3669.75,34950
2025-05-05 07:33:05.671660,3496.0,3845.6000000000004,3146.4,3670.8,34960
2025-05-05 07:34:05.671660,3497.0,3846.7000000000003,3147.3,3671.8500000000004,34970
2025-05-05 07:35:05.671660,3498.0,3847.8,3148.2000000000003,3672.9,34980
2025-05-05 07:36:05.671660,3499.0,3848.9,3149.1,3673.9500000000003,34990
2025-05-05 07:37:05.671660,3500.0,3850.0000000000005,3150.0,3675.0,35000
2025-05-05 07:38:05.671660,3501.0,3851.1000000000004,3150.9,3676.05,35010
2025-05-05 07:39:05.671660,3502.0,3852.2000000000003,3151.8,3677.1000000000004,35020
2025-05-05 07:40:05.671660,3503.0,3853.3,3152.7000000000003,3678.15,35030
2025-05-05 07:41:05.671660,3504.0,3854.4,3153.6,3679.2000000000003,35040
2025-05-05 07:42:05.671660,3505.0,3855.5000000000005,3154.5,3680.25,35050
2025-05-05 07:43:05.671660,3506.0,3856.6000000000004,3155.4,3681.3,35060
2025-05-05 07:44:05.671660,3507.0,3857.7000000000003,3156.3,3682.3500000000004,35070
2025-05-05 07:45:05.671660,3508.0,3858.8,3157.2000000000003,3683.4,35080
2025-05-05 07:46:05.671660,3509.0,3859.9,3158.1,3684.4500000000003,35090
2025-05-05 07:47:05.671660,3510.0,3861.0000000000005,3159.0,3685.5,35100
2025-05-05 07:48:05.671660,3511.0,3862.1000000000004,3159.9,3686.55,35110
2025-05-05 07:49:05.671660,3512.0,3863.2000000000003,3160.8,3687.6000000000004,35120
2025-05-05 07:50:05.671660,3513.0,3864.3,3161.7000000000003,3688.65,35130
2025-05-05 07:51:05.671660,3514.0,3865.4,3162.6,3689.7000000000003,35140
2025-05-05 07:52:05.671660,3515.0,3866.5000000000005,3163.5,3690.75,35150
2025-05-05 07:53:05.671660,3516.0,3867.6000000000004,3164.4,3691.8,35160
2025-05-05 07:54:05.671660,3517.0,3868.7000000000003,3165.3,3692.8500000000004,35170
2025-05-05 07:55:05.671660,3518.0,3869.8,3166.2000000000003,3693.9,35180
2025-05-05 07:56:05.671660,3519.0,3870.9,3167.1,3694.9500000000003,35190
2025-05-05 07:57:05.671660,3520.0,3872.0000000000005,3168.0,3696.0,35200
2025-05-05 07:58:05.671660,3521.0,3873.1000000000004,3168.9,3697.05,35210
2025-05-05 07:59:05.671660,3522.0,3874.2000000000003,3169.8,3698.1000000000004,35220
2025-05-05 08:00:05.671660,3523.0,3875.3,3170.7000000000003,3699.15,35230
2025-05-05 08:01:05.671660,3524.0,3876.4,3171.6,3700.2000000000003,35240
2025-05-05 08:02:05.671660,3525.0,3877.5000000000005,3172.5,3701.25,35250
2025-05-05 08:03:05.671660,3526.0,3878.6000000000004,3173.4,3702.3,35260
2025-05-05 08:04:05.671660,3527.0,3879.7000000000003,3174.3,3703.3500000000004,35270
2025-05-05 08:05:05.671660,3528.0,3880.8,3175.2000000000003,3704.4,35280
2025-05-05 08:06:05.671660,3529.0,3881.9,3176.1,3705.4500000000003,35290
2025-05-05 08:07:05.671660,3530.0,3883.0000000000005,3177.0,3706.5,35300
2025-05-05 08:08:05.671660,3531.0,3884.1000000000004,3177.9,3707.55,35310
2025-05-05 08:09:05.671660,3532.0,3885.2000000000003,3178.8,3708.6000000000004,35320
2025-05-05 08:10:05.671660,3533.0,3886.3,3179.7000000000003,3709.65,35330
2025-05-05 08:11:05.671660,3534.0,3887.4,3180.6,3710.7000000000003,35340
2025-05-05 08:12:05.671660,3535.0,3888.5000000000005,3181.5,3711.75,35350
2025-05-05 08:13:05.671660,3536.0,3889.6000000000004,3182.4,3712.8,35360
2025-05-05 08:14:05.671660,3537.0,3890.7000000000003,3183.3,3713.8500000000004,35370
2025-05-05 08:15:05.671660,3538.0,3891.8,3184.2000000000003,3714.9,35380
2025-05-05 08:16:05.671660,3539.0,3892.9,3185.1,3715.9500000000003,35390
2025-05-05 08:17:05.671660,3540.0,3894.0000000000005,3186.0,3717.0,35400
2025-05-05 08:18:05.671660,3541.0,3895.1000000000004,3186.9,3718.05,35410
2025-05-05 08:19:05.671660,3542.0,3896.2000000000003,3187.8,3719.1000000000004,35420
2025-05-05 08:20:05.671660,3543.0,3897.3,3188.7000000000003,3720.15,35430
2025-05-05 08:21:05.671660,3544.0,3898.4,3189.6,3721.2000000000003,35440
2025-05-05 08:22:05.671660,3545.0,3899.5000000000005,3190.5,3722.25,35450
2025-05-05 08:23:05.671660,3546.0,3900.6000000000004,3191.4,3723.3,35460
2025-05-05 08:24:05.671660,3547.0,3901.7000000000003,3192.3,3724.3500000000004,35470
2025-05-05 08:25:05.671660,3548.0,3902.8,3193.2000000000003,3725.4,35480
2025-05-05 08:26:05.671660,3549.0,3903.9,3194.1,3726.4500000000003,35490
2025-05-05 08:27:05.671660,3550.0,3905.0000000000005,3195.0,3727.5,35500
2025-05-05 08:28:05.671660,3551.0,3906.1000000000004,3195.9,3728.55,35510
2025-05-05 08:29:05.671660,3552.0,3907.2000000000003,3196.8,3729.6000000000004,35520
2025-05-05 08:30:05.671660,3553.0,3908.3,3197.7000000000003,3730.65,35530
2025-05-05 08:31:05.671660,3554.0,3909.4,3198.6,3731.7000000000003,35540
2025-05-05 08:32:05.671660,3555.0,3910.5000000000005,3199.5,3732.75,35550
2025-05-05 08:33:05.671660,3556.0,3911.6000000000004,3200.4,3733.8,35560
2025-05-05 08:34:05.671660,3557.0,3912.7000000000003,3201.3,3734.8500000000004,35570
2025-05-05 08:35:05.671660,3558.0,3913.8,3202.2000000000003,3735.9,35580
2025-05-05 08:36:05.671660,3559.0,3914.9,3203.1,3736.9500000000003,35590
2025-05-05 08:37:05.671660,3560.0,3916.0000000000005,3204.0,3738.0,35600
2025-05-05 08:38:05.671660,3561.0,3917.1000000000004,3204.9,3739.05,35610
2025-05-05 08:39:05.671660,3562.0,3918.2000000000003,3205.8,3740.1000000000004,35620
2025-05-05 08:40:05.671660,3563.0,3919.3,3206.7000000000003,3741.15,35630
2025-05-05 08:41:05.671660,3564.0,3920.4,3207.6,3742.2000000000003,35640
2025-05-05 08:42:05.671660,3565.0,3921.5000000000005,3208.5,3743.25,35650
2025-05-05 08:43:05.671660,3566.0,3922.6000000000004,3209.4,3744.3,35660
2025-05-05 08:44:05.671660,3567.0,3923.7000000000003,3210.3,3745.3500000000004,35670
2025-05-05 08:45:05.671660,3568.0,3924.8,3211.2000000000003,3746.4,35680
2025-05-05 08:46:05.671660,3569.0,3925.9,3212.1,3747.4500000000003,35690
2025-05-05 08:47:05.671660,3570.0,3927.0000000000005,3213.0,3748.5,35700
2025-05-05 08:48:05.671660,3571.0,3928.1000000000004,3213.9,3749.55,35710
2025-05-05 08:49:05.671660,3572.0,3929.2000000000003,3214.8,3750.6000000000004,35720
2025-05-05 08:50:05.671660,3573.0,3930.3,3215.7000000000003,3751.65,35730
2025-05-05 08:51:05.671660,3574.0,3931.4,3216.6,3752.7000000000003,35740
2025-05-05 08:52:05.671660,3575.0,3932.5000000000005,3217.5,3753.75,35750
2025-05-05 08:53:05.671660,3576.0,3933.6000000000004,3218.4,3754.8,35760
2025-05-05 08:54:05.671660,3577.0,3934.7000000000003,3219.3,3755.8500000000004,35770
2025-05-05 08:55:05.671660,3578.0,3935.8,3220.2000000000003,3756.9,35780
2025-05-05 08:56:05.671660,3579.0,3936.9,3221.1,3757.9500000000003,35790
2025-05-05 08:57:05.671660,3580.0,3938.0000000000005,3222.0,3759.0,35800
2025-05-05 08:58:05.671660,3581.0,3939.1000000000004,3222.9,3760.05,35810
2025-05-05 08:59:05.671660,3582.0,3940.2000000000003,3223.8,3761.1000000000004,35820
2025-05-05 09:00:05.671660,3583.0,3941.3,3224.7000000000003,3762.15,35830
2025-05-05 09:01:05.671660,3584.0,3942.4000000000005,3225.6,3763.2000000000003,35840
2025-05-05 09:02:05.671660,3585.0,3943.5000000000005,3226.5,3764.25,35850
2025-05-05 09:03:05.671660,3586.0,3944.6000000000004,3227.4,3765.3,35860
2025-05-05 09:04:05.671660,3587.0,3945.7000000000003,3228.3,3766.3500000000004,35870
2025-05-05 09:05:05.671660,3588.0,3946.8,3229.2000000000003,3767.4,35880
2025-05-05 09:06:05.671660,3589.0,3947.9000000000005,3230.1,3768.4500000000003,35890
2025-05-05 09:07:05.671660,3590.0,3949.0000000000005,3231.0,3769.5,35900
2025-05-05 09:08:05.671660,3591.0,3950.1000000000004,3231.9,3770.55,35910
2025-05-05 09:09:05.671660,3592.0,3951.2000000000003,3232.8,3771.6000000000004,35920
2025-05-05 09:10:05.671660,3593.0,3952.3,3233.7000000000003,3772.65,35930
2025-05-05 09:11:05.671660,3594.0,3953.4000000000005,3234.6,3773.7000000000003,35940
2025-05-05 09:12:05.671660,3595.0,3954.5000000000005,3235.5,3774.75,35950
2025-05-05 09:13:05.671660,3596.0,3955.6000000000004,3236.4,3775.8,35960
2025-05-05 09:14:05.671660,3597.0,3956.7000000000003,3237.3,3776.8500000000004,35970
2025-05-05 09:15:05.671660,3598.0,3957.8,3238.2000000000003,3777.9,35980
2025-05-05 09:16:05.671660,3599.0,3958.9000000000005,3239.1,3778.9500000000003,35990
2025-05-05 09:17:05.671660,3600.0,3960.0000000000005,3240.0,3780.0,36000
2025-05-05 09:18:05.671660,3601.0,3961.1000000000004,3240.9,3781.05,36010
2025-05-05 09:19:05.671660,3602.0,3962.2000000000003,3241.8,3782.1000000000004,36020
2025-05-05 09:20:05.671660,3603.0,3963.3,3242.7000000000003,3783.15,36030
2025-05-05 09:21:05.671660,3604.0,3964.4000000000005,3243.6,3784.2000000000003,36040
2025-05-05 09:22:05.671660,3605.0,3965.5000000000005,3244.5,3785.25,36050
2025-05-05 09:23:05.671660,3606.0,3966.6000000000004,3245.4,3786.3,36060
2025-05-05 09:24:05.671660,3607.0,3967.7000000000003,3246.3,3787.3500000000004,36070
2025-05-05 09:25:05.671660,3608.0,3968.8,3247.2000000000003,3788.4,36080
2025-05-05 09:26:05.671660,3609.0,3969.9000000000005,3248.1,3789.4500000000003,36090
2025-05-05 09:27:05.671660,3610.0,3971.0000000000005,3249.0,3790.5,36100
2025-05-05 09:28:05.671660,3611.0,3972.1000000000004,3249.9,3791.55,36110
2025-05-05 09:29:05.671660,3612.0,3973.2000000000003,3250.8,3792.6000000000004,36120
2025-05-05 09:30:05.671660,3613.0,3974.3,3251.7000000000003,3793.65,36130
2025-05-05 09:31:05.671660,3614.0,3975.4000000000005,3252.6,3794.7000000000003,36140
2025-05-05 09:32:05.671660,3615.0,3976.5000000000005,3253.5,3795.75,36150
2025-05-05 09:33:05.671660,3616.0,3977.6000000000004,3254.4,3796.8,36160
2025-05-05 09:34:05.671660,3617.0,3978.7000000000003,3255.3,3797.8500000000004,36170
2025-05-05 09:35:05.671660,3618.0,3979.8,3256.2000000000003,3798.9,36180
2025-05-05 09:36:05.671660,3619.0,3980.9000000000005,3257.1,3799.9500000000003,36190
2025-05-05 09:37:05.671660,3620.0,3982.0000000000005,3258.0,3801.0,36200
2025-05-05 09:38:05.671660,3621.0,3983.1000000000004,3258.9,3802.05,36210
2025-05-05 09:39:05.671660,3622.0,3984.2000000000003,3259.8,3803.1000000000004,36220
2025-05-05 09:40:05.671660,3623.0,3985.3,3260.7000000000003,3804.15,36230
2025-05-05 09:41:05.671660,3624.0,3986.4000000000005,3261.6,3805.2000000000003,36240
2025-05-05 09:42:05.671660,3625.0,3987.5000000000005,3262.5,3806.25,36250
2025-05-05 09:43:05.671660,3626.0,3988.6000000000004,3263.4,3807.3,36260
2025-05-05 09:44:05.671660,3627.0,3989.7000000000003,3264.3,3808.3500000000004,36270
2025-05-05 09:45:05.671660,3628.0,3990.8,3265.2000000000003,3809.4,36280
2025-05-05 09:46:05.671660,3629.0,3991.9000000000005,3266.1,3810.4500000000003,36290
2025-05-05 09:47:05.671660,3630.0,3993.0000000000005,3267.0,3811.5,36300
2025-05-05 09:48:05.671660,3631.0,3994.1000000000004,3267.9,3812.55,36310
2025-05-05 09:49:05.671660,3632.0,3995.2000000000003,3268.8,3813.6000000000004,36320
2025-05-05 09:50:05.671660,3633.0,3996.3,3269.7000000000003,3814.65,36330
2025-05-05 09:51:05.671660,3634.0,3997.4000000000005,3270.6,3815.7000000000003,36340
2025-05-05 09:52:05.671660,3635.0,3998.5000000000005,3271.5,3816.75,36350
2025-05-05 09:53:05.671660,3636.0,3999.6000000000004,3272.4,3817.8,36360
2025-05-05 09:54:05.671660,3637.0,4000.7000000000003,3273.3,3818.8500000000004,36370
2025-05-05 09:55:05.671660,3638.0,4001.8,3274.2000000000003,3819.9,36380
2025-05-05 09:56:05.671660,3639.0,4002.9000000000005,3275.1,3820.9500000000003,36390
2025-05-05 09:57:05.671660,3640.0,4004.0000000000005,3276.0,3822.0,36400
2025-05-05 09:58:05.671660,3641.0,4005.1000000000004,3276.9,3823.05,36410
2025-05-05 09:59:05.671660,3642.0,4006.2000000000003,3277.8,3824.1000000000004,36420
2025-05-05 10:00:05.671660,3643.0,4007.3,3278.7000000000003,3825.15,36430
2025-05-05 10:01:05.671660,3644.0,4008.4000000000005,3279.6,3826.2000000000003,36440
2025-05-05 10:02:05.671660,3645.0,4009.5000000000005,3280.5,3827.25,36450
2025-05-05 10:03:05.671660,3646.0,4010.6000000000004,3281.4,3828.3,36460
2025-05-05 10:04:05.671660,3647.0,4011.7000000000003,3282.3,3829.3500000000004,36470
2025-05-05 10:05:05.671660,3648.0,4012.8,3283.2000000000003,3830.4,36480
2025-05-05 10:06:05.671660,3649.0,4013.9000000000005,3284.1,3831.4500000000003,36490
2025-05-05 10:07:05.671660,3650.0,4015.0000000000005,3285.0,3832.5,36500
2025-05-05 10:08:05.671660,3651.0,4016.1000000000004,3285.9,3833.55,36510
2025-05-05 10:09:05.671660,3652.0,4017.2000000000003,3286.8,3834.6000000000004,36520
2025-05-05 10:10:05.671660,3653.0,4018.3,3287.7000000000003,3835.65,36530
2025-05-05 10:11:05.671660,3654.0,4019.4000000000005,3288.6,3836.7000000000003,36540
2025-05-05 10:12:05.671660,3655.0,4020.5000000000005,3289.5,3837.75,36550
2025-05-05 10:13:05.671660,3656.0,4021.6000000000004,3290.4,3838.8,36560
2025-05-05 10:14:05.671660,3657.0,4022.7000000000003,3291.3,3839.8500000000004,36570
2025-05-05 10:15:05.671660,3658.0,4023.8,3292.2000000000003,3840.9,36580
2025-05-05 10:16:05.671660,3659.0,4024.9000000000005,3293.1,3841.9500000000003,36590
2025-05-05 10:17:05.671660,3660.0,4026.0000000000005,3294.0,3843.0,36600
2025-05-05 10:18:05.671660,3661.0,4027.1000000000004,3294.9,3844.05,36610
2025-05-05 10:19:05.671660,3662.0,4028.2000000000003,3295.8,3845.1000000000004,36620
2025-05-05 10:20:05.671660,3663.0,4029.3,3296.7000000000003,3846.15,36630
2025-05-05 10:21:05.671660,3664.0,4030.4000000000005,3297.6,3847.2000000000003,36640
2025-05-05 10:22:05.671660,3665.0,4031.5000000000005,3298.5,3848.25,36650
2025-05-05 10:23:05.671660,3666.0,4032.6000000000004,3299.4,3849.3,36660
2025-05-05 10:24:05.671660,3667.0,4033.7000000000003,3300.3,3850.3500000000004,36670
2025-05-05 10:25:05.671660,3668.0,4034.8,3301.2000000000003,3851.4,36680
2025-05-05 10:26:05.671660,3669.0,4035.9000000000005,3302.1,3852.4500000000003,36690
2025-05-05 10:27:05.671660,3670.0,4037.0000000000005,3303.0,3853.5,36700
2025-05-05 10:28:05.671660,3671.0,4038.1000000000004,3303.9,3854.55,36710
2025-05-05 10:29:05.671660,3672.0,4039.2000000000003,3304.8,3855.6000000000004,36720
2025-05-05 10:30:05.671660,3673.0,4040.3,3305.7000000000003,3856.65,36730
2025-05-05 10:31:05.671660,3674.0,4041.4000000000005,3306.6,3857.7000000000003,36740
2025-05-05 10:32:05.671660,3675.0,4042.5000000000005,3307.5,3858.75,36750
2025-05-05 10:33:05.671660,3676.0,4043.6000000000004,3308.4,3859.8,36760
2025-05-05 10:34:05.671660,3677.0,4044.7000000000003,3309.3,3860.8500000000004,36770
2025-05-05 10:35:05.671660,3678.0,4045.8,3310.2000000000003,3861.9,36780
2025-05-05 10:36:05.671660,3679.0,4046.9000000000005,3311.1,3862.9500000000003,36790
2025-05-05 10:37:05.671660,3680.0,4048.0000000000005,3312.0,3864.0,36800
2025-05-05 10:38:05.671660,3681.0,4049.1000000000004,3312.9,3865.05,36810
2025-05-05 10:39:05.671660,3682.0,4050.2000000000003,3313.8,3866.1000000000004,36820
2025-05-05 10:40:05.671660,3683.0,4051.3,3314.7000000000003,3867.15,36830
2025-05-05 10:41:05.671660,3684.0,4052.4000000000005,3315.6,3868.2000000000003,36840
2025-05-05 10:42:05.671660,3685.0,4053.5000000000005,3316.5,3869.25,36850
2025-05-05 10:43:05.671660,3686.0,4054.6000000000004,3317.4,3870.3,36860
2025-05-05 10:44:05.671660,3687.0,4055.7000000000003,3318.3,3871.3500000000004,36870
2025-05-05 10:45:05.671660,3688.0,4056.8,3319.2000000000003,3872.4,36880
2025-05-05 10:46:05.671660,3689.0,4057.9000000000005,3320.1,3873.4500000000003,36890
2025-05-05 10:47:05.671660,3690.0,4059.0000000000005,3321.0,3874.5,36900
2025-05-05 10:48:05.671660,3691.0,4060.1000000000004,3321.9,3875.55,36910
2025-05-05 10:49:05.671660,3692.0,4061.2000000000003,3322.8,3876.6000000000004,36920
2025-05-05 10:50:05.671660,3693.0,4062.3,3323.7000000000003,3877.65,36930
2025-05-05 10:51:05.671660,3694.0,4063.4000000000005,3324.6,3878.7000000000003,36940
2025-05-05 10:52:05.671660,3695.0,4064.5000000000005,3325.5,3879.75,36950
2025-05-05 10:53:05.671660,3696.0,4065.6000000000004,3326.4,3880.8,36960
2025-05-05 10:54:05.671660,3697.0,4066.7000000000003,3327.3,3881.8500000000004,36970
2025-05-05 10:55:05.671660,3698.0,4067.8,3328.2000000000003,3882.9,36980
2025-05-05 10:56:05.671660,3699.0,4068.9000000000005,3329.1,3883.9500000000003,36990
2025-05-05 10:57:05.671660,3700.0,4070.0000000000005,3330.0,3885.0,37000
2025-05-05 10:58:05.671660,3701.0,4071.1000000000004,3330.9,3886.05,37010
2025-05-05 10:59:05.671660,3702.0,4072.2000000000003,3331.8,3887.1000000000004,37020
2025-05-05 11:00:05.671660,3703.0,4073.3,3332.7000000000003,3888.15,37030
2025-05-05 11:01:05.671660,3704.0,4074.4000000000005,3333.6,3889.2000000000003,37040
2025-05-05 11:02:05.671660,3705.0,4075.5000000000005,3334.5,3890.25,37050
2025-05-05 11:03:05.671660,3706.0,4076.6000000000004,3335.4,3891.3,37060
2025-05-05 11:04:05.671660,3707.0,4077.7000000000003,3336.3,3892.3500000000004,37070
2025-05-05 11:05:05.671660,3708.0,4078.8,3337.2000000000003,3893.4,37080
2025-05-05 11:06:05.671660,3709.0,4079.9000000000005,3338.1,3894.4500000000003,37090
2025-05-05 11:07:05.671660,3710.0,4081.0000000000005,3339.0,3895.5,37100
2025-05-05 11:08:05.671660,3711.0,4082.1000000000004,3339.9,3896.55,37110
2025-05-05 11:09:05.671660,3712.0,4083.2000000000003,3340.8,3897.6000000000004,37120
2025-05-05 11:10:05.671660,3713.0,4084.3,3341.7000000000003,3898.65,37130
2025-05-05 11:11:05.671660,3714.0,4085.4000000000005,3342.6,3899.7000000000003,37140
2025-05-05 11:12:05.671660,3715.0,4086.5000000000005,3343.5,3900.75,37150
2025-05-05 11:13:05.671660,3716.0,4087.6000000000004,3344.4,3901.8,37160
2025-05-05 11:14:05.671660,3717.0,4088.7000000000003,3345.3,3902.8500000000004,37170
2025-05-05 11:15:05.671660,3718.0,4089.8,3346.2000000000003,3903.9,37180
2025-05-05 11:16:05.671660,3719.0,4090.9000000000005,3347.1,3904.9500000000003,37190
2025-05-05 11:17:05.671660,3720.0,4092.0000000000005,3348.0,3906.0,37200
2025-05-05 11:18:05.671660,3721.0,4093.1000000000004,3348.9,3907.05,37210
2025-05-05 11:19:05.671660,3722.0,4094.2000000000003,3349.8,3908.1000000000004,37220
2025-05-05 11:20:05.671660,3723.0,4095.3,3350.7000000000003,3909.15,37230
2025-05-05 11:21:05.671660,3724.0,4096.400000000001,3351.6,3910.2000000000003,37240
2025-05-05 11:22:05.671660,3725.0,4097.5,3352.5,3911.25,37250
2025-05-05 11:23:05.671660,3726.0,4098.6,3353.4,3912.3,37260
2025-05-05 11:24:05.671660,3727.0,4099.700000000001,3354.3,3913.3500000000004,37270
2025-05-05 11:25:05.671660,3728.0,4100.8,3355.2000000000003,3914.4,37280
2025-05-05 11:26:05.671660,3729.0,4101.900000000001,3356.1,3915.4500000000003,37290
2025-05-05 11:27:05.671660,3730.0,4103.0,3357.0,3916.5,37300
2025-05-05 11:28:05.671660,3731.0,4104.1,3357.9,3917.55,37310
2025-05-05 11:29:05.671660,3732.0,4105.200000000001,3358.8,3918.6000000000004,37320
2025-05-05 11:30:05.671660,3733.0,4106.3,3359.7000000000003,3919.65,37330
2025-05-05 11:31:05.671660,3734.0,4107.400000000001,3360.6,3920.7000000000003,37340
2025-05-05 11:32:05.671660,3735.0,4108.5,3361.5,3921.75,37350
2025-05-05 11:33:05.671660,3736.0,4109.6,3362.4,3922.8,37360
2025-05-05 11:34:05.671660,3737.0,4110.700000000001,3363.3,3923.8500000000004,37370
2025-05-05 11:35:05.671660,3738.0,4111.8,3364.2000000000003,3924.9,37380
2025-05-05 11:36:05.671660,3739.0,4112.900000000001,3365.1,3925.9500000000003,37390
2025-05-05 11:37:05.671660,3740.0,4114.0,3366.0,3927.0,37400
2025-05-05 11:38:05.671660,3741.0,4115.1,3366.9,3928.05,37410
2025-05-05 11:39:05.671660,3742.0,4116.200000000001,3367.8,3929.1000000000004,37420
2025-05-05 11:40:05.671660,3743.0,4117.3,3368.7000000000003,3930.15,37430
2025-05-05 11:41:05.671660,3744.0,4118.400000000001,3369.6,3931.2000000000003,37440
2025-05-05 11:42:05.671660,3745.0,4119.5,3370.5,3932.25,37450
2025-05-05 11:43:05.671660,3746.0,4120.6,3371.4,3933.3,37460
2025-05-05 11:44:05.671660,3747.0,4121.700000000001,3372.3,3934.3500000000004,37470
2025-05-05 11:45:05.671660,3748.0,4122.8,3373.2000000000003,3935.4,37480
2025-05-05 11:46:05.671660,3749.0,4123.900000000001,3374.1,3936.4500000000003,37490
2025-05-05 11:47:05.671660,3750.0,4125.0,3375.0,3937.5,37500
2025-05-05 11:48:05.671660,3751.0,4126.1,3375.9,3938.55,37510
2025-05-05 11:49:05.671660,3752.0,4127.200000000001,3376.8,3939.6000000000004,37520
2025-05-05 11:50:05.671660,3753.0,4128.3,3377.7000000000003,3940.65,37530
2025-05-05 11:51:05.671660,3754.0,4129.400000000001,3378.6,3941.7000000000003,37540
2025-05-05 11:52:05.671660,3755.0,4130.5,3379.5,3942.75,37550
2025-05-05 11:53:05.671660,3756.0,4131.6,3380.4,3943.8,37560
2025-05-05 11:54:05.671660,3757.0,4132.700000000001,3381.3,3944.8500000000004,37570
2025-05-05 11:55:05.671660,3758.0,4133.8,3382.2000000000003,3945.9,37580
2025-05-05 11:56:05.671660,3759.0,4134.900000000001,3383.1,3946.9500000000003,37590
2025-05-05 11:57:05.671660,3760.0,4136.0,3384.0,3948.0,37600
2025-05-05 11:58:05.671660,3761.0,4137.1,3384.9,3949.05,37610
2025-05-05 11:59:05.671660,3762.0,4138.200000000001,3385.8,3950.1000000000004,37620
2025-05-05 12:00:05.671660,3763.0,4139.3,3386.7000000000003,3951.15,37630
2025-05-05 12:01:05.671660,3764.0,4140.400000000001,3387.6,3952.2000000000003,37640
2025-05-05 12:02:05.671660,3765.0,4141.5,3388.5,3953.25,37650
2025-05-05 12:03:05.671660,3766.0,4142.6,3389.4,3954.3,37660
2025-05-05 12:04:05.671660,3767.0,4143.700000000001,3390.3,3955.3500000000004,37670
2025-05-05 12:05:05.671660,3768.0,4144.8,3391.2000000000003,3956.4,37680
2025-05-05 12:06:05.671660,3769.0,4145.900000000001,3392.1,3957.4500000000003,37690
2025-05-05 12:07:05.671660,3770.0,4147.0,3393.0,3958.5,37700
2025-05-05 12:08:05.671660,3771.0,4148.1,3393.9,3959.55,37710
2025-05-05 12:09:05.671660,3772.0,4149.200000000001,3394.8,3960.6000000000004,37720
2025-05-05 12:10:05.671660,3773.0,4150.3,3395.7000000000003,3961.65,37730
2025-05-05 12:11:05.671660,3774.0,4151.400000000001,3396.6,3962.7000000000003,37740
2025-05-05 12:12:05.671660,3775.0,4152.5,3397.5,3963.75,37750
2025-05-05 12:13:05.671660,3776.0,4153.6,3398.4,3964.8,37760
2025-05-05 12:14:05.671660,3777.0,4154.700000000001,3399.3,3965.8500000000004,37770
2025-05-05 12:15:05.671660,3778.0,4155.8,3400.2000000000003,3966.9,37780
2025-05-05 12:16:05.671660,3779.0,4156.900000000001,3401.1,3967.9500000000003,37790
2025-05-05 12:17:05.671660,3780.0,4158.0,3402.0,3969.0,37800
2025-05-05 12:18:05.671660,3781.0,4159.1,3402.9,3970.05,37810
2025-05-05 12:19:05.671660,3782.0,4160.200000000001,3403.8,3971.1000000000004,37820
2025-05-05 12:20:05.671660,3783.0,4161.3,3404.7000000000003,3972.15,37830
2025-05-05 12:21:05.671660,3784.0,4162.400000000001,3405.6,3973.2000000000003,37840
2025-05-05 12:22:05.671660,3785.0,4163.5,3406.5,3974.25,37850
2025-05-05 12:23:05.671660,3786.0,4164.6,3407.4,3975.3,37860
2025-05-05 12:24:05.671660,3787.0,4165.700000000001,3408.3,3976.3500000000004,37870
2025-05-05 12:25:05.671660,3788.0,4166.8,3409.2000000000003,3977.4,37880
2025-05-05 12:26:05.671660,3789.0,4167.900000000001,3410.1,3978.4500000000003,37890
2025-05-05 12:27:05.671660,3790.0,4169.0,3411.0,3979.5,37900
2025-05-05 12:28:05.671660,3791.0,4170.1,3411.9,3980.55,37910
2025-05-05 12:29:05.671660,3792.0,4171.200000000001,3412.8,3981.6000000000004,37920
2025-05-05 12:30:05.671660,3793.0,4172.3,3413.7000000000003,3982.65,37930
2025-05-05 12:31:05.671660,3794.0,4173.400000000001,3414.6,3983.7000000000003,37940
2025-05-05 12:32:05.671660,3795.0,4174.5,3415.5,3984.75,37950
2025-05-05 12:33:05.671660,3796.0,4175.6,3416.4,3985.8,37960
2025-05-05 12:34:05.671660,3797.0,4176.700000000001,3417.3,3986.8500000000004,37970
2025-05-05 12:35:05.671660,3798.0,4177.8,3418.2000000000003,3987.9,37980
2025-05-05 12:36:05.671660,3799.0,4178.900000000001,3419.1,3988.9500000000003,37990
2025-05-05 12:37:05.671660,3800.0,4180.0,3420.0,3990.0,38000
2025-05-05 12:38:05.671660,3801.0,4181.1,3420.9,3991.05,38010
2025-05-05 12:39:05.671660,3802.0,4182.200000000001,3421.8,3992.1000000000004,38020
2025-05-05 12:40:05.671660,3803.0,4183.3,3422.7000000000003,3993.15,38030
2025-05-05 12:41:05.671660,3804.0,4184.400000000001,3423.6,3994.2000000000003,38040
2025-05-05 12:42:05.671660,3805.0,4185.5,3424.5,3995.25,38050
2025-05-05 12:43:05.671660,3806.0,4186.6,3425.4,3996.3,38060
2025-05-05 12:44:05.671660,3807.0,4187.700000000001,3426.3,3997.3500000000004,38070
2025-05-05 12:45:05.671660,3808.0,4188.8,3427.2000000000003,3998.4,38080
2025-05-05 12:46:05.671660,3809.0,4189.900000000001,3428.1,3999.4500000000003,38090
2025-05-05 12:47:05.671660,3810.0,4191.0,3429.0,4000.5,38100
2025-05-05 12:48:05.671660,3811.0,4192.1,3429.9,4001.55,38110
2025-05-05 12:49:05.671660,3812.0,4193.200000000001,3430.8,4002.6000000000004,38120
2025-05-05 12:50:05.671660,3813.0,4194.3,3431.7000000000003,4003.65,38130
2025-05-05 12:51:05.671660,3814.0,4195.400000000001,3432.6,4004.7000000000003,38140
2025-05-05 12:52:05.671660,3815.0,4196.5,3433.5,4005.75,38150
2025-05-05 12:53:05.671660,3816.0,4197.6,3434.4,4006.8,38160
2025-05-05 12:54:05.671660,3817.0,4198.700000000001,3435.3,4007.8500000000004,38170
2025-05-05 12:55:05.671660,3818.0,4199.8,3436.2000000000003,4008.9,38180
2025-05-05 12:56:05.671660,3819.0,4200.900000000001,3437.1,4009.9500000000003,38190
2025-05-05 12:57:05.671660,3820.0,4202.0,3438.0,4011.0,38200
2025-05-05 12:58:05.671660,3821.0,4203.1,3438.9,4012.05,38210
2025-05-05 12:59:05.671660,3822.0,4204.200000000001,3439.8,4013.1000000000004,38220
2025-05-05 13:00:05.671660,3823.0,4205.3,3440.7000000000003,4014.15,38230
2025-05-05 13:01:05.671660,3824.0,4206.400000000001,3441.6,4015.2000000000003,38240
2025-05-05 13:02:05.671660,3825.0,4207.5,3442.5,4016.25,38250
2025-05-05 13:03:05.671660,3826.0,4208.6,3443.4,4017.3,38260
2025-05-05 13:04:05.671660,3827.0,4209.700000000001,3444.3,4018.3500000000004,38270
2025-05-05 13:05:05.671660,3828.0,4210.8,3445.2000000000003,4019.4,38280
2025-05-05 13:06:05.671660,3829.0,4211.900000000001,3446.1,4020.4500000000003,38290
2025-05-05 13:07:05.671660,3830.0,4213.0,3447.0,4021.5,38300
2025-05-05 13:08:05.671660,3831.0,4214.1,3447.9,4022.55,38310
2025-05-05 13:09:05.671660,3832.0,4215.200000000001,3448.8,4023.6000000000004,38320
2025-05-05 13:10:05.671660,3833.0,4216.3,3449.7000000000003,4024.65,38330
2025-05-05 13:11:05.671660,3834.0,4217.400000000001,3450.6,4025.7000000000003,38340
2025-05-05 13:12:05.671660,3835.0,4218.5,3451.5,4026.75,38350
2025-05-05 13:13:05.671660,3836.0,4219.6,3452.4,4027.8,38360
2025-05-05 13:14:05.671660,3837.0,4220.700000000001,3453.3,4028.8500000000004,38370
2025-05-05 13:15:05.671660,3838.0,4221.8,3454.2000000000003,4029.9,38380
2025-05-05 13:16:05.671660,3839.0,4222.900000000001,3455.1,4030.9500000000003,38390
2025-05-05 13:17:05.671660,3840.0,4224.0,3456.0,4032.0,38400
2025-05-05 13:18:05.671660,3841.0,4225.1,3456.9,4033.05,38410
2025-05-05 13:19:05.671660,3842.0,4226.200000000001,3457.8,4034.1000000000004,38420
2025-05-05 13:20:05.671660,3843.0,4227.3,3458.7000000000003,4035.15,38430
2025-05-05 13:21:05.671660,3844.0,4228.400000000001,3459.6,4036.2000000000003,38440
2025-05-05 13:22:05.671660,3845.0,4229.5,3460.5,4037.25,38450
2025-05-05 13:23:05.671660,3846.0,4230.6,3461.4,4038.3,38460
2025-05-05 13:24:05.671660,3847.0,4231.700000000001,3462.3,4039.3500000000004,38470
2025-05-05 13:25:05.671660,3848.0,4232.8,3463.2000000000003,4040.4,38480
2025-05-05 13:26:05.671660,3849.0,4233.900000000001,3464.1,4041.4500000000003,38490
2025-05-05 13:27:05.671660,3850.0,4235.0,3465.0,4042.5,38500
2025-05-05 13:28:05.671660,3851.0,4236.1,3465.9,4043.55,38510
2025-05-05 13:29:05.671660,3852.0,4237.200000000001,3466.8,4044.6000000000004,38520
2025-05-05 13:30:05.671660,3853.0,4238.3,3467.7000000000003,4045.65,38530
2025-05-05 13:31:05.671660,3854.0,4239.400000000001,3468.6,4046.7000000000003,38540
2025-05-05 13:32:05.671660,3855.0,4240.5,3469.5,4047.75,38550
2025-05-05 13:33:05.671660,3856.0,4241.6,3470.4,4048.8,38560
2025-05-05 13:34:05.671660,3857.0,4242.700000000001,3471.3,4049.8500000000004,38570
2025-05-05 13:35:05.671660,3858.0,4243.8,3472.2000000000003,4050.9,38580
2025-05-05 13:36:05.671660,3859.0,4244.900000000001,3473.1,4051.9500000000003,38590
2025-05-05 13:37:05.671660,3860.0,4246.0,3474.0,4053.0,38600
2025-05-05 13:38:05.671660,3861.0,4247.1,3474.9,4054.05,38610
2025-05-05 13:39:05.671660,3862.0,4248.200000000001,3475.8,4055.1000000000004,38620
2025-05-05 13:40:05.671660,3863.0,4249.3,3476.7000000000003,4056.15,38630
2025-05-05 13:41:05.671660,3864.0,4250.400000000001,3477.6,4057.2000000000003,38640
2025-05-05 13:42:05.671660,3865.0,4251.5,3478.5,4058.25,38650
2025-05-05 13:43:05.671660,3866.0,4252.6,3479.4,4059.3,38660
2025-05-05 13:44:05.671660,3867.0,4253.700000000001,3480.3,4060.3500000000004,38670
2025-05-05 13:45:05.671660,3868.0,4254.8,3481.2000000000003,4061.4,38680
2025-05-05 13:46:05.671660,3869.0,4255.900000000001,3482.1,4062.4500000000003,38690
2025-05-05 13:47:05.671660,3870.0,4257.0,3483.0,4063.5,38700
2025-05-05 13:48:05.671660,3871.0,4258.1,3483.9,4064.55,38710
2025-05-05 13:49:05.671660,3872.0,4259.200000000001,3484.8,4065.6000000000004,38720
2025-05-05 13:50:05.671660,3873.0,4260.3,3485.7000000000003,4066.65,38730
2025-05-05 13:51:05.671660,3874.0,4261.400000000001,3486.6,4067.7000000000003,38740
2025-05-05 13:52:05.671660,3875.0,4262.5,3487.5,4068.75,38750
2025-05-05 13:53:05.671660,3876.0,4263.6,3488.4,4069.8,38760
2025-05-05 13:54:05.671660,3877.0,4264.700000000001,3489.3,4070.8500000000004,38770
2025-05-05 13:55:05.671660,3878.0,4265.8,3490.2000000000003,4071.9,38780
2025-05-05 13:56:05.671660,3879.0,4266.900000000001,3491.1,4072.9500000000003,38790
2025-05-05 13:57:05.671660,3880.0,4268.0,3492.0,4074.0,38800
2025-05-05 13:58:05.671660,3881.0,4269.1,3492.9,4075.05,38810
2025-05-05 13:59:05.671660,3882.0,4270.200000000001,3493.8,4076.1000000000004,38820
2025-05-05 14:00:05.671660,3883.0,4271.3,3494.7000000000003,4077.15,38830
2025-05-05 14:01:05.671660,3884.0,4272.400000000001,3495.6,4078.2000000000003,38840
2025-05-05 14:02:05.671660,3885.0,4273.5,3496.5,4079.25,38850
2025-05-05 14:03:05.671660,3886.0,4274.6,3497.4,4080.3,38860
2025-05-05 14:04:05.671660,3887.0,4275.700000000001,3498.3,4081.3500000000004,38870
2025-05-05 14:05:05.671660,3888.0,4276.8,3499.2000000000003,4082.4,38880
2025-05-05 14:06:05.671660,3889.0,4277.900000000001,3500.1,4083.4500000000003,38890
2025-05-05 14:07:05.671660,3890.0,4279.0,3501.0,4084.5,38900
2025-05-05 14:08:05.671660,3891.0,4280.1,3501.9,4085.55,38910
2025-05-05 14:09:05.671660,3892.0,4281.200000000001,3502.8,4086.6000000000004,38920
2025-05-05 14:10:05.671660,3893.0,4282.3,3503.7000000000003,4087.65,38930
2025-05-05 14:11:05.671660,3894.0,4283.400000000001,3504.6,4088.7000000000003,38940
2025-05-05 14:12:05.671660,3895.0,4284.5,3505.5,4089.75,38950
2025-05-05 14:13:05.671660,3896.0,4285.6,3506.4,4090.8,38960
2025-05-05 14:14:05.671660,3897.0,4286.700000000001,3507.3,4091.8500000000004,38970
2025-05-05 14:15:05.671660,3898.0,4287.8,3508.2000000000003,4092.9,38980
2025-05-05 14:16:05.671660,3899.0,4288.900000000001,3509.1,4093.9500000000003,38990
2025-05-05 14:17:05.671660,3900.0,4290.0,3510.0,4095.0,39000
2025-05-05 14:18:05.671660,3901.0,4291.1,3510.9,4096.05,39010
2025-05-05 14:19:05.671660,3902.0,4292.200000000001,3511.8,4097.1,39020
2025-05-05 14:20:05.671660,3903.0,4293.3,3512.7000000000003,4098.150000000001,39030
2025-05-05 14:21:05.671660,3904.0,4294.400000000001,3513.6,4099.2,39040
2025-05-05 14:22:05.671660,3905.0,4295.5,3514.5,4100.25,39050
2025-05-05 14:23:05.671660,3906.0,4296.6,3515.4,4101.3,39060
2025-05-05 14:24:05.671660,3907.0,4297.700000000001,3516.3,4102.35,39070
2025-05-05 14:25:05.671660,3908.0,4298.8,3517.2000000000003,4103.400000000001,39080
2025-05-05 14:26:05.671660,3909.0,4299.900000000001,3518.1,4104.45,39090
2025-05-05 14:27:05.671660,3910.0,4301.0,3519.0,4105.5,39100
2025-05-05 14:28:05.671660,3911.0,4302.1,3519.9,4106.55,39110
2025-05-05 14:29:05.671660,3912.0,4303.200000000001,3520.8,4107.6,39120
2025-05-05 14:30:05.671660,3913.0,4304.3,3521.7000000000003,4108.650000000001,39130
2025-05-05 14:31:05.671660,3914.0,4305.400000000001,3522.6,4109.7,39140
2025-05-05 14:32:05.671660,3915.0,4306.5,3523.5,4110.75,39150
2025-05-05 14:33:05.671660,3916.0,4307.6,3524.4,4111.8,39160
2025-05-05 14:34:05.671660,3917.0,4308.700000000001,3525.3,4112.85,39170
2025-05-05 14:35:05.671660,3918.0,4309.8,3526.2000000000003,4113.900000000001,39180
2025-05-05 14:36:05.671660,3919.0,4310.900000000001,3527.1,4114.95,39190
2025-05-05 14:37:05.671660,3920.0,4312.0,3528.0,4116.0,39200
2025-05-05 14:38:05.671660,3921.0,4313.1,3528.9,4117.05,39210
2025-05-05 14:39:05.671660,3922.0,4314.200000000001,3529.8,4118.1,39220
2025-05-05 14:40:05.671660,3923.0,4315.3,3530.7000000000003,4119.150000000001,39230
2025-05-05 14:41:05.671660,3924.0,4316.400000000001,3531.6,4120.2,39240
2025-05-05 14:42:05.671660,3925.0,4317.5,3532.5,4121.25,39250
2025-05-05 14:43:05.671660,3926.0,4318.6,3533.4,4122.3,39260
2025-05-05 14:44:05.671660,3927.0,4319.700000000001,3534.3,4123.35,39270
2025-05-05 14:45:05.671660,3928.0,4320.8,3535.2000000000003,4124.400000000001,39280
2025-05-05 14:46:05.671660,3929.0,4321.900000000001,3536.1,4125.45,39290
2025-05-05 14:47:05.671660,3930.0,4323.0,3537.0,4126.5,39300
2025-05-05 14:48:05.671660,3931.0,4324.1,3537.9,4127.55,39310
2025-05-05 14:49:05.671660,3932.0,4325.200000000001,3538.8,4128.6,39320
2025-05-05 14:50:05.671660,3933.0,4326.3,3539.7000000000003,4129.650000000001,39330
2025-05-05 14:51:05.671660,3934.0,4327.400000000001,3540.6,4130.7,39340
2025-05-05 14:52:05.671660,3935.0,4328.5,3541.5,4131.75,39350
2025-05-05 14:53:05.671660,3936.0,4329.6,3542.4,4132.8,39360
2025-05-05 14:54:05.671660,3937.0,4330.700000000001,3543.3,4133.85,39370
2025-05-05 14:55:05.671660,3938.0,4331.8,3544.2000000000003,4134.900000000001,39380
2025-05-05 14:56:05.671660,3939.0,4332.900000000001,3545.1,4135.95,39390
2025-05-05 14:57:05.671660,3940.0,4334.0,3546.0,4137.0,39400
2025-05-05 14:58:05.671660,3941.0,4335.1,3546.9,4138.05,39410
2025-05-05 14:59:05.671660,3942.0,4336.200000000001,3547.8,4139.1,39420
2025-05-05 15:00:05.671660,3943.0,4337.3,3548.7000000000003,4140.150000000001,39430
2025-05-05 15:01:05.671660,3944.0,4338.400000000001,3549.6,4141.2,39440
2025-05-05 15:02:05.671660,3945.0,4339.5,3550.5,4142.25,39450
2025-05-05 15:03:05.671660,3946.0,4340.6,3551.4,4143.3,39460
2025-05-05 15:04:05.671660,3947.0,4341.700000000001,3552.3,4144.35,39470
2025-05-05 15:05:05.671660,3948.0,4342.8,3553.2000000000003,4145.400000000001,39480
2025-05-05 15:06:05.671660,3949.0,4343.900000000001,3554.1,4146.45,39490
2025-05-05 15:07:05.671660,3950.0,4345.0,3555.0,4147.5,39500
2025-05-05 15:08:05.671660,3951.0,4346.1,3555.9,4148.55,39510
2025-05-05 15:09:05.671660,3952.0,4347.200000000001,3556.8,4149.6,39520
2025-05-05 15:10:05.671660,3953.0,4348.3,3557.7000000000003,4150.650000000001,39530
2025-05-05 15:11:05.671660,3954.0,4349.400000000001,3558.6,4151.7,39540
2025-05-05 15:12:05.671660,3955.0,4350.5,3559.5,4152.75,39550
2025-05-05 15:13:05.671660,3956.0,4351.6,3560.4,4153.8,39560
2025-05-05 15:14:05.671660,3957.0,4352.700000000001,3561.3,4154.85,39570
2025-05-05 15:15:05.671660,3958.0,4353.8,3562.2000000000003,4155.900000000001,39580
2025-05-05 15:16:05.671660,3959.0,4354.900000000001,3563.1,4156.95,39590
2025-05-05 15:17:05.671660,3960.0,4356.0,3564.0,4158.0,39600
2025-05-05 15:18:05.671660,3961.0,4357.1,3564.9,4159.05,39610
2025-05-05 15:19:05.671660,3962.0,4358.200000000001,3565.8,4160.1,39620
2025-05-05 15:20:05.671660,3963.0,4359.3,3566.7000000000003,4161.150000000001,39630
2025-05-05 15:21:05.671660,3964.0,4360.400000000001,3567.6,4162.2,39640
2025-05-05 15:22:05.671660,3965.0,4361.5,3568.5,4163.25,39650
2025-05-05 15:23:05.671660,3966.0,4362.6,3569.4,4164.3,39660
2025-05-05 15:24:05.671660,3967.0,4363.700000000001,3570.3,4165.35,39670
2025-05-05 15:25:05.671660,3968.0,4364.8,3571.2000000000003,4166.400000000001,39680
2025-05-05 15:26:05.671660,3969.0,4365.900000000001,3572.1,4167.45,39690
2025-05-05 15:27:05.671660,3970.0,4367.0,3573.0,4168.5,39700
2025-05-05 15:28:05.671660,3971.0,4368.1,3573.9,4169.55,39710
2025-05-05 15:29:05.671660,3972.0,4369.200000000001,3574.8,4170.6,39720
2025-05-05 15:30:05.671660,3973.0,4370.3,3575.7000000000003,4171.650000000001,39730
2025-05-05 15:31:05.671660,3974.0,4371.400000000001,3576.6,4172.7,39740
2025-05-05 15:32:05.671660,3975.0,4372.5,3577.5,4173.75,39750
2025-05-05 15:33:05.671660,3976.0,4373.6,3578.4,4174.8,39760
2025-05-05 15:34:05.671660,3977.0,4374.700000000001,3579.3,4175.85,39770
2025-05-05 15:35:05.671660,3978.0,4375.8,3580.2000000000003,4176.900000000001,39780
2025-05-05 15:36:05.671660,3979.0,4376.900000000001,3581.1,4177.95,39790
2025-05-05 15:37:05.671660,3980.0,4378.0,3582.0,4179.0,39800
2025-05-05 15:38:05.671660,3981.0,4379.1,3582.9,4180.05,39810
2025-05-05 15:39:05.671660,3982.0,4380.200000000001,3583.8,4181.1,39820
2025-05-05 15:40:05.671660,3983.0,4381.3,3584.7000000000003,4182.150000000001,39830
2025-05-05 15:41:05.671660,3984.0,4382.400000000001,3585.6,4183.2,39840
2025-05-05 15:42:05.671660,3985.0,4383.5,3586.5,4184.25,39850
2025-05-05 15:43:05.671660,3986.0,4384.6,3587.4,4185.3,39860
2025-05-05 15:44:05.671660,3987.0,4385.700000000001,3588.3,4186.35,39870
2025-05-05 15:45:05.671660,3988.0,4386.8,3589.2000000000003,4187.400000000001,39880
2025-05-05 15:46:05.671660,3989.0,4387.900000000001,3590.1,4188.45,39890
2025-05-05 15:47:05.671660,3990.0,4389.0,3591.0,4189.5,39900
2025-05-05 15:48:05.671660,3991.0,4390.1,3591.9,4190.55,39910
2025-05-05 15:49:05.671660,3992.0,4391.200000000001,3592.8,4191.6,39920
2025-05-05 15:50:05.671660,3993.0,4392.3,3593.7000000000003,4192.650000000001,39930
2025-05-05 15:51:05.671660,3994.0,4393.400000000001,3594.6,4193.7,39940
2025-05-05 15:52:05.671660,3995.0,4394.5,3595.5,4194.75,39950
2025-05-05 15:53:05.671660,3996.0,4395.6,3596.4,4195.8,39960
2025-05-05 15:54:05.671660,3997.0,4396.700000000001,3597.3,4196.85,39970
2025-05-05 15:55:05.671660,3998.0,4397.8,3598.2000000000003,4197.900000000001,39980
2025-05-05 15:56:05.671660,3999.0,4398.900000000001,3599.1,4198.95,39990
2025-05-05 15:57:05.671660,4000.0,4400.0,3600.0,4200.0,40000
2025-05-05 15:58:05.671660,4001.0,4401.1,3600.9,4201.05,40010
2025-05-05 15:59:05.671660,4002.0,4402.200000000001,3601.8,4202.1,40020
2025-05-05 16:00:05.671660,4003.0,4403.3,3602.7000000000003,4203.150000000001,40030
2025-05-05 16:01:05.671660,4004.0,4404.400000000001,3603.6,4204.2,40040
2025-05-05 16:02:05.671660,4005.0,4405.5,3604.5,4205.25,40050
2025-05-05 16:03:05.671660,4006.0,4406.6,3605.4,4206.3,40060
2025-05-05 16:04:05.671660,4007.0,4407.700000000001,3606.3,4207.35,40070
2025-05-05 16:05:05.671660,4008.0,4408.8,3607.2000000000003,4208.400000000001,40080
2025-05-05 16:06:05.671660,4009.0,4409.900000000001,3608.1,4209.45,40090
2025-05-05 16:07:05.671660,4010.0,4411.0,3609.0,4210.5,40100
2025-05-05 16:08:05.671660,4011.0,4412.1,3609.9,4211.55,40110
2025-05-05 16:09:05.671660,4012.0,4413.200000000001,3610.8,4212.6,40120
2025-05-05 16:10:05.671660,4013.0,4414.3,3611.7000000000003,4213.650000000001,40130
2025-05-05 16:11:05.671660,4014.0,4415.400000000001,3612.6,4214.7,40140
2025-05-05 16:12:05.671660,4015.0,4416.5,3613.5,4215.75,40150
2025-05-05 16:13:05.671660,4016.0,4417.6,3614.4,4216.8,40160
2025-05-05 16:14:05.671660,4017.0,4418.700000000001,3615.3,4217.85,40170
2025-05-05 16:15:05.671660,4018.0,4419.8,3616.2000000000003,4218.900000000001,40180
2025-05-05 16:16:05.671660,4019.0,4420.900000000001,3617.1,4219.95,40190
2025-05-05 16:17:05.671660,4020.0,4422.0,3618.0,4221.0,40200
2025-05-05 16:18:05.671660,4021.0,4423.1,3618.9,4222.05,40210
2025-05-05 16:19:05.671660,4022.0,4424.200000000001,3619.8,4223.1,40220
2025-05-05 16:20:05.671660,4023.0,4425.3,3620.7000000000003,4224.150000000001,40230
2025-05-05 16:21:05.671660,4024.0,4426.400000000001,3621.6,4225.2,40240
2025-05-05 16:22:05.671660,4025.0,4427.5,3622.5,4226.25,40250
2025-05-05 16:23:05.671660,4026.0,4428.6,3623.4,4227.3,40260
2025-05-05 16:24:05.671660,4027.0,4429.700000000001,3624.3,4228.35,40270
2025-05-05 16:25:05.671660,4028.0,4430.8,3625.2000000000003,4229.400000000001,40280
2025-05-05 16:26:05.671660,4029.0,4431.900000000001,3626.1,4230.45,40290
2025-05-05 16:27:05.671660,4030.0,4433.0,3627.0,4231.5,40300
2025-05-05 16:28:05.671660,4031.0,4434.1,3627.9,4232.55,40310
2025-05-05 16:29:05.671660,4032.0,4435.200000000001,3628.8,4233.6,40320
2025-05-05 16:30:05.671660,4033.0,4436.3,3629.7000000000003,4234.650000000001,40330
2025-05-05 16:31:05.671660,4034.0,4437.400000000001,3630.6,4235.7,40340
2025-05-05 16:32:05.671660,4035.0,4438.5,3631.5,4236.75,40350
2025-05-05 16:33:05.671660,4036.0,4439.6,3632.4,4237.8,40360
2025-05-05 16:34:05.671660,4037.0,4440.700000000001,3633.3,4238.85,40370
2025-05-05 16:35:05.671660,4038.0,4441.8,3634.2000000000003,4239.900000000001,40380
2025-05-05 16:36:05.671660,4039.0,4442.900000000001,3635.1,4240.95,40390
2025-05-05 16:37:05.671660,4040.0,4444.0,3636.0,4242.0,40400
2025-05-05 16:38:05.671660,4041.0,4445.1,3636.9,4243.05,40410
2025-05-05 16:39:05.671660,4042.0,4446.200000000001,3637.8,4244.1,40420
2025-05-05 16:40:05.671660,4043.0,4447.3,3638.7000000000003,4245.150000000001,40430
2025-05-05 16:41:05.671660,4044.0,4448.400000000001,3639.6,4246.2,40440
2025-05-05 16:42:05.671660,4045.0,4449.5,3640.5,4247.25,40450
2025-05-05 16:43:05.671660,4046.0,4450.6,3641.4,4248.3,40460
2025-05-05 16:44:05.671660,4047.0,4451.700000000001,3642.3,4249.35,40470
2025-05-05 16:45:05.671660,4048.0,4452.8,3643.2000000000003,4250.400000000001,40480
2025-05-05 16:46:05.671660,4049.0,4453.900000000001,3644.1,4251.45,40490
2025-05-05 16:47:05.671660,4050.0,4455.0,3645.0,4252.5,40500
2025-05-05 16:48:05.671660,4051.0,4456.1,3645.9,4253.55,40510
2025-05-05 16:49:05.671660,4052.0,4457.200000000001,3646.8,4254.6,40520
2025-05-05 16:50:05.671660,4053.0,4458.3,3647.7000000000003,4255.650000000001,40530
2025-05-05 16:51:05.671660,4054.0,4459.400000000001,3648.6,4256.7,40540
2025-05-05 16:52:05.671660,4055.0,4460.5,3649.5,4257.75,40550
2025-05-05 16:53:05.671660,4056.0,4461.6,3650.4,4258.8,40560
2025-05-05 16:54:05.671660,4057.0,4462.700000000001,3651.3,4259.85,40570
2025-05-05 16:55:05.671660,4058.0,4463.8,3652.2000000000003,4260.900000000001,40580
2025-05-05 16:56:05.671660,4059.0,4464.900000000001,3653.1,4261.95,40590
2025-05-05 16:57:05.671660,4060.0,4466.0,3654.0,4263.0,40600
2025-05-05 16:58:05.671660,4061.0,4467.1,3654.9,4264.05,40610
2025-05-05 16:59:05.671660,4062.0,4468.200000000001,3655.8,4265.1,40620
2025-05-05 17:00:05.671660,4063.0,4469.3,3656.7000000000003,4266.150000000001,40630
2025-05-05 17:01:05.671660,4064.0,4470.400000000001,3657.6,4267.2,40640
2025-05-05 17:02:05.671660,4065.0,4471.5,3658.5,4268.25,40650
2025-05-05 17:03:05.671660,4066.0,4472.6,3659.4,4269.3,40660
2025-05-05 17:04:05.671660,4067.0,4473.700000000001,3660.3,4270.35,40670
2025-05-05 17:05:05.671660,4068.0,4474.8,3661.2000000000003,4271.400000000001,40680
2025-05-05 17:06:05.671660,4069.0,4475.900000000001,3662.1,4272.45,40690
2025-05-05 17:07:05.671660,4070.0,4477.0,3663.0,4273.5,40700
2025-05-05 17:08:05.671660,4071.0,4478.1,3663.9,4274.55,40710
2025-05-05 17:09:05.671660,4072.0,4479.200000000001,3664.8,4275.6,40720
2025-05-05 17:10:05.671660,4073.0,4480.3,3665.7000000000003,4276.650000000001,40730
2025-05-05 17:11:05.671660,4074.0,4481.400000000001,3666.6,4277.7,40740
2025-05-05 17:12:05.671660,4075.0,4482.5,3667.5,4278.75,40750
2025-05-05 17:13:05.671660,4076.0,4483.6,3668.4,4279.8,40760
2025-05-05 17:14:05.671660,4077.0,4484.700000000001,3669.3,4280.85,40770
2025-05-05 17:15:05.671660,4078.0,4485.8,3670.2000000000003,4281.900000000001,40780
2025-05-05 17:16:05.671660,4079.0,4486.900000000001,3671.1,4282.95,40790
2025-05-05 17:17:05.671660,4080.0,4488.0,3672.0,4284.0,40800
2025-05-05 17:18:05.671660,4081.0,4489.1,3672.9,4285.05,40810
2025-05-05 17:19:05.671660,4082.0,4490.200000000001,3673.8,4286.1,40820
2025-05-05 17:20:05.671660,4083.0,4491.3,3674.7000000000003,4287.150000000001,40830
2025-05-05 17:21:05.671660,4084.0,4492.400000000001,3675.6,4288.2,40840
2025-05-05 17:22:05.671660,4085.0,4493.5,3676.5,4289.25,40850
2025-05-05 17:23:05.671660,4086.0,4494.6,3677.4,4290.3,40860
2025-05-05 17:24:05.671660,4087.0,4495.700000000001,3678.3,4291.35,40870
2025-05-05 17:25:05.671660,4088.0,4496.8,3679.2000000000003,4292.400000000001,40880
2025-05-05 17:26:05.671660,4089.0,4497.900000000001,3680.1,4293.45,40890
2025-05-05 17:27:05.671660,4090.0,4499.0,3681.0,4294.5,40900
2025-05-05 17:28:05.671660,4091.0,4500.1,3681.9,4295.55,40910
2025-05-05 17:29:05.671660,4092.0,4501.200000000001,3682.8,4296.6,40920
2025-05-05 17:30:05.671660,4093.0,4502.3,3683.7000000000003,4297.650000000001,40930
2025-05-05 17:31:05.671660,4094.0,4503.400000000001,3684.6,4298.7,40940
2025-05-05 17:32:05.671660,4095.0,4504.5,3685.5,4299.75,40950
2025-05-05 17:33:05.671660,4096.0,4505.6,3686.4,4300.8,40960
2025-05-05 17:34:05.671660,4097.0,4506.700000000001,3687.3,4301.85,40970
2025-05-05 17:35:05.671660,4098.0,4507.8,3688.2000000000003,4302.900000000001,40980
2025-05-05 17:36:05.671660,4099.0,4508.900000000001,3689.1,4303.95,40990
2025-05-05 17:37:05.671660,4100.0,4510.0,3690.0,4305.0,41000
2025-05-05 17:38:05.671660,4101.0,4511.1,3690.9,4306.05,41010
2025-05-05 17:39:05.671660,4102.0,4512.200000000001,3691.8,4307.1,41020
2025-05-05 17:40:05.671660,4103.0,4513.3,3692.7000000000003,4308.150000000001,41030
2025-05-05 17:41:05.671660,4104.0,4514.400000000001,3693.6,4309.2,41040
2025-05-05 17:42:05.671660,4105.0,4515.5,3694.5,4310.25,41050
2025-05-05 17:43:05.671660,4106.0,4516.6,3695.4,4311.3,41060
2025-05-05 17:44:05.671660,4107.0,4517.700000000001,3696.3,4312.35,41070
2025-05-05 17:45:05.671660,4108.0,4518.8,3697.2000000000003,4313.400000000001,41080
2025-05-05 17:46:05.671660,4109.0,4519.900000000001,3698.1,4314.45,41090
2025-05-05 17:47:05.671660,4110.0,4521.0,3699.0,4315.5,41100
2025-05-05 17:48:05.671660,4111.0,4522.1,3699.9,4316.55,41110
2025-05-05 17:49:05.671660,4112.0,4523.200000000001,3700.8,4317.6,41120
2025-05-05 17:50:05.671660,4113.0,4524.3,3701.7000000000003,4318.650000000001,41130
2025-05-05 17:51:05.671660,4114.0,4525.400000000001,3702.6,4319.7,41140
2025-05-05 17:52:05.671660,4115.0,4526.5,3703.5,4320.75,41150
2025-05-05 17:53:05.671660,4116.0,4527.6,3704.4,4321.8,41160
2025-05-05 17:54:05.671660,4117.0,4528.700000000001,3705.3,4322.85,41170
2025-05-05 17:55:05.671660,4118.0,4529.8,3706.2000000000003,4323.900000000001,41180
2025-05-05 17:56:05.671660,4119.0,4530.900000000001,3707.1,4324.95,41190
2025-05-05 17:57:05.671660,4120.0,4532.0,3708.0,4326.0,41200
2025-05-05 17:58:05.671660,4121.0,4533.1,3708.9,4327.05,41210
2025-05-05 17:59:05.671660,4122.0,4534.200000000001,3709.8,4328.1,41220
2025-05-05 18:00:05.671660,4123.0,4535.3,3710.7000000000003,4329.150000000001,41230
2025-05-05 18:01:05.671660,4124.0,4536.400000000001,3711.6,4330.2,41240
2025-05-05 18:02:05.671660,4125.0,4537.5,3712.5,4331.25,41250
2025-05-05 18:03:05.671660,4126.0,4538.6,3713.4,4332.3,41260
2025-05-05 18:04:05.671660,4127.0,4539.700000000001,3714.3,4333.35,41270
2025-05-05 18:05:05.671660,4128.0,4540.8,3715.2000000000003,4334.400000000001,41280
2025-05-05 18:06:05.671660,4129.0,4541.900000000001,3716.1,4335.45,41290
2025-05-05 18:07:05.671660,4130.0,4543.0,3717.0,4336.5,41300
2025-05-05 18:08:05.671660,4131.0,4544.1,3717.9,4337.55,41310
2025-05-05 18:09:05.671660,4132.0,4545.200000000001,3718.8,4338.6,41320
2025-05-05 18:10:05.671660,4133.0,4546.3,3719.7000000000003,4339.650000000001,41330
2025-05-05 18:11:05.671660,4134.0,4547.400000000001,3720.6,4340.7,41340
2025-05-05 18:12:05.671660,4135.0,4548.5,3721.5,4341.75,41350
2025-05-05 18:13:05.671660,4136.0,4549.6,3722.4,4342.8,41360
2025-05-05 18:14:05.671660,4137.0,4550.700000000001,3723.3,4343.85,41370
2025-05-05 18:15:05.671660,4138.0,4551.8,3724.2000000000003,4344.900000000001,41380
2025-05-05 18:16:05.671660,4139.0,4552.900000000001,3725.1,4345.95,41390
2025-05-05 18:17:05.671660,4140.0,4554.0,3726.0,4347.0,41400
2025-05-05 18:18:05.671660,4141.0,4555.1,3726.9,4348.05,41410
2025-05-05 18:19:05.671660,4142.0,4556.200000000001,3727.8,4349.1,41420
2025-05-05 18:20:05.671660,4143.0,4557.3,3728.7000000000003,4350.150000000001,41430
2025-05-05 18:21:05.671660,4144.0,4558.400000000001,3729.6,4351.2,41440
2025-05-05 18:22:05.671660,4145.0,4559.5,3730.5,4352.25,41450
2025-05-05 18:23:05.671660,4146.0,4560.6,3731.4,4353.3,41460
2025-05-05 18:24:05.671660,4147.0,4561.700000000001,3732.3,4354.35,41470
2025-05-05 18:25:05.671660,4148.0,4562.8,3733.2000000000003,4355.400000000001,41480
2025-05-05 18:26:05.671660,4149.0,4563.900000000001,3734.1,4356.45,41490
2025-05-05 18:27:05.671660,4150.0,4565.0,3735.0,4357.5,41500
2025-05-05 18:28:05.671660,4151.0,4566.1,3735.9,4358.55,41510
2025-05-05 18:29:05.671660,4152.0,4567.200000000001,3736.8,4359.6,41520
2025-05-05 18:30:05.671660,4153.0,4568.3,3737.7000000000003,4360.650000000001,41530
2025-05-05 18:31:05.671660,4154.0,4569.400000000001,3738.6,4361.7,41540
2025-05-05 18:32:05.671660,4155.0,4570.5,3739.5,4362.75,41550
2025-05-05 18:33:05.671660,4156.0,4571.6,3740.4,4363.8,41560
2025-05-05 18:34:05.671660,4157.0,4572.700000000001,3741.3,4364.85,41570
2025-05-05 18:35:05.671660,4158.0,4573.8,3742.2000000000003,4365.900000000001,41580
2025-05-05 18:36:05.671660,4159.0,4574.900000000001,3743.1,4366.95,41590
2025-05-05 18:37:05.671660,4160.0,4576.0,3744.0,4368.0,41600
2025-05-05 18:38:05.671660,4161.0,4577.1,3744.9,4369.05,41610
2025-05-05 18:39:05.671660,4162.0,4578.200000000001,3745.8,4370.1,41620
2025-05-05 18:40:05.671660,4163.0,4579.3,3746.7000000000003,4371.150000000001,41630
2025-05-05 18:41:05.671660,4164.0,4580.400000000001,3747.6,4372.2,41640
2025-05-05 18:42:05.671660,4165.0,4581.5,3748.5,4373.25,41650
2025-05-05 18:43:05.671660,4166.0,4582.6,3749.4,4374.3,41660
2025-05-05 18:44:05.671660,4167.0,4583.700000000001,3750.3,4375.35,41670
2025-05-05 18:45:05.671660,4168.0,4584.8,3751.2000000000003,4376.400000000001,41680
2025-05-05 18:46:05.671660,4169.0,4585.900000000001,3752.1,4377.45,41690
2025-05-05 18:47:05.671660,4170.0,4587.0,3753.0,4378.5,41700
2025-05-05 18:48:05.671660,4171.0,4588.1,3753.9,4379.55,41710
2025-05-05 18:49:05.671660,4172.0,4589.200000000001,3754.8,4380.6,41720
2025-05-05 18:50:05.671660,4173.0,4590.3,3755.7000000000003,4381.650000000001,41730
2025-05-05 18:51:05.671660,4174.0,4591.400000000001,3756.6,4382.7,41740
2025-05-05 18:52:05.671660,4175.0,4592.5,3757.5,4383.75,41750
2025-05-05 18:53:05.671660,4176.0,4593.6,3758.4,4384.8,41760
2025-05-05 18:54:05.671660,4177.0,4594.700000000001,3759.3,4385.85,41770
2025-05-05 18:55:05.671660,4178.0,4595.8,3760.2000000000003,4386.900000000001,41780
2025-05-05 18:56:05.671660,4179.0,4596.900000000001,3761.1,4387.95,41790
2025-05-05 18:57:05.671660,4180.0,4598.0,3762.0,4389.0,41800
2025-05-05 18:58:05.671660,4181.0,4599.1,3762.9,4390.05,41810
2025-05-05 18:59:05.671660,4182.0,4600.200000000001,3763.8,4391.1,41820
2025-05-05 19:00:05.671660,4183.0,4601.3,3764.7000000000003,4392.150000000001,41830
2025-05-05 19:01:05.671660,4184.0,4602.400000000001,3765.6,4393.2,41840
2025-05-05 19:02:05.671660,4185.0,4603.5,3766.5,4394.25,41850
2025-05-05 19:03:05.671660,4186.0,4604.6,3767.4,4395.3,41860
2025-05-05 19:04:05.671660,4187.0,4605.700000000001,3768.3,4396.35,41870
2025-05-05 19:05:05.671660,4188.0,4606.8,3769.2000000000003,4397.400000000001,41880
2025-05-05 19:06:05.671660,4189.0,4607.900000000001,3770.1,4398.45,41890
2025-05-05 19:07:05.671660,4190.0,4609.0,3771.0,4399.5,41900
2025-05-05 19:08:05.671660,4191.0,4610.1,3771.9,4400.55,41910
2025-05-05 19:09:05.671660,4192.0,4611.200000000001,3772.8,4401.6,41920
2025-05-05 19:10:05.671660,4193.0,4612.3,3773.7000000000003,4402.650000000001,41930
2025-05-05 19:11:05.671660,4194.0,4613.400000000001,3774.6,4403.7,41940
2025-05-05 19:12:05.671660,4195.0,4614.5,3775.5,4404.75,41950
2025-05-05 19:13:05.671660,4196.0,4615.6,3776.4,4405.8,41960
2025-05-05 19:14:05.671660,4197.0,4616.700000000001,3777.3,4406.85,41970
2025-05-05 19:15:05.671660,4198.0,4617.8,3778.2000000000003,4407.900000000001,41980
2025-05-05 19:16:05.671660,4199.0,4618.900000000001,3779.1,4408.95,41990
2025-05-05 19:17:05.671660,4200.0,4620.0,3780.0,4410.0,42000
2025-05-05 19:18:05.671660,4201.0,4621.1,3780.9,4411.05,42010
2025-05-05 19:19:05.671660,4202.0,4622.200000000001,3781.8,4412.1,42020
2025-05-05 19:20:05.671660,4203.0,4623.3,3782.7000000000003,4413.150000000001,42030
2025-05-05 19:21:05.671660,4204.0,4624.400000000001,3783.6,4414.2,42040
2025-05-05 19:22:05.671660,4205.0,4625.5,3784.5,4415.25,42050
2025-05-05 19:23:05.671660,4206.0,4626.6,3785.4,4416.3,42060
2025-05-05 19:24:05.671660,4207.0,4627.700000000001,3786.3,4417.35,42070
2025-05-05 19:25:05.671660,4208.0,4628.8,3787.2000000000003,4418.400000000001,42080
2025-05-05 19:26:05.671660,4209.0,4629.900000000001,3788.1,4419.45,42090
2025-05-05 19:27:05.671660,4210.0,4631.0,3789.0,4420.5,42100
2025-05-05 19:28:05.671660,4211.0,4632.1,3789.9,4421.55,42110
2025-05-05 19:29:05.671660,4212.0,4633.200000000001,3790.8,4422.6,42120
2025-05-05 19:30:05.671660,4213.0,4634.3,3791.7000000000003,4423.650000000001,42130
2025-05-05 19:31:05.671660,4214.0,4635.400000000001,3792.6,4424.7,42140
2025-05-05 19:32:05.671660,4215.0,4636.5,3793.5,4425.75,42150
2025-05-05 19:33:05.671660,4216.0,4637.6,3794.4,4426.8,42160
2025-05-05 19:34:05.671660,4217.0,4638.700000000001,3795.3,4427.85,42170
2025-05-05 19:35:05.671660,4218.0,4639.8,3796.2000000000003,4428.900000000001,42180
2025-05-05 19:36:05.671660,4219.0,4640.900000000001,3797.1,4429.95,42190
2025-05-05 19:37:05.671660,4220.0,4642.0,3798.0,4431.0,42200
2025-05-05 19:38:05.671660,4221.0,4643.1,3798.9,4432.05,42210
2025-05-05 19:39:05.671660,4222.0,4644.200000000001,3799.8,4433.1,42220
2025-05-05 19:40:05.671660,4223.0,4645.3,3800.7000000000003,4434.150000000001,42230
2025-05-05 19:41:05.671660,4224.0,4646.400000000001,3801.6,4435.2,42240
2025-05-05 19:42:05.671660,4225.0,4647.5,3802.5,4436.25,42250
2025-05-05 19:43:05.671660,4226.0,4648.6,3803.4,4437.3,42260
2025-05-05 19:44:05.671660,4227.0,4649.700000000001,3804.3,4438.35,42270
2025-05-05 19:45:05.671660,4228.0,4650.8,3805.2000000000003,4439.400000000001,42280
2025-05-05 19:46:05.671660,4229.0,4651.900000000001,3806.1,4440.45,42290
2025-05-05 19:47:05.671660,4230.0,4653.0,3807.0,4441.5,42300
2025-05-05 19:48:05.671660,4231.0,4654.1,3807.9,4442.55,42310
2025-05-05 19:49:05.671660,4232.0,4655.200000000001,3808.8,4443.6,42320
2025-05-05 19:50:05.671660,4233.0,4656.3,3809.7000000000003,4444.650000000001,42330
2025-05-05 19:51:05.671660,4234.0,4657.400000000001,3810.6,4445.7,42340
2025-05-05 19:52:05.671660,4235.0,4658.5,3811.5,4446.75,42350
2025-05-05 19:53:05.671660,4236.0,4659.6,3812.4,4447.8,42360
2025-05-05 19:54:05.671660,4237.0,4660.700000000001,3813.3,4448.85,42370
2025-05-05 19:55:05.671660,4238.0,4661.8,3814.2000000000003,4449.900000000001,42380
2025-05-05 19:56:05.671660,4239.0,4662.900000000001,3815.1,4450.95,42390
2025-05-05 19:57:05.671660,4240.0,4664.0,3816.0,4452.0,42400
2025-05-05 19:58:05.671660,4241.0,4665.1,3816.9,4453.05,42410
2025-05-05 19:59:05.671660,4242.0,4666.200000000001,3817.8,4454.1,42420
2025-05-05 20:00:05.671660,4243.0,4667.3,3818.7000000000003,4455.150000000001,42430
2025-05-05 20:01:05.671660,4244.0,4668.400000000001,3819.6,4456.2,42440
2025-05-05 20:02:05.671660,4245.0,4669.5,3820.5,4457.25,42450
2025-05-05 20:03:05.671660,4246.0,4670.6,3821.4,4458.3,42460
2025-05-05 20:04:05.671660,4247.0,4671.700000000001,3822.3,4459.35,42470
2025-05-05 20:05:05.671660,4248.0,4672.8,3823.2000000000003,4460.400000000001,42480
2025-05-05 20:06:05.671660,4249.0,4673.900000000001,3824.1,4461.45,42490
2025-05-05 20:07:05.671660,4250.0,4675.0,3825.0,4462.5,42500
2025-05-05 20:08:05.671660,4251.0,4676.1,3825.9,4463.55,42510
2025-05-05 20:09:05.671660,4252.0,4677.200000000001,3826.8,4464.6,42520
2025-05-05 20:10:05.671660,4253.0,4678.3,3827.7000000000003,4465.650000000001,42530
2025-05-05 20:11:05.671660,4254.0,4679.400000000001,3828.6,4466.7,42540
2025-05-05 20:12:05.671660,4255.0,4680.5,3829.5,4467.75,42550
2025-05-05 20:13:05.671660,4256.0,4681.6,3830.4,4468.8,42560
2025-05-05 20:14:05.671660,4257.0,4682.700000000001,3831.3,4469.85,42570
2025-05-05 20:15:05.671660,4258.0,4683.8,3832.2000000000003,4470.900000000001,42580
2025-05-05 20:16:05.671660,4259.0,4684.900000000001,3833.1,4471.95,42590
2025-05-05 20:17:05.671660,4260.0,4686.0,3834.0,4473.0,42600
2025-05-05 20:18:05.671660,4261.0,4687.1,3834.9,4474.05,42610
2025-05-05 20:19:05.671660,4262.0,4688.200000000001,3835.8,4475.1,42620
2025-05-05 20:20:05.671660,4263.0,4689.3,3836.7000000000003,4476.150000000001,42630
2025-05-05 20:21:05.671660,4264.0,4690.400000000001,3837.6,4477.2,42640
2025-05-05 20:22:05.671660,4265.0,4691.5,3838.5,4478.25,42650
2025-05-05 20:23:05.671660,4266.0,4692.6,3839.4,4479.3,42660
2025-05-05 20:24:05.671660,4267.0,4693.700000000001,3840.3,4480.35,42670
2025-05-05 20:25:05.671660,4268.0,4694.8,3841.2000000000003,4481.400000000001,42680
2025-05-05 20:26:05.671660,4269.0,4695.900000000001,3842.1,4482.45,42690
2025-05-05 20:27:05.671660,4270.0,4697.0,3843.0,4483.5,42700
2025-05-05 20:28:05.671660,4271.0,4698.1,3843.9,4484.55,42710
2025-05-05 20:29:05.671660,4272.0,4699.200000000001,3844.8,4485.6,42720
2025-05-05 20:30:05.671660,4273.0,4700.3,3845.7000000000003,4486.650000000001,42730
2025-05-05 20:31:05.671660,4274.0,4701.400000000001,3846.6,4487.7,42740
2025-05-05 20:32:05.671660,4275.0,4702.5,3847.5,4488.75,42750
2025-05-05 20:33:05.671660,4276.0,4703.6,3848.4,4489.8,42760
2025-05-05 20:34:05.671660,4277.0,4704.700000000001,3849.3,4490.85,42770
2025-05-05 20:35:05.671660,4278.0,4705.8,3850.2000000000003,4491.900000000001,42780
2025-05-05 20:36:05.671660,4279.0,4706.900000000001,3851.1,4492.95,42790
2025-05-05 20:37:05.671660,4280.0,4708.0,3852.0,4494.0,42800
2025-05-05 20:38:05.671660,4281.0,4709.1,3852.9,4495.05,42810
2025-05-05 20:39:05.671660,4282.0,4710.200000000001,3853.8,4496.1,42820
2025-05-05 20:40:05.671660,4283.0,4711.3,3854.7000000000003,4497.150000000001,42830
2025-05-05 20:41:05.671660,4284.0,4712.400000000001,3855.6,4498.2,42840
2025-05-05 20:42:05.671660,4285.0,4713.5,3856.5,4499.25,42850
2025-05-05 20:43:05.671660,4286.0,4714.6,3857.4,4500.3,42860
2025-05-05 20:44:05.671660,4287.0,4715.700000000001,3858.3,4501.35,42870
2025-05-05 20:45:05.671660,4288.0,4716.8,3859.2000000000003,4502.400000000001,42880
2025-05-05 20:46:05.671660,4289.0,4717.900000000001,3860.1,4503.45,42890
2025-05-05 20:47:05.671660,4290.0,4719.0,3861.0,4504.5,42900
2025-05-05 20:48:05.671660,4291.0,4720.1,3861.9,4505.55,42910
2025-05-05 20:49:05.671660,4292.0,4721.200000000001,3862.8,4506.6,42920
2025-05-05 20:50:05.671660,4293.0,4722.3,3863.7000000000003,4507.650000000001,42930
2025-05-05 20:51:05.671660,4294.0,4723.400000000001,3864.6,4508.7,42940
2025-05-05 20:52:05.671660,4295.0,4724.5,3865.5,4509.75,42950
2025-05-05 20:53:05.671660,4296.0,4725.6,3866.4,4510.8,42960
2025-05-05 20:54:05.671660,4297.0,4726.700000000001,3867.3,4511.85,42970
2025-05-05 20:55:05.671660,4298.0,4727.8,3868.2000000000003,4512.900000000001,42980
2025-05-05 20:56:05.671660,4299.0,4728.900000000001,3869.1,4513.95,42990
2025-05-05 20:57:05.671660,4300.0,4730.0,3870.0,4515.0,43000
2025-05-05 20:58:05.671660,4301.0,4731.1,3870.9,4516.05,43010
2025-05-05 20:59:05.671660,4302.0,4732.200000000001,3871.8,4517.1,43020
2025-05-05 21:00:05.671660,4303.0,4733.3,3872.7000000000003,4518.150000000001,43030
2025-05-05 21:01:05.671660,4304.0,4734.400000000001,3873.6,4519.2,43040
2025-05-05 21:02:05.671660,4305.0,4735.5,3874.5,4520.25,43050
2025-05-05 21:03:05.671660,4306.0,4736.6,3875.4,4521.3,43060
2025-05-05 21:04:05.671660,4307.0,4737.700000000001,3876.3,4522.35,43070
2025-05-05 21:05:05.671660,4308.0,4738.8,3877.2000000000003,4523.400000000001,43080
2025-05-05 21:06:05.671660,4309.0,4739.900000000001,3878.1,4524.45,43090
2025-05-05 21:07:05.671660,4310.0,4741.0,3879.0,4525.5,43100
2025-05-05 21:08:05.671660,4311.0,4742.1,3879.9,4526.55,43110
2025-05-05 21:09:05.671660,4312.0,4743.200000000001,3880.8,4527.6,43120
2025-05-05 21:10:05.671660,4313.0,4744.3,3881.7000000000003,4528.650000000001,43130
2025-05-05 21:11:05.671660,4314.0,4745.400000000001,3882.6,4529.7,43140
2025-05-05 21:12:05.671660,4315.0,4746.5,3883.5,4530.75,43150
2025-05-05 21:13:05.671660,4316.0,4747.6,3884.4,4531.8,43160
2025-05-05 21:14:05.671660,4317.0,4748.700000000001,3885.3,4532.85,43170
2025-05-05 21:15:05.671660,4318.0,4749.8,3886.2000000000003,4533.900000000001,43180
2025-05-05 21:16:05.671660,4319.0,4750.900000000001,3887.1,4534.95,43190
2025-05-05 21:17:05.671660,4320.0,4752.0,3888.0,4536.0,43200
2025-05-05 21:18:05.671660,4321.0,4753.1,3888.9,4537.05,43210
2025-05-05 21:19:05.671660,4322.0,4754.200000000001,3889.8,4538.1,43220
2025-05-05 21:20:05.671660,4323.0,4755.3,3890.7000000000003,4539.150000000001,43230
2025-05-05 21:21:05.671660,4324.0,4756.400000000001,3891.6,4540.2,43240
2025-05-05 21:22:05.671660,4325.0,4757.5,3892.5,4541.25,43250
2025-05-05 21:23:05.671660,4326.0,4758.6,3893.4,4542.3,43260
2025-05-05 21:24:05.671660,4327.0,4759.700000000001,3894.3,4543.35,43270
2025-05-05 21:25:05.671660,4328.0,4760.8,3895.2000000000003,4544.400000000001,43280
2025-05-05 21:26:05.671660,4329.0,4761.900000000001,3896.1,4545.45,43290
2025-05-05 21:27:05.671660,4330.0,4763.0,3897.0,4546.5,43300
2025-05-05 21:28:05.671660,4331.0,4764.1,3897.9,4547.55,43310
2025-05-05 21:29:05.671660,4332.0,4765.200000000001,3898.8,4548.6,43320
2025-05-05 21:30:05.671660,4333.0,4766.3,3899.7000000000003,4549.650000000001,43330
2025-05-05 21:31:05.671660,4334.0,4767.400000000001,3900.6,4550.7,43340
2025-05-05 21:32:05.671660,4335.0,4768.5,3901.5,4551.75,43350
2025-05-05 21:33:05.671660,4336.0,4769.6,3902.4,4552.8,43360
2025-05-05 21:34:05.671660,4337.0,4770.700000000001,3903.3,4553.85,43370
2025-05-05 21:35:05.671660,4338.0,4771.8,3904.2000000000003,4554.900000000001,43380
2025-05-05 21:36:05.671660,4339.0,4772.900000000001,3905.1,4555.95,43390
2025-05-05 21:37:05.671660,4340.0,4774.0,3906.0,4557.0,43400
2025-05-05 21:38:05.671660,4341.0,4775.1,3906.9,4558.05,43410
2025-05-05 21:39:05.671660,4342.0,4776.200000000001,3907.8,4559.1,43420
2025-05-05 21:40:05.671660,4343.0,4777.3,3908.7000000000003,4560.150000000001,43430
2025-05-05 21:41:05.671660,4344.0,4778.400000000001,3909.6,4561.2,43440
2025-05-05 21:42:05.671660,4345.0,4779.5,3910.5,4562.25,43450
2025-05-05 21:43:05.671660,4346.0,4780.6,3911.4,4563.3,43460
2025-05-05 21:44:05.671660,4347.0,4781.700000000001,3912.3,4564.35,43470
2025-05-05 21:45:05.671660,4348.0,4782.8,3913.2000000000003,4565.400000000001,43480
2025-05-05 21:46:05.671660,4349.0,4783.900000000001,3914.1,4566.45,43490
2025-05-05 21:47:05.671660,4350.0,4785.0,3915.0,4567.5,43500
2025-05-05 21:48:05.671660,4351.0,4786.1,3915.9,4568.55,43510
2025-05-05 21:49:05.671660,4352.0,4787.200000000001,3916.8,4569.6,43520
2025-05-05 21:50:05.671660,4353.0,4788.3,3917.7000000000003,4570.650000000001,43530
2025-05-05 21:51:05.671660,4354.0,4789.400000000001,3918.6,4571.7,43540
2025-05-05 21:52:05.671660,4355.0,4790.5,3919.5,4572.75,43550
2025-05-05 21:53:05.671660,4356.0,4791.6,3920.4,4573.8,43560
2025-05-05 21:54:05.671660,4357.0,4792.700000000001,3921.3,4574.85,43570
2025-05-05 21:55:05.671660,4358.0,4793.8,3922.2000000000003,4575.900000000001,43580
2025-05-05 21:56:05.671660,4359.0,4794.900000000001,3923.1,4576.95,43590
2025-05-05 21:57:05.671660,4360.0,4796.0,3924.0,4578.0,43600
2025-05-05 21:58:05.671660,4361.0,4797.1,3924.9,4579.05,43610
2025-05-05 21:59:05.671660,4362.0,4798.200000000001,3925.8,4580.1,43620
2025-05-05 22:00:05.671660,4363.0,4799.3,3926.7000000000003,4581.150000000001,43630
2025-05-05 22:01:05.671660,4364.0,4800.400000000001,3927.6,4582.2,43640
2025-05-05 22:02:05.671660,4365.0,4801.5,3928.5,4583.25,43650
2025-05-05 22:03:05.671660,4366.0,4802.6,3929.4,4584.3,43660
2025-05-05 22:04:05.671660,4367.0,4803.700000000001,3930.3,4585.35,43670
2025-05-05 22:05:05.671660,4368.0,4804.8,3931.2000000000003,4586.400000000001,43680
2025-05-05 22:06:05.671660,4369.0,4805.900000000001,3932.1,4587.45,43690
2025-05-05 22:07:05.671660,4370.0,4807.0,3933.0,4588.5,43700
2025-05-05 22:08:05.671660,4371.0,4808.1,3933.9,4589.55,43710
2025-05-05 22:09:05.671660,4372.0,4809.200000000001,3934.8,4590.6,43720
2025-05-05 22:10:05.671660,4373.0,4810.3,3935.7000000000003,4591.650000000001,43730
2025-05-05 22:11:05.671660,4374.0,4811.400000000001,3936.6,4592.7,43740
2025-05-05 22:12:05.671660,4375.0,4812.5,3937.5,4593.75,43750
2025-05-05 22:13:05.671660,4376.0,4813.6,3938.4,4594.8,43760
2025-05-05 22:14:05.671660,4377.0,4814.700000000001,3939.3,4595.85,43770
2025-05-05 22:15:05.671660,4378.0,4815.8,3940.2000000000003,4596.900000000001,43780
2025-05-05 22:16:05.671660,4379.0,4816.900000000001,3941.1,4597.95,43790
2025-05-05 22:17:05.671660,4380.0,4818.0,3942.0,4599.0,43800
2025-05-05 22:18:05.671660,4381.0,4819.1,3942.9,4600.05,43810
2025-05-05 22:19:05.671660,4382.0,4820.200000000001,3943.8,4601.1,43820
2025-05-05 22:20:05.671660,4383.0,4821.3,3944.7000000000003,4602.150000000001,43830
2025-05-05 22:21:05.671660,4384.0,4822.400000000001,3945.6,4603.2,43840
2025-05-05 22:22:05.671660,4385.0,4823.5,3946.5,4604.25,43850
2025-05-05 22:23:05.671660,4386.0,4824.6,3947.4,4605.3,43860
2025-05-05 22:24:05.671660,4387.0,4825.700000000001,3948.3,4606.35,43870
2025-05-05 22:25:05.671660,4388.0,4826.8,3949.2000000000003,4607.400000000001,43880
2025-05-05 22:26:05.671660,4389.0,4827.900000000001,3950.1,4608.45,43890
2025-05-05 22:27:05.671660,4390.0,4829.0,3951.0,4609.5,43900
2025-05-05 22:28:05.671660,4391.0,4830.1,3951.9,4610.55,43910
2025-05-05 22:29:05.671660,4392.0,4831.200000000001,3952.8,4611.6,43920
2025-05-05 22:30:05.671660,4393.0,4832.3,3953.7000000000003,4612.650000000001,43930
2025-05-05 22:31:05.671660,4394.0,4833.400000000001,3954.6,4613.7,43940
2025-05-05 22:32:05.671660,4395.0,4834.5,3955.5,4614.75,43950
2025-05-05 22:33:05.671660,4396.0,4835.6,3956.4,4615.8,43960
2025-05-05 22:34:05.671660,4397.0,4836.700000000001,3957.3,4616.85,43970
2025-05-05 22:35:05.671660,4398.0,4837.8,3958.2000000000003,4617.900000000001,43980
2025-05-05 22:36:05.671660,4399.0,4838.900000000001,3959.1,4618.95,43990
2025-05-05 22:37:05.671660,4400.0,4840.0,3960.0,4620.0,44000
2025-05-05 22:38:05.671660,4401.0,4841.1,3960.9,4621.05,44010
2025-05-05 22:39:05.671660,4402.0,4842.200000000001,3961.8,4622.1,44020
2025-05-05 22:40:05.671660,4403.0,4843.3,3962.7000000000003,4623.150000000001,44030
2025-05-05 22:41:05.671660,4404.0,4844.400000000001,3963.6,4624.2,44040
2025-05-05 22:42:05.671660,4405.0,4845.5,3964.5,4625.25,44050
2025-05-05 22:43:05.671660,4406.0,4846.6,3965.4,4626.3,44060
2025-05-05 22:44:05.671660,4407.0,4847.700000000001,3966.3,4627.35,44070
2025-05-05 22:45:05.671660,4408.0,4848.8,3967.2000000000003,4628.400000000001,44080
2025-05-05 22:46:05.671660,4409.0,4849.900000000001,3968.1,4629.45,44090
2025-05-05 22:47:05.671660,4410.0,4851.0,3969.0,4630.5,44100
2025-05-05 22:48:05.671660,4411.0,4852.1,3969.9,4631.55,44110
2025-05-05 22:49:05.671660,4412.0,4853.200000000001,3970.8,4632.6,44120
2025-05-05 22:50:05.671660,4413.0,4854.3,3971.7000000000003,4633.650000000001,44130
2025-05-05 22:51:05.671660,4414.0,4855.400000000001,3972.6,4634.7,44140
2025-05-05 22:52:05.671660,4415.0,4856.5,3973.5,4635.75,44150
2025-05-05 22:53:05.671660,4416.0,4857.6,3974.4,4636.8,44160
2025-05-05 22:54:05.671660,4417.0,4858.700000000001,3975.3,4637.85,44170
2025-05-05 22:55:05.671660,4418.0,4859.8,3976.2000000000003,4638.900000000001,44180
2025-05-05 22:56:05.671660,4419.0,4860.900000000001,3977.1,4639.95,44190
2025-05-05 22:57:05.671660,4420.0,4862.0,3978.0,4641.0,44200
2025-05-05 22:58:05.671660,4421.0,4863.1,3978.9,4642.05,44210
2025-05-05 22:59:05.671660,4422.0,4864.200000000001,3979.8,4643.1,44220
2025-05-05 23:00:05.671660,4423.0,4865.3,3980.7000000000003,4644.150000000001,44230
2025-05-05 23:01:05.671660,4424.0,4866.400000000001,3981.6,4645.2,44240
2025-05-05 23:02:05.671660,4425.0,4867.5,3982.5,4646.25,44250
2025-05-05 23:03:05.671660,4426.0,4868.6,3983.4,4647.3,44260
2025-05-05 23:04:05.671660,4427.0,4869.700000000001,3984.3,4648.35,44270
2025-05-05 23:05:05.671660,4428.0,4870.8,3985.2000000000003,4649.400000000001,44280
2025-05-05 23:06:05.671660,4429.0,4871.900000000001,3986.1,4650.45,44290
2025-05-05 23:07:05.671660,4430.0,4873.0,3987.0,4651.5,44300
2025-05-05 23:08:05.671660,4431.0,4874.1,3987.9,4652.55,44310
2025-05-05 23:09:05.671660,4432.0,4875.200000000001,3988.8,4653.6,44320
2025-05-05 23:10:05.671660,4433.0,4876.3,3989.7000000000003,4654.650000000001,44330
2025-05-05 23:11:05.671660,4434.0,4877.400000000001,3990.6,4655.7,44340
2025-05-05 23:12:05.671660,4435.0,4878.5,3991.5,4656.75,44350
2025-05-05 23:13:05.671660,4436.0,4879.6,3992.4,4657.8,44360
2025-05-05 23:14:05.671660,4437.0,4880.700000000001,3993.3,4658.85,44370
2025-05-05 23:15:05.671660,4438.0,4881.8,3994.2000000000003,4659.900000000001,44380
2025-05-05 23:16:05.671660,4439.0,4882.900000000001,3995.1,4660.95,44390
2025-05-05 23:17:05.671660,4440.0,4884.0,3996.0,4662.0,44400
2025-05-05 23:18:05.671660,4441.0,4885.1,3996.9,4663.05,44410
2025-05-05 23:19:05.671660,4442.0,4886.200000000001,3997.8,4664.1,44420
2025-05-05 23:20:05.671660,4443.0,4887.3,3998.7000000000003,4665.150000000001,44430
2025-05-05 23:21:05.671660,4444.0,4888.400000000001,3999.6,4666.2,44440
2025-05-05 23:22:05.671660,4445.0,4889.5,4000.5,4667.25,44450
2025-05-05 23:23:05.671660,4446.0,4890.6,4001.4,4668.3,44460
2025-05-05 23:24:05.671660,4447.0,4891.700000000001,4002.3,4669.35,44470
2025-05-05 23:25:05.671660,4448.0,4892.8,4003.2000000000003,4670.400000000001,44480
2025-05-05 23:26:05.671660,4449.0,4893.900000000001,4004.1,4671.45,44490
2025-05-05 23:27:05.671660,4450.0,4895.0,4005.0,4672.5,44500
2025-05-05 23:28:05.671660,4451.0,4896.1,4005.9,4673.55,44510
2025-05-05 23:29:05.671660,4452.0,4897.200000000001,4006.8,4674.6,44520
2025-05-05 23:30:05.671660,4453.0,4898.3,4007.7000000000003,4675.650000000001,44530
2025-05-05 23:31:05.671660,4454.0,4899.400000000001,4008.6,4676.7,44540
2025-05-05 23:32:05.671660,4455.0,4900.5,4009.5,4677.75,44550
2025-05-05 23:33:05.671660,4456.0,4901.6,4010.4,4678.8,44560
2025-05-05 23:34:05.671660,4457.0,4902.700000000001,4011.3,4679.85,44570
2025-05-05 23:35:05.671660,4458.0,4903.8,4012.2000000000003,4680.900000000001,44580
2025-05-05 23:36:05.671660,4459.0,4904.900000000001,4013.1,4681.95,44590
2025-05-05 23:37:05.671660,4460.0,4906.0,4014.0,4683.0,44600
2025-05-05 23:38:05.671660,4461.0,4907.1,4014.9,4684.05,44610
2025-05-05 23:39:05.671660,4462.0,4908.200000000001,4015.8,4685.1,44620
2025-05-05 23:40:05.671660,4463.0,4909.3,4016.7000000000003,4686.150000000001,44630
2025-05-05 23:41:05.671660,4464.0,4910.400000000001,4017.6,4687.2,44640
2025-05-05 23:42:05.671660,4465.0,4911.5,4018.5,4688.25,44650
2025-05-05 23:43:05.671660,4466.0,4912.6,4019.4,4689.3,44660
2025-05-05 23:44:05.671660,4467.0,4913.700000000001,4020.3,4690.35,44670
2025-05-05 23:45:05.671660,4468.0,4914.8,4021.2000000000003,4691.400000000001,44680
2025-05-05 23:46:05.671660,4469.0,4915.900000000001,4022.1,4692.45,44690
2025-05-05 23:47:05.671660,4470.0,4917.0,4023.0,4693.5,44700
2025-05-05 23:48:05.671660,4471.0,4918.1,4023.9,4694.55,44710
2025-05-05 23:49:05.671660,4472.0,4919.200000000001,4024.8,4695.6,44720
2025-05-05 23:50:05.671660,4473.0,4920.3,4025.7000000000003,4696.650000000001,44730
2025-05-05 23:51:05.671660,4474.0,4921.400000000001,4026.6,4697.7,44740
2025-05-05 23:52:05.671660,4475.0,4922.5,4027.5,4698.75,44750
2025-05-05 23:53:05.671660,4476.0,4923.6,4028.4,4699.8,44760
2025-05-05 23:54:05.671660,4477.0,4924.700000000001,4029.3,4700.85,44770
2025-05-05 23:55:05.671660,4478.0,4925.8,4030.2000000000003,4701.900000000001,44780
2025-05-05 23:56:05.671660,4479.0,4926.900000000001,4031.1,4702.95,44790
2025-05-05 23:57:05.671660,4480.0,4928.0,4032.0,4704.0,44800
2025-05-05 23:58:05.671660,4481.0,4929.1,4032.9,4705.05,44810
2025-05-05 23:59:05.671660,4482.0,4930.200000000001,4033.8,4706.1,44820
2025-05-06 00:00:05.671660,4483.0,4931.3,4034.7000000000003,4707.150000000001,44830
2025-05-06 00:01:05.671660,4484.0,4932.400000000001,4035.6,4708.2,44840
2025-05-06 00:02:05.671660,4485.0,4933.5,4036.5,4709.25,44850
2025-05-06 00:03:05.671660,4486.0,4934.6,4037.4,4710.3,44860
2025-05-06 00:04:05.671660,4487.0,4935.700000000001,4038.3,4711.35,44870
2025-05-06 00:05:05.671660,4488.0,4936.8,4039.2000000000003,4712.400000000001,44880
2025-05-06 00:06:05.671660,4489.0,4937.900000000001,4040.1,4713.45,44890
2025-05-06 00:07:05.671660,4490.0,4939.0,4041.0,4714.5,44900
2025-05-06 00:08:05.671660,4491.0,4940.1,4041.9,4715.55,44910
2025-05-06 00:09:05.671660,4492.0,4941.200000000001,4042.8,4716.6,44920
2025-05-06 00:10:05.671660,4493.0,4942.3,4043.7000000000003,4717.650000000001,44930
2025-05-06 00:11:05.671660,4494.0,4943.400000000001,4044.6,4718.7,44940
2025-05-06 00:12:05.671660,4495.0,4944.5,4045.5,4719.75,44950
2025-05-06 00:13:05.671660,4496.0,4945.6,4046.4,4720.8,44960
2025-05-06 00:14:05.671660,4497.0,4946.700000000001,4047.3,4721.85,44970
2025-05-06 00:15:05.671660,4498.0,4947.8,4048.2000000000003,4722.900000000001,44980
2025-05-06 00:16:05.671660,4499.0,4948.900000000001,4049.1,4723.95,44990
2025-05-06 00:17:05.671660,4500.0,4950.0,4050.0,4725.0,45000
2025-05-06 00:18:05.671660,4501.0,4951.1,4050.9,4726.05,45010
2025-05-06 00:19:05.671660,4502.0,4952.200000000001,4051.8,4727.1,45020
2025-05-06 00:20:05.671660,4503.0,4953.3,4052.7000000000003,4728.150000000001,45030
2025-05-06 00:21:05.671660,4504.0,4954.400000000001,4053.6,4729.2,45040
2025-05-06 00:22:05.671660,4505.0,4955.5,4054.5,4730.25,45050
2025-05-06 00:23:05.671660,4506.0,4956.6,4055.4,4731.3,45060
2025-05-06 00:24:05.671660,4507.0,4957.700000000001,4056.3,4732.35,45070
2025-05-06 00:25:05.671660,4508.0,4958.8,4057.2000000000003,4733.400000000001,45080
2025-05-06 00:26:05.671660,4509.0,4959.900000000001,4058.1,4734.45,45090
2025-05-06 00:27:05.671660,4510.0,4961.0,4059.0,4735.5,45100
2025-05-06 00:28:05.671660,4511.0,4962.1,4059.9,4736.55,45110
2025-05-06 00:29:05.671660,4512.0,4963.200000000001,4060.8,4737.6,45120
2025-05-06 00:30:05.671660,4513.0,4964.3,4061.7000000000003,4738.650000000001,45130
2025-05-06 00:31:05.671660,4514.0,4965.400000000001,4062.6,4739.7,45140
2025-05-06 00:32:05.671660,4515.0,4966.5,4063.5,4740.75,45150
2025-05-06 00:33:05.671660,4516.0,4967.6,4064.4,4741.8,45160
2025-05-06 00:34:05.671660,4517.0,4968.700000000001,4065.3,4742.85,45170
2025-05-06 00:35:05.671660,4518.0,4969.8,4066.2000000000003,4743.900000000001,45180
2025-05-06 00:36:05.671660,4519.0,4970.900000000001,4067.1,4744.95,45190
2025-05-06 00:37:05.671660,4520.0,4972.0,4068.0,4746.0,45200
2025-05-06 00:38:05.671660,4521.0,4973.1,4068.9,4747.05,45210
2025-05-06 00:39:05.671660,4522.0,4974.200000000001,4069.8,4748.1,45220
2025-05-06 00:40:05.671660,4523.0,4975.3,4070.7000000000003,4749.150000000001,45230
2025-05-06 00:41:05.671660,4524.0,4976.400000000001,4071.6,4750.2,45240
2025-05-06 00:42:05.671660,4525.0,4977.5,4072.5,4751.25,45250
2025-05-06 00:43:05.671660,4526.0,4978.6,4073.4,4752.3,45260
2025-05-06 00:44:05.671660,4527.0,4979.700000000001,4074.3,4753.35,45270
2025-05-06 00:45:05.671660,4528.0,4980.8,4075.2000000000003,4754.400000000001,45280
2025-05-06 00:46:05.671660,4529.0,4981.900000000001,4076.1,4755.45,45290
2025-05-06 00:47:05.671660,4530.0,4983.0,4077.0,4756.5,45300
2025-05-06 00:48:05.671660,4531.0,4984.1,4077.9,4757.55,45310
2025-05-06 00:49:05.671660,4532.0,4985.200000000001,4078.8,4758.6,45320
2025-05-06 00:50:05.671660,4533.0,4986.3,4079.7000000000003,4759.650000000001,45330
2025-05-06 00:51:05.671660,4534.0,4987.400000000001,4080.6,4760.7,45340
2025-05-06 00:52:05.671660,4535.0,4988.5,4081.5,4761.75,45350
2025-05-06 00:53:05.671660,4536.0,4989.6,4082.4,4762.8,45360
2025-05-06 00:54:05.671660,4537.0,4990.700000000001,4083.3,4763.85,45370
2025-05-06 00:55:05.671660,4538.0,4991.8,4084.2000000000003,4764.900000000001,45380
2025-05-06 00:56:05.671660,4539.0,4992.900000000001,4085.1,4765.95,45390
2025-05-06 00:57:05.671660,4540.0,4994.0,4086.0,4767.0,45400
2025-05-06 00:58:05.671660,4541.0,4995.1,4086.9,4768.05,45410
2025-05-06 00:59:05.671660,4542.0,4996.200000000001,4087.8,4769.1,45420
2025-05-06 01:00:05.671660,4543.0,4997.3,4088.7000000000003,4770.150000000001,45430
2025-05-06 01:01:05.671660,4544.0,4998.400000000001,4089.6,4771.2,45440
2025-05-06 01:02:05.671660,4545.0,4999.5,4090.5,4772.25,45450
2025-05-06 01:03:05.671660,4546.0,5000.6,4091.4,4773.3,45460
2025-05-06 01:04:05.671660,4547.0,5001.700000000001,4092.3,4774.35,45470
2025-05-06 01:05:05.671660,4548.0,5002.8,4093.2000000000003,4775.400000000001,45480
2025-05-06 01:06:05.671660,4549.0,5003.900000000001,4094.1,4776.45,45490
2025-05-06 01:07:05.671660,4550.0,5005.0,4095.0,4777.5,45500
2025-05-06 01:08:05.671660,4551.0,5006.1,4095.9,4778.55,45510
2025-05-06 01:09:05.671660,4552.0,5007.200000000001,4096.8,4779.6,45520
2025-05-06 01:10:05.671660,4553.0,5008.3,4097.7,4780.650000000001,45530
2025-05-06 01:11:05.671660,4554.0,5009.400000000001,4098.6,4781.7,45540
2025-05-06 01:12:05.671660,4555.0,5010.5,4099.5,4782.75,45550
2025-05-06 01:13:05.671660,4556.0,5011.6,4100.400000000001,4783.8,45560
2025-05-06 01:14:05.671660,4557.0,5012.700000000001,4101.3,4784.85,45570
2025-05-06 01:15:05.671660,4558.0,5013.8,4102.2,4785.900000000001,45580
2025-05-06 01:16:05.671660,4559.0,5014.900000000001,4103.1,4786.95,45590
2025-05-06 01:17:05.671660,4560.0,5016.0,4104.0,4788.0,45600
2025-05-06 01:18:05.671660,4561.0,5017.1,4104.900000000001,4789.05,45610
2025-05-06 01:19:05.671660,4562.0,5018.200000000001,4105.8,4790.1,45620
2025-05-06 01:20:05.671660,4563.0,5019.3,4106.7,4791.150000000001,45630
2025-05-06 01:21:05.671660,4564.0,5020.400000000001,4107.6,4792.2,45640
2025-05-06 01:22:05.671660,4565.0,5021.5,4108.5,4793.25,45650
2025-05-06 01:23:05.671660,4566.0,5022.6,4109.400000000001,4794.3,45660
2025-05-06 01:24:05.671660,4567.0,5023.700000000001,4110.3,4795.35,45670
2025-05-06 01:25:05.671660,4568.0,5024.8,4111.2,4796.400000000001,45680
2025-05-06 01:26:05.671660,4569.0,5025.900000000001,4112.1,4797.45,45690
2025-05-06 01:27:05.671660,4570.0,5027.0,4113.0,4798.5,45700
2025-05-06 01:28:05.671660,4571.0,5028.1,4113.900000000001,4799.55,45710
2025-05-06 01:29:05.671660,4572.0,5029.200000000001,4114.8,4800.6,45720
2025-05-06 01:30:05.671660,4573.0,5030.3,4115.7,4801.650000000001,45730
2025-05-06 01:31:05.671660,4574.0,5031.400000000001,4116.6,4802.7,45740
2025-05-06 01:32:05.671660,4575.0,5032.5,4117.5,4803.75,45750
2025-05-06 01:33:05.671660,4576.0,5033.6,4118.400000000001,4804.8,45760
2025-05-06 01:34:05.671660,4577.0,5034.700000000001,4119.3,4805.85,45770
2025-05-06 01:35:05.671660,4578.0,5035.8,4120.2,4806.900000000001,45780
2025-05-06 01:36:05.671660,4579.0,5036.900000000001,4121.1,4807.95,45790
2025-05-06 01:37:05.671660,4580.0,5038.0,4122.0,4809.0,45800
2025-05-06 01:38:05.671660,4581.0,5039.1,4122.900000000001,4810.05,45810
2025-05-06 01:39:05.671660,4582.0,5040.200000000001,4123.8,4811.1,45820
2025-05-06 01:40:05.671660,4583.0,5041.3,4124.7,4812.150000000001,45830
2025-05-06 01:41:05.671660,4584.0,5042.400000000001,4125.6,4813.2,45840
2025-05-06 01:42:05.671660,4585.0,5043.5,4126.5,4814.25,45850
2025-05-06 01:43:05.671660,4586.0,5044.6,4127.400000000001,4815.3,45860
2025-05-06 01:44:05.671660,4587.0,5045.700000000001,4128.3,4816.35,45870
2025-05-06 01:45:05.671660,4588.0,5046.8,4129.2,4817.400000000001,45880
2025-05-06 01:46:05.671660,4589.0,5047.900000000001,4130.1,4818.45,45890
2025-05-06 01:47:05.671660,4590.0,5049.0,4131.0,4819.5,45900
2025-05-06 01:48:05.671660,4591.0,5050.1,4131.900000000001,4820.55,45910
2025-05-06 01:49:05.671660,4592.0,5051.200000000001,4132.8,4821.6,45920
2025-05-06 01:50:05.671660,4593.0,5052.3,4133.7,4822.650000000001,45930
2025-05-06 01:51:05.671660,4594.0,5053.400000000001,4134.6,4823.7,45940
2025-05-06 01:52:05.671660,4595.0,5054.5,4135.5,4824.75,45950
2025-05-06 01:53:05.671660,4596.0,5055.6,4136.400000000001,4825.8,45960
2025-05-06 01:54:05.671660,4597.0,5056.700000000001,4137.3,4826.85,45970
2025-05-06 01:55:05.671660,4598.0,5057.8,4138.2,4827.900000000001,45980
2025-05-06 01:56:05.671660,4599.0,5058.900000000001,4139.1,4828.95,45990
2025-05-06 01:57:05.671660,4600.0,5060.0,4140.0,4830.0,46000
2025-05-06 01:58:05.671660,4601.0,5061.1,4140.900000000001,4831.05,46010
2025-05-06 01:59:05.671660,4602.0,5062.200000000001,4141.8,4832.1,46020
2025-05-06 02:00:05.671660,4603.0,5063.3,4142.7,4833.150000000001,46030
2025-05-06 02:01:05.671660,4604.0,5064.400000000001,4143.6,4834.2,46040
2025-05-06 02:02:05.671660,4605.0,5065.5,4144.5,4835.25,46050
2025-05-06 02:03:05.671660,4606.0,5066.6,4145.400000000001,4836.3,46060
2025-05-06 02:04:05.671660,4607.0,5067.700000000001,4146.3,4837.35,46070
2025-05-06 02:05:05.671660,4608.0,5068.8,4147.2,4838.400000000001,46080
2025-05-06 02:06:05.671660,4609.0,5069.900000000001,4148.1,4839.45,46090
2025-05-06 02:07:05.671660,4610.0,5071.0,4149.0,4840.5,46100
2025-05-06 02:08:05.671660,4611.0,5072.1,4149.900000000001,4841.55,46110
2025-05-06 02:09:05.671660,4612.0,5073.200000000001,4150.8,4842.6,46120
2025-05-06 02:10:05.671660,4613.0,5074.3,4151.7,4843.650000000001,46130
2025-05-06 02:11:05.671660,4614.0,5075.400000000001,4152.6,4844.7,46140
2025-05-06 02:12:05.671660,4615.0,5076.5,4153.5,4845.75,46150
2025-05-06 02:13:05.671660,4616.0,5077.6,4154.400000000001,4846.8,46160
2025-05-06 02:14:05.671660,4617.0,5078.700000000001,4155.3,4847.85,46170
2025-05-06 02:15:05.671660,4618.0,5079.8,4156.2,4848.900000000001,46180
2025-05-06 02:16:05.671660,4619.0,5080.900000000001,4157.1,4849.95,46190
2025-05-06 02:17:05.671660,4620.0,5082.0,4158.0,4851.0,46200
2025-05-06 02:18:05.671660,4621.0,5083.1,4158.900000000001,4852.05,46210
2025-05-06 02:19:05.671660,4622.0,5084.200000000001,4159.8,4853.1,46220
2025-05-06 02:20:05.671660,4623.0,5085.3,4160.7,4854.150000000001,46230
2025-05-06 02:21:05.671660,4624.0,5086.400000000001,4161.6,4855.2,46240
2025-05-06 02:22:05.671660,4625.0,5087.5,4162.5,4856.25,46250
2025-05-06 02:23:05.671660,4626.0,5088.6,4163.400000000001,4857.3,46260
2025-05-06 02:24:05.671660,4627.0,5089.700000000001,4164.3,4858.35,46270
2025-05-06 02:25:05.671660,4628.0,5090.8,4165.2,4859.400000000001,46280
2025-05-06 02:26:05.671660,4629.0,5091.900000000001,4166.1,4860.45,46290
2025-05-06 02:27:05.671660,4630.0,5093.0,4167.0,4861.5,46300
2025-05-06 02:28:05.671660,4631.0,5094.1,4167.900000000001,4862.55,46310
2025-05-06 02:29:05.671660,4632.0,5095.200000000001,4168.8,4863.6,46320
2025-05-06 02:30:05.671660,4633.0,5096.3,4169.7,4864.650000000001,46330
2025-05-06 02:31:05.671660,4634.0,5097.400000000001,4170.6,4865.7,46340
2025-05-06 02:32:05.671660,4635.0,5098.5,4171.5,4866.75,46350
2025-05-06 02:33:05.671660,4636.0,5099.6,4172.400000000001,4867.8,46360
2025-05-06 02:34:05.671660,4637.0,5100.700000000001,4173.3,4868.85,46370
2025-05-06 02:35:05.671660,4638.0,5101.8,4174.2,4869.900000000001,46380
2025-05-06 02:36:05.671660,4639.0,5102.900000000001,4175.1,4870.95,46390
2025-05-06 02:37:05.671660,4640.0,5104.0,4176.0,4872.0,46400
2025-05-06 02:38:05.671660,4641.0,5105.1,4176.900000000001,4873.05,46410
2025-05-06 02:39:05.671660,4642.0,5106.200000000001,4177.8,4874.1,46420
2025-05-06 02:40:05.671660,4643.0,5107.3,4178.7,4875.150000000001,46430
2025-05-06 02:41:05.671660,4644.0,5108.400000000001,4179.6,4876.2,46440
2025-05-06 02:42:05.671660,4645.0,5109.5,4180.5,4877.25,46450
2025-05-06 02:43:05.671660,4646.0,5110.6,4181.400000000001,4878.3,46460
2025-05-06 02:44:05.671660,4647.0,5111.700000000001,4182.3,4879.35,46470
2025-05-06 02:45:05.671660,4648.0,5112.8,4183.2,4880.400000000001,46480
2025-05-06 02:46:05.671660,4649.0,5113.900000000001,4184.1,4881.45,46490
2025-05-06 02:47:05.671660,4650.0,5115.0,4185.0,4882.5,46500
2025-05-06 02:48:05.671660,4651.0,5116.1,4185.900000000001,4883.55,46510
2025-05-06 02:49:05.671660,4652.0,5117.200000000001,4186.8,4884.6,46520
2025-05-06 02:50:05.671660,4653.0,5118.3,4187.7,4885.650000000001,46530
2025-05-06 02:51:05.671660,4654.0,5119.400000000001,4188.6,4886.7,46540
2025-05-06 02:52:05.671660,4655.0,5120.5,4189.5,4887.75,46550
2025-05-06 02:53:05.671660,4656.0,5121.6,4190.400000000001,4888.8,46560
2025-05-06 02:54:05.671660,4657.0,5122.700000000001,4191.3,4889.85,46570
2025-05-06 02:55:05.671660,4658.0,5123.8,4192.2,4890.900000000001,46580
2025-05-06 02:56:05.671660,4659.0,5124.900000000001,4193.1,4891.95,46590
2025-05-06 02:57:05.671660,4660.0,5126.0,4194.0,4893.0,46600
2025-05-06 02:58:05.671660,4661.0,5127.1,4194.900000000001,4894.05,46610
2025-05-06 02:59:05.671660,4662.0,5128.200000000001,4195.8,4895.1,46620
2025-05-06 03:00:05.671660,4663.0,5129.3,4196.7,4896.150000000001,46630
2025-05-06 03:01:05.671660,4664.0,5130.400000000001,4197.6,4897.2,46640
2025-05-06 03:02:05.671660,4665.0,5131.5,4198.5,4898.25,46650
2025-05-06 03:03:05.671660,4666.0,5132.6,4199.400000000001,4899.3,46660
2025-05-06 03:04:05.671660,4667.0,5133.700000000001,4200.3,4900.35,46670
2025-05-06 03:05:05.671660,4668.0,5134.8,4201.2,4901.400000000001,46680
2025-05-06 03:06:05.671660,4669.0,5135.900000000001,4202.1,4902.45,46690
2025-05-06 03:07:05.671660,4670.0,5137.0,4203.0,4903.5,46700
2025-05-06 03:08:05.671660,4671.0,5138.1,4203.900000000001,4904.55,46710
2025-05-06 03:09:05.671660,4672.0,5139.200000000001,4204.8,4905.6,46720
2025-05-06 03:10:05.671660,4673.0,5140.3,4205.7,4906.650000000001,46730
2025-05-06 03:11:05.671660,4674.0,5141.400000000001,4206.6,4907.7,46740
2025-05-06 03:12:05.671660,4675.0,5142.5,4207.5,4908.75,46750
2025-05-06 03:13:05.671660,4676.0,5143.6,4208.400000000001,4909.8,46760
2025-05-06 03:14:05.671660,4677.0,5144.700000000001,4209.3,4910.85,46770
2025-05-06 03:15:05.671660,4678.0,5145.8,4210.2,4911.900000000001,46780
2025-05-06 03:16:05.671660,4679.0,5146.900000000001,4211.1,4912.95,46790
2025-05-06 03:17:05.671660,4680.0,5148.0,4212.0,4914.0,46800
2025-05-06 03:18:05.671660,4681.0,5149.1,4212.900000000001,4915.05,46810
2025-05-06 03:19:05.671660,4682.0,5150.200000000001,4213.8,4916.1,46820
2025-05-06 03:20:05.671660,4683.0,5151.3,4214.7,4917.150000000001,46830
2025-05-06 03:21:05.671660,4684.0,5152.400000000001,4215.6,4918.2,46840
2025-05-06 03:22:05.671660,4685.0,5153.5,4216.5,4919.25,46850
2025-05-06 03:23:05.671660,4686.0,5154.6,4217.400000000001,4920.3,46860
2025-05-06 03:24:05.671660,4687.0,5155.700000000001,4218.3,4921.35,46870
2025-05-06 03:25:05.671660,4688.0,5156.8,4219.2,4922.400000000001,46880
2025-05-06 03:26:05.671660,4689.0,5157.900000000001,4220.1,4923.45,46890
2025-05-06 03:27:05.671660,4690.0,5159.0,4221.0,4924.5,46900
2025-05-06 03:28:05.671660,4691.0,5160.1,4221.900000000001,4925.55,46910
2025-05-06 03:29:05.671660,4692.0,5161.200000000001,4222.8,4926.6,46920
2025-05-06 03:30:05.671660,4693.0,5162.3,4223.7,4927.650000000001,46930
2025-05-06 03:31:05.671660,4694.0,5163.400000000001,4224.6,4928.7,46940
2025-05-06 03:32:05.671660,4695.0,5164.5,4225.5,4929.75,46950
2025-05-06 03:33:05.671660,4696.0,5165.6,4226.400000000001,4930.8,46960
2025-05-06 03:34:05.671660,4697.0,5166.700000000001,4227.3,4931.85,46970
2025-05-06 03:35:05.671660,4698.0,5167.8,4228.2,4932.900000000001,46980
2025-05-06 03:36:05.671660,4699.0,5168.900000000001,4229.1,4933.95,46990
2025-05-06 03:37:05.671660,4700.0,5170.0,4230.0,4935.0,47000
2025-05-06 03:38:05.671660,4701.0,5171.1,4230.900000000001,4936.05,47010
2025-05-06 03:39:05.671660,4702.0,5172.200000000001,4231.8,4937.1,47020
2025-05-06 03:40:05.671660,4703.0,5173.3,4232.7,4938.150000000001,47030
2025-05-06 03:41:05.671660,4704.0,5174.400000000001,4233.6,4939.2,47040
2025-05-06 03:42:05.671660,4705.0,5175.5,4234.5,4940.25,47050
2025-05-06 03:43:05.671660,4706.0,5176.6,4235.400000000001,4941.3,47060
2025-05-06 03:44:05.671660,4707.0,5177.700000000001,4236.3,4942.35,47070
2025-05-06 03:45:05.671660,4708.0,5178.8,4237.2,4943.400000000001,47080
2025-05-06 03:46:05.671660,4709.0,5179.900000000001,4238.1,4944.45,47090
2025-05-06 03:47:05.671660,4710.0,5181.0,4239.0,4945.5,47100
2025-05-06 03:48:05.671660,4711.0,5182.1,4239.900000000001,4946.55,47110
2025-05-06 03:49:05.671660,4712.0,5183.200000000001,4240.8,4947.6,47120
2025-05-06 03:50:05.671660,4713.0,5184.3,4241.7,4948.650000000001,47130
2025-05-06 03:51:05.671660,4714.0,5185.400000000001,4242.6,4949.7,47140
2025-05-06 03:52:05.671660,4715.0,5186.5,4243.5,4950.75,47150
2025-05-06 03:53:05.671660,4716.0,5187.6,4244.400000000001,4951.8,47160
2025-05-06 03:54:05.671660,4717.0,5188.700000000001,4245.3,4952.85,47170
2025-05-06 03:55:05.671660,4718.0,5189.8,4246.2,4953.900000000001,47180
2025-05-06 03:56:05.671660,4719.0,5190.900000000001,4247.1,4954.95,47190
2025-05-06 03:57:05.671660,4720.0,5192.0,4248.0,4956.0,47200
2025-05-06 03:58:05.671660,4721.0,5193.1,4248.900000000001,4957.05,47210
2025-05-06 03:59:05.671660,4722.0,5194.200000000001,4249.8,4958.1,47220
2025-05-06 04:00:05.671660,4723.0,5195.3,4250.7,4959.150000000001,47230
2025-05-06 04:01:05.671660,4724.0,5196.400000000001,4251.6,4960.2,47240
2025-05-06 04:02:05.671660,4725.0,5197.5,4252.5,4961.25,47250
2025-05-06 04:03:05.671660,4726.0,5198.6,4253.400000000001,4962.3,47260
2025-05-06 04:04:05.671660,4727.0,5199.700000000001,4254.3,4963.35,47270
2025-05-06 04:05:05.671660,4728.0,5200.8,4255.2,4964.400000000001,47280
2025-05-06 04:06:05.671660,4729.0,5201.900000000001,4256.1,4965.45,47290
2025-05-06 04:07:05.671660,4730.0,5203.0,4257.0,4966.5,47300
2025-05-06 04:08:05.671660,4731.0,5204.1,4257.900000000001,4967.55,47310
2025-05-06 04:09:05.671660,4732.0,5205.200000000001,4258.8,4968.6,47320
2025-05-06 04:10:05.671660,4733.0,5206.3,4259.7,4969.650000000001,47330
2025-05-06 04:11:05.671660,4734.0,5207.400000000001,4260.6,4970.7,47340
2025-05-06 04:12:05.671660,4735.0,5208.5,4261.5,4971.75,47350
2025-05-06 04:13:05.671660,4736.0,5209.6,4262.400000000001,4972.8,47360
2025-05-06 04:14:05.671660,4737.0,5210.700000000001,4263.3,4973.85,47370
2025-05-06 04:15:05.671660,4738.0,5211.8,4264.2,4974.900000000001,47380
2025-05-06 04:16:05.671660,4739.0,5212.900000000001,4265.1,4975.95,47390
2025-05-06 04:17:05.671660,4740.0,5214.0,4266.0,4977.0,47400
2025-05-06 04:18:05.671660,4741.0,5215.1,4266.900000000001,4978.05,47410
2025-05-06 04:19:05.671660,4742.0,5216.200000000001,4267.8,4979.1,47420
2025-05-06 04:20:05.671660,4743.0,5217.3,4268.7,4980.150000000001,47430
2025-05-06 04:21:05.671660,4744.0,5218.400000000001,4269.6,4981.2,47440
2025-05-06 04:22:05.671660,4745.0,5219.5,4270.5,4982.25,47450
2025-05-06 04:23:05.671660,4746.0,5220.6,4271.400000000001,4983.3,47460
2025-05-06 04:24:05.671660,4747.0,5221.700000000001,4272.3,4984.35,47470
2025-05-06 04:25:05.671660,4748.0,5222.8,4273.2,4985.400000000001,47480
2025-05-06 04:26:05.671660,4749.0,5223.900000000001,4274.1,4986.45,47490
2025-05-06 04:27:05.671660,4750.0,5225.0,4275.0,4987.5,47500
2025-05-06 04:28:05.671660,4751.0,5226.1,4275.900000000001,4988.55,47510
2025-05-06 04:29:05.671660,4752.0,5227.200000000001,4276.8,4989.6,47520
2025-05-06 04:30:05.671660,4753.0,5228.3,4277.7,4990.650000000001,47530
2025-05-06 04:31:05.671660,4754.0,5229.400000000001,4278.6,4991.7,47540
2025-05-06 04:32:05.671660,4755.0,5230.5,4279.5,4992.75,47550
2025-05-06 04:33:05.671660,4756.0,5231.6,4280.400000000001,4993.8,47560
2025-05-06 04:34:05.671660,4757.0,5232.700000000001,4281.3,4994.85,47570
2025-05-06 04:35:05.671660,4758.0,5233.8,4282.2,4995.900000000001,47580
2025-05-06 04:36:05.671660,4759.0,5234.900000000001,4283.1,4996.95,47590
2025-05-06 04:37:05.671660,4760.0,5236.0,4284.0,4998.0,47600
2025-05-06 04:38:05.671660,4761.0,5237.1,4284.900000000001,4999.05,47610
2025-05-06 04:39:05.671660,4762.0,5238.200000000001,4285.8,5000.1,47620
2025-05-06 04:40:05.671660,4763.0,5239.3,4286.7,5001.150000000001,47630
2025-05-06 04:41:05.671660,4764.0,5240.400000000001,4287.6,5002.2,47640
2025-05-06 04:42:05.671660,4765.0,5241.5,4288.5,5003.25,47650
2025-05-06 04:43:05.671660,4766.0,5242.6,4289.400000000001,5004.3,47660
2025-05-06 04:44:05.671660,4767.0,5243.700000000001,4290.3,5005.35,47670
2025-05-06 04:45:05.671660,4768.0,5244.8,4291.2,5006.400000000001,47680
2025-05-06 04:46:05.671660,4769.0,5245.900000000001,4292.1,5007.45,47690
2025-05-06 04:47:05.671660,4770.0,5247.0,4293.0,5008.5,47700
2025-05-06 04:48:05.671660,4771.0,5248.1,4293.900000000001,5009.55,47710
2025-05-06 04:49:05.671660,4772.0,5249.200000000001,4294.8,5010.6,47720
2025-05-06 04:50:05.671660,4773.0,5250.3,4295.7,5011.650000000001,47730
2025-05-06 04:51:05.671660,4774.0,5251.400000000001,4296.6,5012.7,47740
2025-05-06 04:52:05.671660,4775.0,5252.5,4297.5,5013.75,47750
2025-05-06 04:53:05.671660,4776.0,5253.6,4298.400000000001,5014.8,47760
2025-05-06 04:54:05.671660,4777.0,5254.700000000001,4299.3,5015.85,47770
2025-05-06 04:55:05.671660,4778.0,5255.8,4300.2,5016.900000000001,47780
2025-05-06 04:56:05.671660,4779.0,5256.900000000001,4301.1,5017.95,47790
2025-05-06 04:57:05.671660,4780.0,5258.0,4302.0,5019.0,47800
2025-05-06 04:58:05.671660,4781.0,5259.1,4302.900000000001,5020.05,47810
2025-05-06 04:59:05.671660,4782.0,5260.200000000001,4303.8,5021.1,47820
2025-05-06 05:00:05.671660,4783.0,5261.3,4304.7,5022.150000000001,47830
2025-05-06 05:01:05.671660,4784.0,5262.400000000001,4305.6,5023.2,47840
2025-05-06 05:02:05.671660,4785.0,5263.5,4306.5,5024.25,47850
2025-05-06 05:03:05.671660,4786.0,5264.6,4307.400000000001,5025.3,47860
2025-05-06 05:04:05.671660,4787.0,5265.700000000001,4308.3,5026.35,47870
2025-05-06 05:05:05.671660,4788.0,5266.8,4309.2,5027.400000000001,47880
2025-05-06 05:06:05.671660,4789.0,5267.900000000001,4310.1,5028.45,47890
2025-05-06 05:07:05.671660,4790.0,5269.0,4311.0,5029.5,47900
2025-05-06 05:08:05.671660,4791.0,5270.1,4311.900000000001,5030.55,47910
2025-05-06 05:09:05.671660,4792.0,5271.200000000001,4312.8,5031.6,47920
2025-05-06 05:10:05.671660,4793.0,5272.3,4313.7,5032.650000000001,47930
2025-05-06 05:11:05.671660,4794.0,5273.400000000001,4314.6,5033.7,47940
2025-05-06 05:12:05.671660,4795.0,5274.5,4315.5,5034.75,47950
2025-05-06 05:13:05.671660,4796.0,5275.6,4316.400000000001,5035.8,47960
2025-05-06 05:14:05.671660,4797.0,5276.700000000001,4317.3,5036.85,47970
2025-05-06 05:15:05.671660,4798.0,5277.8,4318.2,5037.900000000001,47980
2025-05-06 05:16:05.671660,4799.0,5278.900000000001,4319.1,5038.95,47990
2025-05-06 05:17:05.671660,4800.0,5280.0,4320.0,5040.0,48000
2025-05-06 05:18:05.671660,4801.0,5281.1,4320.900000000001,5041.05,48010
2025-05-06 05:19:05.671660,4802.0,5282.200000000001,4321.8,5042.1,48020
2025-05-06 05:20:05.671660,4803.0,5283.3,4322.7,5043.150000000001,48030
2025-05-06 05:21:05.671660,4804.0,5284.400000000001,4323.6,5044.2,48040
2025-05-06 05:22:05.671660,4805.0,5285.5,4324.5,5045.25,48050
2025-05-06 05:23:05.671660,4806.0,5286.6,4325.400000000001,5046.3,48060
2025-05-06 05:24:05.671660,4807.0,5287.700000000001,4326.3,5047.35,48070
2025-05-06 05:25:05.671660,4808.0,5288.8,4327.2,5048.400000000001,48080
2025-05-06 05:26:05.671660,4809.0,5289.900000000001,4328.1,5049.45,48090
2025-05-06 05:27:05.671660,4810.0,5291.0,4329.0,5050.5,48100
2025-05-06 05:28:05.671660,4811.0,5292.1,4329.900000000001,5051.55,48110
2025-05-06 05:29:05.671660,4812.0,5293.200000000001,4330.8,5052.6,48120
2025-05-06 05:30:05.671660,4813.0,5294.3,4331.7,5053.650000000001,48130
2025-05-06 05:31:05.671660,4814.0,5295.400000000001,4332.6,5054.7,48140
2025-05-06 05:32:05.671660,4815.0,5296.5,4333.5,5055.75,48150
2025-05-06 05:33:05.671660,4816.0,5297.6,4334.400000000001,5056.8,48160
2025-05-06 05:34:05.671660,4817.0,5298.700000000001,4335.3,5057.85,48170
2025-05-06 05:35:05.671660,4818.0,5299.8,4336.2,5058.900000000001,48180
2025-05-06 05:36:05.671660,4819.0,5300.900000000001,4337.1,5059.95,48190
2025-05-06 05:37:05.671660,4820.0,5302.0,4338.0,5061.0,48200
2025-05-06 05:38:05.671660,4821.0,5303.1,4338.900000000001,5062.05,48210
2025-05-06 05:39:05.671660,4822.0,5304.200000000001,4339.8,5063.1,48220
2025-05-06 05:40:05.671660,4823.0,5305.3,4340.7,5064.150000000001,48230
2025-05-06 05:41:05.671660,4824.0,5306.400000000001,4341.6,5065.2,48240
2025-05-06 05:42:05.671660,4825.0,5307.5,4342.5,5066.25,48250
2025-05-06 05:43:05.671660,4826.0,5308.6,4343.400000000001,5067.3,48260
2025-05-06 05:44:05.671660,4827.0,5309.700000000001,4344.3,5068.35,48270
2025-05-06 05:45:05.671660,4828.0,5310.8,4345.2,5069.400000000001,48280
2025-05-06 05:46:05.671660,4829.0,5311.900000000001,4346.1,5070.45,48290
2025-05-06 05:47:05.671660,4830.0,5313.0,4347.0,5071.5,48300
2025-05-06 05:48:05.671660,4831.0,5314.1,4347.900000000001,5072.55,48310
2025-05-06 05:49:05.671660,4832.0,5315.200000000001,4348.8,5073.6,48320
2025-05-06 05:50:05.671660,4833.0,5316.3,4349.7,5074.650000000001,48330
2025-05-06 05:51:05.671660,4834.0,5317.400000000001,4350.6,5075.7,48340
2025-05-06 05:52:05.671660,4835.0,5318.5,4351.5,5076.75,48350
2025-05-06 05:53:05.671660,4836.0,5319.6,4352.400000000001,5077.8,48360
2025-05-06 05:54:05.671660,4837.0,5320.700000000001,4353.3,5078.85,48370
2025-05-06 05:55:05.671660,4838.0,5321.8,4354.2,5079.900000000001,48380
2025-05-06 05:56:05.671660,4839.0,5322.900000000001,4355.1,5080.95,48390
2025-05-06 05:57:05.671660,4840.0,5324.0,4356.0,5082.0,48400
2025-05-06 05:58:05.671660,4841.0,5325.1,4356.900000000001,5083.05,48410
2025-05-06 05:59:05.671660,4842.0,5326.200000000001,4357.8,5084.1,48420
2025-05-06 06:00:05.671660,4843.0,5327.3,4358.7,5085.150000000001,48430
2025-05-06 06:01:05.671660,4844.0,5328.400000000001,4359.6,5086.2,48440
2025-05-06 06:02:05.671660,4845.0,5329.5,4360.5,5087.25,48450
2025-05-06 06:03:05.671660,4846.0,5330.6,4361.400000000001,5088.3,48460
2025-05-06 06:04:05.671660,4847.0,5331.700000000001,4362.3,5089.35,48470
2025-05-06 06:05:05.671660,4848.0,5332.8,4363.2,5090.400000000001,48480
2025-05-06 06:06:05.671660,4849.0,5333.900000000001,4364.1,5091.45,48490
2025-05-06 06:07:05.671660,4850.0,5335.0,4365.0,5092.5,48500
2025-05-06 06:08:05.671660,4851.0,5336.1,4365.900000000001,5093.55,48510
2025-05-06 06:09:05.671660,4852.0,5337.200000000001,4366.8,5094.6,48520
2025-05-06 06:10:05.671660,4853.0,5338.3,4367.7,5095.650000000001,48530
2025-05-06 06:11:05.671660,4854.0,5339.400000000001,4368.6,5096.7,48540
2025-05-06 06:12:05.671660,4855.0,5340.5,4369.5,5097.75,48550
2025-05-06 06:13:05.671660,4856.0,5341.6,4370.400000000001,5098.8,48560
2025-05-06 06:14:05.671660,4857.0,5342.700000000001,4371.3,5099.85,48570
2025-05-06 06:15:05.671660,4858.0,5343.8,4372.2,5100.900000000001,48580
2025-05-06 06:16:05.671660,4859.0,5344.900000000001,4373.1,5101.95,48590
2025-05-06 06:17:05.671660,4860.0,5346.0,4374.0,5103.0,48600
2025-05-06 06:18:05.671660,4861.0,5347.1,4374.900000000001,5104.05,48610
2025-05-06 06:19:05.671660,4862.0,5348.200000000001,4375.8,5105.1,48620
2025-05-06 06:20:05.671660,4863.0,5349.3,4376.7,5106.150000000001,48630
2025-05-06 06:21:05.671660,4864.0,5350.400000000001,4377.6,5107.2,48640
2025-05-06 06:22:05.671660,4865.0,5351.5,4378.5,5108.25,48650
2025-05-06 06:23:05.671660,4866.0,5352.6,4379.400000000001,5109.3,48660
2025-05-06 06:24:05.671660,4867.0,5353.700000000001,4380.3,5110.35,48670
2025-05-06 06:25:05.671660,4868.0,5354.8,4381.2,5111.400000000001,48680
2025-05-06 06:26:05.671660,4869.0,5355.900000000001,4382.1,5112.45,48690
2025-05-06 06:27:05.671660,4870.0,5357.0,4383.0,5113.5,48700
2025-05-06 06:28:05.671660,4871.0,5358.1,4383.900000000001,5114.55,48710
2025-05-06 06:29:05.671660,4872.0,5359.200000000001,4384.8,5115.6,48720
2025-05-06 06:30:05.671660,4873.0,5360.3,4385.7,5116.650000000001,48730
2025-05-06 06:31:05.671660,4874.0,5361.400000000001,4386.6,5117.7,48740
2025-05-06 06:32:05.671660,4875.0,5362.5,4387.5,5118.75,48750
2025-05-06 06:33:05.671660,4876.0,5363.6,4388.400000000001,5119.8,48760
2025-05-06 06:34:05.671660,4877.0,5364.700000000001,4389.3,5120.85,48770
2025-05-06 06:35:05.671660,4878.0,5365.8,4390.2,5121.900000000001,48780
2025-05-06 06:36:05.671660,4879.0,5366.900000000001,4391.1,5122.95,48790
2025-05-06 06:37:05.671660,4880.0,5368.0,4392.0,5124.0,48800
2025-05-06 06:38:05.671660,4881.0,5369.1,4392.900000000001,5125.05,48810
2025-05-06 06:39:05.671660,4882.0,5370.200000000001,4393.8,5126.1,48820
2025-05-06 06:40:05.671660,4883.0,5371.3,4394.7,5127.150000000001,48830
2025-05-06 06:41:05.671660,4884.0,5372.400000000001,4395.6,5128.2,48840
2025-05-06 06:42:05.671660,4885.0,5373.5,4396.5,5129.25,48850
2025-05-06 06:43:05.671660,4886.0,5374.6,4397.400000000001,5130.3,48860
2025-05-06 06:44:05.671660,4887.0,5375.700000000001,4398.3,5131.35,48870
2025-05-06 06:45:05.671660,4888.0,5376.8,4399.2,5132.400000000001,48880
2025-05-06 06:46:05.671660,4889.0,5377.900000000001,4400.1,5133.45,48890
2025-05-06 06:47:05.671660,4890.0,5379.0,4401.0,5134.5,48900
2025-05-06 06:48:05.671660,4891.0,5380.1,4401.900000000001,5135.55,48910
2025-05-06 06:49:05.671660,4892.0,5381.200000000001,4402.8,5136.6,48920
2025-05-06 06:50:05.671660,4893.0,5382.3,4403.7,5137.650000000001,48930
2025-05-06 06:51:05.671660,4894.0,5383.400000000001,4404.6,5138.7,48940
2025-05-06 06:52:05.671660,4895.0,5384.5,4405.5,5139.75,48950
2025-05-06 06:53:05.671660,4896.0,5385.6,4406.400000000001,5140.8,48960
2025-05-06 06:54:05.671660,4897.0,5386.700000000001,4407.3,5141.85,48970
2025-05-06 06:55:05.671660,4898.0,5387.8,4408.2,5142.900000000001,48980
2025-05-06 06:56:05.671660,4899.0,5388.900000000001,4409.1,5143.95,48990
2025-05-06 06:57:05.671660,4900.0,5390.0,4410.0,5145.0,49000
2025-05-06 06:58:05.671660,4901.0,5391.1,4410.900000000001,5146.05,49010
2025-05-06 06:59:05.671660,4902.0,5392.200000000001,4411.8,5147.1,49020
2025-05-06 07:00:05.671660,4903.0,5393.3,4412.7,5148.150000000001,49030
2025-05-06 07:01:05.671660,4904.0,5394.400000000001,4413.6,5149.2,49040
2025-05-06 07:02:05.671660,4905.0,5395.5,4414.5,5150.25,49050
2025-05-06 07:03:05.671660,4906.0,5396.6,4415.400000000001,5151.3,49060
2025-05-06 07:04:05.671660,4907.0,5397.700000000001,4416.3,5152.35,49070
2025-05-06 07:05:05.671660,4908.0,5398.8,4417.2,5153.400000000001,49080
2025-05-06 07:06:05.671660,4909.0,5399.900000000001,4418.1,5154.45,49090
2025-05-06 07:07:05.671660,4910.0,5401.0,4419.0,5155.5,49100
2025-05-06 07:08:05.671660,4911.0,5402.1,4419.900000000001,5156.55,49110
2025-05-06 07:09:05.671660,4912.0,5403.200000000001,4420.8,5157.6,49120
2025-05-06 07:10:05.671660,4913.0,5404.3,4421.7,5158.650000000001,49130
2025-05-06 07:11:05.671660,4914.0,5405.400000000001,4422.6,5159.7,49140
2025-05-06 07:12:05.671660,4915.0,5406.5,4423.5,5160.75,49150
2025-05-06 07:13:05.671660,4916.0,5407.6,4424.400000000001,5161.8,49160
2025-05-06 07:14:05.671660,4917.0,5408.700000000001,4425.3,5162.85,49170
2025-05-06 07:15:05.671660,4918.0,5409.8,4426.2,5163.900000000001,49180
2025-05-06 07:16:05.671660,4919.0,5410.900000000001,4427.1,5164.95,49190
2025-05-06 07:17:05.671660,4920.0,5412.0,4428.0,5166.0,49200
2025-05-06 07:18:05.671660,4921.0,5413.1,4428.900000000001,5167.05,49210
2025-05-06 07:19:05.671660,4922.0,5414.200000000001,4429.8,5168.1,49220
2025-05-06 07:20:05.671660,4923.0,5415.3,4430.7,5169.150000000001,49230
2025-05-06 07:21:05.671660,4924.0,5416.400000000001,4431.6,5170.2,49240
2025-05-06 07:22:05.671660,4925.0,5417.5,4432.5,5171.25,49250
2025-05-06 07:23:05.671660,4926.0,5418.6,4433.400000000001,5172.3,49260
2025-05-06 07:24:05.671660,4927.0,5419.700000000001,4434.3,5173.35,49270
2025-05-06 07:25:05.671660,4928.0,5420.8,4435.2,5174.400000000001,49280
2025-05-06 07:26:05.671660,4929.0,5421.900000000001,4436.1,5175.45,49290
2025-05-06 07:27:05.671660,4930.0,5423.0,4437.0,5176.5,49300
2025-05-06 07:28:05.671660,4931.0,5424.1,4437.900000000001,5177.55,49310
2025-05-06 07:29:05.671660,4932.0,5425.200000000001,4438.8,5178.6,49320
2025-05-06 07:30:05.671660,4933.0,5426.3,4439.7,5179.650000000001,49330
2025-05-06 07:31:05.671660,4934.0,5427.400000000001,4440.6,5180.7,49340
2025-05-06 07:32:05.671660,4935.0,5428.5,4441.5,5181.75,49350
2025-05-06 07:33:05.671660,4936.0,5429.6,4442.400000000001,5182.8,49360
2025-05-06 07:34:05.671660,4937.0,5430.700000000001,4443.3,5183.85,49370
2025-05-06 07:35:05.671660,4938.0,5431.8,4444.2,5184.900000000001,49380
2025-05-06 07:36:05.671660,4939.0,5432.900000000001,4445.1,5185.95,49390
2025-05-06 07:37:05.671660,4940.0,5434.0,4446.0,5187.0,49400
2025-05-06 07:38:05.671660,4941.0,5435.1,4446.900000000001,5188.05,49410
2025-05-06 07:39:05.671660,4942.0,5436.200000000001,4447.8,5189.1,49420
2025-05-06 07:40:05.671660,4943.0,5437.3,4448.7,5190.150000000001,49430
2025-05-06 07:41:05.671660,4944.0,5438.400000000001,4449.6,5191.2,49440
2025-05-06 07:42:05.671660,4945.0,5439.5,4450.5,5192.25,49450
2025-05-06 07:43:05.671660,4946.0,5440.6,4451.400000000001,5193.3,49460
2025-05-06 07:44:05.671660,4947.0,5441.700000000001,4452.3,5194.35,49470
2025-05-06 07:45:05.671660,4948.0,5442.8,4453.2,5195.400000000001,49480
2025-05-06 07:46:05.671660,4949.0,5443.900000000001,4454.1,5196.45,49490
2025-05-06 07:47:05.671660,4950.0,5445.0,4455.0,5197.5,49500
2025-05-06 07:48:05.671660,4951.0,5446.1,4455.900000000001,5198.55,49510
2025-05-06 07:49:05.671660,4952.0,5447.200000000001,4456.8,5199.6,49520
2025-05-06 07:50:05.671660,4953.0,5448.3,4457.7,5200.650000000001,49530
2025-05-06 07:51:05.671660,4954.0,5449.400000000001,4458.6,5201.7,49540
2025-05-06 07:52:05.671660,4955.0,5450.5,4459.5,5202.75,49550
2025-05-06 07:53:05.671660,4956.0,5451.6,4460.400000000001,5203.8,49560
2025-05-06 07:54:05.671660,4957.0,5452.700000000001,4461.3,5204.85,49570
2025-05-06 07:55:05.671660,4958.0,5453.8,4462.2,5205.900000000001,49580
2025-05-06 07:56:05.671660,4959.0,5454.900000000001,4463.1,5206.95,49590
2025-05-06 07:57:05.671660,4960.0,5456.0,4464.0,5208.0,49600
2025-05-06 07:58:05.671660,4961.0,5457.1,4464.900000000001,5209.05,49610
2025-05-06 07:59:05.671660,4962.0,5458.200000000001,4465.8,5210.1,49620
2025-05-06 08:00:05.671660,4963.0,5459.3,4466.7,5211.150000000001,49630
2025-05-06 08:01:05.671660,4964.0,5460.400000000001,4467.6,5212.2,49640
2025-05-06 08:02:05.671660,4965.0,5461.5,4468.5,5213.25,49650
2025-05-06 08:03:05.671660,4966.0,5462.6,4469.400000000001,5214.3,49660
2025-05-06 08:04:05.671660,4967.0,5463.700000000001,4470.3,5215.35,49670
2025-05-06 08:05:05.671660,4968.0,5464.8,4471.2,5216.400000000001,49680
2025-05-06 08:06:05.671660,4969.0,5465.900000000001,4472.1,5217.45,49690
2025-05-06 08:07:05.671660,4970.0,5467.0,4473.0,5218.5,49700
2025-05-06 08:08:05.671660,4971.0,5468.1,4473.900000000001,5219.55,49710
2025-05-06 08:09:05.671660,4972.0,5469.200000000001,4474.8,5220.6,49720
2025-05-06 08:10:05.671660,4973.0,5470.3,4475.7,5221.650000000001,49730
2025-05-06 08:11:05.671660,4974.0,5471.400000000001,4476.6,5222.7,49740
2025-05-06 08:12:05.671660,4975.0,5472.5,4477.5,5223.75,49750
2025-05-06 08:13:05.671660,4976.0,5473.6,4478.400000000001,5224.8,49760
2025-05-06 08:14:05.671660,4977.0,5474.700000000001,4479.3,5225.85,49770
2025-05-06 08:15:05.671660,4978.0,5475.8,4480.2,5226.900000000001,49780
2025-05-06 08:16:05.671660,4979.0,5476.900000000001,4481.1,5227.95,49790
2025-05-06 08:17:05.671660,4980.0,5478.0,4482.0,5229.0,49800
2025-05-06 08:18:05.671660,4981.0,5479.1,4482.900000000001,5230.05,49810
2025-05-06 08:19:05.671660,4982.0,5480.200000000001,4483.8,5231.1,49820
2025-05-06 08:20:05.671660,4983.0,5481.3,4484.7,5232.150000000001,49830
2025-05-06 08:21:05.671660,4984.0,5482.400000000001,4485.6,5233.2,49840
2025-05-06 08:22:05.671660,4985.0,5483.5,4486.5,5234.25,49850
2025-05-06 08:23:05.671660,4986.0,5484.6,4487.400000000001,5235.3,49860
2025-05-06 08:24:05.671660,4987.0,5485.700000000001,4488.3,5236.35,49870
2025-05-06 08:25:05.671660,4988.0,5486.8,4489.2,5237.400000000001,49880
2025-05-06 08:26:05.671660,4989.0,5487.900000000001,4490.1,5238.45,49890
2025-05-06 08:27:05.671660,4990.0,5489.0,4491.0,5239.5,49900
2025-05-06 08:28:05.671660,4991.0,5490.1,4491.900000000001,5240.55,49910
2025-05-06 08:29:05.671660,4992.0,5491.200000000001,4492.8,5241.6,49920
2025-05-06 08:30:05.671660,4993.0,5492.3,4493.7,5242.650000000001,49930
2025-05-06 08:31:05.671660,4994.0,5493.400000000001,4494.6,5243.7,49940
2025-05-06 08:32:05.671660,4995.0,5494.5,4495.5,5244.75,49950
2025-05-06 08:33:05.671660,4996.0,5495.6,4496.400000000001,5245.8,49960
2025-05-06 08:34:05.671660,4997.0,5496.700000000001,4497.3,5246.85,49970
2025-05-06 08:35:05.671660,4998.0,5497.8,4498.2,5247.900000000001,49980
2025-05-06 08:36:05.671660,4999.0,5498.900000000001,4499.1,5248.95,49990
2025-05-06 08:37:05.671660,5000.0,5500.0,4500.0,5250.0,50000
2025-05-06 08:38:05.671660,5001.0,5501.1,4500.900000000001,5251.05,50010
2025-05-06 08:39:05.671660,5002.0,5502.200000000001,4501.8,5252.1,50020
2025-05-06 08:40:05.671660,5003.0,5503.3,4502.7,5253.150000000001,50030
2025-05-06 08:41:05.671660,5004.0,5504.400000000001,4503.6,5254.2,50040
2025-05-06 08:42:05.671660,5005.0,5505.5,4504.5,5255.25,50050
2025-05-06 08:43:05.671660,5006.0,5506.6,4505.400000000001,5256.3,50060
2025-05-06 08:44:05.671660,5007.0,5507.700000000001,4506.3,5257.35,50070
2025-05-06 08:45:05.671660,5008.0,5508.8,4507.2,5258.400000000001,50080
2025-05-06 08:46:05.671660,5009.0,5509.900000000001,4508.1,5259.45,50090
2025-05-06 08:47:05.671660,5010.0,5511.0,4509.0,5260.5,50100
2025-05-06 08:48:05.671660,5011.0,5512.1,4509.900000000001,5261.55,50110
2025-05-06 08:49:05.671660,5012.0,5513.200000000001,4510.8,5262.6,50120
2025-05-06 08:50:05.671660,5013.0,5514.3,4511.7,5263.650000000001,50130
2025-05-06 08:51:05.671660,5014.0,5515.400000000001,4512.6,5264.7,50140
2025-05-06 08:52:05.671660,5015.0,5516.5,4513.5,5265.75,50150
2025-05-06 08:53:05.671660,5016.0,5517.6,4514.400000000001,5266.8,50160
2025-05-06 08:54:05.671660,5017.0,5518.700000000001,4515.3,5267.85,50170
2025-05-06 08:55:05.671660,5018.0,5519.8,4516.2,5268.900000000001,50180
2025-05-06 08:56:05.671660,5019.0,5520.900000000001,4517.1,5269.95,50190
2025-05-06 08:57:05.671660,5020.0,5522.0,4518.0,5271.0,50200
2025-05-06 08:58:05.671660,5021.0,5523.1,4518.900000000001,5272.05,50210
2025-05-06 08:59:05.671660,5022.0,5524.200000000001,4519.8,5273.1,50220
2025-05-06 09:00:05.671660,5023.0,5525.3,4520.7,5274.150000000001,50230
2025-05-06 09:01:05.671660,5024.0,5526.400000000001,4521.6,5275.2,50240
2025-05-06 09:02:05.671660,5025.0,5527.5,4522.5,5276.25,50250
2025-05-06 09:03:05.671660,5026.0,5528.6,4523.400000000001,5277.3,50260
2025-05-06 09:04:05.671660,5027.0,5529.700000000001,4524.3,5278.35,50270
2025-05-06 09:05:05.671660,5028.0,5530.8,4525.2,5279.400000000001,50280
2025-05-06 09:06:05.671660,5029.0,5531.900000000001,4526.1,5280.45,50290
2025-05-06 09:07:05.671660,5030.0,5533.0,4527.0,5281.5,50300
2025-05-06 09:08:05.671660,5031.0,5534.1,4527.900000000001,5282.55,50310
2025-05-06 09:09:05.671660,5032.0,5535.200000000001,4528.8,5283.6,50320
2025-05-06 09:10:05.671660,5033.0,5536.3,4529.7,5284.650000000001,50330
2025-05-06 09:11:05.671660,5034.0,5537.400000000001,4530.6,5285.7,50340
2025-05-06 09:12:05.671660,5035.0,5538.5,4531.5,5286.75,50350
2025-05-06 09:13:05.671660,5036.0,5539.6,4532.400000000001,5287.8,50360
2025-05-06 09:14:05.671660,5037.0,5540.700000000001,4533.3,5288.85,50370
2025-05-06 09:15:05.671660,5038.0,5541.8,4534.2,5289.900000000001,50380
2025-05-06 09:16:05.671660,5039.0,5542.900000000001,4535.1,5290.95,50390
2025-05-06 09:17:05.671660,5040.0,5544.0,4536.0,5292.0,50400
2025-05-06 09:18:05.671660,5041.0,5545.1,4536.900000000001,5293.05,50410
2025-05-06 09:19:05.671660,5042.0,5546.200000000001,4537.8,5294.1,50420
2025-05-06 09:20:05.671660,5043.0,5547.3,4538.7,5295.150000000001,50430
2025-05-06 09:21:05.671660,5044.0,5548.400000000001,4539.6,5296.2,50440
2025-05-06 09:22:05.671660,5045.0,5549.5,4540.5,5297.25,50450
2025-05-06 09:23:05.671660,5046.0,5550.6,4541.400000000001,5298.3,50460
2025-05-06 09:24:05.671660,5047.0,5551.700000000001,4542.3,5299.35,50470
2025-05-06 09:25:05.671660,5048.0,5552.8,4543.2,5300.400000000001,50480
2025-05-06 09:26:05.671660,5049.0,5553.900000000001,4544.1,5301.45,50490
2025-05-06 09:27:05.671660,5050.0,5555.0,4545.0,5302.5,50500
2025-05-06 09:28:05.671660,5051.0,5556.1,4545.900000000001,5303.55,50510
2025-05-06 09:29:05.671660,5052.0,5557.200000000001,4546.8,5304.6,50520
2025-05-06 09:30:05.671660,5053.0,5558.3,4547.7,5305.650000000001,50530
2025-05-06 09:31:05.671660,5054.0,5559.400000000001,4548.6,5306.7,50540
2025-05-06 09:32:05.671660,5055.0,5560.5,4549.5,5307.75,50550
2025-05-06 09:33:05.671660,5056.0,5561.6,4550.400000000001,5308.8,50560
2025-05-06 09:34:05.671660,5057.0,5562.700000000001,4551.3,5309.85,50570
2025-05-06 09:35:05.671660,5058.0,5563.8,4552.2,5310.900000000001,50580
2025-05-06 09:36:05.671660,5059.0,5564.900000000001,4553.1,5311.95,50590
2025-05-06 09:37:05.671660,5060.0,5566.0,4554.0,5313.0,50600
2025-05-06 09:38:05.671660,5061.0,5567.1,4554.900000000001,5314.05,50610
2025-05-06 09:39:05.671660,5062.0,5568.200000000001,4555.8,5315.1,50620
2025-05-06 09:40:05.671660,5063.0,5569.3,4556.7,5316.150000000001,50630
2025-05-06 09:41:05.671660,5064.0,5570.400000000001,4557.6,5317.2,50640
2025-05-06 09:42:05.671660,5065.0,5571.5,4558.5,5318.25,50650
2025-05-06 09:43:05.671660,5066.0,5572.6,4559.400000000001,5319.3,50660
2025-05-06 09:44:05.671660,5067.0,5573.700000000001,4560.3,5320.35,50670
2025-05-06 09:45:05.671660,5068.0,5574.8,4561.2,5321.400000000001,50680
2025-05-06 09:46:05.671660,5069.0,5575.900000000001,4562.1,5322.45,50690
2025-05-06 09:47:05.671660,5070.0,5577.0,4563.0,5323.5,50700
2025-05-06 09:48:05.671660,5071.0,5578.1,4563.900000000001,5324.55,50710
2025-05-06 09:49:05.671660,5072.0,5579.200000000001,4564.8,5325.6,50720
2025-05-06 09:50:05.671660,5073.0,5580.3,4565.7,5326.650000000001,50730
2025-05-06 09:51:05.671660,5074.0,5581.400000000001,4566.6,5327.7,50740
2025-05-06 09:52:05.671660,5075.0,5582.5,4567.5,5328.75,50750
2025-05-06 09:53:05.671660,5076.0,5583.6,4568.400000000001,5329.8,50760
2025-05-06 09:54:05.671660,5077.0,5584.700000000001,4569.3,5330.85,50770
2025-05-06 09:55:05.671660,5078.0,5585.8,4570.2,5331.900000000001,50780
2025-05-06 09:56:05.671660,5079.0,5586.900000000001,4571.1,5332.95,50790
2025-05-06 09:57:05.671660,5080.0,5588.0,4572.0,5334.0,50800
2025-05-06 09:58:05.671660,5081.0,5589.1,4572.900000000001,5335.05,50810
2025-05-06 09:59:05.671660,5082.0,5590.200000000001,4573.8,5336.1,50820
2025-05-06 10:00:05.671660,5083.0,5591.3,4574.7,5337.150000000001,50830
2025-05-06 10:01:05.671660,5084.0,5592.400000000001,4575.6,5338.2,50840
2025-05-06 10:02:05.671660,5085.0,5593.5,4576.5,5339.25,50850
2025-05-06 10:03:05.671660,5086.0,5594.6,4577.400000000001,5340.3,50860
2025-05-06 10:04:05.671660,5087.0,5595.700000000001,4578.3,5341.35,50870
2025-05-06 10:05:05.671660,5088.0,5596.8,4579.2,5342.400000000001,50880
2025-05-06 10:06:05.671660,5089.0,5597.900000000001,4580.1,5343.45,50890
2025-05-06 10:07:05.671660,5090.0,5599.0,4581.0,5344.5,50900
2025-05-06 10:08:05.671660,5091.0,5600.1,4581.900000000001,5345.55,50910
2025-05-06 10:09:05.671660,5092.0,5601.200000000001,4582.8,5346.6,50920
2025-05-06 10:10:05.671660,5093.0,5602.3,4583.7,5347.650000000001,50930
2025-05-06 10:11:05.671660,5094.0,5603.400000000001,4584.6,5348.7,50940
2025-05-06 10:12:05.671660,5095.0,5604.5,4585.5,5349.75,50950
2025-05-06 10:13:05.671660,5096.0,5605.6,4586.400000000001,5350.8,50960
2025-05-06 10:14:05.671660,5097.0,5606.700000000001,4587.3,5351.85,50970
2025-05-06 10:15:05.671660,5098.0,5607.8,4588.2,5352.900000000001,50980
2025-05-06 10:16:05.671660,5099.0,5608.900000000001,4589.1,5353.95,50990
2025-05-06 10:17:05.671660,5100.0,5610.0,4590.0,5355.0,51000
2025-05-06 10:18:05.671660,5101.0,5611.1,4590.900000000001,5356.05,51010
2025-05-06 10:19:05.671660,5102.0,5612.200000000001,4591.8,5357.1,51020
2025-05-06 10:20:05.671660,5103.0,5613.3,4592.7,5358.150000000001,51030
2025-05-06 10:21:05.671660,5104.0,5614.400000000001,4593.6,5359.2,51040
2025-05-06 10:22:05.671660,5105.0,5615.5,4594.5,5360.25,51050
2025-05-06 10:23:05.671660,5106.0,5616.6,4595.400000000001,5361.3,51060
2025-05-06 10:24:05.671660,5107.0,5617.700000000001,4596.3,5362.35,51070
2025-05-06 10:25:05.671660,5108.0,5618.8,4597.2,5363.400000000001,51080
2025-05-06 10:26:05.671660,5109.0,5619.900000000001,4598.1,5364.45,51090
2025-05-06 10:27:05.671660,5110.0,5621.0,4599.0,5365.5,51100
2025-05-06 10:28:05.671660,5111.0,5622.1,4599.900000000001,5366.55,51110
2025-05-06 10:29:05.671660,5112.0,5623.200000000001,4600.8,5367.6,51120
2025-05-06 10:30:05.671660,5113.0,5624.3,4601.7,5368.650000000001,51130
2025-05-06 10:31:05.671660,5114.0,5625.400000000001,4602.6,5369.7,51140
2025-05-06 10:32:05.671660,5115.0,5626.5,4603.5,5370.75,51150
2025-05-06 10:33:05.671660,5116.0,5627.6,4604.400000000001,5371.8,51160
2025-05-06 10:34:05.671660,5117.0,5628.700000000001,4605.3,5372.85,51170
2025-05-06 10:35:05.671660,5118.0,5629.8,4606.2,5373.900000000001,51180
2025-05-06 10:36:05.671660,5119.0,5630.900000000001,4607.1,5374.95,51190
2025-05-06 10:37:05.671660,5120.0,5632.0,4608.0,5376.0,51200
2025-05-06 10:38:05.671660,5121.0,5633.1,4608.900000000001,5377.05,51210
2025-05-06 10:39:05.671660,5122.0,5634.200000000001,4609.8,5378.1,51220
2025-05-06 10:40:05.671660,5123.0,5635.3,4610.7,5379.150000000001,51230
2025-05-06 10:41:05.671660,5124.0,5636.400000000001,4611.6,5380.2,51240
2025-05-06 10:42:05.671660,5125.0,5637.500000000001,4612.5,5381.25,51250
2025-05-06 10:43:05.671660,5126.0,5638.6,4613.400000000001,5382.3,51260
2025-05-06 10:44:05.671660,5127.0,5639.700000000001,4614.3,5383.35,51270
2025-05-06 10:45:05.671660,5128.0,5640.8,4615.2,5384.400000000001,51280
2025-05-06 10:46:05.671660,5129.0,5641.900000000001,4616.1,5385.45,51290
2025-05-06 10:47:05.671660,5130.0,5643.000000000001,4617.0,5386.5,51300
2025-05-06 10:48:05.671660,5131.0,5644.1,4617.900000000001,5387.55,51310
2025-05-06 10:49:05.671660,5132.0,5645.200000000001,4618.8,5388.6,51320
2025-05-06 10:50:05.671660,5133.0,5646.3,4619.7,5389.650000000001,51330
2025-05-06 10:51:05.671660,5134.0,5647.400000000001,4620.6,5390.7,51340
2025-05-06 10:52:05.671660,5135.0,5648.500000000001,4621.5,5391.75,51350
2025-05-06 10:53:05.671660,5136.0,5649.6,4622.400000000001,5392.8,51360
2025-05-06 10:54:05.671660,5137.0,5650.700000000001,4623.3,5393.85,51370
2025-05-06 10:55:05.671660,5138.0,5651.8,4624.2,5394.900000000001,51380
2025-05-06 10:56:05.671660,5139.0,5652.900000000001,4625.1,5395.95,51390
2025-05-06 10:57:05.671660,5140.0,5654.000000000001,4626.0,5397.0,51400
2025-05-06 10:58:05.671660,5141.0,5655.1,4626.900000000001,5398.05,51410
2025-05-06 10:59:05.671660,5142.0,5656.200000000001,4627.8,5399.1,51420
2025-05-06 11:00:05.671660,5143.0,5657.3,4628.7,5400.150000000001,51430
2025-05-06 11:01:05.671660,5144.0,5658.400000000001,4629.6,5401.2,51440
2025-05-06 11:02:05.671660,5145.0,5659.500000000001,4630.5,5402.25,51450
2025-05-06 11:03:05.671660,5146.0,5660.6,4631.400000000001,5403.3,51460
2025-05-06 11:04:05.671660,5147.0,5661.700000000001,4632.3,5404.35,51470
2025-05-06 11:05:05.671660,5148.0,5662.8,4633.2,5405.400000000001,51480
2025-05-06 11:06:05.671660,5149.0,5663.900000000001,4634.1,5406.45,51490
2025-05-06 11:07:05.671660,5150.0,5665.000000000001,4635.0,5407.5,51500
2025-05-06 11:08:05.671660,5151.0,5666.1,4635.900000000001,5408.55,51510
2025-05-06 11:09:05.671660,5152.0,5667.200000000001,4636.8,5409.6,51520
2025-05-06 11:10:05.671660,5153.0,5668.3,4637.7,5410.650000000001,51530
2025-05-06 11:11:05.671660,5154.0,5669.400000000001,4638.6,5411.7,51540
2025-05-06 11:12:05.671660,5155.0,5670.500000000001,4639.5,5412.75,51550
2025-05-06 11:13:05.671660,5156.0,5671.6,4640.400000000001,5413.8,51560
2025-05-06 11:14:05.671660,5157.0,5672.700000000001,4641.3,5414.85,51570
2025-05-06 11:15:05.671660,5158.0,5673.8,4642.2,5415.900000000001,51580
2025-05-06 11:16:05.671660,5159.0,5674.900000000001,4643.1,5416.95,51590
2025-05-06 11:17:05.671660,5160.0,5676.000000000001,4644.0,5418.0,51600
2025-05-06 11:18:05.671660,5161.0,5677.1,4644.900000000001,5419.05,51610
2025-05-06 11:19:05.671660,5162.0,5678.200000000001,4645.8,5420.1,51620
2025-05-06 11:20:05.671660,5163.0,5679.3,4646.7,5421.150000000001,51630
2025-05-06 11:21:05.671660,5164.0,5680.400000000001,4647.6,5422.2,51640
2025-05-06 11:22:05.671660,5165.0,5681.500000000001,4648.5,5423.25,51650
2025-05-06 11:23:05.671660,5166.0,5682.6,4649.400000000001,5424.3,51660
2025-05-06 11:24:05.671660,5167.0,5683.700000000001,4650.3,5425.35,51670
2025-05-06 11:25:05.671660,5168.0,5684.8,4651.2,5426.400000000001,51680
2025-05-06 11:26:05.671660,5169.0,5685.900000000001,4652.1,5427.45,51690
2025-05-06 11:27:05.671660,5170.0,5687.000000000001,4653.0,5428.5,51700
2025-05-06 11:28:05.671660,5171.0,5688.1,4653.900000000001,5429.55,51710
2025-05-06 11:29:05.671660,5172.0,5689.200000000001,4654.8,5430.6,51720
2025-05-06 11:30:05.671660,5173.0,5690.3,4655.7,5431.650000000001,51730
2025-05-06 11:31:05.671660,5174.0,5691.400000000001,4656.6,5432.7,51740
2025-05-06 11:32:05.671660,5175.0,5692.500000000001,4657.5,5433.75,51750
2025-05-06 11:33:05.671660,5176.0,5693.6,4658.400000000001,5434.8,51760
2025-05-06 11:34:05.671660,5177.0,5694.700000000001,4659.3,5435.85,51770
2025-05-06 11:35:05.671660,5178.0,5695.8,4660.2,5436.900000000001,51780
2025-05-06 11:36:05.671660,5179.0,5696.900000000001,4661.1,5437.95,51790
2025-05-06 11:37:05.671660,5180.0,5698.000000000001,4662.0,5439.0,51800
2025-05-06 11:38:05.671660,5181.0,5699.1,4662.900000000001,5440.05,51810
2025-05-06 11:39:05.671660,5182.0,5700.200000000001,4663.8,5441.1,51820
2025-05-06 11:40:05.671660,5183.0,5701.3,4664.7,5442.150000000001,51830
2025-05-06 11:41:05.671660,5184.0,5702.400000000001,4665.6,5443.2,51840
2025-05-06 11:42:05.671660,5185.0,5703.500000000001,4666.5,5444.25,51850
2025-05-06 11:43:05.671660,5186.0,5704.6,4667.400000000001,5445.3,51860
2025-05-06 11:44:05.671660,5187.0,5705.700000000001,4668.3,5446.35,51870
2025-05-06 11:45:05.671660,5188.0,5706.8,4669.2,5447.400000000001,51880
2025-05-06 11:46:05.671660,5189.0,5707.900000000001,4670.1,5448.45,51890
2025-05-06 11:47:05.671660,5190.0,5709.000000000001,4671.0,5449.5,51900
2025-05-06 11:48:05.671660,5191.0,5710.1,4671.900000000001,5450.55,51910
2025-05-06 11:49:05.671660,5192.0,5711.200000000001,4672.8,5451.6,51920
2025-05-06 11:50:05.671660,5193.0,5712.3,4673.7,5452.650000000001,51930
2025-05-06 11:51:05.671660,5194.0,5713.400000000001,4674.6,5453.7,51940
2025-05-06 11:52:05.671660,5195.0,5714.500000000001,4675.5,5454.75,51950
2025-05-06 11:53:05.671660,5196.0,5715.6,4676.400000000001,5455.8,51960
2025-05-06 11:54:05.671660,5197.0,5716.700000000001,4677.3,5456.85,51970
2025-05-06 11:55:05.671660,5198.0,5717.8,4678.2,5457.900000000001,51980
2025-05-06 11:56:05.671660,5199.0,5718.900000000001,4679.1,5458.95,51990
2025-05-06 11:57:05.671660,5200.0,5720.000000000001,4680.0,5460.0,52000
2025-05-06 11:58:05.671660,5201.0,5721.1,4680.900000000001,5461.05,52010
2025-05-06 11:59:05.671660,5202.0,5722.200000000001,4681.8,5462.1,52020
2025-05-06 12:00:05.671660,5203.0,5723.3,4682.7,5463.150000000001,52030
2025-05-06 12:01:05.671660,5204.0,5724.400000000001,4683.6,5464.2,52040
2025-05-06 12:02:05.671660,5205.0,5725.500000000001,4684.5,5465.25,52050
2025-05-06 12:03:05.671660,5206.0,5726.6,4685.400000000001,5466.3,52060
2025-05-06 12:04:05.671660,5207.0,5727.700000000001,4686.3,5467.35,52070
2025-05-06 12:05:05.671660,5208.0,5728.8,4687.2,5468.400000000001,52080
2025-05-06 12:06:05.671660,5209.0,5729.900000000001,4688.1,5469.45,52090
2025-05-06 12:07:05.671660,5210.0,5731.000000000001,4689.0,5470.5,52100
2025-05-06 12:08:05.671660,5211.0,5732.1,4689.900000000001,5471.55,52110
2025-05-06 12:09:05.671660,5212.0,5733.200000000001,4690.8,5472.6,52120
2025-05-06 12:10:05.671660,5213.0,5734.3,4691.7,5473.650000000001,52130
2025-05-06 12:11:05.671660,5214.0,5735.400000000001,4692.6,5474.7,52140
2025-05-06 12:12:05.671660,5215.0,5736.500000000001,4693.5,5475.75,52150
2025-05-06 12:13:05.671660,5216.0,5737.6,4694.400000000001,5476.8,52160
2025-05-06 12:14:05.671660,5217.0,5738.700000000001,4695.3,5477.85,52170
2025-05-06 12:15:05.671660,5218.0,5739.8,4696.2,5478.900000000001,52180
2025-05-06 12:16:05.671660,5219.0,5740.900000000001,4697.1,5479.95,52190
2025-05-06 12:17:05.671660,5220.0,5742.000000000001,4698.0,5481.0,52200
2025-05-06 12:18:05.671660,5221.0,5743.1,4698.900000000001,5482.05,52210
2025-05-06 12:19:05.671660,5222.0,5744.200000000001,4699.8,5483.1,52220
2025-05-06 12:20:05.671660,5223.0,5745.3,4700.7,5484.150000000001,52230
2025-05-06 12:21:05.671660,5224.0,5746.400000000001,4701.6,5485.2,52240
2025-05-06 12:22:05.671660,5225.0,5747.500000000001,4702.5,5486.25,52250
2025-05-06 12:23:05.671660,5226.0,5748.6,4703.400000000001,5487.3,52260
2025-05-06 12:24:05.671660,5227.0,5749.700000000001,4704.3,5488.35,52270
2025-05-06 12:25:05.671660,5228.0,5750.8,4705.2,5489.400000000001,52280
2025-05-06 12:26:05.671660,5229.0,5751.900000000001,4706.1,5490.45,52290
2025-05-06 12:27:05.671660,5230.0,5753.000000000001,4707.0,5491.5,52300
2025-05-06 12:28:05.671660,5231.0,5754.1,4707.900000000001,5492.55,52310
2025-05-06 12:29:05.671660,5232.0,5755.200000000001,4708.8,5493.6,52320
2025-05-06 12:30:05.671660,5233.0,5756.3,4709.7,5494.650000000001,52330
2025-05-06 12:31:05.671660,5234.0,5757.400000000001,4710.6,5495.7,52340
2025-05-06 12:32:05.671660,5235.0,5758.500000000001,4711.5,5496.75,52350
2025-05-06 12:33:05.671660,5236.0,5759.6,4712.400000000001,5497.8,52360
2025-05-06 12:34:05.671660,5237.0,5760.700000000001,4713.3,5498.85,52370
2025-05-06 12:35:05.671660,5238.0,5761.8,4714.2,5499.900000000001,52380
2025-05-06 12:36:05.671660,5239.0,5762.900000000001,4715.1,5500.95,52390
2025-05-06 12:37:05.671660,5240.0,5764.000000000001,4716.0,5502.0,52400
2025-05-06 12:38:05.671660,5241.0,5765.1,4716.900000000001,5503.05,52410
2025-05-06 12:39:05.671660,5242.0,5766.200000000001,4717.8,5504.1,52420
2025-05-06 12:40:05.671660,5243.0,5767.3,4718.7,5505.150000000001,52430
2025-05-06 12:41:05.671660,5244.0,5768.400000000001,4719.6,5506.2,52440
2025-05-06 12:42:05.671660,5245.0,5769.500000000001,4720.5,5507.25,52450
2025-05-06 12:43:05.671660,5246.0,5770.6,4721.400000000001,5508.3,52460
2025-05-06 12:44:05.671660,5247.0,5771.700000000001,4722.3,5509.35,52470
2025-05-06 12:45:05.671660,5248.0,5772.8,4723.2,5510.400000000001,52480
2025-05-06 12:46:05.671660,5249.0,5773.900000000001,4724.1,5511.45,52490
2025-05-06 12:47:05.671660,5250.0,5775.000000000001,4725.0,5512.5,52500
2025-05-06 12:48:05.671660,5251.0,5776.1,4725.900000000001,5513.55,52510
2025-05-06 12:49:05.671660,5252.0,5777.200000000001,4726.8,5514.6,52520
2025-05-06 12:50:05.671660,5253.0,5778.3,4727.7,5515.650000000001,52530
2025-05-06 12:51:05.671660,5254.0,5779.400000000001,4728.6,5516.7,52540
2025-05-06 12:52:05.671660,5255.0,5780.500000000001,4729.5,5517.75,52550
2025-05-06 12:53:05.671660,5256.0,5781.6,4730.400000000001,5518.8,52560
2025-05-06 12:54:05.671660,5257.0,5782.700000000001,4731.3,5519.85,52570
2025-05-06 12:55:05.671660,5258.0,5783.8,4732.2,5520.900000000001,52580
2025-05-06 12:56:05.671660,5259.0,5784.900000000001,4733.1,5521.95,52590
2025-05-06 12:57:05.671660,5260.0,5786.000000000001,4734.0,5523.0,52600
2025-05-06 12:58:05.671660,5261.0,5787.1,4734.900000000001,5524.05,52610
2025-05-06 12:59:05.671660,5262.0,5788.200000000001,4735.8,5525.1,52620
2025-05-06 13:00:05.671660,5263.0,5789.3,4736.7,5526.150000000001,52630
2025-05-06 13:01:05.671660,5264.0,5790.400000000001,4737.6,5527.2,52640
2025-05-06 13:02:05.671660,5265.0,5791.500000000001,4738.5,5528.25,52650
2025-05-06 13:03:05.671660,5266.0,5792.6,4739.400000000001,5529.3,52660
2025-05-06 13:04:05.671660,5267.0,5793.700000000001,4740.3,5530.35,52670
2025-05-06 13:05:05.671660,5268.0,5794.8,4741.2,5531.400000000001,52680
2025-05-06 13:06:05.671660,5269.0,5795.900000000001,4742.1,5532.45,52690
2025-05-06 13:07:05.671660,5270.0,5797.000000000001,4743.0,5533.5,52700
2025-05-06 13:08:05.671660,5271.0,5798.1,4743.900000000001,5534.55,52710
2025-05-06 13:09:05.671660,5272.0,5799.200000000001,4744.8,5535.6,52720
2025-05-06 13:10:05.671660,5273.0,5800.3,4745.7,5536.650000000001,52730
2025-05-06 13:11:05.671660,5274.0,5801.400000000001,4746.6,5537.7,52740
2025-05-06 13:12:05.671660,5275.0,5802.500000000001,4747.5,5538.75,52750
2025-05-06 13:13:05.671660,5276.0,5803.6,4748.400000000001,5539.8,52760
2025-05-06 13:14:05.671660,5277.0,5804.700000000001,4749.3,5540.85,52770
2025-05-06 13:15:05.671660,5278.0,5805.8,4750.2,5541.900000000001,52780
2025-05-06 13:16:05.671660,5279.0,5806.900000000001,4751.1,5542.95,52790
2025-05-06 13:17:05.671660,5280.0,5808.000000000001,4752.0,5544.0,52800
2025-05-06 13:18:05.671660,5281.0,5809.1,4752.900000000001,5545.05,52810
2025-05-06 13:19:05.671660,5282.0,5810.200000000001,4753.8,5546.1,52820
2025-05-06 13:20:05.671660,5283.0,5811.3,4754.7,5547.150000000001,52830
2025-05-06 13:21:05.671660,5284.0,5812.400000000001,4755.6,5548.2,52840
2025-05-06 13:22:05.671660,5285.0,5813.500000000001,4756.5,5549.25,52850
2025-05-06 13:23:05.671660,5286.0,5814.6,4757.400000000001,5550.3,52860
2025-05-06 13:24:05.671660,5287.0,5815.700000000001,4758.3,5551.35,52870
2025-05-06 13:25:05.671660,5288.0,5816.8,4759.2,5552.400000000001,52880
2025-05-06 13:26:05.671660,5289.0,5817.900000000001,4760.1,5553.45,52890
2025-05-06 13:27:05.671660,5290.0,5819.000000000001,4761.0,5554.5,52900
2025-05-06 13:28:05.671660,5291.0,5820.1,4761.900000000001,5555.55,52910
2025-05-06 13:29:05.671660,5292.0,5821.200000000001,4762.8,5556.6,52920
2025-05-06 13:30:05.671660,5293.0,5822.3,4763.7,5557.650000000001,52930
2025-05-06 13:31:05.671660,5294.0,5823.400000000001,4764.6,5558.7,52940
2025-05-06 13:32:05.671660,5295.0,5824.500000000001,4765.5,5559.75,52950
2025-05-06 13:33:05.671660,5296.0,5825.6,4766.400000000001,5560.8,52960
2025-05-06 13:34:05.671660,5297.0,5826.700000000001,4767.3,5561.85,52970
2025-05-06 13:35:05.671660,5298.0,5827.8,4768.2,5562.900000000001,52980
2025-05-06 13:36:05.671660,5299.0,5828.900000000001,4769.1,5563.95,52990
2025-05-06 13:37:05.671660,5300.0,5830.000000000001,4770.0,5565.0,53000
2025-05-06 13:38:05.671660,5301.0,5831.1,4770.900000000001,5566.05,53010
2025-05-06 13:39:05.671660,5302.0,5832.200000000001,4771.8,5567.1,53020
2025-05-06 13:40:05.671660,5303.0,5833.3,4772.7,5568.150000000001,53030
2025-05-06 13:41:05.671660,5304.0,5834.400000000001,4773.6,5569.2,53040
2025-05-06 13:42:05.671660,5305.0,5835.500000000001,4774.5,5570.25,53050
2025-05-06 13:43:05.671660,5306.0,5836.6,4775.400000000001,5571.3,53060
2025-05-06 13:44:05.671660,5307.0,5837.700000000001,4776.3,5572.35,53070
2025-05-06 13:45:05.671660,5308.0,5838.8,4777.2,5573.400000000001,53080
2025-05-06 13:46:05.671660,5309.0,5839.900000000001,4778.1,5574.45,53090
2025-05-06 13:47:05.671660,5310.0,5841.000000000001,4779.0,5575.5,53100
2025-05-06 13:48:05.671660,5311.0,5842.1,4779.900000000001,5576.55,53110
2025-05-06 13:49:05.671660,5312.0,5843.200000000001,4780.8,5577.6,53120
2025-05-06 13:50:05.671660,5313.0,5844.3,4781.7,5578.650000000001,53130
2025-05-06 13:51:05.671660,5314.0,5845.400000000001,4782.6,5579.7,53140
2025-05-06 13:52:05.671660,5315.0,5846.500000000001,4783.5,5580.75,53150
2025-05-06 13:53:05.671660,5316.0,5847.6,4784.400000000001,5581.8,53160
2025-05-06 13:54:05.671660,5317.0,5848.700000000001,4785.3,5582.85,53170
2025-05-06 13:55:05.671660,5318.0,5849.8,4786.2,5583.900000000001,53180
2025-05-06 13:56:05.671660,5319.0,5850.900000000001,4787.1,5584.95,53190
2025-05-06 13:57:05.671660,5320.0,5852.000000000001,4788.0,5586.0,53200
2025-05-06 13:58:05.671660,5321.0,5853.1,4788.900000000001,5587.05,53210
2025-05-06 13:59:05.671660,5322.0,5854.200000000001,4789.8,5588.1,53220
2025-05-06 14:00:05.671660,5323.0,5855.3,4790.7,5589.150000000001,53230
2025-05-06 14:01:05.671660,5324.0,5856.400000000001,4791.6,5590.2,53240
2025-05-06 14:02:05.671660,5325.0,5857.500000000001,4792.5,5591.25,53250
2025-05-06 14:03:05.671660,5326.0,5858.6,4793.400000000001,5592.3,53260
2025-05-06 14:04:05.671660,5327.0,5859.700000000001,4794.3,5593.35,53270
2025-05-06 14:05:05.671660,5328.0,5860.8,4795.2,5594.400000000001,53280
2025-05-06 14:06:05.671660,5329.0,5861.900000000001,4796.1,5595.45,53290
2025-05-06 14:07:05.671660,5330.0,5863.000000000001,4797.0,5596.5,53300
2025-05-06 14:08:05.671660,5331.0,5864.1,4797.900000000001,5597.55,53310
2025-05-06 14:09:05.671660,5332.0,5865.200000000001,4798.8,5598.6,53320
2025-05-06 14:10:05.671660,5333.0,5866.3,4799.7,5599.650000000001,53330
2025-05-06 14:11:05.671660,5334.0,5867.400000000001,4800.6,5600.7,53340
2025-05-06 14:12:05.671660,5335.0,5868.500000000001,4801.5,5601.75,53350
2025-05-06 14:13:05.671660,5336.0,5869.6,4802.400000000001,5602.8,53360
2025-05-06 14:14:05.671660,5337.0,5870.700000000001,4803.3,5603.85,53370
2025-05-06 14:15:05.671660,5338.0,5871.8,4804.2,5604.900000000001,53380
2025-05-06 14:16:05.671660,5339.0,5872.900000000001,4805.1,5605.95,53390
2025-05-06 14:17:05.671660,5340.0,5874.000000000001,4806.0,5607.0,53400
2025-05-06 14:18:05.671660,5341.0,5875.1,4806.900000000001,5608.05,53410
2025-05-06 14:19:05.671660,5342.0,5876.200000000001,4807.8,5609.1,53420
2025-05-06 14:20:05.671660,5343.0,5877.3,4808.7,5610.150000000001,53430
2025-05-06 14:21:05.671660,5344.0,5878.400000000001,4809.6,5611.2,53440
2025-05-06 14:22:05.671660,5345.0,5879.500000000001,4810.5,5612.25,53450
2025-05-06 14:23:05.671660,5346.0,5880.6,4811.400000000001,5613.3,53460
2025-05-06 14:24:05.671660,5347.0,5881.700000000001,4812.3,5614.35,53470
2025-05-06 14:25:05.671660,5348.0,5882.8,4813.2,5615.400000000001,53480
2025-05-06 14:26:05.671660,5349.0,5883.900000000001,4814.1,5616.45,53490
2025-05-06 14:27:05.671660,5350.0,5885.000000000001,4815.0,5617.5,53500
2025-05-06 14:28:05.671660,5351.0,5886.1,4815.900000000001,5618.55,53510
2025-05-06 14:29:05.671660,5352.0,5887.200000000001,4816.8,5619.6,53520
2025-05-06 14:30:05.671660,5353.0,5888.3,4817.7,5620.650000000001,53530
2025-05-06 14:31:05.671660,5354.0,5889.400000000001,4818.6,5621.7,53540
2025-05-06 14:32:05.671660,5355.0,5890.500000000001,4819.5,5622.75,53550
2025-05-06 14:33:05.671660,5356.0,5891.6,4820.400000000001,5623.8,53560
2025-05-06 14:34:05.671660,5357.0,5892.700000000001,4821.3,5624.85,53570
2025-05-06 14:35:05.671660,5358.0,5893.8,4822.2,5625.900000000001,53580
2025-05-06 14:36:05.671660,5359.0,5894.900000000001,4823.1,5626.95,53590
2025-05-06 14:37:05.671660,5360.0,5896.000000000001,4824.0,5628.0,53600
2025-05-06 14:38:05.671660,5361.0,5897.1,4824.900000000001,5629.05,53610
2025-05-06 14:39:05.671660,5362.0,5898.200000000001,4825.8,5630.1,53620
2025-05-06 14:40:05.671660,5363.0,5899.3,4826.7,5631.150000000001,53630
2025-05-06 14:41:05.671660,5364.0,5900.400000000001,4827.6,5632.2,53640
2025-05-06 14:42:05.671660,5365.0,5901.500000000001,4828.5,5633.25,53650
2025-05-06 14:43:05.671660,5366.0,5902.6,4829.400000000001,5634.3,53660
2025-05-06 14:44:05.671660,5367.0,5903.700000000001,4830.3,5635.35,53670
2025-05-06 14:45:05.671660,5368.0,5904.8,4831.2,5636.400000000001,53680
2025-05-06 14:46:05.671660,5369.0,5905.900000000001,4832.1,5637.45,53690
2025-05-06 14:47:05.671660,5370.0,5907.000000000001,4833.0,5638.5,53700
2025-05-06 14:48:05.671660,5371.0,5908.1,4833.900000000001,5639.55,53710
2025-05-06 14:49:05.671660,5372.0,5909.200000000001,4834.8,5640.6,53720
2025-05-06 14:50:05.671660,5373.0,5910.3,4835.7,5641.650000000001,53730
2025-05-06 14:51:05.671660,5374.0,5911.400000000001,4836.6,5642.7,53740
2025-05-06 14:52:05.671660,5375.0,5912.500000000001,4837.5,5643.75,53750
2025-05-06 14:53:05.671660,5376.0,5913.6,4838.400000000001,5644.8,53760
2025-05-06 14:54:05.671660,5377.0,5914.700000000001,4839.3,5645.85,53770
2025-05-06 14:55:05.671660,5378.0,5915.8,4840.2,5646.900000000001,53780
2025-05-06 14:56:05.671660,5379.0,5916.900000000001,4841.1,5647.95,53790
2025-05-06 14:57:05.671660,5380.0,5918.000000000001,4842.0,5649.0,53800
2025-05-06 14:58:05.671660,5381.0,5919.1,4842.900000000001,5650.05,53810
2025-05-06 14:59:05.671660,5382.0,5920.200000000001,4843.8,5651.1,53820
2025-05-06 15:00:05.671660,5383.0,5921.3,4844.7,5652.150000000001,53830
2025-05-06 15:01:05.671660,5384.0,5922.400000000001,4845.6,5653.2,53840
2025-05-06 15:02:05.671660,5385.0,5923.500000000001,4846.5,5654.25,53850
2025-05-06 15:03:05.671660,5386.0,5924.6,4847.400000000001,5655.3,53860
2025-05-06 15:04:05.671660,5387.0,5925.700000000001,4848.3,5656.35,53870
2025-05-06 15:05:05.671660,5388.0,5926.8,4849.2,5657.400000000001,53880
2025-05-06 15:06:05.671660,5389.0,5927.900000000001,4850.1,5658.45,53890
2025-05-06 15:07:05.671660,5390.0,5929.000000000001,4851.0,5659.5,53900
2025-05-06 15:08:05.671660,5391.0,5930.1,4851.900000000001,5660.55,53910
2025-05-06 15:09:05.671660,5392.0,5931.200000000001,4852.8,5661.6,53920
2025-05-06 15:10:05.671660,5393.0,5932.3,4853.7,5662.650000000001,53930
2025-05-06 15:11:05.671660,5394.0,5933.400000000001,4854.6,5663.7,53940
2025-05-06 15:12:05.671660,5395.0,5934.500000000001,4855.5,5664.75,53950
2025-05-06 15:13:05.671660,5396.0,5935.6,4856.400000000001,5665.8,53960
2025-05-06 15:14:05.671660,5397.0,5936.700000000001,4857.3,5666.85,53970
2025-05-06 15:15:05.671660,5398.0,5937.8,4858.2,5667.900000000001,53980
2025-05-06 15:16:05.671660,5399.0,5938.900000000001,4859.1,5668.95,53990
2025-05-06 15:17:05.671660,5400.0,5940.000000000001,4860.0,5670.0,54000
2025-05-06 15:18:05.671660,5401.0,5941.1,4860.900000000001,5671.05,54010
2025-05-06 15:19:05.671660,5402.0,5942.200000000001,4861.8,5672.1,54020
2025-05-06 15:20:05.671660,5403.0,5943.3,4862.7,5673.150000000001,54030
2025-05-06 15:21:05.671660,5404.0,5944.400000000001,4863.6,5674.2,54040
2025-05-06 15:22:05.671660,5405.0,5945.500000000001,4864.5,5675.25,54050
2025-05-06 15:23:05.671660,5406.0,5946.6,4865.400000000001,5676.3,54060
2025-05-06 15:24:05.671660,5407.0,5947.700000000001,4866.3,5677.35,54070
2025-05-06 15:25:05.671660,5408.0,5948.8,4867.2,5678.400000000001,54080
2025-05-06 15:26:05.671660,5409.0,5949.900000000001,4868.1,5679.45,54090
2025-05-06 15:27:05.671660,5410.0,5951.000000000001,4869.0,5680.5,54100
2025-05-06 15:28:05.671660,5411.0,5952.1,4869.900000000001,5681.55,54110
2025-05-06 15:29:05.671660,5412.0,5953.200000000001,4870.8,5682.6,54120
2025-05-06 15:30:05.671660,5413.0,5954.3,4871.7,5683.650000000001,54130
2025-05-06 15:31:05.671660,5414.0,5955.400000000001,4872.6,5684.7,54140
2025-05-06 15:32:05.671660,5415.0,5956.500000000001,4873.5,5685.75,54150
2025-05-06 15:33:05.671660,5416.0,5957.6,4874.400000000001,5686.8,54160
2025-05-06 15:34:05.671660,5417.0,5958.700000000001,4875.3,5687.85,54170
2025-05-06 15:35:05.671660,5418.0,5959.8,4876.2,5688.900000000001,54180
2025-05-06 15:36:05.671660,5419.0,5960.900000000001,4877.1,5689.95,54190
2025-05-06 15:37:05.671660,5420.0,5962.000000000001,4878.0,5691.0,54200
2025-05-06 15:38:05.671660,5421.0,5963.1,4878.900000000001,5692.05,54210
2025-05-06 15:39:05.671660,5422.0,5964.200000000001,4879.8,5693.1,54220
2025-05-06 15:40:05.671660,5423.0,5965.3,4880.7,5694.150000000001,54230
2025-05-06 15:41:05.671660,5424.0,5966.400000000001,4881.6,5695.2,54240
2025-05-06 15:42:05.671660,5425.0,5967.500000000001,4882.5,5696.25,54250
2025-05-06 15:43:05.671660,5426.0,5968.6,4883.400000000001,5697.3,54260
2025-05-06 15:44:05.671660,5427.0,5969.700000000001,4884.3,5698.35,54270
2025-05-06 15:45:05.671660,5428.0,5970.8,4885.2,5699.400000000001,54280
2025-05-06 15:46:05.671660,5429.0,5971.900000000001,4886.1,5700.45,54290
2025-05-06 15:47:05.671660,5430.0,5973.000000000001,4887.0,5701.5,54300
2025-05-06 15:48:05.671660,5431.0,5974.1,4887.900000000001,5702.55,54310
2025-05-06 15:49:05.671660,5432.0,5975.200000000001,4888.8,5703.6,54320
2025-05-06 15:50:05.671660,5433.0,5976.3,4889.7,5704.650000000001,54330
2025-05-06 15:51:05.671660,5434.0,5977.400000000001,4890.6,5705.7,54340
2025-05-06 15:52:05.671660,5435.0,5978.500000000001,4891.5,5706.75,54350
2025-05-06 15:53:05.671660,5436.0,5979.6,4892.400000000001,5707.8,54360
2025-05-06 15:54:05.671660,5437.0,5980.700000000001,4893.3,5708.85,54370
2025-05-06 15:55:05.671660,5438.0,5981.8,4894.2,5709.900000000001,54380
2025-05-06 15:56:05.671660,5439.0,5982.900000000001,4895.1,5710.95,54390
2025-05-06 15:57:05.671660,5440.0,5984.000000000001,4896.0,5712.0,54400
2025-05-06 15:58:05.671660,5441.0,5985.1,4896.900000000001,5713.05,54410
2025-05-06 15:59:05.671660,5442.0,5986.200000000001,4897.8,5714.1,54420
2025-05-06 16:00:05.671660,5443.0,5987.3,4898.7,5715.150000000001,54430
2025-05-06 16:01:05.671660,5444.0,5988.400000000001,4899.6,5716.2,54440
2025-05-06 16:02:05.671660,5445.0,5989.500000000001,4900.5,5717.25,54450
2025-05-06 16:03:05.671660,5446.0,5990.6,4901.400000000001,5718.3,54460
2025-05-06 16:04:05.671660,5447.0,5991.700000000001,4902.3,5719.35,54470
2025-05-06 16:05:05.671660,5448.0,5992.8,4903.2,5720.400000000001,54480
2025-05-06 16:06:05.671660,5449.0,5993.900000000001,4904.1,5721.45,54490
2025-05-06 16:07:05.671660,5450.0,5995.000000000001,4905.0,5722.5,54500
2025-05-06 16:08:05.671660,5451.0,5996.1,4905.900000000001,5723.55,54510
2025-05-06 16:09:05.671660,5452.0,5997.200000000001,4906.8,5724.6,54520
2025-05-06 16:10:05.671660,5453.0,5998.3,4907.7,5725.650000000001,54530
2025-05-06 16:11:05.671660,5454.0,5999.400000000001,4908.6,5726.7,54540
2025-05-06 16:12:05.671660,5455.0,6000.500000000001,4909.5,5727.75,54550
2025-05-06 16:13:05.671660,5456.0,6001.6,4910.400000000001,5728.8,54560
2025-05-06 16:14:05.671660,5457.0,6002.700000000001,4911.3,5729.85,54570
2025-05-06 16:15:05.671660,5458.0,6003.8,4912.2,5730.900000000001,54580
2025-05-06 16:16:05.671660,5459.0,6004.900000000001,4913.1,5731.95,54590
2025-05-06 16:17:05.671660,5460.0,6006.000000000001,4914.0,5733.0,54600
2025-05-06 16:18:05.671660,5461.0,6007.1,4914.900000000001,5734.05,54610
2025-05-06 16:19:05.671660,5462.0,6008.200000000001,4915.8,5735.1,54620
2025-05-06 16:20:05.671660,5463.0,6009.3,4916.7,5736.150000000001,54630
2025-05-06 16:21:05.671660,5464.0,6010.400000000001,4917.6,5737.2,54640
2025-05-06 16:22:05.671660,5465.0,6011.500000000001,4918.5,5738.25,54650
2025-05-06 16:23:05.671660,5466.0,6012.6,4919.400000000001,5739.3,54660
2025-05-06 16:24:05.671660,5467.0,6013.700000000001,4920.3,5740.35,54670
2025-05-06 16:25:05.671660,5468.0,6014.8,4921.2,5741.400000000001,54680
2025-05-06 16:26:05.671660,5469.0,6015.900000000001,4922.1,5742.45,54690
2025-05-06 16:27:05.671660,5470.0,6017.000000000001,4923.0,5743.5,54700
2025-05-06 16:28:05.671660,5471.0,6018.1,4923.900000000001,5744.55,54710
2025-05-06 16:29:05.671660,5472.0,6019.200000000001,4924.8,5745.6,54720
2025-05-06 16:30:05.671660,5473.0,6020.3,4925.7,5746.650000000001,54730
2025-05-06 16:31:05.671660,5474.0,6021.400000000001,4926.6,5747.7,54740
2025-05-06 16:32:05.671660,5475.0,6022.500000000001,4927.5,5748.75,54750
2025-05-06 16:33:05.671660,5476.0,6023.6,4928.400000000001,5749.8,54760
2025-05-06 16:34:05.671660,5477.0,6024.700000000001,4929.3,5750.85,54770
2025-05-06 16:35:05.671660,5478.0,6025.8,4930.2,5751.900000000001,54780
2025-05-06 16:36:05.671660,5479.0,6026.900000000001,4931.1,5752.95,54790
2025-05-06 16:37:05.671660,5480.0,6028.000000000001,4932.0,5754.0,54800
2025-05-06 16:38:05.671660,5481.0,6029.1,4932.900000000001,5755.05,54810
2025-05-06 16:39:05.671660,5482.0,6030.200000000001,4933.8,5756.1,54820
2025-05-06 16:40:05.671660,5483.0,6031.3,4934.7,5757.150000000001,54830
2025-05-06 16:41:05.671660,5484.0,6032.400000000001,4935.6,5758.2,54840
2025-05-06 16:42:05.671660,5485.0,6033.500000000001,4936.5,5759.25,54850
2025-05-06 16:43:05.671660,5486.0,6034.6,4937.400000000001,5760.3,54860
2025-05-06 16:44:05.671660,5487.0,6035.700000000001,4938.3,5761.35,54870
2025-05-06 16:45:05.671660,5488.0,6036.8,4939.2,5762.400000000001,54880
2025-05-06 16:46:05.671660,5489.0,6037.900000000001,4940.1,5763.45,54890
2025-05-06 16:47:05.671660,5490.0,6039.000000000001,4941.0,5764.5,54900
2025-05-06 16:48:05.671660,5491.0,6040.1,4941.900000000001,5765.55,54910
2025-05-06 16:49:05.671660,5492.0,6041.200000000001,4942.8,5766.6,54920
2025-05-06 16:50:05.671660,5493.0,6042.3,4943.7,5767.650000000001,54930
2025-05-06 16:51:05.671660,5494.0,6043.400000000001,4944.6,5768.7,54940
2025-05-06 16:52:05.671660,5495.0,6044.500000000001,4945.5,5769.75,54950
2025-05-06 16:53:05.671660,5496.0,6045.6,4946.400000000001,5770.8,54960
2025-05-06 16:54:05.671660,5497.0,6046.700000000001,4947.3,5771.85,54970
2025-05-06 16:55:05.671660,5498.0,6047.8,4948.2,5772.900000000001,54980
2025-05-06 16:56:05.671660,5499.0,6048.900000000001,4949.1,5773.95,54990
2025-05-06 16:57:05.671660,5500.0,6050.000000000001,4950.0,5775.0,55000
2025-05-06 16:58:05.671660,5501.0,6051.1,4950.900000000001,5776.05,55010
2025-05-06 16:59:05.671660,5502.0,6052.200000000001,4951.8,5777.1,55020
2025-05-06 17:00:05.671660,5503.0,6053.3,4952.7,5778.150000000001,55030
2025-05-06 17:01:05.671660,5504.0,6054.400000000001,4953.6,5779.2,55040
2025-05-06 17:02:05.671660,5505.0,6055.500000000001,4954.5,5780.25,55050
2025-05-06 17:03:05.671660,5506.0,6056.6,4955.400000000001,5781.3,55060
2025-05-06 17:04:05.671660,5507.0,6057.700000000001,4956.3,5782.35,55070
2025-05-06 17:05:05.671660,5508.0,6058.8,4957.2,5783.400000000001,55080
2025-05-06 17:06:05.671660,5509.0,6059.900000000001,4958.1,5784.45,55090
2025-05-06 17:07:05.671660,5510.0,6061.000000000001,4959.0,5785.5,55100
2025-05-06 17:08:05.671660,5511.0,6062.1,4959.900000000001,5786.55,55110
2025-05-06 17:09:05.671660,5512.0,6063.200000000001,4960.8,5787.6,55120
2025-05-06 17:10:05.671660,5513.0,6064.3,4961.7,5788.650000000001,55130
2025-05-06 17:11:05.671660,5514.0,6065.400000000001,4962.6,5789.7,55140
2025-05-06 17:12:05.671660,5515.0,6066.500000000001,4963.5,5790.75,55150
2025-05-06 17:13:05.671660,5516.0,6067.6,4964.400000000001,5791.8,55160
2025-05-06 17:14:05.671660,5517.0,6068.700000000001,4965.3,5792.85,55170
2025-05-06 17:15:05.671660,5518.0,6069.8,4966.2,5793.900000000001,55180
2025-05-06 17:16:05.671660,5519.0,6070.900000000001,4967.1,5794.95,55190
2025-05-06 17:17:05.671660,5520.0,6072.000000000001,4968.0,5796.0,55200
2025-05-06 17:18:05.671660,5521.0,6073.1,4968.900000000001,5797.05,55210
2025-05-06 17:19:05.671660,5522.0,6074.200000000001,4969.8,5798.1,55220
2025-05-06 17:20:05.671660,5523.0,6075.3,4970.7,5799.150000000001,55230
2025-05-06 17:21:05.671660,5524.0,6076.400000000001,4971.6,5800.2,55240
2025-05-06 17:22:05.671660,5525.0,6077.500000000001,4972.5,5801.25,55250
2025-05-06 17:23:05.671660,5526.0,6078.6,4973.400000000001,5802.3,55260
2025-05-06 17:24:05.671660,5527.0,6079.700000000001,4974.3,5803.35,55270
2025-05-06 17:25:05.671660,5528.0,6080.8,4975.2,5804.400000000001,55280
2025-05-06 17:26:05.671660,5529.0,6081.900000000001,4976.1,5805.45,55290
2025-05-06 17:27:05.671660,5530.0,6083.000000000001,4977.0,5806.5,55300
2025-05-06 17:28:05.671660,5531.0,6084.1,4977.900000000001,5807.55,55310
2025-05-06 17:29:05.671660,5532.0,6085.200000000001,4978.8,5808.6,55320
2025-05-06 17:30:05.671660,5533.0,6086.3,4979.7,5809.650000000001,55330
2025-05-06 17:31:05.671660,5534.0,6087.400000000001,4980.6,5810.7,55340
2025-05-06 17:32:05.671660,5535.0,6088.500000000001,4981.5,5811.75,55350
2025-05-06 17:33:05.671660,5536.0,6089.6,4982.400000000001,5812.8,55360
2025-05-06 17:34:05.671660,5537.0,6090.700000000001,4983.3,5813.85,55370
2025-05-06 17:35:05.671660,5538.0,6091.8,4984.2,5814.900000000001,55380
2025-05-06 17:36:05.671660,5539.0,6092.900000000001,4985.1,5815.95,55390
2025-05-06 17:37:05.671660,5540.0,6094.000000000001,4986.0,5817.0,55400
2025-05-06 17:38:05.671660,5541.0,6095.1,4986.900000000001,5818.05,55410
2025-05-06 17:39:05.671660,5542.0,6096.200000000001,4987.8,5819.1,55420
2025-05-06 17:40:05.671660,5543.0,6097.3,4988.7,5820.150000000001,55430
2025-05-06 17:41:05.671660,5544.0,6098.400000000001,4989.6,5821.2,55440
2025-05-06 17:42:05.671660,5545.0,6099.500000000001,4990.5,5822.25,55450
2025-05-06 17:43:05.671660,5546.0,6100.6,4991.400000000001,5823.3,55460
2025-05-06 17:44:05.671660,5547.0,6101.700000000001,4992.3,5824.35,55470
2025-05-06 17:45:05.671660,5548.0,6102.8,4993.2,5825.400000000001,55480
2025-05-06 17:46:05.671660,5549.0,6103.900000000001,4994.1,5826.45,55490
2025-05-06 17:47:05.671660,5550.0,6105.000000000001,4995.0,5827.5,55500
2025-05-06 17:48:05.671660,5551.0,6106.1,4995.900000000001,5828.55,55510
2025-05-06 17:49:05.671660,5552.0,6107.200000000001,4996.8,5829.6,55520
2025-05-06 17:50:05.671660,5553.0,6108.3,4997.7,5830.650000000001,55530
2025-05-06 17:51:05.671660,5554.0,6109.400000000001,4998.6,5831.7,55540
2025-05-06 17:52:05.671660,5555.0,6110.500000000001,4999.5,5832.75,55550
2025-05-06 17:53:05.671660,5556.0,6111.6,5000.400000000001,5833.8,55560
2025-05-06 17:54:05.671660,5557.0,6112.700000000001,5001.3,5834.85,55570
2025-05-06 17:55:05.671660,5558.0,6113.8,5002.2,5835.900000000001,55580
2025-05-06 17:56:05.671660,5559.0,6114.900000000001,5003.1,5836.95,55590
2025-05-06 17:57:05.671660,5560.0,6116.000000000001,5004.0,5838.0,55600
2025-05-06 17:58:05.671660,5561.0,6117.1,5004.900000000001,5839.05,55610
2025-05-06 17:59:05.671660,5562.0,6118.200000000001,5005.8,5840.1,55620
2025-05-06 18:00:05.671660,5563.0,6119.3,5006.7,5841.150000000001,55630
2025-05-06 18:01:05.671660,5564.0,6120.400000000001,5007.6,5842.2,55640
2025-05-06 18:02:05.671660,5565.0,6121.500000000001,5008.5,5843.25,55650
2025-05-06 18:03:05.671660,5566.0,6122.6,5009.400000000001,5844.3,55660
2025-05-06 18:04:05.671660,5567.0,6123.700000000001,5010.3,5845.35,55670
2025-05-06 18:05:05.671660,5568.0,6124.8,5011.2,5846.400000000001,55680
2025-05-06 18:06:05.671660,5569.0,6125.900000000001,5012.1,5847.45,55690
2025-05-06 18:07:05.671660,5570.0,6127.000000000001,5013.0,5848.5,55700
2025-05-06 18:08:05.671660,5571.0,6128.1,5013.900000000001,5849.55,55710
2025-05-06 18:09:05.671660,5572.0,6129.200000000001,5014.8,5850.6,55720
2025-05-06 18:10:05.671660,5573.0,6130.3,5015.7,5851.650000000001,55730
2025-05-06 18:11:05.671660,5574.0,6131.400000000001,5016.6,5852.7,55740
2025-05-06 18:12:05.671660,5575.0,6132.500000000001,5017.5,5853.75,55750
2025-05-06 18:13:05.671660,5576.0,6133.6,5018.400000000001,5854.8,55760
2025-05-06 18:14:05.671660,5577.0,6134.700000000001,5019.3,5855.85,55770
2025-05-06 18:15:05.671660,5578.0,6135.8,5020.2,5856.900000000001,55780
2025-05-06 18:16:05.671660,5579.0,6136.900000000001,5021.1,5857.95,55790
2025-05-06 18:17:05.671660,5580.0,6138.000000000001,5022.0,5859.0,55800
2025-05-06 18:18:05.671660,5581.0,6139.1,5022.900000000001,5860.05,55810
2025-05-06 18:19:05.671660,5582.0,6140.200000000001,5023.8,5861.1,55820
2025-05-06 18:20:05.671660,5583.0,6141.3,5024.7,5862.150000000001,55830
2025-05-06 18:21:05.671660,5584.0,6142.400000000001,5025.6,5863.2,55840
2025-05-06 18:22:05.671660,5585.0,6143.500000000001,5026.5,5864.25,55850
2025-05-06 18:23:05.671660,5586.0,6144.6,5027.400000000001,5865.3,55860
2025-05-06 18:24:05.671660,5587.0,6145.700000000001,5028.3,5866.35,55870
2025-05-06 18:25:05.671660,5588.0,6146.8,5029.2,5867.400000000001,55880
2025-05-06 18:26:05.671660,5589.0,6147.900000000001,5030.1,5868.45,55890
2025-05-06 18:27:05.671660,5590.0,6149.000000000001,5031.0,5869.5,55900
2025-05-06 18:28:05.671660,5591.0,6150.1,5031.900000000001,5870.55,55910
2025-05-06 18:29:05.671660,5592.0,6151.200000000001,5032.8,5871.6,55920
2025-05-06 18:30:05.671660,5593.0,6152.3,5033.7,5872.650000000001,55930
2025-05-06 18:31:05.671660,5594.0,6153.400000000001,5034.6,5873.7,55940
2025-05-06 18:32:05.671660,5595.0,6154.500000000001,5035.5,5874.75,55950
2025-05-06 18:33:05.671660,5596.0,6155.6,5036.400000000001,5875.8,55960
2025-05-06 18:34:05.671660,5597.0,6156.700000000001,5037.3,5876.85,55970
2025-05-06 18:35:05.671660,5598.0,6157.8,5038.2,5877.900000000001,55980
2025-05-06 18:36:05.671660,5599.0,6158.900000000001,5039.1,5878.95,55990
2025-05-06 18:37:05.671660,5600.0,6160.000000000001,5040.0,5880.0,56000
2025-05-06 18:38:05.671660,5601.0,6161.1,5040.900000000001,5881.05,56010
2025-05-06 18:39:05.671660,5602.0,6162.200000000001,5041.8,5882.1,56020
2025-05-06 18:40:05.671660,5603.0,6163.3,5042.7,5883.150000000001,56030
2025-05-06 18:41:05.671660,5604.0,6164.400000000001,5043.6,5884.2,56040
2025-05-06 18:42:05.671660,5605.0,6165.500000000001,5044.5,5885.25,56050
2025-05-06 18:43:05.671660,5606.0,6166.6,5045.400000000001,5886.3,56060
2025-05-06 18:44:05.671660,5607.0,6167.700000000001,5046.3,5887.35,56070
2025-05-06 18:45:05.671660,5608.0,6168.8,5047.2,5888.400000000001,56080
2025-05-06 18:46:05.671660,5609.0,6169.900000000001,5048.1,5889.45,56090
2025-05-06 18:47:05.671660,5610.0,6171.000000000001,5049.0,5890.5,56100
2025-05-06 18:48:05.671660,5611.0,6172.1,5049.900000000001,5891.55,56110
2025-05-06 18:49:05.671660,5612.0,6173.200000000001,5050.8,5892.6,56120
2025-05-06 18:50:05.671660,5613.0,6174.3,5051.7,5893.650000000001,56130
2025-05-06 18:51:05.671660,5614.0,6175.400000000001,5052.6,5894.7,56140
2025-05-06 18:52:05.671660,5615.0,6176.500000000001,5053.5,5895.75,56150
2025-05-06 18:53:05.671660,5616.0,6177.6,5054.400000000001,5896.8,56160
2025-05-06 18:54:05.671660,5617.0,6178.700000000001,5055.3,5897.85,56170
2025-05-06 18:55:05.671660,5618.0,6179.8,5056.2,5898.900000000001,56180
2025-05-06 18:56:05.671660,5619.0,6180.900000000001,5057.1,5899.95,56190
2025-05-06 18:57:05.671660,5620.0,6182.000000000001,5058.0,5901.0,56200
2025-05-06 18:58:05.671660,5621.0,6183.1,5058.900000000001,5902.05,56210
2025-05-06 18:59:05.671660,5622.0,6184.200000000001,5059.8,5903.1,56220
2025-05-06 19:00:05.671660,5623.0,6185.3,5060.7,5904.150000000001,56230
2025-05-06 19:01:05.671660,5624.0,6186.400000000001,5061.6,5905.2,56240
2025-05-06 19:02:05.671660,5625.0,6187.500000000001,5062.5,5906.25,56250
2025-05-06 19:03:05.671660,5626.0,6188.6,5063.400000000001,5907.3,56260
2025-05-06 19:04:05.671660,5627.0,6189.700000000001,5064.3,5908.35,56270
2025-05-06 19:05:05.671660,5628.0,6190.8,5065.2,5909.400000000001,56280
2025-05-06 19:06:05.671660,5629.0,6191.900000000001,5066.1,5910.45,56290
2025-05-06 19:07:05.671660,5630.0,6193.000000000001,5067.0,5911.5,56300
2025-05-06 19:08:05.671660,5631.0,6194.1,5067.900000000001,5912.55,56310
2025-05-06 19:09:05.671660,5632.0,6195.200000000001,5068.8,5913.6,56320
2025-05-06 19:10:05.671660,5633.0,6196.3,5069.7,5914.650000000001,56330
2025-05-06 19:11:05.671660,5634.0,6197.400000000001,5070.6,5915.7,56340
2025-05-06 19:12:05.671660,5635.0,6198.500000000001,5071.5,5916.75,56350
2025-05-06 19:13:05.671660,5636.0,6199.6,5072.400000000001,5917.8,56360
2025-05-06 19:14:05.671660,5637.0,6200.700000000001,5073.3,5918.85,56370
2025-05-06 19:15:05.671660,5638.0,6201.8,5074.2,5919.900000000001,56380
2025-05-06 19:16:05.671660,5639.0,6202.900000000001,5075.1,5920.95,56390
2025-05-06 19:17:05.671660,5640.0,6204.000000000001,5076.0,5922.0,56400
2025-05-06 19:18:05.671660,5641.0,6205.1,5076.900000000001,5923.05,56410
2025-05-06 19:19:05.671660,5642.0,6206.200000000001,5077.8,5924.1,56420
2025-05-06 19:20:05.671660,5643.0,6207.3,5078.7,5925.150000000001,56430
2025-05-06 19:21:05.671660,5644.0,6208.400000000001,5079.6,5926.2,56440
2025-05-06 19:22:05.671660,5645.0,6209.500000000001,5080.5,5927.25,56450
2025-05-06 19:23:05.671660,5646.0,6210.6,5081.400000000001,5928.3,56460
2025-05-06 19:24:05.671660,5647.0,6211.700000000001,5082.3,5929.35,56470
2025-05-06 19:25:05.671660,5648.0,6212.8,5083.2,5930.400000000001,56480
2025-05-06 19:26:05.671660,5649.0,6213.900000000001,5084.1,5931.45,56490
2025-05-06 19:27:05.671660,5650.0,6215.000000000001,5085.0,5932.5,56500
2025-05-06 19:28:05.671660,5651.0,6216.1,5085.900000000001,5933.55,56510
2025-05-06 19:29:05.671660,5652.0,6217.200000000001,5086.8,5934.6,56520
2025-05-06 19:30:05.671660,5653.0,6218.3,5087.7,5935.650000000001,56530
2025-05-06 19:31:05.671660,5654.0,6219.400000000001,5088.6,5936.7,56540
2025-05-06 19:32:05.671660,5655.0,6220.500000000001,5089.5,5937.75,56550
2025-05-06 19:33:05.671660,5656.0,6221.6,5090.400000000001,5938.8,56560
2025-05-06 19:34:05.671660,5657.0,6222.700000000001,5091.3,5939.85,56570
2025-05-06 19:35:05.671660,5658.0,6223.8,5092.2,5940.900000000001,56580
2025-05-06 19:36:05.671660,5659.0,6224.900000000001,5093.1,5941.95,56590
2025-05-06 19:37:05.671660,5660.0,6226.000000000001,5094.0,5943.0,56600
2025-05-06 19:38:05.671660,5661.0,6227.1,5094.900000000001,5944.05,56610
2025-05-06 19:39:05.671660,5662.0,6228.200000000001,5095.8,5945.1,56620
2025-05-06 19:40:05.671660,5663.0,6229.3,5096.7,5946.150000000001,56630
2025-05-06 19:41:05.671660,5664.0,6230.400000000001,5097.6,5947.2,56640
2025-05-06 19:42:05.671660,5665.0,6231.500000000001,5098.5,5948.25,56650
2025-05-06 19:43:05.671660,5666.0,6232.6,5099.400000000001,5949.3,56660
2025-05-06 19:44:05.671660,5667.0,6233.700000000001,5100.3,5950.35,56670
2025-05-06 19:45:05.671660,5668.0,6234.8,5101.2,5951.400000000001,56680
2025-05-06 19:46:05.671660,5669.0,6235.900000000001,5102.1,5952.45,56690
2025-05-06 19:47:05.671660,5670.0,6237.000000000001,5103.0,5953.5,56700
2025-05-06 19:48:05.671660,5671.0,6238.1,5103.900000000001,5954.55,56710
2025-05-06 19:49:05.671660,5672.0,6239.200000000001,5104.8,5955.6,56720
2025-05-06 19:50:05.671660,5673.0,6240.3,5105.7,5956.650000000001,56730
2025-05-06 19:51:05.671660,5674.0,6241.400000000001,5106.6,5957.7,56740
2025-05-06 19:52:05.671660,5675.0,6242.500000000001,5107.5,5958.75,56750
2025-05-06 19:53:05.671660,5676.0,6243.6,5108.400000000001,5959.8,56760
2025-05-06 19:54:05.671660,5677.0,6244.700000000001,5109.3,5960.85,56770
2025-05-06 19:55:05.671660,5678.0,6245.8,5110.2,5961.900000000001,56780
2025-05-06 19:56:05.671660,5679.0,6246.900000000001,5111.1,5962.95,56790
2025-05-06 19:57:05.671660,5680.0,6248.000000000001,5112.0,5964.0,56800
2025-05-06 19:58:05.671660,5681.0,6249.1,5112.900000000001,5965.05,56810
2025-05-06 19:59:05.671660,5682.0,6250.200000000001,5113.8,5966.1,56820
2025-05-06 20:00:05.671660,5683.0,6251.3,5114.7,5967.150000000001,56830
2025-05-06 20:01:05.671660,5684.0,6252.400000000001,5115.6,5968.2,56840
2025-05-06 20:02:05.671660,5685.0,6253.500000000001,5116.5,5969.25,56850
2025-05-06 20:03:05.671660,5686.0,6254.6,5117.400000000001,5970.3,56860
2025-05-06 20:04:05.671660,5687.0,6255.700000000001,5118.3,5971.35,56870
2025-05-06 20:05:05.671660,5688.0,6256.8,5119.2,5972.400000000001,56880
2025-05-06 20:06:05.671660,5689.0,6257.900000000001,5120.1,5973.45,56890
2025-05-06 20:07:05.671660,5690.0,6259.000000000001,5121.0,5974.5,56900
2025-05-06 20:08:05.671660,5691.0,6260.1,5121.900000000001,5975.55,56910
2025-05-06 20:09:05.671660,5692.0,6261.200000000001,5122.8,5976.6,56920
2025-05-06 20:10:05.671660,5693.0,6262.3,5123.7,5977.650000000001,56930
2025-05-06 20:11:05.671660,5694.0,6263.400000000001,5124.6,5978.7,56940
2025-05-06 20:12:05.671660,5695.0,6264.500000000001,5125.5,5979.75,56950
2025-05-06 20:13:05.671660,5696.0,6265.6,5126.400000000001,5980.8,56960
2025-05-06 20:14:05.671660,5697.0,6266.700000000001,5127.3,5981.85,56970
2025-05-06 20:15:05.671660,5698.0,6267.8,5128.2,5982.900000000001,56980
2025-05-06 20:16:05.671660,5699.0,6268.900000000001,5129.1,5983.95,56990
2025-05-06 20:17:05.671660,5700.0,6270.000000000001,5130.0,5985.0,57000
2025-05-06 20:18:05.671660,5701.0,6271.1,5130.900000000001,5986.05,57010
2025-05-06 20:19:05.671660,5702.0,6272.200000000001,5131.8,5987.1,57020
2025-05-06 20:20:05.671660,5703.0,6273.3,5132.7,5988.150000000001,57030
2025-05-06 20:21:05.671660,5704.0,6274.400000000001,5133.6,5989.2,57040
2025-05-06 20:22:05.671660,5705.0,6275.500000000001,5134.5,5990.25,57050
2025-05-06 20:23:05.671660,5706.0,6276.6,5135.400000000001,5991.3,57060
2025-05-06 20:24:05.671660,5707.0,6277.700000000001,5136.3,5992.35,57070
2025-05-06 20:25:05.671660,5708.0,6278.8,5137.2,5993.400000000001,57080
2025-05-06 20:26:05.671660,5709.0,6279.900000000001,5138.1,5994.45,57090
2025-05-06 20:27:05.671660,5710.0,6281.000000000001,5139.0,5995.5,57100
2025-05-06 20:28:05.671660,5711.0,6282.1,5139.900000000001,5996.55,57110
2025-05-06 20:29:05.671660,5712.0,6283.200000000001,5140.8,5997.6,57120
2025-05-06 20:30:05.671660,5713.0,6284.3,5141.7,5998.650000000001,57130
2025-05-06 20:31:05.671660,5714.0,6285.400000000001,5142.6,5999.7,57140
2025-05-06 20:32:05.671660,5715.0,6286.500000000001,5143.5,6000.75,57150
2025-05-06 20:33:05.671660,5716.0,6287.6,5144.400000000001,6001.8,57160
2025-05-06 20:34:05.671660,5717.0,6288.700000000001,5145.3,6002.85,57170
2025-05-06 20:35:05.671660,5718.0,6289.8,5146.2,6003.900000000001,57180
2025-05-06 20:36:05.671660,5719.0,6290.900000000001,5147.1,6004.95,57190
2025-05-06 20:37:05.671660,5720.0,6292.000000000001,5148.0,6006.0,57200
2025-05-06 20:38:05.671660,5721.0,6293.1,5148.900000000001,6007.05,57210
2025-05-06 20:39:05.671660,5722.0,6294.200000000001,5149.8,6008.1,57220
2025-05-06 20:40:05.671660,5723.0,6295.3,5150.7,6009.150000000001,57230
2025-05-06 20:41:05.671660,5724.0,6296.400000000001,5151.6,6010.2,57240
2025-05-06 20:42:05.671660,5725.0,6297.500000000001,5152.5,6011.25,57250
2025-05-06 20:43:05.671660,5726.0,6298.6,5153.400000000001,6012.3,57260
2025-05-06 20:44:05.671660,5727.0,6299.700000000001,5154.3,6013.35,57270
2025-05-06 20:45:05.671660,5728.0,6300.8,5155.2,6014.400000000001,57280
2025-05-06 20:46:05.671660,5729.0,6301.900000000001,5156.1,6015.45,57290
2025-05-06 20:47:05.671660,5730.0,6303.000000000001,5157.0,6016.5,57300
2025-05-06 20:48:05.671660,5731.0,6304.1,5157.900000000001,6017.55,57310
2025-05-06 20:49:05.671660,5732.0,6305.200000000001,5158.8,6018.6,57320
2025-05-06 20:50:05.671660,5733.0,6306.3,5159.7,6019.650000000001,57330
2025-05-06 20:51:05.671660,5734.0,6307.400000000001,5160.6,6020.7,57340
2025-05-06 20:52:05.671660,5735.0,6308.500000000001,5161.5,6021.75,57350
2025-05-06 20:53:05.671660,5736.0,6309.6,5162.400000000001,6022.8,57360
2025-05-06 20:54:05.671660,5737.0,6310.700000000001,5163.3,6023.85,57370
2025-05-06 20:55:05.671660,5738.0,6311.8,5164.2,6024.900000000001,57380
2025-05-06 20:56:05.671660,5739.0,6312.900000000001,5165.1,6025.95,57390
2025-05-06 20:57:05.671660,5740.0,6314.000000000001,5166.0,6027.0,57400
2025-05-06 20:58:05.671660,5741.0,6315.1,5166.900000000001,6028.05,57410
2025-05-06 20:59:05.671660,5742.0,6316.200000000001,5167.8,6029.1,57420
2025-05-06 21:00:05.671660,5743.0,6317.3,5168.7,6030.150000000001,57430
2025-05-06 21:01:05.671660,5744.0,6318.400000000001,5169.6,6031.2,57440
2025-05-06 21:02:05.671660,5745.0,6319.500000000001,5170.5,6032.25,57450
2025-05-06 21:03:05.671660,5746.0,6320.6,5171.400000000001,6033.3,57460
2025-05-06 21:04:05.671660,5747.0,6321.700000000001,5172.3,6034.35,57470
2025-05-06 21:05:05.671660,5748.0,6322.8,5173.2,6035.400000000001,57480
2025-05-06 21:06:05.671660,5749.0,6323.900000000001,5174.1,6036.45,57490
2025-05-06 21:07:05.671660,5750.0,6325.000000000001,5175.0,6037.5,57500
2025-05-06 21:08:05.671660,5751.0,6326.1,5175.900000000001,6038.55,57510
2025-05-06 21:09:05.671660,5752.0,6327.200000000001,5176.8,6039.6,57520
2025-05-06 21:10:05.671660,5753.0,6328.3,5177.7,6040.650000000001,57530
2025-05-06 21:11:05.671660,5754.0,6329.400000000001,5178.6,6041.7,57540
2025-05-06 21:12:05.671660,5755.0,6330.500000000001,5179.5,6042.75,57550
2025-05-06 21:13:05.671660,5756.0,6331.6,5180.400000000001,6043.8,57560
2025-05-06 21:14:05.671660,5757.0,6332.700000000001,5181.3,6044.85,57570
2025-05-06 21:15:05.671660,5758.0,6333.8,5182.2,6045.900000000001,57580
2025-05-06 21:16:05.671660,5759.0,6334.900000000001,5183.1,6046.95,57590
2025-05-06 21:17:05.671660,5760.0,6336.000000000001,5184.0,6048.0,57600
2025-05-06 21:18:05.671660,5761.0,6337.1,5184.900000000001,6049.05,57610
2025-05-06 21:19:05.671660,5762.0,6338.200000000001,5185.8,6050.1,57620
2025-05-06 21:20:05.671660,5763.0,6339.3,5186.7,6051.150000000001,57630
2025-05-06 21:21:05.671660,5764.0,6340.400000000001,5187.6,6052.2,57640
2025-05-06 21:22:05.671660,5765.0,6341.500000000001,5188.5,6053.25,57650
2025-05-06 21:23:05.671660,5766.0,6342.6,5189.400000000001,6054.3,57660
2025-05-06 21:24:05.671660,5767.0,6343.700000000001,5190.3,6055.35,57670
2025-05-06 21:25:05.671660,5768.0,6344.8,5191.2,6056.400000000001,57680
2025-05-06 21:26:05.671660,5769.0,6345.900000000001,5192.1,6057.45,57690
2025-05-06 21:27:05.671660,5770.0,6347.000000000001,5193.0,6058.5,57700
2025-05-06 21:28:05.671660,5771.0,6348.1,5193.900000000001,6059.55,57710
2025-05-06 21:29:05.671660,5772.0,6349.200000000001,5194.8,6060.6,57720
2025-05-06 21:30:05.671660,5773.0,6350.3,5195.7,6061.650000000001,57730
2025-05-06 21:31:05.671660,5774.0,6351.400000000001,5196.6,6062.7,57740
2025-05-06 21:32:05.671660,5775.0,6352.500000000001,5197.5,6063.75,57750
2025-05-06 21:33:05.671660,5776.0,6353.6,5198.400000000001,6064.8,57760
2025-05-06 21:34:05.671660,5777.0,6354.700000000001,5199.3,6065.85,57770
2025-05-06 21:35:05.671660,5778.0,6355.8,5200.2,6066.900000000001,57780
2025-05-06 21:36:05.671660,5779.0,6356.900000000001,5201.1,6067.95,57790
2025-05-06 21:37:05.671660,5780.0,6358.000000000001,5202.0,6069.0,57800
2025-05-06 21:38:05.671660,5781.0,6359.1,5202.900000000001,6070.05,57810
2025-05-06 21:39:05.671660,5782.0,6360.200000000001,5203.8,6071.1,57820
2025-05-06 21:40:05.671660,5783.0,6361.3,5204.7,6072.150000000001,57830
2025-05-06 21:41:05.671660,5784.0,6362.400000000001,5205.6,6073.2,57840
2025-05-06 21:42:05.671660,5785.0,6363.500000000001,5206.5,6074.25,57850
2025-05-06 21:43:05.671660,5786.0,6364.6,5207.400000000001,6075.3,57860
2025-05-06 21:44:05.671660,5787.0,6365.700000000001,5208.3,6076.35,57870
2025-05-06 21:45:05.671660,5788.0,6366.8,5209.2,6077.400000000001,57880
2025-05-06 21:46:05.671660,5789.0,6367.900000000001,5210.1,6078.45,57890
2025-05-06 21:47:05.671660,5790.0,6369.000000000001,5211.0,6079.5,57900
2025-05-06 21:48:05.671660,5791.0,6370.1,5211.900000000001,6080.55,57910
2025-05-06 21:49:05.671660,5792.0,6371.200000000001,5212.8,6081.6,57920
2025-05-06 21:50:05.671660,5793.0,6372.3,5213.7,6082.650000000001,57930
2025-05-06 21:51:05.671660,5794.0,6373.400000000001,5214.6,6083.7,57940
2025-05-06 21:52:05.671660,5795.0,6374.500000000001,5215.5,6084.75,57950
2025-05-06 21:53:05.671660,5796.0,6375.6,5216.400000000001,6085.8,57960
2025-05-06 21:54:05.671660,5797.0,6376.700000000001,5217.3,6086.85,57970
2025-05-06 21:55:05.671660,5798.0,6377.8,5218.2,6087.900000000001,57980
2025-05-06 21:56:05.671660,5799.0,6378.900000000001,5219.1,6088.95,57990
2025-05-06 21:57:05.671660,5800.0,6380.000000000001,5220.0,6090.0,58000
2025-05-06 21:58:05.671660,5801.0,6381.1,5220.900000000001,6091.05,58010
2025-05-06 21:59:05.671660,5802.0,6382.200000000001,5221.8,6092.1,58020
2025-05-06 22:00:05.671660,5803.0,6383.3,5222.7,6093.150000000001,58030
2025-05-06 22:01:05.671660,5804.0,6384.400000000001,5223.6,6094.2,58040
2025-05-06 22:02:05.671660,5805.0,6385.500000000001,5224.5,6095.25,58050
2025-05-06 22:03:05.671660,5806.0,6386.6,5225.400000000001,6096.3,58060
2025-05-06 22:04:05.671660,5807.0,6387.700000000001,5226.3,6097.35,58070
2025-05-06 22:05:05.671660,5808.0,6388.8,5227.2,6098.400000000001,58080
2025-05-06 22:06:05.671660,5809.0,6389.900000000001,5228.1,6099.45,58090
2025-05-06 22:07:05.671660,5810.0,6391.000000000001,5229.0,6100.5,58100
2025-05-06 22:08:05.671660,5811.0,6392.1,5229.900000000001,6101.55,58110
2025-05-06 22:09:05.671660,5812.0,6393.200000000001,5230.8,6102.6,58120
2025-05-06 22:10:05.671660,5813.0,6394.3,5231.7,6103.650000000001,58130
2025-05-06 22:11:05.671660,5814.0,6395.400000000001,5232.6,6104.7,58140
2025-05-06 22:12:05.671660,5815.0,6396.500000000001,5233.5,6105.75,58150
2025-05-06 22:13:05.671660,5816.0,6397.6,5234.400000000001,6106.8,58160
2025-05-06 22:14:05.671660,5817.0,6398.700000000001,5235.3,6107.85,58170
2025-05-06 22:15:05.671660,5818.0,6399.8,5236.2,6108.900000000001,58180
2025-05-06 22:16:05.671660,5819.0,6400.900000000001,5237.1,6109.95,58190
2025-05-06 22:17:05.671660,5820.0,6402.000000000001,5238.0,6111.0,58200
2025-05-06 22:18:05.671660,5821.0,6403.1,5238.900000000001,6112.05,58210
2025-05-06 22:19:05.671660,5822.0,6404.200000000001,5239.8,6113.1,58220
2025-05-06 22:20:05.671660,5823.0,6405.3,5240.7,6114.150000000001,58230
2025-05-06 22:21:05.671660,5824.0,6406.400000000001,5241.6,6115.2,58240
2025-05-06 22:22:05.671660,5825.0,6407.500000000001,5242.5,6116.25,58250
2025-05-06 22:23:05.671660,5826.0,6408.6,5243.400000000001,6117.3,58260
2025-05-06 22:24:05.671660,5827.0,6409.700000000001,5244.3,6118.35,58270
2025-05-06 22:25:05.671660,5828.0,6410.8,5245.2,6119.400000000001,58280
2025-05-06 22:26:05.671660,5829.0,6411.900000000001,5246.1,6120.45,58290
2025-05-06 22:27:05.671660,5830.0,6413.000000000001,5247.0,6121.5,58300
2025-05-06 22:28:05.671660,5831.0,6414.1,5247.900000000001,6122.55,58310
2025-05-06 22:29:05.671660,5832.0,6415.200000000001,5248.8,6123.6,58320
2025-05-06 22:30:05.671660,5833.0,6416.3,5249.7,6124.650000000001,58330
2025-05-06 22:31:05.671660,5834.0,6417.400000000001,5250.6,6125.7,58340
2025-05-06 22:32:05.671660,5835.0,6418.500000000001,5251.5,6126.75,58350
2025-05-06 22:33:05.671660,5836.0,6419.6,5252.400000000001,6127.8,58360
2025-05-06 22:34:05.671660,5837.0,6420.700000000001,5253.3,6128.85,58370
2025-05-06 22:35:05.671660,5838.0,6421.8,5254.2,6129.900000000001,58380
2025-05-06 22:36:05.671660,5839.0,6422.900000000001,5255.1,6130.95,58390
2025-05-06 22:37:05.671660,5840.0,6424.000000000001,5256.0,6132.0,58400
2025-05-06 22:38:05.671660,5841.0,6425.1,5256.900000000001,6133.05,58410
2025-05-06 22:39:05.671660,5842.0,6426.200000000001,5257.8,6134.1,58420
2025-05-06 22:40:05.671660,5843.0,6427.3,5258.7,6135.150000000001,58430
2025-05-06 22:41:05.671660,5844.0,6428.400000000001,5259.6,6136.2,58440
2025-05-06 22:42:05.671660,5845.0,6429.500000000001,5260.5,6137.25,58450
2025-05-06 22:43:05.671660,5846.0,6430.6,5261.400000000001,6138.3,58460
2025-05-06 22:44:05.671660,5847.0,6431.700000000001,5262.3,6139.35,58470
2025-05-06 22:45:05.671660,5848.0,6432.8,5263.2,6140.400000000001,58480
2025-05-06 22:46:05.671660,5849.0,6433.900000000001,5264.1,6141.45,58490
2025-05-06 22:47:05.671660,5850.0,6435.000000000001,5265.0,6142.5,58500
2025-05-06 22:48:05.671660,5851.0,6436.1,5265.900000000001,6143.55,58510
2025-05-06 22:49:05.671660,5852.0,6437.200000000001,5266.8,6144.6,58520
2025-05-06 22:50:05.671660,5853.0,6438.3,5267.7,6145.650000000001,58530
2025-05-06 22:51:05.671660,5854.0,6439.400000000001,5268.6,6146.7,58540
2025-05-06 22:52:05.671660,5855.0,6440.500000000001,5269.5,6147.75,58550
2025-05-06 22:53:05.671660,5856.0,6441.6,5270.400000000001,6148.8,58560
2025-05-06 22:54:05.671660,5857.0,6442.700000000001,5271.3,6149.85,58570
2025-05-06 22:55:05.671660,5858.0,6443.8,5272.2,6150.900000000001,58580
2025-05-06 22:56:05.671660,5859.0,6444.900000000001,5273.1,6151.95,58590
2025-05-06 22:57:05.671660,5860.0,6446.000000000001,5274.0,6153.0,58600
2025-05-06 22:58:05.671660,5861.0,6447.1,5274.900000000001,6154.05,58610
2025-05-06 22:59:05.671660,5862.0,6448.200000000001,5275.8,6155.1,58620
2025-05-06 23:00:05.671660,5863.0,6449.3,5276.7,6156.150000000001,58630
2025-05-06 23:01:05.671660,5864.0,6450.400000000001,5277.6,6157.2,58640
2025-05-06 23:02:05.671660,5865.0,6451.500000000001,5278.5,6158.25,58650
2025-05-06 23:03:05.671660,5866.0,6452.6,5279.400000000001,6159.3,58660
2025-05-06 23:04:05.671660,5867.0,6453.700000000001,5280.3,6160.35,58670
2025-05-06 23:05:05.671660,5868.0,6454.8,5281.2,6161.400000000001,58680
2025-05-06 23:06:05.671660,5869.0,6455.900000000001,5282.1,6162.45,58690
2025-05-06 23:07:05.671660,5870.0,6457.000000000001,5283.0,6163.5,58700
2025-05-06 23:08:05.671660,5871.0,6458.1,5283.900000000001,6164.55,58710
2025-05-06 23:09:05.671660,5872.0,6459.200000000001,5284.8,6165.6,58720
2025-05-06 23:10:05.671660,5873.0,6460.3,5285.7,6166.650000000001,58730
2025-05-06 23:11:05.671660,5874.0,6461.400000000001,5286.6,6167.7,58740
2025-05-06 23:12:05.671660,5875.0,6462.500000000001,5287.5,6168.75,58750
2025-05-06 23:13:05.671660,5876.0,6463.6,5288.400000000001,6169.8,58760
2025-05-06 23:14:05.671660,5877.0,6464.700000000001,5289.3,6170.85,58770
2025-05-06 23:15:05.671660,5878.0,6465.8,5290.2,6171.900000000001,58780
2025-05-06 23:16:05.671660,5879.0,6466.900000000001,5291.1,6172.95,58790
2025-05-06 23:17:05.671660,5880.0,6468.000000000001,5292.0,6174.0,58800
2025-05-06 23:18:05.671660,5881.0,6469.1,5292.900000000001,6175.05,58810
2025-05-06 23:19:05.671660,5882.0,6470.200000000001,5293.8,6176.1,58820
2025-05-06 23:20:05.671660,5883.0,6471.3,5294.7,6177.150000000001,58830
2025-05-06 23:21:05.671660,5884.0,6472.400000000001,5295.6,6178.2,58840
2025-05-06 23:22:05.671660,5885.0,6473.500000000001,5296.5,6179.25,58850
2025-05-06 23:23:05.671660,5886.0,6474.6,5297.400000000001,6180.3,58860
2025-05-06 23:24:05.671660,5887.0,6475.700000000001,5298.3,6181.35,58870
2025-05-06 23:25:05.671660,5888.0,6476.8,5299.2,6182.400000000001,58880
2025-05-06 23:26:05.671660,5889.0,6477.900000000001,5300.1,6183.45,58890
2025-05-06 23:27:05.671660,5890.0,6479.000000000001,5301.0,6184.5,58900
2025-05-06 23:28:05.671660,5891.0,6480.1,5301.900000000001,6185.55,58910
2025-05-06 23:29:05.671660,5892.0,6481.200000000001,5302.8,6186.6,58920
2025-05-06 23:30:05.671660,5893.0,6482.3,5303.7,6187.650000000001,58930
2025-05-06 23:31:05.671660,5894.0,6483.400000000001,5304.6,6188.7,58940
2025-05-06 23:32:05.671660,5895.0,6484.500000000001,5305.5,6189.75,58950
2025-05-06 23:33:05.671660,5896.0,6485.6,5306.400000000001,6190.8,58960
2025-05-06 23:34:05.671660,5897.0,6486.700000000001,5307.3,6191.85,58970
2025-05-06 23:35:05.671660,5898.0,6487.8,5308.2,6192.900000000001,58980
2025-05-06 23:36:05.671660,5899.0,6488.900000000001,5309.1,6193.95,58990
2025-05-06 23:37:05.671660,5900.0,6490.000000000001,5310.0,6195.0,59000
2025-05-06 23:38:05.671660,5901.0,6491.1,5310.900000000001,6196.05,59010
2025-05-06 23:39:05.671660,5902.0,6492.200000000001,5311.8,6197.1,59020
2025-05-06 23:40:05.671660,5903.0,6493.3,5312.7,6198.150000000001,59030
2025-05-06 23:41:05.671660,5904.0,6494.400000000001,5313.6,6199.2,59040
2025-05-06 23:42:05.671660,5905.0,6495.500000000001,5314.5,6200.25,59050
2025-05-06 23:43:05.671660,5906.0,6496.6,5315.400000000001,6201.3,59060
2025-05-06 23:44:05.671660,5907.0,6497.700000000001,5316.3,6202.35,59070
2025-05-06 23:45:05.671660,5908.0,6498.8,5317.2,6203.400000000001,59080
2025-05-06 23:46:05.671660,5909.0,6499.900000000001,5318.1,6204.45,59090
2025-05-06 23:47:05.671660,5910.0,6501.000000000001,5319.0,6205.5,59100
2025-05-06 23:48:05.671660,5911.0,6502.1,5319.900000000001,6206.55,59110
2025-05-06 23:49:05.671660,5912.0,6503.200000000001,5320.8,6207.6,59120
2025-05-06 23:50:05.671660,5913.0,6504.3,5321.7,6208.650000000001,59130
2025-05-06 23:51:05.671660,5914.0,6505.400000000001,5322.6,6209.7,59140
2025-05-06 23:52:05.671660,5915.0,6506.500000000001,5323.5,6210.75,59150
2025-05-06 23:53:05.671660,5916.0,6507.6,5324.400000000001,6211.8,59160
2025-05-06 23:54:05.671660,5917.0,6508.700000000001,5325.3,6212.85,59170
2025-05-06 23:55:05.671660,5918.0,6509.8,5326.2,6213.900000000001,59180
2025-05-06 23:56:05.671660,5919.0,6510.900000000001,5327.1,6214.95,59190
2025-05-06 23:57:05.671660,5920.0,6512.000000000001,5328.0,6216.0,59200
2025-05-06 23:58:05.671660,5921.0,6513.1,5328.900000000001,6217.05,59210
2025-05-06 23:59:05.671660,5922.0,6514.200000000001,5329.8,6218.1,59220
2025-05-07 00:00:05.671660,5923.0,6515.3,5330.7,6219.150000000001,59230
2025-05-07 00:01:05.671660,5924.0,6516.400000000001,5331.6,6220.2,59240
2025-05-07 00:02:05.671660,5925.0,6517.500000000001,5332.5,6221.25,59250
2025-05-07 00:03:05.671660,5926.0,6518.6,5333.400000000001,6222.3,59260
2025-05-07 00:04:05.671660,5927.0,6519.700000000001,5334.3,6223.35,59270
2025-05-07 00:05:05.671660,5928.0,6520.8,5335.2,6224.400000000001,59280
2025-05-07 00:06:05.671660,5929.0,6521.900000000001,5336.1,6225.45,59290
2025-05-07 00:07:05.671660,5930.0,6523.000000000001,5337.0,6226.5,59300
2025-05-07 00:08:05.671660,5931.0,6524.1,5337.900000000001,6227.55,59310
2025-05-07 00:09:05.671660,5932.0,6525.200000000001,5338.8,6228.6,59320
2025-05-07 00:10:05.671660,5933.0,6526.3,5339.7,6229.650000000001,59330
2025-05-07 00:11:05.671660,5934.0,6527.400000000001,5340.6,6230.7,59340
2025-05-07 00:12:05.671660,5935.0,6528.500000000001,5341.5,6231.75,59350
2025-05-07 00:13:05.671660,5936.0,6529.6,5342.400000000001,6232.8,59360
2025-05-07 00:14:05.671660,5937.0,6530.700000000001,5343.3,6233.85,59370
2025-05-07 00:15:05.671660,5938.0,6531.8,5344.2,6234.900000000001,59380
2025-05-07 00:16:05.671660,5939.0,6532.900000000001,5345.1,6235.95,59390
2025-05-07 00:17:05.671660,5940.0,6534.000000000001,5346.0,6237.0,59400
2025-05-07 00:18:05.671660,5941.0,6535.1,5346.900000000001,6238.05,59410
2025-05-07 00:19:05.671660,5942.0,6536.200000000001,5347.8,6239.1,59420
2025-05-07 00:20:05.671660,5943.0,6537.3,5348.7,6240.150000000001,59430
2025-05-07 00:21:05.671660,5944.0,6538.400000000001,5349.6,6241.2,59440
2025-05-07 00:22:05.671660,5945.0,6539.500000000001,5350.5,6242.25,59450
2025-05-07 00:23:05.671660,5946.0,6540.6,5351.400000000001,6243.3,59460
2025-05-07 00:24:05.671660,5947.0,6541.700000000001,5352.3,6244.35,59470
2025-05-07 00:25:05.671660,5948.0,6542.8,5353.2,6245.400000000001,59480
2025-05-07 00:26:05.671660,5949.0,6543.900000000001,5354.1,6246.45,59490
2025-05-07 00:27:05.671660,5950.0,6545.000000000001,5355.0,6247.5,59500
2025-05-07 00:28:05.671660,5951.0,6546.1,5355.900000000001,6248.55,59510
2025-05-07 00:29:05.671660,5952.0,6547.200000000001,5356.8,6249.6,59520
2025-05-07 00:30:05.671660,5953.0,6548.3,5357.7,6250.650000000001,59530
2025-05-07 00:31:05.671660,5954.0,6549.400000000001,5358.6,6251.7,59540
2025-05-07 00:32:05.671660,5955.0,6550.500000000001,5359.5,6252.75,59550
2025-05-07 00:33:05.671660,5956.0,6551.6,5360.400000000001,6253.8,59560
2025-05-07 00:34:05.671660,5957.0,6552.700000000001,5361.3,6254.85,59570
2025-05-07 00:35:05.671660,5958.0,6553.8,5362.2,6255.900000000001,59580
2025-05-07 00:36:05.671660,5959.0,6554.900000000001,5363.1,6256.95,59590
2025-05-07 00:37:05.671660,5960.0,6556.000000000001,5364.0,6258.0,59600
2025-05-07 00:38:05.671660,5961.0,6557.1,5364.900000000001,6259.05,59610
2025-05-07 00:39:05.671660,5962.0,6558.200000000001,5365.8,6260.1,59620
2025-05-07 00:40:05.671660,5963.0,6559.3,5366.7,6261.150000000001,59630
2025-05-07 00:41:05.671660,5964.0,6560.400000000001,5367.6,6262.2,59640
2025-05-07 00:42:05.671660,5965.0,6561.500000000001,5368.5,6263.25,59650
2025-05-07 00:43:05.671660,5966.0,6562.6,5369.400000000001,6264.3,59660
2025-05-07 00:44:05.671660,5967.0,6563.700000000001,5370.3,6265.35,59670
2025-05-07 00:45:05.671660,5968.0,6564.8,5371.2,6266.400000000001,59680
2025-05-07 00:46:05.671660,5969.0,6565.900000000001,5372.1,6267.45,59690
2025-05-07 00:47:05.671660,5970.0,6567.000000000001,5373.0,6268.5,59700
2025-05-07 00:48:05.671660,5971.0,6568.1,5373.900000000001,6269.55,59710
2025-05-07 00:49:05.671660,5972.0,6569.200000000001,5374.8,6270.6,59720
2025-05-07 00:50:05.671660,5973.0,6570.3,5375.7,6271.650000000001,59730
2025-05-07 00:51:05.671660,5974.0,6571.400000000001,5376.6,6272.7,59740
2025-05-07 00:52:05.671660,5975.0,6572.500000000001,5377.5,6273.75,59750
2025-05-07 00:53:05.671660,5976.0,6573.6,5378.400000000001,6274.8,59760
2025-05-07 00:54:05.671660,5977.0,6574.700000000001,5379.3,6275.85,59770
2025-05-07 00:55:05.671660,5978.0,6575.8,5380.2,6276.900000000001,59780
2025-05-07 00:56:05.671660,5979.0,6576.900000000001,5381.1,6277.95,59790
2025-05-07 00:57:05.671660,5980.0,6578.000000000001,5382.0,6279.0,59800
2025-05-07 00:58:05.671660,5981.0,6579.1,5382.900000000001,6280.05,59810
2025-05-07 00:59:05.671660,5982.0,6580.200000000001,5383.8,6281.1,59820
2025-05-07 01:00:05.671660,5983.0,6581.3,5384.7,6282.150000000001,59830
2025-05-07 01:01:05.671660,5984.0,6582.400000000001,5385.6,6283.2,59840
2025-05-07 01:02:05.671660,5985.0,6583.500000000001,5386.5,6284.25,59850
2025-05-07 01:03:05.671660,5986.0,6584.6,5387.400000000001,6285.3,59860
2025-05-07 01:04:05.671660,5987.0,6585.700000000001,5388.3,6286.35,59870
2025-05-07 01:05:05.671660,5988.0,6586.8,5389.2,6287.400000000001,59880
2025-05-07 01:06:05.671660,5989.0,6587.900000000001,5390.1,6288.45,59890
2025-05-07 01:07:05.671660,5990.0,6589.000000000001,5391.0,6289.5,59900
2025-05-07 01:08:05.671660,5991.0,6590.1,5391.900000000001,6290.55,59910
2025-05-07 01:09:05.671660,5992.0,6591.200000000001,5392.8,6291.6,59920
2025-05-07 01:10:05.671660,5993.0,6592.3,5393.7,6292.650000000001,59930
2025-05-07 01:11:05.671660,5994.0,6593.400000000001,5394.6,6293.7,59940
2025-05-07 01:12:05.671660,5995.0,6594.500000000001,5395.5,6294.75,59950
2025-05-07 01:13:05.671660,5996.0,6595.6,5396.400000000001,6295.8,59960
2025-05-07 01:14:05.671660,5997.0,6596.700000000001,5397.3,6296.85,59970
2025-05-07 01:15:05.671660,5998.0,6597.8,5398.2,6297.900000000001,59980
2025-05-07 01:16:05.671660,5999.0,6598.900000000001,5399.1,6298.95,59990
2025-05-07 01:17:05.671660,6000.0,6600.000000000001,5400.0,6300.0,60000
2025-05-07 01:18:05.671660,6001.0,6601.1,5400.900000000001,6301.05,60010
2025-05-07 01:19:05.671660,6002.0,6602.200000000001,5401.8,6302.1,60020
2025-05-07 01:20:05.671660,6003.0,6603.3,5402.7,6303.150000000001,60030
2025-05-07 01:21:05.671660,6004.0,6604.400000000001,5403.6,6304.2,60040
2025-05-07 01:22:05.671660,6005.0,6605.500000000001,5404.5,6305.25,60050
2025-05-07 01:23:05.671660,6006.0,6606.6,5405.400000000001,6306.3,60060
2025-05-07 01:24:05.671660,6007.0,6607.700000000001,5406.3,6307.35,60070
2025-05-07 01:25:05.671660,6008.0,6608.8,5407.2,6308.400000000001,60080
2025-05-07 01:26:05.671660,6009.0,6609.900000000001,5408.1,6309.45,60090
2025-05-07 01:27:05.671660,6010.0,6611.000000000001,5409.0,6310.5,60100
2025-05-07 01:28:05.671660,6011.0,6612.1,5409.900000000001,6311.55,60110
2025-05-07 01:29:05.671660,6012.0,6613.200000000001,5410.8,6312.6,60120
2025-05-07 01:30:05.671660,6013.0,6614.3,5411.7,6313.650000000001,60130
2025-05-07 01:31:05.671660,6014.0,6615.400000000001,5412.6,6314.7,60140
2025-05-07 01:32:05.671660,6015.0,6616.500000000001,5413.5,6315.75,60150
2025-05-07 01:33:05.671660,6016.0,6617.6,5414.400000000001,6316.8,60160
2025-05-07 01:34:05.671660,6017.0,6618.700000000001,5415.3,6317.85,60170
2025-05-07 01:35:05.671660,6018.0,6619.8,5416.2,6318.900000000001,60180
2025-05-07 01:36:05.671660,6019.0,6620.900000000001,5417.1,6319.95,60190
2025-05-07 01:37:05.671660,6020.0,6622.000000000001,5418.0,6321.0,60200
2025-05-07 01:38:05.671660,6021.0,6623.1,5418.900000000001,6322.05,60210
2025-05-07 01:39:05.671660,6022.0,6624.200000000001,5419.8,6323.1,60220
2025-05-07 01:40:05.671660,6023.0,6625.3,5420.7,6324.150000000001,60230
2025-05-07 01:41:05.671660,6024.0,6626.400000000001,5421.6,6325.2,60240
2025-05-07 01:42:05.671660,6025.0,6627.500000000001,5422.5,6326.25,60250
2025-05-07 01:43:05.671660,6026.0,6628.6,5423.400000000001,6327.3,60260
2025-05-07 01:44:05.671660,6027.0,6629.700000000001,5424.3,6328.35,60270
2025-05-07 01:45:05.671660,6028.0,6630.8,5425.2,6329.400000000001,60280
2025-05-07 01:46:05.671660,6029.0,6631.900000000001,5426.1,6330.45,60290
2025-05-07 01:47:05.671660,6030.0,6633.000000000001,5427.0,6331.5,60300
2025-05-07 01:48:05.671660,6031.0,6634.1,5427.900000000001,6332.55,60310
2025-05-07 01:49:05.671660,6032.0,6635.200000000001,5428.8,6333.6,60320
2025-05-07 01:50:05.671660,6033.0,6636.3,5429.7,6334.650000000001,60330
2025-05-07 01:51:05.671660,6034.0,6637.400000000001,5430.6,6335.7,60340
2025-05-07 01:52:05.671660,6035.0,6638.500000000001,5431.5,6336.75,60350
2025-05-07 01:53:05.671660,6036.0,6639.6,5432.400000000001,6337.8,60360
2025-05-07 01:54:05.671660,6037.0,6640.700000000001,5433.3,6338.85,60370
2025-05-07 01:55:05.671660,6038.0,6641.8,5434.2,6339.900000000001,60380
2025-05-07 01:56:05.671660,6039.0,6642.900000000001,5435.1,6340.95,60390
2025-05-07 01:57:05.671660,6040.0,6644.000000000001,5436.0,6342.0,60400
2025-05-07 01:58:05.671660,6041.0,6645.1,5436.900000000001,6343.05,60410
2025-05-07 01:59:05.671660,6042.0,6646.200000000001,5437.8,6344.1,60420
2025-05-07 02:00:05.671660,6043.0,6647.3,5438.7,6345.150000000001,60430
2025-05-07 02:01:05.671660,6044.0,6648.400000000001,5439.6,6346.2,60440
2025-05-07 02:02:05.671660,6045.0,6649.500000000001,5440.5,6347.25,60450
2025-05-07 02:03:05.671660,6046.0,6650.6,5441.400000000001,6348.3,60460
2025-05-07 02:04:05.671660,6047.0,6651.700000000001,5442.3,6349.35,60470
2025-05-07 02:05:05.671660,6048.0,6652.8,5443.2,6350.400000000001,60480
2025-05-07 02:06:05.671660,6049.0,6653.900000000001,5444.1,6351.45,60490
2025-05-07 02:07:05.671660,6050.0,6655.000000000001,5445.0,6352.5,60500
2025-05-07 02:08:05.671660,6051.0,6656.1,5445.900000000001,6353.55,60510
2025-05-07 02:09:05.671660,6052.0,6657.200000000001,5446.8,6354.6,60520
2025-05-07 02:10:05.671660,6053.0,6658.3,5447.7,6355.650000000001,60530
2025-05-07 02:11:05.671660,6054.0,6659.400000000001,5448.6,6356.7,60540
2025-05-07 02:12:05.671660,6055.0,6660.500000000001,5449.5,6357.75,60550
2025-05-07 02:13:05.671660,6056.0,6661.6,5450.400000000001,6358.8,60560
2025-05-07 02:14:05.671660,6057.0,6662.700000000001,5451.3,6359.85,60570
2025-05-07 02:15:05.671660,6058.0,6663.8,5452.2,6360.900000000001,60580
2025-05-07 02:16:05.671660,6059.0,6664.900000000001,5453.1,6361.95,60590
2025-05-07 02:17:05.671660,6060.0,6666.000000000001,5454.0,6363.0,60600
2025-05-07 02:18:05.671660,6061.0,6667.1,5454.900000000001,6364.05,60610
2025-05-07 02:19:05.671660,6062.0,6668.200000000001,5455.8,6365.1,60620
2025-05-07 02:20:05.671660,6063.0,6669.3,5456.7,6366.150000000001,60630
2025-05-07 02:21:05.671660,6064.0,6670.400000000001,5457.6,6367.2,60640
2025-05-07 02:22:05.671660,6065.0,6671.500000000001,5458.5,6368.25,60650
2025-05-07 02:23:05.671660,6066.0,6672.6,5459.400000000001,6369.3,60660
2025-05-07 02:24:05.671660,6067.0,6673.700000000001,5460.3,6370.35,60670
2025-05-07 02:25:05.671660,6068.0,6674.8,5461.2,6371.400000000001,60680
2025-05-07 02:26:05.671660,6069.0,6675.900000000001,5462.1,6372.45,60690
2025-05-07 02:27:05.671660,6070.0,6677.000000000001,5463.0,6373.5,60700
2025-05-07 02:28:05.671660,6071.0,6678.1,5463.900000000001,6374.55,60710
2025-05-07 02:29:05.671660,6072.0,6679.200000000001,5464.8,6375.6,60720
2025-05-07 02:30:05.671660,6073.0,6680.3,5465.7,6376.650000000001,60730
2025-05-07 02:31:05.671660,6074.0,6681.400000000001,5466.6,6377.7,60740
2025-05-07 02:32:05.671660,6075.0,6682.500000000001,5467.5,6378.75,60750
2025-05-07 02:33:05.671660,6076.0,6683.6,5468.400000000001,6379.8,60760
2025-05-07 02:34:05.671660,6077.0,6684.700000000001,5469.3,6380.85,60770
2025-05-07 02:35:05.671660,6078.0,6685.8,5470.2,6381.900000000001,60780
2025-05-07 02:36:05.671660,6079.0,6686.900000000001,5471.1,6382.95,60790
2025-05-07 02:37:05.671660,6080.0,6688.000000000001,5472.0,6384.0,60800
2025-05-07 02:38:05.671660,6081.0,6689.1,5472.900000000001,6385.05,60810
2025-05-07 02:39:05.671660,6082.0,6690.200000000001,5473.8,6386.1,60820
2025-05-07 02:40:05.671660,6083.0,6691.3,5474.7,6387.150000000001,60830
2025-05-07 02:41:05.671660,6084.0,6692.400000000001,5475.6,6388.2,60840
2025-05-07 02:42:05.671660,6085.0,6693.500000000001,5476.5,6389.25,60850
2025-05-07 02:43:05.671660,6086.0,6694.6,5477.400000000001,6390.3,60860
2025-05-07 02:44:05.671660,6087.0,6695.700000000001,5478.3,6391.35,60870
2025-05-07 02:45:05.671660,6088.0,6696.8,5479.2,6392.400000000001,60880
2025-05-07 02:46:05.671660,6089.0,6697.900000000001,5480.1,6393.45,60890
2025-05-07 02:47:05.671660,6090.0,6699.000000000001,5481.0,6394.5,60900
2025-05-07 02:48:05.671660,6091.0,6700.1,5481.900000000001,6395.55,60910
2025-05-07 02:49:05.671660,6092.0,6701.200000000001,5482.8,6396.6,60920
2025-05-07 02:50:05.671660,6093.0,6702.3,5483.7,6397.650000000001,60930
2025-05-07 02:51:05.671660,6094.0,6703.400000000001,5484.6,6398.7,60940
2025-05-07 02:52:05.671660,6095.0,6704.500000000001,5485.5,6399.75,60950
2025-05-07 02:53:05.671660,6096.0,6705.6,5486.400000000001,6400.8,60960
2025-05-07 02:54:05.671660,6097.0,6706.700000000001,5487.3,6401.85,60970
2025-05-07 02:55:05.671660,6098.0,6707.8,5488.2,6402.900000000001,60980
2025-05-07 02:56:05.671660,6099.0,6708.900000000001,5489.1,6403.95,60990
2025-05-07 02:57:05.671660,6100.0,6710.000000000001,5490.0,6405.0,61000
2025-05-07 02:58:05.671660,6101.0,6711.1,5490.900000000001,6406.05,61010
2025-05-07 02:59:05.671660,6102.0,6712.200000000001,5491.8,6407.1,61020
2025-05-07 03:00:05.671660,6103.0,6713.3,5492.7,6408.150000000001,61030
2025-05-07 03:01:05.671660,6104.0,6714.400000000001,5493.6,6409.2,61040
2025-05-07 03:02:05.671660,6105.0,6715.500000000001,5494.5,6410.25,61050
2025-05-07 03:03:05.671660,6106.0,6716.6,5495.400000000001,6411.3,61060
2025-05-07 03:04:05.671660,6107.0,6717.700000000001,5496.3,6412.35,61070
2025-05-07 03:05:05.671660,6108.0,6718.8,5497.2,6413.400000000001,61080
2025-05-07 03:06:05.671660,6109.0,6719.900000000001,5498.1,6414.45,61090
2025-05-07 03:07:05.671660,6110.0,6721.000000000001,5499.0,6415.5,61100
2025-05-07 03:08:05.671660,6111.0,6722.1,5499.900000000001,6416.55,61110
2025-05-07 03:09:05.671660,6112.0,6723.200000000001,5500.8,6417.6,61120
2025-05-07 03:10:05.671660,6113.0,6724.3,5501.7,6418.650000000001,61130
2025-05-07 03:11:05.671660,6114.0,6725.400000000001,5502.6,6419.7,61140
2025-05-07 03:12:05.671660,6115.0,6726.500000000001,5503.5,6420.75,61150
2025-05-07 03:13:05.671660,6116.0,6727.6,5504.400000000001,6421.8,61160
2025-05-07 03:14:05.671660,6117.0,6728.700000000001,5505.3,6422.85,61170
2025-05-07 03:15:05.671660,6118.0,6729.8,5506.2,6423.900000000001,61180
2025-05-07 03:16:05.671660,6119.0,6730.900000000001,5507.1,6424.95,61190
2025-05-07 03:17:05.671660,6120.0,6732.000000000001,5508.0,6426.0,61200
2025-05-07 03:18:05.671660,6121.0,6733.1,5508.900000000001,6427.05,61210
2025-05-07 03:19:05.671660,6122.0,6734.200000000001,5509.8,6428.1,61220
2025-05-07 03:20:05.671660,6123.0,6735.3,5510.7,6429.150000000001,61230
2025-05-07 03:21:05.671660,6124.0,6736.400000000001,5511.6,6430.2,61240
2025-05-07 03:22:05.671660,6125.0,6737.500000000001,5512.5,6431.25,61250
2025-05-07 03:23:05.671660,6126.0,6738.6,5513.400000000001,6432.3,61260
2025-05-07 03:24:05.671660,6127.0,6739.700000000001,5514.3,6433.35,61270
2025-05-07 03:25:05.671660,6128.0,6740.8,5515.2,6434.400000000001,61280
2025-05-07 03:26:05.671660,6129.0,6741.900000000001,5516.1,6435.45,61290
2025-05-07 03:27:05.671660,6130.0,6743.000000000001,5517.0,6436.5,61300
2025-05-07 03:28:05.671660,6131.0,6744.1,5517.900000000001,6437.55,61310
2025-05-07 03:29:05.671660,6132.0,6745.200000000001,5518.8,6438.6,61320
2025-05-07 03:30:05.671660,6133.0,6746.3,5519.7,6439.650000000001,61330
2025-05-07 03:31:05.671660,6134.0,6747.400000000001,5520.6,6440.7,61340
2025-05-07 03:32:05.671660,6135.0,6748.500000000001,5521.5,6441.75,61350
2025-05-07 03:33:05.671660,6136.0,6749.6,5522.400000000001,6442.8,61360
2025-05-07 03:34:05.671660,6137.0,6750.700000000001,5523.3,6443.85,61370
2025-05-07 03:35:05.671660,6138.0,6751.8,5524.2,6444.900000000001,61380
2025-05-07 03:36:05.671660,6139.0,6752.900000000001,5525.1,6445.95,61390
2025-05-07 03:37:05.671660,6140.0,6754.000000000001,5526.0,6447.0,61400
2025-05-07 03:38:05.671660,6141.0,6755.1,5526.900000000001,6448.05,61410
2025-05-07 03:39:05.671660,6142.0,6756.200000000001,5527.8,6449.1,61420
2025-05-07 03:40:05.671660,6143.0,6757.3,5528.7,6450.150000000001,61430
2025-05-07 03:41:05.671660,6144.0,6758.400000000001,5529.6,6451.200000000001,61440
2025-05-07 03:42:05.671660,6145.0,6759.500000000001,5530.5,6452.25,61450
2025-05-07 03:43:05.671660,6146.0,6760.6,5531.400000000001,6453.3,61460
2025-05-07 03:44:05.671660,6147.0,6761.700000000001,5532.3,6454.35,61470
2025-05-07 03:45:05.671660,6148.0,6762.8,5533.2,6455.400000000001,61480
2025-05-07 03:46:05.671660,6149.0,6763.900000000001,5534.1,6456.450000000001,61490
2025-05-07 03:47:05.671660,6150.0,6765.000000000001,5535.0,6457.5,61500
2025-05-07 03:48:05.671660,6151.0,6766.1,5535.900000000001,6458.55,61510
2025-05-07 03:49:05.671660,6152.0,6767.200000000001,5536.8,6459.6,61520
2025-05-07 03:50:05.671660,6153.0,6768.3,5537.7,6460.650000000001,61530
2025-05-07 03:51:05.671660,6154.0,6769.400000000001,5538.6,6461.700000000001,61540
2025-05-07 03:52:05.671660,6155.0,6770.500000000001,5539.5,6462.75,61550
2025-05-07 03:53:05.671660,6156.0,6771.6,5540.400000000001,6463.8,61560
2025-05-07 03:54:05.671660,6157.0,6772.700000000001,5541.3,6464.85,61570
2025-05-07 03:55:05.671660,6158.0,6773.8,5542.2,6465.900000000001,61580
2025-05-07 03:56:05.671660,6159.0,6774.900000000001,5543.1,6466.950000000001,61590
2025-05-07 03:57:05.671660,6160.0,6776.000000000001,5544.0,6468.0,61600
2025-05-07 03:58:05.671660,6161.0,6777.1,5544.900000000001,6469.05,61610
2025-05-07 03:59:05.671660,6162.0,6778.200000000001,5545.8,6470.1,61620
2025-05-07 04:00:05.671660,6163.0,6779.3,5546.7,6471.150000000001,61630
2025-05-07 04:01:05.671660,6164.0,6780.400000000001,5547.6,6472.200000000001,61640
2025-05-07 04:02:05.671660,6165.0,6781.500000000001,5548.5,6473.25,61650
2025-05-07 04:03:05.671660,6166.0,6782.6,5549.400000000001,6474.3,61660
2025-05-07 04:04:05.671660,6167.0,6783.700000000001,5550.3,6475.35,61670
2025-05-07 04:05:05.671660,6168.0,6784.8,5551.2,6476.400000000001,61680
2025-05-07 04:06:05.671660,6169.0,6785.900000000001,5552.1,6477.450000000001,61690
2025-05-07 04:07:05.671660,6170.0,6787.000000000001,5553.0,6478.5,61700
2025-05-07 04:08:05.671660,6171.0,6788.1,5553.900000000001,6479.55,61710
2025-05-07 04:09:05.671660,6172.0,6789.200000000001,5554.8,6480.6,61720
2025-05-07 04:10:05.671660,6173.0,6790.3,5555.7,6481.650000000001,61730
2025-05-07 04:11:05.671660,6174.0,6791.400000000001,5556.6,6482.700000000001,61740
2025-05-07 04:12:05.671660,6175.0,6792.500000000001,5557.5,6483.75,61750
2025-05-07 04:13:05.671660,6176.0,6793.6,5558.400000000001,6484.8,61760
2025-05-07 04:14:05.671660,6177.0,6794.700000000001,5559.3,6485.85,61770
2025-05-07 04:15:05.671660,6178.0,6795.8,5560.2,6486.900000000001,61780
2025-05-07 04:16:05.671660,6179.0,6796.900000000001,5561.1,6487.950000000001,61790
2025-05-07 04:17:05.671660,6180.0,6798.000000000001,5562.0,6489.0,61800
2025-05-07 04:18:05.671660,6181.0,6799.1,5562.900000000001,6490.05,61810
2025-05-07 04:19:05.671660,6182.0,6800.200000000001,5563.8,6491.1,61820
2025-05-07 04:20:05.671660,6183.0,6801.3,5564.7,6492.150000000001,61830
2025-05-07 04:21:05.671660,6184.0,6802.400000000001,5565.6,6493.200000000001,61840
2025-05-07 04:22:05.671660,6185.0,6803.500000000001,5566.5,6494.25,61850
2025-05-07 04:23:05.671660,6186.0,6804.6,5567.400000000001,6495.3,61860
2025-05-07 04:24:05.671660,6187.0,6805.700000000001,5568.3,6496.35,61870
2025-05-07 04:25:05.671660,6188.0,6806.8,5569.2,6497.400000000001,61880
2025-05-07 04:26:05.671660,6189.0,6807.900000000001,5570.1,6498.450000000001,61890
2025-05-07 04:27:05.671660,6190.0,6809.000000000001,5571.0,6499.5,61900
2025-05-07 04:28:05.671660,6191.0,6810.1,5571.900000000001,6500.55,61910
2025-05-07 04:29:05.671660,6192.0,6811.200000000001,5572.8,6501.6,61920
2025-05-07 04:30:05.671660,6193.0,6812.3,5573.7,6502.650000000001,61930
2025-05-07 04:31:05.671660,6194.0,6813.400000000001,5574.6,6503.700000000001,61940
2025-05-07 04:32:05.671660,6195.0,6814.500000000001,5575.5,6504.75,61950
2025-05-07 04:33:05.671660,6196.0,6815.6,5576.400000000001,6505.8,61960
2025-05-07 04:34:05.671660,6197.0,6816.700000000001,5577.3,6506.85,61970
2025-05-07 04:35:05.671660,6198.0,6817.8,5578.2,6507.900000000001,61980
2025-05-07 04:36:05.671660,6199.0,6818.900000000001,5579.1,6508.950000000001,61990
2025-05-07 04:37:05.671660,6200.0,6820.000000000001,5580.0,6510.0,62000
2025-05-07 04:38:05.671660,6201.0,6821.1,5580.900000000001,6511.05,62010
2025-05-07 04:39:05.671660,6202.0,6822.200000000001,5581.8,6512.1,62020
2025-05-07 04:40:05.671660,6203.0,6823.3,5582.7,6513.150000000001,62030
2025-05-07 04:41:05.671660,6204.0,6824.400000000001,5583.6,6514.200000000001,62040
2025-05-07 04:42:05.671660,6205.0,6825.500000000001,5584.5,6515.25,62050
2025-05-07 04:43:05.671660,6206.0,6826.6,5585.400000000001,6516.3,62060
2025-05-07 04:44:05.671660,6207.0,6827.700000000001,5586.3,6517.35,62070
2025-05-07 04:45:05.671660,6208.0,6828.8,5587.2,6518.400000000001,62080
2025-05-07 04:46:05.671660,6209.0,6829.900000000001,5588.1,6519.450000000001,62090
2025-05-07 04:47:05.671660,6210.0,6831.000000000001,5589.0,6520.5,62100
2025-05-07 04:48:05.671660,6211.0,6832.1,5589.900000000001,6521.55,62110
2025-05-07 04:49:05.671660,6212.0,6833.200000000001,5590.8,6522.6,62120
2025-05-07 04:50:05.671660,6213.0,6834.3,5591.7,6523.650000000001,62130
2025-05-07 04:51:05.671660,6214.0,6835.400000000001,5592.6,6524.700000000001,62140
2025-05-07 04:52:05.671660,6215.0,6836.500000000001,5593.5,6525.75,62150
2025-05-07 04:53:05.671660,6216.0,6837.6,5594.400000000001,6526.8,62160
2025-05-07 04:54:05.671660,6217.0,6838.700000000001,5595.3,6527.85,62170
2025-05-07 04:55:05.671660,6218.0,6839.8,5596.2,6528.900000000001,62180
2025-05-07 04:56:05.671660,6219.0,6840.900000000001,5597.1,6529.950000000001,62190
2025-05-07 04:57:05.671660,6220.0,6842.000000000001,5598.0,6531.0,62200
2025-05-07 04:58:05.671660,6221.0,6843.1,5598.900000000001,6532.05,62210
2025-05-07 04:59:05.671660,6222.0,6844.200000000001,5599.8,6533.1,62220
2025-05-07 05:00:05.671660,6223.0,6845.3,5600.7,6534.150000000001,62230
2025-05-07 05:01:05.671660,6224.0,6846.400000000001,5601.6,6535.200000000001,62240
2025-05-07 05:02:05.671660,6225.0,6847.500000000001,5602.5,6536.25,62250
2025-05-07 05:03:05.671660,6226.0,6848.6,5603.400000000001,6537.3,62260
2025-05-07 05:04:05.671660,6227.0,6849.700000000001,5604.3,6538.35,62270
2025-05-07 05:05:05.671660,6228.0,6850.8,5605.2,6539.400000000001,62280
2025-05-07 05:06:05.671660,6229.0,6851.900000000001,5606.1,6540.450000000001,62290
2025-05-07 05:07:05.671660,6230.0,6853.000000000001,5607.0,6541.5,62300
2025-05-07 05:08:05.671660,6231.0,6854.1,5607.900000000001,6542.55,62310
2025-05-07 05:09:05.671660,6232.0,6855.200000000001,5608.8,6543.6,62320
2025-05-07 05:10:05.671660,6233.0,6856.3,5609.7,6544.650000000001,62330
2025-05-07 05:11:05.671660,6234.0,6857.400000000001,5610.6,6545.700000000001,62340
2025-05-07 05:12:05.671660,6235.0,6858.500000000001,5611.5,6546.75,62350
2025-05-07 05:13:05.671660,6236.0,6859.6,5612.400000000001,6547.8,62360
2025-05-07 05:14:05.671660,6237.0,6860.700000000001,5613.3,6548.85,62370
2025-05-07 05:15:05.671660,6238.0,6861.8,5614.2,6549.900000000001,62380
2025-05-07 05:16:05.671660,6239.0,6862.900000000001,5615.1,6550.950000000001,62390
2025-05-07 05:17:05.671660,6240.0,6864.000000000001,5616.0,6552.0,62400
2025-05-07 05:18:05.671660,6241.0,6865.1,5616.900000000001,6553.05,62410
2025-05-07 05:19:05.671660,6242.0,6866.200000000001,5617.8,6554.1,62420
2025-05-07 05:20:05.671660,6243.0,6867.3,5618.7,6555.150000000001,62430
2025-05-07 05:21:05.671660,6244.0,6868.400000000001,5619.6,6556.200000000001,62440
2025-05-07 05:22:05.671660,6245.0,6869.500000000001,5620.5,6557.25,62450
2025-05-07 05:23:05.671660,6246.0,6870.6,5621.400000000001,6558.3,62460
2025-05-07 05:24:05.671660,6247.0,6871.700000000001,5622.3,6559.35,62470
2025-05-07 05:25:05.671660,6248.0,6872.8,5623.2,6560.400000000001,62480
2025-05-07 05:26:05.671660,6249.0,6873.900000000001,5624.1,6561.450000000001,62490
2025-05-07 05:27:05.671660,6250.0,6875.000000000001,5625.0,6562.5,62500
2025-05-07 05:28:05.671660,6251.0,6876.1,5625.900000000001,6563.55,62510
2025-05-07 05:29:05.671660,6252.0,6877.200000000001,5626.8,6564.6,62520
2025-05-07 05:30:05.671660,6253.0,6878.3,5627.7,6565.650000000001,62530
2025-05-07 05:31:05.671660,6254.0,6879.400000000001,5628.6,6566.700000000001,62540
2025-05-07 05:32:05.671660,6255.0,6880.500000000001,5629.5,6567.75,62550
2025-05-07 05:33:05.671660,6256.0,6881.6,5630.400000000001,6568.8,62560
2025-05-07 05:34:05.671660,6257.0,6882.700000000001,5631.3,6569.85,62570
2025-05-07 05:35:05.671660,6258.0,6883.8,5632.2,6570.900000000001,62580
2025-05-07 05:36:05.671660,6259.0,6884.900000000001,5633.1,6571.950000000001,62590
2025-05-07 05:37:05.671660,6260.0,6886.000000000001,5634.0,6573.0,62600
2025-05-07 05:38:05.671660,6261.0,6887.1,5634.900000000001,6574.05,62610
2025-05-07 05:39:05.671660,6262.0,6888.200000000001,5635.8,6575.1,62620
2025-05-07 05:40:05.671660,6263.0,6889.3,5636.7,6576.150000000001,62630
2025-05-07 05:41:05.671660,6264.0,6890.400000000001,5637.6,6577.200000000001,62640
2025-05-07 05:42:05.671660,6265.0,6891.500000000001,5638.5,6578.25,62650
2025-05-07 05:43:05.671660,6266.0,6892.6,5639.400000000001,6579.3,62660
2025-05-07 05:44:05.671660,6267.0,6893.700000000001,5640.3,6580.35,62670
2025-05-07 05:45:05.671660,6268.0,6894.8,5641.2,6581.400000000001,62680
2025-05-07 05:46:05.671660,6269.0,6895.900000000001,5642.1,6582.450000000001,62690
2025-05-07 05:47:05.671660,6270.0,6897.000000000001,5643.0,6583.5,62700
2025-05-07 05:48:05.671660,6271.0,6898.1,5643.900000000001,6584.55,62710
2025-05-07 05:49:05.671660,6272.0,6899.200000000001,5644.8,6585.6,62720
2025-05-07 05:50:05.671660,6273.0,6900.3,5645.7,6586.650000000001,62730
2025-05-07 05:51:05.671660,6274.0,6901.400000000001,5646.6,6587.700000000001,62740
2025-05-07 05:52:05.671660,6275.0,6902.500000000001,5647.5,6588.75,62750
2025-05-07 05:53:05.671660,6276.0,6903.6,5648.400000000001,6589.8,62760
2025-05-07 05:54:05.671660,6277.0,6904.700000000001,5649.3,6590.85,62770
2025-05-07 05:55:05.671660,6278.0,6905.8,5650.2,6591.900000000001,62780
2025-05-07 05:56:05.671660,6279.0,6906.900000000001,5651.1,6592.950000000001,62790
2025-05-07 05:57:05.671660,6280.0,6908.000000000001,5652.0,6594.0,62800
2025-05-07 05:58:05.671660,6281.0,6909.1,5652.900000000001,6595.05,62810
2025-05-07 05:59:05.671660,6282.0,6910.200000000001,5653.8,6596.1,62820
2025-05-07 06:00:05.671660,6283.0,6911.3,5654.7,6597.150000000001,62830
2025-05-07 06:01:05.671660,6284.0,6912.400000000001,5655.6,6598.200000000001,62840
2025-05-07 06:02:05.671660,6285.0,6913.500000000001,5656.5,6599.25,62850
2025-05-07 06:03:05.671660,6286.0,6914.6,5657.400000000001,6600.3,62860
2025-05-07 06:04:05.671660,6287.0,6915.700000000001,5658.3,6601.35,62870
2025-05-07 06:05:05.671660,6288.0,6916.8,5659.2,6602.400000000001,62880
2025-05-07 06:06:05.671660,6289.0,6917.900000000001,5660.1,6603.450000000001,62890
2025-05-07 06:07:05.671660,6290.0,6919.000000000001,5661.0,6604.5,62900
2025-05-07 06:08:05.671660,6291.0,6920.1,5661.900000000001,6605.55,62910
2025-05-07 06:09:05.671660,6292.0,6921.200000000001,5662.8,6606.6,62920
2025-05-07 06:10:05.671660,6293.0,6922.3,5663.7,6607.650000000001,62930
2025-05-07 06:11:05.671660,6294.0,6923.400000000001,5664.6,6608.700000000001,62940
2025-05-07 06:12:05.671660,6295.0,6924.500000000001,5665.5,6609.75,62950
2025-05-07 06:13:05.671660,6296.0,6925.6,5666.400000000001,6610.8,62960
2025-05-07 06:14:05.671660,6297.0,6926.700000000001,5667.3,6611.85,62970
2025-05-07 06:15:05.671660,6298.0,6927.8,5668.2,6612.900000000001,62980
2025-05-07 06:16:05.671660,6299.0,6928.900000000001,5669.1,6613.950000000001,62990
2025-05-07 06:17:05.671660,6300.0,6930.000000000001,5670.0,6615.0,63000
2025-05-07 06:18:05.671660,6301.0,6931.1,5670.900000000001,6616.05,63010
2025-05-07 06:19:05.671660,6302.0,6932.200000000001,5671.8,6617.1,63020
2025-05-07 06:20:05.671660,6303.0,6933.3,5672.7,6618.150000000001,63030
2025-05-07 06:21:05.671660,6304.0,6934.400000000001,5673.6,6619.200000000001,63040
2025-05-07 06:22:05.671660,6305.0,6935.500000000001,5674.5,6620.25,63050
2025-05-07 06:23:05.671660,6306.0,6936.6,5675.400000000001,6621.3,63060
2025-05-07 06:24:05.671660,6307.0,6937.700000000001,5676.3,6622.35,63070
2025-05-07 06:25:05.671660,6308.0,6938.8,5677.2,6623.400000000001,63080
2025-05-07 06:26:05.671660,6309.0,6939.900000000001,5678.1,6624.450000000001,63090
2025-05-07 06:27:05.671660,6310.0,6941.000000000001,5679.0,6625.5,63100
2025-05-07 06:28:05.671660,6311.0,6942.1,5679.900000000001,6626.55,63110
2025-05-07 06:29:05.671660,6312.0,6943.200000000001,5680.8,6627.6,63120
2025-05-07 06:30:05.671660,6313.0,6944.3,5681.7,6628.650000000001,63130
2025-05-07 06:31:05.671660,6314.0,6945.400000000001,5682.6,6629.700000000001,63140
2025-05-07 06:32:05.671660,6315.0,6946.500000000001,5683.5,6630.75,63150
2025-05-07 06:33:05.671660,6316.0,6947.6,5684.400000000001,6631.8,63160
2025-05-07 06:34:05.671660,6317.0,6948.700000000001,5685.3,6632.85,63170
2025-05-07 06:35:05.671660,6318.0,6949.8,5686.2,6633.900000000001,63180
2025-05-07 06:36:05.671660,6319.0,6950.900000000001,5687.1,6634.950000000001,63190
2025-05-07 06:37:05.671660,6320.0,6952.000000000001,5688.0,6636.0,63200
2025-05-07 06:38:05.671660,6321.0,6953.1,5688.900000000001,6637.05,63210
2025-05-07 06:39:05.671660,6322.0,6954.200000000001,5689.8,6638.1,63220
2025-05-07 06:40:05.671660,6323.0,6955.3,5690.7,6639.150000000001,63230
2025-05-07 06:41:05.671660,6324.0,6956.400000000001,5691.6,6640.200000000001,63240
2025-05-07 06:42:05.671660,6325.0,6957.500000000001,5692.5,6641.25,63250
2025-05-07 06:43:05.671660,6326.0,6958.6,5693.400000000001,6642.3,63260
2025-05-07 06:44:05.671660,6327.0,6959.700000000001,5694.3,6643.35,63270
2025-05-07 06:45:05.671660,6328.0,6960.8,5695.2,6644.400000000001,63280
2025-05-07 06:46:05.671660,6329.0,6961.900000000001,5696.1,6645.450000000001,63290
2025-05-07 06:47:05.671660,6330.0,6963.000000000001,5697.0,6646.5,63300
2025-05-07 06:48:05.671660,6331.0,6964.1,5697.900000000001,6647.55,63310
2025-05-07 06:49:05.671660,6332.0,6965.200000000001,5698.8,6648.6,63320
2025-05-07 06:50:05.671660,6333.0,6966.3,5699.7,6649.650000000001,63330
2025-05-07 06:51:05.671660,6334.0,6967.400000000001,5700.6,6650.700000000001,63340
2025-05-07 06:52:05.671660,6335.0,6968.500000000001,5701.5,6651.75,63350
2025-05-07 06:53:05.671660,6336.0,6969.6,5702.400000000001,6652.8,63360
2025-05-07 06:54:05.671660,6337.0,6970.700000000001,5703.3,6653.85,63370
2025-05-07 06:55:05.671660,6338.0,6971.8,5704.2,6654.900000000001,63380
2025-05-07 06:56:05.671660,6339.0,6972.900000000001,5705.1,6655.950000000001,63390
2025-05-07 06:57:05.671660,6340.0,6974.000000000001,5706.0,6657.0,63400
2025-05-07 06:58:05.671660,6341.0,6975.1,5706.900000000001,6658.05,63410
2025-05-07 06:59:05.671660,6342.0,6976.200000000001,5707.8,6659.1,63420
2025-05-07 07:00:05.671660,6343.0,6977.3,5708.7,6660.150000000001,63430
2025-05-07 07:01:05.671660,6344.0,6978.400000000001,5709.6,6661.200000000001,63440
2025-05-07 07:02:05.671660,6345.0,6979.500000000001,5710.5,6662.25,63450
2025-05-07 07:03:05.671660,6346.0,6980.6,5711.400000000001,6663.3,63460
2025-05-07 07:04:05.671660,6347.0,6981.700000000001,5712.3,6664.35,63470
2025-05-07 07:05:05.671660,6348.0,6982.8,5713.2,6665.400000000001,63480
2025-05-07 07:06:05.671660,6349.0,6983.900000000001,5714.1,6666.450000000001,63490
2025-05-07 07:07:05.671660,6350.0,6985.000000000001,5715.0,6667.5,63500
2025-05-07 07:08:05.671660,6351.0,6986.1,5715.900000000001,6668.55,63510
2025-05-07 07:09:05.671660,6352.0,6987.200000000001,5716.8,6669.6,63520
2025-05-07 07:10:05.671660,6353.0,6988.3,5717.7,6670.650000000001,63530
2025-05-07 07:11:05.671660,6354.0,6989.400000000001,5718.6,6671.700000000001,63540
2025-05-07 07:12:05.671660,6355.0,6990.500000000001,5719.5,6672.75,63550
2025-05-07 07:13:05.671660,6356.0,6991.6,5720.400000000001,6673.8,63560
2025-05-07 07:14:05.671660,6357.0,6992.700000000001,5721.3,6674.85,63570
2025-05-07 07:15:05.671660,6358.0,6993.8,5722.2,6675.900000000001,63580
2025-05-07 07:16:05.671660,6359.0,6994.900000000001,5723.1,6676.950000000001,63590
2025-05-07 07:17:05.671660,6360.0,6996.000000000001,5724.0,6678.0,63600
2025-05-07 07:18:05.671660,6361.0,6997.1,5724.900000000001,6679.05,63610
2025-05-07 07:19:05.671660,6362.0,6998.200000000001,5725.8,6680.1,63620
2025-05-07 07:20:05.671660,6363.0,6999.3,5726.7,6681.150000000001,63630
2025-05-07 07:21:05.671660,6364.0,7000.400000000001,5727.6,6682.200000000001,63640
2025-05-07 07:22:05.671660,6365.0,7001.500000000001,5728.5,6683.25,63650
2025-05-07 07:23:05.671660,6366.0,7002.6,5729.400000000001,6684.3,63660
2025-05-07 07:24:05.671660,6367.0,7003.700000000001,5730.3,6685.35,63670
2025-05-07 07:25:05.671660,6368.0,7004.8,5731.2,6686.400000000001,63680
2025-05-07 07:26:05.671660,6369.0,7005.900000000001,5732.1,6687.450000000001,63690
2025-05-07 07:27:05.671660,6370.0,7007.000000000001,5733.0,6688.5,63700
2025-05-07 07:28:05.671660,6371.0,7008.1,5733.900000000001,6689.55,63710
2025-05-07 07:29:05.671660,6372.0,7009.200000000001,5734.8,6690.6,63720
2025-05-07 07:30:05.671660,6373.0,7010.3,5735.7,6691.650000000001,63730
2025-05-07 07:31:05.671660,6374.0,7011.400000000001,5736.6,6692.700000000001,63740
2025-05-07 07:32:05.671660,6375.0,7012.500000000001,5737.5,6693.75,63750
2025-05-07 07:33:05.671660,6376.0,7013.6,5738.400000000001,6694.8,63760
2025-05-07 07:34:05.671660,6377.0,7014.700000000001,5739.3,6695.85,63770
2025-05-07 07:35:05.671660,6378.0,7015.8,5740.2,6696.900000000001,63780
2025-05-07 07:36:05.671660,6379.0,7016.900000000001,5741.1,6697.950000000001,63790
2025-05-07 07:37:05.671660,6380.0,7018.000000000001,5742.0,6699.0,63800
2025-05-07 07:38:05.671660,6381.0,7019.1,5742.900000000001,6700.05,63810
2025-05-07 07:39:05.671660,6382.0,7020.200000000001,5743.8,6701.1,63820
2025-05-07 07:40:05.671660,6383.0,7021.3,5744.7,6702.150000000001,63830
2025-05-07 07:41:05.671660,6384.0,7022.400000000001,5745.6,6703.200000000001,63840
2025-05-07 07:42:05.671660,6385.0,7023.500000000001,5746.5,6704.25,63850
2025-05-07 07:43:05.671660,6386.0,7024.6,5747.400000000001,6705.3,63860
2025-05-07 07:44:05.671660,6387.0,7025.700000000001,5748.3,6706.35,63870
2025-05-07 07:45:05.671660,6388.0,7026.8,5749.2,6707.400000000001,63880
2025-05-07 07:46:05.671660,6389.0,7027.900000000001,5750.1,6708.450000000001,63890
2025-05-07 07:47:05.671660,6390.0,7029.000000000001,5751.0,6709.5,63900
2025-05-07 07:48:05.671660,6391.0,7030.1,5751.900000000001,6710.55,63910
2025-05-07 07:49:05.671660,6392.0,7031.200000000001,5752.8,6711.6,63920
2025-05-07 07:50:05.671660,6393.0,7032.3,5753.7,6712.650000000001,63930
2025-05-07 07:51:05.671660,6394.0,7033.400000000001,5754.6,6713.700000000001,63940
2025-05-07 07:52:05.671660,6395.0,7034.500000000001,5755.5,6714.75,63950
2025-05-07 07:53:05.671660,6396.0,7035.6,5756.400000000001,6715.8,63960
2025-05-07 07:54:05.671660,6397.0,7036.700000000001,5757.3,6716.85,63970
2025-05-07 07:55:05.671660,6398.0,7037.8,5758.2,6717.900000000001,63980
2025-05-07 07:56:05.671660,6399.0,7038.900000000001,5759.1,6718.950000000001,63990
2025-05-07 07:57:05.671660,6400.0,7040.000000000001,5760.0,6720.0,64000
2025-05-07 07:58:05.671660,6401.0,7041.1,5760.900000000001,6721.05,64010
2025-05-07 07:59:05.671660,6402.0,7042.200000000001,5761.8,6722.1,64020
2025-05-07 08:00:05.671660,6403.0,7043.3,5762.7,6723.150000000001,64030
2025-05-07 08:01:05.671660,6404.0,7044.400000000001,5763.6,6724.200000000001,64040
2025-05-07 08:02:05.671660,6405.0,7045.500000000001,5764.5,6725.25,64050
2025-05-07 08:03:05.671660,6406.0,7046.6,5765.400000000001,6726.3,64060
2025-05-07 08:04:05.671660,6407.0,7047.700000000001,5766.3,6727.35,64070
2025-05-07 08:05:05.671660,6408.0,7048.8,5767.2,6728.400000000001,64080
2025-05-07 08:06:05.671660,6409.0,7049.900000000001,5768.1,6729.450000000001,64090
2025-05-07 08:07:05.671660,6410.0,7051.000000000001,5769.0,6730.5,64100
2025-05-07 08:08:05.671660,6411.0,7052.1,5769.900000000001,6731.55,64110
2025-05-07 08:09:05.671660,6412.0,7053.200000000001,5770.8,6732.6,64120
2025-05-07 08:10:05.671660,6413.0,7054.3,5771.7,6733.650000000001,64130
2025-05-07 08:11:05.671660,6414.0,7055.400000000001,5772.6,6734.700000000001,64140
2025-05-07 08:12:05.671660,6415.0,7056.500000000001,5773.5,6735.75,64150
2025-05-07 08:13:05.671660,6416.0,7057.6,5774.400000000001,6736.8,64160
2025-05-07 08:14:05.671660,6417.0,7058.700000000001,5775.3,6737.85,64170
2025-05-07 08:15:05.671660,6418.0,7059.8,5776.2,6738.900000000001,64180
2025-05-07 08:16:05.671660,6419.0,7060.900000000001,5777.1,6739.950000000001,64190
2025-05-07 08:17:05.671660,6420.0,7062.000000000001,5778.0,6741.0,64200
2025-05-07 08:18:05.671660,6421.0,7063.1,5778.900000000001,6742.05,64210
2025-05-07 08:19:05.671660,6422.0,7064.200000000001,5779.8,6743.1,64220
2025-05-07 08:20:05.671660,6423.0,7065.3,5780.7,6744.150000000001,64230
2025-05-07 08:21:05.671660,6424.0,7066.400000000001,5781.6,6745.200000000001,64240
2025-05-07 08:22:05.671660,6425.0,7067.500000000001,5782.5,6746.25,64250
2025-05-07 08:23:05.671660,6426.0,7068.6,5783.400000000001,6747.3,64260
2025-05-07 08:24:05.671660,6427.0,7069.700000000001,5784.3,6748.35,64270
2025-05-07 08:25:05.671660,6428.0,7070.8,5785.2,6749.400000000001,64280
2025-05-07 08:26:05.671660,6429.0,7071.900000000001,5786.1,6750.450000000001,64290
2025-05-07 08:27:05.671660,6430.0,7073.000000000001,5787.0,6751.5,64300
2025-05-07 08:28:05.671660,6431.0,7074.1,5787.900000000001,6752.55,64310
2025-05-07 08:29:05.671660,6432.0,7075.200000000001,5788.8,6753.6,64320
2025-05-07 08:30:05.671660,6433.0,7076.3,5789.7,6754.650000000001,64330
2025-05-07 08:31:05.671660,6434.0,7077.400000000001,5790.6,6755.700000000001,64340
2025-05-07 08:32:05.671660,6435.0,7078.500000000001,5791.5,6756.75,64350
2025-05-07 08:33:05.671660,6436.0,7079.6,5792.400000000001,6757.8,64360
2025-05-07 08:34:05.671660,6437.0,7080.700000000001,5793.3,6758.85,64370
2025-05-07 08:35:05.671660,6438.0,7081.8,5794.2,6759.900000000001,64380
2025-05-07 08:36:05.671660,6439.0,7082.900000000001,5795.1,6760.950000000001,64390
2025-05-07 08:37:05.671660,6440.0,7084.000000000001,5796.0,6762.0,64400
2025-05-07 08:38:05.671660,6441.0,7085.1,5796.900000000001,6763.05,64410
2025-05-07 08:39:05.671660,6442.0,7086.200000000001,5797.8,6764.1,64420
2025-05-07 08:40:05.671660,6443.0,7087.3,5798.7,6765.150000000001,64430
2025-05-07 08:41:05.671660,6444.0,7088.400000000001,5799.6,6766.200000000001,64440
2025-05-07 08:42:05.671660,6445.0,7089.500000000001,5800.5,6767.25,64450
2025-05-07 08:43:05.671660,6446.0,7090.6,5801.400000000001,6768.3,64460
2025-05-07 08:44:05.671660,6447.0,7091.700000000001,5802.3,6769.35,64470
2025-05-07 08:45:05.671660,6448.0,7092.8,5803.2,6770.400000000001,64480
2025-05-07 08:46:05.671660,6449.0,7093.900000000001,5804.1,6771.450000000001,64490
2025-05-07 08:47:05.671660,6450.0,7095.000000000001,5805.0,6772.5,64500
2025-05-07 08:48:05.671660,6451.0,7096.1,5805.900000000001,6773.55,64510
2025-05-07 08:49:05.671660,6452.0,7097.200000000001,5806.8,6774.6,64520
2025-05-07 08:50:05.671660,6453.0,7098.3,5807.7,6775.650000000001,64530
2025-05-07 08:51:05.671660,6454.0,7099.400000000001,5808.6,6776.700000000001,64540
2025-05-07 08:52:05.671660,6455.0,7100.500000000001,5809.5,6777.75,64550
2025-05-07 08:53:05.671660,6456.0,7101.6,5810.400000000001,6778.8,64560
2025-05-07 08:54:05.671660,6457.0,7102.700000000001,5811.3,6779.85,64570
2025-05-07 08:55:05.671660,6458.0,7103.8,5812.2,6780.900000000001,64580
2025-05-07 08:56:05.671660,6459.0,7104.900000000001,5813.1,6781.950000000001,64590
2025-05-07 08:57:05.671660,6460.0,7106.000000000001,5814.0,6783.0,64600
2025-05-07 08:58:05.671660,6461.0,7107.1,5814.900000000001,6784.05,64610
2025-05-07 08:59:05.671660,6462.0,7108.200000000001,5815.8,6785.1,64620
2025-05-07 09:00:05.671660,6463.0,7109.3,5816.7,6786.150000000001,64630
2025-05-07 09:01:05.671660,6464.0,7110.400000000001,5817.6,6787.200000000001,64640
2025-05-07 09:02:05.671660,6465.0,7111.500000000001,5818.5,6788.25,64650
2025-05-07 09:03:05.671660,6466.0,7112.6,5819.400000000001,6789.3,64660
2025-05-07 09:04:05.671660,6467.0,7113.700000000001,5820.3,6790.35,64670
2025-05-07 09:05:05.671660,6468.0,7114.8,5821.2,6791.400000000001,64680
2025-05-07 09:06:05.671660,6469.0,7115.900000000001,5822.1,6792.450000000001,64690
2025-05-07 09:07:05.671660,6470.0,7117.000000000001,5823.0,6793.5,64700
2025-05-07 09:08:05.671660,6471.0,7118.1,5823.900000000001,6794.55,64710
2025-05-07 09:09:05.671660,6472.0,7119.200000000001,5824.8,6795.6,64720
2025-05-07 09:10:05.671660,6473.0,7120.3,5825.7,6796.650000000001,64730
2025-05-07 09:11:05.671660,6474.0,7121.400000000001,5826.6,6797.700000000001,64740
2025-05-07 09:12:05.671660,6475.0,7122.500000000001,5827.5,6798.75,64750
2025-05-07 09:13:05.671660,6476.0,7123.6,5828.400000000001,6799.8,64760
2025-05-07 09:14:05.671660,6477.0,7124.700000000001,5829.3,6800.85,64770
2025-05-07 09:15:05.671660,6478.0,7125.8,5830.2,6801.900000000001,64780
2025-05-07 09:16:05.671660,6479.0,7126.900000000001,5831.1,6802.950000000001,64790
2025-05-07 09:17:05.671660,6480.0,7128.000000000001,5832.0,6804.0,64800
2025-05-07 09:18:05.671660,6481.0,7129.1,5832.900000000001,6805.05,64810
2025-05-07 09:19:05.671660,6482.0,7130.200000000001,5833.8,6806.1,64820
2025-05-07 09:20:05.671660,6483.0,7131.3,5834.7,6807.150000000001,64830
2025-05-07 09:21:05.671660,6484.0,7132.400000000001,5835.6,6808.200000000001,64840
2025-05-07 09:22:05.671660,6485.0,7133.500000000001,5836.5,6809.25,64850
2025-05-07 09:23:05.671660,6486.0,7134.6,5837.400000000001,6810.3,64860
2025-05-07 09:24:05.671660,6487.0,7135.700000000001,5838.3,6811.35,64870
2025-05-07 09:25:05.671660,6488.0,7136.8,5839.2,6812.400000000001,64880
2025-05-07 09:26:05.671660,6489.0,7137.900000000001,5840.1,6813.450000000001,64890
2025-05-07 09:27:05.671660,6490.0,7139.000000000001,5841.0,6814.5,64900
2025-05-07 09:28:05.671660,6491.0,7140.1,5841.900000000001,6815.55,64910
2025-05-07 09:29:05.671660,6492.0,7141.200000000001,5842.8,6816.6,64920
2025-05-07 09:30:05.671660,6493.0,7142.3,5843.7,6817.650000000001,64930
2025-05-07 09:31:05.671660,6494.0,7143.400000000001,5844.6,6818.700000000001,64940
2025-05-07 09:32:05.671660,6495.0,7144.500000000001,5845.5,6819.75,64950
2025-05-07 09:33:05.671660,6496.0,7145.6,5846.400000000001,6820.8,64960
2025-05-07 09:34:05.671660,6497.0,7146.700000000001,5847.3,6821.85,64970
2025-05-07 09:35:05.671660,6498.0,7147.8,5848.2,6822.900000000001,64980
2025-05-07 09:36:05.671660,6499.0,7148.900000000001,5849.1,6823.950000000001,64990
2025-05-07 09:37:05.671660,6500.0,7150.000000000001,5850.0,6825.0,65000
2025-05-07 09:38:05.671660,6501.0,7151.1,5850.900000000001,6826.05,65010
2025-05-07 09:39:05.671660,6502.0,7152.200000000001,5851.8,6827.1,65020
2025-05-07 09:40:05.671660,6503.0,7153.3,5852.7,6828.150000000001,65030
2025-05-07 09:41:05.671660,6504.0,7154.400000000001,5853.6,6829.200000000001,65040
2025-05-07 09:42:05.671660,6505.0,7155.500000000001,5854.5,6830.25,65050
2025-05-07 09:43:05.671660,6506.0,7156.6,5855.400000000001,6831.3,65060
2025-05-07 09:44:05.671660,6507.0,7157.700000000001,5856.3,6832.35,65070
2025-05-07 09:45:05.671660,6508.0,7158.8,5857.2,6833.400000000001,65080
2025-05-07 09:46:05.671660,6509.0,7159.900000000001,5858.1,6834.450000000001,65090
2025-05-07 09:47:05.671660,6510.0,7161.000000000001,5859.0,6835.5,65100
2025-05-07 09:48:05.671660,6511.0,7162.1,5859.900000000001,6836.55,65110
2025-05-07 09:49:05.671660,6512.0,7163.200000000001,5860.8,6837.6,65120
2025-05-07 09:50:05.671660,6513.0,7164.3,5861.7,6838.650000000001,65130
2025-05-07 09:51:05.671660,6514.0,7165.400000000001,5862.6,6839.700000000001,65140
2025-05-07 09:52:05.671660,6515.0,7166.500000000001,5863.5,6840.75,65150
2025-05-07 09:53:05.671660,6516.0,7167.6,5864.400000000001,6841.8,65160
2025-05-07 09:54:05.671660,6517.0,7168.700000000001,5865.3,6842.85,65170
2025-05-07 09:55:05.671660,6518.0,7169.8,5866.2,6843.900000000001,65180
2025-05-07 09:56:05.671660,6519.0,7170.900000000001,5867.1,6844.950000000001,65190
2025-05-07 09:57:05.671660,6520.0,7172.000000000001,5868.0,6846.0,65200
2025-05-07 09:58:05.671660,6521.0,7173.1,5868.900000000001,6847.05,65210
2025-05-07 09:59:05.671660,6522.0,7174.200000000001,5869.8,6848.1,65220
2025-05-07 10:00:05.671660,6523.0,7175.3,5870.7,6849.150000000001,65230
2025-05-07 10:01:05.671660,6524.0,7176.400000000001,5871.6,6850.200000000001,65240
2025-05-07 10:02:05.671660,6525.0,7177.500000000001,5872.5,6851.25,65250
2025-05-07 10:03:05.671660,6526.0,7178.6,5873.400000000001,6852.3,65260
2025-05-07 10:04:05.671660,6527.0,7179.700000000001,5874.3,6853.35,65270
2025-05-07 10:05:05.671660,6528.0,7180.8,5875.2,6854.400000000001,65280
2025-05-07 10:06:05.671660,6529.0,7181.900000000001,5876.1,6855.450000000001,65290
2025-05-07 10:07:05.671660,6530.0,7183.000000000001,5877.0,6856.5,65300
2025-05-07 10:08:05.671660,6531.0,7184.1,5877.900000000001,6857.55,65310
2025-05-07 10:09:05.671660,6532.0,7185.200000000001,5878.8,6858.6,65320
2025-05-07 10:10:05.671660,6533.0,7186.3,5879.7,6859.650000000001,65330
2025-05-07 10:11:05.671660,6534.0,7187.400000000001,5880.6,6860.700000000001,65340
2025-05-07 10:12:05.671660,6535.0,7188.500000000001,5881.5,6861.75,65350
2025-05-07 10:13:05.671660,6536.0,7189.6,5882.400000000001,6862.8,65360
2025-05-07 10:14:05.671660,6537.0,7190.700000000001,5883.3,6863.85,65370
2025-05-07 10:15:05.671660,6538.0,7191.8,5884.2,6864.900000000001,65380
2025-05-07 10:16:05.671660,6539.0,7192.900000000001,5885.1,6865.950000000001,65390
2025-05-07 10:17:05.671660,6540.0,7194.000000000001,5886.0,6867.0,65400
2025-05-07 10:18:05.671660,6541.0,7195.1,5886.900000000001,6868.05,65410
2025-05-07 10:19:05.671660,6542.0,7196.200000000001,5887.8,6869.1,65420
2025-05-07 10:20:05.671660,6543.0,7197.3,5888.7,6870.150000000001,65430
2025-05-07 10:21:05.671660,6544.0,7198.400000000001,5889.6,6871.200000000001,65440
2025-05-07 10:22:05.671660,6545.0,7199.500000000001,5890.5,6872.25,65450
2025-05-07 10:23:05.671660,6546.0,7200.6,5891.400000000001,6873.3,65460
2025-05-07 10:24:05.671660,6547.0,7201.700000000001,5892.3,6874.35,65470
2025-05-07 10:25:05.671660,6548.0,7202.8,5893.2,6875.400000000001,65480
2025-05-07 10:26:05.671660,6549.0,7203.900000000001,5894.1,6876.450000000001,65490
2025-05-07 10:27:05.671660,6550.0,7205.000000000001,5895.0,6877.5,65500
2025-05-07 10:28:05.671660,6551.0,7206.1,5895.900000000001,6878.55,65510
2025-05-07 10:29:05.671660,6552.0,7207.200000000001,5896.8,6879.6,65520
2025-05-07 10:30:05.671660,6553.0,7208.3,5897.7,6880.650000000001,65530
2025-05-07 10:31:05.671660,6554.0,7209.400000000001,5898.6,6881.700000000001,65540
2025-05-07 10:32:05.671660,6555.0,7210.500000000001,5899.5,6882.75,65550
2025-05-07 10:33:05.671660,6556.0,7211.6,5900.400000000001,6883.8,65560
2025-05-07 10:34:05.671660,6557.0,7212.700000000001,5901.3,6884.85,65570
2025-05-07 10:35:05.671660,6558.0,7213.8,5902.2,6885.900000000001,65580
2025-05-07 10:36:05.671660,6559.0,7214.900000000001,5903.1,6886.950000000001,65590
2025-05-07 10:37:05.671660,6560.0,7216.000000000001,5904.0,6888.0,65600
2025-05-07 10:38:05.671660,6561.0,7217.1,5904.900000000001,6889.05,65610
2025-05-07 10:39:05.671660,6562.0,7218.200000000001,5905.8,6890.1,65620
2025-05-07 10:40:05.671660,6563.0,7219.3,5906.7,6891.150000000001,65630
2025-05-07 10:41:05.671660,6564.0,7220.400000000001,5907.6,6892.200000000001,65640
2025-05-07 10:42:05.671660,6565.0,7221.500000000001,5908.5,6893.25,65650
2025-05-07 10:43:05.671660,6566.0,7222.6,5909.400000000001,6894.3,65660
2025-05-07 10:44:05.671660,6567.0,7223.700000000001,5910.3,6895.35,65670
2025-05-07 10:45:05.671660,6568.0,7224.8,5911.2,6896.400000000001,65680
2025-05-07 10:46:05.671660,6569.0,7225.900000000001,5912.1,6897.450000000001,65690
2025-05-07 10:47:05.671660,6570.0,7227.000000000001,5913.0,6898.5,65700
2025-05-07 10:48:05.671660,6571.0,7228.1,5913.900000000001,6899.55,65710
2025-05-07 10:49:05.671660,6572.0,7229.200000000001,5914.8,6900.6,65720
2025-05-07 10:50:05.671660,6573.0,7230.3,5915.7,6901.650000000001,65730
2025-05-07 10:51:05.671660,6574.0,7231.400000000001,5916.6,6902.700000000001,65740
2025-05-07 10:52:05.671660,6575.0,7232.500000000001,5917.5,6903.75,65750
2025-05-07 10:53:05.671660,6576.0,7233.6,5918.400000000001,6904.8,65760
2025-05-07 10:54:05.671660,6577.0,7234.700000000001,5919.3,6905.85,65770
2025-05-07 10:55:05.671660,6578.0,7235.8,5920.2,6906.900000000001,65780
2025-05-07 10:56:05.671660,6579.0,7236.900000000001,5921.1,6907.950000000001,65790
2025-05-07 10:57:05.671660,6580.0,7238.000000000001,5922.0,6909.0,65800
2025-05-07 10:58:05.671660,6581.0,7239.1,5922.900000000001,6910.05,65810
2025-05-07 10:59:05.671660,6582.0,7240.200000000001,5923.8,6911.1,65820
2025-05-07 11:00:05.671660,6583.0,7241.3,5924.7,6912.150000000001,65830
2025-05-07 11:01:05.671660,6584.0,7242.400000000001,5925.6,6913.200000000001,65840
2025-05-07 11:02:05.671660,6585.0,7243.500000000001,5926.5,6914.25,65850
2025-05-07 11:03:05.671660,6586.0,7244.6,5927.400000000001,6915.3,65860
2025-05-07 11:04:05.671660,6587.0,7245.700000000001,5928.3,6916.35,65870
2025-05-07 11:05:05.671660,6588.0,7246.8,5929.2,6917.400000000001,65880
2025-05-07 11:06:05.671660,6589.0,7247.900000000001,5930.1,6918.450000000001,65890
2025-05-07 11:07:05.671660,6590.0,7249.000000000001,5931.0,6919.5,65900
2025-05-07 11:08:05.671660,6591.0,7250.1,5931.900000000001,6920.55,65910
2025-05-07 11:09:05.671660,6592.0,7251.200000000001,5932.8,6921.6,65920
2025-05-07 11:10:05.671660,6593.0,7252.3,5933.7,6922.650000000001,65930
2025-05-07 11:11:05.671660,6594.0,7253.400000000001,5934.6,6923.700000000001,65940
2025-05-07 11:12:05.671660,6595.0,7254.500000000001,5935.5,6924.75,65950
2025-05-07 11:13:05.671660,6596.0,7255.6,5936.400000000001,6925.8,65960
2025-05-07 11:14:05.671660,6597.0,7256.700000000001,5937.3,6926.85,65970
2025-05-07 11:15:05.671660,6598.0,7257.8,5938.2,6927.900000000001,65980
2025-05-07 11:16:05.671660,6599.0,7258.900000000001,5939.1,6928.950000000001,65990
2025-05-07 11:17:05.671660,6600.0,7260.000000000001,5940.0,6930.0,66000
2025-05-07 11:18:05.671660,6601.0,7261.1,5940.900000000001,6931.05,66010
2025-05-07 11:19:05.671660,6602.0,7262.200000000001,5941.8,6932.1,66020
2025-05-07 11:20:05.671660,6603.0,7263.3,5942.7,6933.150000000001,66030
2025-05-07 11:21:05.671660,6604.0,7264.400000000001,5943.6,6934.200000000001,66040
2025-05-07 11:22:05.671660,6605.0,7265.500000000001,5944.5,6935.25,66050
2025-05-07 11:23:05.671660,6606.0,7266.6,5945.400000000001,6936.3,66060
2025-05-07 11:24:05.671660,6607.0,7267.700000000001,5946.3,6937.35,66070
2025-05-07 11:25:05.671660,6608.0,7268.8,5947.2,6938.400000000001,66080
2025-05-07 11:26:05.671660,6609.0,7269.900000000001,5948.1,6939.450000000001,66090
2025-05-07 11:27:05.671660,6610.0,7271.000000000001,5949.0,6940.5,66100
2025-05-07 11:28:05.671660,6611.0,7272.1,5949.900000000001,6941.55,66110
2025-05-07 11:29:05.671660,6612.0,7273.200000000001,5950.8,6942.6,66120
2025-05-07 11:30:05.671660,6613.0,7274.3,5951.7,6943.650000000001,66130
2025-05-07 11:31:05.671660,6614.0,7275.400000000001,5952.6,6944.700000000001,66140
2025-05-07 11:32:05.671660,6615.0,7276.500000000001,5953.5,6945.75,66150
2025-05-07 11:33:05.671660,6616.0,7277.6,5954.400000000001,6946.8,66160
2025-05-07 11:34:05.671660,6617.0,7278.700000000001,5955.3,6947.85,66170
2025-05-07 11:35:05.671660,6618.0,7279.8,5956.2,6948.900000000001,66180
2025-05-07 11:36:05.671660,6619.0,7280.900000000001,5957.1,6949.950000000001,66190
2025-05-07 11:37:05.671660,6620.0,7282.000000000001,5958.0,6951.0,66200
2025-05-07 11:38:05.671660,6621.0,7283.1,5958.900000000001,6952.05,66210
2025-05-07 11:39:05.671660,6622.0,7284.200000000001,5959.8,6953.1,66220
2025-05-07 11:40:05.671660,6623.0,7285.3,5960.7,6954.150000000001,66230
2025-05-07 11:41:05.671660,6624.0,7286.400000000001,5961.6,6955.200000000001,66240
2025-05-07 11:42:05.671660,6625.0,7287.500000000001,5962.5,6956.25,66250
2025-05-07 11:43:05.671660,6626.0,7288.6,5963.400000000001,6957.3,66260
2025-05-07 11:44:05.671660,6627.0,7289.700000000001,5964.3,6958.35,66270
2025-05-07 11:45:05.671660,6628.0,7290.8,5965.2,6959.400000000001,66280
2025-05-07 11:46:05.671660,6629.0,7291.900000000001,5966.1,6960.450000000001,66290
2025-05-07 11:47:05.671660,6630.0,7293.000000000001,5967.0,6961.5,66300
2025-05-07 11:48:05.671660,6631.0,7294.1,5967.900000000001,6962.55,66310
2025-05-07 11:49:05.671660,6632.0,7295.200000000001,5968.8,6963.6,66320
2025-05-07 11:50:05.671660,6633.0,7296.3,5969.7,6964.650000000001,66330
2025-05-07 11:51:05.671660,6634.0,7297.400000000001,5970.6,6965.700000000001,66340
2025-05-07 11:52:05.671660,6635.0,7298.500000000001,5971.5,6966.75,66350
2025-05-07 11:53:05.671660,6636.0,7299.6,5972.400000000001,6967.8,66360
2025-05-07 11:54:05.671660,6637.0,7300.700000000001,5973.3,6968.85,66370
2025-05-07 11:55:05.671660,6638.0,7301.8,5974.2,6969.900000000001,66380
2025-05-07 11:56:05.671660,6639.0,7302.900000000001,5975.1,6970.950000000001,66390
2025-05-07 11:57:05.671660,6640.0,7304.000000000001,5976.0,6972.0,66400
2025-05-07 11:58:05.671660,6641.0,7305.1,5976.900000000001,6973.05,66410
2025-05-07 11:59:05.671660,6642.0,7306.200000000001,5977.8,6974.1,66420
2025-05-07 12:00:05.671660,6643.0,7307.3,5978.7,6975.150000000001,66430
2025-05-07 12:01:05.671660,6644.0,7308.400000000001,5979.6,6976.200000000001,66440
2025-05-07 12:02:05.671660,6645.0,7309.500000000001,5980.5,6977.25,66450
2025-05-07 12:03:05.671660,6646.0,7310.6,5981.400000000001,6978.3,66460
2025-05-07 12:04:05.671660,6647.0,7311.700000000001,5982.3,6979.35,66470
2025-05-07 12:05:05.671660,6648.0,7312.8,5983.2,6980.400000000001,66480
2025-05-07 12:06:05.671660,6649.0,7313.900000000001,5984.1,6981.450000000001,66490
2025-05-07 12:07:05.671660,6650.0,7315.000000000001,5985.0,6982.5,66500
2025-05-07 12:08:05.671660,6651.0,7316.1,5985.900000000001,6983.55,66510
2025-05-07 12:09:05.671660,6652.0,7317.200000000001,5986.8,6984.6,66520
2025-05-07 12:10:05.671660,6653.0,7318.3,5987.7,6985.650000000001,66530
2025-05-07 12:11:05.671660,6654.0,7319.400000000001,5988.6,6986.700000000001,66540
2025-05-07 12:12:05.671660,6655.0,7320.500000000001,5989.5,6987.75,66550
2025-05-07 12:13:05.671660,6656.0,7321.6,5990.400000000001,6988.8,66560
2025-05-07 12:14:05.671660,6657.0,7322.700000000001,5991.3,6989.85,66570
2025-05-07 12:15:05.671660,6658.0,7323.8,5992.2,6990.900000000001,66580
2025-05-07 12:16:05.671660,6659.0,7324.900000000001,5993.1,6991.950000000001,66590
2025-05-07 12:17:05.671660,6660.0,7326.000000000001,5994.0,6993.0,66600
2025-05-07 12:18:05.671660,6661.0,7327.1,5994.900000000001,6994.05,66610
2025-05-07 12:19:05.671660,6662.0,7328.200000000001,5995.8,6995.1,66620
2025-05-07 12:20:05.671660,6663.0,7329.3,5996.7,6996.150000000001,66630
2025-05-07 12:21:05.671660,6664.0,7330.400000000001,5997.6,6997.200000000001,66640
2025-05-07 12:22:05.671660,6665.0,7331.500000000001,5998.5,6998.25,66650
2025-05-07 12:23:05.671660,6666.0,7332.6,5999.400000000001,6999.3,66660
2025-05-07 12:24:05.671660,6667.0,7333.700000000001,6000.3,7000.35,66670
2025-05-07 12:25:05.671660,6668.0,7334.8,6001.2,7001.400000000001,66680
2025-05-07 12:26:05.671660,6669.0,7335.900000000001,6002.1,7002.450000000001,66690
2025-05-07 12:27:05.671660,6670.0,7337.000000000001,6003.0,7003.5,66700
2025-05-07 12:28:05.671660,6671.0,7338.1,6003.900000000001,7004.55,66710
2025-05-07 12:29:05.671660,6672.0,7339.200000000001,6004.8,7005.6,66720
2025-05-07 12:30:05.671660,6673.0,7340.3,6005.7,7006.650000000001,66730
2025-05-07 12:31:05.671660,6674.0,7341.400000000001,6006.6,7007.700000000001,66740
2025-05-07 12:32:05.671660,6675.0,7342.500000000001,6007.5,7008.75,66750
2025-05-07 12:33:05.671660,6676.0,7343.6,6008.400000000001,7009.8,66760
2025-05-07 12:34:05.671660,6677.0,7344.700000000001,6009.3,7010.85,66770
2025-05-07 12:35:05.671660,6678.0,7345.8,6010.2,7011.900000000001,66780
2025-05-07 12:36:05.671660,6679.0,7346.900000000001,6011.1,7012.950000000001,66790
2025-05-07 12:37:05.671660,6680.0,7348.000000000001,6012.0,7014.0,66800
2025-05-07 12:38:05.671660,6681.0,7349.1,6012.900000000001,7015.05,66810
2025-05-07 12:39:05.671660,6682.0,7350.200000000001,6013.8,7016.1,66820
2025-05-07 12:40:05.671660,6683.0,7351.3,6014.7,7017.150000000001,66830
2025-05-07 12:41:05.671660,6684.0,7352.400000000001,6015.6,7018.200000000001,66840
2025-05-07 12:42:05.671660,6685.0,7353.500000000001,6016.5,7019.25,66850
2025-05-07 12:43:05.671660,6686.0,7354.6,6017.400000000001,7020.3,66860
2025-05-07 12:44:05.671660,6687.0,7355.700000000001,6018.3,7021.35,66870
2025-05-07 12:45:05.671660,6688.0,7356.8,6019.2,7022.400000000001,66880
2025-05-07 12:46:05.671660,6689.0,7357.900000000001,6020.1,7023.450000000001,66890
2025-05-07 12:47:05.671660,6690.0,7359.000000000001,6021.0,7024.5,66900
2025-05-07 12:48:05.671660,6691.0,7360.1,6021.900000000001,7025.55,66910
2025-05-07 12:49:05.671660,6692.0,7361.200000000001,6022.8,7026.6,66920
2025-05-07 12:50:05.671660,6693.0,7362.3,6023.7,7027.650000000001,66930
2025-05-07 12:51:05.671660,6694.0,7363.400000000001,6024.6,7028.700000000001,66940
2025-05-07 12:52:05.671660,6695.0,7364.500000000001,6025.5,7029.75,66950
2025-05-07 12:53:05.671660,6696.0,7365.6,6026.400000000001,7030.8,66960
2025-05-07 12:54:05.671660,6697.0,7366.700000000001,6027.3,7031.85,66970
2025-05-07 12:55:05.671660,6698.0,7367.8,6028.2,7032.900000000001,66980
2025-05-07 12:56:05.671660,6699.0,7368.900000000001,6029.1,7033.950000000001,66990
2025-05-07 12:57:05.671660,6700.0,7370.000000000001,6030.0,7035.0,67000
2025-05-07 12:58:05.671660,6701.0,7371.1,6030.900000000001,7036.05,67010
2025-05-07 12:59:05.671660,6702.0,7372.200000000001,6031.8,7037.1,67020
2025-05-07 13:00:05.671660,6703.0,7373.3,6032.7,7038.150000000001,67030
2025-05-07 13:01:05.671660,6704.0,7374.400000000001,6033.6,7039.200000000001,67040
2025-05-07 13:02:05.671660,6705.0,7375.500000000001,6034.5,7040.25,67050
2025-05-07 13:03:05.671660,6706.0,7376.6,6035.400000000001,7041.3,67060
2025-05-07 13:04:05.671660,6707.0,7377.700000000001,6036.3,7042.35,67070
2025-05-07 13:05:05.671660,6708.0,7378.8,6037.2,7043.400000000001,67080
2025-05-07 13:06:05.671660,6709.0,7379.900000000001,6038.1,7044.450000000001,67090
2025-05-07 13:07:05.671660,6710.0,7381.000000000001,6039.0,7045.5,67100
2025-05-07 13:08:05.671660,6711.0,7382.1,6039.900000000001,7046.55,67110
2025-05-07 13:09:05.671660,6712.0,7383.200000000001,6040.8,7047.6,67120
2025-05-07 13:10:05.671660,6713.0,7384.3,6041.7,7048.650000000001,67130
2025-05-07 13:11:05.671660,6714.0,7385.400000000001,6042.6,7049.700000000001,67140
2025-05-07 13:12:05.671660,6715.0,7386.500000000001,6043.5,7050.75,67150
2025-05-07 13:13:05.671660,6716.0,7387.6,6044.400000000001,7051.8,67160
2025-05-07 13:14:05.671660,6717.0,7388.700000000001,6045.3,7052.85,67170
2025-05-07 13:15:05.671660,6718.0,7389.8,6046.2,7053.900000000001,67180
2025-05-07 13:16:05.671660,6719.0,7390.900000000001,6047.1,7054.950000000001,67190
2025-05-07 13:17:05.671660,6720.0,7392.000000000001,6048.0,7056.0,67200
2025-05-07 13:18:05.671660,6721.0,7393.1,6048.900000000001,7057.05,67210
2025-05-07 13:19:05.671660,6722.0,7394.200000000001,6049.8,7058.1,67220
2025-05-07 13:20:05.671660,6723.0,7395.3,6050.7,7059.150000000001,67230
2025-05-07 13:21:05.671660,6724.0,7396.400000000001,6051.6,7060.200000000001,67240
2025-05-07 13:22:05.671660,6725.0,7397.500000000001,6052.5,7061.25,67250
2025-05-07 13:23:05.671660,6726.0,7398.6,6053.400000000001,7062.3,67260
2025-05-07 13:24:05.671660,6727.0,7399.700000000001,6054.3,7063.35,67270
2025-05-07 13:25:05.671660,6728.0,7400.8,6055.2,7064.400000000001,67280
2025-05-07 13:26:05.671660,6729.0,7401.900000000001,6056.1,7065.450000000001,67290
2025-05-07 13:27:05.671660,6730.0,7403.000000000001,6057.0,7066.5,67300
2025-05-07 13:28:05.671660,6731.0,7404.1,6057.900000000001,7067.55,67310
2025-05-07 13:29:05.671660,6732.0,7405.200000000001,6058.8,7068.6,67320
2025-05-07 13:30:05.671660,6733.0,7406.3,6059.7,7069.650000000001,67330
2025-05-07 13:31:05.671660,6734.0,7407.400000000001,6060.6,7070.700000000001,67340
2025-05-07 13:32:05.671660,6735.0,7408.500000000001,6061.5,7071.75,67350
2025-05-07 13:33:05.671660,6736.0,7409.6,6062.400000000001,7072.8,67360
2025-05-07 13:34:05.671660,6737.0,7410.700000000001,6063.3,7073.85,67370
2025-05-07 13:35:05.671660,6738.0,7411.8,6064.2,7074.900000000001,67380
2025-05-07 13:36:05.671660,6739.0,7412.900000000001,6065.1,7075.950000000001,67390
2025-05-07 13:37:05.671660,6740.0,7414.000000000001,6066.0,7077.0,67400
2025-05-07 13:38:05.671660,6741.0,7415.1,6066.900000000001,7078.05,67410
2025-05-07 13:39:05.671660,6742.0,7416.200000000001,6067.8,7079.1,67420
2025-05-07 13:40:05.671660,6743.0,7417.3,6068.7,7080.150000000001,67430
2025-05-07 13:41:05.671660,6744.0,7418.400000000001,6069.6,7081.200000000001,67440
2025-05-07 13:42:05.671660,6745.0,7419.500000000001,6070.5,7082.25,67450
2025-05-07 13:43:05.671660,6746.0,7420.6,6071.400000000001,7083.3,67460
2025-05-07 13:44:05.671660,6747.0,7421.700000000001,6072.3,7084.35,67470
2025-05-07 13:45:05.671660,6748.0,7422.8,6073.2,7085.400000000001,67480
2025-05-07 13:46:05.671660,6749.0,7423.900000000001,6074.1,7086.450000000001,67490
2025-05-07 13:47:05.671660,6750.0,7425.000000000001,6075.0,7087.5,67500
2025-05-07 13:48:05.671660,6751.0,7426.1,6075.900000000001,7088.55,67510
2025-05-07 13:49:05.671660,6752.0,7427.200000000001,6076.8,7089.6,67520
2025-05-07 13:50:05.671660,6753.0,7428.3,6077.7,7090.650000000001,67530
2025-05-07 13:51:05.671660,6754.0,7429.400000000001,6078.6,7091.700000000001,67540
2025-05-07 13:52:05.671660,6755.0,7430.500000000001,6079.5,7092.75,67550
2025-05-07 13:53:05.671660,6756.0,7431.6,6080.400000000001,7093.8,67560
2025-05-07 13:54:05.671660,6757.0,7432.700000000001,6081.3,7094.85,67570
2025-05-07 13:55:05.671660,6758.0,7433.8,6082.2,7095.900000000001,67580
2025-05-07 13:56:05.671660,6759.0,7434.900000000001,6083.1,7096.950000000001,67590
2025-05-07 13:57:05.671660,6760.0,7436.000000000001,6084.0,7098.0,67600
2025-05-07 13:58:05.671660,6761.0,7437.1,6084.900000000001,7099.05,67610
2025-05-07 13:59:05.671660,6762.0,7438.200000000001,6085.8,7100.1,67620
2025-05-07 14:00:05.671660,6763.0,7439.3,6086.7,7101.150000000001,67630
2025-05-07 14:01:05.671660,6764.0,7440.400000000001,6087.6,7102.200000000001,67640
2025-05-07 14:02:05.671660,6765.0,7441.500000000001,6088.5,7103.25,67650
2025-05-07 14:03:05.671660,6766.0,7442.6,6089.400000000001,7104.3,67660
2025-05-07 14:04:05.671660,6767.0,7443.700000000001,6090.3,7105.35,67670
2025-05-07 14:05:05.671660,6768.0,7444.8,6091.2,7106.400000000001,67680
2025-05-07 14:06:05.671660,6769.0,7445.900000000001,6092.1,7107.450000000001,67690
2025-05-07 14:07:05.671660,6770.0,7447.000000000001,6093.0,7108.5,67700
2025-05-07 14:08:05.671660,6771.0,7448.1,6093.900000000001,7109.55,67710
2025-05-07 14:09:05.671660,6772.0,7449.200000000001,6094.8,7110.6,67720
2025-05-07 14:10:05.671660,6773.0,7450.3,6095.7,7111.650000000001,67730
2025-05-07 14:11:05.671660,6774.0,7451.400000000001,6096.6,7112.700000000001,67740
2025-05-07 14:12:05.671660,6775.0,7452.500000000001,6097.5,7113.75,67750
2025-05-07 14:13:05.671660,6776.0,7453.6,6098.400000000001,7114.8,67760
2025-05-07 14:14:05.671660,6777.0,7454.700000000001,6099.3,7115.85,67770
2025-05-07 14:15:05.671660,6778.0,7455.8,6100.2,7116.900000000001,67780
2025-05-07 14:16:05.671660,6779.0,7456.900000000001,6101.1,7117.950000000001,67790
2025-05-07 14:17:05.671660,6780.0,7458.000000000001,6102.0,7119.0,67800
2025-05-07 14:18:05.671660,6781.0,7459.1,6102.900000000001,7120.05,67810
2025-05-07 14:19:05.671660,6782.0,7460.200000000001,6103.8,7121.1,67820
2025-05-07 14:20:05.671660,6783.0,7461.3,6104.7,7122.150000000001,67830
2025-05-07 14:21:05.671660,6784.0,7462.400000000001,6105.6,7123.200000000001,67840
2025-05-07 14:22:05.671660,6785.0,7463.500000000001,6106.5,7124.25,67850
2025-05-07 14:23:05.671660,6786.0,7464.6,6107.400000000001,7125.3,67860
2025-05-07 14:24:05.671660,6787.0,7465.700000000001,6108.3,7126.35,67870
2025-05-07 14:25:05.671660,6788.0,7466.8,6109.2,7127.400000000001,67880
2025-05-07 14:26:05.671660,6789.0,7467.900000000001,6110.1,7128.450000000001,67890
2025-05-07 14:27:05.671660,6790.0,7469.000000000001,6111.0,7129.5,67900
2025-05-07 14:28:05.671660,6791.0,7470.1,6111.900000000001,7130.55,67910
2025-05-07 14:29:05.671660,6792.0,7471.200000000001,6112.8,7131.6,67920
2025-05-07 14:30:05.671660,6793.0,7472.3,6113.7,7132.650000000001,67930
2025-05-07 14:31:05.671660,6794.0,7473.400000000001,6114.6,7133.700000000001,67940
2025-05-07 14:32:05.671660,6795.0,7474.500000000001,6115.5,7134.75,67950
2025-05-07 14:33:05.671660,6796.0,7475.6,6116.400000000001,7135.8,67960
2025-05-07 14:34:05.671660,6797.0,7476.700000000001,6117.3,7136.85,67970
2025-05-07 14:35:05.671660,6798.0,7477.8,6118.2,7137.900000000001,67980
2025-05-07 14:36:05.671660,6799.0,7478.900000000001,6119.1,7138.950000000001,67990
2025-05-07 14:37:05.671660,6800.0,7480.000000000001,6120.0,7140.0,68000
2025-05-07 14:38:05.671660,6801.0,7481.1,6120.900000000001,7141.05,68010
2025-05-07 14:39:05.671660,6802.0,7482.200000000001,6121.8,7142.1,68020
2025-05-07 14:40:05.671660,6803.0,7483.3,6122.7,7143.150000000001,68030
2025-05-07 14:41:05.671660,6804.0,7484.400000000001,6123.6,7144.200000000001,68040
2025-05-07 14:42:05.671660,6805.0,7485.500000000001,6124.5,7145.25,68050
2025-05-07 14:43:05.671660,6806.0,7486.6,6125.400000000001,7146.3,68060
2025-05-07 14:44:05.671660,6807.0,7487.700000000001,6126.3,7147.35,68070
2025-05-07 14:45:05.671660,6808.0,7488.8,6127.2,7148.400000000001,68080
2025-05-07 14:46:05.671660,6809.0,7489.900000000001,6128.1,7149.450000000001,68090
2025-05-07 14:47:05.671660,6810.0,7491.000000000001,6129.0,7150.5,68100
2025-05-07 14:48:05.671660,6811.0,7492.1,6129.900000000001,7151.55,68110
2025-05-07 14:49:05.671660,6812.0,7493.200000000001,6130.8,7152.6,68120
2025-05-07 14:50:05.671660,6813.0,7494.3,6131.7,7153.650000000001,68130
2025-05-07 14:51:05.671660,6814.0,7495.400000000001,6132.6,7154.700000000001,68140
2025-05-07 14:52:05.671660,6815.0,7496.500000000001,6133.5,7155.75,68150
2025-05-07 14:53:05.671660,6816.0,7497.6,6134.400000000001,7156.8,68160
2025-05-07 14:54:05.671660,6817.0,7498.700000000001,6135.3,7157.85,68170
2025-05-07 14:55:05.671660,6818.0,7499.8,6136.2,7158.900000000001,68180
2025-05-07 14:56:05.671660,6819.0,7500.900000000001,6137.1,7159.950000000001,68190
2025-05-07 14:57:05.671660,6820.0,7502.000000000001,6138.0,7161.0,68200
2025-05-07 14:58:05.671660,6821.0,7503.1,6138.900000000001,7162.05,68210
2025-05-07 14:59:05.671660,6822.0,7504.200000000001,6139.8,7163.1,68220
2025-05-07 15:00:05.671660,6823.0,7505.3,6140.7,7164.150000000001,68230
2025-05-07 15:01:05.671660,6824.0,7506.400000000001,6141.6,7165.200000000001,68240
2025-05-07 15:02:05.671660,6825.0,7507.500000000001,6142.5,7166.25,68250
2025-05-07 15:03:05.671660,6826.0,7508.6,6143.400000000001,7167.3,68260
2025-05-07 15:04:05.671660,6827.0,7509.700000000001,6144.3,7168.35,68270
2025-05-07 15:05:05.671660,6828.0,7510.8,6145.2,7169.400000000001,68280
2025-05-07 15:06:05.671660,6829.0,7511.900000000001,6146.1,7170.450000000001,68290
2025-05-07 15:07:05.671660,6830.0,7513.000000000001,6147.0,7171.5,68300
2025-05-07 15:08:05.671660,6831.0,7514.1,6147.900000000001,7172.55,68310
2025-05-07 15:09:05.671660,6832.0,7515.200000000001,6148.8,7173.6,68320
2025-05-07 15:10:05.671660,6833.0,7516.3,6149.7,7174.650000000001,68330
2025-05-07 15:11:05.671660,6834.0,7517.400000000001,6150.6,7175.700000000001,68340
2025-05-07 15:12:05.671660,6835.0,7518.500000000001,6151.5,7176.75,68350
2025-05-07 15:13:05.671660,6836.0,7519.6,6152.400000000001,7177.8,68360
2025-05-07 15:14:05.671660,6837.0,7520.700000000001,6153.3,7178.85,68370
2025-05-07 15:15:05.671660,6838.0,7521.8,6154.2,7179.900000000001,68380
2025-05-07 15:16:05.671660,6839.0,7522.900000000001,6155.1,7180.950000000001,68390
2025-05-07 15:17:05.671660,6840.0,7524.000000000001,6156.0,7182.0,68400
2025-05-07 15:18:05.671660,6841.0,7525.1,6156.900000000001,7183.05,68410
2025-05-07 15:19:05.671660,6842.0,7526.200000000001,6157.8,7184.1,68420
2025-05-07 15:20:05.671660,6843.0,7527.3,6158.7,7185.150000000001,68430
2025-05-07 15:21:05.671660,6844.0,7528.400000000001,6159.6,7186.200000000001,68440
2025-05-07 15:22:05.671660,6845.0,7529.500000000001,6160.5,7187.25,68450
2025-05-07 15:23:05.671660,6846.0,7530.6,6161.400000000001,7188.3,68460
2025-05-07 15:24:05.671660,6847.0,7531.700000000001,6162.3,7189.35,68470
2025-05-07 15:25:05.671660,6848.0,7532.8,6163.2,7190.400000000001,68480
2025-05-07 15:26:05.671660,6849.0,7533.900000000001,6164.1,7191.450000000001,68490
2025-05-07 15:27:05.671660,6850.0,7535.000000000001,6165.0,7192.5,68500
2025-05-07 15:28:05.671660,6851.0,7536.1,6165.900000000001,7193.55,68510
2025-05-07 15:29:05.671660,6852.0,7537.200000000001,6166.8,7194.6,68520
2025-05-07 15:30:05.671660,6853.0,7538.3,6167.7,7195.650000000001,68530
2025-05-07 15:31:05.671660,6854.0,7539.400000000001,6168.6,7196.700000000001,68540
2025-05-07 15:32:05.671660,6855.0,7540.500000000001,6169.5,7197.75,68550
2025-05-07 15:33:05.671660,6856.0,7541.6,6170.400000000001,7198.8,68560
2025-05-07 15:34:05.671660,6857.0,7542.700000000001,6171.3,7199.85,68570
2025-05-07 15:35:05.671660,6858.0,7543.8,6172.2,7200.900000000001,68580
2025-05-07 15:36:05.671660,6859.0,7544.900000000001,6173.1,7201.950000000001,68590
2025-05-07 15:37:05.671660,6860.0,7546.000000000001,6174.0,7203.0,68600
2025-05-07 15:38:05.671660,6861.0,7547.1,6174.900000000001,7204.05,68610
2025-05-07 15:39:05.671660,6862.0,7548.200000000001,6175.8,7205.1,68620
2025-05-07 15:40:05.671660,6863.0,7549.3,6176.7,7206.150000000001,68630
2025-05-07 15:41:05.671660,6864.0,7550.400000000001,6177.6,7207.200000000001,68640
2025-05-07 15:42:05.671660,6865.0,7551.500000000001,6178.5,7208.25,68650
2025-05-07 15:43:05.671660,6866.0,7552.6,6179.400000000001,7209.3,68660
2025-05-07 15:44:05.671660,6867.0,7553.700000000001,6180.3,7210.35,68670
2025-05-07 15:45:05.671660,6868.0,7554.8,6181.2,7211.400000000001,68680
2025-05-07 15:46:05.671660,6869.0,7555.900000000001,6182.1,7212.450000000001,68690
2025-05-07 15:47:05.671660,6870.0,7557.000000000001,6183.0,7213.5,68700
2025-05-07 15:48:05.671660,6871.0,7558.1,6183.900000000001,7214.55,68710
2025-05-07 15:49:05.671660,6872.0,7559.200000000001,6184.8,7215.6,68720
2025-05-07 15:50:05.671660,6873.0,7560.3,6185.7,7216.650000000001,68730
2025-05-07 15:51:05.671660,6874.0,7561.400000000001,6186.6,7217.700000000001,68740
2025-05-07 15:52:05.671660,6875.0,7562.500000000001,6187.5,7218.75,68750
2025-05-07 15:53:05.671660,6876.0,7563.6,6188.400000000001,7219.8,68760
2025-05-07 15:54:05.671660,6877.0,7564.700000000001,6189.3,7220.85,68770
2025-05-07 15:55:05.671660,6878.0,7565.8,6190.2,7221.900000000001,68780
2025-05-07 15:56:05.671660,6879.0,7566.900000000001,6191.1,7222.950000000001,68790
2025-05-07 15:57:05.671660,6880.0,7568.000000000001,6192.0,7224.0,68800
2025-05-07 15:58:05.671660,6881.0,7569.1,6192.900000000001,7225.05,68810
2025-05-07 15:59:05.671660,6882.0,7570.200000000001,6193.8,7226.1,68820
2025-05-07 16:00:05.671660,6883.0,7571.3,6194.7,7227.150000000001,68830
2025-05-07 16:01:05.671660,6884.0,7572.400000000001,6195.6,7228.200000000001,68840
2025-05-07 16:02:05.671660,6885.0,7573.500000000001,6196.5,7229.25,68850
2025-05-07 16:03:05.671660,6886.0,7574.6,6197.400000000001,7230.3,68860
2025-05-07 16:04:05.671660,6887.0,7575.700000000001,6198.3,7231.35,68870
2025-05-07 16:05:05.671660,6888.0,7576.8,6199.2,7232.400000000001,68880
2025-05-07 16:06:05.671660,6889.0,7577.900000000001,6200.1,7233.450000000001,68890
2025-05-07 16:07:05.671660,6890.0,7579.000000000001,6201.0,7234.5,68900
2025-05-07 16:08:05.671660,6891.0,7580.1,6201.900000000001,7235.55,68910
2025-05-07 16:09:05.671660,6892.0,7581.200000000001,6202.8,7236.6,68920
2025-05-07 16:10:05.671660,6893.0,7582.3,6203.7,7237.650000000001,68930
2025-05-07 16:11:05.671660,6894.0,7583.400000000001,6204.6,7238.700000000001,68940
2025-05-07 16:12:05.671660,6895.0,7584.500000000001,6205.5,7239.75,68950
2025-05-07 16:13:05.671660,6896.0,7585.6,6206.400000000001,7240.8,68960
2025-05-07 16:14:05.671660,6897.0,7586.700000000001,6207.3,7241.85,68970
2025-05-07 16:15:05.671660,6898.0,7587.8,6208.2,7242.900000000001,68980
2025-05-07 16:16:05.671660,6899.0,7588.900000000001,6209.1,7243.950000000001,68990
2025-05-07 16:17:05.671660,6900.0,7590.000000000001,6210.0,7245.0,69000
2025-05-07 16:18:05.671660,6901.0,7591.1,6210.900000000001,7246.05,69010
2025-05-07 16:19:05.671660,6902.0,7592.200000000001,6211.8,7247.1,69020
2025-05-07 16:20:05.671660,6903.0,7593.3,6212.7,7248.150000000001,69030
2025-05-07 16:21:05.671660,6904.0,7594.400000000001,6213.6,7249.200000000001,69040
2025-05-07 16:22:05.671660,6905.0,7595.500000000001,6214.5,7250.25,69050
2025-05-07 16:23:05.671660,6906.0,7596.6,6215.400000000001,7251.3,69060
2025-05-07 16:24:05.671660,6907.0,7597.700000000001,6216.3,7252.35,69070
2025-05-07 16:25:05.671660,6908.0,7598.8,6217.2,7253.400000000001,69080
2025-05-07 16:26:05.671660,6909.0,7599.900000000001,6218.1,7254.450000000001,69090
2025-05-07 16:27:05.671660,6910.0,7601.000000000001,6219.0,7255.5,69100
2025-05-07 16:28:05.671660,6911.0,7602.1,6219.900000000001,7256.55,69110
2025-05-07 16:29:05.671660,6912.0,7603.200000000001,6220.8,7257.6,69120
2025-05-07 16:30:05.671660,6913.0,7604.3,6221.7,7258.650000000001,69130
2025-05-07 16:31:05.671660,6914.0,7605.400000000001,6222.6,7259.700000000001,69140
2025-05-07 16:32:05.671660,6915.0,7606.500000000001,6223.5,7260.75,69150
2025-05-07 16:33:05.671660,6916.0,7607.6,6224.400000000001,7261.8,69160
2025-05-07 16:34:05.671660,6917.0,7608.700000000001,6225.3,7262.85,69170
2025-05-07 16:35:05.671660,6918.0,7609.8,6226.2,7263.900000000001,69180
2025-05-07 16:36:05.671660,6919.0,7610.900000000001,6227.1,7264.950000000001,69190
2025-05-07 16:37:05.671660,6920.0,7612.000000000001,6228.0,7266.0,69200
2025-05-07 16:38:05.671660,6921.0,7613.1,6228.900000000001,7267.05,69210
2025-05-07 16:39:05.671660,6922.0,7614.200000000001,6229.8,7268.1,69220
2025-05-07 16:40:05.671660,6923.0,7615.3,6230.7,7269.150000000001,69230
2025-05-07 16:41:05.671660,6924.0,7616.400000000001,6231.6,7270.200000000001,69240
2025-05-07 16:42:05.671660,6925.0,7617.500000000001,6232.5,7271.25,69250
2025-05-07 16:43:05.671660,6926.0,7618.6,6233.400000000001,7272.3,69260
2025-05-07 16:44:05.671660,6927.0,7619.700000000001,6234.3,7273.35,69270
2025-05-07 16:45:05.671660,6928.0,7620.8,6235.2,7274.400000000001,69280
2025-05-07 16:46:05.671660,6929.0,7621.900000000001,6236.1,7275.450000000001,69290
2025-05-07 16:47:05.671660,6930.0,7623.000000000001,6237.0,7276.5,69300
2025-05-07 16:48:05.671660,6931.0,7624.1,6237.900000000001,7277.55,69310
2025-05-07 16:49:05.671660,6932.0,7625.200000000001,6238.8,7278.6,69320
2025-05-07 16:50:05.671660,6933.0,7626.3,6239.7,7279.650000000001,69330
2025-05-07 16:51:05.671660,6934.0,7627.400000000001,6240.6,7280.700000000001,69340
2025-05-07 16:52:05.671660,6935.0,7628.500000000001,6241.5,7281.75,69350
2025-05-07 16:53:05.671660,6936.0,7629.6,6242.400000000001,7282.8,69360
2025-05-07 16:54:05.671660,6937.0,7630.700000000001,6243.3,7283.85,69370
2025-05-07 16:55:05.671660,6938.0,7631.8,6244.2,7284.900000000001,69380
2025-05-07 16:56:05.671660,6939.0,7632.900000000001,6245.1,7285.950000000001,69390
2025-05-07 16:57:05.671660,6940.0,7634.000000000001,6246.0,7287.0,69400
2025-05-07 16:58:05.671660,6941.0,7635.1,6246.900000000001,7288.05,69410
2025-05-07 16:59:05.671660,6942.0,7636.200000000001,6247.8,7289.1,69420
2025-05-07 17:00:05.671660,6943.0,7637.3,6248.7,7290.150000000001,69430
2025-05-07 17:01:05.671660,6944.0,7638.400000000001,6249.6,7291.200000000001,69440
2025-05-07 17:02:05.671660,6945.0,7639.500000000001,6250.5,7292.25,69450
2025-05-07 17:03:05.671660,6946.0,7640.6,6251.400000000001,7293.3,69460
2025-05-07 17:04:05.671660,6947.0,7641.700000000001,6252.3,7294.35,69470
2025-05-07 17:05:05.671660,6948.0,7642.8,6253.2,7295.400000000001,69480
2025-05-07 17:06:05.671660,6949.0,7643.900000000001,6254.1,7296.450000000001,69490
2025-05-07 17:07:05.671660,6950.0,7645.000000000001,6255.0,7297.5,69500
2025-05-07 17:08:05.671660,6951.0,7646.1,6255.900000000001,7298.55,69510
2025-05-07 17:09:05.671660,6952.0,7647.200000000001,6256.8,7299.6,69520
2025-05-07 17:10:05.671660,6953.0,7648.3,6257.7,7300.650000000001,69530
2025-05-07 17:11:05.671660,6954.0,7649.400000000001,6258.6,7301.700000000001,69540
2025-05-07 17:12:05.671660,6955.0,7650.500000000001,6259.5,7302.75,69550
2025-05-07 17:13:05.671660,6956.0,7651.6,6260.400000000001,7303.8,69560
2025-05-07 17:14:05.671660,6957.0,7652.700000000001,6261.3,7304.85,69570
2025-05-07 17:15:05.671660,6958.0,7653.8,6262.2,7305.900000000001,69580
2025-05-07 17:16:05.671660,6959.0,7654.900000000001,6263.1,7306.950000000001,69590
2025-05-07 17:17:05.671660,6960.0,7656.000000000001,6264.0,7308.0,69600
2025-05-07 17:18:05.671660,6961.0,7657.1,6264.900000000001,7309.05,69610
2025-05-07 17:19:05.671660,6962.0,7658.200000000001,6265.8,7310.1,69620
2025-05-07 17:20:05.671660,6963.0,7659.3,6266.7,7311.150000000001,69630
2025-05-07 17:21:05.671660,6964.0,7660.400000000001,6267.6,7312.200000000001,69640
2025-05-07 17:22:05.671660,6965.0,7661.500000000001,6268.5,7313.25,69650
2025-05-07 17:23:05.671660,6966.0,7662.6,6269.400000000001,7314.3,69660
2025-05-07 17:24:05.671660,6967.0,7663.700000000001,6270.3,7315.35,69670
2025-05-07 17:25:05.671660,6968.0,7664.8,6271.2,7316.400000000001,69680
2025-05-07 17:26:05.671660,6969.0,7665.900000000001,6272.1,7317.450000000001,69690
2025-05-07 17:27:05.671660,6970.0,7667.000000000001,6273.0,7318.5,69700
2025-05-07 17:28:05.671660,6971.0,7668.1,6273.900000000001,7319.55,69710
2025-05-07 17:29:05.671660,6972.0,7669.200000000001,6274.8,7320.6,69720
2025-05-07 17:30:05.671660,6973.0,7670.3,6275.7,7321.650000000001,69730
2025-05-07 17:31:05.671660,6974.0,7671.400000000001,6276.6,7322.700000000001,69740
2025-05-07 17:32:05.671660,6975.0,7672.500000000001,6277.5,7323.75,69750
2025-05-07 17:33:05.671660,6976.0,7673.6,6278.400000000001,7324.8,69760
2025-05-07 17:34:05.671660,6977.0,7674.700000000001,6279.3,7325.85,69770
2025-05-07 17:35:05.671660,6978.0,7675.8,6280.2,7326.900000000001,69780
2025-05-07 17:36:05.671660,6979.0,7676.900000000001,6281.1,7327.950000000001,69790
2025-05-07 17:37:05.671660,6980.0,7678.000000000001,6282.0,7329.0,69800
2025-05-07 17:38:05.671660,6981.0,7679.1,6282.900000000001,7330.05,69810
2025-05-07 17:39:05.671660,6982.0,7680.200000000001,6283.8,7331.1,69820
2025-05-07 17:40:05.671660,6983.0,7681.3,6284.7,7332.150000000001,69830
2025-05-07 17:41:05.671660,6984.0,7682.400000000001,6285.6,7333.200000000001,69840
2025-05-07 17:42:05.671660,6985.0,7683.500000000001,6286.5,7334.25,69850
2025-05-07 17:43:05.671660,6986.0,7684.6,6287.400000000001,7335.3,69860
2025-05-07 17:44:05.671660,6987.0,7685.700000000001,6288.3,7336.35,69870
2025-05-07 17:45:05.671660,6988.0,7686.8,6289.2,7337.400000000001,69880
2025-05-07 17:46:05.671660,6989.0,7687.900000000001,6290.1,7338.450000000001,69890
2025-05-07 17:47:05.671660,6990.0,7689.000000000001,6291.0,7339.5,69900
2025-05-07 17:48:05.671660,6991.0,7690.1,6291.900000000001,7340.55,69910
2025-05-07 17:49:05.671660,6992.0,7691.200000000001,6292.8,7341.6,69920
2025-05-07 17:50:05.671660,6993.0,7692.3,6293.7,7342.650000000001,69930
2025-05-07 17:51:05.671660,6994.0,7693.400000000001,6294.6,7343.700000000001,69940
2025-05-07 17:52:05.671660,6995.0,7694.500000000001,6295.5,7344.75,69950
2025-05-07 17:53:05.671660,6996.0,7695.6,6296.400000000001,7345.8,69960
2025-05-07 17:54:05.671660,6997.0,7696.700000000001,6297.3,7346.85,69970
2025-05-07 17:55:05.671660,6998.0,7697.8,6298.2,7347.900000000001,69980
2025-05-07 17:56:05.671660,6999.0,7698.900000000001,6299.1,7348.950000000001,69990
2025-05-07 17:57:05.671660,7000.0,7700.000000000001,6300.0,7350.0,70000
2025-05-07 17:58:05.671660,7001.0,7701.1,6300.900000000001,7351.05,70010
2025-05-07 17:59:05.671660,7002.0,7702.200000000001,6301.8,7352.1,70020
2025-05-07 18:00:05.671660,7003.0,7703.3,6302.7,7353.150000000001,70030
2025-05-07 18:01:05.671660,7004.0,7704.400000000001,6303.6,7354.200000000001,70040
2025-05-07 18:02:05.671660,7005.0,7705.500000000001,6304.5,7355.25,70050
2025-05-07 18:03:05.671660,7006.0,7706.6,6305.400000000001,7356.3,70060
2025-05-07 18:04:05.671660,7007.0,7707.700000000001,6306.3,7357.35,70070
2025-05-07 18:05:05.671660,7008.0,7708.8,6307.2,7358.400000000001,70080
2025-05-07 18:06:05.671660,7009.0,7709.900000000001,6308.1,7359.450000000001,70090
2025-05-07 18:07:05.671660,7010.0,7711.000000000001,6309.0,7360.5,70100
2025-05-07 18:08:05.671660,7011.0,7712.1,6309.900000000001,7361.55,70110
2025-05-07 18:09:05.671660,7012.0,7713.200000000001,6310.8,7362.6,70120
2025-05-07 18:10:05.671660,7013.0,7714.3,6311.7,7363.650000000001,70130
2025-05-07 18:11:05.671660,7014.0,7715.400000000001,6312.6,7364.700000000001,70140
2025-05-07 18:12:05.671660,7015.0,7716.500000000001,6313.5,7365.75,70150
2025-05-07 18:13:05.671660,7016.0,7717.6,6314.400000000001,7366.8,70160
2025-05-07 18:14:05.671660,7017.0,7718.700000000001,6315.3,7367.85,70170
2025-05-07 18:15:05.671660,7018.0,7719.8,6316.2,7368.900000000001,70180
2025-05-07 18:16:05.671660,7019.0,7720.900000000001,6317.1,7369.950000000001,70190
2025-05-07 18:17:05.671660,7020.0,7722.000000000001,6318.0,7371.0,70200
2025-05-07 18:18:05.671660,7021.0,7723.1,6318.900000000001,7372.05,70210
2025-05-07 18:19:05.671660,7022.0,7724.200000000001,6319.8,7373.1,70220
2025-05-07 18:20:05.671660,7023.0,7725.3,6320.7,7374.150000000001,70230
2025-05-07 18:21:05.671660,7024.0,7726.400000000001,6321.6,7375.200000000001,70240
2025-05-07 18:22:05.671660,7025.0,7727.500000000001,6322.5,7376.25,70250
2025-05-07 18:23:05.671660,7026.0,7728.6,6323.400000000001,7377.3,70260
2025-05-07 18:24:05.671660,7027.0,7729.700000000001,6324.3,7378.35,70270
2025-05-07 18:25:05.671660,7028.0,7730.8,6325.2,7379.400000000001,70280
2025-05-07 18:26:05.671660,7029.0,7731.900000000001,6326.1,7380.450000000001,70290
2025-05-07 18:27:05.671660,7030.0,7733.000000000001,6327.0,7381.5,70300
2025-05-07 18:28:05.671660,7031.0,7734.1,6327.900000000001,7382.55,70310
2025-05-07 18:29:05.671660,7032.0,7735.200000000001,6328.8,7383.6,70320
2025-05-07 18:30:05.671660,7033.0,7736.3,6329.7,7384.650000000001,70330
2025-05-07 18:31:05.671660,7034.0,7737.400000000001,6330.6,7385.700000000001,70340
2025-05-07 18:32:05.671660,7035.0,7738.500000000001,6331.5,7386.75,70350
2025-05-07 18:33:05.671660,7036.0,7739.6,6332.400000000001,7387.8,70360
2025-05-07 18:34:05.671660,7037.0,7740.700000000001,6333.3,7388.85,70370
2025-05-07 18:35:05.671660,7038.0,7741.8,6334.2,7389.900000000001,70380
2025-05-07 18:36:05.671660,7039.0,7742.900000000001,6335.1,7390.950000000001,70390
2025-05-07 18:37:05.671660,7040.0,7744.000000000001,6336.0,7392.0,70400
2025-05-07 18:38:05.671660,7041.0,7745.1,6336.900000000001,7393.05,70410
2025-05-07 18:39:05.671660,7042.0,7746.200000000001,6337.8,7394.1,70420
2025-05-07 18:40:05.671660,7043.0,7747.3,6338.7,7395.150000000001,70430
2025-05-07 18:41:05.671660,7044.0,7748.400000000001,6339.6,7396.200000000001,70440
2025-05-07 18:42:05.671660,7045.0,7749.500000000001,6340.5,7397.25,70450
2025-05-07 18:43:05.671660,7046.0,7750.6,6341.400000000001,7398.3,70460
2025-05-07 18:44:05.671660,7047.0,7751.700000000001,6342.3,7399.35,70470
2025-05-07 18:45:05.671660,7048.0,7752.8,6343.2,7400.400000000001,70480
2025-05-07 18:46:05.671660,7049.0,7753.900000000001,6344.1,7401.450000000001,70490
2025-05-07 18:47:05.671660,7050.0,7755.000000000001,6345.0,7402.5,70500
2025-05-07 18:48:05.671660,7051.0,7756.1,6345.900000000001,7403.55,70510
2025-05-07 18:49:05.671660,7052.0,7757.200000000001,6346.8,7404.6,70520
2025-05-07 18:50:05.671660,7053.0,7758.3,6347.7,7405.650000000001,70530
2025-05-07 18:51:05.671660,7054.0,7759.400000000001,6348.6,7406.700000000001,70540
2025-05-07 18:52:05.671660,7055.0,7760.500000000001,6349.5,7407.75,70550
2025-05-07 18:53:05.671660,7056.0,7761.6,6350.400000000001,7408.8,70560
2025-05-07 18:54:05.671660,7057.0,7762.700000000001,6351.3,7409.85,70570
2025-05-07 18:55:05.671660,7058.0,7763.8,6352.2,7410.900000000001,70580
2025-05-07 18:56:05.671660,7059.0,7764.900000000001,6353.1,7411.950000000001,70590
2025-05-07 18:57:05.671660,7060.0,7766.000000000001,6354.0,7413.0,70600
2025-05-07 18:58:05.671660,7061.0,7767.1,6354.900000000001,7414.05,70610
2025-05-07 18:59:05.671660,7062.0,7768.200000000001,6355.8,7415.1,70620
2025-05-07 19:00:05.671660,7063.0,7769.3,6356.7,7416.150000000001,70630
2025-05-07 19:01:05.671660,7064.0,7770.400000000001,6357.6,7417.200000000001,70640
2025-05-07 19:02:05.671660,7065.0,7771.500000000001,6358.5,7418.25,70650
2025-05-07 19:03:05.671660,7066.0,7772.6,6359.400000000001,7419.3,70660
2025-05-07 19:04:05.671660,7067.0,7773.700000000001,6360.3,7420.35,70670
2025-05-07 19:05:05.671660,7068.0,7774.8,6361.2,7421.400000000001,70680
2025-05-07 19:06:05.671660,7069.0,7775.900000000001,6362.1,7422.450000000001,70690
2025-05-07 19:07:05.671660,7070.0,7777.000000000001,6363.0,7423.5,70700
2025-05-07 19:08:05.671660,7071.0,7778.1,6363.900000000001,7424.55,70710
2025-05-07 19:09:05.671660,7072.0,7779.200000000001,6364.8,7425.6,70720
2025-05-07 19:10:05.671660,7073.0,7780.3,6365.7,7426.650000000001,70730
2025-05-07 19:11:05.671660,7074.0,7781.400000000001,6366.6,7427.700000000001,70740
2025-05-07 19:12:05.671660,7075.0,7782.500000000001,6367.5,7428.75,70750
2025-05-07 19:13:05.671660,7076.0,7783.6,6368.400000000001,7429.8,70760
2025-05-07 19:14:05.671660,7077.0,7784.700000000001,6369.3,7430.85,70770
2025-05-07 19:15:05.671660,7078.0,7785.8,6370.2,7431.900000000001,70780
2025-05-07 19:16:05.671660,7079.0,7786.900000000001,6371.1,7432.950000000001,70790
2025-05-07 19:17:05.671660,7080.0,7788.000000000001,6372.0,7434.0,70800
2025-05-07 19:18:05.671660,7081.0,7789.1,6372.900000000001,7435.05,70810
2025-05-07 19:19:05.671660,7082.0,7790.200000000001,6373.8,7436.1,70820
2025-05-07 19:20:05.671660,7083.0,7791.3,6374.7,7437.150000000001,70830
2025-05-07 19:21:05.671660,7084.0,7792.400000000001,6375.6,7438.200000000001,70840
2025-05-07 19:22:05.671660,7085.0,7793.500000000001,6376.5,7439.25,70850
2025-05-07 19:23:05.671660,7086.0,7794.6,6377.400000000001,7440.3,70860
2025-05-07 19:24:05.671660,7087.0,7795.700000000001,6378.3,7441.35,70870
2025-05-07 19:25:05.671660,7088.0,7796.8,6379.2,7442.400000000001,70880
2025-05-07 19:26:05.671660,7089.0,7797.900000000001,6380.1,7443.450000000001,70890
2025-05-07 19:27:05.671660,7090.0,7799.000000000001,6381.0,7444.5,70900
2025-05-07 19:28:05.671660,7091.0,7800.1,6381.900000000001,7445.55,70910
2025-05-07 19:29:05.671660,7092.0,7801.200000000001,6382.8,7446.6,70920
2025-05-07 19:30:05.671660,7093.0,7802.3,6383.7,7447.650000000001,70930
2025-05-07 19:31:05.671660,7094.0,7803.400000000001,6384.6,7448.700000000001,70940
2025-05-07 19:32:05.671660,7095.0,7804.500000000001,6385.5,7449.75,70950
2025-05-07 19:33:05.671660,7096.0,7805.6,6386.400000000001,7450.8,70960
2025-05-07 19:34:05.671660,7097.0,7806.700000000001,6387.3,7451.85,70970
2025-05-07 19:35:05.671660,7098.0,7807.8,6388.2,7452.900000000001,70980
2025-05-07 19:36:05.671660,7099.0,7808.900000000001,6389.1,7453.950000000001,70990
2025-05-07 19:37:05.671660,7100.0,7810.000000000001,6390.0,7455.0,71000
2025-05-07 19:38:05.671660,7101.0,7811.1,6390.900000000001,7456.05,71010
2025-05-07 19:39:05.671660,7102.0,7812.200000000001,6391.8,7457.1,71020
2025-05-07 19:40:05.671660,7103.0,7813.3,6392.7,7458.150000000001,71030
2025-05-07 19:41:05.671660,7104.0,7814.400000000001,6393.6,7459.200000000001,71040
2025-05-07 19:42:05.671660,7105.0,7815.500000000001,6394.5,7460.25,71050
2025-05-07 19:43:05.671660,7106.0,7816.6,6395.400000000001,7461.3,71060
2025-05-07 19:44:05.671660,7107.0,7817.700000000001,6396.3,7462.35,71070
2025-05-07 19:45:05.671660,7108.0,7818.8,6397.2,7463.400000000001,71080
2025-05-07 19:46:05.671660,7109.0,7819.900000000001,6398.1,7464.450000000001,71090
2025-05-07 19:47:05.671660,7110.0,7821.000000000001,6399.0,7465.5,71100
2025-05-07 19:48:05.671660,7111.0,7822.1,6399.900000000001,7466.55,71110
2025-05-07 19:49:05.671660,7112.0,7823.200000000001,6400.8,7467.6,71120
2025-05-07 19:50:05.671660,7113.0,7824.3,6401.7,7468.650000000001,71130
2025-05-07 19:51:05.671660,7114.0,7825.400000000001,6402.6,7469.700000000001,71140
2025-05-07 19:52:05.671660,7115.0,7826.500000000001,6403.5,7470.75,71150
2025-05-07 19:53:05.671660,7116.0,7827.6,6404.400000000001,7471.8,71160
2025-05-07 19:54:05.671660,7117.0,7828.700000000001,6405.3,7472.85,71170
2025-05-07 19:55:05.671660,7118.0,7829.8,6406.2,7473.900000000001,71180
2025-05-07 19:56:05.671660,7119.0,7830.900000000001,6407.1,7474.950000000001,71190
2025-05-07 19:57:05.671660,7120.0,7832.000000000001,6408.0,7476.0,71200
2025-05-07 19:58:05.671660,7121.0,7833.1,6408.900000000001,7477.05,71210
2025-05-07 19:59:05.671660,7122.0,7834.200000000001,6409.8,7478.1,71220
2025-05-07 20:00:05.671660,7123.0,7835.3,6410.7,7479.150000000001,71230
2025-05-07 20:01:05.671660,7124.0,7836.400000000001,6411.6,7480.200000000001,71240
2025-05-07 20:02:05.671660,7125.0,7837.500000000001,6412.5,7481.25,71250
2025-05-07 20:03:05.671660,7126.0,7838.6,6413.400000000001,7482.3,71260
2025-05-07 20:04:05.671660,7127.0,7839.700000000001,6414.3,7483.35,71270
2025-05-07 20:05:05.671660,7128.0,7840.8,6415.2,7484.400000000001,71280
2025-05-07 20:06:05.671660,7129.0,7841.900000000001,6416.1,7485.450000000001,71290
2025-05-07 20:07:05.671660,7130.0,7843.000000000001,6417.0,7486.5,71300
2025-05-07 20:08:05.671660,7131.0,7844.1,6417.900000000001,7487.55,71310
2025-05-07 20:09:05.671660,7132.0,7845.200000000001,6418.8,7488.6,71320
2025-05-07 20:10:05.671660,7133.0,7846.3,6419.7,7489.650000000001,71330
2025-05-07 20:11:05.671660,7134.0,7847.400000000001,6420.6,7490.700000000001,71340
2025-05-07 20:12:05.671660,7135.0,7848.500000000001,6421.5,7491.75,71350
2025-05-07 20:13:05.671660,7136.0,7849.6,6422.400000000001,7492.8,71360
2025-05-07 20:14:05.671660,7137.0,7850.700000000001,6423.3,7493.85,71370
2025-05-07 20:15:05.671660,7138.0,7851.8,6424.2,7494.900000000001,71380
2025-05-07 20:16:05.671660,7139.0,7852.900000000001,6425.1,7495.950000000001,71390
2025-05-07 20:17:05.671660,7140.0,7854.000000000001,6426.0,7497.0,71400
2025-05-07 20:18:05.671660,7141.0,7855.1,6426.900000000001,7498.05,71410
2025-05-07 20:19:05.671660,7142.0,7856.200000000001,6427.8,7499.1,71420
2025-05-07 20:20:05.671660,7143.0,7857.3,6428.7,7500.150000000001,71430
2025-05-07 20:21:05.671660,7144.0,7858.400000000001,6429.6,7501.200000000001,71440
2025-05-07 20:22:05.671660,7145.0,7859.500000000001,6430.5,7502.25,71450
2025-05-07 20:23:05.671660,7146.0,7860.6,6431.400000000001,7503.3,71460
2025-05-07 20:24:05.671660,7147.0,7861.700000000001,6432.3,7504.35,71470
2025-05-07 20:25:05.671660,7148.0,7862.8,6433.2,7505.400000000001,71480
2025-05-07 20:26:05.671660,7149.0,7863.900000000001,6434.1,7506.450000000001,71490
2025-05-07 20:27:05.671660,7150.0,7865.000000000001,6435.0,7507.5,71500
2025-05-07 20:28:05.671660,7151.0,7866.1,6435.900000000001,7508.55,71510
2025-05-07 20:29:05.671660,7152.0,7867.200000000001,6436.8,7509.6,71520
2025-05-07 20:30:05.671660,7153.0,7868.3,6437.7,7510.650000000001,71530
2025-05-07 20:31:05.671660,7154.0,7869.400000000001,6438.6,7511.700000000001,71540
2025-05-07 20:32:05.671660,7155.0,7870.500000000001,6439.5,7512.75,71550
2025-05-07 20:33:05.671660,7156.0,7871.6,6440.400000000001,7513.8,71560
2025-05-07 20:34:05.671660,7157.0,7872.700000000001,6441.3,7514.85,71570
2025-05-07 20:35:05.671660,7158.0,7873.8,6442.2,7515.900000000001,71580
2025-05-07 20:36:05.671660,7159.0,7874.900000000001,6443.1,7516.950000000001,71590
2025-05-07 20:37:05.671660,7160.0,7876.000000000001,6444.0,7518.0,71600
2025-05-07 20:38:05.671660,7161.0,7877.1,6444.900000000001,7519.05,71610
2025-05-07 20:39:05.671660,7162.0,7878.200000000001,6445.8,7520.1,71620
2025-05-07 20:40:05.671660,7163.0,7879.3,6446.7,7521.150000000001,71630
2025-05-07 20:41:05.671660,7164.0,7880.400000000001,6447.6,7522.200000000001,71640
2025-05-07 20:42:05.671660,7165.0,7881.500000000001,6448.5,7523.25,71650
2025-05-07 20:43:05.671660,7166.0,7882.6,6449.400000000001,7524.3,71660
2025-05-07 20:44:05.671660,7167.0,7883.700000000001,6450.3,7525.35,71670
2025-05-07 20:45:05.671660,7168.0,7884.800000000001,6451.2,7526.400000000001,71680
2025-05-07 20:46:05.671660,7169.0,7885.900000000001,6452.1,7527.450000000001,71690
2025-05-07 20:47:05.671660,7170.0,7887.000000000001,6453.0,7528.5,71700
2025-05-07 20:48:05.671660,7171.0,7888.1,6453.900000000001,7529.55,71710
2025-05-07 20:49:05.671660,7172.0,7889.200000000001,6454.8,7530.6,71720
2025-05-07 20:50:05.671660,7173.0,7890.300000000001,6455.7,7531.650000000001,71730
2025-05-07 20:51:05.671660,7174.0,7891.400000000001,6456.6,7532.700000000001,71740
2025-05-07 20:52:05.671660,7175.0,7892.500000000001,6457.5,7533.75,71750
2025-05-07 20:53:05.671660,7176.0,7893.6,6458.400000000001,7534.8,71760
2025-05-07 20:54:05.671660,7177.0,7894.700000000001,6459.3,7535.85,71770
2025-05-07 20:55:05.671660,7178.0,7895.800000000001,6460.2,7536.900000000001,71780
2025-05-07 20:56:05.671660,7179.0,7896.900000000001,6461.1,7537.950000000001,71790
2025-05-07 20:57:05.671660,7180.0,7898.000000000001,6462.0,7539.0,71800
2025-05-07 20:58:05.671660,7181.0,7899.1,6462.900000000001,7540.05,71810
2025-05-07 20:59:05.671660,7182.0,7900.200000000001,6463.8,7541.1,71820
2025-05-07 21:00:05.671660,7183.0,7901.300000000001,6464.7,7542.150000000001,71830
2025-05-07 21:01:05.671660,7184.0,7902.400000000001,6465.6,7543.200000000001,71840
2025-05-07 21:02:05.671660,7185.0,7903.500000000001,6466.5,7544.25,71850
2025-05-07 21:03:05.671660,7186.0,7904.6,6467.400000000001,7545.3,71860
2025-05-07 21:04:05.671660,7187.0,7905.700000000001,6468.3,7546.35,71870
2025-05-07 21:05:05.671660,7188.0,7906.800000000001,6469.2,7547.400000000001,71880
2025-05-07 21:06:05.671660,7189.0,7907.900000000001,6470.1,7548.450000000001,71890
2025-05-07 21:07:05.671660,7190.0,7909.000000000001,6471.0,7549.5,71900
2025-05-07 21:08:05.671660,7191.0,7910.1,6471.900000000001,7550.55,71910
2025-05-07 21:09:05.671660,7192.0,7911.200000000001,6472.8,7551.6,71920
2025-05-07 21:10:05.671660,7193.0,7912.300000000001,6473.7,7552.650000000001,71930
2025-05-07 21:11:05.671660,7194.0,7913.400000000001,6474.6,7553.700000000001,71940
2025-05-07 21:12:05.671660,7195.0,7914.500000000001,6475.5,7554.75,71950
2025-05-07 21:13:05.671660,7196.0,7915.6,6476.400000000001,7555.8,71960
2025-05-07 21:14:05.671660,7197.0,7916.700000000001,6477.3,7556.85,71970
2025-05-07 21:15:05.671660,7198.0,7917.800000000001,6478.2,7557.900000000001,71980
2025-05-07 21:16:05.671660,7199.0,7918.900000000001,6479.1,7558.950000000001,71990
2025-05-07 21:17:05.671660,7200.0,7920.000000000001,6480.0,7560.0,72000
2025-05-07 21:18:05.671660,7201.0,7921.1,6480.900000000001,7561.05,72010
2025-05-07 21:19:05.671660,7202.0,7922.200000000001,6481.8,7562.1,72020
2025-05-07 21:20:05.671660,7203.0,7923.300000000001,6482.7,7563.150000000001,72030
2025-05-07 21:21:05.671660,7204.0,7924.400000000001,6483.6,7564.200000000001,72040
2025-05-07 21:22:05.671660,7205.0,7925.500000000001,6484.5,7565.25,72050
2025-05-07 21:23:05.671660,7206.0,7926.6,6485.400000000001,7566.3,72060
2025-05-07 21:24:05.671660,7207.0,7927.700000000001,6486.3,7567.35,72070
2025-05-07 21:25:05.671660,7208.0,7928.800000000001,6487.2,7568.400000000001,72080
2025-05-07 21:26:05.671660,7209.0,7929.900000000001,6488.1,7569.450000000001,72090
2025-05-07 21:27:05.671660,7210.0,7931.000000000001,6489.0,7570.5,72100
2025-05-07 21:28:05.671660,7211.0,7932.1,6489.900000000001,7571.55,72110
2025-05-07 21:29:05.671660,7212.0,7933.200000000001,6490.8,7572.6,72120
2025-05-07 21:30:05.671660,7213.0,7934.300000000001,6491.7,7573.650000000001,72130
2025-05-07 21:31:05.671660,7214.0,7935.400000000001,6492.6,7574.700000000001,72140
2025-05-07 21:32:05.671660,7215.0,7936.500000000001,6493.5,7575.75,72150
2025-05-07 21:33:05.671660,7216.0,7937.6,6494.400000000001,7576.8,72160
2025-05-07 21:34:05.671660,7217.0,7938.700000000001,6495.3,7577.85,72170
2025-05-07 21:35:05.671660,7218.0,7939.800000000001,6496.2,7578.900000000001,72180
2025-05-07 21:36:05.671660,7219.0,7940.900000000001,6497.1,7579.950000000001,72190
2025-05-07 21:37:05.671660,7220.0,7942.000000000001,6498.0,7581.0,72200
2025-05-07 21:38:05.671660,7221.0,7943.1,6498.900000000001,7582.05,72210
2025-05-07 21:39:05.671660,7222.0,7944.200000000001,6499.8,7583.1,72220
2025-05-07 21:40:05.671660,7223.0,7945.300000000001,6500.7,7584.150000000001,72230
2025-05-07 21:41:05.671660,7224.0,7946.400000000001,6501.6,7585.200000000001,72240
2025-05-07 21:42:05.671660,7225.0,7947.500000000001,6502.5,7586.25,72250
2025-05-07 21:43:05.671660,7226.0,7948.6,6503.400000000001,7587.3,72260
2025-05-07 21:44:05.671660,7227.0,7949.700000000001,6504.3,7588.35,72270
2025-05-07 21:45:05.671660,7228.0,7950.800000000001,6505.2,7589.400000000001,72280
2025-05-07 21:46:05.671660,7229.0,7951.900000000001,6506.1,7590.450000000001,72290
2025-05-07 21:47:05.671660,7230.0,7953.000000000001,6507.0,7591.5,72300
2025-05-07 21:48:05.671660,7231.0,7954.1,6507.900000000001,7592.55,72310
2025-05-07 21:49:05.671660,7232.0,7955.200000000001,6508.8,7593.6,72320
2025-05-07 21:50:05.671660,7233.0,7956.300000000001,6509.7,7594.650000000001,72330
2025-05-07 21:51:05.671660,7234.0,7957.400000000001,6510.6,7595.700000000001,72340
2025-05-07 21:52:05.671660,7235.0,7958.500000000001,6511.5,7596.75,72350
2025-05-07 21:53:05.671660,7236.0,7959.6,6512.400000000001,7597.8,72360
2025-05-07 21:54:05.671660,7237.0,7960.700000000001,6513.3,7598.85,72370
2025-05-07 21:55:05.671660,7238.0,7961.800000000001,6514.2,7599.900000000001,72380
2025-05-07 21:56:05.671660,7239.0,7962.900000000001,6515.1,7600.950000000001,72390
2025-05-07 21:57:05.671660,7240.0,7964.000000000001,6516.0,7602.0,72400
2025-05-07 21:58:05.671660,7241.0,7965.1,6516.900000000001,7603.05,72410
2025-05-07 21:59:05.671660,7242.0,7966.200000000001,6517.8,7604.1,72420
2025-05-07 22:00:05.671660,7243.0,7967.300000000001,6518.7,7605.150000000001,72430
2025-05-07 22:01:05.671660,7244.0,7968.400000000001,6519.6,7606.200000000001,72440
2025-05-07 22:02:05.671660,7245.0,7969.500000000001,6520.5,7607.25,72450
2025-05-07 22:03:05.671660,7246.0,7970.6,6521.400000000001,7608.3,72460
2025-05-07 22:04:05.671660,7247.0,7971.700000000001,6522.3,7609.35,72470
2025-05-07 22:05:05.671660,7248.0,7972.800000000001,6523.2,7610.400000000001,72480
2025-05-07 22:06:05.671660,7249.0,7973.900000000001,6524.1,7611.450000000001,72490
2025-05-07 22:07:05.671660,7250.0,7975.000000000001,6525.0,7612.5,72500
2025-05-07 22:08:05.671660,7251.0,7976.1,6525.900000000001,7613.55,72510
2025-05-07 22:09:05.671660,7252.0,7977.200000000001,6526.8,7614.6,72520
2025-05-07 22:10:05.671660,7253.0,7978.300000000001,6527.7,7615.650000000001,72530
2025-05-07 22:11:05.671660,7254.0,7979.400000000001,6528.6,7616.700000000001,72540
2025-05-07 22:12:05.671660,7255.0,7980.500000000001,6529.5,7617.75,72550
2025-05-07 22:13:05.671660,7256.0,7981.6,6530.400000000001,7618.8,72560
2025-05-07 22:14:05.671660,7257.0,7982.700000000001,6531.3,7619.85,72570
2025-05-07 22:15:05.671660,7258.0,7983.800000000001,6532.2,7620.900000000001,72580
2025-05-07 22:16:05.671660,7259.0,7984.900000000001,6533.1,7621.950000000001,72590
2025-05-07 22:17:05.671660,7260.0,7986.000000000001,6534.0,7623.0,72600
2025-05-07 22:18:05.671660,7261.0,7987.1,6534.900000000001,7624.05,72610
2025-05-07 22:19:05.671660,7262.0,7988.200000000001,6535.8,7625.1,72620
2025-05-07 22:20:05.671660,7263.0,7989.300000000001,6536.7,7626.150000000001,72630
2025-05-07 22:21:05.671660,7264.0,7990.400000000001,6537.6,7627.200000000001,72640
2025-05-07 22:22:05.671660,7265.0,7991.500000000001,6538.5,7628.25,72650
2025-05-07 22:23:05.671660,7266.0,7992.6,6539.400000000001,7629.3,72660
2025-05-07 22:24:05.671660,7267.0,7993.700000000001,6540.3,7630.35,72670
2025-05-07 22:25:05.671660,7268.0,7994.800000000001,6541.2,7631.400000000001,72680
2025-05-07 22:26:05.671660,7269.0,7995.900000000001,6542.1,7632.450000000001,72690
2025-05-07 22:27:05.671660,7270.0,7997.000000000001,6543.0,7633.5,72700
2025-05-07 22:28:05.671660,7271.0,7998.1,6543.900000000001,7634.55,72710
2025-05-07 22:29:05.671660,7272.0,7999.200000000001,6544.8,7635.6,72720
2025-05-07 22:30:05.671660,7273.0,8000.300000000001,6545.7,7636.650000000001,72730
2025-05-07 22:31:05.671660,7274.0,8001.400000000001,6546.6,7637.700000000001,72740
2025-05-07 22:32:05.671660,7275.0,8002.500000000001,6547.5,7638.75,72750
2025-05-07 22:33:05.671660,7276.0,8003.6,6548.400000000001,7639.8,72760
2025-05-07 22:34:05.671660,7277.0,8004.700000000001,6549.3,7640.85,72770
2025-05-07 22:35:05.671660,7278.0,8005.800000000001,6550.2,7641.900000000001,72780
2025-05-07 22:36:05.671660,7279.0,8006.900000000001,6551.1,7642.950000000001,72790
2025-05-07 22:37:05.671660,7280.0,8008.000000000001,6552.0,7644.0,72800
2025-05-07 22:38:05.671660,7281.0,8009.1,6552.900000000001,7645.05,72810
2025-05-07 22:39:05.671660,7282.0,8010.200000000001,6553.8,7646.1,72820
2025-05-07 22:40:05.671660,7283.0,8011.300000000001,6554.7,7647.150000000001,72830
2025-05-07 22:41:05.671660,7284.0,8012.400000000001,6555.6,7648.200000000001,72840
2025-05-07 22:42:05.671660,7285.0,8013.500000000001,6556.5,7649.25,72850
2025-05-07 22:43:05.671660,7286.0,8014.6,6557.400000000001,7650.3,72860
2025-05-07 22:44:05.671660,7287.0,8015.700000000001,6558.3,7651.35,72870
2025-05-07 22:45:05.671660,7288.0,8016.800000000001,6559.2,7652.400000000001,72880
2025-05-07 22:46:05.671660,7289.0,8017.900000000001,6560.1,7653.450000000001,72890
2025-05-07 22:47:05.671660,7290.0,8019.000000000001,6561.0,7654.5,72900
2025-05-07 22:48:05.671660,7291.0,8020.1,6561.900000000001,7655.55,72910
2025-05-07 22:49:05.671660,7292.0,8021.200000000001,6562.8,7656.6,72920
2025-05-07 22:50:05.671660,7293.0,8022.300000000001,6563.7,7657.650000000001,72930
2025-05-07 22:51:05.671660,7294.0,8023.400000000001,6564.6,7658.700000000001,72940
2025-05-07 22:52:05.671660,7295.0,8024.500000000001,6565.5,7659.75,72950
2025-05-07 22:53:05.671660,7296.0,8025.6,6566.400000000001,7660.8,72960
2025-05-07 22:54:05.671660,7297.0,8026.700000000001,6567.3,7661.85,72970
2025-05-07 22:55:05.671660,7298.0,8027.800000000001,6568.2,7662.900000000001,72980
2025-05-07 22:56:05.671660,7299.0,8028.900000000001,6569.1,7663.950000000001,72990
2025-05-07 22:57:05.671660,7300.0,8030.000000000001,6570.0,7665.0,73000
2025-05-07 22:58:05.671660,7301.0,8031.1,6570.900000000001,7666.05,73010
2025-05-07 22:59:05.671660,7302.0,8032.200000000001,6571.8,7667.1,73020
2025-05-07 23:00:05.671660,7303.0,8033.300000000001,6572.7,7668.150000000001,73030
2025-05-07 23:01:05.671660,7304.0,8034.400000000001,6573.6,7669.200000000001,73040
2025-05-07 23:02:05.671660,7305.0,8035.500000000001,6574.5,7670.25,73050
2025-05-07 23:03:05.671660,7306.0,8036.6,6575.400000000001,7671.3,73060
2025-05-07 23:04:05.671660,7307.0,8037.700000000001,6576.3,7672.35,73070
2025-05-07 23:05:05.671660,7308.0,8038.800000000001,6577.2,7673.400000000001,73080
2025-05-07 23:06:05.671660,7309.0,8039.900000000001,6578.1,7674.450000000001,73090
2025-05-07 23:07:05.671660,7310.0,8041.000000000001,6579.0,7675.5,73100
2025-05-07 23:08:05.671660,7311.0,8042.1,6579.900000000001,7676.55,73110
2025-05-07 23:09:05.671660,7312.0,8043.200000000001,6580.8,7677.6,73120
2025-05-07 23:10:05.671660,7313.0,8044.300000000001,6581.7,7678.650000000001,73130
2025-05-07 23:11:05.671660,7314.0,8045.400000000001,6582.6,7679.700000000001,73140
2025-05-07 23:12:05.671660,7315.0,8046.500000000001,6583.5,7680.75,73150
2025-05-07 23:13:05.671660,7316.0,8047.6,6584.400000000001,7681.8,73160
2025-05-07 23:14:05.671660,7317.0,8048.700000000001,6585.3,7682.85,73170
2025-05-07 23:15:05.671660,7318.0,8049.800000000001,6586.2,7683.900000000001,73180
2025-05-07 23:16:05.671660,7319.0,8050.900000000001,6587.1,7684.950000000001,73190
2025-05-07 23:17:05.671660,7320.0,8052.000000000001,6588.0,7686.0,73200
2025-05-07 23:18:05.671660,7321.0,8053.1,6588.900000000001,7687.05,73210
2025-05-07 23:19:05.671660,7322.0,8054.200000000001,6589.8,7688.1,73220
2025-05-07 23:20:05.671660,7323.0,8055.300000000001,6590.7,7689.150000000001,73230
2025-05-07 23:21:05.671660,7324.0,8056.400000000001,6591.6,7690.200000000001,73240
2025-05-07 23:22:05.671660,7325.0,8057.500000000001,6592.5,7691.25,73250
2025-05-07 23:23:05.671660,7326.0,8058.6,6593.400000000001,7692.3,73260
2025-05-07 23:24:05.671660,7327.0,8059.700000000001,6594.3,7693.35,73270
2025-05-07 23:25:05.671660,7328.0,8060.800000000001,6595.2,7694.400000000001,73280
2025-05-07 23:26:05.671660,7329.0,8061.900000000001,6596.1,7695.450000000001,73290
2025-05-07 23:27:05.671660,7330.0,8063.000000000001,6597.0,7696.5,73300
2025-05-07 23:28:05.671660,7331.0,8064.1,6597.900000000001,7697.55,73310
2025-05-07 23:29:05.671660,7332.0,8065.200000000001,6598.8,7698.6,73320
2025-05-07 23:30:05.671660,7333.0,8066.300000000001,6599.7,7699.650000000001,73330
2025-05-07 23:31:05.671660,7334.0,8067.400000000001,6600.6,7700.700000000001,73340
2025-05-07 23:32:05.671660,7335.0,8068.500000000001,6601.5,7701.75,73350
2025-05-07 23:33:05.671660,7336.0,8069.6,6602.400000000001,7702.8,73360
2025-05-07 23:34:05.671660,7337.0,8070.700000000001,6603.3,7703.85,73370
2025-05-07 23:35:05.671660,7338.0,8071.800000000001,6604.2,7704.900000000001,73380
2025-05-07 23:36:05.671660,7339.0,8072.900000000001,6605.1,7705.950000000001,73390
2025-05-07 23:37:05.671660,7340.0,8074.000000000001,6606.0,7707.0,73400
2025-05-07 23:38:05.671660,7341.0,8075.1,6606.900000000001,7708.05,73410
2025-05-07 23:39:05.671660,7342.0,8076.200000000001,6607.8,7709.1,73420
2025-05-07 23:40:05.671660,7343.0,8077.300000000001,6608.7,7710.150000000001,73430
2025-05-07 23:41:05.671660,7344.0,8078.400000000001,6609.6,7711.200000000001,73440
2025-05-07 23:42:05.671660,7345.0,8079.500000000001,6610.5,7712.25,73450
2025-05-07 23:43:05.671660,7346.0,8080.6,6611.400000000001,7713.3,73460
2025-05-07 23:44:05.671660,7347.0,8081.700000000001,6612.3,7714.35,73470
2025-05-07 23:45:05.671660,7348.0,8082.800000000001,6613.2,7715.400000000001,73480
2025-05-07 23:46:05.671660,7349.0,8083.900000000001,6614.1,7716.450000000001,73490
2025-05-07 23:47:05.671660,7350.0,8085.000000000001,6615.0,7717.5,73500
2025-05-07 23:48:05.671660,7351.0,8086.1,6615.900000000001,7718.55,73510
2025-05-07 23:49:05.671660,7352.0,8087.200000000001,6616.8,7719.6,73520
2025-05-07 23:50:05.671660,7353.0,8088.300000000001,6617.7,7720.650000000001,73530
2025-05-07 23:51:05.671660,7354.0,8089.400000000001,6618.6,7721.700000000001,73540
2025-05-07 23:52:05.671660,7355.0,8090.500000000001,6619.5,7722.75,73550
2025-05-07 23:53:05.671660,7356.0,8091.6,6620.400000000001,7723.8,73560
2025-05-07 23:54:05.671660,7357.0,8092.700000000001,6621.3,7724.85,73570
2025-05-07 23:55:05.671660,7358.0,8093.800000000001,6622.2,7725.900000000001,73580
2025-05-07 23:56:05.671660,7359.0,8094.900000000001,6623.1,7726.950000000001,73590
2025-05-07 23:57:05.671660,7360.0,8096.000000000001,6624.0,7728.0,73600
2025-05-07 23:58:05.671660,7361.0,8097.1,6624.900000000001,7729.05,73610
2025-05-07 23:59:05.671660,7362.0,8098.200000000001,6625.8,7730.1,73620
2025-05-08 00:00:05.671660,7363.0,8099.300000000001,6626.7,7731.150000000001,73630
2025-05-08 00:01:05.671660,7364.0,8100.400000000001,6627.6,7732.200000000001,73640
2025-05-08 00:02:05.671660,7365.0,8101.500000000001,6628.5,7733.25,73650
2025-05-08 00:03:05.671660,7366.0,8102.6,6629.400000000001,7734.3,73660
2025-05-08 00:04:05.671660,7367.0,8103.700000000001,6630.3,7735.35,73670
2025-05-08 00:05:05.671660,7368.0,8104.800000000001,6631.2,7736.400000000001,73680
2025-05-08 00:06:05.671660,7369.0,8105.900000000001,6632.1,7737.450000000001,73690
2025-05-08 00:07:05.671660,7370.0,8107.000000000001,6633.0,7738.5,73700
2025-05-08 00:08:05.671660,7371.0,8108.1,6633.900000000001,7739.55,73710
2025-05-08 00:09:05.671660,7372.0,8109.200000000001,6634.8,7740.6,73720
2025-05-08 00:10:05.671660,7373.0,8110.300000000001,6635.7,7741.650000000001,73730
2025-05-08 00:11:05.671660,7374.0,8111.400000000001,6636.6,7742.700000000001,73740
2025-05-08 00:12:05.671660,7375.0,8112.500000000001,6637.5,7743.75,73750
2025-05-08 00:13:05.671660,7376.0,8113.6,6638.400000000001,7744.8,73760
2025-05-08 00:14:05.671660,7377.0,8114.700000000001,6639.3,7745.85,73770
2025-05-08 00:15:05.671660,7378.0,8115.800000000001,6640.2,7746.900000000001,73780
2025-05-08 00:16:05.671660,7379.0,8116.900000000001,6641.1,7747.950000000001,73790
2025-05-08 00:17:05.671660,7380.0,8118.000000000001,6642.0,7749.0,73800
2025-05-08 00:18:05.671660,7381.0,8119.1,6642.900000000001,7750.05,73810
2025-05-08 00:19:05.671660,7382.0,8120.200000000001,6643.8,7751.1,73820
2025-05-08 00:20:05.671660,7383.0,8121.300000000001,6644.7,7752.150000000001,73830
2025-05-08 00:21:05.671660,7384.0,8122.400000000001,6645.6,7753.200000000001,73840
2025-05-08 00:22:05.671660,7385.0,8123.500000000001,6646.5,7754.25,73850
2025-05-08 00:23:05.671660,7386.0,8124.6,6647.400000000001,7755.3,73860
2025-05-08 00:24:05.671660,7387.0,8125.700000000001,6648.3,7756.35,73870
2025-05-08 00:25:05.671660,7388.0,8126.800000000001,6649.2,7757.400000000001,73880
2025-05-08 00:26:05.671660,7389.0,8127.900000000001,6650.1,7758.450000000001,73890
2025-05-08 00:27:05.671660,7390.0,8129.000000000001,6651.0,7759.5,73900
2025-05-08 00:28:05.671660,7391.0,8130.1,6651.900000000001,7760.55,73910
2025-05-08 00:29:05.671660,7392.0,8131.200000000001,6652.8,7761.6,73920
2025-05-08 00:30:05.671660,7393.0,8132.300000000001,6653.7,7762.650000000001,73930
2025-05-08 00:31:05.671660,7394.0,8133.400000000001,6654.6,7763.700000000001,73940
2025-05-08 00:32:05.671660,7395.0,8134.500000000001,6655.5,7764.75,73950
2025-05-08 00:33:05.671660,7396.0,8135.6,6656.400000000001,7765.8,73960
2025-05-08 00:34:05.671660,7397.0,8136.700000000001,6657.3,7766.85,73970
2025-05-08 00:35:05.671660,7398.0,8137.800000000001,6658.2,7767.900000000001,73980
2025-05-08 00:36:05.671660,7399.0,8138.900000000001,6659.1,7768.950000000001,73990
2025-05-08 00:37:05.671660,7400.0,8140.000000000001,6660.0,7770.0,74000
2025-05-08 00:38:05.671660,7401.0,8141.1,6660.900000000001,7771.05,74010
2025-05-08 00:39:05.671660,7402.0,8142.200000000001,6661.8,7772.1,74020
2025-05-08 00:40:05.671660,7403.0,8143.300000000001,6662.7,7773.150000000001,74030
2025-05-08 00:41:05.671660,7404.0,8144.400000000001,6663.6,7774.200000000001,74040
2025-05-08 00:42:05.671660,7405.0,8145.500000000001,6664.5,7775.25,74050
2025-05-08 00:43:05.671660,7406.0,8146.6,6665.400000000001,7776.3,74060
2025-05-08 00:44:05.671660,7407.0,8147.700000000001,6666.3,7777.35,74070
2025-05-08 00:45:05.671660,7408.0,8148.800000000001,6667.2,7778.400000000001,74080
2025-05-08 00:46:05.671660,7409.0,8149.900000000001,6668.1,7779.450000000001,74090
2025-05-08 00:47:05.671660,7410.0,8151.000000000001,6669.0,7780.5,74100
2025-05-08 00:48:05.671660,7411.0,8152.1,6669.900000000001,7781.55,74110
2025-05-08 00:49:05.671660,7412.0,8153.200000000001,6670.8,7782.6,74120
2025-05-08 00:50:05.671660,7413.0,8154.300000000001,6671.7,7783.650000000001,74130
2025-05-08 00:51:05.671660,7414.0,8155.400000000001,6672.6,7784.700000000001,74140
2025-05-08 00:52:05.671660,7415.0,8156.500000000001,6673.5,7785.75,74150
2025-05-08 00:53:05.671660,7416.0,8157.6,6674.400000000001,7786.8,74160
2025-05-08 00:54:05.671660,7417.0,8158.700000000001,6675.3,7787.85,74170
2025-05-08 00:55:05.671660,7418.0,8159.800000000001,6676.2,7788.900000000001,74180
2025-05-08 00:56:05.671660,7419.0,8160.900000000001,6677.1,7789.950000000001,74190
2025-05-08 00:57:05.671660,7420.0,8162.000000000001,6678.0,7791.0,74200
2025-05-08 00:58:05.671660,7421.0,8163.1,6678.900000000001,7792.05,74210
2025-05-08 00:59:05.671660,7422.0,8164.200000000001,6679.8,7793.1,74220
2025-05-08 01:00:05.671660,7423.0,8165.300000000001,6680.7,7794.150000000001,74230
2025-05-08 01:01:05.671660,7424.0,8166.400000000001,6681.6,7795.200000000001,74240
2025-05-08 01:02:05.671660,7425.0,8167.500000000001,6682.5,7796.25,74250
2025-05-08 01:03:05.671660,7426.0,8168.6,6683.400000000001,7797.3,74260
2025-05-08 01:04:05.671660,7427.0,8169.700000000001,6684.3,7798.35,74270
2025-05-08 01:05:05.671660,7428.0,8170.800000000001,6685.2,7799.400000000001,74280
2025-05-08 01:06:05.671660,7429.0,8171.900000000001,6686.1,7800.450000000001,74290
2025-05-08 01:07:05.671660,7430.0,8173.000000000001,6687.0,7801.5,74300
2025-05-08 01:08:05.671660,7431.0,8174.1,6687.900000000001,7802.55,74310
2025-05-08 01:09:05.671660,7432.0,8175.200000000001,6688.8,7803.6,74320
2025-05-08 01:10:05.671660,7433.0,8176.300000000001,6689.7,7804.650000000001,74330
2025-05-08 01:11:05.671660,7434.0,8177.400000000001,6690.6,7805.700000000001,74340
2025-05-08 01:12:05.671660,7435.0,8178.500000000001,6691.5,7806.75,74350
2025-05-08 01:13:05.671660,7436.0,8179.6,6692.400000000001,7807.8,74360
2025-05-08 01:14:05.671660,7437.0,8180.700000000001,6693.3,7808.85,74370
2025-05-08 01:15:05.671660,7438.0,8181.800000000001,6694.2,7809.900000000001,74380
2025-05-08 01:16:05.671660,7439.0,8182.900000000001,6695.1,7810.950000000001,74390
2025-05-08 01:17:05.671660,7440.0,8184.000000000001,6696.0,7812.0,74400
2025-05-08 01:18:05.671660,7441.0,8185.1,6696.900000000001,7813.05,74410
2025-05-08 01:19:05.671660,7442.0,8186.200000000001,6697.8,7814.1,74420
2025-05-08 01:20:05.671660,7443.0,8187.300000000001,6698.7,7815.150000000001,74430
2025-05-08 01:21:05.671660,7444.0,8188.400000000001,6699.6,7816.200000000001,74440
2025-05-08 01:22:05.671660,7445.0,8189.500000000001,6700.5,7817.25,74450
2025-05-08 01:23:05.671660,7446.0,8190.6,6701.400000000001,7818.3,74460
2025-05-08 01:24:05.671660,7447.0,8191.700000000001,6702.3,7819.35,74470
2025-05-08 01:25:05.671660,7448.0,8192.800000000001,6703.2,7820.400000000001,74480
2025-05-08 01:26:05.671660,7449.0,8193.900000000001,6704.1,7821.450000000001,74490
2025-05-08 01:27:05.671660,7450.0,8195.0,6705.0,7822.5,74500
2025-05-08 01:28:05.671660,7451.0,8196.1,6705.900000000001,7823.55,74510
2025-05-08 01:29:05.671660,7452.0,8197.2,6706.8,7824.6,74520
2025-05-08 01:30:05.671660,7453.0,8198.300000000001,6707.7,7825.650000000001,74530
2025-05-08 01:31:05.671660,7454.0,8199.400000000001,6708.6,7826.700000000001,74540
2025-05-08 01:32:05.671660,7455.0,8200.5,6709.5,7827.75,74550
2025-05-08 01:33:05.671660,7456.0,8201.6,6710.400000000001,7828.8,74560
2025-05-08 01:34:05.671660,7457.0,8202.7,6711.3,7829.85,74570
2025-05-08 01:35:05.671660,7458.0,8203.800000000001,6712.2,7830.900000000001,74580
2025-05-08 01:36:05.671660,7459.0,8204.900000000001,6713.1,7831.950000000001,74590
2025-05-08 01:37:05.671660,7460.0,8206.0,6714.0,7833.0,74600
2025-05-08 01:38:05.671660,7461.0,8207.1,6714.900000000001,7834.05,74610
2025-05-08 01:39:05.671660,7462.0,8208.2,6715.8,7835.1,74620
2025-05-08 01:40:05.671660,7463.0,8209.300000000001,6716.7,7836.150000000001,74630
2025-05-08 01:41:05.671660,7464.0,8210.400000000001,6717.6,7837.200000000001,74640
2025-05-08 01:42:05.671660,7465.0,8211.5,6718.5,7838.25,74650
2025-05-08 01:43:05.671660,7466.0,8212.6,6719.400000000001,7839.3,74660
2025-05-08 01:44:05.671660,7467.0,8213.7,6720.3,7840.35,74670
2025-05-08 01:45:05.671660,7468.0,8214.800000000001,6721.2,7841.400000000001,74680
2025-05-08 01:46:05.671660,7469.0,8215.900000000001,6722.1,7842.450000000001,74690
2025-05-08 01:47:05.671660,7470.0,8217.0,6723.0,7843.5,74700
2025-05-08 01:48:05.671660,7471.0,8218.1,6723.900000000001,7844.55,74710
2025-05-08 01:49:05.671660,7472.0,8219.2,6724.8,7845.6,74720
2025-05-08 01:50:05.671660,7473.0,8220.300000000001,6725.7,7846.650000000001,74730
2025-05-08 01:51:05.671660,7474.0,8221.400000000001,6726.6,7847.700000000001,74740
2025-05-08 01:52:05.671660,7475.0,8222.5,6727.5,7848.75,74750
2025-05-08 01:53:05.671660,7476.0,8223.6,6728.400000000001,7849.8,74760
2025-05-08 01:54:05.671660,7477.0,8224.7,6729.3,7850.85,74770
2025-05-08 01:55:05.671660,7478.0,8225.800000000001,6730.2,7851.900000000001,74780
2025-05-08 01:56:05.671660,7479.0,8226.900000000001,6731.1,7852.950000000001,74790
2025-05-08 01:57:05.671660,7480.0,8228.0,6732.0,7854.0,74800
2025-05-08 01:58:05.671660,7481.0,8229.1,6732.900000000001,7855.05,74810
2025-05-08 01:59:05.671660,7482.0,8230.2,6733.8,7856.1,74820
2025-05-08 02:00:05.671660,7483.0,8231.300000000001,6734.7,7857.150000000001,74830
2025-05-08 02:01:05.671660,7484.0,8232.400000000001,6735.6,7858.200000000001,74840
2025-05-08 02:02:05.671660,7485.0,8233.5,6736.5,7859.25,74850
2025-05-08 02:03:05.671660,7486.0,8234.6,6737.400000000001,7860.3,74860
2025-05-08 02:04:05.671660,7487.0,8235.7,6738.3,7861.35,74870
2025-05-08 02:05:05.671660,7488.0,8236.800000000001,6739.2,7862.400000000001,74880
2025-05-08 02:06:05.671660,7489.0,8237.900000000001,6740.1,7863.450000000001,74890
2025-05-08 02:07:05.671660,7490.0,8239.0,6741.0,7864.5,74900
2025-05-08 02:08:05.671660,7491.0,8240.1,6741.900000000001,7865.55,74910
2025-05-08 02:09:05.671660,7492.0,8241.2,6742.8,7866.6,74920
2025-05-08 02:10:05.671660,7493.0,8242.300000000001,6743.7,7867.650000000001,74930
2025-05-08 02:11:05.671660,7494.0,8243.400000000001,6744.6,7868.700000000001,74940
2025-05-08 02:12:05.671660,7495.0,8244.5,6745.5,7869.75,74950
2025-05-08 02:13:05.671660,7496.0,8245.6,6746.400000000001,7870.8,74960
2025-05-08 02:14:05.671660,7497.0,8246.7,6747.3,7871.85,74970
2025-05-08 02:15:05.671660,7498.0,8247.800000000001,6748.2,7872.900000000001,74980
2025-05-08 02:16:05.671660,7499.0,8248.900000000001,6749.1,7873.950000000001,74990
2025-05-08 02:17:05.671660,7500.0,8250.0,6750.0,7875.0,75000
2025-05-08 02:18:05.671660,7501.0,8251.1,6750.900000000001,7876.05,75010
2025-05-08 02:19:05.671660,7502.0,8252.2,6751.8,7877.1,75020
2025-05-08 02:20:05.671660,7503.0,8253.300000000001,6752.7,7878.150000000001,75030
2025-05-08 02:21:05.671660,7504.0,8254.400000000001,6753.6,7879.200000000001,75040
2025-05-08 02:22:05.671660,7505.0,8255.5,6754.5,7880.25,75050
2025-05-08 02:23:05.671660,7506.0,8256.6,6755.400000000001,7881.3,75060
2025-05-08 02:24:05.671660,7507.0,8257.7,6756.3,7882.35,75070
2025-05-08 02:25:05.671660,7508.0,8258.800000000001,6757.2,7883.400000000001,75080
2025-05-08 02:26:05.671660,7509.0,8259.900000000001,6758.1,7884.450000000001,75090
2025-05-08 02:27:05.671660,7510.0,8261.0,6759.0,7885.5,75100
2025-05-08 02:28:05.671660,7511.0,8262.1,6759.900000000001,7886.55,75110
2025-05-08 02:29:05.671660,7512.0,8263.2,6760.8,7887.6,75120
2025-05-08 02:30:05.671660,7513.0,8264.300000000001,6761.7,7888.650000000001,75130
2025-05-08 02:31:05.671660,7514.0,8265.400000000001,6762.6,7889.700000000001,75140
2025-05-08 02:32:05.671660,7515.0,8266.5,6763.5,7890.75,75150
2025-05-08 02:33:05.671660,7516.0,8267.6,6764.400000000001,7891.8,75160
2025-05-08 02:34:05.671660,7517.0,8268.7,6765.3,7892.85,75170
2025-05-08 02:35:05.671660,7518.0,8269.800000000001,6766.2,7893.900000000001,75180
2025-05-08 02:36:05.671660,7519.0,8270.900000000001,6767.1,7894.950000000001,75190
2025-05-08 02:37:05.671660,7520.0,8272.0,6768.0,7896.0,75200
2025-05-08 02:38:05.671660,7521.0,8273.1,6768.900000000001,7897.05,75210
2025-05-08 02:39:05.671660,7522.0,8274.2,6769.8,7898.1,75220
2025-05-08 02:40:05.671660,7523.0,8275.300000000001,6770.7,7899.150000000001,75230
2025-05-08 02:41:05.671660,7524.0,8276.400000000001,6771.6,7900.200000000001,75240
2025-05-08 02:42:05.671660,7525.0,8277.5,6772.5,7901.25,75250
2025-05-08 02:43:05.671660,7526.0,8278.6,6773.400000000001,7902.3,75260
2025-05-08 02:44:05.671660,7527.0,8279.7,6774.3,7903.35,75270
2025-05-08 02:45:05.671660,7528.0,8280.800000000001,6775.2,7904.400000000001,75280
2025-05-08 02:46:05.671660,7529.0,8281.900000000001,6776.1,7905.450000000001,75290
2025-05-08 02:47:05.671660,7530.0,8283.0,6777.0,7906.5,75300
2025-05-08 02:48:05.671660,7531.0,8284.1,6777.900000000001,7907.55,75310
2025-05-08 02:49:05.671660,7532.0,8285.2,6778.8,7908.6,75320
2025-05-08 02:50:05.671660,7533.0,8286.300000000001,6779.7,7909.650000000001,75330
2025-05-08 02:51:05.671660,7534.0,8287.400000000001,6780.6,7910.700000000001,75340
2025-05-08 02:52:05.671660,7535.0,8288.5,6781.5,7911.75,75350
2025-05-08 02:53:05.671660,7536.0,8289.6,6782.400000000001,7912.8,75360
2025-05-08 02:54:05.671660,7537.0,8290.7,6783.3,7913.85,75370
2025-05-08 02:55:05.671660,7538.0,8291.800000000001,6784.2,7914.900000000001,75380
2025-05-08 02:56:05.671660,7539.0,8292.900000000001,6785.1,7915.950000000001,75390
2025-05-08 02:57:05.671660,7540.0,8294.0,6786.0,7917.0,75400
2025-05-08 02:58:05.671660,7541.0,8295.1,6786.900000000001,7918.05,75410
2025-05-08 02:59:05.671660,7542.0,8296.2,6787.8,7919.1,75420
2025-05-08 03:00:05.671660,7543.0,8297.300000000001,6788.7,7920.150000000001,75430
2025-05-08 03:01:05.671660,7544.0,8298.400000000001,6789.6,7921.200000000001,75440
2025-05-08 03:02:05.671660,7545.0,8299.5,6790.5,7922.25,75450
2025-05-08 03:03:05.671660,7546.0,8300.6,6791.400000000001,7923.3,75460
2025-05-08 03:04:05.671660,7547.0,8301.7,6792.3,7924.35,75470
2025-05-08 03:05:05.671660,7548.0,8302.800000000001,6793.2,7925.400000000001,75480
2025-05-08 03:06:05.671660,7549.0,8303.900000000001,6794.1,7926.450000000001,75490
2025-05-08 03:07:05.671660,7550.0,8305.0,6795.0,7927.5,75500
2025-05-08 03:08:05.671660,7551.0,8306.1,6795.900000000001,7928.55,75510
2025-05-08 03:09:05.671660,7552.0,8307.2,6796.8,7929.6,75520
2025-05-08 03:10:05.671660,7553.0,8308.300000000001,6797.7,7930.650000000001,75530
2025-05-08 03:11:05.671660,7554.0,8309.400000000001,6798.6,7931.700000000001,75540
2025-05-08 03:12:05.671660,7555.0,8310.5,6799.5,7932.75,75550
2025-05-08 03:13:05.671660,7556.0,8311.6,6800.400000000001,7933.8,75560
2025-05-08 03:14:05.671660,7557.0,8312.7,6801.3,7934.85,75570
2025-05-08 03:15:05.671660,7558.0,8313.800000000001,6802.2,7935.900000000001,75580
2025-05-08 03:16:05.671660,7559.0,8314.900000000001,6803.1,7936.950000000001,75590
2025-05-08 03:17:05.671660,7560.0,8316.0,6804.0,7938.0,75600
2025-05-08 03:18:05.671660,7561.0,8317.1,6804.900000000001,7939.05,75610
2025-05-08 03:19:05.671660,7562.0,8318.2,6805.8,7940.1,75620
2025-05-08 03:20:05.671660,7563.0,8319.300000000001,6806.7,7941.150000000001,75630
2025-05-08 03:21:05.671660,7564.0,8320.400000000001,6807.6,7942.200000000001,75640
2025-05-08 03:22:05.671660,7565.0,8321.5,6808.5,7943.25,75650
2025-05-08 03:23:05.671660,7566.0,8322.6,6809.400000000001,7944.3,75660
2025-05-08 03:24:05.671660,7567.0,8323.7,6810.3,7945.35,75670
2025-05-08 03:25:05.671660,7568.0,8324.800000000001,6811.2,7946.400000000001,75680
2025-05-08 03:26:05.671660,7569.0,8325.900000000001,6812.1,7947.450000000001,75690
2025-05-08 03:27:05.671660,7570.0,8327.0,6813.0,7948.5,75700
2025-05-08 03:28:05.671660,7571.0,8328.1,6813.900000000001,7949.55,75710
2025-05-08 03:29:05.671660,7572.0,8329.2,6814.8,7950.6,75720
2025-05-08 03:30:05.671660,7573.0,8330.300000000001,6815.7,7951.650000000001,75730
2025-05-08 03:31:05.671660,7574.0,8331.400000000001,6816.6,7952.700000000001,75740
2025-05-08 03:32:05.671660,7575.0,8332.5,6817.5,7953.75,75750
2025-05-08 03:33:05.671660,7576.0,8333.6,6818.400000000001,7954.8,75760
2025-05-08 03:34:05.671660,7577.0,8334.7,6819.3,7955.85,75770
2025-05-08 03:35:05.671660,7578.0,8335.800000000001,6820.2,7956.900000000001,75780
2025-05-08 03:36:05.671660,7579.0,8336.900000000001,6821.1,7957.950000000001,75790
2025-05-08 03:37:05.671660,7580.0,8338.0,6822.0,7959.0,75800
2025-05-08 03:38:05.671660,7581.0,8339.1,6822.900000000001,7960.05,75810
2025-05-08 03:39:05.671660,7582.0,8340.2,6823.8,7961.1,75820
2025-05-08 03:40:05.671660,7583.0,8341.300000000001,6824.7,7962.150000000001,75830
2025-05-08 03:41:05.671660,7584.0,8342.400000000001,6825.6,7963.200000000001,75840
2025-05-08 03:42:05.671660,7585.0,8343.5,6826.5,7964.25,75850
2025-05-08 03:43:05.671660,7586.0,8344.6,6827.400000000001,7965.3,75860
2025-05-08 03:44:05.671660,7587.0,8345.7,6828.3,7966.35,75870
2025-05-08 03:45:05.671660,7588.0,8346.800000000001,6829.2,7967.400000000001,75880
2025-05-08 03:46:05.671660,7589.0,8347.900000000001,6830.1,7968.450000000001,75890
2025-05-08 03:47:05.671660,7590.0,8349.0,6831.0,7969.5,75900
2025-05-08 03:48:05.671660,7591.0,8350.1,6831.900000000001,7970.55,75910
2025-05-08 03:49:05.671660,7592.0,8351.2,6832.8,7971.6,75920
2025-05-08 03:50:05.671660,7593.0,8352.300000000001,6833.7,7972.650000000001,75930
2025-05-08 03:51:05.671660,7594.0,8353.400000000001,6834.6,7973.700000000001,75940
2025-05-08 03:52:05.671660,7595.0,8354.5,6835.5,7974.75,75950
2025-05-08 03:53:05.671660,7596.0,8355.6,6836.400000000001,7975.8,75960
2025-05-08 03:54:05.671660,7597.0,8356.7,6837.3,7976.85,75970
2025-05-08 03:55:05.671660,7598.0,8357.800000000001,6838.2,7977.900000000001,75980
2025-05-08 03:56:05.671660,7599.0,8358.900000000001,6839.1,7978.950000000001,75990
2025-05-08 03:57:05.671660,7600.0,8360.0,6840.0,7980.0,76000
2025-05-08 03:58:05.671660,7601.0,8361.1,6840.900000000001,7981.05,76010
2025-05-08 03:59:05.671660,7602.0,8362.2,6841.8,7982.1,76020
2025-05-08 04:00:05.671660,7603.0,8363.300000000001,6842.7,7983.150000000001,76030
2025-05-08 04:01:05.671660,7604.0,8364.400000000001,6843.6,7984.200000000001,76040
2025-05-08 04:02:05.671660,7605.0,8365.5,6844.5,7985.25,76050
2025-05-08 04:03:05.671660,7606.0,8366.6,6845.400000000001,7986.3,76060
2025-05-08 04:04:05.671660,7607.0,8367.7,6846.3,7987.35,76070
2025-05-08 04:05:05.671660,7608.0,8368.800000000001,6847.2,7988.400000000001,76080
2025-05-08 04:06:05.671660,7609.0,8369.900000000001,6848.1,7989.450000000001,76090
2025-05-08 04:07:05.671660,7610.0,8371.0,6849.0,7990.5,76100
2025-05-08 04:08:05.671660,7611.0,8372.1,6849.900000000001,7991.55,76110
2025-05-08 04:09:05.671660,7612.0,8373.2,6850.8,7992.6,76120
2025-05-08 04:10:05.671660,7613.0,8374.300000000001,6851.7,7993.650000000001,76130
2025-05-08 04:11:05.671660,7614.0,8375.400000000001,6852.6,7994.700000000001,76140
2025-05-08 04:12:05.671660,7615.0,8376.5,6853.5,7995.75,76150
2025-05-08 04:13:05.671660,7616.0,8377.6,6854.400000000001,7996.8,76160
2025-05-08 04:14:05.671660,7617.0,8378.7,6855.3,7997.85,76170
2025-05-08 04:15:05.671660,7618.0,8379.800000000001,6856.2,7998.900000000001,76180
2025-05-08 04:16:05.671660,7619.0,8380.900000000001,6857.1,7999.950000000001,76190
2025-05-08 04:17:05.671660,7620.0,8382.0,6858.0,8001.0,76200
2025-05-08 04:18:05.671660,7621.0,8383.1,6858.900000000001,8002.05,76210
2025-05-08 04:19:05.671660,7622.0,8384.2,6859.8,8003.1,76220
2025-05-08 04:20:05.671660,7623.0,8385.300000000001,6860.7,8004.150000000001,76230
2025-05-08 04:21:05.671660,7624.0,8386.400000000001,6861.6,8005.200000000001,76240
2025-05-08 04:22:05.671660,7625.0,8387.5,6862.5,8006.25,76250
2025-05-08 04:23:05.671660,7626.0,8388.6,6863.400000000001,8007.3,76260
2025-05-08 04:24:05.671660,7627.0,8389.7,6864.3,8008.35,76270
2025-05-08 04:25:05.671660,7628.0,8390.800000000001,6865.2,8009.400000000001,76280
2025-05-08 04:26:05.671660,7629.0,8391.900000000001,6866.1,8010.450000000001,76290
2025-05-08 04:27:05.671660,7630.0,8393.0,6867.0,8011.5,76300
2025-05-08 04:28:05.671660,7631.0,8394.1,6867.900000000001,8012.55,76310
2025-05-08 04:29:05.671660,7632.0,8395.2,6868.8,8013.6,76320
2025-05-08 04:30:05.671660,7633.0,8396.300000000001,6869.7,8014.650000000001,76330
2025-05-08 04:31:05.671660,7634.0,8397.400000000001,6870.6,8015.700000000001,76340
2025-05-08 04:32:05.671660,7635.0,8398.5,6871.5,8016.75,76350
2025-05-08 04:33:05.671660,7636.0,8399.6,6872.400000000001,8017.8,76360
2025-05-08 04:34:05.671660,7637.0,8400.7,6873.3,8018.85,76370
2025-05-08 04:35:05.671660,7638.0,8401.800000000001,6874.2,8019.900000000001,76380
2025-05-08 04:36:05.671660,7639.0,8402.900000000001,6875.1,8020.950000000001,76390
2025-05-08 04:37:05.671660,7640.0,8404.0,6876.0,8022.0,76400
2025-05-08 04:38:05.671660,7641.0,8405.1,6876.900000000001,8023.05,76410
2025-05-08 04:39:05.671660,7642.0,8406.2,6877.8,8024.1,76420
2025-05-08 04:40:05.671660,7643.0,8407.300000000001,6878.7,8025.150000000001,76430
2025-05-08 04:41:05.671660,7644.0,8408.400000000001,6879.6,8026.200000000001,76440
2025-05-08 04:42:05.671660,7645.0,8409.5,6880.5,8027.25,76450
2025-05-08 04:43:05.671660,7646.0,8410.6,6881.400000000001,8028.3,76460
2025-05-08 04:44:05.671660,7647.0,8411.7,6882.3,8029.35,76470
2025-05-08 04:45:05.671660,7648.0,8412.800000000001,6883.2,8030.400000000001,76480
2025-05-08 04:46:05.671660,7649.0,8413.900000000001,6884.1,8031.450000000001,76490
2025-05-08 04:47:05.671660,7650.0,8415.0,6885.0,8032.5,76500
2025-05-08 04:48:05.671660,7651.0,8416.1,6885.900000000001,8033.55,76510
2025-05-08 04:49:05.671660,7652.0,8417.2,6886.8,8034.6,76520
2025-05-08 04:50:05.671660,7653.0,8418.300000000001,6887.7,8035.650000000001,76530
2025-05-08 04:51:05.671660,7654.0,8419.400000000001,6888.6,8036.700000000001,76540
2025-05-08 04:52:05.671660,7655.0,8420.5,6889.5,8037.75,76550
2025-05-08 04:53:05.671660,7656.0,8421.6,6890.400000000001,8038.8,76560
2025-05-08 04:54:05.671660,7657.0,8422.7,6891.3,8039.85,76570
2025-05-08 04:55:05.671660,7658.0,8423.800000000001,6892.2,8040.900000000001,76580
2025-05-08 04:56:05.671660,7659.0,8424.900000000001,6893.1,8041.950000000001,76590
2025-05-08 04:57:05.671660,7660.0,8426.0,6894.0,8043.0,76600
2025-05-08 04:58:05.671660,7661.0,8427.1,6894.900000000001,8044.05,76610
2025-05-08 04:59:05.671660,7662.0,8428.2,6895.8,8045.1,76620
2025-05-08 05:00:05.671660,7663.0,8429.300000000001,6896.7,8046.150000000001,76630
2025-05-08 05:01:05.671660,7664.0,8430.400000000001,6897.6,8047.200000000001,76640
2025-05-08 05:02:05.671660,7665.0,8431.5,6898.5,8048.25,76650
2025-05-08 05:03:05.671660,7666.0,8432.6,6899.400000000001,8049.3,76660
2025-05-08 05:04:05.671660,7667.0,8433.7,6900.3,8050.35,76670
2025-05-08 05:05:05.671660,7668.0,8434.800000000001,6901.2,8051.400000000001,76680
2025-05-08 05:06:05.671660,7669.0,8435.900000000001,6902.1,8052.450000000001,76690
2025-05-08 05:07:05.671660,7670.0,8437.0,6903.0,8053.5,76700
2025-05-08 05:08:05.671660,7671.0,8438.1,6903.900000000001,8054.55,76710
2025-05-08 05:09:05.671660,7672.0,8439.2,6904.8,8055.6,76720
2025-05-08 05:10:05.671660,7673.0,8440.300000000001,6905.7,8056.650000000001,76730
2025-05-08 05:11:05.671660,7674.0,8441.400000000001,6906.6,8057.700000000001,76740
2025-05-08 05:12:05.671660,7675.0,8442.5,6907.5,8058.75,76750
2025-05-08 05:13:05.671660,7676.0,8443.6,6908.400000000001,8059.8,76760
2025-05-08 05:14:05.671660,7677.0,8444.7,6909.3,8060.85,76770
2025-05-08 05:15:05.671660,7678.0,8445.800000000001,6910.2,8061.900000000001,76780
2025-05-08 05:16:05.671660,7679.0,8446.900000000001,6911.1,8062.950000000001,76790
2025-05-08 05:17:05.671660,7680.0,8448.0,6912.0,8064.0,76800
2025-05-08 05:18:05.671660,7681.0,8449.1,6912.900000000001,8065.05,76810
2025-05-08 05:19:05.671660,7682.0,8450.2,6913.8,8066.1,76820
2025-05-08 05:20:05.671660,7683.0,8451.300000000001,6914.7,8067.150000000001,76830
2025-05-08 05:21:05.671660,7684.0,8452.400000000001,6915.6,8068.200000000001,76840
2025-05-08 05:22:05.671660,7685.0,8453.5,6916.5,8069.25,76850
2025-05-08 05:23:05.671660,7686.0,8454.6,6917.400000000001,8070.3,76860
2025-05-08 05:24:05.671660,7687.0,8455.7,6918.3,8071.35,76870
2025-05-08 05:25:05.671660,7688.0,8456.800000000001,6919.2,8072.400000000001,76880
2025-05-08 05:26:05.671660,7689.0,8457.900000000001,6920.1,8073.450000000001,76890
2025-05-08 05:27:05.671660,7690.0,8459.0,6921.0,8074.5,76900
2025-05-08 05:28:05.671660,7691.0,8460.1,6921.900000000001,8075.55,76910
2025-05-08 05:29:05.671660,7692.0,8461.2,6922.8,8076.6,76920
2025-05-08 05:30:05.671660,7693.0,8462.300000000001,6923.7,8077.650000000001,76930
2025-05-08 05:31:05.671660,7694.0,8463.400000000001,6924.6,8078.700000000001,76940
2025-05-08 05:32:05.671660,7695.0,8464.5,6925.5,8079.75,76950
2025-05-08 05:33:05.671660,7696.0,8465.6,6926.400000000001,8080.8,76960
2025-05-08 05:34:05.671660,7697.0,8466.7,6927.3,8081.85,76970
2025-05-08 05:35:05.671660,7698.0,8467.800000000001,6928.2,8082.900000000001,76980
2025-05-08 05:36:05.671660,7699.0,8468.900000000001,6929.1,8083.950000000001,76990
2025-05-08 05:37:05.671660,7700.0,8470.0,6930.0,8085.0,77000
2025-05-08 05:38:05.671660,7701.0,8471.1,6930.900000000001,8086.05,77010
2025-05-08 05:39:05.671660,7702.0,8472.2,6931.8,8087.1,77020
2025-05-08 05:40:05.671660,7703.0,8473.300000000001,6932.7,8088.150000000001,77030
2025-05-08 05:41:05.671660,7704.0,8474.400000000001,6933.6,8089.200000000001,77040
2025-05-08 05:42:05.671660,7705.0,8475.5,6934.5,8090.25,77050
2025-05-08 05:43:05.671660,7706.0,8476.6,6935.400000000001,8091.3,77060
2025-05-08 05:44:05.671660,7707.0,8477.7,6936.3,8092.35,77070
2025-05-08 05:45:05.671660,7708.0,8478.800000000001,6937.2,8093.400000000001,77080
2025-05-08 05:46:05.671660,7709.0,8479.900000000001,6938.1,8094.450000000001,77090
2025-05-08 05:47:05.671660,7710.0,8481.0,6939.0,8095.5,77100
2025-05-08 05:48:05.671660,7711.0,8482.1,6939.900000000001,8096.55,77110
2025-05-08 05:49:05.671660,7712.0,8483.2,6940.8,8097.6,77120
2025-05-08 05:50:05.671660,7713.0,8484.300000000001,6941.7,8098.650000000001,77130
2025-05-08 05:51:05.671660,7714.0,8485.400000000001,6942.6,8099.700000000001,77140
2025-05-08 05:52:05.671660,7715.0,8486.5,6943.5,8100.75,77150
2025-05-08 05:53:05.671660,7716.0,8487.6,6944.400000000001,8101.8,77160
2025-05-08 05:54:05.671660,7717.0,8488.7,6945.3,8102.85,77170
2025-05-08 05:55:05.671660,7718.0,8489.800000000001,6946.2,8103.900000000001,77180
2025-05-08 05:56:05.671660,7719.0,8490.900000000001,6947.1,8104.950000000001,77190
2025-05-08 05:57:05.671660,7720.0,8492.0,6948.0,8106.0,77200
2025-05-08 05:58:05.671660,7721.0,8493.1,6948.900000000001,8107.05,77210
2025-05-08 05:59:05.671660,7722.0,8494.2,6949.8,8108.1,77220
2025-05-08 06:00:05.671660,7723.0,8495.300000000001,6950.7,8109.150000000001,77230
2025-05-08 06:01:05.671660,7724.0,8496.400000000001,6951.6,8110.200000000001,77240
2025-05-08 06:02:05.671660,7725.0,8497.5,6952.5,8111.25,77250
2025-05-08 06:03:05.671660,7726.0,8498.6,6953.400000000001,8112.3,77260
2025-05-08 06:04:05.671660,7727.0,8499.7,6954.3,8113.35,77270
2025-05-08 06:05:05.671660,7728.0,8500.800000000001,6955.2,8114.400000000001,77280
2025-05-08 06:06:05.671660,7729.0,8501.900000000001,6956.1,8115.450000000001,77290
2025-05-08 06:07:05.671660,7730.0,8503.0,6957.0,8116.5,77300
2025-05-08 06:08:05.671660,7731.0,8504.1,6957.900000000001,8117.55,77310
2025-05-08 06:09:05.671660,7732.0,8505.2,6958.8,8118.6,77320
2025-05-08 06:10:05.671660,7733.0,8506.300000000001,6959.7,8119.650000000001,77330
2025-05-08 06:11:05.671660,7734.0,8507.400000000001,6960.6,8120.700000000001,77340
2025-05-08 06:12:05.671660,7735.0,8508.5,6961.5,8121.75,77350
2025-05-08 06:13:05.671660,7736.0,8509.6,6962.400000000001,8122.8,77360
2025-05-08 06:14:05.671660,7737.0,8510.7,6963.3,8123.85,77370
2025-05-08 06:15:05.671660,7738.0,8511.800000000001,6964.2,8124.900000000001,77380
2025-05-08 06:16:05.671660,7739.0,8512.900000000001,6965.1,8125.950000000001,77390
2025-05-08 06:17:05.671660,7740.0,8514.0,6966.0,8127.0,77400
2025-05-08 06:18:05.671660,7741.0,8515.1,6966.900000000001,8128.05,77410
2025-05-08 06:19:05.671660,7742.0,8516.2,6967.8,8129.1,77420
2025-05-08 06:20:05.671660,7743.0,8517.300000000001,6968.7,8130.150000000001,77430
2025-05-08 06:21:05.671660,7744.0,8518.400000000001,6969.6,8131.200000000001,77440
2025-05-08 06:22:05.671660,7745.0,8519.5,6970.5,8132.25,77450
2025-05-08 06:23:05.671660,7746.0,8520.6,6971.400000000001,8133.3,77460
2025-05-08 06:24:05.671660,7747.0,8521.7,6972.3,8134.35,77470
2025-05-08 06:25:05.671660,7748.0,8522.800000000001,6973.2,8135.400000000001,77480
2025-05-08 06:26:05.671660,7749.0,8523.900000000001,6974.1,8136.450000000001,77490
2025-05-08 06:27:05.671660,7750.0,8525.0,6975.0,8137.5,77500
2025-05-08 06:28:05.671660,7751.0,8526.1,6975.900000000001,8138.55,77510
2025-05-08 06:29:05.671660,7752.0,8527.2,6976.8,8139.6,77520
2025-05-08 06:30:05.671660,7753.0,8528.300000000001,6977.7,8140.650000000001,77530
2025-05-08 06:31:05.671660,7754.0,8529.400000000001,6978.6,8141.700000000001,77540
2025-05-08 06:32:05.671660,7755.0,8530.5,6979.5,8142.75,77550
2025-05-08 06:33:05.671660,7756.0,8531.6,6980.400000000001,8143.8,77560
2025-05-08 06:34:05.671660,7757.0,8532.7,6981.3,8144.85,77570
2025-05-08 06:35:05.671660,7758.0,8533.800000000001,6982.2,8145.900000000001,77580
2025-05-08 06:36:05.671660,7759.0,8534.900000000001,6983.1,8146.950000000001,77590
2025-05-08 06:37:05.671660,7760.0,8536.0,6984.0,8148.0,77600
2025-05-08 06:38:05.671660,7761.0,8537.1,6984.900000000001,8149.05,77610
2025-05-08 06:39:05.671660,7762.0,8538.2,6985.8,8150.1,77620
2025-05-08 06:40:05.671660,7763.0,8539.300000000001,6986.7,8151.150000000001,77630
2025-05-08 06:41:05.671660,7764.0,8540.400000000001,6987.6,8152.200000000001,77640
2025-05-08 06:42:05.671660,7765.0,8541.5,6988.5,8153.25,77650
2025-05-08 06:43:05.671660,7766.0,8542.6,6989.400000000001,8154.3,77660
2025-05-08 06:44:05.671660,7767.0,8543.7,6990.3,8155.35,77670
2025-05-08 06:45:05.671660,7768.0,8544.800000000001,6991.2,8156.400000000001,77680
2025-05-08 06:46:05.671660,7769.0,8545.900000000001,6992.1,8157.450000000001,77690
2025-05-08 06:47:05.671660,7770.0,8547.0,6993.0,8158.5,77700
2025-05-08 06:48:05.671660,7771.0,8548.1,6993.900000000001,8159.55,77710
2025-05-08 06:49:05.671660,7772.0,8549.2,6994.8,8160.6,77720
2025-05-08 06:50:05.671660,7773.0,8550.300000000001,6995.7,8161.650000000001,77730
2025-05-08 06:51:05.671660,7774.0,8551.400000000001,6996.6,8162.700000000001,77740
2025-05-08 06:52:05.671660,7775.0,8552.5,6997.5,8163.75,77750
2025-05-08 06:53:05.671660,7776.0,8553.6,6998.400000000001,8164.8,77760
2025-05-08 06:54:05.671660,7777.0,8554.7,6999.3,8165.85,77770
2025-05-08 06:55:05.671660,7778.0,8555.800000000001,7000.2,8166.900000000001,77780
2025-05-08 06:56:05.671660,7779.0,8556.900000000001,7001.1,8167.950000000001,77790
2025-05-08 06:57:05.671660,7780.0,8558.0,7002.0,8169.0,77800
2025-05-08 06:58:05.671660,7781.0,8559.1,7002.900000000001,8170.05,77810
2025-05-08 06:59:05.671660,7782.0,8560.2,7003.8,8171.1,77820
2025-05-08 07:00:05.671660,7783.0,8561.300000000001,7004.7,8172.150000000001,77830
2025-05-08 07:01:05.671660,7784.0,8562.400000000001,7005.6,8173.200000000001,77840
2025-05-08 07:02:05.671660,7785.0,8563.5,7006.5,8174.25,77850
2025-05-08 07:03:05.671660,7786.0,8564.6,7007.400000000001,8175.3,77860
2025-05-08 07:04:05.671660,7787.0,8565.7,7008.3,8176.35,77870
2025-05-08 07:05:05.671660,7788.0,8566.800000000001,7009.2,8177.400000000001,77880
2025-05-08 07:06:05.671660,7789.0,8567.900000000001,7010.1,8178.450000000001,77890
2025-05-08 07:07:05.671660,7790.0,8569.0,7011.0,8179.5,77900
2025-05-08 07:08:05.671660,7791.0,8570.1,7011.900000000001,8180.55,77910
2025-05-08 07:09:05.671660,7792.0,8571.2,7012.8,8181.6,77920
2025-05-08 07:10:05.671660,7793.0,8572.300000000001,7013.7,8182.650000000001,77930
2025-05-08 07:11:05.671660,7794.0,8573.400000000001,7014.6,8183.700000000001,77940
2025-05-08 07:12:05.671660,7795.0,8574.5,7015.5,8184.75,77950
2025-05-08 07:13:05.671660,7796.0,8575.6,7016.400000000001,8185.8,77960
2025-05-08 07:14:05.671660,7797.0,8576.7,7017.3,8186.85,77970
2025-05-08 07:15:05.671660,7798.0,8577.800000000001,7018.2,8187.900000000001,77980
2025-05-08 07:16:05.671660,7799.0,8578.900000000001,7019.1,8188.950000000001,77990
2025-05-08 07:17:05.671660,7800.0,8580.0,7020.0,8190.0,78000
2025-05-08 07:18:05.671660,7801.0,8581.1,7020.900000000001,8191.05,78010
2025-05-08 07:19:05.671660,7802.0,8582.2,7021.8,8192.1,78020
2025-05-08 07:20:05.671660,7803.0,8583.300000000001,7022.7,8193.15,78030
2025-05-08 07:21:05.671660,7804.0,8584.400000000001,7023.6,8194.2,78040
2025-05-08 07:22:05.671660,7805.0,8585.5,7024.5,8195.25,78050
2025-05-08 07:23:05.671660,7806.0,8586.6,7025.400000000001,8196.300000000001,78060
2025-05-08 07:24:05.671660,7807.0,8587.7,7026.3,8197.35,78070
2025-05-08 07:25:05.671660,7808.0,8588.800000000001,7027.2,8198.4,78080
2025-05-08 07:26:05.671660,7809.0,8589.900000000001,7028.1,8199.45,78090
2025-05-08 07:27:05.671660,7810.0,8591.0,7029.0,8200.5,78100
2025-05-08 07:28:05.671660,7811.0,8592.1,7029.900000000001,8201.550000000001,78110
2025-05-08 07:29:05.671660,7812.0,8593.2,7030.8,8202.6,78120
2025-05-08 07:30:05.671660,7813.0,8594.300000000001,7031.7,8203.65,78130
2025-05-08 07:31:05.671660,7814.0,8595.400000000001,7032.6,8204.7,78140
2025-05-08 07:32:05.671660,7815.0,8596.5,7033.5,8205.75,78150
2025-05-08 07:33:05.671660,7816.0,8597.6,7034.400000000001,8206.800000000001,78160
2025-05-08 07:34:05.671660,7817.0,8598.7,7035.3,8207.85,78170
2025-05-08 07:35:05.671660,7818.0,8599.800000000001,7036.2,8208.9,78180
2025-05-08 07:36:05.671660,7819.0,8600.900000000001,7037.1,8209.95,78190
2025-05-08 07:37:05.671660,7820.0,8602.0,7038.0,8211.0,78200
2025-05-08 07:38:05.671660,7821.0,8603.1,7038.900000000001,8212.050000000001,78210
2025-05-08 07:39:05.671660,7822.0,8604.2,7039.8,8213.1,78220
2025-05-08 07:40:05.671660,7823.0,8605.300000000001,7040.7,8214.15,78230
2025-05-08 07:41:05.671660,7824.0,8606.400000000001,7041.6,8215.2,78240
2025-05-08 07:42:05.671660,7825.0,8607.5,7042.5,8216.25,78250
2025-05-08 07:43:05.671660,7826.0,8608.6,7043.400000000001,8217.300000000001,78260
2025-05-08 07:44:05.671660,7827.0,8609.7,7044.3,8218.35,78270
2025-05-08 07:45:05.671660,7828.0,8610.800000000001,7045.2,8219.4,78280
2025-05-08 07:46:05.671660,7829.0,8611.900000000001,7046.1,8220.45,78290
2025-05-08 07:47:05.671660,7830.0,8613.0,7047.0,8221.5,78300
2025-05-08 07:48:05.671660,7831.0,8614.1,7047.900000000001,8222.550000000001,78310
2025-05-08 07:49:05.671660,7832.0,8615.2,7048.8,8223.6,78320
2025-05-08 07:50:05.671660,7833.0,8616.300000000001,7049.7,8224.65,78330
2025-05-08 07:51:05.671660,7834.0,8617.400000000001,7050.6,8225.7,78340
2025-05-08 07:52:05.671660,7835.0,8618.5,7051.5,8226.75,78350
2025-05-08 07:53:05.671660,7836.0,8619.6,7052.400000000001,8227.800000000001,78360
2025-05-08 07:54:05.671660,7837.0,8620.7,7053.3,8228.85,78370
2025-05-08 07:55:05.671660,7838.0,8621.800000000001,7054.2,8229.9,78380
2025-05-08 07:56:05.671660,7839.0,8622.900000000001,7055.1,8230.95,78390
2025-05-08 07:57:05.671660,7840.0,8624.0,7056.0,8232.0,78400
2025-05-08 07:58:05.671660,7841.0,8625.1,7056.900000000001,8233.050000000001,78410
2025-05-08 07:59:05.671660,7842.0,8626.2,7057.8,8234.1,78420
2025-05-08 08:00:05.671660,7843.0,8627.300000000001,7058.7,8235.15,78430
2025-05-08 08:01:05.671660,7844.0,8628.400000000001,7059.6,8236.2,78440
2025-05-08 08:02:05.671660,7845.0,8629.5,7060.5,8237.25,78450
2025-05-08 08:03:05.671660,7846.0,8630.6,7061.400000000001,8238.300000000001,78460
2025-05-08 08:04:05.671660,7847.0,8631.7,7062.3,8239.35,78470
2025-05-08 08:05:05.671660,7848.0,8632.800000000001,7063.2,8240.4,78480
2025-05-08 08:06:05.671660,7849.0,8633.900000000001,7064.1,8241.45,78490
2025-05-08 08:07:05.671660,7850.0,8635.0,7065.0,8242.5,78500
2025-05-08 08:08:05.671660,7851.0,8636.1,7065.900000000001,8243.550000000001,78510
2025-05-08 08:09:05.671660,7852.0,8637.2,7066.8,8244.6,78520
2025-05-08 08:10:05.671660,7853.0,8638.300000000001,7067.7,8245.65,78530
2025-05-08 08:11:05.671660,7854.0,8639.400000000001,7068.6,8246.7,78540
2025-05-08 08:12:05.671660,7855.0,8640.5,7069.5,8247.75,78550
2025-05-08 08:13:05.671660,7856.0,8641.6,7070.400000000001,8248.800000000001,78560
2025-05-08 08:14:05.671660,7857.0,8642.7,7071.3,8249.85,78570
2025-05-08 08:15:05.671660,7858.0,8643.800000000001,7072.2,8250.9,78580
2025-05-08 08:16:05.671660,7859.0,8644.900000000001,7073.1,8251.95,78590
2025-05-08 08:17:05.671660,7860.0,8646.0,7074.0,8253.0,78600
2025-05-08 08:18:05.671660,7861.0,8647.1,7074.900000000001,8254.050000000001,78610
2025-05-08 08:19:05.671660,7862.0,8648.2,7075.8,8255.1,78620
2025-05-08 08:20:05.671660,7863.0,8649.300000000001,7076.7,8256.15,78630
2025-05-08 08:21:05.671660,7864.0,8650.400000000001,7077.6,8257.2,78640
2025-05-08 08:22:05.671660,7865.0,8651.5,7078.5,8258.25,78650
2025-05-08 08:23:05.671660,7866.0,8652.6,7079.400000000001,8259.300000000001,78660
2025-05-08 08:24:05.671660,7867.0,8653.7,7080.3,8260.35,78670
2025-05-08 08:25:05.671660,7868.0,8654.800000000001,7081.2,8261.4,78680
2025-05-08 08:26:05.671660,7869.0,8655.900000000001,7082.1,8262.45,78690
2025-05-08 08:27:05.671660,7870.0,8657.0,7083.0,8263.5,78700
2025-05-08 08:28:05.671660,7871.0,8658.1,7083.900000000001,8264.550000000001,78710
2025-05-08 08:29:05.671660,7872.0,8659.2,7084.8,8265.6,78720
2025-05-08 08:30:05.671660,7873.0,8660.300000000001,7085.7,8266.65,78730
2025-05-08 08:31:05.671660,7874.0,8661.400000000001,7086.6,8267.7,78740
2025-05-08 08:32:05.671660,7875.0,8662.5,7087.5,8268.75,78750
2025-05-08 08:33:05.671660,7876.0,8663.6,7088.400000000001,8269.800000000001,78760
2025-05-08 08:34:05.671660,7877.0,8664.7,7089.3,8270.85,78770
2025-05-08 08:35:05.671660,7878.0,8665.800000000001,7090.2,8271.9,78780
2025-05-08 08:36:05.671660,7879.0,8666.900000000001,7091.1,8272.95,78790
2025-05-08 08:37:05.671660,7880.0,8668.0,7092.0,8274.0,78800
2025-05-08 08:38:05.671660,7881.0,8669.1,7092.900000000001,8275.050000000001,78810
2025-05-08 08:39:05.671660,7882.0,8670.2,7093.8,8276.1,78820
2025-05-08 08:40:05.671660,7883.0,8671.300000000001,7094.7,8277.15,78830
2025-05-08 08:41:05.671660,7884.0,8672.400000000001,7095.6,8278.2,78840
2025-05-08 08:42:05.671660,7885.0,8673.5,7096.5,8279.25,78850
2025-05-08 08:43:05.671660,7886.0,8674.6,7097.400000000001,8280.300000000001,78860
2025-05-08 08:44:05.671660,7887.0,8675.7,7098.3,8281.35,78870
2025-05-08 08:45:05.671660,7888.0,8676.800000000001,7099.2,8282.4,78880
2025-05-08 08:46:05.671660,7889.0,8677.900000000001,7100.1,8283.45,78890
2025-05-08 08:47:05.671660,7890.0,8679.0,7101.0,8284.5,78900
2025-05-08 08:48:05.671660,7891.0,8680.1,7101.900000000001,8285.550000000001,78910
2025-05-08 08:49:05.671660,7892.0,8681.2,7102.8,8286.6,78920
2025-05-08 08:50:05.671660,7893.0,8682.300000000001,7103.7,8287.65,78930
2025-05-08 08:51:05.671660,7894.0,8683.400000000001,7104.6,8288.7,78940
2025-05-08 08:52:05.671660,7895.0,8684.5,7105.5,8289.75,78950
2025-05-08 08:53:05.671660,7896.0,8685.6,7106.400000000001,8290.800000000001,78960
2025-05-08 08:54:05.671660,7897.0,8686.7,7107.3,8291.85,78970
2025-05-08 08:55:05.671660,7898.0,8687.800000000001,7108.2,8292.9,78980
2025-05-08 08:56:05.671660,7899.0,8688.900000000001,7109.1,8293.95,78990
2025-05-08 08:57:05.671660,7900.0,8690.0,7110.0,8295.0,79000
2025-05-08 08:58:05.671660,7901.0,8691.1,7110.900000000001,8296.050000000001,79010
2025-05-08 08:59:05.671660,7902.0,8692.2,7111.8,8297.1,79020
2025-05-08 09:00:05.671660,7903.0,8693.300000000001,7112.7,8298.15,79030
2025-05-08 09:01:05.671660,7904.0,8694.400000000001,7113.6,8299.2,79040
2025-05-08 09:02:05.671660,7905.0,8695.5,7114.5,8300.25,79050
2025-05-08 09:03:05.671660,7906.0,8696.6,7115.400000000001,8301.300000000001,79060
2025-05-08 09:04:05.671660,7907.0,8697.7,7116.3,8302.35,79070
2025-05-08 09:05:05.671660,7908.0,8698.800000000001,7117.2,8303.4,79080
2025-05-08 09:06:05.671660,7909.0,8699.900000000001,7118.1,8304.45,79090
2025-05-08 09:07:05.671660,7910.0,8701.0,7119.0,8305.5,79100
2025-05-08 09:08:05.671660,7911.0,8702.1,7119.900000000001,8306.550000000001,79110
2025-05-08 09:09:05.671660,7912.0,8703.2,7120.8,8307.6,79120
2025-05-08 09:10:05.671660,7913.0,8704.300000000001,7121.7,8308.65,79130
2025-05-08 09:11:05.671660,7914.0,8705.400000000001,7122.6,8309.7,79140
2025-05-08 09:12:05.671660,7915.0,8706.5,7123.5,8310.75,79150
2025-05-08 09:13:05.671660,7916.0,8707.6,7124.400000000001,8311.800000000001,79160
2025-05-08 09:14:05.671660,7917.0,8708.7,7125.3,8312.85,79170
2025-05-08 09:15:05.671660,7918.0,8709.800000000001,7126.2,8313.9,79180
2025-05-08 09:16:05.671660,7919.0,8710.900000000001,7127.1,8314.95,79190
2025-05-08 09:17:05.671660,7920.0,8712.0,7128.0,8316.0,79200
2025-05-08 09:18:05.671660,7921.0,8713.1,7128.900000000001,8317.050000000001,79210
2025-05-08 09:19:05.671660,7922.0,8714.2,7129.8,8318.1,79220
2025-05-08 09:20:05.671660,7923.0,8715.300000000001,7130.7,8319.15,79230
2025-05-08 09:21:05.671660,7924.0,8716.400000000001,7131.6,8320.2,79240
2025-05-08 09:22:05.671660,7925.0,8717.5,7132.5,8321.25,79250
2025-05-08 09:23:05.671660,7926.0,8718.6,7133.400000000001,8322.300000000001,79260
2025-05-08 09:24:05.671660,7927.0,8719.7,7134.3,8323.35,79270
2025-05-08 09:25:05.671660,7928.0,8720.800000000001,7135.2,8324.4,79280
2025-05-08 09:26:05.671660,7929.0,8721.900000000001,7136.1,8325.45,79290
2025-05-08 09:27:05.671660,7930.0,8723.0,7137.0,8326.5,79300
2025-05-08 09:28:05.671660,7931.0,8724.1,7137.900000000001,8327.550000000001,79310
2025-05-08 09:29:05.671660,7932.0,8725.2,7138.8,8328.6,79320
2025-05-08 09:30:05.671660,7933.0,8726.300000000001,7139.7,8329.65,79330
2025-05-08 09:31:05.671660,7934.0,8727.400000000001,7140.6,8330.7,79340
2025-05-08 09:32:05.671660,7935.0,8728.5,7141.5,8331.75,79350
2025-05-08 09:33:05.671660,7936.0,8729.6,7142.400000000001,8332.800000000001,79360
2025-05-08 09:34:05.671660,7937.0,8730.7,7143.3,8333.85,79370
2025-05-08 09:35:05.671660,7938.0,8731.800000000001,7144.2,8334.9,79380
2025-05-08 09:36:05.671660,7939.0,8732.900000000001,7145.1,8335.95,79390
2025-05-08 09:37:05.671660,7940.0,8734.0,7146.0,8337.0,79400
2025-05-08 09:38:05.671660,7941.0,8735.1,7146.900000000001,8338.050000000001,79410
2025-05-08 09:39:05.671660,7942.0,8736.2,7147.8,8339.1,79420
2025-05-08 09:40:05.671660,7943.0,8737.300000000001,7148.7,8340.15,79430
2025-05-08 09:41:05.671660,7944.0,8738.400000000001,7149.6,8341.2,79440
2025-05-08 09:42:05.671660,7945.0,8739.5,7150.5,8342.25,79450
2025-05-08 09:43:05.671660,7946.0,8740.6,7151.400000000001,8343.300000000001,79460
2025-05-08 09:44:05.671660,7947.0,8741.7,7152.3,8344.35,79470
2025-05-08 09:45:05.671660,7948.0,8742.800000000001,7153.2,8345.4,79480
2025-05-08 09:46:05.671660,7949.0,8743.900000000001,7154.1,8346.45,79490
2025-05-08 09:47:05.671660,7950.0,8745.0,7155.0,8347.5,79500
2025-05-08 09:48:05.671660,7951.0,8746.1,7155.900000000001,8348.550000000001,79510
2025-05-08 09:49:05.671660,7952.0,8747.2,7156.8,8349.6,79520
2025-05-08 09:50:05.671660,7953.0,8748.300000000001,7157.7,8350.65,79530
2025-05-08 09:51:05.671660,7954.0,8749.400000000001,7158.6,8351.7,79540
2025-05-08 09:52:05.671660,7955.0,8750.5,7159.5,8352.75,79550
2025-05-08 09:53:05.671660,7956.0,8751.6,7160.400000000001,8353.800000000001,79560
2025-05-08 09:54:05.671660,7957.0,8752.7,7161.3,8354.85,79570
2025-05-08 09:55:05.671660,7958.0,8753.800000000001,7162.2,8355.9,79580
2025-05-08 09:56:05.671660,7959.0,8754.900000000001,7163.1,8356.95,79590
2025-05-08 09:57:05.671660,7960.0,8756.0,7164.0,8358.0,79600
2025-05-08 09:58:05.671660,7961.0,8757.1,7164.900000000001,8359.050000000001,79610
2025-05-08 09:59:05.671660,7962.0,8758.2,7165.8,8360.1,79620
2025-05-08 10:00:05.671660,7963.0,8759.300000000001,7166.7,8361.15,79630
2025-05-08 10:01:05.671660,7964.0,8760.400000000001,7167.6,8362.2,79640
2025-05-08 10:02:05.671660,7965.0,8761.5,7168.5,8363.25,79650
2025-05-08 10:03:05.671660,7966.0,8762.6,7169.400000000001,8364.300000000001,79660
2025-05-08 10:04:05.671660,7967.0,8763.7,7170.3,8365.35,79670
2025-05-08 10:05:05.671660,7968.0,8764.800000000001,7171.2,8366.4,79680
2025-05-08 10:06:05.671660,7969.0,8765.900000000001,7172.1,8367.45,79690
2025-05-08 10:07:05.671660,7970.0,8767.0,7173.0,8368.5,79700
2025-05-08 10:08:05.671660,7971.0,8768.1,7173.900000000001,8369.550000000001,79710
2025-05-08 10:09:05.671660,7972.0,8769.2,7174.8,8370.6,79720
2025-05-08 10:10:05.671660,7973.0,8770.300000000001,7175.7,8371.65,79730
2025-05-08 10:11:05.671660,7974.0,8771.400000000001,7176.6,8372.7,79740
2025-05-08 10:12:05.671660,7975.0,8772.5,7177.5,8373.75,79750
2025-05-08 10:13:05.671660,7976.0,8773.6,7178.400000000001,8374.800000000001,79760
2025-05-08 10:14:05.671660,7977.0,8774.7,7179.3,8375.85,79770
2025-05-08 10:15:05.671660,7978.0,8775.800000000001,7180.2,8376.9,79780
2025-05-08 10:16:05.671660,7979.0,8776.900000000001,7181.1,8377.95,79790
2025-05-08 10:17:05.671660,7980.0,8778.0,7182.0,8379.0,79800
2025-05-08 10:18:05.671660,7981.0,8779.1,7182.900000000001,8380.050000000001,79810
2025-05-08 10:19:05.671660,7982.0,8780.2,7183.8,8381.1,79820
2025-05-08 10:20:05.671660,7983.0,8781.300000000001,7184.7,8382.15,79830
2025-05-08 10:21:05.671660,7984.0,8782.400000000001,7185.6,8383.2,79840
2025-05-08 10:22:05.671660,7985.0,8783.5,7186.5,8384.25,79850
2025-05-08 10:23:05.671660,7986.0,8784.6,7187.400000000001,8385.300000000001,79860
2025-05-08 10:24:05.671660,7987.0,8785.7,7188.3,8386.35,79870
2025-05-08 10:25:05.671660,7988.0,8786.800000000001,7189.2,8387.4,79880
2025-05-08 10:26:05.671660,7989.0,8787.900000000001,7190.1,8388.45,79890
2025-05-08 10:27:05.671660,7990.0,8789.0,7191.0,8389.5,79900
2025-05-08 10:28:05.671660,7991.0,8790.1,7191.900000000001,8390.550000000001,79910
2025-05-08 10:29:05.671660,7992.0,8791.2,7192.8,8391.6,79920
2025-05-08 10:30:05.671660,7993.0,8792.300000000001,7193.7,8392.65,79930
2025-05-08 10:31:05.671660,7994.0,8793.400000000001,7194.6,8393.7,79940
2025-05-08 10:32:05.671660,7995.0,8794.5,7195.5,8394.75,79950
2025-05-08 10:33:05.671660,7996.0,8795.6,7196.400000000001,8395.800000000001,79960
2025-05-08 10:34:05.671660,7997.0,8796.7,7197.3,8396.85,79970
2025-05-08 10:35:05.671660,7998.0,8797.800000000001,7198.2,8397.9,79980
2025-05-08 10:36:05.671660,7999.0,8798.900000000001,7199.1,8398.95,79990
2025-05-08 10:37:05.671660,8000.0,8800.0,7200.0,8400.0,80000
2025-05-08 10:38:05.671660,8001.0,8801.1,7200.900000000001,8401.050000000001,80010
2025-05-08 10:39:05.671660,8002.0,8802.2,7201.8,8402.1,80020
2025-05-08 10:40:05.671660,8003.0,8803.300000000001,7202.7,8403.15,80030
2025-05-08 10:41:05.671660,8004.0,8804.400000000001,7203.6,8404.2,80040
2025-05-08 10:42:05.671660,8005.0,8805.5,7204.5,8405.25,80050
2025-05-08 10:43:05.671660,8006.0,8806.6,7205.400000000001,8406.300000000001,80060
2025-05-08 10:44:05.671660,8007.0,8807.7,7206.3,8407.35,80070
2025-05-08 10:45:05.671660,8008.0,8808.800000000001,7207.2,8408.4,80080
2025-05-08 10:46:05.671660,8009.0,8809.900000000001,7208.1,8409.45,80090
2025-05-08 10:47:05.671660,8010.0,8811.0,7209.0,8410.5,80100
2025-05-08 10:48:05.671660,8011.0,8812.1,7209.900000000001,8411.550000000001,80110
2025-05-08 10:49:05.671660,8012.0,8813.2,7210.8,8412.6,80120
2025-05-08 10:50:05.671660,8013.0,8814.300000000001,7211.7,8413.65,80130
2025-05-08 10:51:05.671660,8014.0,8815.400000000001,7212.6,8414.7,80140
2025-05-08 10:52:05.671660,8015.0,8816.5,7213.5,8415.75,80150
2025-05-08 10:53:05.671660,8016.0,8817.6,7214.400000000001,8416.800000000001,80160
2025-05-08 10:54:05.671660,8017.0,8818.7,7215.3,8417.85,80170
2025-05-08 10:55:05.671660,8018.0,8819.800000000001,7216.2,8418.9,80180
2025-05-08 10:56:05.671660,8019.0,8820.900000000001,7217.1,8419.95,80190
2025-05-08 10:57:05.671660,8020.0,8822.0,7218.0,8421.0,80200
2025-05-08 10:58:05.671660,8021.0,8823.1,7218.900000000001,8422.050000000001,80210
2025-05-08 10:59:05.671660,8022.0,8824.2,7219.8,8423.1,80220
2025-05-08 11:00:05.671660,8023.0,8825.300000000001,7220.7,8424.15,80230
2025-05-08 11:01:05.671660,8024.0,8826.400000000001,7221.6,8425.2,80240
2025-05-08 11:02:05.671660,8025.0,8827.5,7222.5,8426.25,80250
2025-05-08 11:03:05.671660,8026.0,8828.6,7223.400000000001,8427.300000000001,80260
2025-05-08 11:04:05.671660,8027.0,8829.7,7224.3,8428.35,80270
2025-05-08 11:05:05.671660,8028.0,8830.800000000001,7225.2,8429.4,80280
2025-05-08 11:06:05.671660,8029.0,8831.900000000001,7226.1,8430.45,80290
2025-05-08 11:07:05.671660,8030.0,8833.0,7227.0,8431.5,80300
2025-05-08 11:08:05.671660,8031.0,8834.1,7227.900000000001,8432.550000000001,80310
2025-05-08 11:09:05.671660,8032.0,8835.2,7228.8,8433.6,80320
2025-05-08 11:10:05.671660,8033.0,8836.300000000001,7229.7,8434.65,80330
2025-05-08 11:11:05.671660,8034.0,8837.400000000001,7230.6,8435.7,80340
2025-05-08 11:12:05.671660,8035.0,8838.5,7231.5,8436.75,80350
2025-05-08 11:13:05.671660,8036.0,8839.6,7232.400000000001,8437.800000000001,80360
2025-05-08 11:14:05.671660,8037.0,8840.7,7233.3,8438.85,80370
2025-05-08 11:15:05.671660,8038.0,8841.800000000001,7234.2,8439.9,80380
2025-05-08 11:16:05.671660,8039.0,8842.900000000001,7235.1,8440.95,80390
2025-05-08 11:17:05.671660,8040.0,8844.0,7236.0,8442.0,80400
2025-05-08 11:18:05.671660,8041.0,8845.1,7236.900000000001,8443.050000000001,80410
2025-05-08 11:19:05.671660,8042.0,8846.2,7237.8,8444.1,80420
2025-05-08 11:20:05.671660,8043.0,8847.300000000001,7238.7,8445.15,80430
2025-05-08 11:21:05.671660,8044.0,8848.400000000001,7239.6,8446.2,80440
2025-05-08 11:22:05.671660,8045.0,8849.5,7240.5,8447.25,80450
2025-05-08 11:23:05.671660,8046.0,8850.6,7241.400000000001,8448.300000000001,80460
2025-05-08 11:24:05.671660,8047.0,8851.7,7242.3,8449.35,80470
2025-05-08 11:25:05.671660,8048.0,8852.800000000001,7243.2,8450.4,80480
2025-05-08 11:26:05.671660,8049.0,8853.900000000001,7244.1,8451.45,80490
2025-05-08 11:27:05.671660,8050.0,8855.0,7245.0,8452.5,80500
2025-05-08 11:28:05.671660,8051.0,8856.1,7245.900000000001,8453.550000000001,80510
2025-05-08 11:29:05.671660,8052.0,8857.2,7246.8,8454.6,80520
2025-05-08 11:30:05.671660,8053.0,8858.300000000001,7247.7,8455.65,80530
2025-05-08 11:31:05.671660,8054.0,8859.400000000001,7248.6,8456.7,80540
2025-05-08 11:32:05.671660,8055.0,8860.5,7249.5,8457.75,80550
2025-05-08 11:33:05.671660,8056.0,8861.6,7250.400000000001,8458.800000000001,80560
2025-05-08 11:34:05.671660,8057.0,8862.7,7251.3,8459.85,80570
2025-05-08 11:35:05.671660,8058.0,8863.800000000001,7252.2,8460.9,80580
2025-05-08 11:36:05.671660,8059.0,8864.900000000001,7253.1,8461.95,80590
2025-05-08 11:37:05.671660,8060.0,8866.0,7254.0,8463.0,80600
2025-05-08 11:38:05.671660,8061.0,8867.1,7254.900000000001,8464.050000000001,80610
2025-05-08 11:39:05.671660,8062.0,8868.2,7255.8,8465.1,80620
2025-05-08 11:40:05.671660,8063.0,8869.300000000001,7256.7,8466.15,80630
2025-05-08 11:41:05.671660,8064.0,8870.400000000001,7257.6,8467.2,80640
2025-05-08 11:42:05.671660,8065.0,8871.5,7258.5,8468.25,80650
2025-05-08 11:43:05.671660,8066.0,8872.6,7259.400000000001,8469.300000000001,80660
2025-05-08 11:44:05.671660,8067.0,8873.7,7260.3,8470.35,80670
2025-05-08 11:45:05.671660,8068.0,8874.800000000001,7261.2,8471.4,80680
2025-05-08 11:46:05.671660,8069.0,8875.900000000001,7262.1,8472.45,80690
2025-05-08 11:47:05.671660,8070.0,8877.0,7263.0,8473.5,80700
2025-05-08 11:48:05.671660,8071.0,8878.1,7263.900000000001,8474.550000000001,80710
2025-05-08 11:49:05.671660,8072.0,8879.2,7264.8,8475.6,80720
2025-05-08 11:50:05.671660,8073.0,8880.300000000001,7265.7,8476.65,80730
2025-05-08 11:51:05.671660,8074.0,8881.400000000001,7266.6,8477.7,80740
2025-05-08 11:52:05.671660,8075.0,8882.5,7267.5,8478.75,80750
2025-05-08 11:53:05.671660,8076.0,8883.6,7268.400000000001,8479.800000000001,80760
2025-05-08 11:54:05.671660,8077.0,8884.7,7269.3,8480.85,80770
2025-05-08 11:55:05.671660,8078.0,8885.800000000001,7270.2,8481.9,80780
2025-05-08 11:56:05.671660,8079.0,8886.900000000001,7271.1,8482.95,80790
2025-05-08 11:57:05.671660,8080.0,8888.0,7272.0,8484.0,80800
2025-05-08 11:58:05.671660,8081.0,8889.1,7272.900000000001,8485.050000000001,80810
2025-05-08 11:59:05.671660,8082.0,8890.2,7273.8,8486.1,80820
2025-05-08 12:00:05.671660,8083.0,8891.300000000001,7274.7,8487.15,80830
2025-05-08 12:01:05.671660,8084.0,8892.400000000001,7275.6,8488.2,80840
2025-05-08 12:02:05.671660,8085.0,8893.5,7276.5,8489.25,80850
2025-05-08 12:03:05.671660,8086.0,8894.6,7277.400000000001,8490.300000000001,80860
2025-05-08 12:04:05.671660,8087.0,8895.7,7278.3,8491.35,80870
2025-05-08 12:05:05.671660,8088.0,8896.800000000001,7279.2,8492.4,80880
2025-05-08 12:06:05.671660,8089.0,8897.900000000001,7280.1,8493.45,80890
2025-05-08 12:07:05.671660,8090.0,8899.0,7281.0,8494.5,80900
2025-05-08 12:08:05.671660,8091.0,8900.1,7281.900000000001,8495.550000000001,80910
2025-05-08 12:09:05.671660,8092.0,8901.2,7282.8,8496.6,80920
2025-05-08 12:10:05.671660,8093.0,8902.300000000001,7283.7,8497.65,80930
2025-05-08 12:11:05.671660,8094.0,8903.400000000001,7284.6,8498.7,80940
2025-05-08 12:12:05.671660,8095.0,8904.5,7285.5,8499.75,80950
2025-05-08 12:13:05.671660,8096.0,8905.6,7286.400000000001,8500.800000000001,80960
2025-05-08 12:14:05.671660,8097.0,8906.7,7287.3,8501.85,80970
2025-05-08 12:15:05.671660,8098.0,8907.800000000001,7288.2,8502.9,80980
2025-05-08 12:16:05.671660,8099.0,8908.900000000001,7289.1,8503.95,80990
2025-05-08 12:17:05.671660,8100.0,8910.0,7290.0,8505.0,81000
2025-05-08 12:18:05.671660,8101.0,8911.1,7290.900000000001,8506.050000000001,81010
2025-05-08 12:19:05.671660,8102.0,8912.2,7291.8,8507.1,81020
2025-05-08 12:20:05.671660,8103.0,8913.300000000001,7292.7,8508.15,81030
2025-05-08 12:21:05.671660,8104.0,8914.400000000001,7293.6,8509.2,81040
2025-05-08 12:22:05.671660,8105.0,8915.5,7294.5,8510.25,81050
2025-05-08 12:23:05.671660,8106.0,8916.6,7295.400000000001,8511.300000000001,81060
2025-05-08 12:24:05.671660,8107.0,8917.7,7296.3,8512.35,81070
2025-05-08 12:25:05.671660,8108.0,8918.800000000001,7297.2,8513.4,81080
2025-05-08 12:26:05.671660,8109.0,8919.900000000001,7298.1,8514.45,81090
2025-05-08 12:27:05.671660,8110.0,8921.0,7299.0,8515.5,81100
2025-05-08 12:28:05.671660,8111.0,8922.1,7299.900000000001,8516.550000000001,81110
2025-05-08 12:29:05.671660,8112.0,8923.2,7300.8,8517.6,81120
2025-05-08 12:30:05.671660,8113.0,8924.300000000001,7301.7,8518.65,81130
2025-05-08 12:31:05.671660,8114.0,8925.400000000001,7302.6,8519.7,81140
2025-05-08 12:32:05.671660,8115.0,8926.5,7303.5,8520.75,81150
2025-05-08 12:33:05.671660,8116.0,8927.6,7304.400000000001,8521.800000000001,81160
2025-05-08 12:34:05.671660,8117.0,8928.7,7305.3,8522.85,81170
2025-05-08 12:35:05.671660,8118.0,8929.800000000001,7306.2,8523.9,81180
2025-05-08 12:36:05.671660,8119.0,8930.900000000001,7307.1,8524.95,81190
2025-05-08 12:37:05.671660,8120.0,8932.0,7308.0,8526.0,81200
2025-05-08 12:38:05.671660,8121.0,8933.1,7308.900000000001,8527.050000000001,81210
2025-05-08 12:39:05.671660,8122.0,8934.2,7309.8,8528.1,81220
2025-05-08 12:40:05.671660,8123.0,8935.300000000001,7310.7,8529.15,81230
2025-05-08 12:41:05.671660,8124.0,8936.400000000001,7311.6,8530.2,81240
2025-05-08 12:42:05.671660,8125.0,8937.5,7312.5,8531.25,81250
2025-05-08 12:43:05.671660,8126.0,8938.6,7313.400000000001,8532.300000000001,81260
2025-05-08 12:44:05.671660,8127.0,8939.7,7314.3,8533.35,81270
2025-05-08 12:45:05.671660,8128.0,8940.800000000001,7315.2,8534.4,81280
2025-05-08 12:46:05.671660,8129.0,8941.900000000001,7316.1,8535.45,81290
2025-05-08 12:47:05.671660,8130.0,8943.0,7317.0,8536.5,81300
2025-05-08 12:48:05.671660,8131.0,8944.1,7317.900000000001,8537.550000000001,81310
2025-05-08 12:49:05.671660,8132.0,8945.2,7318.8,8538.6,81320
2025-05-08 12:50:05.671660,8133.0,8946.300000000001,7319.7,8539.65,81330
2025-05-08 12:51:05.671660,8134.0,8947.400000000001,7320.6,8540.7,81340
2025-05-08 12:52:05.671660,8135.0,8948.5,7321.5,8541.75,81350
2025-05-08 12:53:05.671660,8136.0,8949.6,7322.400000000001,8542.800000000001,81360
2025-05-08 12:54:05.671660,8137.0,8950.7,7323.3,8543.85,81370
2025-05-08 12:55:05.671660,8138.0,8951.800000000001,7324.2,8544.9,81380
2025-05-08 12:56:05.671660,8139.0,8952.900000000001,7325.1,8545.95,81390
2025-05-08 12:57:05.671660,8140.0,8954.0,7326.0,8547.0,81400
2025-05-08 12:58:05.671660,8141.0,8955.1,7326.900000000001,8548.050000000001,81410
2025-05-08 12:59:05.671660,8142.0,8956.2,7327.8,8549.1,81420
2025-05-08 13:00:05.671660,8143.0,8957.300000000001,7328.7,8550.15,81430
2025-05-08 13:01:05.671660,8144.0,8958.400000000001,7329.6,8551.2,81440
2025-05-08 13:02:05.671660,8145.0,8959.5,7330.5,8552.25,81450
2025-05-08 13:03:05.671660,8146.0,8960.6,7331.400000000001,8553.300000000001,81460
2025-05-08 13:04:05.671660,8147.0,8961.7,7332.3,8554.35,81470
2025-05-08 13:05:05.671660,8148.0,8962.800000000001,7333.2,8555.4,81480
2025-05-08 13:06:05.671660,8149.0,8963.900000000001,7334.1,8556.45,81490
2025-05-08 13:07:05.671660,8150.0,8965.0,7335.0,8557.5,81500
2025-05-08 13:08:05.671660,8151.0,8966.1,7335.900000000001,8558.550000000001,81510
2025-05-08 13:09:05.671660,8152.0,8967.2,7336.8,8559.6,81520
2025-05-08 13:10:05.671660,8153.0,8968.300000000001,7337.7,8560.65,81530
2025-05-08 13:11:05.671660,8154.0,8969.400000000001,7338.6,8561.7,81540
2025-05-08 13:12:05.671660,8155.0,8970.5,7339.5,8562.75,81550
2025-05-08 13:13:05.671660,8156.0,8971.6,7340.400000000001,8563.800000000001,81560
2025-05-08 13:14:05.671660,8157.0,8972.7,7341.3,8564.85,81570
2025-05-08 13:15:05.671660,8158.0,8973.800000000001,7342.2,8565.9,81580
2025-05-08 13:16:05.671660,8159.0,8974.900000000001,7343.1,8566.95,81590
2025-05-08 13:17:05.671660,8160.0,8976.0,7344.0,8568.0,81600
2025-05-08 13:18:05.671660,8161.0,8977.1,7344.900000000001,8569.050000000001,81610
2025-05-08 13:19:05.671660,8162.0,8978.2,7345.8,8570.1,81620
2025-05-08 13:20:05.671660,8163.0,8979.300000000001,7346.7,8571.15,81630
2025-05-08 13:21:05.671660,8164.0,8980.400000000001,7347.6,8572.2,81640
2025-05-08 13:22:05.671660,8165.0,8981.5,7348.5,8573.25,81650
2025-05-08 13:23:05.671660,8166.0,8982.6,7349.400000000001,8574.300000000001,81660
2025-05-08 13:24:05.671660,8167.0,8983.7,7350.3,8575.35,81670
2025-05-08 13:25:05.671660,8168.0,8984.800000000001,7351.2,8576.4,81680
2025-05-08 13:26:05.671660,8169.0,8985.900000000001,7352.1,8577.45,81690
2025-05-08 13:27:05.671660,8170.0,8987.0,7353.0,8578.5,81700
2025-05-08 13:28:05.671660,8171.0,8988.1,7353.900000000001,8579.550000000001,81710
2025-05-08 13:29:05.671660,8172.0,8989.2,7354.8,8580.6,81720
2025-05-08 13:30:05.671660,8173.0,8990.300000000001,7355.7,8581.65,81730
2025-05-08 13:31:05.671660,8174.0,8991.400000000001,7356.6,8582.7,81740
2025-05-08 13:32:05.671660,8175.0,8992.5,7357.5,8583.75,81750
2025-05-08 13:33:05.671660,8176.0,8993.6,7358.400000000001,8584.800000000001,81760
2025-05-08 13:34:05.671660,8177.0,8994.7,7359.3,8585.85,81770
2025-05-08 13:35:05.671660,8178.0,8995.800000000001,7360.2,8586.9,81780
2025-05-08 13:36:05.671660,8179.0,8996.900000000001,7361.1,8587.95,81790
2025-05-08 13:37:05.671660,8180.0,8998.0,7362.0,8589.0,81800
2025-05-08 13:38:05.671660,8181.0,8999.1,7362.900000000001,8590.050000000001,81810
2025-05-08 13:39:05.671660,8182.0,9000.2,7363.8,8591.1,81820
2025-05-08 13:40:05.671660,8183.0,9001.300000000001,7364.7,8592.15,81830
2025-05-08 13:41:05.671660,8184.0,9002.400000000001,7365.6,8593.2,81840
2025-05-08 13:42:05.671660,8185.0,9003.5,7366.5,8594.25,81850
2025-05-08 13:43:05.671660,8186.0,9004.6,7367.400000000001,8595.300000000001,81860
2025-05-08 13:44:05.671660,8187.0,9005.7,7368.3,8596.35,81870
2025-05-08 13:45:05.671660,8188.0,9006.800000000001,7369.2,8597.4,81880
2025-05-08 13:46:05.671660,8189.0,9007.900000000001,7370.1,8598.45,81890
2025-05-08 13:47:05.671660,8190.0,9009.0,7371.0,8599.5,81900
2025-05-08 13:48:05.671660,8191.0,9010.1,7371.900000000001,8600.550000000001,81910
2025-05-08 13:49:05.671660,8192.0,9011.2,7372.8,8601.6,81920
2025-05-08 13:50:05.671660,8193.0,9012.300000000001,7373.7,8602.65,81930
2025-05-08 13:51:05.671660,8194.0,9013.400000000001,7374.6,8603.7,81940
2025-05-08 13:52:05.671660,8195.0,9014.5,7375.5,8604.75,81950
2025-05-08 13:53:05.671660,8196.0,9015.6,7376.400000000001,8605.800000000001,81960
2025-05-08 13:54:05.671660,8197.0,9016.7,7377.3,8606.85,81970
2025-05-08 13:55:05.671660,8198.0,9017.800000000001,7378.2,8607.9,81980
2025-05-08 13:56:05.671660,8199.0,9018.900000000001,7379.1,8608.95,81990
2025-05-08 13:57:05.671660,8200.0,9020.0,7380.0,8610.0,82000
2025-05-08 13:58:05.671660,8201.0,9021.1,7380.900000000001,8611.050000000001,82010
2025-05-08 13:59:05.671660,8202.0,9022.2,7381.8,8612.1,82020
2025-05-08 14:00:05.671660,8203.0,9023.300000000001,7382.7,8613.15,82030
2025-05-08 14:01:05.671660,8204.0,9024.400000000001,7383.6,8614.2,82040
2025-05-08 14:02:05.671660,8205.0,9025.5,7384.5,8615.25,82050
2025-05-08 14:03:05.671660,8206.0,9026.6,7385.400000000001,8616.300000000001,82060
2025-05-08 14:04:05.671660,8207.0,9027.7,7386.3,8617.35,82070
2025-05-08 14:05:05.671660,8208.0,9028.800000000001,7387.2,8618.4,82080
2025-05-08 14:06:05.671660,8209.0,9029.900000000001,7388.1,8619.45,82090
2025-05-08 14:07:05.671660,8210.0,9031.0,7389.0,8620.5,82100
2025-05-08 14:08:05.671660,8211.0,9032.1,7389.900000000001,8621.550000000001,82110
2025-05-08 14:09:05.671660,8212.0,9033.2,7390.8,8622.6,82120
2025-05-08 14:10:05.671660,8213.0,9034.300000000001,7391.7,8623.65,82130
2025-05-08 14:11:05.671660,8214.0,9035.400000000001,7392.6,8624.7,82140
2025-05-08 14:12:05.671660,8215.0,9036.5,7393.5,8625.75,82150
2025-05-08 14:13:05.671660,8216.0,9037.6,7394.400000000001,8626.800000000001,82160
2025-05-08 14:14:05.671660,8217.0,9038.7,7395.3,8627.85,82170
2025-05-08 14:15:05.671660,8218.0,9039.800000000001,7396.2,8628.9,82180
2025-05-08 14:16:05.671660,8219.0,9040.900000000001,7397.1,8629.95,82190
2025-05-08 14:17:05.671660,8220.0,9042.0,7398.0,8631.0,82200
2025-05-08 14:18:05.671660,8221.0,9043.1,7398.900000000001,8632.050000000001,82210
2025-05-08 14:19:05.671660,8222.0,9044.2,7399.8,8633.1,82220
2025-05-08 14:20:05.671660,8223.0,9045.300000000001,7400.7,8634.15,82230
2025-05-08 14:21:05.671660,8224.0,9046.400000000001,7401.6,8635.2,82240
2025-05-08 14:22:05.671660,8225.0,9047.5,7402.5,8636.25,82250
2025-05-08 14:23:05.671660,8226.0,9048.6,7403.400000000001,8637.300000000001,82260
2025-05-08 14:24:05.671660,8227.0,9049.7,7404.3,8638.35,82270
2025-05-08 14:25:05.671660,8228.0,9050.800000000001,7405.2,8639.4,82280
2025-05-08 14:26:05.671660,8229.0,9051.900000000001,7406.1,8640.45,82290
2025-05-08 14:27:05.671660,8230.0,9053.0,7407.0,8641.5,82300
2025-05-08 14:28:05.671660,8231.0,9054.1,7407.900000000001,8642.550000000001,82310
2025-05-08 14:29:05.671660,8232.0,9055.2,7408.8,8643.6,82320
2025-05-08 14:30:05.671660,8233.0,9056.300000000001,7409.7,8644.65,82330
2025-05-08 14:31:05.671660,8234.0,9057.400000000001,7410.6,8645.7,82340
2025-05-08 14:32:05.671660,8235.0,9058.5,7411.5,8646.75,82350
2025-05-08 14:33:05.671660,8236.0,9059.6,7412.400000000001,8647.800000000001,82360
2025-05-08 14:34:05.671660,8237.0,9060.7,7413.3,8648.85,82370
2025-05-08 14:35:05.671660,8238.0,9061.800000000001,7414.2,8649.9,82380
2025-05-08 14:36:05.671660,8239.0,9062.900000000001,7415.1,8650.95,82390
2025-05-08 14:37:05.671660,8240.0,9064.0,7416.0,8652.0,82400
2025-05-08 14:38:05.671660,8241.0,9065.1,7416.900000000001,8653.050000000001,82410
2025-05-08 14:39:05.671660,8242.0,9066.2,7417.8,8654.1,82420
2025-05-08 14:40:05.671660,8243.0,9067.300000000001,7418.7,8655.15,82430
2025-05-08 14:41:05.671660,8244.0,9068.400000000001,7419.6,8656.2,82440
2025-05-08 14:42:05.671660,8245.0,9069.5,7420.5,8657.25,82450
2025-05-08 14:43:05.671660,8246.0,9070.6,7421.400000000001,8658.300000000001,82460
2025-05-08 14:44:05.671660,8247.0,9071.7,7422.3,8659.35,82470
2025-05-08 14:45:05.671660,8248.0,9072.800000000001,7423.2,8660.4,82480
2025-05-08 14:46:05.671660,8249.0,9073.900000000001,7424.1,8661.45,82490
2025-05-08 14:47:05.671660,8250.0,9075.0,7425.0,8662.5,82500
2025-05-08 14:48:05.671660,8251.0,9076.1,7425.900000000001,8663.550000000001,82510
2025-05-08 14:49:05.671660,8252.0,9077.2,7426.8,8664.6,82520
2025-05-08 14:50:05.671660,8253.0,9078.300000000001,7427.7,8665.65,82530
2025-05-08 14:51:05.671660,8254.0,9079.400000000001,7428.6,8666.7,82540
2025-05-08 14:52:05.671660,8255.0,9080.5,7429.5,8667.75,82550
2025-05-08 14:53:05.671660,8256.0,9081.6,7430.400000000001,8668.800000000001,82560
2025-05-08 14:54:05.671660,8257.0,9082.7,7431.3,8669.85,82570
2025-05-08 14:55:05.671660,8258.0,9083.800000000001,7432.2,8670.9,82580
2025-05-08 14:56:05.671660,8259.0,9084.900000000001,7433.1,8671.95,82590
2025-05-08 14:57:05.671660,8260.0,9086.0,7434.0,8673.0,82600
2025-05-08 14:58:05.671660,8261.0,9087.1,7434.900000000001,8674.050000000001,82610
2025-05-08 14:59:05.671660,8262.0,9088.2,7435.8,8675.1,82620
2025-05-08 15:00:05.671660,8263.0,9089.300000000001,7436.7,8676.15,82630
2025-05-08 15:01:05.671660,8264.0,9090.400000000001,7437.6,8677.2,82640
2025-05-08 15:02:05.671660,8265.0,9091.5,7438.5,8678.25,82650
2025-05-08 15:03:05.671660,8266.0,9092.6,7439.400000000001,8679.300000000001,82660
2025-05-08 15:04:05.671660,8267.0,9093.7,7440.3,8680.35,82670
2025-05-08 15:05:05.671660,8268.0,9094.800000000001,7441.2,8681.4,82680
2025-05-08 15:06:05.671660,8269.0,9095.900000000001,7442.1,8682.45,82690
2025-05-08 15:07:05.671660,8270.0,9097.0,7443.0,8683.5,82700
2025-05-08 15:08:05.671660,8271.0,9098.1,7443.900000000001,8684.550000000001,82710
2025-05-08 15:09:05.671660,8272.0,9099.2,7444.8,8685.6,82720
2025-05-08 15:10:05.671660,8273.0,9100.300000000001,7445.7,8686.65,82730
2025-05-08 15:11:05.671660,8274.0,9101.400000000001,7446.6,8687.7,82740
2025-05-08 15:12:05.671660,8275.0,9102.5,7447.5,8688.75,82750
2025-05-08 15:13:05.671660,8276.0,9103.6,7448.400000000001,8689.800000000001,82760
2025-05-08 15:14:05.671660,8277.0,9104.7,7449.3,8690.85,82770
2025-05-08 15:15:05.671660,8278.0,9105.800000000001,7450.2,8691.9,82780
2025-05-08 15:16:05.671660,8279.0,9106.900000000001,7451.1,8692.95,82790
2025-05-08 15:17:05.671660,8280.0,9108.0,7452.0,8694.0,82800
2025-05-08 15:18:05.671660,8281.0,9109.1,7452.900000000001,8695.050000000001,82810
2025-05-08 15:19:05.671660,8282.0,9110.2,7453.8,8696.1,82820
2025-05-08 15:20:05.671660,8283.0,9111.300000000001,7454.7,8697.15,82830
2025-05-08 15:21:05.671660,8284.0,9112.400000000001,7455.6,8698.2,82840
2025-05-08 15:22:05.671660,8285.0,9113.5,7456.5,8699.25,82850
2025-05-08 15:23:05.671660,8286.0,9114.6,7457.400000000001,8700.300000000001,82860
2025-05-08 15:24:05.671660,8287.0,9115.7,7458.3,8701.35,82870
2025-05-08 15:25:05.671660,8288.0,9116.800000000001,7459.2,8702.4,82880
2025-05-08 15:26:05.671660,8289.0,9117.900000000001,7460.1,8703.45,82890
2025-05-08 15:27:05.671660,8290.0,9119.0,7461.0,8704.5,82900
2025-05-08 15:28:05.671660,8291.0,9120.1,7461.900000000001,8705.550000000001,82910
2025-05-08 15:29:05.671660,8292.0,9121.2,7462.8,8706.6,82920
2025-05-08 15:30:05.671660,8293.0,9122.300000000001,7463.7,8707.65,82930
2025-05-08 15:31:05.671660,8294.0,9123.400000000001,7464.6,8708.7,82940
2025-05-08 15:32:05.671660,8295.0,9124.5,7465.5,8709.75,82950
2025-05-08 15:33:05.671660,8296.0,9125.6,7466.400000000001,8710.800000000001,82960
2025-05-08 15:34:05.671660,8297.0,9126.7,7467.3,8711.85,82970
2025-05-08 15:35:05.671660,8298.0,9127.800000000001,7468.2,8712.9,82980
2025-05-08 15:36:05.671660,8299.0,9128.900000000001,7469.1,8713.95,82990
2025-05-08 15:37:05.671660,8300.0,9130.0,7470.0,8715.0,83000
2025-05-08 15:38:05.671660,8301.0,9131.1,7470.900000000001,8716.050000000001,83010
2025-05-08 15:39:05.671660,8302.0,9132.2,7471.8,8717.1,83020
2025-05-08 15:40:05.671660,8303.0,9133.300000000001,7472.7,8718.15,83030
2025-05-08 15:41:05.671660,8304.0,9134.400000000001,7473.6,8719.2,83040
2025-05-08 15:42:05.671660,8305.0,9135.5,7474.5,8720.25,83050
2025-05-08 15:43:05.671660,8306.0,9136.6,7475.400000000001,8721.300000000001,83060
2025-05-08 15:44:05.671660,8307.0,9137.7,7476.3,8722.35,83070
2025-05-08 15:45:05.671660,8308.0,9138.800000000001,7477.2,8723.4,83080
2025-05-08 15:46:05.671660,8309.0,9139.900000000001,7478.1,8724.45,83090
2025-05-08 15:47:05.671660,8310.0,9141.0,7479.0,8725.5,83100
2025-05-08 15:48:05.671660,8311.0,9142.1,7479.900000000001,8726.550000000001,83110
2025-05-08 15:49:05.671660,8312.0,9143.2,7480.8,8727.6,83120
2025-05-08 15:50:05.671660,8313.0,9144.300000000001,7481.7,8728.65,83130
2025-05-08 15:51:05.671660,8314.0,9145.400000000001,7482.6,8729.7,83140
2025-05-08 15:52:05.671660,8315.0,9146.5,7483.5,8730.75,83150
2025-05-08 15:53:05.671660,8316.0,9147.6,7484.400000000001,8731.800000000001,83160
2025-05-08 15:54:05.671660,8317.0,9148.7,7485.3,8732.85,83170
2025-05-08 15:55:05.671660,8318.0,9149.800000000001,7486.2,8733.9,83180
2025-05-08 15:56:05.671660,8319.0,9150.900000000001,7487.1,8734.95,83190
2025-05-08 15:57:05.671660,8320.0,9152.0,7488.0,8736.0,83200
2025-05-08 15:58:05.671660,8321.0,9153.1,7488.900000000001,8737.050000000001,83210
2025-05-08 15:59:05.671660,8322.0,9154.2,7489.8,8738.1,83220
2025-05-08 16:00:05.671660,8323.0,9155.300000000001,7490.7,8739.15,83230
2025-05-08 16:01:05.671660,8324.0,9156.400000000001,7491.6,8740.2,83240
2025-05-08 16:02:05.671660,8325.0,9157.5,7492.5,8741.25,83250
2025-05-08 16:03:05.671660,8326.0,9158.6,7493.400000000001,8742.300000000001,83260
2025-05-08 16:04:05.671660,8327.0,9159.7,7494.3,8743.35,83270
2025-05-08 16:05:05.671660,8328.0,9160.800000000001,7495.2,8744.4,83280
2025-05-08 16:06:05.671660,8329.0,9161.900000000001,7496.1,8745.45,83290
2025-05-08 16:07:05.671660,8330.0,9163.0,7497.0,8746.5,83300
2025-05-08 16:08:05.671660,8331.0,9164.1,7497.900000000001,8747.550000000001,83310
2025-05-08 16:09:05.671660,8332.0,9165.2,7498.8,8748.6,83320
2025-05-08 16:10:05.671660,8333.0,9166.300000000001,7499.7,8749.65,83330
2025-05-08 16:11:05.671660,8334.0,9167.400000000001,7500.6,8750.7,83340
2025-05-08 16:12:05.671660,8335.0,9168.5,7501.5,8751.75,83350
2025-05-08 16:13:05.671660,8336.0,9169.6,7502.400000000001,8752.800000000001,83360
2025-05-08 16:14:05.671660,8337.0,9170.7,7503.3,8753.85,83370
2025-05-08 16:15:05.671660,8338.0,9171.800000000001,7504.2,8754.9,83380
2025-05-08 16:16:05.671660,8339.0,9172.900000000001,7505.1,8755.95,83390
2025-05-08 16:17:05.671660,8340.0,9174.0,7506.0,8757.0,83400
2025-05-08 16:18:05.671660,8341.0,9175.1,7506.900000000001,8758.050000000001,83410
2025-05-08 16:19:05.671660,8342.0,9176.2,7507.8,8759.1,83420
2025-05-08 16:20:05.671660,8343.0,9177.300000000001,7508.7,8760.15,83430
2025-05-08 16:21:05.671660,8344.0,9178.400000000001,7509.6,8761.2,83440
2025-05-08 16:22:05.671660,8345.0,9179.5,7510.5,8762.25,83450
2025-05-08 16:23:05.671660,8346.0,9180.6,7511.400000000001,8763.300000000001,83460
2025-05-08 16:24:05.671660,8347.0,9181.7,7512.3,8764.35,83470
2025-05-08 16:25:05.671660,8348.0,9182.800000000001,7513.2,8765.4,83480
2025-05-08 16:26:05.671660,8349.0,9183.900000000001,7514.1,8766.45,83490
2025-05-08 16:27:05.671660,8350.0,9185.0,7515.0,8767.5,83500
2025-05-08 16:28:05.671660,8351.0,9186.1,7515.900000000001,8768.550000000001,83510
2025-05-08 16:29:05.671660,8352.0,9187.2,7516.8,8769.6,83520
2025-05-08 16:30:05.671660,8353.0,9188.300000000001,7517.7,8770.65,83530
2025-05-08 16:31:05.671660,8354.0,9189.400000000001,7518.6,8771.7,83540
2025-05-08 16:32:05.671660,8355.0,9190.5,7519.5,8772.75,83550
2025-05-08 16:33:05.671660,8356.0,9191.6,7520.400000000001,8773.800000000001,83560
2025-05-08 16:34:05.671660,8357.0,9192.7,7521.3,8774.85,83570
2025-05-08 16:35:05.671660,8358.0,9193.800000000001,7522.2,8775.9,83580
2025-05-08 16:36:05.671660,8359.0,9194.900000000001,7523.1,8776.95,83590
2025-05-08 16:37:05.671660,8360.0,9196.0,7524.0,8778.0,83600
2025-05-08 16:38:05.671660,8361.0,9197.1,7524.900000000001,8779.050000000001,83610
2025-05-08 16:39:05.671660,8362.0,9198.2,7525.8,8780.1,83620
2025-05-08 16:40:05.671660,8363.0,9199.300000000001,7526.7,8781.15,83630
2025-05-08 16:41:05.671660,8364.0,9200.400000000001,7527.6,8782.2,83640
2025-05-08 16:42:05.671660,8365.0,9201.5,7528.5,8783.25,83650
2025-05-08 16:43:05.671660,8366.0,9202.6,7529.400000000001,8784.300000000001,83660
2025-05-08 16:44:05.671660,8367.0,9203.7,7530.3,8785.35,83670
2025-05-08 16:45:05.671660,8368.0,9204.800000000001,7531.2,8786.4,83680
2025-05-08 16:46:05.671660,8369.0,9205.900000000001,7532.1,8787.45,83690
2025-05-08 16:47:05.671660,8370.0,9207.0,7533.0,8788.5,83700
2025-05-08 16:48:05.671660,8371.0,9208.1,7533.900000000001,8789.550000000001,83710
2025-05-08 16:49:05.671660,8372.0,9209.2,7534.8,8790.6,83720
2025-05-08 16:50:05.671660,8373.0,9210.300000000001,7535.7,8791.65,83730
2025-05-08 16:51:05.671660,8374.0,9211.400000000001,7536.6,8792.7,83740
2025-05-08 16:52:05.671660,8375.0,9212.5,7537.5,8793.75,83750
2025-05-08 16:53:05.671660,8376.0,9213.6,7538.400000000001,8794.800000000001,83760
2025-05-08 16:54:05.671660,8377.0,9214.7,7539.3,8795.85,83770
2025-05-08 16:55:05.671660,8378.0,9215.800000000001,7540.2,8796.9,83780
2025-05-08 16:56:05.671660,8379.0,9216.900000000001,7541.1,8797.95,83790
2025-05-08 16:57:05.671660,8380.0,9218.0,7542.0,8799.0,83800
2025-05-08 16:58:05.671660,8381.0,9219.1,7542.900000000001,8800.050000000001,83810
2025-05-08 16:59:05.671660,8382.0,9220.2,7543.8,8801.1,83820
2025-05-08 17:00:05.671660,8383.0,9221.300000000001,7544.7,8802.15,83830
2025-05-08 17:01:05.671660,8384.0,9222.400000000001,7545.6,8803.2,83840
2025-05-08 17:02:05.671660,8385.0,9223.5,7546.5,8804.25,83850
2025-05-08 17:03:05.671660,8386.0,9224.6,7547.400000000001,8805.300000000001,83860
2025-05-08 17:04:05.671660,8387.0,9225.7,7548.3,8806.35,83870
2025-05-08 17:05:05.671660,8388.0,9226.800000000001,7549.2,8807.4,83880
2025-05-08 17:06:05.671660,8389.0,9227.900000000001,7550.1,8808.45,83890
2025-05-08 17:07:05.671660,8390.0,9229.0,7551.0,8809.5,83900
2025-05-08 17:08:05.671660,8391.0,9230.1,7551.900000000001,8810.550000000001,83910
2025-05-08 17:09:05.671660,8392.0,9231.2,7552.8,8811.6,83920
2025-05-08 17:10:05.671660,8393.0,9232.300000000001,7553.7,8812.65,83930
2025-05-08 17:11:05.671660,8394.0,9233.400000000001,7554.6,8813.7,83940
2025-05-08 17:12:05.671660,8395.0,9234.5,7555.5,8814.75,83950
2025-05-08 17:13:05.671660,8396.0,9235.6,7556.400000000001,8815.800000000001,83960
2025-05-08 17:14:05.671660,8397.0,9236.7,7557.3,8816.85,83970
2025-05-08 17:15:05.671660,8398.0,9237.800000000001,7558.2,8817.9,83980
2025-05-08 17:16:05.671660,8399.0,9238.900000000001,7559.1,8818.95,83990
2025-05-08 17:17:05.671660,8400.0,9240.0,7560.0,8820.0,84000
2025-05-08 17:18:05.671660,8401.0,9241.1,7560.900000000001,8821.050000000001,84010
2025-05-08 17:19:05.671660,8402.0,9242.2,7561.8,8822.1,84020
2025-05-08 17:20:05.671660,8403.0,9243.300000000001,7562.7,8823.15,84030
2025-05-08 17:21:05.671660,8404.0,9244.400000000001,7563.6,8824.2,84040
2025-05-08 17:22:05.671660,8405.0,9245.5,7564.5,8825.25,84050
2025-05-08 17:23:05.671660,8406.0,9246.6,7565.400000000001,8826.300000000001,84060
2025-05-08 17:24:05.671660,8407.0,9247.7,7566.3,8827.35,84070
2025-05-08 17:25:05.671660,8408.0,9248.800000000001,7567.2,8828.4,84080
2025-05-08 17:26:05.671660,8409.0,9249.900000000001,7568.1,8829.45,84090
2025-05-08 17:27:05.671660,8410.0,9251.0,7569.0,8830.5,84100
2025-05-08 17:28:05.671660,8411.0,9252.1,7569.900000000001,8831.550000000001,84110
2025-05-08 17:29:05.671660,8412.0,9253.2,7570.8,8832.6,84120
2025-05-08 17:30:05.671660,8413.0,9254.300000000001,7571.7,8833.65,84130
2025-05-08 17:31:05.671660,8414.0,9255.400000000001,7572.6,8834.7,84140
2025-05-08 17:32:05.671660,8415.0,9256.5,7573.5,8835.75,84150
2025-05-08 17:33:05.671660,8416.0,9257.6,7574.400000000001,8836.800000000001,84160
2025-05-08 17:34:05.671660,8417.0,9258.7,7575.3,8837.85,84170
2025-05-08 17:35:05.671660,8418.0,9259.800000000001,7576.2,8838.9,84180
2025-05-08 17:36:05.671660,8419.0,9260.900000000001,7577.1,8839.95,84190
2025-05-08 17:37:05.671660,8420.0,9262.0,7578.0,8841.0,84200
2025-05-08 17:38:05.671660,8421.0,9263.1,7578.900000000001,8842.050000000001,84210
2025-05-08 17:39:05.671660,8422.0,9264.2,7579.8,8843.1,84220
2025-05-08 17:40:05.671660,8423.0,9265.300000000001,7580.7,8844.15,84230
2025-05-08 17:41:05.671660,8424.0,9266.400000000001,7581.6,8845.2,84240
2025-05-08 17:42:05.671660,8425.0,9267.5,7582.5,8846.25,84250
2025-05-08 17:43:05.671660,8426.0,9268.6,7583.400000000001,8847.300000000001,84260
2025-05-08 17:44:05.671660,8427.0,9269.7,7584.3,8848.35,84270
2025-05-08 17:45:05.671660,8428.0,9270.800000000001,7585.2,8849.4,84280
2025-05-08 17:46:05.671660,8429.0,9271.900000000001,7586.1,8850.45,84290
2025-05-08 17:47:05.671660,8430.0,9273.0,7587.0,8851.5,84300
2025-05-08 17:48:05.671660,8431.0,9274.1,7587.900000000001,8852.550000000001,84310
2025-05-08 17:49:05.671660,8432.0,9275.2,7588.8,8853.6,84320
2025-05-08 17:50:05.671660,8433.0,9276.300000000001,7589.7,8854.65,84330
2025-05-08 17:51:05.671660,8434.0,9277.400000000001,7590.6,8855.7,84340
2025-05-08 17:52:05.671660,8435.0,9278.5,7591.5,8856.75,84350
2025-05-08 17:53:05.671660,8436.0,9279.6,7592.400000000001,8857.800000000001,84360
2025-05-08 17:54:05.671660,8437.0,9280.7,7593.3,8858.85,84370
2025-05-08 17:55:05.671660,8438.0,9281.800000000001,7594.2,8859.9,84380
2025-05-08 17:56:05.671660,8439.0,9282.900000000001,7595.1,8860.95,84390
2025-05-08 17:57:05.671660,8440.0,9284.0,7596.0,8862.0,84400
2025-05-08 17:58:05.671660,8441.0,9285.1,7596.900000000001,8863.050000000001,84410
2025-05-08 17:59:05.671660,8442.0,9286.2,7597.8,8864.1,84420
2025-05-08 18:00:05.671660,8443.0,9287.300000000001,7598.7,8865.15,84430
2025-05-08 18:01:05.671660,8444.0,9288.400000000001,7599.6,8866.2,84440
2025-05-08 18:02:05.671660,8445.0,9289.5,7600.5,8867.25,84450
2025-05-08 18:03:05.671660,8446.0,9290.6,7601.400000000001,8868.300000000001,84460
2025-05-08 18:04:05.671660,8447.0,9291.7,7602.3,8869.35,84470
2025-05-08 18:05:05.671660,8448.0,9292.800000000001,7603.2,8870.4,84480
2025-05-08 18:06:05.671660,8449.0,9293.900000000001,7604.1,8871.45,84490
2025-05-08 18:07:05.671660,8450.0,9295.0,7605.0,8872.5,84500
2025-05-08 18:08:05.671660,8451.0,9296.1,7605.900000000001,8873.550000000001,84510
2025-05-08 18:09:05.671660,8452.0,9297.2,7606.8,8874.6,84520
2025-05-08 18:10:05.671660,8453.0,9298.300000000001,7607.7,8875.65,84530
2025-05-08 18:11:05.671660,8454.0,9299.400000000001,7608.6,8876.7,84540
2025-05-08 18:12:05.671660,8455.0,9300.5,7609.5,8877.75,84550
2025-05-08 18:13:05.671660,8456.0,9301.6,7610.400000000001,8878.800000000001,84560
2025-05-08 18:14:05.671660,8457.0,9302.7,7611.3,8879.85,84570
2025-05-08 18:15:05.671660,8458.0,9303.800000000001,7612.2,8880.9,84580
2025-05-08 18:16:05.671660,8459.0,9304.900000000001,7613.1,8881.95,84590
2025-05-08 18:17:05.671660,8460.0,9306.0,7614.0,8883.0,84600
2025-05-08 18:18:05.671660,8461.0,9307.1,7614.900000000001,8884.050000000001,84610
2025-05-08 18:19:05.671660,8462.0,9308.2,7615.8,8885.1,84620
2025-05-08 18:20:05.671660,8463.0,9309.300000000001,7616.7,8886.15,84630
2025-05-08 18:21:05.671660,8464.0,9310.400000000001,7617.6,8887.2,84640
2025-05-08 18:22:05.671660,8465.0,9311.5,7618.5,8888.25,84650
2025-05-08 18:23:05.671660,8466.0,9312.6,7619.400000000001,8889.300000000001,84660
2025-05-08 18:24:05.671660,8467.0,9313.7,7620.3,8890.35,84670
2025-05-08 18:25:05.671660,8468.0,9314.800000000001,7621.2,8891.4,84680
2025-05-08 18:26:05.671660,8469.0,9315.900000000001,7622.1,8892.45,84690
2025-05-08 18:27:05.671660,8470.0,9317.0,7623.0,8893.5,84700
2025-05-08 18:28:05.671660,8471.0,9318.1,7623.900000000001,8894.550000000001,84710
2025-05-08 18:29:05.671660,8472.0,9319.2,7624.8,8895.6,84720
2025-05-08 18:30:05.671660,8473.0,9320.300000000001,7625.7,8896.65,84730
2025-05-08 18:31:05.671660,8474.0,9321.400000000001,7626.6,8897.7,84740
2025-05-08 18:32:05.671660,8475.0,9322.5,7627.5,8898.75,84750
2025-05-08 18:33:05.671660,8476.0,9323.6,7628.400000000001,8899.800000000001,84760
2025-05-08 18:34:05.671660,8477.0,9324.7,7629.3,8900.85,84770
2025-05-08 18:35:05.671660,8478.0,9325.800000000001,7630.2,8901.9,84780
2025-05-08 18:36:05.671660,8479.0,9326.900000000001,7631.1,8902.95,84790
2025-05-08 18:37:05.671660,8480.0,9328.0,7632.0,8904.0,84800
2025-05-08 18:38:05.671660,8481.0,9329.1,7632.900000000001,8905.050000000001,84810
2025-05-08 18:39:05.671660,8482.0,9330.2,7633.8,8906.1,84820
2025-05-08 18:40:05.671660,8483.0,9331.300000000001,7634.7,8907.15,84830
2025-05-08 18:41:05.671660,8484.0,9332.400000000001,7635.6,8908.2,84840
2025-05-08 18:42:05.671660,8485.0,9333.5,7636.5,8909.25,84850
2025-05-08 18:43:05.671660,8486.0,9334.6,7637.400000000001,8910.300000000001,84860
2025-05-08 18:44:05.671660,8487.0,9335.7,7638.3,8911.35,84870
2025-05-08 18:45:05.671660,8488.0,9336.800000000001,7639.2,8912.4,84880
2025-05-08 18:46:05.671660,8489.0,9337.900000000001,7640.1,8913.45,84890
2025-05-08 18:47:05.671660,8490.0,9339.0,7641.0,8914.5,84900
2025-05-08 18:48:05.671660,8491.0,9340.1,7641.900000000001,8915.550000000001,84910
2025-05-08 18:49:05.671660,8492.0,9341.2,7642.8,8916.6,84920
2025-05-08 18:50:05.671660,8493.0,9342.300000000001,7643.7,8917.65,84930
2025-05-08 18:51:05.671660,8494.0,9343.400000000001,7644.6,8918.7,84940
2025-05-08 18:52:05.671660,8495.0,9344.5,7645.5,8919.75,84950
2025-05-08 18:53:05.671660,8496.0,9345.6,7646.400000000001,8920.800000000001,84960
2025-05-08 18:54:05.671660,8497.0,9346.7,7647.3,8921.85,84970
2025-05-08 18:55:05.671660,8498.0,9347.800000000001,7648.2,8922.9,84980
2025-05-08 18:56:05.671660,8499.0,9348.900000000001,7649.1,8923.95,84990
2025-05-08 18:57:05.671660,8500.0,9350.0,7650.0,8925.0,85000
2025-05-08 18:58:05.671660,8501.0,9351.1,7650.900000000001,8926.050000000001,85010
2025-05-08 18:59:05.671660,8502.0,9352.2,7651.8,8927.1,85020
2025-05-08 19:00:05.671660,8503.0,9353.300000000001,7652.7,8928.15,85030
2025-05-08 19:01:05.671660,8504.0,9354.400000000001,7653.6,8929.2,85040
2025-05-08 19:02:05.671660,8505.0,9355.5,7654.5,8930.25,85050
2025-05-08 19:03:05.671660,8506.0,9356.6,7655.400000000001,8931.300000000001,85060
2025-05-08 19:04:05.671660,8507.0,9357.7,7656.3,8932.35,85070
2025-05-08 19:05:05.671660,8508.0,9358.800000000001,7657.2,8933.4,85080
2025-05-08 19:06:05.671660,8509.0,9359.900000000001,7658.1,8934.45,85090
2025-05-08 19:07:05.671660,8510.0,9361.0,7659.0,8935.5,85100
2025-05-08 19:08:05.671660,8511.0,9362.1,7659.900000000001,8936.550000000001,85110
2025-05-08 19:09:05.671660,8512.0,9363.2,7660.8,8937.6,85120
2025-05-08 19:10:05.671660,8513.0,9364.300000000001,7661.7,8938.65,85130
2025-05-08 19:11:05.671660,8514.0,9365.400000000001,7662.6,8939.7,85140
2025-05-08 19:12:05.671660,8515.0,9366.5,7663.5,8940.75,85150
2025-05-08 19:13:05.671660,8516.0,9367.6,7664.400000000001,8941.800000000001,85160
2025-05-08 19:14:05.671660,8517.0,9368.7,7665.3,8942.85,85170
2025-05-08 19:15:05.671660,8518.0,9369.800000000001,7666.2,8943.9,85180
2025-05-08 19:16:05.671660,8519.0,9370.900000000001,7667.1,8944.95,85190
2025-05-08 19:17:05.671660,8520.0,9372.0,7668.0,8946.0,85200
2025-05-08 19:18:05.671660,8521.0,9373.1,7668.900000000001,8947.050000000001,85210
2025-05-08 19:19:05.671660,8522.0,9374.2,7669.8,8948.1,85220
2025-05-08 19:20:05.671660,8523.0,9375.300000000001,7670.7,8949.15,85230
2025-05-08 19:21:05.671660,8524.0,9376.400000000001,7671.6,8950.2,85240
2025-05-08 19:22:05.671660,8525.0,9377.5,7672.5,8951.25,85250
2025-05-08 19:23:05.671660,8526.0,9378.6,7673.400000000001,8952.300000000001,85260
2025-05-08 19:24:05.671660,8527.0,9379.7,7674.3,8953.35,85270
2025-05-08 19:25:05.671660,8528.0,9380.800000000001,7675.2,8954.4,85280
2025-05-08 19:26:05.671660,8529.0,9381.900000000001,7676.1,8955.45,85290
2025-05-08 19:27:05.671660,8530.0,9383.0,7677.0,8956.5,85300
2025-05-08 19:28:05.671660,8531.0,9384.1,7677.900000000001,8957.550000000001,85310
2025-05-08 19:29:05.671660,8532.0,9385.2,7678.8,8958.6,85320
2025-05-08 19:30:05.671660,8533.0,9386.300000000001,7679.7,8959.65,85330
2025-05-08 19:31:05.671660,8534.0,9387.400000000001,7680.6,8960.7,85340
2025-05-08 19:32:05.671660,8535.0,9388.5,7681.5,8961.75,85350
2025-05-08 19:33:05.671660,8536.0,9389.6,7682.400000000001,8962.800000000001,85360
2025-05-08 19:34:05.671660,8537.0,9390.7,7683.3,8963.85,85370
2025-05-08 19:35:05.671660,8538.0,9391.800000000001,7684.2,8964.9,85380
2025-05-08 19:36:05.671660,8539.0,9392.900000000001,7685.1,8965.95,85390
2025-05-08 19:37:05.671660,8540.0,9394.0,7686.0,8967.0,85400
2025-05-08 19:38:05.671660,8541.0,9395.1,7686.900000000001,8968.050000000001,85410
2025-05-08 19:39:05.671660,8542.0,9396.2,7687.8,8969.1,85420
2025-05-08 19:40:05.671660,8543.0,9397.300000000001,7688.7,8970.15,85430
2025-05-08 19:41:05.671660,8544.0,9398.400000000001,7689.6,8971.2,85440
2025-05-08 19:42:05.671660,8545.0,9399.5,7690.5,8972.25,85450
2025-05-08 19:43:05.671660,8546.0,9400.6,7691.400000000001,8973.300000000001,85460
2025-05-08 19:44:05.671660,8547.0,9401.7,7692.3,8974.35,85470
2025-05-08 19:45:05.671660,8548.0,9402.800000000001,7693.2,8975.4,85480
2025-05-08 19:46:05.671660,8549.0,9403.900000000001,7694.1,8976.45,85490
2025-05-08 19:47:05.671660,8550.0,9405.0,7695.0,8977.5,85500
2025-05-08 19:48:05.671660,8551.0,9406.1,7695.900000000001,8978.550000000001,85510
2025-05-08 19:49:05.671660,8552.0,9407.2,7696.8,8979.6,85520
2025-05-08 19:50:05.671660,8553.0,9408.300000000001,7697.7,8980.65,85530
2025-05-08 19:51:05.671660,8554.0,9409.400000000001,7698.6,8981.7,85540
2025-05-08 19:52:05.671660,8555.0,9410.5,7699.5,8982.75,85550
2025-05-08 19:53:05.671660,8556.0,9411.6,7700.400000000001,8983.800000000001,85560
2025-05-08 19:54:05.671660,8557.0,9412.7,7701.3,8984.85,85570
2025-05-08 19:55:05.671660,8558.0,9413.800000000001,7702.2,8985.9,85580
2025-05-08 19:56:05.671660,8559.0,9414.900000000001,7703.1,8986.95,85590
2025-05-08 19:57:05.671660,8560.0,9416.0,7704.0,8988.0,85600
2025-05-08 19:58:05.671660,8561.0,9417.1,7704.900000000001,8989.050000000001,85610
2025-05-08 19:59:05.671660,8562.0,9418.2,7705.8,8990.1,85620
2025-05-08 20:00:05.671660,8563.0,9419.300000000001,7706.7,8991.15,85630
2025-05-08 20:01:05.671660,8564.0,9420.400000000001,7707.6,8992.2,85640
2025-05-08 20:02:05.671660,8565.0,9421.5,7708.5,8993.25,85650
2025-05-08 20:03:05.671660,8566.0,9422.6,7709.400000000001,8994.300000000001,85660
2025-05-08 20:04:05.671660,8567.0,9423.7,7710.3,8995.35,85670
2025-05-08 20:05:05.671660,8568.0,9424.800000000001,7711.2,8996.4,85680
2025-05-08 20:06:05.671660,8569.0,9425.900000000001,7712.1,8997.45,85690
2025-05-08 20:07:05.671660,8570.0,9427.0,7713.0,8998.5,85700
2025-05-08 20:08:05.671660,8571.0,9428.1,7713.900000000001,8999.550000000001,85710
2025-05-08 20:09:05.671660,8572.0,9429.2,7714.8,9000.6,85720
2025-05-08 20:10:05.671660,8573.0,9430.300000000001,7715.7,9001.65,85730
2025-05-08 20:11:05.671660,8574.0,9431.400000000001,7716.6,9002.7,85740
2025-05-08 20:12:05.671660,8575.0,9432.5,7717.5,9003.75,85750
2025-05-08 20:13:05.671660,8576.0,9433.6,7718.400000000001,9004.800000000001,85760
2025-05-08 20:14:05.671660,8577.0,9434.7,7719.3,9005.85,85770
2025-05-08 20:15:05.671660,8578.0,9435.800000000001,7720.2,9006.9,85780
2025-05-08 20:16:05.671660,8579.0,9436.900000000001,7721.1,9007.95,85790
2025-05-08 20:17:05.671660,8580.0,9438.0,7722.0,9009.0,85800
2025-05-08 20:18:05.671660,8581.0,9439.1,7722.900000000001,9010.050000000001,85810
2025-05-08 20:19:05.671660,8582.0,9440.2,7723.8,9011.1,85820
2025-05-08 20:20:05.671660,8583.0,9441.300000000001,7724.7,9012.15,85830
2025-05-08 20:21:05.671660,8584.0,9442.400000000001,7725.6,9013.2,85840
2025-05-08 20:22:05.671660,8585.0,9443.5,7726.5,9014.25,85850
2025-05-08 20:23:05.671660,8586.0,9444.6,7727.400000000001,9015.300000000001,85860
2025-05-08 20:24:05.671660,8587.0,9445.7,7728.3,9016.35,85870
2025-05-08 20:25:05.671660,8588.0,9446.800000000001,7729.2,9017.4,85880
2025-05-08 20:26:05.671660,8589.0,9447.900000000001,7730.1,9018.45,85890
2025-05-08 20:27:05.671660,8590.0,9449.0,7731.0,9019.5,85900
2025-05-08 20:28:05.671660,8591.0,9450.1,7731.900000000001,9020.550000000001,85910
2025-05-08 20:29:05.671660,8592.0,9451.2,7732.8,9021.6,85920
2025-05-08 20:30:05.671660,8593.0,9452.300000000001,7733.7,9022.65,85930
2025-05-08 20:31:05.671660,8594.0,9453.400000000001,7734.6,9023.7,85940
2025-05-08 20:32:05.671660,8595.0,9454.5,7735.5,9024.75,85950
2025-05-08 20:33:05.671660,8596.0,9455.6,7736.400000000001,9025.800000000001,85960
2025-05-08 20:34:05.671660,8597.0,9456.7,7737.3,9026.85,85970
2025-05-08 20:35:05.671660,8598.0,9457.800000000001,7738.2,9027.9,85980
2025-05-08 20:36:05.671660,8599.0,9458.900000000001,7739.1,9028.95,85990
2025-05-08 20:37:05.671660,8600.0,9460.0,7740.0,9030.0,86000
2025-05-08 20:38:05.671660,8601.0,9461.1,7740.900000000001,9031.050000000001,86010
2025-05-08 20:39:05.671660,8602.0,9462.2,7741.8,9032.1,86020
2025-05-08 20:40:05.671660,8603.0,9463.300000000001,7742.7,9033.15,86030
2025-05-08 20:41:05.671660,8604.0,9464.400000000001,7743.6,9034.2,86040
2025-05-08 20:42:05.671660,8605.0,9465.5,7744.5,9035.25,86050
2025-05-08 20:43:05.671660,8606.0,9466.6,7745.400000000001,9036.300000000001,86060
2025-05-08 20:44:05.671660,8607.0,9467.7,7746.3,9037.35,86070
2025-05-08 20:45:05.671660,8608.0,9468.800000000001,7747.2,9038.4,86080
2025-05-08 20:46:05.671660,8609.0,9469.900000000001,7748.1,9039.45,86090
2025-05-08 20:47:05.671660,8610.0,9471.0,7749.0,9040.5,86100
2025-05-08 20:48:05.671660,8611.0,9472.1,7749.900000000001,9041.550000000001,86110
2025-05-08 20:49:05.671660,8612.0,9473.2,7750.8,9042.6,86120
2025-05-08 20:50:05.671660,8613.0,9474.300000000001,7751.7,9043.65,86130
2025-05-08 20:51:05.671660,8614.0,9475.400000000001,7752.6,9044.7,86140
2025-05-08 20:52:05.671660,8615.0,9476.5,7753.5,9045.75,86150
2025-05-08 20:53:05.671660,8616.0,9477.6,7754.400000000001,9046.800000000001,86160
2025-05-08 20:54:05.671660,8617.0,9478.7,7755.3,9047.85,86170
2025-05-08 20:55:05.671660,8618.0,9479.800000000001,7756.2,9048.9,86180
2025-05-08 20:56:05.671660,8619.0,9480.900000000001,7757.1,9049.95,86190
2025-05-08 20:57:05.671660,8620.0,9482.0,7758.0,9051.0,86200
2025-05-08 20:58:05.671660,8621.0,9483.1,7758.900000000001,9052.050000000001,86210
2025-05-08 20:59:05.671660,8622.0,9484.2,7759.8,9053.1,86220
2025-05-08 21:00:05.671660,8623.0,9485.300000000001,7760.7,9054.15,86230
2025-05-08 21:01:05.671660,8624.0,9486.400000000001,7761.6,9055.2,86240
2025-05-08 21:02:05.671660,8625.0,9487.5,7762.5,9056.25,86250
2025-05-08 21:03:05.671660,8626.0,9488.6,7763.400000000001,9057.300000000001,86260
2025-05-08 21:04:05.671660,8627.0,9489.7,7764.3,9058.35,86270
2025-05-08 21:05:05.671660,8628.0,9490.800000000001,7765.2,9059.4,86280
2025-05-08 21:06:05.671660,8629.0,9491.900000000001,7766.1,9060.45,86290
2025-05-08 21:07:05.671660,8630.0,9493.0,7767.0,9061.5,86300
2025-05-08 21:08:05.671660,8631.0,9494.1,7767.900000000001,9062.550000000001,86310
2025-05-08 21:09:05.671660,8632.0,9495.2,7768.8,9063.6,86320
2025-05-08 21:10:05.671660,8633.0,9496.300000000001,7769.7,9064.65,86330
2025-05-08 21:11:05.671660,8634.0,9497.400000000001,7770.6,9065.7,86340
2025-05-08 21:12:05.671660,8635.0,9498.5,7771.5,9066.75,86350
2025-05-08 21:13:05.671660,8636.0,9499.6,7772.400000000001,9067.800000000001,86360
2025-05-08 21:14:05.671660,8637.0,9500.7,7773.3,9068.85,86370
2025-05-08 21:15:05.671660,8638.0,9501.800000000001,7774.2,9069.9,86380
2025-05-08 21:16:05.671660,8639.0,9502.900000000001,7775.1,9070.95,86390
2025-05-08 21:17:05.671660,8640.0,9504.0,7776.0,9072.0,86400
2025-05-08 21:18:05.671660,8641.0,9505.1,7776.900000000001,9073.050000000001,86410
2025-05-08 21:19:05.671660,8642.0,9506.2,7777.8,9074.1,86420
2025-05-08 21:20:05.671660,8643.0,9507.300000000001,7778.7,9075.15,86430
2025-05-08 21:21:05.671660,8644.0,9508.400000000001,7779.6,9076.2,86440
2025-05-08 21:22:05.671660,8645.0,9509.5,7780.5,9077.25,86450
2025-05-08 21:23:05.671660,8646.0,9510.6,7781.400000000001,9078.300000000001,86460
2025-05-08 21:24:05.671660,8647.0,9511.7,7782.3,9079.35,86470
2025-05-08 21:25:05.671660,8648.0,9512.800000000001,7783.2,9080.4,86480
2025-05-08 21:26:05.671660,8649.0,9513.900000000001,7784.1,9081.45,86490
2025-05-08 21:27:05.671660,8650.0,9515.0,7785.0,9082.5,86500
2025-05-08 21:28:05.671660,8651.0,9516.1,7785.900000000001,9083.550000000001,86510
2025-05-08 21:29:05.671660,8652.0,9517.2,7786.8,9084.6,86520
2025-05-08 21:30:05.671660,8653.0,9518.300000000001,7787.7,9085.65,86530
2025-05-08 21:31:05.671660,8654.0,9519.400000000001,7788.6,9086.7,86540
2025-05-08 21:32:05.671660,8655.0,9520.5,7789.5,9087.75,86550
2025-05-08 21:33:05.671660,8656.0,9521.6,7790.400000000001,9088.800000000001,86560
2025-05-08 21:34:05.671660,8657.0,9522.7,7791.3,9089.85,86570
2025-05-08 21:35:05.671660,8658.0,9523.800000000001,7792.2,9090.9,86580
2025-05-08 21:36:05.671660,8659.0,9524.900000000001,7793.1,9091.95,86590
2025-05-08 21:37:05.671660,8660.0,9526.0,7794.0,9093.0,86600
2025-05-08 21:38:05.671660,8661.0,9527.1,7794.900000000001,9094.050000000001,86610
2025-05-08 21:39:05.671660,8662.0,9528.2,7795.8,9095.1,86620
2025-05-08 21:40:05.671660,8663.0,9529.300000000001,7796.7,9096.15,86630
2025-05-08 21:41:05.671660,8664.0,9530.400000000001,7797.6,9097.2,86640
2025-05-08 21:42:05.671660,8665.0,9531.5,7798.5,9098.25,86650
2025-05-08 21:43:05.671660,8666.0,9532.6,7799.400000000001,9099.300000000001,86660
2025-05-08 21:44:05.671660,8667.0,9533.7,7800.3,9100.35,86670
2025-05-08 21:45:05.671660,8668.0,9534.800000000001,7801.2,9101.4,86680
2025-05-08 21:46:05.671660,8669.0,9535.900000000001,7802.1,9102.45,86690
2025-05-08 21:47:05.671660,8670.0,9537.0,7803.0,9103.5,86700
2025-05-08 21:48:05.671660,8671.0,9538.1,7803.900000000001,9104.550000000001,86710
2025-05-08 21:49:05.671660,8672.0,9539.2,7804.8,9105.6,86720
2025-05-08 21:50:05.671660,8673.0,9540.300000000001,7805.7,9106.65,86730
2025-05-08 21:51:05.671660,8674.0,9541.400000000001,7806.6,9107.7,86740
2025-05-08 21:52:05.671660,8675.0,9542.5,7807.5,9108.75,86750
2025-05-08 21:53:05.671660,8676.0,9543.6,7808.400000000001,9109.800000000001,86760
2025-05-08 21:54:05.671660,8677.0,9544.7,7809.3,9110.85,86770
2025-05-08 21:55:05.671660,8678.0,9545.800000000001,7810.2,9111.9,86780
2025-05-08 21:56:05.671660,8679.0,9546.900000000001,7811.1,9112.95,86790
2025-05-08 21:57:05.671660,8680.0,9548.0,7812.0,9114.0,86800
2025-05-08 21:58:05.671660,8681.0,9549.1,7812.900000000001,9115.050000000001,86810
2025-05-08 21:59:05.671660,8682.0,9550.2,7813.8,9116.1,86820
2025-05-08 22:00:05.671660,8683.0,9551.300000000001,7814.7,9117.15,86830
2025-05-08 22:01:05.671660,8684.0,9552.400000000001,7815.6,9118.2,86840
2025-05-08 22:02:05.671660,8685.0,9553.5,7816.5,9119.25,86850
2025-05-08 22:03:05.671660,8686.0,9554.6,7817.400000000001,9120.300000000001,86860
2025-05-08 22:04:05.671660,8687.0,9555.7,7818.3,9121.35,86870
2025-05-08 22:05:05.671660,8688.0,9556.800000000001,7819.2,9122.4,86880
2025-05-08 22:06:05.671660,8689.0,9557.900000000001,7820.1,9123.45,86890
2025-05-08 22:07:05.671660,8690.0,9559.0,7821.0,9124.5,86900
2025-05-08 22:08:05.671660,8691.0,9560.1,7821.900000000001,9125.550000000001,86910
2025-05-08 22:09:05.671660,8692.0,9561.2,7822.8,9126.6,86920
2025-05-08 22:10:05.671660,8693.0,9562.300000000001,7823.7,9127.65,86930
2025-05-08 22:11:05.671660,8694.0,9563.400000000001,7824.6,9128.7,86940
2025-05-08 22:12:05.671660,8695.0,9564.5,7825.5,9129.75,86950
2025-05-08 22:13:05.671660,8696.0,9565.6,7826.400000000001,9130.800000000001,86960
2025-05-08 22:14:05.671660,8697.0,9566.7,7827.3,9131.85,86970
2025-05-08 22:15:05.671660,8698.0,9567.800000000001,7828.2,9132.9,86980
2025-05-08 22:16:05.671660,8699.0,9568.900000000001,7829.1,9133.95,86990
2025-05-08 22:17:05.671660,8700.0,9570.0,7830.0,9135.0,87000
2025-05-08 22:18:05.671660,8701.0,9571.1,7830.900000000001,9136.050000000001,87010
2025-05-08 22:19:05.671660,8702.0,9572.2,7831.8,9137.1,87020
2025-05-08 22:20:05.671660,8703.0,9573.300000000001,7832.7,9138.15,87030
2025-05-08 22:21:05.671660,8704.0,9574.400000000001,7833.6,9139.2,87040
2025-05-08 22:22:05.671660,8705.0,9575.5,7834.5,9140.25,87050
2025-05-08 22:23:05.671660,8706.0,9576.6,7835.400000000001,9141.300000000001,87060
2025-05-08 22:24:05.671660,8707.0,9577.7,7836.3,9142.35,87070
2025-05-08 22:25:05.671660,8708.0,9578.800000000001,7837.2,9143.4,87080
2025-05-08 22:26:05.671660,8709.0,9579.900000000001,7838.1,9144.45,87090
2025-05-08 22:27:05.671660,8710.0,9581.0,7839.0,9145.5,87100
2025-05-08 22:28:05.671660,8711.0,9582.1,7839.900000000001,9146.550000000001,87110
2025-05-08 22:29:05.671660,8712.0,9583.2,7840.8,9147.6,87120
2025-05-08 22:30:05.671660,8713.0,9584.300000000001,7841.7,9148.65,87130
2025-05-08 22:31:05.671660,8714.0,9585.400000000001,7842.6,9149.7,87140
2025-05-08 22:32:05.671660,8715.0,9586.5,7843.5,9150.75,87150
2025-05-08 22:33:05.671660,8716.0,9587.6,7844.400000000001,9151.800000000001,87160
2025-05-08 22:34:05.671660,8717.0,9588.7,7845.3,9152.85,87170
2025-05-08 22:35:05.671660,8718.0,9589.800000000001,7846.2,9153.9,87180
2025-05-08 22:36:05.671660,8719.0,9590.900000000001,7847.1,9154.95,87190
2025-05-08 22:37:05.671660,8720.0,9592.0,7848.0,9156.0,87200
2025-05-08 22:38:05.671660,8721.0,9593.1,7848.900000000001,9157.050000000001,87210
2025-05-08 22:39:05.671660,8722.0,9594.2,7849.8,9158.1,87220
2025-05-08 22:40:05.671660,8723.0,9595.300000000001,7850.7,9159.15,87230
2025-05-08 22:41:05.671660,8724.0,9596.400000000001,7851.6,9160.2,87240
2025-05-08 22:42:05.671660,8725.0,9597.5,7852.5,9161.25,87250
2025-05-08 22:43:05.671660,8726.0,9598.6,7853.400000000001,9162.300000000001,87260
2025-05-08 22:44:05.671660,8727.0,9599.7,7854.3,9163.35,87270
2025-05-08 22:45:05.671660,8728.0,9600.800000000001,7855.2,9164.4,87280
2025-05-08 22:46:05.671660,8729.0,9601.900000000001,7856.1,9165.45,87290
2025-05-08 22:47:05.671660,8730.0,9603.0,7857.0,9166.5,87300
2025-05-08 22:48:05.671660,8731.0,9604.1,7857.900000000001,9167.550000000001,87310
2025-05-08 22:49:05.671660,8732.0,9605.2,7858.8,9168.6,87320
2025-05-08 22:50:05.671660,8733.0,9606.300000000001,7859.7,9169.65,87330
2025-05-08 22:51:05.671660,8734.0,9607.400000000001,7860.6,9170.7,87340
2025-05-08 22:52:05.671660,8735.0,9608.5,7861.5,9171.75,87350
2025-05-08 22:53:05.671660,8736.0,9609.6,7862.400000000001,9172.800000000001,87360
2025-05-08 22:54:05.671660,8737.0,9610.7,7863.3,9173.85,87370
2025-05-08 22:55:05.671660,8738.0,9611.800000000001,7864.2,9174.9,87380
2025-05-08 22:56:05.671660,8739.0,9612.900000000001,7865.1,9175.95,87390
2025-05-08 22:57:05.671660,8740.0,9614.0,7866.0,9177.0,87400
2025-05-08 22:58:05.671660,8741.0,9615.1,7866.900000000001,9178.050000000001,87410
2025-05-08 22:59:05.671660,8742.0,9616.2,7867.8,9179.1,87420
2025-05-08 23:00:05.671660,8743.0,9617.300000000001,7868.7,9180.15,87430
2025-05-08 23:01:05.671660,8744.0,9618.400000000001,7869.6,9181.2,87440
2025-05-08 23:02:05.671660,8745.0,9619.5,7870.5,9182.25,87450
2025-05-08 23:03:05.671660,8746.0,9620.6,7871.400000000001,9183.300000000001,87460
2025-05-08 23:04:05.671660,8747.0,9621.7,7872.3,9184.35,87470
2025-05-08 23:05:05.671660,8748.0,9622.800000000001,7873.2,9185.4,87480
2025-05-08 23:06:05.671660,8749.0,9623.900000000001,7874.1,9186.45,87490
2025-05-08 23:07:05.671660,8750.0,9625.0,7875.0,9187.5,87500
2025-05-08 23:08:05.671660,8751.0,9626.1,7875.900000000001,9188.550000000001,87510
2025-05-08 23:09:05.671660,8752.0,9627.2,7876.8,9189.6,87520
2025-05-08 23:10:05.671660,8753.0,9628.300000000001,7877.7,9190.65,87530
2025-05-08 23:11:05.671660,8754.0,9629.400000000001,7878.6,9191.7,87540
2025-05-08 23:12:05.671660,8755.0,9630.5,7879.5,9192.75,87550
2025-05-08 23:13:05.671660,8756.0,9631.6,7880.400000000001,9193.800000000001,87560
2025-05-08 23:14:05.671660,8757.0,9632.7,7881.3,9194.85,87570
2025-05-08 23:15:05.671660,8758.0,9633.800000000001,7882.2,9195.9,87580
2025-05-08 23:16:05.671660,8759.0,9634.900000000001,7883.1,9196.95,87590
2025-05-08 23:17:05.671660,8760.0,9636.0,7884.0,9198.0,87600
2025-05-08 23:18:05.671660,8761.0,9637.1,7884.900000000001,9199.050000000001,87610
2025-05-08 23:19:05.671660,8762.0,9638.2,7885.8,9200.1,87620
2025-05-08 23:20:05.671660,8763.0,9639.300000000001,7886.7,9201.15,87630
2025-05-08 23:21:05.671660,8764.0,9640.400000000001,7887.6,9202.2,87640
2025-05-08 23:22:05.671660,8765.0,9641.5,7888.5,9203.25,87650
2025-05-08 23:23:05.671660,8766.0,9642.6,7889.400000000001,9204.300000000001,87660
2025-05-08 23:24:05.671660,8767.0,9643.7,7890.3,9205.35,87670
2025-05-08 23:25:05.671660,8768.0,9644.800000000001,7891.2,9206.4,87680
2025-05-08 23:26:05.671660,8769.0,9645.900000000001,7892.1,9207.45,87690
2025-05-08 23:27:05.671660,8770.0,9647.0,7893.0,9208.5,87700
2025-05-08 23:28:05.671660,8771.0,9648.1,7893.900000000001,9209.550000000001,87710
2025-05-08 23:29:05.671660,8772.0,9649.2,7894.8,9210.6,87720
2025-05-08 23:30:05.671660,8773.0,9650.300000000001,7895.7,9211.65,87730
2025-05-08 23:31:05.671660,8774.0,9651.400000000001,7896.6,9212.7,87740
2025-05-08 23:32:05.671660,8775.0,9652.5,7897.5,9213.75,87750
2025-05-08 23:33:05.671660,8776.0,9653.6,7898.400000000001,9214.800000000001,87760
2025-05-08 23:34:05.671660,8777.0,9654.7,7899.3,9215.85,87770
2025-05-08 23:35:05.671660,8778.0,9655.800000000001,7900.2,9216.9,87780
2025-05-08 23:36:05.671660,8779.0,9656.900000000001,7901.1,9217.95,87790
2025-05-08 23:37:05.671660,8780.0,9658.0,7902.0,9219.0,87800
2025-05-08 23:38:05.671660,8781.0,9659.1,7902.900000000001,9220.050000000001,87810
2025-05-08 23:39:05.671660,8782.0,9660.2,7903.8,9221.1,87820
2025-05-08 23:40:05.671660,8783.0,9661.300000000001,7904.7,9222.15,87830
2025-05-08 23:41:05.671660,8784.0,9662.400000000001,7905.6,9223.2,87840
2025-05-08 23:42:05.671660,8785.0,9663.5,7906.5,9224.25,87850
2025-05-08 23:43:05.671660,8786.0,9664.6,7907.400000000001,9225.300000000001,87860
2025-05-08 23:44:05.671660,8787.0,9665.7,7908.3,9226.35,87870
2025-05-08 23:45:05.671660,8788.0,9666.800000000001,7909.2,9227.4,87880
2025-05-08 23:46:05.671660,8789.0,9667.900000000001,7910.1,9228.45,87890
2025-05-08 23:47:05.671660,8790.0,9669.0,7911.0,9229.5,87900
2025-05-08 23:48:05.671660,8791.0,9670.1,7911.900000000001,9230.550000000001,87910
2025-05-08 23:49:05.671660,8792.0,9671.2,7912.8,9231.6,87920
2025-05-08 23:50:05.671660,8793.0,9672.300000000001,7913.7,9232.65,87930
2025-05-08 23:51:05.671660,8794.0,9673.400000000001,7914.6,9233.7,87940
2025-05-08 23:52:05.671660,8795.0,9674.5,7915.5,9234.75,87950
2025-05-08 23:53:05.671660,8796.0,9675.6,7916.400000000001,9235.800000000001,87960
2025-05-08 23:54:05.671660,8797.0,9676.7,7917.3,9236.85,87970
2025-05-08 23:55:05.671660,8798.0,9677.800000000001,7918.2,9237.9,87980
2025-05-08 23:56:05.671660,8799.0,9678.900000000001,7919.1,9238.95,87990
2025-05-08 23:57:05.671660,8800.0,9680.0,7920.0,9240.0,88000
2025-05-08 23:58:05.671660,8801.0,9681.1,7920.900000000001,9241.050000000001,88010
2025-05-08 23:59:05.671660,8802.0,9682.2,7921.8,9242.1,88020
2025-05-09 00:00:05.671660,8803.0,9683.300000000001,7922.7,9243.15,88030
2025-05-09 00:01:05.671660,8804.0,9684.400000000001,7923.6,9244.2,88040
2025-05-09 00:02:05.671660,8805.0,9685.5,7924.5,9245.25,88050
2025-05-09 00:03:05.671660,8806.0,9686.6,7925.400000000001,9246.300000000001,88060
2025-05-09 00:04:05.671660,8807.0,9687.7,7926.3,9247.35,88070
2025-05-09 00:05:05.671660,8808.0,9688.800000000001,7927.2,9248.4,88080
2025-05-09 00:06:05.671660,8809.0,9689.900000000001,7928.1,9249.45,88090
2025-05-09 00:07:05.671660,8810.0,9691.0,7929.0,9250.5,88100
2025-05-09 00:08:05.671660,8811.0,9692.1,7929.900000000001,9251.550000000001,88110
2025-05-09 00:09:05.671660,8812.0,9693.2,7930.8,9252.6,88120
2025-05-09 00:10:05.671660,8813.0,9694.300000000001,7931.7,9253.65,88130
2025-05-09 00:11:05.671660,8814.0,9695.400000000001,7932.6,9254.7,88140
2025-05-09 00:12:05.671660,8815.0,9696.5,7933.5,9255.75,88150
2025-05-09 00:13:05.671660,8816.0,9697.6,7934.400000000001,9256.800000000001,88160
2025-05-09 00:14:05.671660,8817.0,9698.7,7935.3,9257.85,88170
2025-05-09 00:15:05.671660,8818.0,9699.800000000001,7936.2,9258.9,88180
2025-05-09 00:16:05.671660,8819.0,9700.900000000001,7937.1,9259.95,88190
2025-05-09 00:17:05.671660,8820.0,9702.0,7938.0,9261.0,88200
2025-05-09 00:18:05.671660,8821.0,9703.1,7938.900000000001,9262.050000000001,88210
2025-05-09 00:19:05.671660,8822.0,9704.2,7939.8,9263.1,88220
2025-05-09 00:20:05.671660,8823.0,9705.300000000001,7940.7,9264.15,88230
2025-05-09 00:21:05.671660,8824.0,9706.400000000001,7941.6,9265.2,88240
2025-05-09 00:22:05.671660,8825.0,9707.5,7942.5,9266.25,88250
2025-05-09 00:23:05.671660,8826.0,9708.6,7943.400000000001,9267.300000000001,88260
2025-05-09 00:24:05.671660,8827.0,9709.7,7944.3,9268.35,88270
2025-05-09 00:25:05.671660,8828.0,9710.800000000001,7945.2,9269.4,88280
2025-05-09 00:26:05.671660,8829.0,9711.900000000001,7946.1,9270.45,88290
2025-05-09 00:27:05.671660,8830.0,9713.0,7947.0,9271.5,88300
2025-05-09 00:28:05.671660,8831.0,9714.1,7947.900000000001,9272.550000000001,88310
2025-05-09 00:29:05.671660,8832.0,9715.2,7948.8,9273.6,88320
2025-05-09 00:30:05.671660,8833.0,9716.300000000001,7949.7,9274.65,88330
2025-05-09 00:31:05.671660,8834.0,9717.400000000001,7950.6,9275.7,88340
2025-05-09 00:32:05.671660,8835.0,9718.5,7951.5,9276.75,88350
2025-05-09 00:33:05.671660,8836.0,9719.6,7952.400000000001,9277.800000000001,88360
2025-05-09 00:34:05.671660,8837.0,9720.7,7953.3,9278.85,88370
2025-05-09 00:35:05.671660,8838.0,9721.800000000001,7954.2,9279.9,88380
2025-05-09 00:36:05.671660,8839.0,9722.900000000001,7955.1,9280.95,88390
2025-05-09 00:37:05.671660,8840.0,9724.0,7956.0,9282.0,88400
2025-05-09 00:38:05.671660,8841.0,9725.1,7956.900000000001,9283.050000000001,88410
2025-05-09 00:39:05.671660,8842.0,9726.2,7957.8,9284.1,88420
2025-05-09 00:40:05.671660,8843.0,9727.300000000001,7958.7,9285.15,88430
2025-05-09 00:41:05.671660,8844.0,9728.400000000001,7959.6,9286.2,88440
2025-05-09 00:42:05.671660,8845.0,9729.5,7960.5,9287.25,88450
2025-05-09 00:43:05.671660,8846.0,9730.6,7961.400000000001,9288.300000000001,88460
2025-05-09 00:44:05.671660,8847.0,9731.7,7962.3,9289.35,88470
2025-05-09 00:45:05.671660,8848.0,9732.800000000001,7963.2,9290.4,88480
2025-05-09 00:46:05.671660,8849.0,9733.900000000001,7964.1,9291.45,88490
2025-05-09 00:47:05.671660,8850.0,9735.0,7965.0,9292.5,88500
2025-05-09 00:48:05.671660,8851.0,9736.1,7965.900000000001,9293.550000000001,88510
2025-05-09 00:49:05.671660,8852.0,9737.2,7966.8,9294.6,88520
2025-05-09 00:50:05.671660,8853.0,9738.300000000001,7967.7,9295.65,88530
2025-05-09 00:51:05.671660,8854.0,9739.400000000001,7968.6,9296.7,88540
2025-05-09 00:52:05.671660,8855.0,9740.5,7969.5,9297.75,88550
2025-05-09 00:53:05.671660,8856.0,9741.6,7970.400000000001,9298.800000000001,88560
2025-05-09 00:54:05.671660,8857.0,9742.7,7971.3,9299.85,88570
2025-05-09 00:55:05.671660,8858.0,9743.800000000001,7972.2,9300.9,88580
2025-05-09 00:56:05.671660,8859.0,9744.900000000001,7973.1,9301.95,88590
2025-05-09 00:57:05.671660,8860.0,9746.0,7974.0,9303.0,88600
2025-05-09 00:58:05.671660,8861.0,9747.1,7974.900000000001,9304.050000000001,88610
2025-05-09 00:59:05.671660,8862.0,9748.2,7975.8,9305.1,88620
2025-05-09 01:00:05.671660,8863.0,9749.300000000001,7976.7,9306.15,88630
2025-05-09 01:01:05.671660,8864.0,9750.400000000001,7977.6,9307.2,88640
2025-05-09 01:02:05.671660,8865.0,9751.5,7978.5,9308.25,88650
2025-05-09 01:03:05.671660,8866.0,9752.6,7979.400000000001,9309.300000000001,88660
2025-05-09 01:04:05.671660,8867.0,9753.7,7980.3,9310.35,88670
2025-05-09 01:05:05.671660,8868.0,9754.800000000001,7981.2,9311.4,88680
2025-05-09 01:06:05.671660,8869.0,9755.900000000001,7982.1,9312.45,88690
2025-05-09 01:07:05.671660,8870.0,9757.0,7983.0,9313.5,88700
2025-05-09 01:08:05.671660,8871.0,9758.1,7983.900000000001,9314.550000000001,88710
2025-05-09 01:09:05.671660,8872.0,9759.2,7984.8,9315.6,88720
2025-05-09 01:10:05.671660,8873.0,9760.300000000001,7985.7,9316.65,88730
2025-05-09 01:11:05.671660,8874.0,9761.400000000001,7986.6,9317.7,88740
2025-05-09 01:12:05.671660,8875.0,9762.5,7987.5,9318.75,88750
2025-05-09 01:13:05.671660,8876.0,9763.6,7988.400000000001,9319.800000000001,88760
2025-05-09 01:14:05.671660,8877.0,9764.7,7989.3,9320.85,88770
2025-05-09 01:15:05.671660,8878.0,9765.800000000001,7990.2,9321.9,88780
2025-05-09 01:16:05.671660,8879.0,9766.900000000001,7991.1,9322.95,88790
2025-05-09 01:17:05.671660,8880.0,9768.0,7992.0,9324.0,88800
2025-05-09 01:18:05.671660,8881.0,9769.1,7992.900000000001,9325.050000000001,88810
2025-05-09 01:19:05.671660,8882.0,9770.2,7993.8,9326.1,88820
2025-05-09 01:20:05.671660,8883.0,9771.300000000001,7994.7,9327.15,88830
2025-05-09 01:21:05.671660,8884.0,9772.400000000001,7995.6,9328.2,88840
2025-05-09 01:22:05.671660,8885.0,9773.5,7996.5,9329.25,88850
2025-05-09 01:23:05.671660,8886.0,9774.6,7997.400000000001,9330.300000000001,88860
2025-05-09 01:24:05.671660,8887.0,9775.7,7998.3,9331.35,88870
2025-05-09 01:25:05.671660,8888.0,9776.800000000001,7999.2,9332.4,88880
2025-05-09 01:26:05.671660,8889.0,9777.900000000001,8000.1,9333.45,88890
2025-05-09 01:27:05.671660,8890.0,9779.0,8001.0,9334.5,88900
2025-05-09 01:28:05.671660,8891.0,9780.1,8001.900000000001,9335.550000000001,88910
2025-05-09 01:29:05.671660,8892.0,9781.2,8002.8,9336.6,88920
2025-05-09 01:30:05.671660,8893.0,9782.300000000001,8003.7,9337.65,88930
2025-05-09 01:31:05.671660,8894.0,9783.400000000001,8004.6,9338.7,88940
2025-05-09 01:32:05.671660,8895.0,9784.5,8005.5,9339.75,88950
2025-05-09 01:33:05.671660,8896.0,9785.6,8006.400000000001,9340.800000000001,88960
2025-05-09 01:34:05.671660,8897.0,9786.7,8007.3,9341.85,88970
2025-05-09 01:35:05.671660,8898.0,9787.800000000001,8008.2,9342.9,88980
2025-05-09 01:36:05.671660,8899.0,9788.900000000001,8009.1,9343.95,88990
2025-05-09 01:37:05.671660,8900.0,9790.0,8010.0,9345.0,89000
2025-05-09 01:38:05.671660,8901.0,9791.1,8010.900000000001,9346.050000000001,89010
2025-05-09 01:39:05.671660,8902.0,9792.2,8011.8,9347.1,89020
2025-05-09 01:40:05.671660,8903.0,9793.300000000001,8012.7,9348.15,89030
2025-05-09 01:41:05.671660,8904.0,9794.400000000001,8013.6,9349.2,89040
2025-05-09 01:42:05.671660,8905.0,9795.5,8014.5,9350.25,89050
2025-05-09 01:43:05.671660,8906.0,9796.6,8015.400000000001,9351.300000000001,89060
2025-05-09 01:44:05.671660,8907.0,9797.7,8016.3,9352.35,89070
2025-05-09 01:45:05.671660,8908.0,9798.800000000001,8017.2,9353.4,89080
2025-05-09 01:46:05.671660,8909.0,9799.900000000001,8018.1,9354.45,89090
2025-05-09 01:47:05.671660,8910.0,9801.0,8019.0,9355.5,89100
2025-05-09 01:48:05.671660,8911.0,9802.1,8019.900000000001,9356.550000000001,89110
2025-05-09 01:49:05.671660,8912.0,9803.2,8020.8,9357.6,89120
2025-05-09 01:50:05.671660,8913.0,9804.300000000001,8021.7,9358.65,89130
2025-05-09 01:51:05.671660,8914.0,9805.400000000001,8022.6,9359.7,89140
2025-05-09 01:52:05.671660,8915.0,9806.5,8023.5,9360.75,89150
2025-05-09 01:53:05.671660,8916.0,9807.6,8024.400000000001,9361.800000000001,89160
2025-05-09 01:54:05.671660,8917.0,9808.7,8025.3,9362.85,89170
2025-05-09 01:55:05.671660,8918.0,9809.800000000001,8026.2,9363.9,89180
2025-05-09 01:56:05.671660,8919.0,9810.900000000001,8027.1,9364.95,89190
2025-05-09 01:57:05.671660,8920.0,9812.0,8028.0,9366.0,89200
2025-05-09 01:58:05.671660,8921.0,9813.1,8028.900000000001,9367.050000000001,89210
2025-05-09 01:59:05.671660,8922.0,9814.2,8029.8,9368.1,89220
2025-05-09 02:00:05.671660,8923.0,9815.300000000001,8030.7,9369.15,89230
2025-05-09 02:01:05.671660,8924.0,9816.400000000001,8031.6,9370.2,89240
2025-05-09 02:02:05.671660,8925.0,9817.5,8032.5,9371.25,89250
2025-05-09 02:03:05.671660,8926.0,9818.6,8033.400000000001,9372.300000000001,89260
2025-05-09 02:04:05.671660,8927.0,9819.7,8034.3,9373.35,89270
2025-05-09 02:05:05.671660,8928.0,9820.800000000001,8035.2,9374.4,89280
2025-05-09 02:06:05.671660,8929.0,9821.900000000001,8036.1,9375.45,89290
2025-05-09 02:07:05.671660,8930.0,9823.0,8037.0,9376.5,89300
2025-05-09 02:08:05.671660,8931.0,9824.1,8037.900000000001,9377.550000000001,89310
2025-05-09 02:09:05.671660,8932.0,9825.2,8038.8,9378.6,89320
2025-05-09 02:10:05.671660,8933.0,9826.300000000001,8039.7,9379.65,89330
2025-05-09 02:11:05.671660,8934.0,9827.400000000001,8040.6,9380.7,89340
2025-05-09 02:12:05.671660,8935.0,9828.5,8041.5,9381.75,89350
2025-05-09 02:13:05.671660,8936.0,9829.6,8042.400000000001,9382.800000000001,89360
2025-05-09 02:14:05.671660,8937.0,9830.7,8043.3,9383.85,89370
2025-05-09 02:15:05.671660,8938.0,9831.800000000001,8044.2,9384.9,89380
2025-05-09 02:16:05.671660,8939.0,9832.900000000001,8045.1,9385.95,89390
2025-05-09 02:17:05.671660,8940.0,9834.0,8046.0,9387.0,89400
2025-05-09 02:18:05.671660,8941.0,9835.1,8046.900000000001,9388.050000000001,89410
2025-05-09 02:19:05.671660,8942.0,9836.2,8047.8,9389.1,89420
2025-05-09 02:20:05.671660,8943.0,9837.300000000001,8048.7,9390.15,89430
2025-05-09 02:21:05.671660,8944.0,9838.400000000001,8049.6,9391.2,89440
2025-05-09 02:22:05.671660,8945.0,9839.5,8050.5,9392.25,89450
2025-05-09 02:23:05.671660,8946.0,9840.6,8051.400000000001,9393.300000000001,89460
2025-05-09 02:24:05.671660,8947.0,9841.7,8052.3,9394.35,89470
2025-05-09 02:25:05.671660,8948.0,9842.800000000001,8053.2,9395.4,89480
2025-05-09 02:26:05.671660,8949.0,9843.900000000001,8054.1,9396.45,89490
2025-05-09 02:27:05.671660,8950.0,9845.0,8055.0,9397.5,89500
2025-05-09 02:28:05.671660,8951.0,9846.1,8055.900000000001,9398.550000000001,89510
2025-05-09 02:29:05.671660,8952.0,9847.2,8056.8,9399.6,89520
2025-05-09 02:30:05.671660,8953.0,9848.300000000001,8057.7,9400.65,89530
2025-05-09 02:31:05.671660,8954.0,9849.400000000001,8058.6,9401.7,89540
2025-05-09 02:32:05.671660,8955.0,9850.5,8059.5,9402.75,89550
2025-05-09 02:33:05.671660,8956.0,9851.6,8060.400000000001,9403.800000000001,89560
2025-05-09 02:34:05.671660,8957.0,9852.7,8061.3,9404.85,89570
2025-05-09 02:35:05.671660,8958.0,9853.800000000001,8062.2,9405.9,89580
2025-05-09 02:36:05.671660,8959.0,9854.900000000001,8063.1,9406.95,89590
2025-05-09 02:37:05.671660,8960.0,9856.0,8064.0,9408.0,89600
2025-05-09 02:38:05.671660,8961.0,9857.1,8064.900000000001,9409.050000000001,89610
2025-05-09 02:39:05.671660,8962.0,9858.2,8065.8,9410.1,89620
2025-05-09 02:40:05.671660,8963.0,9859.300000000001,8066.7,9411.15,89630
2025-05-09 02:41:05.671660,8964.0,9860.400000000001,8067.6,9412.2,89640
2025-05-09 02:42:05.671660,8965.0,9861.5,8068.5,9413.25,89650
2025-05-09 02:43:05.671660,8966.0,9862.6,8069.400000000001,9414.300000000001,89660
2025-05-09 02:44:05.671660,8967.0,9863.7,8070.3,9415.35,89670
2025-05-09 02:45:05.671660,8968.0,9864.800000000001,8071.2,9416.4,89680
2025-05-09 02:46:05.671660,8969.0,9865.900000000001,8072.1,9417.45,89690
2025-05-09 02:47:05.671660,8970.0,9867.0,8073.0,9418.5,89700
2025-05-09 02:48:05.671660,8971.0,9868.1,8073.900000000001,9419.550000000001,89710
2025-05-09 02:49:05.671660,8972.0,9869.2,8074.8,9420.6,89720
2025-05-09 02:50:05.671660,8973.0,9870.300000000001,8075.7,9421.65,89730
2025-05-09 02:51:05.671660,8974.0,9871.400000000001,8076.6,9422.7,89740
2025-05-09 02:52:05.671660,8975.0,9872.5,8077.5,9423.75,89750
2025-05-09 02:53:05.671660,8976.0,9873.6,8078.400000000001,9424.800000000001,89760
2025-05-09 02:54:05.671660,8977.0,9874.7,8079.3,9425.85,89770
2025-05-09 02:55:05.671660,8978.0,9875.800000000001,8080.2,9426.9,89780
2025-05-09 02:56:05.671660,8979.0,9876.900000000001,8081.1,9427.95,89790
2025-05-09 02:57:05.671660,8980.0,9878.0,8082.0,9429.0,89800
2025-05-09 02:58:05.671660,8981.0,9879.1,8082.900000000001,9430.050000000001,89810
2025-05-09 02:59:05.671660,8982.0,9880.2,8083.8,9431.1,89820
2025-05-09 03:00:05.671660,8983.0,9881.300000000001,8084.7,9432.15,89830
2025-05-09 03:01:05.671660,8984.0,9882.400000000001,8085.6,9433.2,89840
2025-05-09 03:02:05.671660,8985.0,9883.5,8086.5,9434.25,89850
2025-05-09 03:03:05.671660,8986.0,9884.6,8087.400000000001,9435.300000000001,89860
2025-05-09 03:04:05.671660,8987.0,9885.7,8088.3,9436.35,89870
2025-05-09 03:05:05.671660,8988.0,9886.800000000001,8089.2,9437.4,89880
2025-05-09 03:06:05.671660,8989.0,9887.900000000001,8090.1,9438.45,89890
2025-05-09 03:07:05.671660,8990.0,9889.0,8091.0,9439.5,89900
2025-05-09 03:08:05.671660,8991.0,9890.1,8091.900000000001,9440.550000000001,89910
2025-05-09 03:09:05.671660,8992.0,9891.2,8092.8,9441.6,89920
2025-05-09 03:10:05.671660,8993.0,9892.300000000001,8093.7,9442.65,89930
2025-05-09 03:11:05.671660,8994.0,9893.400000000001,8094.6,9443.7,89940
2025-05-09 03:12:05.671660,8995.0,9894.5,8095.5,9444.75,89950
2025-05-09 03:13:05.671660,8996.0,9895.6,8096.400000000001,9445.800000000001,89960
2025-05-09 03:14:05.671660,8997.0,9896.7,8097.3,9446.85,89970
2025-05-09 03:15:05.671660,8998.0,9897.800000000001,8098.2,9447.9,89980
2025-05-09 03:16:05.671660,8999.0,9898.900000000001,8099.1,9448.95,89990
2025-05-09 03:17:05.671660,9000.0,9900.0,8100.0,9450.0,90000
2025-05-09 03:18:05.671660,9001.0,9901.1,8100.900000000001,9451.050000000001,90010
2025-05-09 03:19:05.671660,9002.0,9902.2,8101.8,9452.1,90020
2025-05-09 03:20:05.671660,9003.0,9903.300000000001,8102.7,9453.15,90030
2025-05-09 03:21:05.671660,9004.0,9904.400000000001,8103.6,9454.2,90040
2025-05-09 03:22:05.671660,9005.0,9905.5,8104.5,9455.25,90050
2025-05-09 03:23:05.671660,9006.0,9906.6,8105.400000000001,9456.300000000001,90060
2025-05-09 03:24:05.671660,9007.0,9907.7,8106.3,9457.35,90070
2025-05-09 03:25:05.671660,9008.0,9908.800000000001,8107.2,9458.4,90080
2025-05-09 03:26:05.671660,9009.0,9909.900000000001,8108.1,9459.45,90090
2025-05-09 03:27:05.671660,9010.0,9911.0,8109.0,9460.5,90100
2025-05-09 03:28:05.671660,9011.0,9912.1,8109.900000000001,9461.550000000001,90110
2025-05-09 03:29:05.671660,9012.0,9913.2,8110.8,9462.6,90120
2025-05-09 03:30:05.671660,9013.0,9914.300000000001,8111.7,9463.65,90130
2025-05-09 03:31:05.671660,9014.0,9915.400000000001,8112.6,9464.7,90140
2025-05-09 03:32:05.671660,9015.0,9916.5,8113.5,9465.75,90150
2025-05-09 03:33:05.671660,9016.0,9917.6,8114.400000000001,9466.800000000001,90160
2025-05-09 03:34:05.671660,9017.0,9918.7,8115.3,9467.85,90170
2025-05-09 03:35:05.671660,9018.0,9919.800000000001,8116.2,9468.9,90180
2025-05-09 03:36:05.671660,9019.0,9920.900000000001,8117.1,9469.95,90190
2025-05-09 03:37:05.671660,9020.0,9922.0,8118.0,9471.0,90200
2025-05-09 03:38:05.671660,9021.0,9923.1,8118.900000000001,9472.050000000001,90210
2025-05-09 03:39:05.671660,9022.0,9924.2,8119.8,9473.1,90220
2025-05-09 03:40:05.671660,9023.0,9925.300000000001,8120.7,9474.15,90230
2025-05-09 03:41:05.671660,9024.0,9926.400000000001,8121.6,9475.2,90240
2025-05-09 03:42:05.671660,9025.0,9927.5,8122.5,9476.25,90250
2025-05-09 03:43:05.671660,9026.0,9928.6,8123.400000000001,9477.300000000001,90260
2025-05-09 03:44:05.671660,9027.0,9929.7,8124.3,9478.35,90270
2025-05-09 03:45:05.671660,9028.0,9930.800000000001,8125.2,9479.4,90280
2025-05-09 03:46:05.671660,9029.0,9931.900000000001,8126.1,9480.45,90290
2025-05-09 03:47:05.671660,9030.0,9933.0,8127.0,9481.5,90300
2025-05-09 03:48:05.671660,9031.0,9934.1,8127.900000000001,9482.550000000001,90310
2025-05-09 03:49:05.671660,9032.0,9935.2,8128.8,9483.6,90320
2025-05-09 03:50:05.671660,9033.0,9936.300000000001,8129.7,9484.65,90330
2025-05-09 03:51:05.671660,9034.0,9937.400000000001,8130.6,9485.7,90340
2025-05-09 03:52:05.671660,9035.0,9938.5,8131.5,9486.75,90350
2025-05-09 03:53:05.671660,9036.0,9939.6,8132.400000000001,9487.800000000001,90360
2025-05-09 03:54:05.671660,9037.0,9940.7,8133.3,9488.85,90370
2025-05-09 03:55:05.671660,9038.0,9941.800000000001,8134.2,9489.9,90380
2025-05-09 03:56:05.671660,9039.0,9942.900000000001,8135.1,9490.95,90390
2025-05-09 03:57:05.671660,9040.0,9944.0,8136.0,9492.0,90400
2025-05-09 03:58:05.671660,9041.0,9945.1,8136.900000000001,9493.050000000001,90410
2025-05-09 03:59:05.671660,9042.0,9946.2,8137.8,9494.1,90420
2025-05-09 04:00:05.671660,9043.0,9947.300000000001,8138.7,9495.15,90430
2025-05-09 04:01:05.671660,9044.0,9948.400000000001,8139.6,9496.2,90440
2025-05-09 04:02:05.671660,9045.0,9949.5,8140.5,9497.25,90450
2025-05-09 04:03:05.671660,9046.0,9950.6,8141.400000000001,9498.300000000001,90460
2025-05-09 04:04:05.671660,9047.0,9951.7,8142.3,9499.35,90470
2025-05-09 04:05:05.671660,9048.0,9952.800000000001,8143.2,9500.4,90480
2025-05-09 04:06:05.671660,9049.0,9953.900000000001,8144.1,9501.45,90490
2025-05-09 04:07:05.671660,9050.0,9955.0,8145.0,9502.5,90500
2025-05-09 04:08:05.671660,9051.0,9956.1,8145.900000000001,9503.550000000001,90510
2025-05-09 04:09:05.671660,9052.0,9957.2,8146.8,9504.6,90520
2025-05-09 04:10:05.671660,9053.0,9958.300000000001,8147.7,9505.65,90530
2025-05-09 04:11:05.671660,9054.0,9959.400000000001,8148.6,9506.7,90540
2025-05-09 04:12:05.671660,9055.0,9960.5,8149.5,9507.75,90550
2025-05-09 04:13:05.671660,9056.0,9961.6,8150.400000000001,9508.800000000001,90560
2025-05-09 04:14:05.671660,9057.0,9962.7,8151.3,9509.85,90570
2025-05-09 04:15:05.671660,9058.0,9963.800000000001,8152.2,9510.9,90580
2025-05-09 04:16:05.671660,9059.0,9964.900000000001,8153.1,9511.95,90590
2025-05-09 04:17:05.671660,9060.0,9966.0,8154.0,9513.0,90600
2025-05-09 04:18:05.671660,9061.0,9967.1,8154.900000000001,9514.050000000001,90610
2025-05-09 04:19:05.671660,9062.0,9968.2,8155.8,9515.1,90620
2025-05-09 04:20:05.671660,9063.0,9969.300000000001,8156.7,9516.15,90630
2025-05-09 04:21:05.671660,9064.0,9970.400000000001,8157.6,9517.2,90640
2025-05-09 04:22:05.671660,9065.0,9971.5,8158.5,9518.25,90650
2025-05-09 04:23:05.671660,9066.0,9972.6,8159.400000000001,9519.300000000001,90660
2025-05-09 04:24:05.671660,9067.0,9973.7,8160.3,9520.35,90670
2025-05-09 04:25:05.671660,9068.0,9974.800000000001,8161.2,9521.4,90680
2025-05-09 04:26:05.671660,9069.0,9975.900000000001,8162.1,9522.45,90690
2025-05-09 04:27:05.671660,9070.0,9977.0,8163.0,9523.5,90700
2025-05-09 04:28:05.671660,9071.0,9978.1,8163.900000000001,9524.550000000001,90710
2025-05-09 04:29:05.671660,9072.0,9979.2,8164.8,9525.6,90720
2025-05-09 04:30:05.671660,9073.0,9980.300000000001,8165.7,9526.65,90730
2025-05-09 04:31:05.671660,9074.0,9981.400000000001,8166.6,9527.7,90740
2025-05-09 04:32:05.671660,9075.0,9982.5,8167.5,9528.75,90750
2025-05-09 04:33:05.671660,9076.0,9983.6,8168.400000000001,9529.800000000001,90760
2025-05-09 04:34:05.671660,9077.0,9984.7,8169.3,9530.85,90770
2025-05-09 04:35:05.671660,9078.0,9985.800000000001,8170.2,9531.9,90780
2025-05-09 04:36:05.671660,9079.0,9986.900000000001,8171.1,9532.95,90790
2025-05-09 04:37:05.671660,9080.0,9988.0,8172.0,9534.0,90800
2025-05-09 04:38:05.671660,9081.0,9989.1,8172.900000000001,9535.050000000001,90810
2025-05-09 04:39:05.671660,9082.0,9990.2,8173.8,9536.1,90820
2025-05-09 04:40:05.671660,9083.0,9991.300000000001,8174.7,9537.15,90830
2025-05-09 04:41:05.671660,9084.0,9992.400000000001,8175.6,9538.2,90840
2025-05-09 04:42:05.671660,9085.0,9993.5,8176.5,9539.25,90850
2025-05-09 04:43:05.671660,9086.0,9994.6,8177.400000000001,9540.300000000001,90860
2025-05-09 04:44:05.671660,9087.0,9995.7,8178.3,9541.35,90870
2025-05-09 04:45:05.671660,9088.0,9996.800000000001,8179.2,9542.4,90880
2025-05-09 04:46:05.671660,9089.0,9997.900000000001,8180.1,9543.45,90890
2025-05-09 04:47:05.671660,9090.0,9999.0,8181.0,9544.5,90900
2025-05-09 04:48:05.671660,9091.0,10000.1,8181.900000000001,9545.550000000001,90910
2025-05-09 04:49:05.671660,9092.0,10001.2,8182.8,9546.6,90920
2025-05-09 04:50:05.671660,9093.0,10002.300000000001,8183.7,9547.65,90930
2025-05-09 04:51:05.671660,9094.0,10003.400000000001,8184.6,9548.7,90940
2025-05-09 04:52:05.671660,9095.0,10004.5,8185.5,9549.75,90950
2025-05-09 04:53:05.671660,9096.0,10005.6,8186.400000000001,9550.800000000001,90960
2025-05-09 04:54:05.671660,9097.0,10006.7,8187.3,9551.85,90970
2025-05-09 04:55:05.671660,9098.0,10007.800000000001,8188.2,9552.9,90980
2025-05-09 04:56:05.671660,9099.0,10008.900000000001,8189.1,9553.95,90990
2025-05-09 04:57:05.671660,9100.0,10010.0,8190.0,9555.0,91000
2025-05-09 04:58:05.671660,9101.0,10011.1,8190.900000000001,9556.050000000001,91010
2025-05-09 04:59:05.671660,9102.0,10012.2,8191.8,9557.1,91020
2025-05-09 05:00:05.671660,9103.0,10013.300000000001,8192.7,9558.15,91030
2025-05-09 05:01:05.671660,9104.0,10014.400000000001,8193.6,9559.2,91040
2025-05-09 05:02:05.671660,9105.0,10015.5,8194.5,9560.25,91050
2025-05-09 05:03:05.671660,9106.0,10016.6,8195.4,9561.300000000001,91060
2025-05-09 05:04:05.671660,9107.0,10017.7,8196.300000000001,9562.35,91070
2025-05-09 05:05:05.671660,9108.0,10018.800000000001,8197.2,9563.4,91080
2025-05-09 05:06:05.671660,9109.0,10019.900000000001,8198.1,9564.45,91090
2025-05-09 05:07:05.671660,9110.0,10021.0,8199.0,9565.5,91100
2025-05-09 05:08:05.671660,9111.0,10022.1,8199.9,9566.550000000001,91110
2025-05-09 05:09:05.671660,9112.0,10023.2,8200.800000000001,9567.6,91120
2025-05-09 05:10:05.671660,9113.0,10024.300000000001,8201.7,9568.65,91130
2025-05-09 05:11:05.671660,9114.0,10025.400000000001,8202.6,9569.7,91140
2025-05-09 05:12:05.671660,9115.0,10026.5,8203.5,9570.75,91150
2025-05-09 05:13:05.671660,9116.0,10027.6,8204.4,9571.800000000001,91160
2025-05-09 05:14:05.671660,9117.0,10028.7,8205.300000000001,9572.85,91170
2025-05-09 05:15:05.671660,9118.0,10029.800000000001,8206.2,9573.9,91180
2025-05-09 05:16:05.671660,9119.0,10030.900000000001,8207.1,9574.95,91190
2025-05-09 05:17:05.671660,9120.0,10032.0,8208.0,9576.0,91200
2025-05-09 05:18:05.671660,9121.0,10033.1,8208.9,9577.050000000001,91210
2025-05-09 05:19:05.671660,9122.0,10034.2,8209.800000000001,9578.1,91220
2025-05-09 05:20:05.671660,9123.0,10035.300000000001,8210.7,9579.15,91230
2025-05-09 05:21:05.671660,9124.0,10036.400000000001,8211.6,9580.2,91240
2025-05-09 05:22:05.671660,9125.0,10037.5,8212.5,9581.25,91250
2025-05-09 05:23:05.671660,9126.0,10038.6,8213.4,9582.300000000001,91260
2025-05-09 05:24:05.671660,9127.0,10039.7,8214.300000000001,9583.35,91270
2025-05-09 05:25:05.671660,9128.0,10040.800000000001,8215.2,9584.4,91280
2025-05-09 05:26:05.671660,9129.0,10041.900000000001,8216.1,9585.45,91290
2025-05-09 05:27:05.671660,9130.0,10043.0,8217.0,9586.5,91300
2025-05-09 05:28:05.671660,9131.0,10044.1,8217.9,9587.550000000001,91310
2025-05-09 05:29:05.671660,9132.0,10045.2,8218.800000000001,9588.6,91320
2025-05-09 05:30:05.671660,9133.0,10046.300000000001,8219.7,9589.65,91330
2025-05-09 05:31:05.671660,9134.0,10047.400000000001,8220.6,9590.7,91340
2025-05-09 05:32:05.671660,9135.0,10048.5,8221.5,9591.75,91350
2025-05-09 05:33:05.671660,9136.0,10049.6,8222.4,9592.800000000001,91360
2025-05-09 05:34:05.671660,9137.0,10050.7,8223.300000000001,9593.85,91370
2025-05-09 05:35:05.671660,9138.0,10051.800000000001,8224.2,9594.9,91380
2025-05-09 05:36:05.671660,9139.0,10052.900000000001,8225.1,9595.95,91390
2025-05-09 05:37:05.671660,9140.0,10054.0,8226.0,9597.0,91400
2025-05-09 05:38:05.671660,9141.0,10055.1,8226.9,9598.050000000001,91410
2025-05-09 05:39:05.671660,9142.0,10056.2,8227.800000000001,9599.1,91420
2025-05-09 05:40:05.671660,9143.0,10057.300000000001,8228.7,9600.15,91430
2025-05-09 05:41:05.671660,9144.0,10058.400000000001,8229.6,9601.2,91440
2025-05-09 05:42:05.671660,9145.0,10059.5,8230.5,9602.25,91450
2025-05-09 05:43:05.671660,9146.0,10060.6,8231.4,9603.300000000001,91460
2025-05-09 05:44:05.671660,9147.0,10061.7,8232.300000000001,9604.35,91470
2025-05-09 05:45:05.671660,9148.0,10062.800000000001,8233.2,9605.4,91480
2025-05-09 05:46:05.671660,9149.0,10063.900000000001,8234.1,9606.45,91490
2025-05-09 05:47:05.671660,9150.0,10065.0,8235.0,9607.5,91500
2025-05-09 05:48:05.671660,9151.0,10066.1,8235.9,9608.550000000001,91510
2025-05-09 05:49:05.671660,9152.0,10067.2,8236.800000000001,9609.6,91520
2025-05-09 05:50:05.671660,9153.0,10068.300000000001,8237.7,9610.65,91530
2025-05-09 05:51:05.671660,9154.0,10069.400000000001,8238.6,9611.7,91540
2025-05-09 05:52:05.671660,9155.0,10070.5,8239.5,9612.75,91550
2025-05-09 05:53:05.671660,9156.0,10071.6,8240.4,9613.800000000001,91560
2025-05-09 05:54:05.671660,9157.0,10072.7,8241.300000000001,9614.85,91570
2025-05-09 05:55:05.671660,9158.0,10073.800000000001,8242.2,9615.9,91580
2025-05-09 05:56:05.671660,9159.0,10074.900000000001,8243.1,9616.95,91590
2025-05-09 05:57:05.671660,9160.0,10076.0,8244.0,9618.0,91600
2025-05-09 05:58:05.671660,9161.0,10077.1,8244.9,9619.050000000001,91610
2025-05-09 05:59:05.671660,9162.0,10078.2,8245.800000000001,9620.1,91620
2025-05-09 06:00:05.671660,9163.0,10079.300000000001,8246.7,9621.15,91630
2025-05-09 06:01:05.671660,9164.0,10080.400000000001,8247.6,9622.2,91640
2025-05-09 06:02:05.671660,9165.0,10081.5,8248.5,9623.25,91650
2025-05-09 06:03:05.671660,9166.0,10082.6,8249.4,9624.300000000001,91660
2025-05-09 06:04:05.671660,9167.0,10083.7,8250.300000000001,9625.35,91670
2025-05-09 06:05:05.671660,9168.0,10084.800000000001,8251.2,9626.4,91680
2025-05-09 06:06:05.671660,9169.0,10085.900000000001,8252.1,9627.45,91690
2025-05-09 06:07:05.671660,9170.0,10087.0,8253.0,9628.5,91700
2025-05-09 06:08:05.671660,9171.0,10088.1,8253.9,9629.550000000001,91710
2025-05-09 06:09:05.671660,9172.0,10089.2,8254.800000000001,9630.6,91720
2025-05-09 06:10:05.671660,9173.0,10090.300000000001,8255.7,9631.65,91730
2025-05-09 06:11:05.671660,9174.0,10091.400000000001,8256.6,9632.7,91740
2025-05-09 06:12:05.671660,9175.0,10092.5,8257.5,9633.75,91750
2025-05-09 06:13:05.671660,9176.0,10093.6,8258.4,9634.800000000001,91760
2025-05-09 06:14:05.671660,9177.0,10094.7,8259.300000000001,9635.85,91770
2025-05-09 06:15:05.671660,9178.0,10095.800000000001,8260.2,9636.9,91780
2025-05-09 06:16:05.671660,9179.0,10096.900000000001,8261.1,9637.95,91790
2025-05-09 06:17:05.671660,9180.0,10098.0,8262.0,9639.0,91800
2025-05-09 06:18:05.671660,9181.0,10099.1,8262.9,9640.050000000001,91810
2025-05-09 06:19:05.671660,9182.0,10100.2,8263.800000000001,9641.1,91820
2025-05-09 06:20:05.671660,9183.0,10101.300000000001,8264.7,9642.15,91830
2025-05-09 06:21:05.671660,9184.0,10102.400000000001,8265.6,9643.2,91840
2025-05-09 06:22:05.671660,9185.0,10103.5,8266.5,9644.25,91850
2025-05-09 06:23:05.671660,9186.0,10104.6,8267.4,9645.300000000001,91860
2025-05-09 06:24:05.671660,9187.0,10105.7,8268.300000000001,9646.35,91870
2025-05-09 06:25:05.671660,9188.0,10106.800000000001,8269.2,9647.4,91880
2025-05-09 06:26:05.671660,9189.0,10107.900000000001,8270.1,9648.45,91890
2025-05-09 06:27:05.671660,9190.0,10109.0,8271.0,9649.5,91900
2025-05-09 06:28:05.671660,9191.0,10110.1,8271.9,9650.550000000001,91910
2025-05-09 06:29:05.671660,9192.0,10111.2,8272.800000000001,9651.6,91920
2025-05-09 06:30:05.671660,9193.0,10112.300000000001,8273.7,9652.65,91930
2025-05-09 06:31:05.671660,9194.0,10113.400000000001,8274.6,9653.7,91940
2025-05-09 06:32:05.671660,9195.0,10114.5,8275.5,9654.75,91950
2025-05-09 06:33:05.671660,9196.0,10115.6,8276.4,9655.800000000001,91960
2025-05-09 06:34:05.671660,9197.0,10116.7,8277.300000000001,9656.85,91970
2025-05-09 06:35:05.671660,9198.0,10117.800000000001,8278.2,9657.9,91980
2025-05-09 06:36:05.671660,9199.0,10118.900000000001,8279.1,9658.95,91990
2025-05-09 06:37:05.671660,9200.0,10120.0,8280.0,9660.0,92000
2025-05-09 06:38:05.671660,9201.0,10121.1,8280.9,9661.050000000001,92010
2025-05-09 06:39:05.671660,9202.0,10122.2,8281.800000000001,9662.1,92020
2025-05-09 06:40:05.671660,9203.0,10123.300000000001,8282.7,9663.15,92030
2025-05-09 06:41:05.671660,9204.0,10124.400000000001,8283.6,9664.2,92040
2025-05-09 06:42:05.671660,9205.0,10125.5,8284.5,9665.25,92050
2025-05-09 06:43:05.671660,9206.0,10126.6,8285.4,9666.300000000001,92060
2025-05-09 06:44:05.671660,9207.0,10127.7,8286.300000000001,9667.35,92070
2025-05-09 06:45:05.671660,9208.0,10128.800000000001,8287.2,9668.4,92080
2025-05-09 06:46:05.671660,9209.0,10129.900000000001,8288.1,9669.45,92090
2025-05-09 06:47:05.671660,9210.0,10131.0,8289.0,9670.5,92100
2025-05-09 06:48:05.671660,9211.0,10132.1,8289.9,9671.550000000001,92110
2025-05-09 06:49:05.671660,9212.0,10133.2,8290.800000000001,9672.6,92120
2025-05-09 06:50:05.671660,9213.0,10134.300000000001,8291.7,9673.65,92130
2025-05-09 06:51:05.671660,9214.0,10135.400000000001,8292.6,9674.7,92140
2025-05-09 06:52:05.671660,9215.0,10136.5,8293.5,9675.75,92150
2025-05-09 06:53:05.671660,9216.0,10137.6,8294.4,9676.800000000001,92160
2025-05-09 06:54:05.671660,9217.0,10138.7,8295.300000000001,9677.85,92170
2025-05-09 06:55:05.671660,9218.0,10139.800000000001,8296.2,9678.9,92180
2025-05-09 06:56:05.671660,9219.0,10140.900000000001,8297.1,9679.95,92190
2025-05-09 06:57:05.671660,9220.0,10142.0,8298.0,9681.0,92200
2025-05-09 06:58:05.671660,9221.0,10143.1,8298.9,9682.050000000001,92210
2025-05-09 06:59:05.671660,9222.0,10144.2,8299.800000000001,9683.1,92220
2025-05-09 07:00:05.671660,9223.0,10145.300000000001,8300.7,9684.15,92230
2025-05-09 07:01:05.671660,9224.0,10146.400000000001,8301.6,9685.2,92240
2025-05-09 07:02:05.671660,9225.0,10147.5,8302.5,9686.25,92250
2025-05-09 07:03:05.671660,9226.0,10148.6,8303.4,9687.300000000001,92260
2025-05-09 07:04:05.671660,9227.0,10149.7,8304.300000000001,9688.35,92270
2025-05-09 07:05:05.671660,9228.0,10150.800000000001,8305.2,9689.4,92280
2025-05-09 07:06:05.671660,9229.0,10151.900000000001,8306.1,9690.45,92290
2025-05-09 07:07:05.671660,9230.0,10153.0,8307.0,9691.5,92300
2025-05-09 07:08:05.671660,9231.0,10154.1,8307.9,9692.550000000001,92310
2025-05-09 07:09:05.671660,9232.0,10155.2,8308.800000000001,9693.6,92320
2025-05-09 07:10:05.671660,9233.0,10156.300000000001,8309.7,9694.65,92330
2025-05-09 07:11:05.671660,9234.0,10157.400000000001,8310.6,9695.7,92340
2025-05-09 07:12:05.671660,9235.0,10158.5,8311.5,9696.75,92350
2025-05-09 07:13:05.671660,9236.0,10159.6,8312.4,9697.800000000001,92360
2025-05-09 07:14:05.671660,9237.0,10160.7,8313.300000000001,9698.85,92370
2025-05-09 07:15:05.671660,9238.0,10161.800000000001,8314.2,9699.9,92380
2025-05-09 07:16:05.671660,9239.0,10162.900000000001,8315.1,9700.95,92390
2025-05-09 07:17:05.671660,9240.0,10164.0,8316.0,9702.0,92400
2025-05-09 07:18:05.671660,9241.0,10165.1,8316.9,9703.050000000001,92410
2025-05-09 07:19:05.671660,9242.0,10166.2,8317.800000000001,9704.1,92420
2025-05-09 07:20:05.671660,9243.0,10167.300000000001,8318.7,9705.15,92430
2025-05-09 07:21:05.671660,9244.0,10168.400000000001,8319.6,9706.2,92440
2025-05-09 07:22:05.671660,9245.0,10169.5,8320.5,9707.25,92450
2025-05-09 07:23:05.671660,9246.0,10170.6,8321.4,9708.300000000001,92460
2025-05-09 07:24:05.671660,9247.0,10171.7,8322.300000000001,9709.35,92470
2025-05-09 07:25:05.671660,9248.0,10172.800000000001,8323.2,9710.4,92480
2025-05-09 07:26:05.671660,9249.0,10173.900000000001,8324.1,9711.45,92490
2025-05-09 07:27:05.671660,9250.0,10175.0,8325.0,9712.5,92500
2025-05-09 07:28:05.671660,9251.0,10176.1,8325.9,9713.550000000001,92510
2025-05-09 07:29:05.671660,9252.0,10177.2,8326.800000000001,9714.6,92520
2025-05-09 07:30:05.671660,9253.0,10178.300000000001,8327.7,9715.65,92530
2025-05-09 07:31:05.671660,9254.0,10179.400000000001,8328.6,9716.7,92540
2025-05-09 07:32:05.671660,9255.0,10180.5,8329.5,9717.75,92550
2025-05-09 07:33:05.671660,9256.0,10181.6,8330.4,9718.800000000001,92560
2025-05-09 07:34:05.671660,9257.0,10182.7,8331.300000000001,9719.85,92570
2025-05-09 07:35:05.671660,9258.0,10183.800000000001,8332.2,9720.9,92580
2025-05-09 07:36:05.671660,9259.0,10184.900000000001,8333.1,9721.95,92590
2025-05-09 07:37:05.671660,9260.0,10186.0,8334.0,9723.0,92600
2025-05-09 07:38:05.671660,9261.0,10187.1,8334.9,9724.050000000001,92610
2025-05-09 07:39:05.671660,9262.0,10188.2,8335.800000000001,9725.1,92620
2025-05-09 07:40:05.671660,9263.0,10189.300000000001,8336.7,9726.15,92630
2025-05-09 07:41:05.671660,9264.0,10190.400000000001,8337.6,9727.2,92640
2025-05-09 07:42:05.671660,9265.0,10191.5,8338.5,9728.25,92650
2025-05-09 07:43:05.671660,9266.0,10192.6,8339.4,9729.300000000001,92660
2025-05-09 07:44:05.671660,9267.0,10193.7,8340.300000000001,9730.35,92670
2025-05-09 07:45:05.671660,9268.0,10194.800000000001,8341.2,9731.4,92680
2025-05-09 07:46:05.671660,9269.0,10195.900000000001,8342.1,9732.45,92690
2025-05-09 07:47:05.671660,9270.0,10197.0,8343.0,9733.5,92700
2025-05-09 07:48:05.671660,9271.0,10198.1,8343.9,9734.550000000001,92710
2025-05-09 07:49:05.671660,9272.0,10199.2,8344.800000000001,9735.6,92720
2025-05-09 07:50:05.671660,9273.0,10200.300000000001,8345.7,9736.65,92730
2025-05-09 07:51:05.671660,9274.0,10201.400000000001,8346.6,9737.7,92740
2025-05-09 07:52:05.671660,9275.0,10202.5,8347.5,9738.75,92750
2025-05-09 07:53:05.671660,9276.0,10203.6,8348.4,9739.800000000001,92760
2025-05-09 07:54:05.671660,9277.0,10204.7,8349.300000000001,9740.85,92770
2025-05-09 07:55:05.671660,9278.0,10205.800000000001,8350.2,9741.9,92780
2025-05-09 07:56:05.671660,9279.0,10206.900000000001,8351.1,9742.95,92790
2025-05-09 07:57:05.671660,9280.0,10208.0,8352.0,9744.0,92800
2025-05-09 07:58:05.671660,9281.0,10209.1,8352.9,9745.050000000001,92810
2025-05-09 07:59:05.671660,9282.0,10210.2,8353.800000000001,9746.1,92820
2025-05-09 08:00:05.671660,9283.0,10211.300000000001,8354.7,9747.15,92830
2025-05-09 08:01:05.671660,9284.0,10212.400000000001,8355.6,9748.2,92840
2025-05-09 08:02:05.671660,9285.0,10213.5,8356.5,9749.25,92850
2025-05-09 08:03:05.671660,9286.0,10214.6,8357.4,9750.300000000001,92860
2025-05-09 08:04:05.671660,9287.0,10215.7,8358.300000000001,9751.35,92870
2025-05-09 08:05:05.671660,9288.0,10216.800000000001,8359.2,9752.4,92880
2025-05-09 08:06:05.671660,9289.0,10217.900000000001,8360.1,9753.45,92890
2025-05-09 08:07:05.671660,9290.0,10219.0,8361.0,9754.5,92900
2025-05-09 08:08:05.671660,9291.0,10220.1,8361.9,9755.550000000001,92910
2025-05-09 08:09:05.671660,9292.0,10221.2,8362.800000000001,9756.6,92920
2025-05-09 08:10:05.671660,9293.0,10222.300000000001,8363.7,9757.65,92930
2025-05-09 08:11:05.671660,9294.0,10223.400000000001,8364.6,9758.7,92940
2025-05-09 08:12:05.671660,9295.0,10224.5,8365.5,9759.75,92950
2025-05-09 08:13:05.671660,9296.0,10225.6,8366.4,9760.800000000001,92960
2025-05-09 08:14:05.671660,9297.0,10226.7,8367.300000000001,9761.85,92970
2025-05-09 08:15:05.671660,9298.0,10227.800000000001,8368.2,9762.9,92980
2025-05-09 08:16:05.671660,9299.0,10228.900000000001,8369.1,9763.95,92990
2025-05-09 08:17:05.671660,9300.0,10230.0,8370.0,9765.0,93000
2025-05-09 08:18:05.671660,9301.0,10231.1,8370.9,9766.050000000001,93010
2025-05-09 08:19:05.671660,9302.0,10232.2,8371.800000000001,9767.1,93020
2025-05-09 08:20:05.671660,9303.0,10233.300000000001,8372.7,9768.15,93030
2025-05-09 08:21:05.671660,9304.0,10234.400000000001,8373.6,9769.2,93040
2025-05-09 08:22:05.671660,9305.0,10235.5,8374.5,9770.25,93050
2025-05-09 08:23:05.671660,9306.0,10236.6,8375.4,9771.300000000001,93060
2025-05-09 08:24:05.671660,9307.0,10237.7,8376.300000000001,9772.35,93070
2025-05-09 08:25:05.671660,9308.0,10238.800000000001,8377.2,9773.4,93080
2025-05-09 08:26:05.671660,9309.0,10239.900000000001,8378.1,9774.45,93090
2025-05-09 08:27:05.671660,9310.0,10241.0,8379.0,9775.5,93100
2025-05-09 08:28:05.671660,9311.0,10242.1,8379.9,9776.550000000001,93110
2025-05-09 08:29:05.671660,9312.0,10243.2,8380.800000000001,9777.6,93120
2025-05-09 08:30:05.671660,9313.0,10244.300000000001,8381.7,9778.65,93130
2025-05-09 08:31:05.671660,9314.0,10245.400000000001,8382.6,9779.7,93140
2025-05-09 08:32:05.671660,9315.0,10246.5,8383.5,9780.75,93150
2025-05-09 08:33:05.671660,9316.0,10247.6,8384.4,9781.800000000001,93160
2025-05-09 08:34:05.671660,9317.0,10248.7,8385.300000000001,9782.85,93170
2025-05-09 08:35:05.671660,9318.0,10249.800000000001,8386.2,9783.9,93180
2025-05-09 08:36:05.671660,9319.0,10250.900000000001,8387.1,9784.95,93190
2025-05-09 08:37:05.671660,9320.0,10252.0,8388.0,9786.0,93200
2025-05-09 08:38:05.671660,9321.0,10253.1,8388.9,9787.050000000001,93210
2025-05-09 08:39:05.671660,9322.0,10254.2,8389.800000000001,9788.1,93220
2025-05-09 08:40:05.671660,9323.0,10255.300000000001,8390.7,9789.15,93230
2025-05-09 08:41:05.671660,9324.0,10256.400000000001,8391.6,9790.2,93240
2025-05-09 08:42:05.671660,9325.0,10257.5,8392.5,9791.25,93250
2025-05-09 08:43:05.671660,9326.0,10258.6,8393.4,9792.300000000001,93260
2025-05-09 08:44:05.671660,9327.0,10259.7,8394.300000000001,9793.35,93270
2025-05-09 08:45:05.671660,9328.0,10260.800000000001,8395.2,9794.4,93280
2025-05-09 08:46:05.671660,9329.0,10261.900000000001,8396.1,9795.45,93290
2025-05-09 08:47:05.671660,9330.0,10263.0,8397.0,9796.5,93300
2025-05-09 08:48:05.671660,9331.0,10264.1,8397.9,9797.550000000001,93310
2025-05-09 08:49:05.671660,9332.0,10265.2,8398.800000000001,9798.6,93320
2025-05-09 08:50:05.671660,9333.0,10266.300000000001,8399.7,9799.65,93330
2025-05-09 08:51:05.671660,9334.0,10267.400000000001,8400.6,9800.7,93340
2025-05-09 08:52:05.671660,9335.0,10268.5,8401.5,9801.75,93350
2025-05-09 08:53:05.671660,9336.0,10269.6,8402.4,9802.800000000001,93360
2025-05-09 08:54:05.671660,9337.0,10270.7,8403.300000000001,9803.85,93370
2025-05-09 08:55:05.671660,9338.0,10271.800000000001,8404.2,9804.9,93380
2025-05-09 08:56:05.671660,9339.0,10272.900000000001,8405.1,9805.95,93390
2025-05-09 08:57:05.671660,9340.0,10274.0,8406.0,9807.0,93400
2025-05-09 08:58:05.671660,9341.0,10275.1,8406.9,9808.050000000001,93410
2025-05-09 08:59:05.671660,9342.0,10276.2,8407.800000000001,9809.1,93420
2025-05-09 09:00:05.671660,9343.0,10277.300000000001,8408.7,9810.15,93430
2025-05-09 09:01:05.671660,9344.0,10278.400000000001,8409.6,9811.2,93440
2025-05-09 09:02:05.671660,9345.0,10279.5,8410.5,9812.25,93450
2025-05-09 09:03:05.671660,9346.0,10280.6,8411.4,9813.300000000001,93460
2025-05-09 09:04:05.671660,9347.0,10281.7,8412.300000000001,9814.35,93470
2025-05-09 09:05:05.671660,9348.0,10282.800000000001,8413.2,9815.4,93480
2025-05-09 09:06:05.671660,9349.0,10283.900000000001,8414.1,9816.45,93490
2025-05-09 09:07:05.671660,9350.0,10285.0,8415.0,9817.5,93500
2025-05-09 09:08:05.671660,9351.0,10286.1,8415.9,9818.550000000001,93510
2025-05-09 09:09:05.671660,9352.0,10287.2,8416.800000000001,9819.6,93520
2025-05-09 09:10:05.671660,9353.0,10288.300000000001,8417.7,9820.65,93530
2025-05-09 09:11:05.671660,9354.0,10289.400000000001,8418.6,9821.7,93540
2025-05-09 09:12:05.671660,9355.0,10290.5,8419.5,9822.75,93550
2025-05-09 09:13:05.671660,9356.0,10291.6,8420.4,9823.800000000001,93560
2025-05-09 09:14:05.671660,9357.0,10292.7,8421.300000000001,9824.85,93570
2025-05-09 09:15:05.671660,9358.0,10293.800000000001,8422.2,9825.9,93580
2025-05-09 09:16:05.671660,9359.0,10294.900000000001,8423.1,9826.95,93590
2025-05-09 09:17:05.671660,9360.0,10296.0,8424.0,9828.0,93600
2025-05-09 09:18:05.671660,9361.0,10297.1,8424.9,9829.050000000001,93610
2025-05-09 09:19:05.671660,9362.0,10298.2,8425.800000000001,9830.1,93620
2025-05-09 09:20:05.671660,9363.0,10299.300000000001,8426.7,9831.15,93630
2025-05-09 09:21:05.671660,9364.0,10300.400000000001,8427.6,9832.2,93640
2025-05-09 09:22:05.671660,9365.0,10301.5,8428.5,9833.25,93650
2025-05-09 09:23:05.671660,9366.0,10302.6,8429.4,9834.300000000001,93660
2025-05-09 09:24:05.671660,9367.0,10303.7,8430.300000000001,9835.35,93670
2025-05-09 09:25:05.671660,9368.0,10304.800000000001,8431.2,9836.4,93680
2025-05-09 09:26:05.671660,9369.0,10305.900000000001,8432.1,9837.45,93690
2025-05-09 09:27:05.671660,9370.0,10307.0,8433.0,9838.5,93700
2025-05-09 09:28:05.671660,9371.0,10308.1,8433.9,9839.550000000001,93710
2025-05-09 09:29:05.671660,9372.0,10309.2,8434.800000000001,9840.6,93720
2025-05-09 09:30:05.671660,9373.0,10310.300000000001,8435.7,9841.65,93730
2025-05-09 09:31:05.671660,9374.0,10311.400000000001,8436.6,9842.7,93740
2025-05-09 09:32:05.671660,9375.0,10312.5,8437.5,9843.75,93750
2025-05-09 09:33:05.671660,9376.0,10313.6,8438.4,9844.800000000001,93760
2025-05-09 09:34:05.671660,9377.0,10314.7,8439.300000000001,9845.85,93770
2025-05-09 09:35:05.671660,9378.0,10315.800000000001,8440.2,9846.9,93780
2025-05-09 09:36:05.671660,9379.0,10316.900000000001,8441.1,9847.95,93790
2025-05-09 09:37:05.671660,9380.0,10318.0,8442.0,9849.0,93800
2025-05-09 09:38:05.671660,9381.0,10319.1,8442.9,9850.050000000001,93810
2025-05-09 09:39:05.671660,9382.0,10320.2,8443.800000000001,9851.1,93820
2025-05-09 09:40:05.671660,9383.0,10321.300000000001,8444.7,9852.15,93830
2025-05-09 09:41:05.671660,9384.0,10322.400000000001,8445.6,9853.2,93840
2025-05-09 09:42:05.671660,9385.0,10323.5,8446.5,9854.25,93850
2025-05-09 09:43:05.671660,9386.0,10324.6,8447.4,9855.300000000001,93860
2025-05-09 09:44:05.671660,9387.0,10325.7,8448.300000000001,9856.35,93870
2025-05-09 09:45:05.671660,9388.0,10326.800000000001,8449.2,9857.4,93880
2025-05-09 09:46:05.671660,9389.0,10327.900000000001,8450.1,9858.45,93890
2025-05-09 09:47:05.671660,9390.0,10329.0,8451.0,9859.5,93900
2025-05-09 09:48:05.671660,9391.0,10330.1,8451.9,9860.550000000001,93910
2025-05-09 09:49:05.671660,9392.0,10331.2,8452.800000000001,9861.6,93920
2025-05-09 09:50:05.671660,9393.0,10332.300000000001,8453.7,9862.65,93930
2025-05-09 09:51:05.671660,9394.0,10333.400000000001,8454.6,9863.7,93940
2025-05-09 09:52:05.671660,9395.0,10334.5,8455.5,9864.75,93950
2025-05-09 09:53:05.671660,9396.0,10335.6,8456.4,9865.800000000001,93960
2025-05-09 09:54:05.671660,9397.0,10336.7,8457.300000000001,9866.85,93970
2025-05-09 09:55:05.671660,9398.0,10337.800000000001,8458.2,9867.9,93980
2025-05-09 09:56:05.671660,9399.0,10338.900000000001,8459.1,9868.95,93990
2025-05-09 09:57:05.671660,9400.0,10340.0,8460.0,9870.0,94000
2025-05-09 09:58:05.671660,9401.0,10341.1,8460.9,9871.050000000001,94010
2025-05-09 09:59:05.671660,9402.0,10342.2,8461.800000000001,9872.1,94020
2025-05-09 10:00:05.671660,9403.0,10343.300000000001,8462.7,9873.15,94030
2025-05-09 10:01:05.671660,9404.0,10344.400000000001,8463.6,9874.2,94040
2025-05-09 10:02:05.671660,9405.0,10345.5,8464.5,9875.25,94050
2025-05-09 10:03:05.671660,9406.0,10346.6,8465.4,9876.300000000001,94060
2025-05-09 10:04:05.671660,9407.0,10347.7,8466.300000000001,9877.35,94070
2025-05-09 10:05:05.671660,9408.0,10348.800000000001,8467.2,9878.4,94080
2025-05-09 10:06:05.671660,9409.0,10349.900000000001,8468.1,9879.45,94090
2025-05-09 10:07:05.671660,9410.0,10351.0,8469.0,9880.5,94100
2025-05-09 10:08:05.671660,9411.0,10352.1,8469.9,9881.550000000001,94110
2025-05-09 10:09:05.671660,9412.0,10353.2,8470.800000000001,9882.6,94120
2025-05-09 10:10:05.671660,9413.0,10354.300000000001,8471.7,9883.65,94130
2025-05-09 10:11:05.671660,9414.0,10355.400000000001,8472.6,9884.7,94140
2025-05-09 10:12:05.671660,9415.0,10356.5,8473.5,9885.75,94150
2025-05-09 10:13:05.671660,9416.0,10357.6,8474.4,9886.800000000001,94160
2025-05-09 10:14:05.671660,9417.0,10358.7,8475.300000000001,9887.85,94170
2025-05-09 10:15:05.671660,9418.0,10359.800000000001,8476.2,9888.9,94180
2025-05-09 10:16:05.671660,9419.0,10360.900000000001,8477.1,9889.95,94190
2025-05-09 10:17:05.671660,9420.0,10362.0,8478.0,9891.0,94200
2025-05-09 10:18:05.671660,9421.0,10363.1,8478.9,9892.050000000001,94210
2025-05-09 10:19:05.671660,9422.0,10364.2,8479.800000000001,9893.1,94220
2025-05-09 10:20:05.671660,9423.0,10365.300000000001,8480.7,9894.15,94230
2025-05-09 10:21:05.671660,9424.0,10366.400000000001,8481.6,9895.2,94240
2025-05-09 10:22:05.671660,9425.0,10367.5,8482.5,9896.25,94250
2025-05-09 10:23:05.671660,9426.0,10368.6,8483.4,9897.300000000001,94260
2025-05-09 10:24:05.671660,9427.0,10369.7,8484.300000000001,9898.35,94270
2025-05-09 10:25:05.671660,9428.0,10370.800000000001,8485.2,9899.4,94280
2025-05-09 10:26:05.671660,9429.0,10371.900000000001,8486.1,9900.45,94290
2025-05-09 10:27:05.671660,9430.0,10373.0,8487.0,9901.5,94300
2025-05-09 10:28:05.671660,9431.0,10374.1,8487.9,9902.550000000001,94310
2025-05-09 10:29:05.671660,9432.0,10375.2,8488.800000000001,9903.6,94320
2025-05-09 10:30:05.671660,9433.0,10376.300000000001,8489.7,9904.65,94330
2025-05-09 10:31:05.671660,9434.0,10377.400000000001,8490.6,9905.7,94340
2025-05-09 10:32:05.671660,9435.0,10378.5,8491.5,9906.75,94350
2025-05-09 10:33:05.671660,9436.0,10379.6,8492.4,9907.800000000001,94360
2025-05-09 10:34:05.671660,9437.0,10380.7,8493.300000000001,9908.85,94370
2025-05-09 10:35:05.671660,9438.0,10381.800000000001,8494.2,9909.9,94380
2025-05-09 10:36:05.671660,9439.0,10382.900000000001,8495.1,9910.95,94390
2025-05-09 10:37:05.671660,9440.0,10384.0,8496.0,9912.0,94400
2025-05-09 10:38:05.671660,9441.0,10385.1,8496.9,9913.050000000001,94410
2025-05-09 10:39:05.671660,9442.0,10386.2,8497.800000000001,9914.1,94420
2025-05-09 10:40:05.671660,9443.0,10387.300000000001,8498.7,9915.15,94430
2025-05-09 10:41:05.671660,9444.0,10388.400000000001,8499.6,9916.2,94440
2025-05-09 10:42:05.671660,9445.0,10389.5,8500.5,9917.25,94450
2025-05-09 10:43:05.671660,9446.0,10390.6,8501.4,9918.300000000001,94460
2025-05-09 10:44:05.671660,9447.0,10391.7,8502.300000000001,9919.35,94470
2025-05-09 10:45:05.671660,9448.0,10392.800000000001,8503.2,9920.4,94480
2025-05-09 10:46:05.671660,9449.0,10393.900000000001,8504.1,9921.45,94490
2025-05-09 10:47:05.671660,9450.0,10395.0,8505.0,9922.5,94500
2025-05-09 10:48:05.671660,9451.0,10396.1,8505.9,9923.550000000001,94510
2025-05-09 10:49:05.671660,9452.0,10397.2,8506.800000000001,9924.6,94520
2025-05-09 10:50:05.671660,9453.0,10398.300000000001,8507.7,9925.65,94530
2025-05-09 10:51:05.671660,9454.0,10399.400000000001,8508.6,9926.7,94540
2025-05-09 10:52:05.671660,9455.0,10400.5,8509.5,9927.75,94550
2025-05-09 10:53:05.671660,9456.0,10401.6,8510.4,9928.800000000001,94560
2025-05-09 10:54:05.671660,9457.0,10402.7,8511.300000000001,9929.85,94570
2025-05-09 10:55:05.671660,9458.0,10403.800000000001,8512.2,9930.9,94580
2025-05-09 10:56:05.671660,9459.0,10404.900000000001,8513.1,9931.95,94590
2025-05-09 10:57:05.671660,9460.0,10406.0,8514.0,9933.0,94600
2025-05-09 10:58:05.671660,9461.0,10407.1,8514.9,9934.050000000001,94610
2025-05-09 10:59:05.671660,9462.0,10408.2,8515.800000000001,9935.1,94620
2025-05-09 11:00:05.671660,9463.0,10409.300000000001,8516.7,9936.15,94630
2025-05-09 11:01:05.671660,9464.0,10410.400000000001,8517.6,9937.2,94640
2025-05-09 11:02:05.671660,9465.0,10411.5,8518.5,9938.25,94650
2025-05-09 11:03:05.671660,9466.0,10412.6,8519.4,9939.300000000001,94660
2025-05-09 11:04:05.671660,9467.0,10413.7,8520.300000000001,9940.35,94670
2025-05-09 11:05:05.671660,9468.0,10414.800000000001,8521.2,9941.4,94680
2025-05-09 11:06:05.671660,9469.0,10415.900000000001,8522.1,9942.45,94690
2025-05-09 11:07:05.671660,9470.0,10417.0,8523.0,9943.5,94700
2025-05-09 11:08:05.671660,9471.0,10418.1,8523.9,9944.550000000001,94710
2025-05-09 11:09:05.671660,9472.0,10419.2,8524.800000000001,9945.6,94720
2025-05-09 11:10:05.671660,9473.0,10420.300000000001,8525.7,9946.65,94730
2025-05-09 11:11:05.671660,9474.0,10421.400000000001,8526.6,9947.7,94740
2025-05-09 11:12:05.671660,9475.0,10422.5,8527.5,9948.75,94750
2025-05-09 11:13:05.671660,9476.0,10423.6,8528.4,9949.800000000001,94760
2025-05-09 11:14:05.671660,9477.0,10424.7,8529.300000000001,9950.85,94770
2025-05-09 11:15:05.671660,9478.0,10425.800000000001,8530.2,9951.9,94780
2025-05-09 11:16:05.671660,9479.0,10426.900000000001,8531.1,9952.95,94790
2025-05-09 11:17:05.671660,9480.0,10428.0,8532.0,9954.0,94800
2025-05-09 11:18:05.671660,9481.0,10429.1,8532.9,9955.050000000001,94810
2025-05-09 11:19:05.671660,9482.0,10430.2,8533.800000000001,9956.1,94820
2025-05-09 11:20:05.671660,9483.0,10431.300000000001,8534.7,9957.15,94830
2025-05-09 11:21:05.671660,9484.0,10432.400000000001,8535.6,9958.2,94840
2025-05-09 11:22:05.671660,9485.0,10433.5,8536.5,9959.25,94850
2025-05-09 11:23:05.671660,9486.0,10434.6,8537.4,9960.300000000001,94860
2025-05-09 11:24:05.671660,9487.0,10435.7,8538.300000000001,9961.35,94870
2025-05-09 11:25:05.671660,9488.0,10436.800000000001,8539.2,9962.4,94880
2025-05-09 11:26:05.671660,9489.0,10437.900000000001,8540.1,9963.45,94890
2025-05-09 11:27:05.671660,9490.0,10439.0,8541.0,9964.5,94900
2025-05-09 11:28:05.671660,9491.0,10440.1,8541.9,9965.550000000001,94910
2025-05-09 11:29:05.671660,9492.0,10441.2,8542.800000000001,9966.6,94920
2025-05-09 11:30:05.671660,9493.0,10442.300000000001,8543.7,9967.65,94930
2025-05-09 11:31:05.671660,9494.0,10443.400000000001,8544.6,9968.7,94940
2025-05-09 11:32:05.671660,9495.0,10444.5,8545.5,9969.75,94950
2025-05-09 11:33:05.671660,9496.0,10445.6,8546.4,9970.800000000001,94960
2025-05-09 11:34:05.671660,9497.0,10446.7,8547.300000000001,9971.85,94970
2025-05-09 11:35:05.671660,9498.0,10447.800000000001,8548.2,9972.9,94980
2025-05-09 11:36:05.671660,9499.0,10448.900000000001,8549.1,9973.95,94990
2025-05-09 11:37:05.671660,9500.0,10450.0,8550.0,9975.0,95000
2025-05-09 11:38:05.671660,9501.0,10451.1,8550.9,9976.050000000001,95010
2025-05-09 11:39:05.671660,9502.0,10452.2,8551.800000000001,9977.1,95020
2025-05-09 11:40:05.671660,9503.0,10453.300000000001,8552.7,9978.15,95030
2025-05-09 11:41:05.671660,9504.0,10454.400000000001,8553.6,9979.2,95040
2025-05-09 11:42:05.671660,9505.0,10455.5,8554.5,9980.25,95050
2025-05-09 11:43:05.671660,9506.0,10456.6,8555.4,9981.300000000001,95060
2025-05-09 11:44:05.671660,9507.0,10457.7,8556.300000000001,9982.35,95070
2025-05-09 11:45:05.671660,9508.0,10458.800000000001,8557.2,9983.4,95080
2025-05-09 11:46:05.671660,9509.0,10459.900000000001,8558.1,9984.45,95090
2025-05-09 11:47:05.671660,9510.0,10461.0,8559.0,9985.5,95100
2025-05-09 11:48:05.671660,9511.0,10462.1,8559.9,9986.550000000001,95110
2025-05-09 11:49:05.671660,9512.0,10463.2,8560.800000000001,9987.6,95120
2025-05-09 11:50:05.671660,9513.0,10464.300000000001,8561.7,9988.65,95130
2025-05-09 11:51:05.671660,9514.0,10465.400000000001,8562.6,9989.7,95140
2025-05-09 11:52:05.671660,9515.0,10466.5,8563.5,9990.75,95150
2025-05-09 11:53:05.671660,9516.0,10467.6,8564.4,9991.800000000001,95160
2025-05-09 11:54:05.671660,9517.0,10468.7,8565.300000000001,9992.85,95170
2025-05-09 11:55:05.671660,9518.0,10469.800000000001,8566.2,9993.9,95180
2025-05-09 11:56:05.671660,9519.0,10470.900000000001,8567.1,9994.95,95190
2025-05-09 11:57:05.671660,9520.0,10472.0,8568.0,9996.0,95200
2025-05-09 11:58:05.671660,9521.0,10473.1,8568.9,9997.050000000001,95210
2025-05-09 11:59:05.671660,9522.0,10474.2,8569.800000000001,9998.1,95220
2025-05-09 12:00:05.671660,9523.0,10475.300000000001,8570.7,9999.15,95230
2025-05-09 12:01:05.671660,9524.0,10476.400000000001,8571.6,10000.2,95240
2025-05-09 12:02:05.671660,9525.0,10477.5,8572.5,10001.25,95250
2025-05-09 12:03:05.671660,9526.0,10478.6,8573.4,10002.300000000001,95260
2025-05-09 12:04:05.671660,9527.0,10479.7,8574.300000000001,10003.35,95270
2025-05-09 12:05:05.671660,9528.0,10480.800000000001,8575.2,10004.4,95280
2025-05-09 12:06:05.671660,9529.0,10481.900000000001,8576.1,10005.45,95290
2025-05-09 12:07:05.671660,9530.0,10483.0,8577.0,10006.5,95300
2025-05-09 12:08:05.671660,9531.0,10484.1,8577.9,10007.550000000001,95310
2025-05-09 12:09:05.671660,9532.0,10485.2,8578.800000000001,10008.6,95320
2025-05-09 12:10:05.671660,9533.0,10486.300000000001,8579.7,10009.65,95330
2025-05-09 12:11:05.671660,9534.0,10487.400000000001,8580.6,10010.7,95340
2025-05-09 12:12:05.671660,9535.0,10488.5,8581.5,10011.75,95350
2025-05-09 12:13:05.671660,9536.0,10489.6,8582.4,10012.800000000001,95360
2025-05-09 12:14:05.671660,9537.0,10490.7,8583.300000000001,10013.85,95370
2025-05-09 12:15:05.671660,9538.0,10491.800000000001,8584.2,10014.9,95380
2025-05-09 12:16:05.671660,9539.0,10492.900000000001,8585.1,10015.95,95390
2025-05-09 12:17:05.671660,9540.0,10494.0,8586.0,10017.0,95400
2025-05-09 12:18:05.671660,9541.0,10495.1,8586.9,10018.050000000001,95410
2025-05-09 12:19:05.671660,9542.0,10496.2,8587.800000000001,10019.1,95420
2025-05-09 12:20:05.671660,9543.0,10497.300000000001,8588.7,10020.15,95430
2025-05-09 12:21:05.671660,9544.0,10498.400000000001,8589.6,10021.2,95440
2025-05-09 12:22:05.671660,9545.0,10499.5,8590.5,10022.25,95450
2025-05-09 12:23:05.671660,9546.0,10500.6,8591.4,10023.300000000001,95460
2025-05-09 12:24:05.671660,9547.0,10501.7,8592.300000000001,10024.35,95470
2025-05-09 12:25:05.671660,9548.0,10502.800000000001,8593.2,10025.4,95480
2025-05-09 12:26:05.671660,9549.0,10503.900000000001,8594.1,10026.45,95490
2025-05-09 12:27:05.671660,9550.0,10505.0,8595.0,10027.5,95500
2025-05-09 12:28:05.671660,9551.0,10506.1,8595.9,10028.550000000001,95510
2025-05-09 12:29:05.671660,9552.0,10507.2,8596.800000000001,10029.6,95520
2025-05-09 12:30:05.671660,9553.0,10508.300000000001,8597.7,10030.65,95530
2025-05-09 12:31:05.671660,9554.0,10509.400000000001,8598.6,10031.7,95540
2025-05-09 12:32:05.671660,9555.0,10510.5,8599.5,10032.75,95550
2025-05-09 12:33:05.671660,9556.0,10511.6,8600.4,10033.800000000001,95560
2025-05-09 12:34:05.671660,9557.0,10512.7,8601.300000000001,10034.85,95570
2025-05-09 12:35:05.671660,9558.0,10513.800000000001,8602.2,10035.9,95580
2025-05-09 12:36:05.671660,9559.0,10514.900000000001,8603.1,10036.95,95590
2025-05-09 12:37:05.671660,9560.0,10516.0,8604.0,10038.0,95600
2025-05-09 12:38:05.671660,9561.0,10517.1,8604.9,10039.050000000001,95610
2025-05-09 12:39:05.671660,9562.0,10518.2,8605.800000000001,10040.1,95620
2025-05-09 12:40:05.671660,9563.0,10519.300000000001,8606.7,10041.15,95630
2025-05-09 12:41:05.671660,9564.0,10520.400000000001,8607.6,10042.2,95640
2025-05-09 12:42:05.671660,9565.0,10521.5,8608.5,10043.25,95650
2025-05-09 12:43:05.671660,9566.0,10522.6,8609.4,10044.300000000001,95660
2025-05-09 12:44:05.671660,9567.0,10523.7,8610.300000000001,10045.35,95670
2025-05-09 12:45:05.671660,9568.0,10524.800000000001,8611.2,10046.4,95680
2025-05-09 12:46:05.671660,9569.0,10525.900000000001,8612.1,10047.45,95690
2025-05-09 12:47:05.671660,9570.0,10527.0,8613.0,10048.5,95700
2025-05-09 12:48:05.671660,9571.0,10528.1,8613.9,10049.550000000001,95710
2025-05-09 12:49:05.671660,9572.0,10529.2,8614.800000000001,10050.6,95720
2025-05-09 12:50:05.671660,9573.0,10530.300000000001,8615.7,10051.65,95730
2025-05-09 12:51:05.671660,9574.0,10531.400000000001,8616.6,10052.7,95740
2025-05-09 12:52:05.671660,9575.0,10532.5,8617.5,10053.75,95750
2025-05-09 12:53:05.671660,9576.0,10533.6,8618.4,10054.800000000001,95760
2025-05-09 12:54:05.671660,9577.0,10534.7,8619.300000000001,10055.85,95770
2025-05-09 12:55:05.671660,9578.0,10535.800000000001,8620.2,10056.9,95780
2025-05-09 12:56:05.671660,9579.0,10536.900000000001,8621.1,10057.95,95790
2025-05-09 12:57:05.671660,9580.0,10538.0,8622.0,10059.0,95800
2025-05-09 12:58:05.671660,9581.0,10539.1,8622.9,10060.050000000001,95810
2025-05-09 12:59:05.671660,9582.0,10540.2,8623.800000000001,10061.1,95820
2025-05-09 13:00:05.671660,9583.0,10541.300000000001,8624.7,10062.15,95830
2025-05-09 13:01:05.671660,9584.0,10542.400000000001,8625.6,10063.2,95840
2025-05-09 13:02:05.671660,9585.0,10543.5,8626.5,10064.25,95850
2025-05-09 13:03:05.671660,9586.0,10544.6,8627.4,10065.300000000001,95860
2025-05-09 13:04:05.671660,9587.0,10545.7,8628.300000000001,10066.35,95870
2025-05-09 13:05:05.671660,9588.0,10546.800000000001,8629.2,10067.4,95880
2025-05-09 13:06:05.671660,9589.0,10547.900000000001,8630.1,10068.45,95890
2025-05-09 13:07:05.671660,9590.0,10549.0,8631.0,10069.5,95900
2025-05-09 13:08:05.671660,9591.0,10550.1,8631.9,10070.550000000001,95910
2025-05-09 13:09:05.671660,9592.0,10551.2,8632.800000000001,10071.6,95920
2025-05-09 13:10:05.671660,9593.0,10552.300000000001,8633.7,10072.65,95930
2025-05-09 13:11:05.671660,9594.0,10553.400000000001,8634.6,10073.7,95940
2025-05-09 13:12:05.671660,9595.0,10554.5,8635.5,10074.75,95950
2025-05-09 13:13:05.671660,9596.0,10555.6,8636.4,10075.800000000001,95960
2025-05-09 13:14:05.671660,9597.0,10556.7,8637.300000000001,10076.85,95970
2025-05-09 13:15:05.671660,9598.0,10557.800000000001,8638.2,10077.9,95980
2025-05-09 13:16:05.671660,9599.0,10558.900000000001,8639.1,10078.95,95990
2025-05-09 13:17:05.671660,9600.0,10560.0,8640.0,10080.0,96000
2025-05-09 13:18:05.671660,9601.0,10561.1,8640.9,10081.050000000001,96010
2025-05-09 13:19:05.671660,9602.0,10562.2,8641.800000000001,10082.1,96020
2025-05-09 13:20:05.671660,9603.0,10563.300000000001,8642.7,10083.15,96030
2025-05-09 13:21:05.671660,9604.0,10564.400000000001,8643.6,10084.2,96040
2025-05-09 13:22:05.671660,9605.0,10565.5,8644.5,10085.25,96050
2025-05-09 13:23:05.671660,9606.0,10566.6,8645.4,10086.300000000001,96060
2025-05-09 13:24:05.671660,9607.0,10567.7,8646.300000000001,10087.35,96070
2025-05-09 13:25:05.671660,9608.0,10568.800000000001,8647.2,10088.4,96080
2025-05-09 13:26:05.671660,9609.0,10569.900000000001,8648.1,10089.45,96090
2025-05-09 13:27:05.671660,9610.0,10571.0,8649.0,10090.5,96100
2025-05-09 13:28:05.671660,9611.0,10572.1,8649.9,10091.550000000001,96110
2025-05-09 13:29:05.671660,9612.0,10573.2,8650.800000000001,10092.6,96120
2025-05-09 13:30:05.671660,9613.0,10574.300000000001,8651.7,10093.65,96130
2025-05-09 13:31:05.671660,9614.0,10575.400000000001,8652.6,10094.7,96140
2025-05-09 13:32:05.671660,9615.0,10576.5,8653.5,10095.75,96150
2025-05-09 13:33:05.671660,9616.0,10577.6,8654.4,10096.800000000001,96160
2025-05-09 13:34:05.671660,9617.0,10578.7,8655.300000000001,10097.85,96170
2025-05-09 13:35:05.671660,9618.0,10579.800000000001,8656.2,10098.9,96180
2025-05-09 13:36:05.671660,9619.0,10580.900000000001,8657.1,10099.95,96190
2025-05-09 13:37:05.671660,9620.0,10582.0,8658.0,10101.0,96200
2025-05-09 13:38:05.671660,9621.0,10583.1,8658.9,10102.050000000001,96210
2025-05-09 13:39:05.671660,9622.0,10584.2,8659.800000000001,10103.1,96220
2025-05-09 13:40:05.671660,9623.0,10585.300000000001,8660.7,10104.15,96230
2025-05-09 13:41:05.671660,9624.0,10586.400000000001,8661.6,10105.2,96240
2025-05-09 13:42:05.671660,9625.0,10587.5,8662.5,10106.25,96250
2025-05-09 13:43:05.671660,9626.0,10588.6,8663.4,10107.300000000001,96260
2025-05-09 13:44:05.671660,9627.0,10589.7,8664.300000000001,10108.35,96270
2025-05-09 13:45:05.671660,9628.0,10590.800000000001,8665.2,10109.4,96280
2025-05-09 13:46:05.671660,9629.0,10591.900000000001,8666.1,10110.45,96290
2025-05-09 13:47:05.671660,9630.0,10593.0,8667.0,10111.5,96300
2025-05-09 13:48:05.671660,9631.0,10594.1,8667.9,10112.550000000001,96310
2025-05-09 13:49:05.671660,9632.0,10595.2,8668.800000000001,10113.6,96320
2025-05-09 13:50:05.671660,9633.0,10596.300000000001,8669.7,10114.65,96330
2025-05-09 13:51:05.671660,9634.0,10597.400000000001,8670.6,10115.7,96340
2025-05-09 13:52:05.671660,9635.0,10598.5,8671.5,10116.75,96350
2025-05-09 13:53:05.671660,9636.0,10599.6,8672.4,10117.800000000001,96360
2025-05-09 13:54:05.671660,9637.0,10600.7,8673.300000000001,10118.85,96370
2025-05-09 13:55:05.671660,9638.0,10601.800000000001,8674.2,10119.9,96380
2025-05-09 13:56:05.671660,9639.0,10602.900000000001,8675.1,10120.95,96390
2025-05-09 13:57:05.671660,9640.0,10604.0,8676.0,10122.0,96400
2025-05-09 13:58:05.671660,9641.0,10605.1,8676.9,10123.050000000001,96410
2025-05-09 13:59:05.671660,9642.0,10606.2,8677.800000000001,10124.1,96420
2025-05-09 14:00:05.671660,9643.0,10607.300000000001,8678.7,10125.15,96430
2025-05-09 14:01:05.671660,9644.0,10608.400000000001,8679.6,10126.2,96440
2025-05-09 14:02:05.671660,9645.0,10609.5,8680.5,10127.25,96450
2025-05-09 14:03:05.671660,9646.0,10610.6,8681.4,10128.300000000001,96460
2025-05-09 14:04:05.671660,9647.0,10611.7,8682.300000000001,10129.35,96470
2025-05-09 14:05:05.671660,9648.0,10612.800000000001,8683.2,10130.4,96480
2025-05-09 14:06:05.671660,9649.0,10613.900000000001,8684.1,10131.45,96490
2025-05-09 14:07:05.671660,9650.0,10615.0,8685.0,10132.5,96500
2025-05-09 14:08:05.671660,9651.0,10616.1,8685.9,10133.550000000001,96510
2025-05-09 14:09:05.671660,9652.0,10617.2,8686.800000000001,10134.6,96520
2025-05-09 14:10:05.671660,9653.0,10618.300000000001,8687.7,10135.65,96530
2025-05-09 14:11:05.671660,9654.0,10619.400000000001,8688.6,10136.7,96540
2025-05-09 14:12:05.671660,9655.0,10620.5,8689.5,10137.75,96550
2025-05-09 14:13:05.671660,9656.0,10621.6,8690.4,10138.800000000001,96560
2025-05-09 14:14:05.671660,9657.0,10622.7,8691.300000000001,10139.85,96570
2025-05-09 14:15:05.671660,9658.0,10623.800000000001,8692.2,10140.9,96580
2025-05-09 14:16:05.671660,9659.0,10624.900000000001,8693.1,10141.95,96590
2025-05-09 14:17:05.671660,9660.0,10626.0,8694.0,10143.0,96600
2025-05-09 14:18:05.671660,9661.0,10627.1,8694.9,10144.050000000001,96610
2025-05-09 14:19:05.671660,9662.0,10628.2,8695.800000000001,10145.1,96620
2025-05-09 14:20:05.671660,9663.0,10629.300000000001,8696.7,10146.15,96630
2025-05-09 14:21:05.671660,9664.0,10630.400000000001,8697.6,10147.2,96640
2025-05-09 14:22:05.671660,9665.0,10631.5,8698.5,10148.25,96650
2025-05-09 14:23:05.671660,9666.0,10632.6,8699.4,10149.300000000001,96660
2025-05-09 14:24:05.671660,9667.0,10633.7,8700.300000000001,10150.35,96670
2025-05-09 14:25:05.671660,9668.0,10634.800000000001,8701.2,10151.4,96680
2025-05-09 14:26:05.671660,9669.0,10635.900000000001,8702.1,10152.45,96690
2025-05-09 14:27:05.671660,9670.0,10637.0,8703.0,10153.5,96700
2025-05-09 14:28:05.671660,9671.0,10638.1,8703.9,10154.550000000001,96710
2025-05-09 14:29:05.671660,9672.0,10639.2,8704.800000000001,10155.6,96720
2025-05-09 14:30:05.671660,9673.0,10640.300000000001,8705.7,10156.65,96730
2025-05-09 14:31:05.671660,9674.0,10641.400000000001,8706.6,10157.7,96740
2025-05-09 14:32:05.671660,9675.0,10642.5,8707.5,10158.75,96750
2025-05-09 14:33:05.671660,9676.0,10643.6,8708.4,10159.800000000001,96760
2025-05-09 14:34:05.671660,9677.0,10644.7,8709.300000000001,10160.85,96770
2025-05-09 14:35:05.671660,9678.0,10645.800000000001,8710.2,10161.9,96780
2025-05-09 14:36:05.671660,9679.0,10646.900000000001,8711.1,10162.95,96790
2025-05-09 14:37:05.671660,9680.0,10648.0,8712.0,10164.0,96800
2025-05-09 14:38:05.671660,9681.0,10649.1,8712.9,10165.050000000001,96810
2025-05-09 14:39:05.671660,9682.0,10650.2,8713.800000000001,10166.1,96820
2025-05-09 14:40:05.671660,9683.0,10651.300000000001,8714.7,10167.15,96830
2025-05-09 14:41:05.671660,9684.0,10652.400000000001,8715.6,10168.2,96840
2025-05-09 14:42:05.671660,9685.0,10653.5,8716.5,10169.25,96850
2025-05-09 14:43:05.671660,9686.0,10654.6,8717.4,10170.300000000001,96860
2025-05-09 14:44:05.671660,9687.0,10655.7,8718.300000000001,10171.35,96870
2025-05-09 14:45:05.671660,9688.0,10656.800000000001,8719.2,10172.4,96880
2025-05-09 14:46:05.671660,9689.0,10657.900000000001,8720.1,10173.45,96890
2025-05-09 14:47:05.671660,9690.0,10659.0,8721.0,10174.5,96900
2025-05-09 14:48:05.671660,9691.0,10660.1,8721.9,10175.550000000001,96910
2025-05-09 14:49:05.671660,9692.0,10661.2,8722.800000000001,10176.6,96920
2025-05-09 14:50:05.671660,9693.0,10662.300000000001,8723.7,10177.65,96930
2025-05-09 14:51:05.671660,9694.0,10663.400000000001,8724.6,10178.7,96940
2025-05-09 14:52:05.671660,9695.0,10664.5,8725.5,10179.75,96950
2025-05-09 14:53:05.671660,9696.0,10665.6,8726.4,10180.800000000001,96960
2025-05-09 14:54:05.671660,9697.0,10666.7,8727.300000000001,10181.85,96970
2025-05-09 14:55:05.671660,9698.0,10667.800000000001,8728.2,10182.9,96980
2025-05-09 14:56:05.671660,9699.0,10668.900000000001,8729.1,10183.95,96990
2025-05-09 14:57:05.671660,9700.0,10670.0,8730.0,10185.0,97000
2025-05-09 14:58:05.671660,9701.0,10671.1,8730.9,10186.050000000001,97010
2025-05-09 14:59:05.671660,9702.0,10672.2,8731.800000000001,10187.1,97020
2025-05-09 15:00:05.671660,9703.0,10673.300000000001,8732.7,10188.15,97030
2025-05-09 15:01:05.671660,9704.0,10674.400000000001,8733.6,10189.2,97040
2025-05-09 15:02:05.671660,9705.0,10675.5,8734.5,10190.25,97050
2025-05-09 15:03:05.671660,9706.0,10676.6,8735.4,10191.300000000001,97060
2025-05-09 15:04:05.671660,9707.0,10677.7,8736.300000000001,10192.35,97070
2025-05-09 15:05:05.671660,9708.0,10678.800000000001,8737.2,10193.4,97080
2025-05-09 15:06:05.671660,9709.0,10679.900000000001,8738.1,10194.45,97090
2025-05-09 15:07:05.671660,9710.0,10681.0,8739.0,10195.5,97100
2025-05-09 15:08:05.671660,9711.0,10682.1,8739.9,10196.550000000001,97110
2025-05-09 15:09:05.671660,9712.0,10683.2,8740.800000000001,10197.6,97120
2025-05-09 15:10:05.671660,9713.0,10684.300000000001,8741.7,10198.65,97130
2025-05-09 15:11:05.671660,9714.0,10685.400000000001,8742.6,10199.7,97140
2025-05-09 15:12:05.671660,9715.0,10686.5,8743.5,10200.75,97150
2025-05-09 15:13:05.671660,9716.0,10687.6,8744.4,10201.800000000001,97160
2025-05-09 15:14:05.671660,9717.0,10688.7,8745.300000000001,10202.85,97170
2025-05-09 15:15:05.671660,9718.0,10689.800000000001,8746.2,10203.9,97180
2025-05-09 15:16:05.671660,9719.0,10690.900000000001,8747.1,10204.95,97190
2025-05-09 15:17:05.671660,9720.0,10692.0,8748.0,10206.0,97200
2025-05-09 15:18:05.671660,9721.0,10693.1,8748.9,10207.050000000001,97210
2025-05-09 15:19:05.671660,9722.0,10694.2,8749.800000000001,10208.1,97220
2025-05-09 15:20:05.671660,9723.0,10695.300000000001,8750.7,10209.15,97230
2025-05-09 15:21:05.671660,9724.0,10696.400000000001,8751.6,10210.2,97240
2025-05-09 15:22:05.671660,9725.0,10697.5,8752.5,10211.25,97250
2025-05-09 15:23:05.671660,9726.0,10698.6,8753.4,10212.300000000001,97260
2025-05-09 15:24:05.671660,9727.0,10699.7,8754.300000000001,10213.35,97270
2025-05-09 15:25:05.671660,9728.0,10700.800000000001,8755.2,10214.4,97280
2025-05-09 15:26:05.671660,9729.0,10701.900000000001,8756.1,10215.45,97290
2025-05-09 15:27:05.671660,9730.0,10703.0,8757.0,10216.5,97300
2025-05-09 15:28:05.671660,9731.0,10704.1,8757.9,10217.550000000001,97310
2025-05-09 15:29:05.671660,9732.0,10705.2,8758.800000000001,10218.6,97320
2025-05-09 15:30:05.671660,9733.0,10706.300000000001,8759.7,10219.65,97330
2025-05-09 15:31:05.671660,9734.0,10707.400000000001,8760.6,10220.7,97340
2025-05-09 15:32:05.671660,9735.0,10708.5,8761.5,10221.75,97350
2025-05-09 15:33:05.671660,9736.0,10709.6,8762.4,10222.800000000001,97360
2025-05-09 15:34:05.671660,9737.0,10710.7,8763.300000000001,10223.85,97370
2025-05-09 15:35:05.671660,9738.0,10711.800000000001,8764.2,10224.9,97380
2025-05-09 15:36:05.671660,9739.0,10712.900000000001,8765.1,10225.95,97390
2025-05-09 15:37:05.671660,9740.0,10714.0,8766.0,10227.0,97400
2025-05-09 15:38:05.671660,9741.0,10715.1,8766.9,10228.050000000001,97410
2025-05-09 15:39:05.671660,9742.0,10716.2,8767.800000000001,10229.1,97420
2025-05-09 15:40:05.671660,9743.0,10717.300000000001,8768.7,10230.15,97430
2025-05-09 15:41:05.671660,9744.0,10718.400000000001,8769.6,10231.2,97440
2025-05-09 15:42:05.671660,9745.0,10719.5,8770.5,10232.25,97450
2025-05-09 15:43:05.671660,9746.0,10720.6,8771.4,10233.300000000001,97460
2025-05-09 15:44:05.671660,9747.0,10721.7,8772.300000000001,10234.35,97470
2025-05-09 15:45:05.671660,9748.0,10722.800000000001,8773.2,10235.4,97480
2025-05-09 15:46:05.671660,9749.0,10723.900000000001,8774.1,10236.45,97490
2025-05-09 15:47:05.671660,9750.0,10725.0,8775.0,10237.5,97500
2025-05-09 15:48:05.671660,9751.0,10726.1,8775.9,10238.550000000001,97510
2025-05-09 15:49:05.671660,9752.0,10727.2,8776.800000000001,10239.6,97520
2025-05-09 15:50:05.671660,9753.0,10728.300000000001,8777.7,10240.65,97530
2025-05-09 15:51:05.671660,9754.0,10729.400000000001,8778.6,10241.7,97540
2025-05-09 15:52:05.671660,9755.0,10730.5,8779.5,10242.75,97550
2025-05-09 15:53:05.671660,9756.0,10731.6,8780.4,10243.800000000001,97560
2025-05-09 15:54:05.671660,9757.0,10732.7,8781.300000000001,10244.85,97570
2025-05-09 15:55:05.671660,9758.0,10733.800000000001,8782.2,10245.9,97580
2025-05-09 15:56:05.671660,9759.0,10734.900000000001,8783.1,10246.95,97590
2025-05-09 15:57:05.671660,9760.0,10736.0,8784.0,10248.0,97600
2025-05-09 15:58:05.671660,9761.0,10737.1,8784.9,10249.050000000001,97610
2025-05-09 15:59:05.671660,9762.0,10738.2,8785.800000000001,10250.1,97620
2025-05-09 16:00:05.671660,9763.0,10739.300000000001,8786.7,10251.15,97630
2025-05-09 16:01:05.671660,9764.0,10740.400000000001,8787.6,10252.2,97640
2025-05-09 16:02:05.671660,9765.0,10741.5,8788.5,10253.25,97650
2025-05-09 16:03:05.671660,9766.0,10742.6,8789.4,10254.300000000001,97660
2025-05-09 16:04:05.671660,9767.0,10743.7,8790.300000000001,10255.35,97670
2025-05-09 16:05:05.671660,9768.0,10744.800000000001,8791.2,10256.4,97680
2025-05-09 16:06:05.671660,9769.0,10745.900000000001,8792.1,10257.45,97690
2025-05-09 16:07:05.671660,9770.0,10747.0,8793.0,10258.5,97700
2025-05-09 16:08:05.671660,9771.0,10748.1,8793.9,10259.550000000001,97710
2025-05-09 16:09:05.671660,9772.0,10749.2,8794.800000000001,10260.6,97720
2025-05-09 16:10:05.671660,9773.0,10750.300000000001,8795.7,10261.65,97730
2025-05-09 16:11:05.671660,9774.0,10751.400000000001,8796.6,10262.7,97740
2025-05-09 16:12:05.671660,9775.0,10752.5,8797.5,10263.75,97750
2025-05-09 16:13:05.671660,9776.0,10753.6,8798.4,10264.800000000001,97760
2025-05-09 16:14:05.671660,9777.0,10754.7,8799.300000000001,10265.85,97770
2025-05-09 16:15:05.671660,9778.0,10755.800000000001,8800.2,10266.9,97780
2025-05-09 16:16:05.671660,9779.0,10756.900000000001,8801.1,10267.95,97790
2025-05-09 16:17:05.671660,9780.0,10758.0,8802.0,10269.0,97800
2025-05-09 16:18:05.671660,9781.0,10759.1,8802.9,10270.050000000001,97810
2025-05-09 16:19:05.671660,9782.0,10760.2,8803.800000000001,10271.1,97820
2025-05-09 16:20:05.671660,9783.0,10761.300000000001,8804.7,10272.15,97830
2025-05-09 16:21:05.671660,9784.0,10762.400000000001,8805.6,10273.2,97840
2025-05-09 16:22:05.671660,9785.0,10763.5,8806.5,10274.25,97850
2025-05-09 16:23:05.671660,9786.0,10764.6,8807.4,10275.300000000001,97860
2025-05-09 16:24:05.671660,9787.0,10765.7,8808.300000000001,10276.35,97870
2025-05-09 16:25:05.671660,9788.0,10766.800000000001,8809.2,10277.4,97880
2025-05-09 16:26:05.671660,9789.0,10767.900000000001,8810.1,10278.45,97890
2025-05-09 16:27:05.671660,9790.0,10769.0,8811.0,10279.5,97900
2025-05-09 16:28:05.671660,9791.0,10770.1,8811.9,10280.550000000001,97910
2025-05-09 16:29:05.671660,9792.0,10771.2,8812.800000000001,10281.6,97920
2025-05-09 16:30:05.671660,9793.0,10772.300000000001,8813.7,10282.65,97930
2025-05-09 16:31:05.671660,9794.0,10773.400000000001,8814.6,10283.7,97940
2025-05-09 16:32:05.671660,9795.0,10774.5,8815.5,10284.75,97950
2025-05-09 16:33:05.671660,9796.0,10775.6,8816.4,10285.800000000001,97960
2025-05-09 16:34:05.671660,9797.0,10776.7,8817.300000000001,10286.85,97970
2025-05-09 16:35:05.671660,9798.0,10777.800000000001,8818.2,10287.9,97980
2025-05-09 16:36:05.671660,9799.0,10778.900000000001,8819.1,10288.95,97990
2025-05-09 16:37:05.671660,9800.0,10780.0,8820.0,10290.0,98000
2025-05-09 16:38:05.671660,9801.0,10781.1,8820.9,10291.050000000001,98010
2025-05-09 16:39:05.671660,9802.0,10782.2,8821.800000000001,10292.1,98020
2025-05-09 16:40:05.671660,9803.0,10783.300000000001,8822.7,10293.15,98030
2025-05-09 16:41:05.671660,9804.0,10784.400000000001,8823.6,10294.2,98040
2025-05-09 16:42:05.671660,9805.0,10785.5,8824.5,10295.25,98050
2025-05-09 16:43:05.671660,9806.0,10786.6,8825.4,10296.300000000001,98060
2025-05-09 16:44:05.671660,9807.0,10787.7,8826.300000000001,10297.35,98070
2025-05-09 16:45:05.671660,9808.0,10788.800000000001,8827.2,10298.4,98080
2025-05-09 16:46:05.671660,9809.0,10789.900000000001,8828.1,10299.45,98090
2025-05-09 16:47:05.671660,9810.0,10791.0,8829.0,10300.5,98100
2025-05-09 16:48:05.671660,9811.0,10792.1,8829.9,10301.550000000001,98110
2025-05-09 16:49:05.671660,9812.0,10793.2,8830.800000000001,10302.6,98120
2025-05-09 16:50:05.671660,9813.0,10794.300000000001,8831.7,10303.65,98130
2025-05-09 16:51:05.671660,9814.0,10795.400000000001,8832.6,10304.7,98140
2025-05-09 16:52:05.671660,9815.0,10796.5,8833.5,10305.75,98150
2025-05-09 16:53:05.671660,9816.0,10797.6,8834.4,10306.800000000001,98160
2025-05-09 16:54:05.671660,9817.0,10798.7,8835.300000000001,10307.85,98170
2025-05-09 16:55:05.671660,9818.0,10799.800000000001,8836.2,10308.9,98180
2025-05-09 16:56:05.671660,9819.0,10800.900000000001,8837.1,10309.95,98190
2025-05-09 16:57:05.671660,9820.0,10802.0,8838.0,10311.0,98200
2025-05-09 16:58:05.671660,9821.0,10803.1,8838.9,10312.050000000001,98210
2025-05-09 16:59:05.671660,9822.0,10804.2,8839.800000000001,10313.1,98220
2025-05-09 17:00:05.671660,9823.0,10805.300000000001,8840.7,10314.15,98230
2025-05-09 17:01:05.671660,9824.0,10806.400000000001,8841.6,10315.2,98240
2025-05-09 17:02:05.671660,9825.0,10807.5,8842.5,10316.25,98250
2025-05-09 17:03:05.671660,9826.0,10808.6,8843.4,10317.300000000001,98260
2025-05-09 17:04:05.671660,9827.0,10809.7,8844.300000000001,10318.35,98270
2025-05-09 17:05:05.671660,9828.0,10810.800000000001,8845.2,10319.4,98280
2025-05-09 17:06:05.671660,9829.0,10811.900000000001,8846.1,10320.45,98290
2025-05-09 17:07:05.671660,9830.0,10813.0,8847.0,10321.5,98300
2025-05-09 17:08:05.671660,9831.0,10814.1,8847.9,10322.550000000001,98310
2025-05-09 17:09:05.671660,9832.0,10815.2,8848.800000000001,10323.6,98320
2025-05-09 17:10:05.671660,9833.0,10816.300000000001,8849.7,10324.65,98330
2025-05-09 17:11:05.671660,9834.0,10817.400000000001,8850.6,10325.7,98340
2025-05-09 17:12:05.671660,9835.0,10818.5,8851.5,10326.75,98350
2025-05-09 17:13:05.671660,9836.0,10819.6,8852.4,10327.800000000001,98360
2025-05-09 17:14:05.671660,9837.0,10820.7,8853.300000000001,10328.85,98370
2025-05-09 17:15:05.671660,9838.0,10821.800000000001,8854.2,10329.9,98380
2025-05-09 17:16:05.671660,9839.0,10822.900000000001,8855.1,10330.95,98390
2025-05-09 17:17:05.671660,9840.0,10824.0,8856.0,10332.0,98400
2025-05-09 17:18:05.671660,9841.0,10825.1,8856.9,10333.050000000001,98410
2025-05-09 17:19:05.671660,9842.0,10826.2,8857.800000000001,10334.1,98420
2025-05-09 17:20:05.671660,9843.0,10827.300000000001,8858.7,10335.15,98430
2025-05-09 17:21:05.671660,9844.0,10828.400000000001,8859.6,10336.2,98440
2025-05-09 17:22:05.671660,9845.0,10829.5,8860.5,10337.25,98450
2025-05-09 17:23:05.671660,9846.0,10830.6,8861.4,10338.300000000001,98460
2025-05-09 17:24:05.671660,9847.0,10831.7,8862.300000000001,10339.35,98470
2025-05-09 17:25:05.671660,9848.0,10832.800000000001,8863.2,10340.4,98480
2025-05-09 17:26:05.671660,9849.0,10833.900000000001,8864.1,10341.45,98490
2025-05-09 17:27:05.671660,9850.0,10835.0,8865.0,10342.5,98500
2025-05-09 17:28:05.671660,9851.0,10836.1,8865.9,10343.550000000001,98510
2025-05-09 17:29:05.671660,9852.0,10837.2,8866.800000000001,10344.6,98520
2025-05-09 17:30:05.671660,9853.0,10838.300000000001,8867.7,10345.65,98530
2025-05-09 17:31:05.671660,9854.0,10839.400000000001,8868.6,10346.7,98540
2025-05-09 17:32:05.671660,9855.0,10840.5,8869.5,10347.75,98550
2025-05-09 17:33:05.671660,9856.0,10841.6,8870.4,10348.800000000001,98560
2025-05-09 17:34:05.671660,9857.0,10842.7,8871.300000000001,10349.85,98570
2025-05-09 17:35:05.671660,9858.0,10843.800000000001,8872.2,10350.9,98580
2025-05-09 17:36:05.671660,9859.0,10844.900000000001,8873.1,10351.95,98590
2025-05-09 17:37:05.671660,9860.0,10846.0,8874.0,10353.0,98600
2025-05-09 17:38:05.671660,9861.0,10847.1,8874.9,10354.050000000001,98610
2025-05-09 17:39:05.671660,9862.0,10848.2,8875.800000000001,10355.1,98620
2025-05-09 17:40:05.671660,9863.0,10849.300000000001,8876.7,10356.15,98630
2025-05-09 17:41:05.671660,9864.0,10850.400000000001,8877.6,10357.2,98640
2025-05-09 17:42:05.671660,9865.0,10851.5,8878.5,10358.25,98650
2025-05-09 17:43:05.671660,9866.0,10852.6,8879.4,10359.300000000001,98660
2025-05-09 17:44:05.671660,9867.0,10853.7,8880.300000000001,10360.35,98670
2025-05-09 17:45:05.671660,9868.0,10854.800000000001,8881.2,10361.4,98680
2025-05-09 17:46:05.671660,9869.0,10855.900000000001,8882.1,10362.45,98690
2025-05-09 17:47:05.671660,9870.0,10857.0,8883.0,10363.5,98700
2025-05-09 17:48:05.671660,9871.0,10858.1,8883.9,10364.550000000001,98710
2025-05-09 17:49:05.671660,9872.0,10859.2,8884.800000000001,10365.6,98720
2025-05-09 17:50:05.671660,9873.0,10860.300000000001,8885.7,10366.65,98730
2025-05-09 17:51:05.671660,9874.0,10861.400000000001,8886.6,10367.7,98740
2025-05-09 17:52:05.671660,9875.0,10862.5,8887.5,10368.75,98750
2025-05-09 17:53:05.671660,9876.0,10863.6,8888.4,10369.800000000001,98760
2025-05-09 17:54:05.671660,9877.0,10864.7,8889.300000000001,10370.85,98770
2025-05-09 17:55:05.671660,9878.0,10865.800000000001,8890.2,10371.9,98780
2025-05-09 17:56:05.671660,9879.0,10866.900000000001,8891.1,10372.95,98790
2025-05-09 17:57:05.671660,9880.0,10868.0,8892.0,10374.0,98800
2025-05-09 17:58:05.671660,9881.0,10869.1,8892.9,10375.050000000001,98810
2025-05-09 17:59:05.671660,9882.0,10870.2,8893.800000000001,10376.1,98820
2025-05-09 18:00:05.671660,9883.0,10871.300000000001,8894.7,10377.15,98830
2025-05-09 18:01:05.671660,9884.0,10872.400000000001,8895.6,10378.2,98840
2025-05-09 18:02:05.671660,9885.0,10873.5,8896.5,10379.25,98850
2025-05-09 18:03:05.671660,9886.0,10874.6,8897.4,10380.300000000001,98860
2025-05-09 18:04:05.671660,9887.0,10875.7,8898.300000000001,10381.35,98870
2025-05-09 18:05:05.671660,9888.0,10876.800000000001,8899.2,10382.4,98880
2025-05-09 18:06:05.671660,9889.0,10877.900000000001,8900.1,10383.45,98890
2025-05-09 18:07:05.671660,9890.0,10879.0,8901.0,10384.5,98900
2025-05-09 18:08:05.671660,9891.0,10880.1,8901.9,10385.550000000001,98910
2025-05-09 18:09:05.671660,9892.0,10881.2,8902.800000000001,10386.6,98920
2025-05-09 18:10:05.671660,9893.0,10882.300000000001,8903.7,10387.65,98930
2025-05-09 18:11:05.671660,9894.0,10883.400000000001,8904.6,10388.7,98940
2025-05-09 18:12:05.671660,9895.0,10884.5,8905.5,10389.75,98950
2025-05-09 18:13:05.671660,9896.0,10885.6,8906.4,10390.800000000001,98960
2025-05-09 18:14:05.671660,9897.0,10886.7,8907.300000000001,10391.85,98970
2025-05-09 18:15:05.671660,9898.0,10887.800000000001,8908.2,10392.9,98980
2025-05-09 18:16:05.671660,9899.0,10888.900000000001,8909.1,10393.95,98990
2025-05-09 18:17:05.671660,9900.0,10890.0,8910.0,10395.0,99000
2025-05-09 18:18:05.671660,9901.0,10891.1,8910.9,10396.050000000001,99010
2025-05-09 18:19:05.671660,9902.0,10892.2,8911.800000000001,10397.1,99020
2025-05-09 18:20:05.671660,9903.0,10893.300000000001,8912.7,10398.15,99030
2025-05-09 18:21:05.671660,9904.0,10894.400000000001,8913.6,10399.2,99040
2025-05-09 18:22:05.671660,9905.0,10895.5,8914.5,10400.25,99050
2025-05-09 18:23:05.671660,9906.0,10896.6,8915.4,10401.300000000001,99060
2025-05-09 18:24:05.671660,9907.0,10897.7,8916.300000000001,10402.35,99070
2025-05-09 18:25:05.671660,9908.0,10898.800000000001,8917.2,10403.4,99080
2025-05-09 18:26:05.671660,9909.0,10899.900000000001,8918.1,10404.45,99090
2025-05-09 18:27:05.671660,9910.0,10901.0,8919.0,10405.5,99100
2025-05-09 18:28:05.671660,9911.0,10902.1,8919.9,10406.550000000001,99110
2025-05-09 18:29:05.671660,9912.0,10903.2,8920.800000000001,10407.6,99120
2025-05-09 18:30:05.671660,9913.0,10904.300000000001,8921.7,10408.65,99130
2025-05-09 18:31:05.671660,9914.0,10905.400000000001,8922.6,10409.7,99140
2025-05-09 18:32:05.671660,9915.0,10906.5,8923.5,10410.75,99150
2025-05-09 18:33:05.671660,9916.0,10907.6,8924.4,10411.800000000001,99160
2025-05-09 18:34:05.671660,9917.0,10908.7,8925.300000000001,10412.85,99170
2025-05-09 18:35:05.671660,9918.0,10909.800000000001,8926.2,10413.9,99180
2025-05-09 18:36:05.671660,9919.0,10910.900000000001,8927.1,10414.95,99190
2025-05-09 18:37:05.671660,9920.0,10912.0,8928.0,10416.0,99200
2025-05-09 18:38:05.671660,9921.0,10913.1,8928.9,10417.050000000001,99210
2025-05-09 18:39:05.671660,9922.0,10914.2,8929.800000000001,10418.1,99220
2025-05-09 18:40:05.671660,9923.0,10915.300000000001,8930.7,10419.15,99230
2025-05-09 18:41:05.671660,9924.0,10916.400000000001,8931.6,10420.2,99240
2025-05-09 18:42:05.671660,9925.0,10917.5,8932.5,10421.25,99250
2025-05-09 18:43:05.671660,9926.0,10918.6,8933.4,10422.300000000001,99260
2025-05-09 18:44:05.671660,9927.0,10919.7,8934.300000000001,10423.35,99270
2025-05-09 18:45:05.671660,9928.0,10920.800000000001,8935.2,10424.4,99280
2025-05-09 18:46:05.671660,9929.0,10921.900000000001,8936.1,10425.45,99290
2025-05-09 18:47:05.671660,9930.0,10923.0,8937.0,10426.5,99300
2025-05-09 18:48:05.671660,9931.0,10924.1,8937.9,10427.550000000001,99310
2025-05-09 18:49:05.671660,9932.0,10925.2,8938.800000000001,10428.6,99320
2025-05-09 18:50:05.671660,9933.0,10926.300000000001,8939.7,10429.65,99330
2025-05-09 18:51:05.671660,9934.0,10927.400000000001,8940.6,10430.7,99340
2025-05-09 18:52:05.671660,9935.0,10928.5,8941.5,10431.75,99350
2025-05-09 18:53:05.671660,9936.0,10929.6,8942.4,10432.800000000001,99360
2025-05-09 18:54:05.671660,9937.0,10930.7,8943.300000000001,10433.85,99370
2025-05-09 18:55:05.671660,9938.0,10931.800000000001,8944.2,10434.9,99380
2025-05-09 18:56:05.671660,9939.0,10932.900000000001,8945.1,10435.95,99390
2025-05-09 18:57:05.671660,9940.0,10934.0,8946.0,10437.0,99400
2025-05-09 18:58:05.671660,9941.0,10935.1,8946.9,10438.050000000001,99410
2025-05-09 18:59:05.671660,9942.0,10936.2,8947.800000000001,10439.1,99420
2025-05-09 19:00:05.671660,9943.0,10937.300000000001,8948.7,10440.15,99430
2025-05-09 19:01:05.671660,9944.0,10938.400000000001,8949.6,10441.2,99440
2025-05-09 19:02:05.671660,9945.0,10939.5,8950.5,10442.25,99450
2025-05-09 19:03:05.671660,9946.0,10940.6,8951.4,10443.300000000001,99460
2025-05-09 19:04:05.671660,9947.0,10941.7,8952.300000000001,10444.35,99470
2025-05-09 19:05:05.671660,9948.0,10942.800000000001,8953.2,10445.4,99480
2025-05-09 19:06:05.671660,9949.0,10943.900000000001,8954.1,10446.45,99490
2025-05-09 19:07:05.671660,9950.0,10945.0,8955.0,10447.5,99500
2025-05-09 19:08:05.671660,9951.0,10946.1,8955.9,10448.550000000001,99510
2025-05-09 19:09:05.671660,9952.0,10947.2,8956.800000000001,10449.6,99520
2025-05-09 19:10:05.671660,9953.0,10948.300000000001,8957.7,10450.65,99530
2025-05-09 19:11:05.671660,9954.0,10949.400000000001,8958.6,10451.7,99540
2025-05-09 19:12:05.671660,9955.0,10950.5,8959.5,10452.75,99550
2025-05-09 19:13:05.671660,9956.0,10951.6,8960.4,10453.800000000001,99560
2025-05-09 19:14:05.671660,9957.0,10952.7,8961.300000000001,10454.85,99570
2025-05-09 19:15:05.671660,9958.0,10953.800000000001,8962.2,10455.9,99580
2025-05-09 19:16:05.671660,9959.0,10954.900000000001,8963.1,10456.95,99590
2025-05-09 19:17:05.671660,9960.0,10956.0,8964.0,10458.0,99600
2025-05-09 19:18:05.671660,9961.0,10957.1,8964.9,10459.050000000001,99610
2025-05-09 19:19:05.671660,9962.0,10958.2,8965.800000000001,10460.1,99620
2025-05-09 19:20:05.671660,9963.0,10959.300000000001,8966.7,10461.15,99630
2025-05-09 19:21:05.671660,9964.0,10960.400000000001,8967.6,10462.2,99640
2025-05-09 19:22:05.671660,9965.0,10961.5,8968.5,10463.25,99650
2025-05-09 19:23:05.671660,9966.0,10962.6,8969.4,10464.300000000001,99660
2025-05-09 19:24:05.671660,9967.0,10963.7,8970.300000000001,10465.35,99670
2025-05-09 19:25:05.671660,9968.0,10964.800000000001,8971.2,10466.4,99680
2025-05-09 19:26:05.671660,9969.0,10965.900000000001,8972.1,10467.45,99690
2025-05-09 19:27:05.671660,9970.0,10967.0,8973.0,10468.5,99700
2025-05-09 19:28:05.671660,9971.0,10968.1,8973.9,10469.550000000001,99710
2025-05-09 19:29:05.671660,9972.0,10969.2,8974.800000000001,10470.6,99720
2025-05-09 19:30:05.671660,9973.0,10970.300000000001,8975.7,10471.65,99730
2025-05-09 19:31:05.671660,9974.0,10971.400000000001,8976.6,10472.7,99740
2025-05-09 19:32:05.671660,9975.0,10972.5,8977.5,10473.75,99750
2025-05-09 19:33:05.671660,9976.0,10973.6,8978.4,10474.800000000001,99760
2025-05-09 19:34:05.671660,9977.0,10974.7,8979.300000000001,10475.85,99770
2025-05-09 19:35:05.671660,9978.0,10975.800000000001,8980.2,10476.9,99780
2025-05-09 19:36:05.671660,9979.0,10976.900000000001,8981.1,10477.95,99790
2025-05-09 19:37:05.671660,9980.0,10978.0,8982.0,10479.0,99800
2025-05-09 19:38:05.671660,9981.0,10979.1,8982.9,10480.050000000001,99810
2025-05-09 19:39:05.671660,9982.0,10980.2,8983.800000000001,10481.1,99820
2025-05-09 19:40:05.671660,9983.0,10981.300000000001,8984.7,10482.15,99830
2025-05-09 19:41:05.671660,9984.0,10982.400000000001,8985.6,10483.2,99840
2025-05-09 19:42:05.671660,9985.0,10983.5,8986.5,10484.25,99850
2025-05-09 19:43:05.671660,9986.0,10984.6,8987.4,10485.300000000001,99860
2025-05-09 19:44:05.671660,9987.0,10985.7,8988.300000000001,10486.35,99870
2025-05-09 19:45:05.671660,9988.0,10986.800000000001,8989.2,10487.4,99880
2025-05-09 19:46:05.671660,9989.0,10987.900000000001,8990.1,10488.45,99890
2025-05-09 19:47:05.671660,9990.0,10989.0,8991.0,10489.5,99900
2025-05-09 19:48:05.671660,9991.0,10990.1,8991.9,10490.550000000001,99910
2025-05-09 19:49:05.671660,9992.0,10991.2,8992.800000000001,10491.6,99920
2025-05-09 19:50:05.671660,9993.0,10992.300000000001,8993.7,10492.65,99930
2025-05-09 19:51:05.671660,9994.0,10993.400000000001,8994.6,10493.7,99940
2025-05-09 19:52:05.671660,9995.0,10994.5,8995.5,10494.75,99950
2025-05-09 19:53:05.671660,9996.0,10995.6,8996.4,10495.800000000001,99960
2025-05-09 19:54:05.671660,9997.0,10996.7,8997.300000000001,10496.85,99970
2025-05-09 19:55:05.671660,9998.0,10997.800000000001,8998.2,10497.9,99980
2025-05-09 19:56:05.671660,9999.0,10998.900000000001,8999.1,10498.95,99990
