timestamp,open,high,low,close,volume
1956-12-03 01:21:00+00:00,30000.14259072049,30019.77824917336,29999.746078635973,30000.560534927372,871
1956-12-08 01:21:00+00:00,30002.567139711387,30017.119121884134,29994.18498756427,30003.82432611184,395
1956-12-13 01:21:00+00:00,30002.170324836276,30013.929791812545,29998.69474013298,30002.69309377999,627
1956-12-18 01:21:00+00:00,30002.716532747385,30011.56153121329,29987.39432642539,30002.51174684115,710
1956-12-23 01:21:00+00:00,30001.814171017162,30003.931272233764,29987.161628421098,30003.76232832473,151
1956-12-28 01:21:00+00:00,30001.238459285752,30018.703289810685,29983.443564120196,30001.304665792093,976
1957-01-02 01:21:00+00:00,29999.575826961107,30005.775840491486,29992.942894097396,29998.212154132234,349
1957-01-07 01:21:00+00:00,29999.07307101658,30013.49127183481,29984.204348157957,29999.636958917366,168
1957-01-12 01:21:00+00:00,29998.671015471693,30000.940047287495,29990.714276602757,29997.10819241518,543
1957-01-17 01:21:00+00:00,29999.92675910909,30001.18309693723,29993.20287996415,29999.265859204006,724
1957-01-22 01:21:00+00:00,30000.422847567253,30000.988490048217,29987.920313561022,30000.14680321108,775
1957-01-27 01:21:00+00:00,29998.842974200797,29999.850835000507,29992.492380026775,29999.416641932316,120
1957-02-01 01:21:00+00:00,29998.171440785278,30014.38318738715,29992.54132161116,29997.66341399084,813
1957-02-06 01:21:00+00:00,29998.412521496735,30016.244458950176,29987.467387171655,29997.63602807577,975
1957-02-11 01:21:00+00:00,29999.507955485184,30011.756358105384,29997.25699997473,29999.93219386034,984
1957-02-16 01:21:00+00:00,30000.249550814362,30013.42652345474,29996.135487338757,29998.84844461172,855
1957-02-21 01:21:00+00:00,30000.44826157747,30004.507066631562,29992.416629740004,30000.2240994883,896
1957-02-26 01:21:00+00:00,30002.001537102333,30006.4045644199,29995.280237587183,30001.430620352316,608
1957-03-03 01:21:00+00:00,30002.410842558373,30013.412821921956,29998.137152041643,30001.36899358476,490
1957-03-08 01:21:00+00:00,30002.00371881674,30012.176249358832,29997.003546717242,30001.561649980962,800
1957-03-13 01:21:00+00:00,30002.458864340697,30003.584400041967,29993.999178811882,30001.664523134696,861
1957-03-18 01:21:00+00:00,30001.89725081767,30011.187259025366,29998.316995141282,30002.471404220974,808
1957-03-23 01:21:00+00:00,30001.634459929206,30012.37663370235,29994.695176183195,30001.29038739547,151
1957-03-28 01:21:00+00:00,30001.971232115342,30013.28283454688,29987.253250344012,30003.503411318492,678
1957-04-02 01:21:00+00:00,30001.92343126296,30016.915950615734,29983.149821827603,30000.850125746623,113
1957-04-07 01:21:00+00:00,30002.594445162853,30014.23221340444,29997.366595448126,30004.2617985241,723
1957-04-12 01:21:00+00:00,30003.00542038598,30016.465549209417,29986.087529966986,30004.035119681434,858
1957-04-17 01:21:00+00:00,30002.388782866237,30011.625446812155,29983.422600863483,30001.183786855137,979
1957-04-22 01:21:00+00:00,30004.47515066496,30013.91782112858,29991.484165545822,30006.398121002443,605
1957-04-27 01:21:00+00:00,30005.03770920399,30009.34853660327,29991.565970590564,30004.947942682233,929
1957-05-02 01:21:00+00:00,30007.268126880586,30009.96924683578,29998.17065180615,30007.562203231253,359
1957-05-07 01:21:00+00:00,30007.694104069833,30012.76472180495,30000.570447886774,30008.214719439624,543
1957-05-12 01:21:00+00:00,30007.82485706333,30018.4324002279,30002.927638880275,30007.105460262035,629
1957-05-17 01:21:00+00:00,30008.899606272233,30020.986324476853,29998.61931200127,30009.316387090326,127
1957-05-22 01:21:00+00:00,30007.810733926155,30016.572749846833,29989.439026501692,30008.076321068558,409
1957-05-27 01:21:00+00:00,30005.67088545754,30022.23048831934,29994.29761479163,30007.507694012264,268
1957-06-01 01:21:00+00:00,30006.828275564498,30015.570179486906,29995.49214776691,30007.536856049835,576
1957-06-06 01:21:00+00:00,30005.820928283243,30013.482008625226,29991.4205419371,30005.40921433657,964
1957-06-11 01:21:00+00:00,30005.563658263363,30014.42943678872,30002.682326979608,30004.55541214502,775
1957-06-16 01:21:00+00:00,30004.476034216663,30013.939804253034,29988.944343100018,30005.732314995403,259
1957-06-21 01:21:00+00:00,30004.971761457975,30024.267301720258,29988.69205485471,30005.74085095501,436
1957-06-26 01:21:00+00:00,30004.74046352408,30021.45297723608,29989.80524289771,30004.006610928915,597
1957-07-01 01:21:00+00:00,30004.632467687075,30012.010268390764,30003.66115323909,30003.816397034087,310
1957-07-06 01:21:00+00:00,30005.282796889667,30008.02020294605,29997.09922058765,30006.780230496446,796
1957-07-11 01:21:00+00:00,30005.82391418269,30022.158533406782,29993.830421065402,30004.482326338377,920
1957-07-16 01:21:00+00:00,30006.628261020112,30012.35073493421,29988.149843693747,30006.33185809971,676
1957-07-21 01:21:00+00:00,30005.298767056847,30024.32367392197,29999.74673308266,30005.989248246566,822
1957-07-26 01:21:00+00:00,30006.812963972825,30021.26012539895,29998.317476691453,30009.367938938187,231
1957-07-31 01:21:00+00:00,30004.41396875593,30017.00006911202,29985.041322715115,30004.9257466133,771
1957-08-05 01:21:00+00:00,30004.58585366475,30022.12029771175,30000.65762965529,30003.138183065344,619
1957-08-10 01:21:00+00:00,30004.447182790103,30019.360267182103,29984.674440727387,30005.43887750183,565
1957-08-15 01:21:00+00:00,30005.360163355857,30012.4364061909,29987.770235706914,30006.104280432988,554
1957-08-20 01:21:00+00:00,30006.909152677836,30012.276985106615,30005.220530154114,30006.167440263816,193
1957-08-25 01:21:00+00:00,30005.141279866213,30022.603073033373,29991.952281080878,30005.797086886912,625
1957-08-30 01:21:00+00:00,30005.201406819302,30008.171453252642,29986.17840283672,30003.872962274116,284
1957-09-04 01:21:00+00:00,30005.72551362211,30014.073500422637,29989.46914055585,30004.60232929127,896
1957-09-09 01:21:00+00:00,30004.705784989463,30006.230824645158,29986.52563862089,30005.828130054437,160
1957-09-14 01:21:00+00:00,30001.951821431758,30004.061824602984,29985.26196330673,30001.368207354884,194
1957-09-19 01:21:00+00:00,30000.268317653274,30012.46505842926,29989.15322932316,29999.541276452066,519
1957-09-24 01:21:00+00:00,30001.848300586287,30020.71595883704,29996.680385555414,30003.724095887428,533
1957-09-29 01:21:00+00:00,30002.03727817364,30018.812569334634,29994.748900092425,30002.446412497255,678
1957-10-04 01:21:00+00:00,30002.89952549099,30019.803113456597,29996.924634629628,30001.43128011673,728
1957-10-09 01:21:00+00:00,30003.851824320405,30017.007557165507,29986.149976224075,30003.42274432816,920
1957-10-14 01:21:00+00:00,30005.265802223155,30017.008554406708,29998.578285901545,30004.871357559914,121
1957-10-19 01:21:00+00:00,30005.340320594696,30008.046259418108,30000.463807802556,30004.48939990896,754
1957-10-24 01:21:00+00:00,30005.510202093225,30017.6104742814,29995.888900948677,30005.081202861573,562
1957-10-29 01:21:00+00:00,30004.491667072958,30015.15807978956,30004.13341742655,30005.20469541882,408
1957-11-03 01:21:00+00:00,30004.650715037496,30008.500851123204,29991.500404991457,30006.202509899707,355
1957-11-08 01:21:00+00:00,30005.29655981767,30019.073921222756,29986.954457221647,30004.45566390277,443
1957-11-13 01:21:00+00:00,30004.592489162045,30023.218408062603,30002.216645384673,30003.910157978324,883
1957-11-18 01:21:00+00:00,30005.944216196265,30015.415516428733,29988.29010335556,30006.634180869136,138
1957-11-23 01:21:00+00:00,30007.658107636682,30023.53339018457,29995.692494274575,30007.760169014913,897
1957-11-28 01:21:00+00:00,30007.805279453667,30014.042677949423,29989.711129621206,30006.90749687599,813
1957-12-03 01:21:00+00:00,30007.21198691867,30024.176639038535,30003.916225115954,30007.01166116402,170
1957-12-08 01:21:00+00:00,30007.837558306706,30010.75122302069,30004.749337586385,30009.207755502815,266
1957-12-13 01:21:00+00:00,30008.458228639574,30026.278679116862,30004.8182494839,30010.281529379194,764
1957-12-18 01:21:00+00:00,30008.704014217215,30009.602733348635,30003.278407065223,30007.62592840044,816
1957-12-23 01:21:00+00:00,30007.97024205732,30016.412431488985,30007.777009768357,30009.73429469975,430
1957-12-28 01:21:00+00:00,30007.30682509709,30024.329292110546,30003.954919851665,30008.556575089016,929
1958-01-02 01:21:00+00:00,30006.604346936816,30022.174623522955,29998.59282875571,30008.087552400513,557
1958-01-07 01:21:00+00:00,30006.459243287583,30009.27879136555,29994.5545251562,30007.111369743714,450
1958-01-12 01:21:00+00:00,30006.90032467673,30020.454486443836,29996.53485331882,30008.361818224617,188
1958-01-17 01:21:00+00:00,30006.452624128673,30019.325314011585,29999.614038369287,30005.92621798531,733
1958-01-22 01:21:00+00:00,30007.566134036195,30015.710246702412,29988.403195246246,30007.236471210636,655
1958-01-27 01:21:00+00:00,30006.989107290578,30010.434203538436,29994.10692598816,30005.87797469487,760
1958-02-01 01:21:00+00:00,30006.650716699332,30012.859781442872,29989.544225432866,30005.30606585442,921
1958-02-06 01:21:00+00:00,30006.274686532055,30007.298001460014,29993.66176105771,30005.671691326985,174
1958-02-11 01:21:00+00:00,30006.255270126556,30008.78607037579,29999.429553457423,30006.693225475115,235
1958-02-16 01:21:00+00:00,30007.01122074352,30016.670522607663,29992.27236051363,30009.219525293676,161
1958-02-21 01:21:00+00:00,30007.237681017417,30024.98741633575,29995.27809392369,30006.955666668644,445
1958-02-26 01:21:00+00:00,30008.809734322833,30009.032523314894,29999.862676916204,30007.70873051901,605
1958-03-03 01:21:00+00:00,30008.49639425241,30026.645995769824,29997.957411271214,30009.595643958448,896
1958-03-08 01:21:00+00:00,30008.874837078387,30026.146403495528,29999.126951918995,30008.942183558633,877
1958-03-13 01:21:00+00:00,30009.468305505958,30010.46271042014,30000.99139596572,30009.566100766315,794
1958-03-18 01:21:00+00:00,30011.492308823836,30020.86569770203,29993.880001427544,30009.29380026535,681
1958-03-23 01:21:00+00:00,30009.8921771698,30020.140740353683,30000.99628388737,30010.792395717326,213
1958-03-28 01:21:00+00:00,30008.464805458978,30024.166087169247,30004.96204865345,30007.921231397857,138
1958-04-02 01:21:00+00:00,30009.545865129945,30023.958459581718,29997.08794597672,30008.74555537831,624
1958-04-07 01:21:00+00:00,30009.566366080737,30021.71531036776,29991.93669346332,30008.16490554139,617
1958-04-12 01:21:00+00:00,30010.794559166006,30017.717021751618,29996.54180191949,30010.301566450045,512
1958-04-17 01:21:00+00:00,30011.071653461637,30018.150341378514,30006.294663435223,30009.66283630294,132
1958-04-22 01:21:00+00:00,30011.02278415854,30029.280965581554,30007.68132586761,30011.312096535978,386
1958-04-27 01:21:00+00:00,30010.475845908408,30028.94303714593,30008.425859461,30009.38031666114,528
1958-05-02 01:21:00+00:00,30011.887814142246,30016.95875160697,30004.776134596534,30009.322845305534,922
1958-05-07 01:21:00+00:00,30011.8909905275,30019.8672600173,30001.395936405137,30012.965509885576,685
1958-05-12 01:21:00+00:00,30012.628866150226,30022.643946848337,30001.376074352374,30013.378526023418,591
1958-05-17 01:21:00+00:00,30011.582145658856,30026.960455132175,30006.064068203632,30011.496054865373,906
1958-05-22 01:21:00+00:00,30010.98209499479,30017.26050251208,30007.981378174536,30012.328646381684,840
1958-05-27 01:21:00+00:00,30012.03841061907,30014.50305302301,29993.332077739014,30012.061621200217,732
1958-06-01 01:21:00+00:00,30013.389143302582,30026.526657958704,30003.38765084967,30013.087448127077,721
1958-06-06 01:21:00+00:00,30013.778153881198,30027.68973912972,29998.627291169043,30012.27670636594,574
1958-06-11 01:21:00+00:00,30013.88721831912,30020.160671595644,30005.579720932306,30013.98813288603,484
1958-06-16 01:21:00+00:00,30014.23381514504,30024.916726546042,30008.008157283617,30014.86368319062,279
1958-06-21 01:21:00+00:00,30014.61613394164,30026.433364555764,30012.837489601305,30014.292946517562,633
1958-06-26 01:21:00+00:00,30015.152533849745,30028.90861140619,30007.76390473513,30016.473349623073,731
1958-07-01 01:21:00+00:00,30016.113218681887,30022.393719896572,30007.39625807872,30014.34166466381,497
1958-07-06 01:21:00+00:00,30016.355852131255,30026.185137480184,30015.173890508362,30016.44772850712,946
1958-07-11 01:21:00+00:00,30016.498810664016,30020.85238859563,30003.30179230765,30015.14953791963,897
1958-07-16 01:21:00+00:00,30015.717251007653,30026.422921073405,30012.62036267966,30015.98024159936,197
1958-07-21 01:21:00+00:00,30016.602534063848,30036.023190673248,30013.147115598484,30016.136760621383,751
1958-07-26 01:21:00+00:00,30016.168967942966,30025.164467497118,30006.037821116544,30016.15303346963,613
1958-07-31 01:21:00+00:00,30016.842110303693,30036.126971932747,30012.001639427734,30018.19134610655,705
1958-08-05 01:21:00+00:00,30019.037979806846,30034.42937845038,30006.514959116103,30020.213464713757,747
1958-08-10 01:21:00+00:00,30019.135655190657,30020.608805829987,30017.254844778177,30020.222365464953,640
1958-08-15 01:21:00+00:00,30018.346385408913,30021.54652648971,30005.884880347658,30016.63505062529,302
1958-08-20 01:21:00+00:00,30019.072868650084,30025.298359910987,30015.46005598154,30019.47871525383,549
1958-08-25 01:21:00+00:00,30019.25894012204,30026.586259057258,30018.05953187441,30019.254856875858,485
1958-08-30 01:21:00+00:00,30018.900874740844,30027.056198215152,30015.563149165173,30019.039720500667,515
1958-09-04 01:21:00+00:00,30017.106470021296,30017.316387431547,30010.68720646482,30016.593092073137,681
1958-09-09 01:21:00+00:00,30018.46845132386,30030.613806846268,29998.82021663654,30018.541041738856,154
1958-09-14 01:21:00+00:00,30019.427540136214,30024.22993850515,30007.53345658215,30020.512003514956,105
1958-09-19 01:21:00+00:00,30020.117505044123,30022.17676923955,30008.499828656506,30021.223186686308,932
1958-09-24 01:21:00+00:00,30020.19864423539,30021.842869742813,30003.70398635001,30018.57551710606,422
1958-09-29 01:21:00+00:00,30021.65930069393,30039.84472083504,30011.693021965148,30022.540755340815,224
1958-10-04 01:21:00+00:00,30021.381392870728,30040.156791515295,30005.035016118025,30022.565010733404,277
1958-10-09 01:21:00+00:00,30020.01554398627,30025.839706300114,30017.510369244435,30019.356595176043,710
1958-10-14 01:21:00+00:00,30021.886284632426,30030.880566787804,30009.217567563675,30021.764929781755,834
1958-10-19 01:21:00+00:00,30021.722376231053,30030.11007835632,30012.04359858708,30023.097514832163,282
1958-10-24 01:21:00+00:00,30021.710379730062,30022.310438792952,30019.67412628414,30021.02481073765,384
1958-10-29 01:21:00+00:00,30020.685449456145,30025.890271518405,30009.60267410813,30019.34939933804,929
1958-11-03 01:21:00+00:00,30021.401394873632,30024.81585649318,30017.05992195758,30022.547630966284,470
1958-11-08 01:21:00+00:00,30019.612741901743,30020.68415222196,30000.71027855611,30020.2805235597,957
1958-11-13 01:21:00+00:00,30018.971148932083,30033.5498284183,29999.468298752738,30018.67914087755,982
1958-11-18 01:21:00+00:00,30018.139389780048,30034.882498774663,30007.890972109217,30018.71695396585,367
1958-11-23 01:21:00+00:00,30019.048828409443,30029.732320222138,30015.513979957643,30020.686780198022,263
1958-11-28 01:21:00+00:00,30018.334251679848,30023.095029123273,30009.97414239585,30018.364607203777,819
1958-12-03 01:21:00+00:00,30017.054210797327,30025.334192701794,30011.6168304461,30018.61469107838,518
1958-12-08 01:21:00+00:00,30017.100337242722,30025.836871269574,29998.4532073759,30017.078053055913,130
1958-12-13 01:21:00+00:00,30018.150403492833,30033.377273583326,30009.024377437578,30019.973189742464,309
1958-12-18 01:21:00+00:00,30017.856431905842,30025.801001158485,30010.565189531415,30017.966207602065,967
1958-12-23 01:21:00+00:00,30018.318655073836,30023.229682190635,30005.11110577142,30017.146265897485,133
1958-12-28 01:21:00+00:00,30019.14679199225,30028.108357937792,30005.867190579364,30019.181814149462,171
1959-01-02 01:21:00+00:00,30020.32189297223,30037.130380062816,30010.474586739234,30021.128996618852,118
1959-01-07 01:21:00+00:00,30019.933653737546,30032.054875727674,30006.514353313618,30019.504853888495,936
1959-01-12 01:21:00+00:00,30019.849605855885,30026.237040293152,30016.59835945465,30021.641697618103,784
1959-01-17 01:21:00+00:00,30019.575444073886,30037.826367409412,30000.320259999007,30020.352954314876,121
1959-01-22 01:21:00+00:00,30018.24843037147,30023.169875272666,30015.398093846936,30019.71259015435,926
1959-01-27 01:21:00+00:00,30018.185717059154,30037.080308599216,30008.969804107986,30017.990573959018,731
1959-02-01 01:21:00+00:00,30020.424183805473,30038.60075488653,30006.008007488315,30022.040933658514,895
1959-02-06 01:21:00+00:00,30021.030849265087,30033.610548507335,30004.844457217387,30021.13469400054,784
1959-02-11 01:21:00+00:00,30020.25934531478,30034.366245309742,30003.643356009652,30021.15727275569,131
1959-02-16 01:21:00+00:00,30020.48805982071,30027.23075708695,30014.785692046455,30018.82854455915,955
1959-02-21 01:21:00+00:00,30019.869332529597,30022.769754509107,30016.393611636682,30019.088105975658,869
1959-02-26 01:21:00+00:00,30020.77436840493,30040.72322584906,30010.075927503487,30020.86563039199,599
1959-03-03 01:21:00+00:00,30020.070857504455,30034.625437664443,30019.20328822253,30019.92269615427,537
1959-03-08 01:21:00+00:00,30021.259815427347,30033.91457558451,30015.25761845161,30021.86276122648,474
1959-03-13 01:21:00+00:00,30020.947151677872,30027.57913701006,30010.267263204732,30021.057277237538,140
1959-03-18 01:21:00+00:00,30019.659446254424,30032.980047397952,30009.56376857698,30018.331700776434,582
1959-03-23 01:21:00+00:00,30018.581843960448,30029.7425137731,30011.65916235732,30019.174775446354,591
1959-03-28 01:21:00+00:00,30019.182398895187,30021.371995552174,30006.334702658936,30018.306897073355,987
1959-04-02 01:21:00+00:00,30019.770439663083,30026.968243319898,30012.468027966897,30021.787445258673,748
1959-04-07 01:21:00+00:00,30020.51117583204,30028.201704467967,30014.9794614748,30020.76794938581,954
1959-04-12 01:21:00+00:00,30019.750268537136,30022.12880436982,30013.975545639467,30018.650204280944,118
1959-04-17 01:21:00+00:00,30019.856047334415,30022.603294297172,30017.392626145505,30020.11448746302,989
1959-04-22 01:21:00+00:00,30020.557055936828,30040.0357195598,30011.914490492265,30020.012020558745,575
1959-04-27 01:21:00+00:00,30021.827300915033,30025.154116564143,30012.055423756272,30021.315805683804,733
1959-05-02 01:21:00+00:00,30021.53806303246,30025.055044058925,30020.478501287336,30020.063318423607,414
1959-05-07 01:21:00+00:00,30020.367875328582,30024.80288125258,30017.774126957385,30020.62045663782,856
1959-05-12 01:21:00+00:00,30019.520763095978,30029.28848783436,30010.801023394823,30021.902449116755,647
1959-05-17 01:21:00+00:00,30020.906384531016,30026.234021728847,30003.705897312455,30020.68055823235,772
1959-05-22 01:21:00+00:00,30021.96914207552,30027.621292544438,30011.592215224227,30022.7687770002,463
1959-05-27 01:21:00+00:00,30021.636224680606,30033.862186003946,30017.18550668381,30021.538141166893,147
1959-06-01 01:21:00+00:00,30019.657570829844,30035.770307387716,30002.626194756333,30019.188925704275,943
1959-06-06 01:21:00+00:00,30019.571361410868,30036.44759233237,30003.76094433846,30020.951786352434,481
1959-06-11 01:21:00+00:00,30019.8052455877,30030.72866956458,30012.32855024922,30020.764943656308,355
1959-06-16 01:21:00+00:00,30018.687885064697,30034.218211069372,30009.006641933876,30019.511219774387,937
1959-06-21 01:21:00+00:00,30019.956794145033,30029.368832078882,30005.042484762624,30021.646070098923,485
1959-06-26 01:21:00+00:00,30018.709322291084,30037.94355378679,30008.66650040053,30018.342324493315,853
1959-07-01 01:21:00+00:00,30016.844883581078,30018.263218396936,30001.616095124347,30015.47334572498,103
1959-07-06 01:21:00+00:00,30016.71162359593,30017.695828436215,30001.40441793484,30014.74807846825,435
1959-07-11 01:21:00+00:00,30016.37380057287,30027.910306061796,30001.716673835454,30016.346963016138,768
1959-07-16 01:21:00+00:00,30016.517102858015,30018.989428501274,30005.890432894586,30016.71290198461,162
1959-07-21 01:21:00+00:00,30016.76198665424,30035.4509948881,30008.213324686807,30015.51938043847,523
1959-07-26 01:21:00+00:00,30016.46068596435,30029.71003062439,30010.828293783437,30016.91809782879,893
1959-07-31 01:21:00+00:00,30014.895282030797,30024.93147049151,29999.63577608841,30016.683633433488,790
1959-08-05 01:21:00+00:00,30016.716315659287,30030.880070349835,29999.83852809482,30017.644023251298,585
1959-08-10 01:21:00+00:00,30016.818725838282,30019.90838149898,30009.467990025856,30017.852675838567,761
1959-08-15 01:21:00+00:00,30016.73195083432,30029.34505967391,30009.319200520917,30016.156916334134,754
1959-08-20 01:21:00+00:00,30016.83258708383,30029.796348277974,30015.328071997756,30015.574752404525,979
1959-08-25 01:21:00+00:00,30017.80638873285,30029.988140719146,30000.251526415934,30016.900831971296,615
1959-08-30 01:21:00+00:00,30018.754992944443,30023.456093550016,30016.74458651356,30019.54514954068,988
1959-09-04 01:21:00+00:00,30019.554151673008,30035.027279549326,30005.269147555176,30019.565863037973,198
1959-09-09 01:21:00+00:00,30020.90676637714,30030.14269184733,30004.396616282367,30021.248429108295,279
1959-09-14 01:21:00+00:00,30020.380177608346,30030.835697803006,30018.54873869121,30021.392443777637,761
1959-09-19 01:21:00+00:00,30020.06188391014,30035.493888559096,30016.723683206594,30020.441569827766,972
1959-09-24 01:21:00+00:00,30018.98157272958,30025.127383372503,30001.265595678422,30017.3881663392,244
1959-09-29 01:21:00+00:00,30018.76895130949,30028.297939877586,29998.987766053935,30017.390882867152,134
1959-10-04 01:21:00+00:00,30019.291125610183,30020.277175588442,30011.021968907306,30017.25178076509,812
1959-10-09 01:21:00+00:00,30018.673919413297,30037.535223482453,30017.527659415784,30018.54999811888,674
1959-10-14 01:21:00+00:00,30019.412759386985,30019.558952256713,30007.405958087646,30019.79206021559,851
1959-10-19 01:21:00+00:00,30020.6084302094,30037.288838913268,30013.38724106628,30022.59038825698,141
1959-10-24 01:21:00+00:00,30020.273291802412,30024.048622659273,30013.788343452397,30020.174774009924,583
1959-10-29 01:21:00+00:00,30020.39158125577,30027.115797458868,30007.673187426666,30020.946619254024,863
1959-11-03 01:21:00+00:00,30021.144741080494,30023.098743894836,30014.599455219013,30022.49281789644,548
1959-11-08 01:21:00+00:00,30021.342061178108,30028.333137300997,30005.452693706626,30021.716155254602,246
1959-11-13 01:21:00+00:00,30020.228463461932,30022.1672689944,30015.918293977196,30020.677765731,640
1959-11-18 01:21:00+00:00,30021.0786125265,30034.5977615556,30001.901182748526,30022.744549125946,531
1959-11-23 01:21:00+00:00,30020.704045866478,30037.21943157353,30020.453613656893,30020.732144269183,834
1959-11-28 01:21:00+00:00,30020.61772157601,30022.004158918797,30007.290107319204,30019.466083216874,495
1959-12-03 01:21:00+00:00,30019.838427309947,30035.958261286978,30017.884281993425,30018.63912260581,350
1959-12-08 01:21:00+00:00,30020.519387904027,30028.47591257137,30017.59557543426,30020.997505959323,868
1959-12-13 01:21:00+00:00,30019.928274959253,30030.709221830482,30008.807355218974,30021.21649600016,318
1959-12-18 01:21:00+00:00,30018.631804066947,30025.96462461487,30010.76234618626,30018.08472932011,485
1959-12-23 01:21:00+00:00,30018.719670080536,30038.328176280178,30016.42914275931,30018.155244900947,694
1959-12-28 01:21:00+00:00,30019.081995671713,30037.05057474143,30015.789454303565,30017.254164065496,205
1960-01-02 01:21:00+00:00,30019.730990821474,30036.714727348906,30009.485553758972,30020.42172217436,574
1960-01-07 01:21:00+00:00,30019.642001406854,30034.139904366806,30008.939543044606,30019.345428264514,343
1960-01-12 01:21:00+00:00,30018.629307789026,30022.37610135298,30004.36142894918,30020.143553012622,234
1960-01-17 01:21:00+00:00,30017.3561236446,30035.141981572215,30007.289972960596,30016.790154395567,163
1960-01-22 01:21:00+00:00,30016.53522711591,30021.606520248446,30009.074117840424,30017.585526959396,392
1960-01-27 01:21:00+00:00,30017.224408762286,30017.567694803347,30000.99941120709,30019.191204239036,719
1960-02-01 01:21:00+00:00,30018.749089097415,30034.729614244046,30014.173564954603,30019.811519461397,308
1960-02-06 01:21:00+00:00,30020.11826481982,30038.298665673905,30016.9184760771,30020.198203180953,643
1960-02-11 01:21:00+00:00,30021.174710633808,30031.93270909454,30015.279575113007,30022.21557661229,831
1960-02-16 01:21:00+00:00,30023.867207760413,30025.187837656224,30016.646526905675,30025.253782980868,277
1960-02-21 01:21:00+00:00,30023.602126252037,30027.41461560528,30006.018504859774,30024.404712477615,597
1960-02-26 01:21:00+00:00,30022.230226553984,30025.84477822037,30019.828418969868,30020.291192719484,347
1960-03-02 01:21:00+00:00,30021.726412980577,30036.100657997973,30013.48082870541,30021.79892225656,386
1960-03-07 01:21:00+00:00,30021.236189704512,30034.298284745837,30007.688944642232,30020.05554840674,841
1960-03-12 01:21:00+00:00,30021.36221278313,30037.859575082,30019.554142892925,30021.12445990912,304
1960-03-17 01:21:00+00:00,30020.595724966155,30033.71941502654,30013.526961917993,30021.096255881155,682
1960-03-22 01:21:00+00:00,30020.624230714366,30035.021440742785,30004.222369341827,30021.514304967623,586
1960-03-27 01:21:00+00:00,30019.81391407266,30028.94481133076,30016.99328304811,30021.627755009333,810
1960-04-01 01:21:00+00:00,30018.770087148685,30036.56825120063,30001.945136721686,30019.45292872349,633
1960-04-06 01:21:00+00:00,30019.813157119053,30020.71574288379,30017.289453950045,30020.267585636884,690
1960-04-11 01:21:00+00:00,30019.709207327403,30032.3789455383,30019.56452626515,30017.836058105342,835
1960-04-16 01:21:00+00:00,30020.397666349505,30039.68366057755,30002.23406150375,30020.025946407128,377
1960-04-21 01:21:00+00:00,30018.41102090985,30024.59691818575,30001.902462412818,30019.886608294768,131
1960-04-26 01:21:00+00:00,30018.58538539649,30024.9262656879,30000.201036531093,30018.765792523776,334
1960-05-01 01:21:00+00:00,30016.891515896958,30025.164103156567,30009.058451481935,30017.52287085177,768
1960-05-06 01:21:00+00:00,30017.067318547717,30019.588708425417,30003.437339415854,30017.27287604115,598
1960-05-11 01:21:00+00:00,30016.575008326854,30029.037700491222,30016.099456222593,30017.43147299791,170
1960-05-16 01:21:00+00:00,30017.43905773984,30025.667967124133,30008.46975918339,30019.406190381993,206
1960-05-21 01:21:00+00:00,30016.87391475546,30035.870604209846,30016.837526064468,30016.331015183732,627
1960-05-26 01:21:00+00:00,30017.267734585923,30026.852596686716,30014.930442565917,30016.96030283039,496
1960-05-31 01:21:00+00:00,30017.154598877652,30023.369225617756,29998.49522440498,30016.672345021878,910
1960-06-05 01:21:00+00:00,30018.036914861077,30024.802774428976,30003.855981591794,30017.925434366407,227
1960-06-10 01:21:00+00:00,30018.15724119674,30025.10411397694,30001.61385211861,30017.69421740561,857
1960-06-15 01:21:00+00:00,30016.851028619785,30030.120225194725,29998.32684432102,30017.440987834623,752
1960-06-20 01:21:00+00:00,30015.64152665543,30035.00819062733,29995.793132416005,30016.22753937871,979
1960-06-25 01:21:00+00:00,30015.454081770866,30032.915626204536,30015.441924527022,30014.8583482498,816
1960-06-30 01:21:00+00:00,30017.207308312998,30025.737795026904,30007.6126460645,30017.5023032507,873
1960-07-05 01:21:00+00:00,30018.430777553658,30018.677413056856,29998.880239224458,30019.06461944603,238
1960-07-10 01:21:00+00:00,30018.65967627922,30021.83992599425,30003.120725636676,30019.885931806,407
1960-07-15 01:21:00+00:00,30018.414454006757,30037.051452416115,30018.15969864374,30017.71373933826,407
1960-07-20 01:21:00+00:00,30017.686732254686,30031.39807852255,30016.474700953262,30018.33816248831,963
1960-07-25 01:21:00+00:00,30018.697886494105,30033.669182313497,30017.301148470837,30018.675581053198,229
1960-07-30 01:21:00+00:00,30017.45774315748,30027.474296567598,29998.293214601777,30017.895158025138,362
1960-08-04 01:21:00+00:00,30017.73037835137,30018.96641430125,29999.012769974575,30017.98835979422,281
1960-08-09 01:21:00+00:00,30018.20413631172,30028.43475664318,30011.83962325111,30017.12039531975,380
1960-08-14 01:21:00+00:00,30019.333287856065,30027.47056335484,30018.79771694661,30020.191685034257,121
1960-08-19 01:21:00+00:00,30021.175656733154,30039.30131455005,30015.287724575934,30019.07230004515,376
1960-08-24 01:21:00+00:00,30019.793500468157,30022.09402979414,30000.658073764465,30018.832383168956,998
1960-08-29 01:21:00+00:00,30020.838670215406,30027.58262099361,30001.317976606493,30021.90652800068,143
1960-09-03 01:21:00+00:00,30020.343877957872,30030.224386118956,30011.554400888388,30019.930287779654,290
1960-09-08 01:21:00+00:00,30019.918141075836,30025.348801348777,30006.613086994286,30020.049036878256,142
1960-09-13 01:21:00+00:00,30018.848850831393,30026.5093709759,30014.867034169245,30017.543651397147,526
1960-09-18 01:21:00+00:00,30019.346517316044,30027.621421662996,30011.840483558837,30018.317854269477,773
1960-09-23 01:21:00+00:00,30019.282457701607,30036.255333067293,30017.79773542955,30020.338094893745,159
1960-09-28 01:21:00+00:00,30018.600679301522,30023.011140894665,30000.525046122293,30017.429662417893,343
1960-10-03 01:21:00+00:00,30018.45742440126,30020.330715262764,30005.203980633694,30018.513039637677,707
1960-10-08 01:21:00+00:00,30019.1351205236,30023.569335098306,30013.419709447255,30017.889706661597,479
1960-10-13 01:21:00+00:00,30019.87686373627,30037.488546129127,30011.081215138376,30018.932462532488,471
1960-10-18 01:21:00+00:00,30019.95919517559,30027.05199149003,30018.869793523714,30019.864416287888,377
1960-10-23 01:21:00+00:00,30021.113380546587,30030.894652750405,30011.054161134063,30020.057945241708,482
1960-10-28 01:21:00+00:00,30023.080052513753,30038.15041481837,30016.980621321156,30022.305344711163,894
1960-11-02 01:21:00+00:00,30023.885690587864,30031.40891576308,30013.1549916869,30025.478709434865,152
1960-11-07 01:21:00+00:00,30024.519556787593,30031.78840702854,30021.24624614628,30024.062992061088,960
1960-11-12 01:21:00+00:00,30024.476848866852,30032.71425768793,30022.64916524888,30024.975100289903,612
1960-11-17 01:21:00+00:00,30023.094379240676,30023.82220688629,30010.682382492792,30021.908209908666,472
1960-11-22 01:21:00+00:00,30023.403728781912,30025.55522461333,30005.548146415516,30023.72366769932,998
1960-11-27 01:21:00+00:00,30022.679850223332,30030.902837436497,30011.96471072826,30023.425465416436,292
1960-12-02 01:21:00+00:00,30021.454516274585,30022.15403950511,30008.79813477113,30023.374225450458,643
1960-12-07 01:21:00+00:00,30021.414158437437,30025.351843576176,30017.90892195122,30021.111095236607,679
1960-12-12 01:21:00+00:00,30023.143107844713,30036.054282736815,30017.799736983,30021.93979158815,415
1960-12-17 01:21:00+00:00,30023.21888146995,30023.504527514884,30007.48103494818,30024.255211915526,973
1960-12-22 01:21:00+00:00,30022.411638251513,30031.16670221112,30003.270953048097,30023.394929116075,183
1960-12-27 01:21:00+00:00,30020.800235296792,30026.337530049666,30005.118113146975,30021.08513386598,943
1961-01-01 01:21:00+00:00,30021.176111462308,30037.37640379193,30004.543911147128,30023.08812949451,311
1961-01-06 01:21:00+00:00,30021.90989208254,30035.938305765325,30003.56517935083,30022.02924132813,316
1961-01-11 01:21:00+00:00,30022.394056931727,30036.910552816425,30002.464427631858,30022.726628878427,680
1961-01-16 01:21:00+00:00,30022.957374908507,30026.76090003943,30006.783659981487,30024.040496426496,292
1961-01-21 01:21:00+00:00,30023.157594897522,30025.29061877856,30022.846116178098,30024.6513792323,207
1961-01-26 01:21:00+00:00,30023.738057949184,30028.88675034963,30009.273728883254,30024.256793699027,211
1961-01-31 01:21:00+00:00,30023.247155931826,30039.862857846256,30013.46914425682,30024.368683084012,300
1961-02-05 01:21:00+00:00,30024.384492069872,30039.111025065158,30014.730941838156,30023.855770468002,202
1961-02-10 01:21:00+00:00,30025.122341591054,30034.21210626914,30006.214457496066,30025.043948786755,983
1961-02-15 01:21:00+00:00,30023.282133973655,30037.19083047432,30021.034604533717,30023.92047557754,678
1961-02-20 01:21:00+00:00,30022.44132583201,30036.3881117201,30018.697220684466,30021.056265644886,742
1961-02-25 01:21:00+00:00,30023.301396578303,30025.50723003186,30022.21076531149,30023.745067391807,395
1961-03-02 01:21:00+00:00,30022.90666959889,30037.01135521646,30005.065307284698,30023.059691842333,496
1961-03-07 01:21:00+00:00,30023.496982693207,30040.565842355238,30011.773498609833,30023.787131787532,715
1961-03-12 01:21:00+00:00,30023.66999124609,30035.8527628086,30006.536130650453,30022.264076843654,300
1961-03-17 01:21:00+00:00,30024.41472405594,30031.589366080058,30018.812398046804,30025.851474292882,908
1961-03-22 01:21:00+00:00,30025.90998311424,30036.693319884384,30006.402779324137,30027.224403584296,144
1961-03-27 01:21:00+00:00,30026.89454628895,30044.408068707402,30008.5459051116,30026.014688451363,292
1961-04-01 01:21:00+00:00,30025.446140144028,30027.23015931225,30007.46506210933,30023.689498395543,120
1961-04-06 01:21:00+00:00,30025.013029161142,30025.319941219772,30017.083311084672,30024.65230779808,271
1961-04-11 01:21:00+00:00,30026.25305216731,30027.657462759544,30020.55809093313,30026.10329132569,190
1961-04-16 01:21:00+00:00,30027.722797875827,30045.887555524325,30026.60436715225,30028.400770705375,396
1961-04-21 01:21:00+00:00,30027.85041558595,30038.992439571113,30019.132302772465,30026.87524626346,182
1961-04-26 01:21:00+00:00,30029.12385681566,30032.76962333782,30009.58798716476,30029.41649192153,217
1961-05-01 01:21:00+00:00,30029.42409920762,30033.021720443972,30018.37857844877,30030.43890619329,733
1961-05-06 01:21:00+00:00,30030.65546161099,30038.559210228763,30015.632050714114,30029.31108373533,400
1961-05-11 01:21:00+00:00,30031.142514417414,30044.843813093255,30019.116676851216,30030.705603862283,263
1961-05-16 01:21:00+00:00,30031.97175304373,30047.617850406008,30022.30407185596,30031.57171357091,634
1961-05-21 01:21:00+00:00,30030.437916868254,30048.757309509612,30012.68502462023,30029.364921729994,472
1961-05-26 01:21:00+00:00,30030.45280662012,30049.485063431082,30013.1254760608,30031.11456090082,682
1961-05-31 01:21:00+00:00,30028.543811053878,30028.85808781217,30016.905041894457,30027.3308468044,315
1961-06-05 01:21:00+00:00,30027.833425564382,30038.343612655368,30026.3717111625,30025.579960050487,590
1961-06-10 01:21:00+00:00,30027.43679567541,30027.49415889149,30008.27589867554,30027.84942764045,391
1961-06-15 01:21:00+00:00,30025.97043338418,30029.376888380386,30011.85207283473,30026.559981389633,195
1961-06-20 01:21:00+00:00,30025.463383079827,30026.049286455098,30011.491074727703,30025.462730847248,213
1961-06-25 01:21:00+00:00,30025.500699995362,30028.8857353379,30023.135483610884,30024.74624449468,412
1961-06-30 01:21:00+00:00,30025.312553745258,30034.57942295526,30018.15399784213,30026.344424272433,281
1961-07-05 01:21:00+00:00,30023.44485216822,30029.890599914637,30017.528714468062,30023.980651576392,751
1961-07-10 01:21:00+00:00,30023.091466791873,30041.959839909505,30017.71678145303,30022.154749764264,156
1961-07-15 01:21:00+00:00,30022.694340064078,30033.57776055294,30022.437707896443,30022.65108293354,199
1961-07-20 01:21:00+00:00,30023.17586349974,30039.486849214936,30009.900427262673,30023.25083838393,886
1961-07-25 01:21:00+00:00,30024.11591726512,30033.120126849808,30009.006111227423,30026.4633387288,746
1961-07-30 01:21:00+00:00,30024.576782981483,30039.73675954256,30021.68252574698,30024.749896167417,860
1961-08-04 01:21:00+00:00,30023.955737922068,30029.682276657957,30007.892578640975,30021.466674257103,847
1961-08-09 01:21:00+00:00,30024.80172809784,30044.793459201097,30019.825558628127,30024.68214837811,190
1961-08-14 01:21:00+00:00,30025.915328503426,30031.71163043388,30017.244505767678,30025.45494729423,258
1961-08-19 01:21:00+00:00,30026.558138768003,30028.61691155545,30018.79265290711,30026.204889372588,470
1961-08-24 01:21:00+00:00,30025.98487163947,30028.436271473045,30012.49575909261,30026.06112773028,140
1961-08-29 01:21:00+00:00,30025.77479763381,30030.109242049675,30018.317978553132,30025.50594247617,973
1961-09-03 01:21:00+00:00,30026.62719487344,30032.086725563055,30018.68540613581,30025.939906413074,526
1961-09-08 01:21:00+00:00,30026.114803566445,30036.07716372216,30012.316714930304,30026.457020470025,693
1961-09-13 01:21:00+00:00,30025.10692229937,30035.277219149884,30009.017443641784,30022.599866048076,216
1961-09-18 01:21:00+00:00,30024.836891465417,30025.714995613795,30006.18388216121,30024.522398177956,452
1961-09-23 01:21:00+00:00,30026.749566780953,30035.27237011024,30021.668656414146,30026.34209918347,148
1961-09-28 01:21:00+00:00,30025.420250881696,30031.65504619858,30020.563597642176,30026.01686947342,332
1961-10-03 01:21:00+00:00,30025.142786588178,30036.953160723977,30016.979260499527,30024.583141735413,563
1961-10-08 01:21:00+00:00,30026.7450814698,30043.073490035396,30024.752918270453,30027.155125714537,502
1961-10-13 01:21:00+00:00,30025.293443752962,30035.609352686413,30009.764204559095,30024.799422646996,246
1961-10-18 01:21:00+00:00,30024.274020121982,30025.50311304112,30018.616380403782,30024.298173563842,535
1961-10-23 01:21:00+00:00,30025.220600855566,30044.43852374824,30020.976164765067,30025.055769335246,556
1961-10-28 01:21:00+00:00,30025.252011840174,30025.259389652932,30018.061932751072,30025.53605813004,690
1961-11-02 01:21:00+00:00,30025.926624830216,30027.000190472965,30007.444718841536,30024.98037727108,808
1961-11-07 01:21:00+00:00,30026.629167206996,30041.505693272557,30019.784346579247,30026.702232225445,657
1961-11-12 01:21:00+00:00,30026.076423153696,30030.376418804703,30016.514516973606,30027.57537587801,990
1961-11-17 01:21:00+00:00,30027.09446766037,30041.229782721894,30019.648264240346,30026.985133671424,272
1961-11-22 01:21:00+00:00,30024.872284878882,30029.34028564045,30011.753140328634,30024.237001151443,537
1961-11-27 01:21:00+00:00,30024.9553800256,30029.801818481395,30012.659702181016,30026.24201547206,247
1961-12-02 01:21:00+00:00,30024.341940892537,30036.074601119006,30017.136177470158,30025.02192298693,623
1961-12-07 01:21:00+00:00,30023.548714603163,30038.377382478255,30004.043092515996,30023.489485609567,301
1961-12-12 01:21:00+00:00,30023.840150007105,30041.22661811816,30019.80417088337,30023.4661107621,293
1961-12-17 01:21:00+00:00,30024.1232980984,30041.416496022448,30009.32087904004,30025.527746756245,187
1961-12-22 01:21:00+00:00,30025.54731970316,30033.982393782284,30008.687946994243,30025.65537978429,695
1961-12-27 01:21:00+00:00,30024.59155885149,30033.043946601156,30007.86632372068,30023.96850569139,815
1962-01-01 01:21:00+00:00,30023.909135440856,30024.979801915986,30009.03106772044,30024.999564729285,526
1962-01-06 01:21:00+00:00,30025.00317150338,30029.116618328528,30021.84178914608,30024.062507294584,233
1962-01-11 01:21:00+00:00,30022.57974104437,30041.749573372697,30010.294226123086,30020.531451118575,405
1962-01-16 01:21:00+00:00,30020.619148043952,30037.75571247975,30020.417699372723,30022.03114644849,424
1962-01-21 01:21:00+00:00,30019.733151769702,30027.77430663693,30013.07510943325,30021.682975462616,223
1962-01-26 01:21:00+00:00,30018.418828951202,30027.18134579312,30002.030824255846,30017.66011567379,240
1962-01-31 01:21:00+00:00,30019.038547516484,30031.37925114434,30006.40704529527,30019.02012882276,662
1962-02-05 01:21:00+00:00,30019.048803506095,30019.772430543973,30016.886916826174,30019.822585528225,132
1962-02-10 01:21:00+00:00,30018.46527586091,30028.659552133555,30000.566701923155,30016.327477174287,983
1962-02-15 01:21:00+00:00,30018.410847273175,30028.12092098329,30016.57207446586,30017.992348620246,279
1962-02-20 01:21:00+00:00,30019.033003437147,30033.02453638784,30008.38282091562,30019.043029855904,551
1962-02-25 01:21:00+00:00,30020.04476635717,30036.68066523303,30006.822492808184,30019.340593808003,793
1962-03-02 01:21:00+00:00,30021.1346821838,30036.183216727022,30004.55400119902,30020.380914559053,843
1962-03-07 01:21:00+00:00,30020.160674518822,30028.32270523139,30001.4840259123,30019.970589077628,640
1962-03-12 01:21:00+00:00,30020.192142661763,30035.367704273493,30008.31984857477,30020.521790580133,211
1962-03-17 01:21:00+00:00,30021.690915401898,30024.066477870187,30007.96135867483,30023.10159914178,293
1962-03-22 01:21:00+00:00,30019.349597490324,30023.114394749075,30003.06189803894,30018.364694523076,295
1962-03-27 01:21:00+00:00,30019.440691036685,30021.890012862063,30013.09642721998,30018.37201580759,333
1962-04-01 01:21:00+00:00,30018.167527329122,30028.274054896217,30006.868344869104,30017.855548953215,558
1962-04-06 01:21:00+00:00,30019.007712520994,30020.48238720784,30005.050044314976,30019.85573329403,140
1962-04-11 01:21:00+00:00,30018.636683755656,30021.540315997485,30006.1536840123,30016.266191042232,239
1962-04-16 01:21:00+00:00,30018.068468012058,30029.391609217528,30016.083603393192,30018.866599107583,691
1962-04-21 01:21:00+00:00,30019.181477643448,30024.541738610074,30009.705231030628,30017.52175273333,433
1962-04-26 01:21:00+00:00,30019.75071508886,30028.688177939774,30010.93729168473,30018.58866426211,569
1962-05-01 01:21:00+00:00,30017.97642392138,30022.748083512008,30011.04227672897,30019.604210297028,257
1962-05-06 01:21:00+00:00,30017.704224527115,30019.561747236545,30008.193973387428,30018.976632327955,508
1962-05-11 01:21:00+00:00,30018.401249048933,30024.021746067367,30002.650374935754,30015.958043590545,891
1962-05-16 01:21:00+00:00,30019.255493849694,30032.05655467714,30012.593393850082,30017.591285948474,275
1962-05-21 01:21:00+00:00,30019.4443865419,30034.938571921528,30017.193895134955,30018.105870302217,259
1962-05-26 01:21:00+00:00,30020.131021083984,30034.061256210734,30015.083605633237,30019.75286452798,840
1962-05-31 01:21:00+00:00,30019.60919092118,30034.050892066505,30001.427386911186,30019.474943025667,106
1962-06-05 01:21:00+00:00,30019.285760609815,30037.679821008987,30011.502436627972,30019.253776915677,330
1962-06-10 01:21:00+00:00,30019.788421594734,30039.1149692088,30000.15257843078,30018.726883271276,783
1962-06-15 01:21:00+00:00,30021.319671401154,30028.51773483171,30020.502180020452,30022.989583679828,176
1962-06-20 01:21:00+00:00,30022.079795001493,30025.854125074897,30013.959278009454,30020.937468935565,367
1962-06-25 01:21:00+00:00,30022.380151093297,30024.55857531886,30012.771830244234,30022.401838254224,470
1962-06-30 01:21:00+00:00,30022.266064940824,30035.4025125022,30004.455203083988,30021.64965237113,254
1962-07-05 01:21:00+00:00,30021.854168545622,30040.523469987595,30013.12593342239,30021.55985419184,744
1962-07-10 01:21:00+00:00,30020.86656300907,30021.355478601068,30004.12959522735,30020.0117834742,971
1962-07-15 01:21:00+00:00,30022.125956575997,30033.482312753928,30008.606877406986,30021.838388878008,585
1962-07-20 01:21:00+00:00,30022.105310831448,30024.55132457159,30005.992351764275,30021.430351840645,675
1962-07-25 01:21:00+00:00,30021.10504645264,30028.591421793568,30002.31576838608,30022.388246521656,680
1962-07-30 01:21:00+00:00,30020.684689083835,30028.48598109737,30009.752725857543,30020.78433207706,867
1962-08-04 01:21:00+00:00,30020.257471735564,30026.001539682038,30005.80701361116,30022.378258375167,874
1962-08-09 01:21:00+00:00,30019.75774556746,30036.987037984778,30017.59223301855,30018.87774146055,940
1962-08-14 01:21:00+00:00,30019.56680628994,30030.342813171912,30000.118429328104,30021.07264540444,367
1962-08-19 01:21:00+00:00,30020.278624868548,30030.488065516794,30001.60225291822,30021.335326167668,109
1962-08-24 01:21:00+00:00,30018.696249138906,30035.776674054607,30009.574349578445,30018.703138791312,230
1962-08-29 01:21:00+00:00,30019.05777670925,30019.776968318547,30001.027948475854,30018.660394174218,470
1962-09-03 01:21:00+00:00,30019.826035525097,30024.548883324238,30001.53799647552,30020.41770085723,237
1962-09-08 01:21:00+00:00,30019.922572428964,30031.369445099062,30002.520232527422,30019.076539085472,540
1962-09-13 01:21:00+00:00,30020.448906785045,30034.656801256915,30003.3402861544,30021.087249772572,346
1962-09-18 01:21:00+00:00,30020.506273484632,30039.17849931634,30012.87756261983,30020.901995653236,673
1962-09-23 01:21:00+00:00,30021.266357693938,30027.164002669087,30011.85943582556,30021.77731763802,837
1962-09-28 01:21:00+00:00,30020.914146212905,30036.805954024352,30006.401213229467,30020.761488399017,906
1962-10-03 01:21:00+00:00,30018.7635715243,30033.29625368103,30005.0879525576,30017.55538789404,445
1962-10-08 01:21:00+00:00,30018.941364196242,30032.189330843903,30000.05165755265,30016.804081611757,786
1962-10-13 01:21:00+00:00,30017.70923960347,30022.409967153006,30006.05084192577,30017.31059025996,490
1962-10-18 01:21:00+00:00,30015.353865800193,30019.166632494016,29996.027155446875,30014.272208493643,933
1962-10-23 01:21:00+00:00,30015.849154429616,30026.152601605525,30012.1181992669,30016.696295825677,240
1962-10-28 01:21:00+00:00,30015.222211218454,30026.46870306232,29996.71822908846,30015.475234353664,227
1962-11-02 01:21:00+00:00,30014.343015325125,30025.672778931108,30001.924240747318,30013.792702373565,948
1962-11-07 01:21:00+00:00,30013.62286379256,30014.138357329375,30005.21001632735,30013.54104400079,278
1962-11-12 01:21:00+00:00,30012.927197876626,30020.452670577066,30008.36901521398,30012.370602588966,251
1962-11-17 01:21:00+00:00,30012.834110475374,30017.22174181344,30005.249466574656,30012.178557377665,282
1962-11-22 01:21:00+00:00,30012.627383344683,30020.85271359356,30002.423607712066,30012.21329585426,607
1962-11-27 01:21:00+00:00,30012.95466777112,30032.213461192838,30011.741799220294,30012.62346305079,407
1962-12-02 01:21:00+00:00,30012.82716945613,30017.00860838287,29999.21614217147,30013.94348528084,404
1962-12-07 01:21:00+00:00,30013.19672247988,30017.774045792088,29998.94792559188,30013.899663669163,279
1962-12-12 01:21:00+00:00,30013.454242880423,30020.39217168237,30005.56138122302,30012.66453094345,630
1962-12-17 01:21:00+00:00,30013.207043033122,30033.050548212195,30007.740952013435,30013.847237335824,899
1962-12-22 01:21:00+00:00,30013.6326886504,30016.966924891887,29997.56964812504,30013.25006339806,682
1962-12-27 01:21:00+00:00,30014.087890518997,30021.86413673907,30006.939338540542,30013.81376939589,544
1963-01-01 01:21:00+00:00,30014.381362907552,30028.793295751395,29998.693042826726,30017.258242160766,272
1963-01-06 01:21:00+00:00,30013.01494199166,30029.409243021106,30009.423473746516,30013.831015674554,720
1963-01-11 01:21:00+00:00,30012.909219040943,30016.84604275353,30008.06290139228,30012.99344100429,812
1963-01-16 01:21:00+00:00,30012.626919320293,30024.706756062205,29996.632393580123,30012.42066993213,256
1963-01-21 01:21:00+00:00,30014.105363827508,30021.733956700915,29996.30726479113,30014.18398123607,587
1963-01-26 01:21:00+00:00,30013.953977874226,30019.942983678913,30006.462674280967,30013.309955449688,830
1963-01-31 01:21:00+00:00,30015.79114818812,30028.98198965262,30012.01069329977,30016.2303720671,705
1963-02-05 01:21:00+00:00,30016.65735624349,30024.731930174283,30015.153091611064,30018.057653378633,402
1963-02-10 01:21:00+00:00,30015.488812270938,30031.54433713453,30005.68224944505,30016.43880062825,965
1963-02-15 01:21:00+00:00,30015.866584959604,30022.832265185196,30013.73309974365,30013.85908502239,113
1963-02-20 01:21:00+00:00,30014.96377846769,30034.00420748022,30003.44145339362,30016.93373374983,690
1963-02-25 01:21:00+00:00,30014.98491713096,30023.423438389345,30001.9360214388,30014.363402419454,622
1963-03-02 01:21:00+00:00,30015.51365266063,30027.485305477778,30009.331650661108,30015.112726694148,333
1963-03-07 01:21:00+00:00,30017.194028154056,30026.637262119075,30011.380790648625,30015.816700597115,758
1963-03-12 01:21:00+00:00,30018.36039368694,30035.752280459415,30009.6601383526,30017.952652972177,334
1963-03-17 01:21:00+00:00,30019.5966990542,30023.094939236264,30017.230236752377,30018.918461325866,745
1963-03-22 01:21:00+00:00,30020.607208997262,30035.55795865018,30015.089733089786,30020.685450150464,575
1963-03-27 01:21:00+00:00,30020.56587861722,30036.72615479786,30012.552354699896,30020.301903969932,219
1963-04-01 01:21:00+00:00,30019.944742149677,30029.54026576733,30006.854385624494,30020.472438393776,869
1963-04-06 01:21:00+00:00,30019.31753193796,30024.48049415947,30003.212097161228,30018.12686879866,819
1963-04-11 01:21:00+00:00,30019.335134414425,30025.43707016576,30010.35681228253,30019.709238310068,382
1963-04-16 01:21:00+00:00,30019.22894361237,30025.09641067322,30002.258786389833,30018.713846229195,698
1963-04-21 01:21:00+00:00,30020.95736066104,30030.201467494593,30010.00485995559,30021.500632862582,742
1963-04-26 01:21:00+00:00,30021.334873121843,30026.86962339156,30020.06390887488,30021.204663475855,239
1963-05-01 01:21:00+00:00,30019.898453616082,30039.587316550966,30016.82007140887,30019.25260532885,453
1963-05-06 01:21:00+00:00,30019.151882203158,30032.98769582107,30005.321739190196,30019.649426550215,733
1963-05-11 01:21:00+00:00,30019.886601004342,30023.45926791052,30017.53505302012,30021.789089970647,704
1963-05-16 01:21:00+00:00,30020.841003597725,30036.481528189182,30020.413219415008,30020.621270648844,174
1963-05-21 01:21:00+00:00,30021.070278439922,30032.47113642804,30018.497276348873,30020.91460166927,550
1963-05-26 01:21:00+00:00,30020.605111507553,30036.196537953012,30013.369041882925,30020.402549983904,242
1963-05-31 01:21:00+00:00,30020.343322554505,30038.42274505739,30008.556212920317,30019.66255401317,405
1963-06-05 01:21:00+00:00,30020.12038297082,30031.777663466022,30011.314134526583,30020.172562331958,383
1963-06-10 01:21:00+00:00,30020.510720549144,30028.627768620496,30016.89109335349,30020.487332535533,141
1963-06-15 01:21:00+00:00,30020.192263367688,30029.772124789568,30014.561096820034,30022.519885224254,147
1963-06-20 01:21:00+00:00,30020.323573401274,30035.709324861622,30003.33667757716,30020.37676130262,457
1963-06-25 01:21:00+00:00,30020.46868044545,30021.603829740092,30004.42495488837,30018.93263939988,273
1963-06-30 01:21:00+00:00,30021.001272997815,30024.473549033162,30010.36821693101,30020.310978815232,304
1963-07-05 01:21:00+00:00,30022.65253040497,30032.095157886,30021.6568807896,30023.08690841059,511
1963-07-10 01:21:00+00:00,30022.331330164274,30034.320464554294,30021.58467981145,30022.827605570877,599
1963-07-15 01:21:00+00:00,30019.846434705956,30037.547293518015,30012.227979861666,30019.56282405546,752
1963-07-20 01:21:00+00:00,30020.01306873306,30024.498964373975,30013.916797332542,30018.73273769598,334
1963-07-25 01:21:00+00:00,30019.474852792933,30022.37543620592,30015.552352202376,30021.093307420037,478
1963-07-30 01:21:00+00:00,30019.06597111921,30026.350899230485,30006.53046497199,30019.41038724725,352
1963-08-04 01:21:00+00:00,30018.358434355763,30027.586684037375,30015.392090173777,30018.3428042987,129
1963-08-09 01:21:00+00:00,30019.357598169558,30034.604251249842,30012.55506847525,30019.734424099563,120
1963-08-14 01:21:00+00:00,30019.672615249605,30026.207384514448,30000.934244033186,30020.339849076925,435
1963-08-19 01:21:00+00:00,30020.556210261762,30024.624497107685,30006.81429681008,30021.505373430933,401
1963-08-24 01:21:00+00:00,30019.596495672733,30038.029489979544,30017.0696953403,30018.83052853306,653
1963-08-29 01:21:00+00:00,30019.61608901961,30024.0647018403,30013.084604253698,30019.13766040169,288
1963-09-03 01:21:00+00:00,30021.381227036003,30024.75494389083,30019.826573797425,30021.469075639237,940
1963-09-08 01:21:00+00:00,30022.808088061705,30028.242013825864,30021.31713546177,30021.53069101138,584
1963-09-13 01:21:00+00:00,30022.20546953565,30040.000528106753,30008.828424196643,30021.91290812939,660
1963-09-18 01:21:00+00:00,30021.844517289694,30035.614570536894,30015.532076256088,30022.26150254728,537
1963-09-23 01:21:00+00:00,30021.07544271239,30034.085282573684,30017.376369855196,30021.532745571618,253
1963-09-28 01:21:00+00:00,30021.382479395546,30025.864316857205,30009.499134114423,30021.831474861865,726
1963-10-03 01:21:00+00:00,30020.95916019854,30034.524592453923,30009.108384309075,30021.125225714568,200
1963-10-08 01:21:00+00:00,30022.33233529931,30023.28666991865,30013.374112264184,30022.03999143135,883
1963-10-13 01:21:00+00:00,30022.436431635895,30036.586577048798,30019.937157121047,30023.62540115329,689
1963-10-18 01:21:00+00:00,30021.147571178757,30039.487270094105,30015.736162989942,30020.779507980747,432
1963-10-23 01:21:00+00:00,30022.284968164466,30024.319359353995,30008.109299878975,30021.2433988864,764
1963-10-28 01:21:00+00:00,30023.069709276762,30026.477385747898,30013.66937345601,30022.352994842466,891
1963-11-02 01:21:00+00:00,30022.161392089776,30040.06420040061,30006.31580778154,30023.182632659416,141
1963-11-07 01:21:00+00:00,30022.297286103487,30023.460149005314,30020.359955529457,30021.28878742548,553
1963-11-12 01:21:00+00:00,30024.703804640278,30033.871950304438,30020.231580494226,30024.477712132797,279
1963-11-17 01:21:00+00:00,30024.905860124334,30043.93003435456,30018.96968288473,30024.366442311417,311
1963-11-22 01:21:00+00:00,30024.6124067784,30033.268177929545,30013.69509329842,30022.781236590505,943
1963-11-27 01:21:00+00:00,30025.708235365804,30027.06146010329,30023.014911145467,30026.143000975455,708
1963-12-02 01:21:00+00:00,30026.62507305726,30033.1922388326,30013.427267396404,30026.89409938022,248
1963-12-07 01:21:00+00:00,30026.133520660238,30038.562041389214,30009.64542210745,30025.94880776755,188
1963-12-12 01:21:00+00:00,30028.372588588252,30043.027678103907,30024.995107744206,30026.71726671277,849
1963-12-17 01:21:00+00:00,30027.44390773024,30044.133863435352,30009.620043683648,30027.955235681246,601
1963-12-22 01:21:00+00:00,30026.65558975811,30031.5647803181,30014.5488513567,30027.560282838218,494
1963-12-27 01:21:00+00:00,30027.10168744312,30044.214214287476,30023.32290690888,30026.323722489793,268
1964-01-01 01:21:00+00:00,30026.51435860015,30036.2740494204,30026.002894855694,30027.243344918566,675
1964-01-06 01:21:00+00:00,30027.653447009263,30035.91852194819,30012.34677387633,30027.03747663609,282
1964-01-11 01:21:00+00:00,30027.343893097073,30028.14430083609,30009.91446478902,30025.92271329965,887
1964-01-16 01:21:00+00:00,30028.134859502752,30028.32097598922,30015.275441510315,30028.71853548734,295
1964-01-21 01:21:00+00:00,30029.206743412444,30046.413632233893,30027.314149317383,30030.734445452348,672
1964-01-26 01:21:00+00:00,30029.32322518687,30041.76063443505,30009.981514770087,30029.35335553802,890
1964-01-31 01:21:00+00:00,30029.324381948936,30039.611696122458,30018.159799430596,30028.931140346012,906
1964-02-05 01:21:00+00:00,30029.100739714184,30038.358771515443,30020.838955788524,30027.389009794155,260
1964-02-10 01:21:00+00:00,30029.66233807614,30033.480852506087,30010.902075989878,30028.820651574828,693
1964-02-15 01:21:00+00:00,30029.487813384814,30032.415644423963,30011.688226123908,30027.254783810484,361
1964-02-20 01:21:00+00:00,30028.391525002575,30042.9271379148,30012.14489329191,30027.749208132536,956
1964-02-25 01:21:00+00:00,30029.572861516364,30047.851933745915,30024.799603913663,30030.470557627817,669
1964-03-01 01:21:00+00:00,30031.087653705323,30042.337361238082,30028.458998525944,30031.825230594695,750
1964-03-06 01:21:00+00:00,30030.128747502706,30049.026556599565,30017.815192430247,30030.856111486828,828
1964-03-11 01:21:00+00:00,30028.025550397888,30029.397386033743,30015.17580072141,30027.601894956973,604
1964-03-16 01:21:00+00:00,30026.244939569708,30043.63549782921,30018.618900447043,30026.58247441364,361
1964-03-21 01:21:00+00:00,30025.17298697519,30028.692877779336,30024.153142082112,30024.722564667307,631
1964-03-26 01:21:00+00:00,30025.022096886416,30032.468223383545,30008.958529837095,30023.824051024934,499
1964-03-31 01:21:00+00:00,30024.48758705123,30044.088605520396,30009.853633334045,30024.113086139856,434
1964-04-05 01:21:00+00:00,30025.860447426217,30031.278587695997,30013.56106406007,30024.829138131594,737
1964-04-10 01:21:00+00:00,30026.119843847056,30030.49173096892,30020.1949103443,30026.372680405006,878
1964-04-15 01:21:00+00:00,30026.094362046533,30037.731678528882,30012.76870151407,30026.380798330836,500
1964-04-20 01:21:00+00:00,30026.41649633354,30026.71253759603,30009.850583109634,30028.06523801007,205
1964-04-25 01:21:00+00:00,30026.27639711712,30039.817020417497,30022.47178206606,30027.381344092064,309
1964-04-30 01:21:00+00:00,30025.289751638094,30038.456237952498,30016.99523091769,30023.02625653079,334
1964-05-05 01:21:00+00:00,30024.384042033103,30035.342835884516,30017.641599969294,30024.931508400798,662
1964-05-10 01:21:00+00:00,30022.35667524252,30037.66200070096,30006.17354271155,30022.360910550113,254
1964-05-15 01:21:00+00:00,30022.070434091387,30027.06820133984,30015.56322301992,30024.421559201975,571
1964-05-20 01:21:00+00:00,30023.197603523837,30030.12902293196,30004.12921228274,30024.375571063836,373
1964-05-25 01:21:00+00:00,30024.497569175488,30026.704467785617,30015.355003851877,30024.8332997211,398
1964-05-30 01:21:00+00:00,30023.73092213696,30028.88917639418,30006.764702299504,30023.919607648295,821
1964-06-04 01:21:00+00:00,30023.75112006399,30042.299719781146,30012.405972539564,30024.60133894042,802
1964-06-09 01:21:00+00:00,30024.166748229072,30024.97741353589,30009.567982859342,30023.507494976715,702
1964-06-14 01:21:00+00:00,30023.655665597882,30030.51253902805,30013.261104954316,30022.70617637235,695
1964-06-19 01:21:00+00:00,30022.92725319881,30029.77267594621,30010.344294693685,30022.12442131152,349
1964-06-24 01:21:00+00:00,30022.99276327399,30024.0540814089,30017.851178905104,30022.388030997507,249
1964-06-29 01:21:00+00:00,30024.29110959848,30039.91006631078,30015.016901276824,30023.53578390487,319
1964-07-04 01:21:00+00:00,30025.04885171469,30036.037945412987,30016.54417019903,30026.32654373208,876
1964-07-09 01:21:00+00:00,30025.133235851747,30036.12717045245,30025.082819556224,30023.69993371662,739
1964-07-14 01:21:00+00:00,30024.396997313834,30029.912028825605,30016.747592659347,30024.486368040456,293
1964-07-19 01:21:00+00:00,30023.701112873172,30034.781588052138,30020.317721876523,30023.69967214776,155
1964-07-24 01:21:00+00:00,30021.65905527687,30028.209783250808,30004.89877065758,30020.485615276568,512
1964-07-29 01:21:00+00:00,30022.01610772946,30039.03982556426,30017.435719240584,30020.4209067656,321
1964-08-03 01:21:00+00:00,30023.391091671943,30033.246341580136,30007.23771255554,30024.271525922726,745
1964-08-08 01:21:00+00:00,30023.94206101852,30024.35091390427,30020.5730655613,30023.426356486136,354
1964-08-13 01:21:00+00:00,30023.602878397385,30032.100114727433,30007.475668171406,30025.097497107403,814
1964-08-18 01:21:00+00:00,30025.40517520349,30028.878897157618,30014.527654751037,30024.67550166311,469
1964-08-23 01:21:00+00:00,30026.903792021385,30043.724120090796,30026.83079057381,30027.564584034673,485
1964-08-28 01:21:00+00:00,30027.353125025806,30029.154279856313,30016.62034007544,30029.18379967677,477
1964-09-02 01:21:00+00:00,30026.810669223538,30046.31890708465,30018.968060015235,30026.34453968843,923
1964-09-07 01:21:00+00:00,30025.312965567824,30040.90214072626,30020.867230048465,30026.137076962965,877
1964-09-12 01:21:00+00:00,30025.141608729627,30035.506093255568,30010.187373954755,30023.599183039616,832
1964-09-17 01:21:00+00:00,30025.055463304987,30035.138152570576,30021.318847097722,30025.778889342764,686
1964-09-22 01:21:00+00:00,30025.05006857953,30044.855616839137,30023.98812022538,30023.466022386794,375
1964-09-27 01:21:00+00:00,30023.939603358725,30032.257209805,30004.048821826873,30024.58819888126,125
1964-10-02 01:21:00+00:00,30023.331785665967,30029.87986885247,30018.008686425102,30022.692871763837,693
1964-10-07 01:21:00+00:00,30023.26630666472,30036.030044505642,30020.14287570651,30024.89413654048,624
1964-10-12 01:21:00+00:00,30022.534309113606,30036.650065675796,30009.179245395306,30022.333878307836,776
1964-10-17 01:21:00+00:00,30024.793630881748,30037.92290711603,30015.40528114884,30026.78066002245,461
1964-10-22 01:21:00+00:00,30025.4938503208,30035.26880879907,30006.654828254985,30023.996660372813,128
1964-10-27 01:21:00+00:00,30025.651780366214,30026.334229685228,30014.526166903644,30025.425061575203,674
1964-11-01 01:21:00+00:00,30025.226742574854,30036.904847416303,30007.032345636413,30023.865074584366,927
1964-11-06 01:21:00+00:00,30025.478339215948,30044.925315800458,30017.29212102103,30025.25184440942,121
1964-11-11 01:21:00+00:00,30024.223991278177,30042.404015609533,30018.561957978385,30023.752185512538,130
1964-11-16 01:21:00+00:00,30024.43143042158,30030.175327334535,30018.118354634225,30025.29671199188,300
1964-11-21 01:21:00+00:00,30023.675114249254,30024.040002782574,30005.612365642963,30023.49072928233,106
1964-11-26 01:21:00+00:00,30023.720466961575,30028.486852808885,30011.966899827796,30024.053799532274,232
1964-12-01 01:21:00+00:00,30026.052526944648,30037.369831056905,30012.071892603828,30026.214718328556,737
1964-12-06 01:21:00+00:00,30026.152698162798,30038.68931749695,30019.762931200497,30025.2744257765,923
1964-12-11 01:21:00+00:00,30026.460623419644,30026.77618106377,30010.691375157217,30026.305493593387,332
1964-12-16 01:21:00+00:00,30027.515000775853,30046.35748727502,30026.450414797895,30027.208385278253,128
1964-12-21 01:21:00+00:00,30028.860567952055,30041.25666108864,30009.16568319466,30027.95837290331,320
1964-12-26 01:21:00+00:00,30028.711863492506,30046.82980154518,30019.58364227252,30028.78536494892,383
1964-12-31 01:21:00+00:00,30029.239932546883,30048.217490289604,30009.952708534045,30030.868609696583,679
1965-01-05 01:21:00+00:00,30030.153891842674,30044.70346234215,30027.396871568602,30029.825624960522,150
1965-01-10 01:21:00+00:00,30028.499805363495,30031.237873301725,30013.775448420845,30027.437597991768,795
1965-01-15 01:21:00+00:00,30026.960009804036,30038.931544953422,30025.76567699054,30027.21106668679,753
1965-01-20 01:21:00+00:00,30026.41995992736,30039.613068996667,30008.926150439922,30025.76814893885,754
1965-01-25 01:21:00+00:00,30025.572949201043,30026.405055017,30006.62444594449,30025.404733779156,854
1965-01-30 01:21:00+00:00,30024.67247473599,30041.327253583044,30022.637625402003,30024.760173636398,955
1965-02-04 01:21:00+00:00,30026.00916707951,30032.031158333873,30022.53379568369,30025.32084536986,191
1965-02-09 01:21:00+00:00,30026.70867257135,30034.935380582516,30018.02343631855,30026.10694580081,721
1965-02-14 01:21:00+00:00,30027.224045879022,30031.85777532822,30021.619413403416,30027.296401509207,268
1965-02-19 01:21:00+00:00,30029.259898761247,30031.52645132833,30024.770279995206,30030.478873320957,689
1965-02-24 01:21:00+00:00,30028.83429405586,30046.737012448542,30028.223799479707,30027.508208474894,876
1965-03-01 01:21:00+00:00,30028.411096007985,30032.40744007359,30020.616253259694,30029.782981070537,923
1965-03-06 01:21:00+00:00,30028.304350673803,30038.567580540413,30020.831587604505,30027.95549409562,999
1965-03-11 01:21:00+00:00,30027.78789102132,30042.013229864133,30022.276553658463,30027.546558696064,944
1965-03-16 01:21:00+00:00,30028.80046532974,30043.987547547928,30027.954921322325,30028.328380217863,293
1965-03-21 01:21:00+00:00,30027.45119987346,30038.16165886852,30008.18773482529,30026.77717955684,821
1965-03-26 01:21:00+00:00,30026.785208445173,30029.20892947151,30024.641670009758,30026.71379745692,753
1965-03-31 01:21:00+00:00,30026.952462362133,30034.349171263253,30010.080274692435,30027.103168145495,567
1965-04-05 01:21:00+00:00,30029.663548539258,30043.095365986846,30012.719172163434,30031.173069044493,897
1965-04-10 01:21:00+00:00,30028.34283728006,30047.658156794758,30008.65110881749,30027.078422210383,762
1965-04-15 01:21:00+00:00,30029.13198306907,30044.243908049008,30019.035971806545,30027.79888590576,687
1965-04-20 01:21:00+00:00,30028.797075868373,30037.94826201761,30022.00294206237,30028.258706525343,469
1965-04-25 01:21:00+00:00,30028.536620308387,30040.112637438182,30025.046577794215,30028.01997530534,244
1965-04-30 01:21:00+00:00,30029.7173437664,30049.511700404946,30025.95994484032,30030.647475935304,700
1965-05-05 01:21:00+00:00,30029.877083212385,30040.74050445127,30012.37215070346,30030.016066050113,154
1965-05-10 01:21:00+00:00,30030.043130346447,30036.898466927683,30022.469233755906,30029.060449818255,960
1965-05-15 01:21:00+00:00,30029.720909141317,30042.80429904153,30028.252047952665,30030.43687710608,442
1965-05-20 01:21:00+00:00,30030.487683521067,30042.378218864105,30019.161539287434,30031.0613369345,892
1965-05-25 01:21:00+00:00,30029.420850567996,30034.503682451334,30019.01573779402,30029.521266737895,310
1965-05-30 01:21:00+00:00,30027.96026372526,30039.882846707642,30022.212111392844,30027.616347214334,563
1965-06-04 01:21:00+00:00,30027.686585575415,30033.45697732911,30009.267935198724,30027.962578084316,407
1965-06-09 01:21:00+00:00,30026.463978509702,30042.831634587117,30015.353594695785,30027.67944794075,527
1965-06-14 01:21:00+00:00,30027.246047309774,30033.57291611365,30008.558450240285,30027.32352488611,248
1965-06-19 01:21:00+00:00,30026.19391334587,30044.649082828684,30009.99973023386,30028.1660106961,266
1965-06-24 01:21:00+00:00,30026.029384935588,30042.055619263992,30022.834755936605,30026.850724234428,959
1965-06-29 01:21:00+00:00,30026.17778164302,30045.60141228664,30014.518397864602,30026.537391936745,247
1965-07-04 01:21:00+00:00,30026.184928065602,30032.100121981446,30009.561812484466,30025.900678017646,523
1965-07-09 01:21:00+00:00,30026.24241848025,30039.542565304702,30021.720314135688,30024.93671372555,171
1965-07-14 01:21:00+00:00,30026.71397544627,30030.514132390254,30019.608027121194,30028.084738964513,791
1965-07-19 01:21:00+00:00,30025.453211772532,30029.796919450968,30005.47911450056,30025.544826087527,309
1965-07-24 01:21:00+00:00,30023.62770544229,30035.479660649784,30007.552181226314,30025.247931053207,588
1965-07-29 01:21:00+00:00,30024.161869266398,30035.833678538434,30015.348014425304,30025.54365565246,407
1965-08-03 01:21:00+00:00,30023.5931458744,30032.42623679939,30014.46647655398,30024.785386339227,725
1965-08-08 01:21:00+00:00,30021.771445140777,30024.65988359566,30008.748823885173,30021.656020320337,758
1965-08-13 01:21:00+00:00,30022.885140920025,30023.89773323214,30011.515462760457,30020.941903324732,716
1965-08-18 01:21:00+00:00,30022.28012589312,30025.445303441888,30020.011748716493,30022.381230583607,163
1965-08-23 01:21:00+00:00,30023.551210804424,30032.966066104545,30022.786425520993,30024.043456052827,753
1965-08-28 01:21:00+00:00,30023.554381340164,30029.045028633744,30011.03934844304,30022.313215325674,276
1965-09-02 01:21:00+00:00,30023.0733753313,30041.505078577353,30009.97273050652,30022.387322214836,594
1965-09-07 01:21:00+00:00,30020.7829204161,30033.764444745168,30009.883477310734,30020.41861163425,725
1965-09-12 01:21:00+00:00,30020.296855307086,30033.706208694883,30006.19909222763,30019.998001195996,668
1965-09-17 01:21:00+00:00,30020.303857840998,30037.271062144624,30002.413117512715,30019.161236469776,719
1965-09-22 01:21:00+00:00,30018.809270596215,30026.833298118756,30013.3062858359,30019.516734449164,944
1965-09-27 01:21:00+00:00,30018.43609010998,30033.232929597383,30008.29468691134,30016.52130387571,392
1965-10-02 01:21:00+00:00,30018.2665184858,30031.37695833048,30016.24607568142,30020.087227340224,873
1965-10-07 01:21:00+00:00,30018.99042502525,30031.214895264653,30011.305192743454,30017.958950386128,283
1965-10-12 01:21:00+00:00,30018.4001007229,30023.051750825973,30009.51435590046,30017.48997978997,261
1965-10-17 01:21:00+00:00,30019.112479843938,30022.53788573451,30012.84206078653,30018.18824609728,334
1965-10-22 01:21:00+00:00,30018.813843798285,30028.981349622176,30000.723051440633,30017.528584539206,295
1965-10-27 01:21:00+00:00,30018.9073051776,30027.05913823122,29999.276063479992,30018.19480478982,415
1965-11-01 01:21:00+00:00,30019.16064363648,30036.292128173915,30017.763276134505,30021.668971931602,356
1965-11-06 01:21:00+00:00,30021.6880850797,30028.358649615955,30009.697749038874,30022.890936576074,124
1965-11-11 01:21:00+00:00,30021.201872912643,30037.340600780066,30012.71696948486,30022.08078184944,243
1965-11-16 01:21:00+00:00,30019.80021602421,30039.796528094135,30017.793281897502,30020.944043400996,692
1965-11-21 01:21:00+00:00,30019.815783916605,30024.15947982616,30001.674950648343,30021.008002305545,920
1965-11-26 01:21:00+00:00,30021.775577339744,30024.048561063482,30008.37216549811,30022.76855349965,879
1965-12-01 01:21:00+00:00,30021.173327098204,30026.354734507677,30004.75390930665,30022.575275703,211
1965-12-06 01:21:00+00:00,30020.985728991003,30035.55603130088,30015.417107726047,30020.37695235705,958
1965-12-11 01:21:00+00:00,30021.10552949415,30039.093689929472,30007.629267116452,30020.851996529585,847
1965-12-16 01:21:00+00:00,30022.355890205912,30034.967355466615,30018.06576385499,30021.840575712762,128
1965-12-21 01:21:00+00:00,30021.325013747413,30034.897939857256,30015.696834837923,30022.75290276961,890
1965-12-26 01:21:00+00:00,30019.946417422558,30021.220376422047,30019.353899189973,30020.532529519496,421
1965-12-31 01:21:00+00:00,30020.666167758885,30023.39442806857,30002.97569579013,30020.218318766743,339
1966-01-05 01:21:00+00:00,30020.4515842691,30036.501622621574,30010.69841078482,30023.056709370925,828
1966-01-10 01:21:00+00:00,30019.96539788031,30034.834219080418,30019.788765292116,30019.376357707446,645
1966-01-15 01:21:00+00:00,30021.968583660004,30038.913522921055,30016.53928168453,30021.185238642996,111
1966-01-20 01:21:00+00:00,30021.911178374907,30040.37128069253,30009.232803536317,30021.78756736187,804
1966-01-25 01:21:00+00:00,30022.41578054134,30032.6047311904,30006.943708576604,30023.645001140438,955
1966-01-30 01:21:00+00:00,30022.12529676142,30023.554612654552,30018.02935920836,30023.428126613348,705
1966-02-04 01:21:00+00:00,30021.96416489801,30037.33131150761,30002.676200269856,30023.949084629923,404
1966-02-09 01:21:00+00:00,30022.48724338428,30036.731815769323,30015.55591599664,30023.507202322344,206
1966-02-14 01:21:00+00:00,30022.79820275731,30034.482388760218,30021.520265119147,30022.453461676116,845
1966-02-19 01:21:00+00:00,30021.70888150003,30038.85015637422,30012.743614927465,30020.92910946517,980
1966-02-24 01:21:00+00:00,30021.1492021442,30028.49786655409,30012.22753675005,30020.258269110804,607
1966-03-01 01:21:00+00:00,30022.203792326978,30038.953587957218,30015.517409302174,30021.728032163366,923
1966-03-06 01:21:00+00:00,30022.602976008693,30025.459714324163,30007.753955450775,30023.031044175885,523
1966-03-11 01:21:00+00:00,30022.40178429098,30030.219781556807,30014.53088120963,30021.830952940763,605
1966-03-16 01:21:00+00:00,30022.325123191524,30038.062829011524,30020.74298355422,30023.19078935429,368
1966-03-21 01:21:00+00:00,30021.671069814158,30022.648578941957,30012.023449503886,30022.497235591254,355
1966-03-26 01:21:00+00:00,30023.917329596086,30028.478331792176,30008.181432173256,30025.553407174284,653
1966-03-31 01:21:00+00:00,30024.398763839185,30034.343007780863,30015.025405947672,30023.50258485437,158
1966-04-05 01:21:00+00:00,30023.829629330536,30025.770672506045,30015.481090717505,30023.57247994087,382
1966-04-10 01:21:00+00:00,30024.334118552946,30042.316884688338,30012.330365323724,30022.12577060541,431
1966-04-15 01:21:00+00:00,30022.81173881594,30025.63835308907,30021.542526500925,30024.526371281838,282
1966-04-20 01:21:00+00:00,30021.972957337028,30032.09802017413,30003.83687478069,30023.50522922624,423
1966-04-25 01:21:00+00:00,30021.321424756497,30027.814490161018,30007.04716579861,30022.37762617979,991
1966-04-30 01:21:00+00:00,30022.409105725314,30029.551005088826,30005.9601061481,30024.054054712276,230
1966-05-05 01:21:00+00:00,30023.92536324083,30038.345369402246,30007.32341699369,30024.027503887188,790
1966-05-10 01:21:00+00:00,30023.9723942825,30034.089922480784,30013.328678520673,30023.784262990186,630
1966-05-15 01:21:00+00:00,30023.54331281951,30033.325023746347,30013.807669611604,30022.875171515057,796
1966-05-20 01:21:00+00:00,30024.398755577895,30041.65685393049,30008.508627782434,30026.050833565627,817
1966-05-25 01:21:00+00:00,30023.659920312093,30042.35314707228,30012.309869839002,30024.74595508395,620
1966-05-30 01:21:00+00:00,30025.646714927192,30033.19642302933,30019.766210819624,30025.445674139897,631
1966-06-04 01:21:00+00:00,30023.991344636117,30031.1723167862,30008.939350240093,30023.063888933317,549
1966-06-09 01:21:00+00:00,30024.40913610268,30030.399642360437,30018.101441132432,30024.978898527697,833
1966-06-14 01:21:00+00:00,30024.06245375763,30030.180065557055,30010.935570145815,30024.095687381803,673
1966-06-19 01:21:00+00:00,30024.582272184893,30038.927526218886,30016.257669534072,30023.143655126172,400
1966-06-24 01:21:00+00:00,30024.320019789197,30038.35317266096,30014.81856783609,30023.46295388074,352
1966-06-29 01:21:00+00:00,30022.260306793036,30042.131511362913,30021.45073878451,30023.438390240324,762
1966-07-04 01:21:00+00:00,30022.135415833443,30035.966567017113,30020.413490305098,30022.218018314867,255
1966-07-09 01:21:00+00:00,30024.248696786108,30024.900329669654,30024.232561147335,30023.778078678104,285
1966-07-14 01:21:00+00:00,30022.996163344906,30036.46468026986,30004.758027121643,30023.470086060566,943
1966-07-19 01:21:00+00:00,30023.86889238807,30026.925432358326,30018.043135822594,30024.323622613338,456
1966-07-24 01:21:00+00:00,30023.204219282197,30042.66837451532,30015.738159646728,30021.91781039308,217
1966-07-29 01:21:00+00:00,30022.90630872362,30033.63814093234,30006.120552957655,30022.6508397391,617
1966-08-03 01:21:00+00:00,30024.919349208893,30029.015042622483,30006.440013911266,30025.547132674994,444
1966-08-08 01:21:00+00:00,30025.597679387734,30030.279999576236,30005.691234504196,30025.62092680624,925
1966-08-13 01:21:00+00:00,30024.648114874675,30044.49164774225,30023.753058720566,30025.856229434,452
1966-08-18 01:21:00+00:00,30023.69121021741,30036.632721751426,30013.202328779855,30024.654651995184,725
1966-08-23 01:21:00+00:00,30023.513995787198,30033.325928525966,30009.496294129593,30023.48005218664,740
1966-08-28 01:21:00+00:00,30024.43473357336,30037.662332913667,30014.839699896307,30024.643380350903,149
1966-09-02 01:21:00+00:00,30025.244576144723,30030.748946826567,30009.922591237766,30026.00433723357,934
1966-09-07 01:21:00+00:00,30024.803993216185,30027.548522219797,30019.13366460764,30026.115204964884,747
1966-09-12 01:21:00+00:00,30025.219207088507,30042.109988933596,30015.74318397227,30024.166646083984,787
1966-09-17 01:21:00+00:00,30027.53506043396,30033.11467915477,30019.874701088647,30027.930570678178,964
1966-09-22 01:21:00+00:00,30028.150331676563,30040.11279455714,30022.994430479892,30027.799570759747,826
1966-09-27 01:21:00+00:00,30027.928898779464,30038.262575644974,30008.51572203327,30027.537325881895,637
1966-10-02 01:21:00+00:00,30029.013983284207,30033.611337739057,30024.31821467509,30029.196918189686,295
1966-10-07 01:21:00+00:00,30029.661325708457,30029.92699004954,30016.099160504524,30030.622938226446,615
1966-10-12 01:21:00+00:00,30030.050863057055,30039.77617031864,30014.50324385466,30030.738582294434,582
1966-10-17 01:21:00+00:00,30029.095190942942,30046.52271139699,30014.01657815294,30026.875507765126,958
1966-10-22 01:21:00+00:00,30029.666370107556,30039.574464896352,30016.982209586655,30029.101237781426,509
1966-10-27 01:21:00+00:00,30030.297938142845,30035.30894496094,30029.23246844356,30030.11527573609,337
1966-11-01 01:21:00+00:00,30029.95658912667,30034.33482566991,30029.171275245993,30029.737218751216,782
1966-11-06 01:21:00+00:00,30030.19714942181,30034.112110561622,30028.07992585318,30029.874630854672,474
1966-11-11 01:21:00+00:00,30029.671484258124,30048.198139777127,30011.42884028634,30030.90861618735,696
1966-11-16 01:21:00+00:00,30030.043156081196,30030.55021383719,30023.789082226835,30030.66802447017,485
1966-11-21 01:21:00+00:00,30029.38414804585,30034.27825324656,30014.610365501303,30028.46506985531,935
1966-11-26 01:21:00+00:00,30028.69670626412,30039.728775917665,30023.747471599236,30027.435909684707,791
1966-12-01 01:21:00+00:00,30028.588147260416,30046.592748213512,30009.002348952716,30027.756545348795,332
1966-12-06 01:21:00+00:00,30026.607983348775,30034.64952877842,30017.80932481131,30026.845986379365,604
1966-12-11 01:21:00+00:00,30027.862213592405,30047.080942761404,30023.47781106119,30028.868502160953,136
1966-12-16 01:21:00+00:00,30028.40544063719,30032.13268929883,30013.598895590458,30029.583909104756,632
1966-12-21 01:21:00+00:00,30028.74180833352,30033.933725499275,30018.539653287105,30030.130521111743,757
1966-12-26 01:21:00+00:00,30028.157235009112,30036.58120904195,30008.88788321726,30026.62763665779,949
1966-12-31 01:21:00+00:00,30029.427526615633,30042.622223101393,30027.29360667345,30029.674466657285,752
1967-01-05 01:21:00+00:00,30028.89246510681,30035.108821606827,30022.717545847587,30029.256363180695,165
1967-01-10 01:21:00+00:00,30026.73508369179,30033.639278755738,30014.385187282693,30028.644454944486,606
1967-01-15 01:21:00+00:00,30026.400608116728,30038.50166479296,30014.510687929007,30026.87440486858,516
1967-01-20 01:21:00+00:00,30025.72264704441,30044.920098234677,30015.430738038063,30024.48914734209,284
1967-01-25 01:21:00+00:00,30024.658343903648,30024.700995046696,30005.580021329402,30025.418726163967,831
1967-01-30 01:21:00+00:00,30023.541651001273,30033.969201669097,30007.986311160654,30022.0625636821,228
1967-02-04 01:21:00+00:00,30023.044361921366,30037.32484407736,30009.58287765517,30023.810191806446,577
1967-02-09 01:21:00+00:00,30024.54373708767,30033.89071102242,30023.516311512485,30024.284898397007,877
1967-02-14 01:21:00+00:00,30023.877597084047,30030.457987354293,30008.115202512614,30027.926077482305,493
1967-02-19 01:21:00+00:00,30022.799524884413,30040.1213001485,30015.759203606925,30023.327831716608,758
1967-02-24 01:21:00+00:00,30023.85689656531,30034.234443780882,30013.73001193377,30024.925508745837,535
1967-03-01 01:21:00+00:00,30024.555893575307,30041.73084517601,30012.45518907769,30024.87636014827,276
1967-03-06 01:21:00+00:00,30023.011354977156,30042.23491038608,30019.317038218906,30022.34666294251,241
1967-03-11 01:21:00+00:00,30022.617301705326,30032.958090373628,30014.007994629766,30023.923466961023,836
1967-03-16 01:21:00+00:00,30022.881305846204,30031.704497722538,30008.59611081014,30022.01917920241,406
1967-03-21 01:21:00+00:00,30023.867125061748,30029.586643164723,30010.466356014847,30023.7285422389,620
1967-03-26 01:21:00+00:00,30021.875183846598,30038.3315187218,30021.199545006817,30022.43999558403,178
1967-03-31 01:21:00+00:00,30020.953242872743,30040.042110148224,30011.587267222138,30023.65477929469,319
1967-04-05 01:21:00+00:00,30021.528202728605,30030.747034077587,30007.258471003493,30019.77001616565,892
1967-04-10 01:21:00+00:00,30022.44491874693,30025.118572333264,30018.938468489938,30023.26943103658,130
1967-04-15 01:21:00+00:00,30022.371293470704,30042.32470242452,30005.65072172074,30020.053751182575,230
1967-04-20 01:21:00+00:00,30021.697910830895,30039.256642707005,30013.527649646443,30021.59077022188,166
1967-04-25 01:21:00+00:00,30020.753918312763,30027.70888941724,30011.94266078501,30020.763739596776,541
1967-04-30 01:21:00+00:00,30021.45915386396,30028.218111731057,30018.23990835242,30021.654671946948,524
1967-05-05 01:21:00+00:00,30021.42104393136,30040.64690505282,30009.70882721286,30020.54362174847,913
1967-05-10 01:21:00+00:00,30021.705458363787,30038.7780753666,30020.013186644614,30023.170429406106,740
1967-05-15 01:21:00+00:00,30022.547405439487,30027.90089554389,30011.185452828548,30020.897735987994,213
1967-05-20 01:21:00+00:00,30023.514444762903,30029.010808335417,30018.16579056795,30021.16488319986,466
1967-05-25 01:21:00+00:00,30025.260032146118,30041.26420262415,30018.324358618873,30025.005348015013,685
1967-05-30 01:21:00+00:00,30022.93853490449,30032.062900971418,30017.6132902489,30022.31940491386,759
1967-06-04 01:21:00+00:00,30024.525813329146,30042.765407997875,30007.456065794675,30023.89664925458,746
1967-06-09 01:21:00+00:00,30022.858638157875,30024.007103212007,30020.22185767659,30022.75876626961,891
1967-06-14 01:21:00+00:00,30022.478833280646,30037.29228657849,30018.335781659018,30023.123404758415,966
1967-06-19 01:21:00+00:00,30020.690067089574,30032.464159882205,30019.15336551726,30020.191333469633,797
1967-06-24 01:21:00+00:00,30021.82924176498,30024.33013996939,30002.421602643888,30024.134065426642,775
1967-06-29 01:21:00+00:00,30020.648024154085,30023.979649532583,30020.12308399636,30021.927716501395,223
1967-07-04 01:21:00+00:00,30020.53646614794,30024.24780310512,30002.173523613958,30019.477928588665,690
1967-07-09 01:21:00+00:00,30020.26144292005,30035.660503454812,30006.99072073707,30018.509429256123,776
1967-07-14 01:21:00+00:00,30021.378272380334,30029.8259145188,30004.529322217888,30019.465733085344,136
1967-07-19 01:21:00+00:00,30021.16179992902,30022.130055644953,30011.99230733311,30020.712889922543,531
1967-07-24 01:21:00+00:00,30019.88312380845,30039.469877760224,30016.85617636724,30021.38054248495,686
1967-07-29 01:21:00+00:00,30018.512283934644,30027.596437250024,30016.03923885624,30018.79426719876,488
1967-08-03 01:21:00+00:00,30017.480417089017,30035.34690392028,30017.16034390286,30017.15868458456,483
1967-08-08 01:21:00+00:00,30017.91366973292,30031.315416713278,30013.838962498667,30017.265431583255,316
1967-08-13 01:21:00+00:00,30017.933792869346,30023.30895901357,30011.915712020713,30017.147165730563,219
1967-08-18 01:21:00+00:00,30017.568248333526,30028.537777642225,29997.78791977063,30016.5195341164,549
1967-08-23 01:21:00+00:00,30017.367490223936,30025.474160279897,30005.74183763713,30018.0641938028,467
1967-08-28 01:21:00+00:00,30017.42332814829,30030.56666062989,30000.3425811841,30016.138408919924,528
1967-09-02 01:21:00+00:00,30016.274595328472,30022.646559718225,30010.77816552117,30016.092038248582,153
1967-09-07 01:21:00+00:00,30017.448752395794,30022.634661216493,30000.02500935816,30018.192473836472,902
1967-09-12 01:21:00+00:00,30018.78373198024,30031.589395283667,30002.678287143186,30017.667012780308,587
1967-09-17 01:21:00+00:00,30018.144213619362,30019.571722314166,30005.571024718676,30017.415137376756,181
1967-09-22 01:21:00+00:00,30019.7545962364,30033.777563607597,30001.30523359729,30019.89078934769,267
1967-09-27 01:21:00+00:00,30020.344493466062,30028.736460417374,30017.598069950414,30019.945709824675,752
1967-10-02 01:21:00+00:00,30021.181259020035,30024.390165672736,30008.57069166201,30020.44238962264,733
1967-10-07 01:21:00+00:00,30021.460804160663,30040.942863692013,30002.190191903384,30021.23204348769,902
1967-10-12 01:21:00+00:00,30020.244192997627,30035.68438710049,30018.68060554117,30019.204673321452,368
1967-10-17 01:21:00+00:00,30018.49857372373,30035.236582128236,30006.734738004183,30017.722432704144,124
1967-10-22 01:21:00+00:00,30018.066210778095,30023.148915467187,30012.34925921987,30019.371688149844,594
1967-10-27 01:21:00+00:00,30017.47982226988,30022.699552314592,30005.799722811887,30016.236213117907,246
1967-11-01 01:21:00+00:00,30018.053512138635,30037.361287949545,30000.252420819994,30017.78772990868,607
1967-11-06 01:21:00+00:00,30017.02514503221,30023.313581251114,30014.37988314969,30017.627583429512,950
1967-11-11 01:21:00+00:00,30018.059120548543,30024.40963702352,30010.65819556161,30018.19559057576,195
1967-11-16 01:21:00+00:00,30019.688614429262,30030.42288592718,30015.86032630145,30020.4510128661,781
1967-11-21 01:21:00+00:00,30019.260129636375,30039.225404428107,30007.838094358816,30020.10546600624,988
1967-11-26 01:21:00+00:00,30020.579228709485,30040.46454865643,30009.251823371676,30020.46127280227,222
1967-12-01 01:21:00+00:00,30018.76791141705,30023.62948858534,30010.0509378728,30016.30477198231,854
1967-12-06 01:21:00+00:00,30020.532381760546,30027.00987967853,30017.000187871257,30019.468190587955,751
1967-12-11 01:21:00+00:00,30021.28049221652,30024.53595064088,30007.85790482194,30020.352858819708,220
1967-12-16 01:21:00+00:00,30021.021452343997,30023.773642003387,30011.64539636812,30022.048905221447,341
1967-12-21 01:21:00+00:00,30020.82584552761,30031.466911801017,30014.376980080655,30021.234812606574,724
1967-12-26 01:21:00+00:00,30019.675446125028,30028.103374621012,30010.98155611752,30018.787081735085,712
1967-12-31 01:21:00+00:00,30019.081180910467,30030.50460971971,30014.62845312468,30019.27614349508,386
1968-01-05 01:21:00+00:00,30020.20783354639,30022.432339634834,30005.111081574352,30020.823262425194,440
1968-01-10 01:21:00+00:00,30020.45205909706,30026.01750189033,30013.30021794906,30020.490577381075,202
1968-01-15 01:21:00+00:00,30021.17694885635,30034.450844086452,30015.12405475044,30019.638241399505,940
1968-01-20 01:21:00+00:00,30023.350734625445,30036.892387679072,30010.13548828087,30023.277040930745,772
1968-01-25 01:21:00+00:00,30023.686658456998,30037.336195072683,30006.73182443586,30024.85654059402,975
1968-01-30 01:21:00+00:00,30023.498978064057,30038.607116506104,30022.61569252659,30024.66822056182,978
1968-02-04 01:21:00+00:00,30021.703060225926,30034.710644873314,30007.563617635093,30021.6845834615,110
1968-02-09 01:21:00+00:00,30022.297614200863,30039.308213803753,30018.399125450684,30019.9775380716,238
1968-02-14 01:21:00+00:00,30021.76906711508,30035.782178971345,30013.052275723552,30022.104607385972,690
1968-02-19 01:21:00+00:00,30020.690157826477,30036.339235753454,30013.301289536357,30021.2155455846,730
1968-02-24 01:21:00+00:00,30021.022183311525,30026.63623322814,30003.61795544948,30020.604986033937,956
1968-02-29 01:21:00+00:00,30021.85588976056,30032.530059199325,30017.428629862254,30021.89087465651,832
1968-03-05 01:21:00+00:00,30022.601973816752,30034.85221925803,30008.47362771367,30021.562238220467,105
1968-03-10 01:21:00+00:00,30022.322218241316,30036.39960832962,30008.505003082744,30023.61773485623,479
1968-03-15 01:21:00+00:00,30021.608256776603,30029.095073636363,30003.953624719128,30020.398992942188,761
1968-03-20 01:21:00+00:00,30019.64272004738,30031.49046890661,30004.245624635085,30020.92073738463,498
1968-03-25 01:21:00+00:00,30021.06288735469,30036.008140832615,30002.27825179098,30021.509879952908,312
1968-03-30 01:21:00+00:00,30021.947343806864,30039.875207769623,30021.792392259988,30022.942569768154,318
1968-04-04 01:21:00+00:00,30022.338542711193,30028.292645580135,30014.177684506405,30022.422384468493,907
1968-04-09 01:21:00+00:00,30022.239883067497,30038.517030526884,30011.600240073523,30022.947928805315,351
1968-04-14 01:21:00+00:00,30021.327781553293,30035.48658800616,30014.741672087195,30020.970053279678,324
1968-04-19 01:21:00+00:00,30021.099658050975,30031.41480802288,30020.71658339144,30021.57385246729,724
1968-04-24 01:21:00+00:00,30022.080548388178,30041.06969081527,30019.21622692693,30022.619901993865,633
1968-04-29 01:21:00+00:00,30023.31824514815,30027.382496448998,30016.953973882246,30023.39399816438,660
1968-05-04 01:21:00+00:00,30023.5027946508,30025.00105675396,30018.520105665502,30023.941086450865,996
1968-05-09 01:21:00+00:00,30024.652927885127,30028.536505470714,30012.29407854948,30024.71048020669,656
1968-05-14 01:21:00+00:00,30023.37500011296,30037.79242871787,30020.08260545997,30023.99732622079,655
1968-05-19 01:21:00+00:00,30022.14657044225,30038.696075497235,30011.100945970265,30021.116108728686,486
1968-05-24 01:21:00+00:00,30022.16501278894,30029.61205497551,30007.588606301382,30022.04565377649,825
1968-05-29 01:21:00+00:00,30021.652745074796,30027.009708313664,30004.122577939976,30020.026572805175,414
1968-06-03 01:21:00+00:00,30021.735726597766,30035.23745578563,30002.536674214396,30022.062306712152,604
1968-06-08 01:21:00+00:00,30021.27874483231,30023.080201354252,30020.85805860185,30022.3560439279,946
1968-06-13 01:21:00+00:00,30019.29617872788,30027.348671934462,30004.37219595604,30017.93191879893,198
1968-06-18 01:21:00+00:00,30021.016147232614,30031.173784024973,30020.449097054596,30021.23237782729,936
1968-06-23 01:21:00+00:00,30021.536119045628,30029.259236447888,30018.984705315375,30022.304166785354,759
1968-06-28 01:21:00+00:00,30021.874001444932,30031.70670974335,30011.625835168976,30022.406375691822,329
1968-07-03 01:21:00+00:00,30020.314171398324,30033.10279949905,30016.123525826704,30021.29410876221,794
1968-07-08 01:21:00+00:00,30019.57238515907,30031.80130285766,30009.32259366774,30020.82658275593,722
1968-07-13 01:21:00+00:00,30019.401678412596,30032.29401416226,30001.47369344156,30020.548867316968,985
1968-07-18 01:21:00+00:00,30020.093337471975,30039.890364846095,30003.811677780373,30019.348984160533,267
1968-07-23 01:21:00+00:00,30019.132831873332,30036.32723467417,30013.99876782073,30017.567733432246,191
1968-07-28 01:21:00+00:00,30018.719372408912,30021.946891601405,30010.417486636725,30017.50490087945,174
1968-08-02 01:21:00+00:00,30017.52209626662,30022.5125796006,29999.478358470325,30016.244549455612,487
1968-08-07 01:21:00+00:00,30017.886851845677,30020.83746907653,30014.060923308556,30018.462100751905,517
1968-08-12 01:21:00+00:00,30018.08612256489,30036.217201651583,30007.591282078934,30019.041155563737,988
1968-08-17 01:21:00+00:00,30018.71570334531,30024.838873957207,30005.922434080676,30017.988407775443,111
1968-08-22 01:21:00+00:00,30017.76388472168,30020.183289555684,29999.339386642154,30018.134477649808,643
1968-08-27 01:21:00+00:00,30017.58228509815,30022.79596265196,30003.039236244716,30017.453256736735,468
1968-09-01 01:21:00+00:00,30017.2370702149,30028.10172924622,30000.082133250053,30019.61310067086,116
1968-09-06 01:21:00+00:00,30017.54085723388,30031.056529285965,30017.034912663952,30017.54975909977,538
1968-09-11 01:21:00+00:00,30016.87829718522,30036.326722181035,29998.03583136318,30016.99076059821,726
1968-09-16 01:21:00+00:00,30017.2115325431,30032.873340693706,30005.478457282203,30016.701980270813,112
1968-09-21 01:21:00+00:00,30018.880183001973,30034.885596010383,30015.022635356654,30017.681623954417,871
1968-09-26 01:21:00+00:00,30018.949604060275,30021.74608663559,30006.7230125408,30017.941226026353,485
1968-10-01 01:21:00+00:00,30019.51922947718,30031.911124545044,30004.870474353145,30019.451804376546,380
1968-10-06 01:21:00+00:00,30020.41946045247,30034.558992914517,30007.73003847404,30021.104654774146,155
1968-10-11 01:21:00+00:00,30021.228586512247,30033.71435683285,30011.27559039112,30021.007922271023,802
1968-10-16 01:21:00+00:00,30019.96474259721,30025.78415050502,30017.938362919605,30020.737872196547,362
1968-10-21 01:21:00+00:00,30019.541357590137,30039.246331259757,30017.18612100804,30021.586485378924,838
1968-10-26 01:21:00+00:00,30019.311733269908,30030.631692207302,30018.914863792525,30019.50355199824,238
1968-10-31 01:21:00+00:00,30019.05455281656,30034.905886127995,30008.94734772806,30019.145263304174,139
1968-11-05 01:21:00+00:00,30019.31711807869,30029.703682843436,30005.5326451873,30019.080203715246,422
1968-11-10 01:21:00+00:00,30017.732548242675,30023.156688176598,29999.010096874237,30016.849197231753,896
1968-11-15 01:21:00+00:00,30018.03948222482,30021.16625385056,30010.93474806236,30018.38409031973,244
1968-11-20 01:21:00+00:00,30017.39247642934,30019.652515129415,30015.734671755818,30019.103231184123,241
1968-11-25 01:21:00+00:00,30018.50376984056,30025.39122113581,30000.578154723986,30016.40562943507,440
1968-11-30 01:21:00+00:00,30018.87013437545,30027.114399625363,30001.61452878518,30016.818801919126,565
1968-12-05 01:21:00+00:00,30019.769304611218,30036.123409156622,30004.08506412756,30019.397620497988,831
1968-12-10 01:21:00+00:00,30019.25119013954,30032.739110475526,30017.981839987933,30018.090096111668,329
1968-12-15 01:21:00+00:00,30018.6983867883,30034.918389677987,30015.82117200033,30018.03898925822,702
1968-12-20 01:21:00+00:00,30018.8781728809,30026.29866394829,30013.927073134728,30019.718675505446,250
1968-12-25 01:21:00+00:00,30019.806199459505,30023.0330139192,30003.9173300674,30020.72047354112,354
1968-12-30 01:21:00+00:00,30019.58815078269,30021.19133076556,30006.453235710367,30019.065737282366,451
1969-01-04 01:21:00+00:00,30019.436876544976,30019.984643030286,30011.877896438247,30020.760139949758,403
1969-01-09 01:21:00+00:00,30019.168803910346,30029.850147002257,30003.18970617425,30017.549355499203,343
1969-01-14 01:21:00+00:00,30018.314449691996,30018.67883874159,29998.972497731156,30019.861568551358,717
1969-01-19 01:21:00+00:00,30019.511617246295,30037.958374731563,30010.75040385425,30019.392946082753,847
1969-01-24 01:21:00+00:00,30017.904348215667,30023.914389195805,30009.91359080322,30018.692305168457,530
1969-01-29 01:21:00+00:00,30017.717486699097,30018.309362402666,30013.539748416573,30017.593922757722,591
1969-02-03 01:21:00+00:00,30017.974588628047,30036.512987358194,30006.00008307687,30017.274519915252,223
1969-02-08 01:21:00+00:00,30017.994666584822,30025.402927401068,30010.074728646097,30016.56757334623,913
1969-02-13 01:21:00+00:00,30018.79831513962,30025.655579651477,30013.865196875937,30018.941236187125,557
1969-02-18 01:21:00+00:00,30020.480977165167,30034.978200652364,30019.188371458335,30019.99197058618,448
1969-02-23 01:21:00+00:00,30019.818013376775,30021.245118026567,30019.32368534954,30019.608292487912,299
1969-02-28 01:21:00+00:00,30020.16545383559,30031.48827306548,30004.437892941645,30019.617918474698,352
1969-03-05 01:21:00+00:00,30020.709303276555,30032.69855800089,30007.484045297875,30021.968682948973,284
1969-03-10 01:21:00+00:00,30021.099503069963,30031.34817891806,30016.68242791062,30021.19057685268,358
1969-03-15 01:21:00+00:00,30021.008684607834,30038.57753082886,30018.228480881036,30021.824679403224,144
1969-03-20 01:21:00+00:00,30021.259319554294,30023.97101982656,30001.992987147136,30021.383995639433,529
1969-03-25 01:21:00+00:00,30020.522088691814,30026.83867373292,30014.935500889296,30020.37538479033,533
1969-03-30 01:21:00+00:00,30019.175785219173,30020.83819968723,30010.685552288884,30019.188498198302,834
1969-04-04 01:21:00+00:00,30020.460991255986,30028.611757975115,30009.123104440314,30020.90845121026,553
1969-04-09 01:21:00+00:00,30021.927709750005,30026.664270967463,30001.97147230258,30023.154745792253,367
1969-04-14 01:21:00+00:00,30020.409588293856,30024.91631800654,30014.594275144485,30021.340397937965,277
1969-04-19 01:21:00+00:00,30020.4788997882,30032.910053811833,30001.23511530264,30020.413462282046,639
1969-04-24 01:21:00+00:00,30020.597535249228,30037.235384237647,30008.572516048407,30019.501964748706,588
1969-04-29 01:21:00+00:00,30020.61877632628,30024.6024310384,30001.19720937941,30020.252480212133,208
1969-05-04 01:21:00+00:00,30020.0278301008,30021.60091505188,30001.91504850345,30020.61933227201,426
1969-05-09 01:21:00+00:00,30019.74387535783,30020.289292587506,30015.51621268147,30020.682359753093,470
1969-05-14 01:21:00+00:00,30020.452299822453,30022.514875103483,30016.280400571362,30019.77713510744,889
1969-05-19 01:21:00+00:00,30020.944801042406,30025.304071295104,30010.669421750998,30020.561992577463,549
1969-05-24 01:21:00+00:00,30021.667682317402,30024.516638187048,30005.333995758017,30020.98110561308,195
1969-05-29 01:21:00+00:00,30022.21000879591,30041.98859137726,30017.342977159613,30022.77748338654,299
1969-06-03 01:21:00+00:00,30024.15062738424,30037.534284839865,30022.924175243686,30026.278874342224,123
1969-06-08 01:21:00+00:00,30025.079413717795,30038.863412747127,30016.33034490432,30023.583959580457,661
1969-06-13 01:21:00+00:00,30024.454692481548,30038.473056914736,30020.71190201822,30023.686028072163,978
1969-06-18 01:21:00+00:00,30023.527218295363,30029.438054293343,30019.254580304958,30023.670483188664,709
1969-06-23 01:21:00+00:00,30022.765728550286,30036.235537000295,30011.376734821668,30023.152140222162,295
1969-06-28 01:21:00+00:00,30022.429387140513,30023.735048872106,30006.28257015234,30022.170176200496,935
1969-07-03 01:21:00+00:00,30021.323216630826,30039.042666791025,30019.676219556983,30020.159063511517,493
1969-07-08 01:21:00+00:00,30021.829962913787,30036.650804631805,30018.5874134179,30022.43131081527,498
1969-07-13 01:21:00+00:00,30020.916587077005,30026.02358740548,30015.032766914916,30023.18702495456,544
1969-07-18 01:21:00+00:00,30019.652567454374,30019.80224378509,30002.949054375942,30019.47165336685,829
1969-07-23 01:21:00+00:00,30018.829666029163,30033.319694856324,30009.224407419155,30017.23881718192,735
1969-07-28 01:21:00+00:00,30020.362008921176,30021.461767116398,30001.48913273438,30021.65816967219,430
1969-08-02 01:21:00+00:00,30021.216251978916,30027.88248750375,30007.615857704885,30020.887448845886,253
1969-08-07 01:21:00+00:00,30022.645309650223,30024.150137152817,30012.16859213813,30022.65742428127,764
1969-08-12 01:21:00+00:00,30021.89241410157,30038.468546636926,30021.52360677579,30022.00119624252,879
1969-08-17 01:21:00+00:00,30021.213182404736,30035.97158986037,30016.381747475487,30020.839793480827,241
1969-08-22 01:21:00+00:00,30021.295667890114,30026.6690087397,30017.971837960406,30021.30217360922,635
1969-08-27 01:21:00+00:00,30021.160601734115,30026.65238641195,30004.487927255515,30021.23670382343,676
1969-09-01 01:21:00+00:00,30020.617004611748,30038.236028900013,30014.038288564352,30020.86954500231,621
1969-09-06 01:21:00+00:00,30021.0376099588,30032.039831328777,30009.20490420394,30021.128626055797,566
1969-09-11 01:21:00+00:00,30022.270976875647,30029.866894724837,30005.892882166074,30021.963683805625,387
1969-09-16 01:21:00+00:00,30023.07011528478,30040.202728805576,30010.387518641754,30022.793142932256,946
1969-09-21 01:21:00+00:00,30022.54203756089,30033.5044566083,30014.657014526518,30021.138719184062,707
1969-09-26 01:21:00+00:00,30023.388952322894,30037.445660513476,30014.31554986651,30023.34221251383,532
1969-10-01 01:21:00+00:00,30024.064976150097,30030.328485326158,30007.987889237447,30023.97444812059,768
1969-10-06 01:21:00+00:00,30024.22658359454,30041.65865169237,30007.181436154606,30024.69109283082,774
1969-10-11 01:21:00+00:00,30025.54190274033,30039.04194367183,30006.05954051534,30024.85227792514,271
1969-10-16 01:21:00+00:00,30025.526301839243,30033.508474428254,30009.841807290024,30025.130283148133,955
1969-10-21 01:21:00+00:00,30025.203980967955,30043.10767224213,30011.33995336977,30023.837455224042,321
1969-10-26 01:21:00+00:00,30024.335024899694,30024.871384321097,30011.68663637033,30024.495995219393,238
1969-10-31 01:21:00+00:00,30023.000629841754,30042.93144679126,30004.340472982225,30024.14771300668,472
1969-11-05 01:21:00+00:00,30023.358443517933,30032.202833145642,30007.970940722666,30024.397273430644,153
1969-11-10 01:21:00+00:00,30024.816941683883,30033.257916374863,30009.166452238962,30025.03695860871,842
1969-11-15 01:21:00+00:00,30025.8183012181,30035.224900655925,30008.239886201096,30026.957443369854,227
1969-11-20 01:21:00+00:00,30026.12415138398,30029.19609447976,30023.65770842156,30026.603682773184,439
1969-11-25 01:21:00+00:00,30027.497966163934,30035.518247670745,30023.262147212616,30027.600201448502,103
1969-11-30 01:21:00+00:00,30025.615193116948,30028.772906353122,30012.199507863745,30026.0379354391,277
1969-12-05 01:21:00+00:00,30025.616957188464,30027.429673320166,30007.040408858724,30024.10982731822,340
1969-12-10 01:21:00+00:00,30026.71496303167,30031.90661195531,30021.790422964743,30025.756811299663,996
1969-12-15 01:21:00+00:00,30026.542306110412,30029.738635913247,30011.28573644473,30025.522160595334,261
1969-12-20 01:21:00+00:00,30025.777950201744,30026.718719872402,30020.96719999138,30024.69363889826,479
1969-12-25 01:21:00+00:00,30023.380548341807,30032.172668650397,30011.772283257327,30024.02487249316,382
1969-12-30 01:21:00+00:00,30023.7609177702,30037.771097451576,30010.83156431094,30024.64803033858,470
1970-01-04 01:21:00+00:00,30024.019168658728,30030.233617933463,30011.77726636301,30024.505841630147,306
1970-01-09 01:21:00+00:00,30024.560792877975,30043.731649617846,30023.152449122936,30023.521816440785,617
1970-01-14 01:21:00+00:00,30023.60819433876,30036.086359758312,30021.280861096166,30022.87144599613,273
1970-01-19 01:21:00+00:00,30024.54567783592,30034.505908128333,30008.94659792585,30025.841801227365,649
1970-01-24 01:21:00+00:00,30025.814594562682,30029.881240572304,30013.289750347434,30024.098771593333,361
1970-01-29 01:21:00+00:00,30024.45791310888,30027.585946243184,30016.09199520335,30024.08797146345,444
1970-02-03 01:21:00+00:00,30024.20587828402,30029.406946742754,30021.099227495262,30025.503767508075,400
1970-02-08 01:21:00+00:00,30024.126311637774,30025.51923479687,30014.2225012958,30026.817211484915,657
1970-02-13 01:21:00+00:00,30024.636933698046,30043.092774633802,30007.357281161872,30024.2005721589,677
1970-02-18 01:21:00+00:00,30024.34759620184,30043.031278054,30018.611012468027,30025.331606880885,750
1970-02-23 01:21:00+00:00,30024.161657096178,30036.480880135983,30023.6968064967,30022.930039885938,352
1970-02-28 01:21:00+00:00,30023.799605872315,30028.13279946284,30009.87986705132,30025.80011235424,693
1970-03-05 01:21:00+00:00,30024.04374963182,30032.21632013832,30019.2704450011,30023.94588953321,859
1970-03-10 01:21:00+00:00,30024.738580270034,30037.739424797357,30019.212723292225,30024.135879758007,306
1970-03-15 01:21:00+00:00,30024.5469599404,30031.96563829004,30013.340679213157,30024.238290442543,260
1970-03-20 01:21:00+00:00,30025.48444258648,30025.551079834204,30015.81654821419,30025.259913698505,985
1970-03-25 01:21:00+00:00,30025.487028251857,30034.847847262827,30005.75795847253,30025.405135412137,294
1970-03-30 01:21:00+00:00,30026.091389364068,30035.67049288832,30013.523334722246,30025.26133351735,983
1970-04-04 01:21:00+00:00,30026.39130412133,30043.840063599153,30023.387625583546,30028.78278658003,417
1970-04-09 01:21:00+00:00,30026.544670286698,30042.09471927843,30017.57725859591,30026.18473032064,557
1970-04-14 01:21:00+00:00,30026.327853425475,30027.330375353515,30010.878273166178,30025.292604505976,327
1970-04-19 01:21:00+00:00,30024.7799971444,30031.756669114526,30010.66748348288,30022.890716081656,130
1970-04-24 01:21:00+00:00,30024.536904468954,30026.54620681397,30024.365990246843,30023.970369184044,274
1970-04-29 01:21:00+00:00,30024.79834052082,30032.836736802354,30004.894898322196,30023.481139416464,194
1970-05-04 01:21:00+00:00,30025.6132132404,30030.557954914955,30021.142236147596,30024.676840173943,191
1970-05-09 01:21:00+00:00,30025.65535122539,30043.18273608556,30020.31127361002,30026.36853042006,973
1970-05-14 01:21:00+00:00,30024.26846397322,30039.81026170748,30007.166756246526,30024.206089389943,747
1970-05-19 01:21:00+00:00,30024.815111472693,30028.238070938194,30006.129850515154,30024.724414415243,444
1970-05-24 01:21:00+00:00,30024.151029021497,30042.674764447478,30017.60025251034,30023.013908456807,233
1970-05-29 01:21:00+00:00,30022.714777609883,30034.17506778196,30005.151967066173,30023.64690351962,255
1970-06-03 01:21:00+00:00,30023.146407102966,30037.42735119432,30019.185498688,30023.902537021666,827
1970-06-08 01:21:00+00:00,30022.99470494874,30030.61768604895,30019.048092478675,30023.24269237862,610
1970-06-13 01:21:00+00:00,30021.021803349773,30026.709088541273,30005.67544554022,30021.230844992868,118
1970-06-18 01:21:00+00:00,30020.441276343467,30022.191190335834,30015.652777251064,30020.887453538733,470
1970-06-23 01:21:00+00:00,30020.705133656294,30033.461409369345,30006.723654115907,30021.260631350062,766
1970-06-28 01:21:00+00:00,30021.430759622377,30024.89792544042,30017.55318218084,30020.03149679901,442
1970-07-03 01:21:00+00:00,30019.82060603206,30030.448803296,30005.700181490036,30019.43746192928,349
1970-07-08 01:21:00+00:00,30019.19861260844,30034.24636673155,30012.546602329083,30017.859023254696,927
1970-07-13 01:21:00+00:00,30019.651887655746,30025.373319746475,30007.07804240281,30019.18400014435,230
1970-07-18 01:21:00+00:00,30019.570065195723,30027.605321364215,30017.682962889477,30019.614788873736,914
1970-07-23 01:21:00+00:00,30017.463395833765,30022.96815316972,30004.659576415586,30019.83965005189,199
1970-07-28 01:21:00+00:00,30017.009590081376,30020.043493196416,30007.2386410076,30018.247840164153,882
1970-08-02 01:21:00+00:00,30015.924954636426,30021.243478847467,30004.142285755897,30018.74933479893,732
1970-08-07 01:21:00+00:00,30015.67058360093,30019.2726686623,30012.986153515518,30015.831975588208,545
1970-08-12 01:21:00+00:00,30016.619719872284,30025.697208694717,30011.363768733354,30017.990263214167,850
1970-08-17 01:21:00+00:00,30016.290618803323,30017.124778485486,29999.58657540564,30014.61016872264,175
1970-08-22 01:21:00+00:00,30017.47569119964,30033.111879114418,30005.59604158698,30016.816789620585,965
1970-08-27 01:21:00+00:00,30017.797194352785,30030.385925673305,30007.309392867817,30019.374648272395,437
1970-09-01 01:21:00+00:00,30017.784953621074,30026.99053207403,30006.001449183794,30018.12395897817,508
1970-09-06 01:21:00+00:00,30018.30049156673,30024.500689147884,30004.924897301025,30017.91833046496,892
1970-09-11 01:21:00+00:00,30018.465256410953,30025.61575951287,30006.443300614366,30019.10002150618,305
1970-09-16 01:21:00+00:00,30019.780995871515,30029.523791279666,30015.392735534326,30020.052812933674,950
1970-09-21 01:21:00+00:00,30019.068853952125,30019.354363761704,30007.824500574134,30018.898603077374,998
1970-09-26 01:21:00+00:00,30019.834043034203,30026.887509941607,30013.215743613702,30018.396858943062,320
1970-10-01 01:21:00+00:00,30018.986901470802,30028.860095383294,30012.546796580707,30016.887113894707,522
1970-10-06 01:21:00+00:00,30020.137130026298,30031.653229046486,30002.149965890007,30020.351497417018,814
1970-10-11 01:21:00+00:00,30020.500900065523,30037.42438404919,30009.964219785405,30019.52401934555,648
1970-10-16 01:21:00+00:00,30022.19116120497,30024.677569360767,30021.633533421955,30021.945975942028,983
1970-10-21 01:21:00+00:00,30022.163955624037,30039.590399322937,30010.217230723185,30022.221895387785,924
1970-10-26 01:21:00+00:00,30024.982660305668,30041.17261649983,30022.422952006837,30026.23908914721,715
1970-10-31 01:21:00+00:00,30024.019059247094,30029.603083139005,30004.718077136833,30022.061224126493,231
1970-11-05 01:21:00+00:00,30024.047470340727,30034.275965296667,30016.37313473755,30025.123489178368,261
1970-11-10 01:21:00+00:00,30023.007212673045,30035.157170819093,30003.400456868792,30021.796309940724,588
1970-11-15 01:21:00+00:00,30022.54632246421,30042.160933235384,30005.791042397577,30024.74513537913,449
1970-11-20 01:21:00+00:00,30021.34591348502,30041.234421210993,30010.855142851127,30021.256975808847,123
1970-11-25 01:21:00+00:00,30020.77063139784,30032.99268580281,30004.31021577627,30021.19977981699,265
1970-11-30 01:21:00+00:00,30022.2029042354,30035.50047391316,30018.978613180014,30022.473748839922,208
1970-12-05 01:21:00+00:00,30023.742758953907,30039.18282315578,30011.221072310236,30024.35366142097,805
1970-12-10 01:21:00+00:00,30022.92412488022,30042.48713141271,30015.934340154672,30022.61536757789,233
1970-12-15 01:21:00+00:00,30023.381505512396,30033.145076528326,30007.59413574086,30023.95720932702,577
1970-12-20 01:21:00+00:00,30023.45201237123,30039.962690842323,30018.947789601694,30024.180037125076,545
1970-12-25 01:21:00+00:00,30022.086926446424,30025.820559329113,30015.686970672483,30021.242751456204,380
1970-12-30 01:21:00+00:00,30022.752139532007,30038.695362448692,30010.800334487853,30023.169340234494,400
1971-01-04 01:21:00+00:00,30022.36446016106,30022.823142168712,30018.60090724967,30023.377929032205,211
1971-01-09 01:21:00+00:00,30021.711035470955,30030.655849868235,30021.016491003935,30023.388267490493,659
1971-01-14 01:21:00+00:00,30018.998347872483,30019.889780537986,30005.48032265945,30019.74384236453,423
1971-01-19 01:21:00+00:00,30018.51639229538,30031.296177446606,30002.199753844467,30018.98576033349,996
1971-01-24 01:21:00+00:00,30018.927910937928,30031.243860180737,30016.280844516532,30019.624690329383,652
1971-01-29 01:21:00+00:00,30018.743356166375,30034.679840390756,30017.01213444161,30019.687376606813,761
1971-02-03 01:21:00+00:00,30019.422379097407,30025.452413701907,30004.873439710263,30020.136915020557,198
1971-02-08 01:21:00+00:00,30019.8496555401,30032.822178196417,30003.598393208995,30020.01498656631,148
1971-02-13 01:21:00+00:00,30020.65203800824,30031.56891346881,30001.260827668033,30020.35576277477,314
1971-02-18 01:21:00+00:00,30019.321978918928,30036.699551696765,30015.107552970727,30018.26000058961,667
1971-02-23 01:21:00+00:00,30018.139337760662,30018.537130832232,30000.15549963895,30018.975217229563,345
1971-02-28 01:21:00+00:00,30017.366200292494,30024.15632621486,30009.73653342524,30018.372711319047,122
1971-03-05 01:21:00+00:00,30016.36617886698,30025.67538491538,29999.237767429822,30016.22926490758,979
1971-03-10 01:21:00+00:00,30016.124480282102,30030.45290375421,29996.75765070163,30018.741194700455,550
1971-03-15 01:21:00+00:00,30015.98995972779,30033.610031495948,30001.77785226332,30016.97113881588,808
1971-03-20 01:21:00+00:00,30017.299886697507,30021.305752980694,30005.597681109462,30017.078106156794,576
1971-03-25 01:21:00+00:00,30015.005632397737,30016.52327665811,30003.665098841266,30014.32510052746,527
1971-03-30 01:21:00+00:00,30014.280701395568,30033.148951364452,30008.744231766534,30014.305337183323,554
1971-04-04 01:21:00+00:00,30014.665903893758,30015.143601105658,30002.008729123245,30014.732638295103,925
1971-04-09 01:21:00+00:00,30015.212683013047,30033.449240596143,30011.632511857708,30014.467766106416,871
1971-04-14 01:21:00+00:00,30014.871096036222,30032.498341647315,29998.2202995339,30013.374982864134,983
1971-04-19 01:21:00+00:00,30013.16149769507,30030.51468547624,30005.730599473118,30010.832964805046,395
1971-04-24 01:21:00+00:00,30013.831727509172,30028.491435634816,30005.972533653792,30013.54889798019,888
1971-04-29 01:21:00+00:00,30014.15404923795,30019.287484843175,30011.28998859282,30014.2438401437,407
1971-05-04 01:21:00+00:00,30014.244250479922,30028.24559840494,29995.07369039373,30013.849785185746,755
1971-05-09 01:21:00+00:00,30013.772773258443,30020.8078623833,29999.981512656756,30012.636892099752,743
1971-05-14 01:21:00+00:00,30014.024818904498,30029.396326206795,30007.213935974345,30012.704109249076,836
1971-05-19 01:21:00+00:00,30014.81481643016,30023.94109960512,30001.565936329403,30016.25244158922,185
1971-05-24 01:21:00+00:00,30013.687607264044,30018.118195089268,30002.444101859186,30012.8540137401,781
1971-05-29 01:21:00+00:00,30013.93676793612,30015.487694404215,29993.992940984186,30014.54874636067,769
1971-06-03 01:21:00+00:00,30013.488683583048,30023.915534985572,29996.334270353163,30015.32748977733,166
1971-06-08 01:21:00+00:00,30013.001855646333,30027.25593957158,30006.03510121352,30011.752073932563,514
1971-06-13 01:21:00+00:00,30012.791042399887,30017.674921808753,30001.865132027597,30013.425601937688,987
1971-06-18 01:21:00+00:00,30013.08525823394,30017.67429774094,29996.349650686603,30013.042855687963,109
1971-06-23 01:21:00+00:00,30013.088423544243,30028.40873969145,29998.685885430456,30014.334878890113,428
1971-06-28 01:21:00+00:00,30012.274934892568,30015.678576503997,29999.25948189998,30010.528299629663,550
1971-07-03 01:21:00+00:00,30013.143283229467,30017.52241219271,30007.699994610914,30014.48191424451,465
1971-07-08 01:21:00+00:00,30012.57059831645,30025.017528623743,30001.429665121894,30013.87181631107,623
1971-07-13 01:21:00+00:00,30014.068631205755,30020.46122550872,30003.062409567272,30011.477094229165,171
1971-07-18 01:21:00+00:00,30013.507629203028,30024.996377718977,29999.53337017951,30011.283847262574,281
1971-07-23 01:21:00+00:00,30013.045098686165,30015.50450915467,30006.752819545538,30012.441651524652,823
1971-07-28 01:21:00+00:00,30013.198925773446,30023.495962170906,30002.26314449623,30012.15787292978,752
1971-08-02 01:21:00+00:00,30012.818479833746,30016.010106658898,30002.28336802847,30013.710051422604,763
1971-08-07 01:21:00+00:00,30011.816502895446,30026.705137585737,30000.290843990937,30010.038855116538,381
1971-08-12 01:21:00+00:00,30013.10387274355,30028.427803480656,30009.2584748064,30014.068427491304,182
1971-08-17 01:21:00+00:00,30014.31681387343,30019.274985815526,30010.490694933687,30014.724213687634,604
1971-08-22 01:21:00+00:00,30013.80227862183,30018.981952853534,30007.91771124992,30013.103223086397,418
1971-08-27 01:21:00+00:00,30013.305854513666,30031.913248906552,30011.00182035427,30013.814666574268,469
1971-09-01 01:21:00+00:00,30012.105324251985,30021.380017392108,29993.034450419076,30012.28995872427,414
1971-09-06 01:21:00+00:00,30012.670983772136,30024.363143218154,29995.112227994636,30011.66101246719,572
1971-09-11 01:21:00+00:00,30013.379702097267,30026.70475718363,29995.334741637347,30013.69570493925,701
1971-09-16 01:21:00+00:00,30013.230634935542,30013.78473261631,30007.606251708497,30013.39755603257,888
1971-09-21 01:21:00+00:00,30014.52900425482,30029.678849190055,29997.84732374133,30013.927463147542,994
1971-09-26 01:21:00+00:00,30014.681354299675,30032.514930093745,30005.841307820887,30013.93663668194,749
1971-10-01 01:21:00+00:00,30014.27419113201,30015.559246434426,29999.382735888703,30014.051506347965,557
1971-10-06 01:21:00+00:00,30014.301185617496,30027.023551452792,29995.354263455338,30014.33679262627,163
1971-10-11 01:21:00+00:00,30013.74882187272,30019.206907525655,30010.58004649476,30011.839077768545,453
1971-10-16 01:21:00+00:00,30014.413957050896,30027.69620824561,30000.81880141626,30016.614319186727,185
1971-10-21 01:21:00+00:00,30013.841377948404,30024.855685425227,30004.34810029539,30014.082479510747,118
1971-10-26 01:21:00+00:00,30013.67853480481,30024.120019402984,30004.991950844655,30014.116933265,909
1971-10-31 01:21:00+00:00,30014.16988817365,30018.013188158377,30006.473611073645,30014.624916237237,891
1971-11-05 01:21:00+00:00,30015.894321711643,30021.30686785395,30008.861678133402,30014.802086406366,724
1971-11-10 01:21:00+00:00,30014.813351907116,30017.65216928629,30005.071155330163,30014.53361218886,137
1971-11-15 01:21:00+00:00,30013.502754136603,30025.72693675562,30001.7585857416,30013.782907403493,316
1971-11-20 01:21:00+00:00,30014.258306650612,30027.370464359767,30012.29249783012,30014.992231868335,102
1971-11-25 01:21:00+00:00,30015.41367755526,30015.922703544195,30002.307341791737,30015.77617505164,535
1971-11-30 01:21:00+00:00,30015.514495623425,30024.796085808513,30003.260925066585,30015.794291647868,274
1971-12-05 01:21:00+00:00,30015.331894066385,30034.92893714375,29997.839215853975,30015.096843581723,547
1971-12-10 01:21:00+00:00,30016.461331935836,30031.92391968092,30016.38588324525,30016.79364024706,637
1971-12-15 01:21:00+00:00,30014.09010433147,30014.195373756287,30013.3294463789,30014.434627190712,846
1971-12-20 01:21:00+00:00,30013.508113682787,30028.20800085812,30006.738811907446,30013.121313001175,533
1971-12-25 01:21:00+00:00,30012.352900741378,30015.79707073495,30001.794897421536,30010.144666576834,732
1971-12-30 01:21:00+00:00,30011.555678831137,30019.06329393814,30010.33071888339,30011.318157007347,700
1972-01-04 01:21:00+00:00,30011.639256029313,30017.24257922501,29997.625605758913,30011.07259301361,567
1972-01-09 01:21:00+00:00,30013.48560604841,30022.05972460823,30006.027475337447,30013.28549332978,296
1972-01-14 01:21:00+00:00,30014.341306390375,30029.241539501818,29997.526294795047,30013.671611504564,801
1972-01-19 01:21:00+00:00,30013.751138993593,30020.71796594537,29999.602148205624,30014.136348354004,599
1972-01-24 01:21:00+00:00,30013.71973721214,30024.138890093353,29996.81917937736,30013.230763764135,960
1972-01-29 01:21:00+00:00,30014.703583677372,30026.700157923413,30010.075105487915,30013.458139220395,787
1972-02-03 01:21:00+00:00,30014.277906485542,30032.31805505397,29995.676547748193,30014.738557631892,378
1972-02-08 01:21:00+00:00,30015.108320037347,30030.35349121985,30000.589225136056,30013.258854934076,513
1972-02-13 01:21:00+00:00,30015.76423493488,30021.721637383802,30007.796300056594,30017.995106154754,761
1972-02-18 01:21:00+00:00,30016.583243399797,30027.282317907673,30012.710791414378,30016.472865611042,737
1972-02-23 01:21:00+00:00,30015.044838076134,30018.37013372738,29998.458421794225,30014.61352379162,393
1972-02-28 01:21:00+00:00,30015.867167703756,30030.584395009864,30003.852861468968,30016.66530026306,443
1972-03-04 01:21:00+00:00,30015.974673868004,30030.934267591,30014.995077735315,30017.230661640653,588
1972-03-09 01:21:00+00:00,30015.997866324895,30016.320653064453,30006.93780038073,30016.703633543406,724
1972-03-14 01:21:00+00:00,30015.708762198625,30031.35158295592,29996.874754097804,30015.467712199097,608
1972-03-19 01:21:00+00:00,30016.46622511038,30030.656565583038,30008.681058912825,30016.948534764128,535
1972-03-24 01:21:00+00:00,30014.43560287065,30019.850807504932,30001.77744446789,30012.75880233292,434
1972-03-29 01:21:00+00:00,30014.127633508997,30015.48385029497,30004.737148893964,30014.12280417414,369
1972-04-03 01:21:00+00:00,30014.290771748852,30017.926932102873,30010.651926386072,30012.206237322756,459
1972-04-08 01:21:00+00:00,30013.241239838866,30016.809640462325,30005.680741908087,30013.12862689919,814
1972-04-13 01:21:00+00:00,30014.11360704471,30016.41312938296,29997.12847248164,30015.814956661685,167
1972-04-18 01:21:00+00:00,30013.88645583209,30023.05909190247,30001.866658005005,30014.107163203218,522
1972-04-23 01:21:00+00:00,30015.542952822976,30032.714975301104,30012.535725264257,30017.455003356703,227
1972-04-28 01:21:00+00:00,30016.988813545275,30034.410195279346,30014.523896445848,30015.25989051972,853
1972-05-03 01:21:00+00:00,30016.93386524963,30035.70194756365,30004.841001866575,30016.83196784714,664
1972-05-08 01:21:00+00:00,30018.473280473117,30033.32086570615,30010.21291828113,30018.326562067305,994
1972-05-13 01:21:00+00:00,30018.328144985826,30032.39596521114,30016.423472595983,30019.1866687745,283
1972-05-18 01:21:00+00:00,30019.99188539526,30039.634577875466,30005.937004189593,30018.568338820885,861
1972-05-23 01:21:00+00:00,30020.507115053573,30028.342932671978,30004.32005482761,30020.18706259675,871
1972-05-28 01:21:00+00:00,30021.349032339498,30023.403792517223,30021.15417318735,30021.88518591516,120
1972-06-02 01:21:00+00:00,30020.72583213543,30022.7620496621,30009.627998711436,30022.359566270912,963
1972-06-07 01:21:00+00:00,30022.28178115921,30022.949700697594,30016.22300023794,30021.98376762553,840
1972-06-12 01:21:00+00:00,30022.928984984846,30027.208054426366,30018.214956973152,30023.919855550408,132
1972-06-17 01:21:00+00:00,30022.216955829223,30039.134671401134,30013.9728827222,30023.96898310288,805
1972-06-22 01:21:00+00:00,30022.936067662915,30025.100259220566,30019.224519950523,30022.88543265192,410
1972-06-27 01:21:00+00:00,30023.307914162488,30029.582056751933,30020.632613301314,30023.20590243135,170
1972-07-02 01:21:00+00:00,30024.01614245778,30037.431139476335,30006.57063410734,30025.52448538911,829
1972-07-07 01:21:00+00:00,30025.292735585834,30044.874252433725,30006.631623003355,30024.170750385918,267
1972-07-12 01:21:00+00:00,30025.04501408695,30039.001311775894,30022.891181943654,30026.758360144056,803
1972-07-17 01:21:00+00:00,30025.24614845374,30025.982586567334,30012.371429184408,30025.32544008511,782
1972-07-22 01:21:00+00:00,30023.400461652058,30027.842214194996,30007.404004931555,30025.20961692382,739
1972-07-27 01:21:00+00:00,30023.842339535357,30036.603403292997,30018.054566112205,30023.15375176841,754
1972-08-01 01:21:00+00:00,30023.716299319676,30039.597387044843,30012.163020599073,30022.180559730252,105
1972-08-06 01:21:00+00:00,30022.706534035122,30039.219186765313,30004.81491106361,30021.85630451894,756
1972-08-11 01:21:00+00:00,30022.06832590152,30028.84952501164,30009.148761287623,30021.018644477183,853
1972-08-16 01:21:00+00:00,30021.068563009478,30035.659190028557,30003.098728771445,30020.138362266865,420
1972-08-21 01:21:00+00:00,30022.640279060583,30042.522181375516,30018.16276364505,30022.55577188848,160
1972-08-26 01:21:00+00:00,30023.028152349285,30028.81276807217,30021.312133628482,30024.307306930605,629
1972-08-31 01:21:00+00:00,30023.978665181192,30024.212965494717,30009.07982916299,30024.716951444832,965
1972-09-05 01:21:00+00:00,30023.984237253597,30040.240314767638,30008.64161683107,30022.43441271375,789
1972-09-10 01:21:00+00:00,30024.747490018985,30027.801827460105,30016.927784560754,30025.143635867305,734
1972-09-15 01:21:00+00:00,30025.9486466631,30043.973007409735,30017.081849773644,30024.216726936953,910
1972-09-20 01:21:00+00:00,30025.472601317444,30044.13204025226,30008.569541766054,30024.851431112304,455
1972-09-25 01:21:00+00:00,30025.53680296147,30025.84494277911,30005.8271421268,30025.266911918574,510
1972-09-30 01:21:00+00:00,30025.317599827536,30039.213483802152,30016.472035393235,30026.004094473832,288
1972-10-05 01:21:00+00:00,30026.25100473725,30026.44966988383,30022.24492395604,30026.11720472689,169
1972-10-10 01:21:00+00:00,30024.6059534487,30040.025694527314,30005.62144805644,30024.991030954974,230
1972-10-15 01:21:00+00:00,30023.692408586907,30032.914944092965,30014.47529277586,30022.469873723778,704
1972-10-20 01:21:00+00:00,30023.300474853306,30031.81417728009,30005.446161280353,30023.058247506407,459
1972-10-25 01:21:00+00:00,30021.015741011375,30033.33071390348,30010.856755016262,30021.165096689027,265
1972-10-30 01:21:00+00:00,30021.210639062338,30024.733217111603,30017.419071855576,30021.14015774883,747
1972-11-04 01:21:00+00:00,30020.93017959271,30039.873246693533,30010.514934186984,30023.005052623976,555
1972-11-09 01:21:00+00:00,30021.98275319593,30027.76833782565,30019.14842170431,30023.53450883404,471
1972-11-14 01:21:00+00:00,30022.499270051518,30027.23961084524,30011.278354041613,30019.850282682288,713
1972-11-19 01:21:00+00:00,30022.833417237827,30038.69437983462,30017.791298398603,30022.43068625911,509
1972-11-24 01:21:00+00:00,30022.27158301305,30023.164699148372,30018.81318480047,30022.2167999071,388
1972-11-29 01:21:00+00:00,30022.63193754872,30028.91431927113,30008.1902776003,30022.889170672748,232
1972-12-04 01:21:00+00:00,30023.161730839645,30032.328341769917,30009.48722135453,30023.30709359705,983
1972-12-09 01:21:00+00:00,30023.49524518929,30035.467865107326,30018.607457018043,30024.073714897444,542
1972-12-14 01:21:00+00:00,30025.251570380355,30028.34163850019,30024.018024560486,30024.491972899934,398
1972-12-19 01:21:00+00:00,30024.75309045021,30034.737800127165,30014.09518576967,30027.674150152096,838
1972-12-24 01:21:00+00:00,30026.135768263797,30036.680737985087,30011.961101230445,30025.39743972684,898
1972-12-29 01:21:00+00:00,30026.284593895987,30027.59048998677,30019.986936724006,30025.356573853453,345
1973-01-03 01:21:00+00:00,30026.52016808277,30028.337691026594,30010.10836882977,30025.286230585963,970
1973-01-08 01:21:00+00:00,30025.67272353572,30029.3269735485,30019.490164885803,30026.65028160649,297
1973-01-13 01:21:00+00:00,30025.787730208904,30031.523344698144,30017.97093087427,30024.289553133774,977
1973-01-18 01:21:00+00:00,30026.953811481668,30039.88117287089,30015.365130640545,30027.066147104746,678
1973-01-23 01:21:00+00:00,30027.528984280758,30029.599678266142,30024.14901501297,30026.611383436364,562
1973-01-28 01:21:00+00:00,30026.806579055148,30035.205877925677,30016.625421278193,30024.972651044114,167
1973-02-02 01:21:00+00:00,30027.641768556776,30037.690648619686,30010.93722205089,30027.42659513153,850
1973-02-07 01:21:00+00:00,30025.98776518258,30035.9609681508,30016.706899549605,30024.888070455778,985
1973-02-12 01:21:00+00:00,30025.562093260836,30044.6248260556,30010.03299049088,30024.67375228483,110
1973-02-17 01:21:00+00:00,30026.304662611423,30028.9527833456,30023.545365775517,30026.50890226709,721
1973-02-22 01:21:00+00:00,30024.60859420049,30039.799941024306,30008.027956908532,30025.39926603251,119
1973-02-27 01:21:00+00:00,30025.821855425726,30027.41954464652,30009.8563460109,30024.574968314875,295
1973-03-04 01:21:00+00:00,30025.915822462375,30036.193407558207,30010.722741008696,30025.85749235924,655
1973-03-09 01:21:00+00:00,30024.93771425079,30043.3212897917,30008.510762457176,30025.689267306087,611
1973-03-14 01:21:00+00:00,30026.26277172923,30031.401086267884,30023.577620894855,30027.11624529213,195
1973-03-19 01:21:00+00:00,30025.647715074007,30028.005400341415,30019.945903538133,30026.42282659302,318
1973-03-24 01:21:00+00:00,30025.834926455154,30037.02162351402,30009.297680695345,30026.383135068914,756
1973-03-29 01:21:00+00:00,30026.43169739119,30028.23570888269,30019.701891440625,30027.275387888483,685
1973-04-03 01:21:00+00:00,30027.673162200226,30028.393959215588,30010.347724434127,30026.669903325994,208
1973-04-08 01:21:00+00:00,30027.151440348964,30038.919522153756,30017.991933214802,30025.812769136173,243
1973-04-13 01:21:00+00:00,30027.61038622575,30045.108167010792,30012.80730648754,30026.950246856162,830
1973-04-18 01:21:00+00:00,30028.981005259036,30041.801354927666,30018.62855589195,30029.560426875763,652
1973-04-23 01:21:00+00:00,30029.694775275788,30048.87028823817,30028.92194052659,30030.722661086314,845
1973-04-28 01:21:00+00:00,30031.1389601649,30036.451856588286,30018.045990678514,30029.89359633565,221
1973-05-03 01:21:00+00:00,30032.10725073075,30049.94989014023,30019.487697583736,30031.193009894694,142
1973-05-08 01:21:00+00:00,30032.595008209693,30044.04306139677,30025.34716613853,30034.278243256613,773
1973-05-13 01:21:00+00:00,30032.047790164874,30038.621362264763,30029.46784229732,30031.568160505285,699
1973-05-18 01:21:00+00:00,30031.959867549995,30048.315642153615,30024.644619500887,30033.357322249405,576
1973-05-23 01:21:00+00:00,30031.280929147208,30031.83675943382,30021.25981493173,30032.677713752357,231
1973-05-28 01:21:00+00:00,30030.649967229943,30036.40279195839,30016.53686959272,30030.152298670484,699
1973-06-02 01:21:00+00:00,30029.948439051932,30037.831730980477,30011.979321837043,30030.623843270496,498
1973-06-07 01:21:00+00:00,30029.394613694592,30036.302571094417,30013.93722725717,30029.24912558174,516
1973-06-12 01:21:00+00:00,30027.552349836675,30047.025900351822,30024.358368196612,30027.27902647667,164
1973-06-17 01:21:00+00:00,30026.799209881687,30038.836047084158,30020.856215057043,30026.440375589667,696
1973-06-22 01:21:00+00:00,30028.145766497488,30038.25700398905,30021.189456207983,30029.51868877119,964
1973-06-27 01:21:00+00:00,30028.67909208633,30031.353136341662,30008.939297410518,30028.926184596137,861
1973-07-02 01:21:00+00:00,30028.720922611366,30046.545987587404,30022.71009771879,30025.83721047692,675
1973-07-07 01:21:00+00:00,30028.50578148692,30031.42809342357,30028.109065693057,30028.375760172756,126
1973-07-12 01:21:00+00:00,30028.45956104199,30031.36532551626,30021.867761216865,30026.798472007642,266
1973-07-17 01:21:00+00:00,30027.809624260473,30032.45559965606,30017.92471433366,30028.606952529633,816
1973-07-22 01:21:00+00:00,30027.831723163457,30034.452973132295,30023.093422920687,30027.20151017633,548
1973-07-27 01:21:00+00:00,30028.29396230722,30037.42492568398,30023.949916281443,30028.277026488115,922
1973-08-01 01:21:00+00:00,30027.0447116396,30038.898758696836,30019.593372798365,30026.567648070246,501
1973-08-06 01:21:00+00:00,30028.504565665797,30042.226079167052,30020.429203824086,30028.518636456753,252
1973-08-11 01:21:00+00:00,30030.868795620063,30045.57617022093,30012.99976583781,30030.69202675149,133
1973-08-16 01:21:00+00:00,30029.924974813388,30039.121415625188,30020.91249800036,30030.33508856979,812
1973-08-21 01:21:00+00:00,30029.42416649831,30038.765717180675,30018.458655191094,30030.15847346769,229
1973-08-26 01:21:00+00:00,30028.369428832935,30035.92245891051,30023.857594640955,30028.586422152977,905
1973-08-31 01:21:00+00:00,30028.914747477775,30048.092015771457,30026.19461630524,30028.056673159892,222
1973-09-05 01:21:00+00:00,30029.908831735167,30040.639544959045,30029.37800632073,30030.311827579553,718
1973-09-10 01:21:00+00:00,30030.600524957037,30035.170068218602,30020.228682452474,30031.875508566354,495
1973-09-15 01:21:00+00:00,30032.286919842372,30035.44919443464,30026.530959085863,30032.13304463125,845
1973-09-20 01:21:00+00:00,30032.610523557014,30039.806242345756,30015.619435346867,30031.737949104318,279
1973-09-25 01:21:00+00:00,30033.510787700325,30036.323167790193,30019.95895757562,30032.400020877758,153
1973-09-30 01:21:00+00:00,30034.509646119306,30051.265990419382,30025.1000121398,30036.367204942224,338
1973-10-05 01:21:00+00:00,30035.697551822803,30036.663506828318,30021.599035166524,30035.558030817905,129
1973-10-10 01:21:00+00:00,30036.470967630918,30042.27449389949,30031.6537265393,30035.03766367795,258
1973-10-15 01:21:00+00:00,30034.551182636602,30052.447813645846,30025.408332209303,30034.064751765844,800
1973-10-20 01:21:00+00:00,30033.673497550426,30048.113108560487,30019.65810664333,30032.730928846195,828
1973-10-25 01:21:00+00:00,30032.903807600986,30040.078665179764,30016.5898231661,30033.942339396264,602
1973-10-30 01:21:00+00:00,30031.95039348892,30042.860217205645,30018.174619408455,30032.566505481245,299
1973-11-04 01:21:00+00:00,30030.27810467872,30030.518612432403,30017.994053487804,30030.2017458293,568
1973-11-09 01:21:00+00:00,30029.56647622885,30047.68464155455,30016.28314653524,30027.5614735458,353
1973-11-14 01:21:00+00:00,30029.268861263376,30039.742339228633,30028.88374510946,30030.285477842408,506
1973-11-19 01:21:00+00:00,30028.823849015644,30031.804608444276,30022.741164004146,30029.436163963397,570
1973-11-24 01:21:00+00:00,30027.483427301,30045.148220710624,30021.51833291712,30027.007202687833,552
1973-11-29 01:21:00+00:00,30027.31407068538,30035.781080194654,30008.0683341072,30027.407663849663,626
1973-12-04 01:21:00+00:00,30029.186572899504,30042.11129140872,30021.285990771165,30028.826901945813,989
1973-12-09 01:21:00+00:00,30030.71364199214,30044.18356288087,30026.079173568403,30029.50550359501,422
1973-12-14 01:21:00+00:00,30029.668034507013,30032.14682538256,30026.38117972323,30028.76548460453,463
1973-12-19 01:21:00+00:00,30029.69067411466,30047.185035368515,30025.200118606357,30028.011053125785,930
1973-12-24 01:21:00+00:00,30028.165795139623,30031.029021814127,30014.566675271188,30026.737911245113,169
1973-12-29 01:21:00+00:00,30029.13053121158,30032.215381929513,30018.00009337998,30028.75570822233,265
1974-01-03 01:21:00+00:00,30029.944734612425,30046.791760538264,30011.517471986186,30031.03577454945,664
1974-01-08 01:21:00+00:00,30030.651809794115,30033.312975086475,30028.03668016514,30031.707108118317,229
1974-01-13 01:21:00+00:00,30032.377788351732,30042.070421873683,30028.86672595381,30031.68661034717,877
1974-01-18 01:21:00+00:00,30032.42004558207,30041.43382988392,30016.53663166187,30032.116669502946,589
1974-01-23 01:21:00+00:00,30031.934564551404,30050.9469845286,30013.033435557772,30032.165699788296,942
1974-01-28 01:21:00+00:00,30031.61990644013,30032.89081825399,30026.531577686077,30031.10226903299,845
1974-02-02 01:21:00+00:00,30031.11528396922,30040.380281392885,30021.4311641872,30030.77196241869,933
1974-02-07 01:21:00+00:00,30030.190347999534,30044.72733183917,30013.923646311123,30032.62543191421,166
1974-02-12 01:21:00+00:00,30030.61459089423,30042.91718896241,30024.12437002752,30030.41008122086,630
1974-02-17 01:21:00+00:00,30031.24807283218,30046.47536626626,30011.387091787667,30031.099583900253,398
1974-02-22 01:21:00+00:00,30030.16824362788,30043.104173033087,30025.81713777406,30032.36581072893,775
1974-02-27 01:21:00+00:00,30029.86671700987,30034.396442512476,30018.67178900207,30030.059816976856,358
1974-03-04 01:21:00+00:00,30030.807726665837,30046.539423082642,30015.89804190911,30031.307050705647,603
1974-03-09 01:21:00+00:00,30030.89966084409,30040.198113430186,30027.28519837218,30031.005460603057,512
1974-03-14 01:21:00+00:00,30030.779354758437,30047.284519795237,30015.115236967362,30030.483600922165,979
1974-03-19 01:21:00+00:00,30031.24233172442,30048.412406314863,30025.49424885438,30029.883569696154,456
1974-03-24 01:21:00+00:00,30031.27610081802,30048.407306595025,30029.55144994059,30031.28456488324,249
1974-03-29 01:21:00+00:00,30030.15864696269,30040.59592302385,30013.92057497446,30029.92967102965,977
1974-04-03 01:21:00+00:00,30029.616564484186,30033.535173148102,30027.23105378636,30032.302716247836,671
1974-04-08 01:21:00+00:00,30030.278732808587,30036.827479064876,30015.278406932142,30029.46632407414,370
1974-04-13 01:21:00+00:00,30030.369734964403,30038.0909016776,30019.33851168845,30031.111220482995,927
1974-04-18 01:21:00+00:00,30031.79848761986,30034.004716170708,30012.325191906235,30031.534068429948,268
1974-04-23 01:21:00+00:00,30034.52898608509,30045.847197191088,30024.064099216906,30035.228023064985,176
1974-04-28 01:21:00+00:00,30035.300809920973,30050.5607789692,30016.574340010353,30035.31056267308,416
1974-05-03 01:21:00+00:00,30033.88081978611,30040.00240909496,30016.129718145683,30033.883635926006,983
1974-05-08 01:21:00+00:00,30033.707083628346,30036.342099324767,30018.177007227147,30034.474417310754,766
1974-05-13 01:21:00+00:00,30034.760010045196,30044.545277798024,30022.032808126365,30035.669605339415,721
1974-05-18 01:21:00+00:00,30034.566998268398,30037.927653409562,30016.517284748144,30034.575488752296,924
1974-05-23 01:21:00+00:00,30034.668495531532,30045.216036767528,30019.64079742665,30035.138134999434,195
1974-05-28 01:21:00+00:00,30035.65046771257,30052.170200001,30034.318725722937,30035.009165531523,350
1974-06-02 01:21:00+00:00,30035.51731555966,30040.329733340706,30029.19502274039,30034.156492609636,394
1974-06-07 01:21:00+00:00,30036.356710137374,30041.98017121784,30030.73316459924,30036.723577762936,401
1974-06-12 01:21:00+00:00,30034.55299026317,30053.93152349192,30022.88275120513,30035.159762752937,676
1974-06-17 01:21:00+00:00,30033.116712262054,30047.104019202612,30019.30586301625,30033.22973701905,734
1974-06-22 01:21:00+00:00,30033.17307247764,30048.28743563319,30027.67710355676,30033.755620544816,699
1974-06-27 01:21:00+00:00,30031.490565903674,30050.458519929416,30018.78812501657,30031.487282677135,970
1974-07-02 01:21:00+00:00,30031.996224046088,30042.500647104014,30018.141016192665,30032.149084647273,941
1974-07-07 01:21:00+00:00,30030.619715776545,30036.76709840628,30025.674661147103,30029.941695908306,630
1974-07-12 01:21:00+00:00,30030.623150406576,30038.0732367526,30012.26367569416,30030.72367401116,634
1974-07-17 01:21:00+00:00,30030.340509365262,30046.514114787955,30020.200329619336,30031.00243026512,743
1974-07-22 01:21:00+00:00,30030.238238408067,30049.509273867458,30012.36318216671,30030.48863513567,557
1974-07-27 01:21:00+00:00,30029.00947314692,30031.065832191136,30026.161819291465,30029.32839010001,177
1974-08-01 01:21:00+00:00,30027.510208434258,30034.46889892417,30014.362866728512,30025.849032066464,785
1974-08-06 01:21:00+00:00,30029.04777127121,30044.15678968758,30027.28254484247,30029.54497664687,892
1974-08-11 01:21:00+00:00,30028.141104655144,30037.555686761178,30011.51205468993,30028.432049500032,509
1974-08-16 01:21:00+00:00,30028.130120441994,30038.012014683627,30011.636992241096,30028.366012571056,781
1974-08-21 01:21:00+00:00,30028.89844228067,30044.74417401572,30022.772130546153,30028.818222108475,151
1974-08-26 01:21:00+00:00,30028.65805915319,30048.55854389383,30020.02292615002,30026.813566106954,349
1974-08-31 01:21:00+00:00,30027.580325135725,30042.673017676043,30023.934687182224,30026.772893002013,850
1974-09-05 01:21:00+00:00,30028.23345527009,30043.064338265714,30022.67822771405,30027.908352148683,661
1974-09-10 01:21:00+00:00,30027.69875591493,30028.860159258376,30026.225854173364,30027.217145225575,173
1974-09-15 01:21:00+00:00,30027.988353838628,30035.712452692558,30024.859388088596,30027.590231141818,623
1974-09-20 01:21:00+00:00,30027.340026908812,30037.71880345676,30023.235617843984,30028.101900216552,645
1974-09-25 01:21:00+00:00,30026.035250503388,30028.034519422483,30015.578679317037,30024.540639252744,957
1974-09-30 01:21:00+00:00,30025.4222887654,30043.323039474904,30012.245350098132,30026.38286690438,203
1974-10-05 01:21:00+00:00,30024.169495907885,30041.96395920137,30011.60947354634,30024.000108208653,685
1974-10-10 01:21:00+00:00,30024.120358852568,30031.020712374047,30021.99604501568,30025.22400838243,948
1974-10-15 01:21:00+00:00,30023.769866530285,30025.758515603553,30007.527081899934,30023.106038653732,155
1974-10-20 01:21:00+00:00,30023.178309894454,30040.16957231718,30005.210767276232,30023.038338665858,866
1974-10-25 01:21:00+00:00,30024.126031451025,30028.95932760281,30005.756365135272,30023.936326261348,857
1974-10-30 01:21:00+00:00,30024.535022336495,30025.02744674333,30007.286247016615,30023.61845670506,328
1974-11-04 01:21:00+00:00,30022.206182931222,30027.227059200566,30004.96748386513,30020.68151644868,897
1974-11-09 01:21:00+00:00,30022.966406355594,30034.943805942457,30018.064526244467,30021.476440203933,959
1974-11-14 01:21:00+00:00,30023.725476058444,30041.698948933456,30021.201604832768,30023.761242622433,957
1974-11-19 01:21:00+00:00,30023.804573862624,30027.068967273986,30015.482151425378,30026.247820356348,228
1974-11-24 01:21:00+00:00,30025.15451155405,30026.380894790935,30012.012380560478,30025.131772053373,255
1974-11-29 01:21:00+00:00,30025.06371263734,30026.117515947746,30008.75700411481,30024.57260025276,961
1974-12-04 01:21:00+00:00,30024.58455780361,30037.918689060687,30008.866047870673,30023.364469117092,577
1974-12-09 01:21:00+00:00,30025.070046349152,30034.018792964536,30006.27713234367,30025.336752430136,514
1974-12-14 01:21:00+00:00,30025.58792799929,30029.566249112882,30017.697951498998,30025.108028478342,991
1974-12-19 01:21:00+00:00,30025.829552698153,30045.04737464128,30015.798398478844,30025.399041362783,635
1974-12-24 01:21:00+00:00,30027.17918658122,30035.732209601738,30009.946644180727,30028.142901757896,441
1974-12-29 01:21:00+00:00,30026.670373799618,30039.272717118845,30018.470118060162,30028.138778586086,557
1975-01-03 01:21:00+00:00,30026.301382449816,30035.70990429517,30024.83960892833,30026.614311560734,786
1975-01-08 01:21:00+00:00,30027.643380226807,30037.934896869923,30022.19992344308,30026.542792109864,533
1975-01-13 01:21:00+00:00,30027.46159291453,30046.315632632,30021.996529621414,30027.683947167032,491
1975-01-18 01:21:00+00:00,30026.647073113225,30026.94252535472,30015.5531137501,30027.03059161097,997
1975-01-23 01:21:00+00:00,30026.634769401968,30044.922860679635,30012.96179511146,30027.456035212188,798
1975-01-28 01:21:00+00:00,30026.88402629205,30029.207513574893,30026.596929006697,30028.03734857082,723
1975-02-02 01:21:00+00:00,30025.958718504822,30028.78023521037,30020.428502665916,30026.0340408791,856
1975-02-07 01:21:00+00:00,30028.059021899575,30032.868121704265,30020.985624764136,30028.394676045948,804
1975-02-12 01:21:00+00:00,30028.699924950204,30029.841540090576,30026.987405757594,30026.891551431647,104
1975-02-17 01:21:00+00:00,30028.837618912366,30034.196178059563,30013.81077240751,30027.7265867868,164
1975-02-22 01:21:00+00:00,30028.218147791405,30043.94258939903,30018.539451729615,30028.465274419523,300
1975-02-27 01:21:00+00:00,30028.147030278593,30039.634989647708,30023.09106697569,30029.014937830485,861
1975-03-04 01:21:00+00:00,30028.86309004938,30029.789954852684,30027.27241526616,30029.032881386996,999
1975-03-09 01:21:00+00:00,30027.994511891393,30029.213813138227,30027.11428703417,30029.240310715817,779
1975-03-14 01:21:00+00:00,30026.20824035986,30043.896631005442,30008.71892299407,30025.59169041351,484
1975-03-19 01:21:00+00:00,30026.092103289993,30040.99458964933,30019.6848694916,30026.147699769317,382
1975-03-24 01:21:00+00:00,30026.193152637097,30038.67748980924,30017.60946413359,30026.507269798327,739
1975-03-29 01:21:00+00:00,30025.04386781303,30039.834252302604,30020.864070838972,30025.909095738578,424
1975-04-03 01:21:00+00:00,30025.57154220092,30032.194135437698,30020.21643456575,30025.94487846642,167
1975-04-08 01:21:00+00:00,30027.796497770436,30045.19371981477,30013.236879201984,30028.662350305945,715
1975-04-13 01:21:00+00:00,30030.10650677866,30041.579271993163,30021.29504244633,30029.630507958896,663
1975-04-18 01:21:00+00:00,30030.84829813326,30050.697463906028,30023.09227216164,30030.492714092154,708
1975-04-23 01:21:00+00:00,30031.09929736522,30037.854423107354,30022.996531519668,30030.17309488223,427
1975-04-28 01:21:00+00:00,30031.529846267425,30046.915177352334,30025.476729775026,30030.0855610675,193
1975-05-03 01:21:00+00:00,30030.819239259985,30041.538561071768,30028.942264983678,30030.57234747243,835
1975-05-08 01:21:00+00:00,30030.36979399788,30031.251606936148,30028.911844275295,30029.248423758298,265
1975-05-13 01:21:00+00:00,30029.980248019256,30032.399840712445,30026.261061921105,30030.5333119364,612
1975-05-18 01:21:00+00:00,30029.782642641625,30041.03309029069,30019.644195023684,30031.251816785047,210
1975-05-23 01:21:00+00:00,30030.04572643478,30045.535833521742,30014.622559910145,30030.46912084703,233
1975-05-28 01:21:00+00:00,30030.589010961336,30035.439569185273,30017.84199927396,30029.327585578845,418
1975-06-02 01:21:00+00:00,30030.633547661546,30043.90391223463,30011.07395860695,30030.51603158481,781
1975-06-07 01:21:00+00:00,30030.69635845873,30034.616086669354,30023.046840124003,30031.61862671407,117
1975-06-12 01:21:00+00:00,30031.339400928024,30036.072359922437,30029.9610166371,30030.74094904971,814
1975-06-17 01:21:00+00:00,30032.750094020987,30042.55319906841,30022.725460266716,30032.665028266747,647
1975-06-22 01:21:00+00:00,30033.90189383424,30036.329463561186,30017.54981842219,30034.24990339922,428
1975-06-27 01:21:00+00:00,30034.82832957721,30039.06798484575,30026.813194854436,30036.426799173038,412
1975-07-02 01:21:00+00:00,30035.831465946943,30040.911226696673,30017.37844558884,30036.48274179263,140
1975-07-07 01:21:00+00:00,30035.448879361495,30045.104383017366,30030.396472805773,30035.81824510253,213
1975-07-12 01:21:00+00:00,30035.13263640513,30046.469979944406,30026.190674005822,30034.922309826103,213
1975-07-17 01:21:00+00:00,30034.812207270075,30042.858169182236,30023.221964269396,30036.581785588733,514
1975-07-22 01:21:00+00:00,30034.53075574729,30037.671198605305,30026.86208259239,30035.112220809788,914
1975-07-27 01:21:00+00:00,30033.961020525232,30051.821239888515,30014.368592544968,30035.743116963797,129
1975-08-01 01:21:00+00:00,30033.533739727296,30037.701780428313,30017.275676601268,30031.887990907995,317
1975-08-06 01:21:00+00:00,30033.44786759148,30042.511480824243,30031.774100593357,30034.400379463612,756
1975-08-11 01:21:00+00:00,30033.246217081298,30044.38740332601,30030.03295793817,30033.38131730424,402
1975-08-16 01:21:00+00:00,30032.579997116096,30050.0831712125,30030.25489143018,30033.65728933568,323
1975-08-21 01:21:00+00:00,30031.107124801878,30043.089675966698,30012.878678848563,30029.018262649366,566
1975-08-26 01:21:00+00:00,30029.4268367883,30037.77073792416,30019.954714152984,30029.450353396365,992
1975-08-31 01:21:00+00:00,30027.2334696512,30035.304707461088,30019.986691007995,30026.140417749833,519
1975-09-05 01:21:00+00:00,30026.050141836913,30042.434327854764,30013.91483209456,30026.75169724087,769
1975-09-10 01:21:00+00:00,30025.647156522205,30035.861496840644,30011.1961900294,30025.73022203933,576
1975-09-15 01:21:00+00:00,30025.80206141926,30031.883415713226,30012.60637190722,30026.791475257014,357
1975-09-20 01:21:00+00:00,30026.267682165075,30038.46446927435,30012.627884670408,30027.719724284536,186
1975-09-25 01:21:00+00:00,30026.947639412585,30033.709726171466,30021.325819611946,30026.865314054205,305
1975-09-30 01:21:00+00:00,30028.588757309586,30045.85177014843,30020.501141151486,30029.248450640058,192
1975-10-05 01:21:00+00:00,30028.76084902112,30041.492696528283,30015.81245085296,30028.696882933364,574
1975-10-10 01:21:00+00:00,30026.70092253878,30041.73166653359,30019.3442046407,30024.91710608243,193
1975-10-15 01:21:00+00:00,30027.15697238513,30045.551108586846,30018.990750785455,30026.611393632626,841
1975-10-20 01:21:00+00:00,30028.69291730603,30039.805231492934,30012.363232734686,30029.67394697995,410
1975-10-25 01:21:00+00:00,30027.378541639504,30029.948524563217,30026.733536291908,30026.933260038135,753
1975-10-30 01:21:00+00:00,30026.796569688886,30030.059674277923,30019.9915087555,30025.896927592134,592
1975-11-04 01:21:00+00:00,30027.7269150319,30037.15491557337,30025.08909732329,30026.6581126401,104
1975-11-09 01:21:00+00:00,30027.5652102773,30043.78689311124,30012.97713229845,30026.452882795278,331
1975-11-14 01:21:00+00:00,30027.362955311586,30041.498715264046,30009.926062780523,30028.4075002134,429
1975-11-19 01:21:00+00:00,30027.614381340863,30046.422094856982,30023.29697163545,30029.2073723431,298
1975-11-24 01:21:00+00:00,30026.511358551932,30038.212439850748,30014.47967069015,30025.648098313563,201
1975-11-29 01:21:00+00:00,30027.64963223639,30044.37024764546,30023.49719038942,30027.40479752977,442
1975-12-04 01:21:00+00:00,30027.68860416052,30036.08858536324,30018.849501870125,30026.892578220417,175
1975-12-09 01:21:00+00:00,30027.353829580865,30046.74182439559,30026.68486779141,30026.007039937624,626
1975-12-14 01:21:00+00:00,30026.879258829424,30041.53619782763,30018.469950595,30027.59944687577,986
1975-12-19 01:21:00+00:00,30025.00348946381,30042.299048821475,30006.818916457865,30024.840652479208,932
1975-12-24 01:21:00+00:00,30026.060826683795,30042.77045961866,30008.166614834197,30026.06049016502,836
1975-12-29 01:21:00+00:00,30024.998893572058,30036.024434621122,30023.800588742957,30024.23620160203,242
1976-01-03 01:21:00+00:00,30024.158625009997,30042.24885924623,30008.075633607685,30025.099804912334,711
1976-01-08 01:21:00+00:00,30023.656769747864,30043.58351562864,30012.51640585874,30024.522276788375,407
1976-01-13 01:21:00+00:00,30024.102094519192,30041.782323789772,30009.435401012983,30023.459486773256,443
1976-01-18 01:21:00+00:00,30024.683732857633,30035.95426913243,30018.676359005836,30025.673258215633,708
1976-01-23 01:21:00+00:00,30024.99388669449,30041.38774763105,30015.431835587024,30023.9981790083,804
1976-01-28 01:21:00+00:00,30026.203882185568,30029.39136868405,30006.41212621738,30026.28323891121,619
1976-02-02 01:21:00+00:00,30027.530738583733,30038.310809097522,30012.44508850206,30026.861559009427,953
1976-02-07 01:21:00+00:00,30026.99626992974,30036.594467361658,30026.460061668815,30026.245496546704,271
1976-02-12 01:21:00+00:00,30027.604819610828,30046.94736825082,30017.380436798085,30027.961019979233,834
1976-02-17 01:21:00+00:00,30026.741698475544,30027.372291652486,30013.208155734297,30025.690440194558,447
1976-02-22 01:21:00+00:00,30027.773493321634,30031.571705214803,30015.569064159332,30028.340142462643,740
1976-02-27 01:21:00+00:00,30028.051507239314,30039.721065651087,30017.510471426132,30028.824665592445,538
1976-03-03 01:21:00+00:00,30028.97946734367,30042.63671734092,30019.677447440972,30026.81817410004,805
1976-03-08 01:21:00+00:00,30030.034757263948,30045.212738872513,30012.842897224116,30029.652837591657,133
1976-03-13 01:21:00+00:00,30029.559493364675,30044.57072726387,30012.428951353606,30030.082460189587,621
1976-03-18 01:21:00+00:00,30029.944475802502,30038.190544501816,30018.48498218385,30030.16282007632,321
1976-03-23 01:21:00+00:00,30029.905586621877,30048.732785986616,30014.175374973598,30028.3285238408,167
1976-03-28 01:21:00+00:00,30029.932012174067,30044.49061179523,30015.573287985007,30031.41488540473,621
1976-04-02 01:21:00+00:00,30030.995283278273,30044.401535142028,30028.603468306534,30029.908632597148,382
1976-04-07 01:21:00+00:00,30031.793427594235,30046.874834015907,30026.540368207166,30030.777155267475,996
1976-04-12 01:21:00+00:00,30030.1759001321,30047.316907993034,30011.826525379383,30032.115171660655,708
1976-04-17 01:21:00+00:00,30029.626148065505,30040.446447329254,30016.895777056652,30030.619800058375,904
1976-04-22 01:21:00+00:00,30029.527564692613,30043.009027900567,30024.297514113514,30029.22934394917,502
1976-04-27 01:21:00+00:00,30030.280422433832,30037.725766305663,30015.23720071301,30029.951421069123,220
1976-05-02 01:21:00+00:00,30030.71935737653,30050.502564742554,30027.13618420746,30030.9348667606,735
1976-05-07 01:21:00+00:00,30029.933820223363,30044.672302193834,30021.27592405418,30029.343624586934,247
1976-05-12 01:21:00+00:00,30029.423687279603,30033.88963683445,30011.80335542651,30029.364590510162,995
1976-05-17 01:21:00+00:00,30029.96822933143,30031.18540282637,30013.132269516987,30029.13942576553,253
1976-05-22 01:21:00+00:00,30030.810876562664,30035.069234083454,30013.14091930206,30031.320704163005,441
1976-05-27 01:21:00+00:00,30029.662042346692,30033.67191562532,30013.42973968284,30029.98207387087,379
1976-06-01 01:21:00+00:00,30029.663794257445,30035.27251403452,30023.783358805245,30027.348587823508,715
1976-06-06 01:21:00+00:00,30028.18433233428,30045.855655422572,30009.746380499586,30029.089581952652,719
1976-06-11 01:21:00+00:00,30027.95987018278,30045.219027479296,30019.155744639294,30028.90767144542,839
1976-06-16 01:21:00+00:00,30030.402783159472,30030.677323886994,30022.25291470891,30030.035784980068,702
1976-06-21 01:21:00+00:00,30031.177162968375,30035.34603304535,30014.1446840219,30032.298566732665,415
1976-06-26 01:21:00+00:00,30031.190849849445,30041.899471931993,30026.611532012666,30030.665465894963,473
1976-07-01 01:21:00+00:00,30033.76131586936,30046.532560995598,30014.007558381578,30032.98243491928,866
1976-07-06 01:21:00+00:00,30033.80123488378,30041.183335776303,30023.493066299758,30035.933462180285,683
1976-07-11 01:21:00+00:00,30033.688050416953,30045.629293472764,30015.090942456645,30033.655456086915,599
1976-07-16 01:21:00+00:00,30033.340564468504,30041.518170330735,30018.52546470483,30033.737216386387,783
1976-07-21 01:21:00+00:00,30032.543330290846,30032.904492194004,30018.513445439206,30032.719864780956,110
1976-07-26 01:21:00+00:00,30033.73929489786,30050.946455477286,30029.32919415432,30033.10768402045,211
1976-07-31 01:21:00+00:00,30033.0554409122,30042.300342944884,30030.063706618297,30030.88193713029,922
1976-08-05 01:21:00+00:00,30033.19755287129,30047.980530166948,30026.240737294498,30031.657639820653,329
1976-08-10 01:21:00+00:00,30034.098751917336,30035.878422585087,30017.670314622243,30035.562771093264,895
1976-08-15 01:21:00+00:00,30034.820254077476,30039.12393947859,30032.150683525764,30032.807269364323,600
1976-08-20 01:21:00+00:00,30034.47880201554,30050.691481239337,30024.523212650758,30036.48175358172,314
1976-08-25 01:21:00+00:00,30034.50520648412,30051.22092937357,30014.80217494064,30034.61785037726,621
1976-08-30 01:21:00+00:00,30034.94594666369,30039.946831602312,30016.790217541944,30035.03913273586,696
1976-09-04 01:21:00+00:00,30033.876252331735,30040.816962267283,30027.36667137939,30034.79168794926,714
1976-09-09 01:21:00+00:00,30033.31109657707,30043.690896522883,30017.601185801712,30034.208904468494,402
1976-09-14 01:21:00+00:00,30033.55069959285,30050.478967717336,30017.537418525746,30034.314771598216,877
1976-09-19 01:21:00+00:00,30030.946128003445,30038.347444620307,30030.303866334612,30029.96484082236,852
1976-09-24 01:21:00+00:00,30030.91392836785,30043.833436616784,30022.695790745423,30031.771678735964,252
1976-09-29 01:21:00+00:00,30031.20278067633,30042.1051817979,30029.72659097733,30031.103181074766,856
1976-10-04 01:21:00+00:00,30030.07959770183,30045.52876631742,30013.680483362943,30030.16017474976,512
1976-10-09 01:21:00+00:00,30029.470401745,30045.55938097854,30011.502692520517,30027.780720555533,598
1976-10-14 01:21:00+00:00,30029.918885920237,30046.909075960684,30020.18893169675,30028.414053395747,236
1976-10-19 01:21:00+00:00,30027.986417290802,30030.985563034745,30023.593371595587,30027.446318699647,900
1976-10-24 01:21:00+00:00,30028.711857223105,30039.16793015248,30012.318548829397,30029.183761584358,109
1976-10-29 01:21:00+00:00,30028.883433903142,30045.070411660785,30017.51475384392,30031.119059270542,642
1976-11-03 01:21:00+00:00,30027.222315088227,30046.160310247546,30017.70826346144,30026.873801494326,158
1976-11-08 01:21:00+00:00,30027.51008472187,30035.806870871955,30024.683929299936,30029.171350910103,940
1976-11-13 01:21:00+00:00,30029.088078098073,30029.215036250513,30021.18595361869,30030.552287133436,673
1976-11-18 01:21:00+00:00,30029.000874584515,30037.880151249366,30024.42568819065,30028.54299055023,759
1976-11-23 01:21:00+00:00,30030.193483858635,30033.193464989406,30013.969311624624,30030.27272153395,197
1976-11-28 01:21:00+00:00,30030.07306049694,30048.74080251007,30022.37499974301,30028.864931942575,823
1976-12-03 01:21:00+00:00,30030.279270718216,30033.08240350004,30024.031570538747,30028.986826881475,949
1976-12-08 01:21:00+00:00,30031.282948942837,30050.194897784357,30012.139082373447,30030.697384910967,736
1976-12-13 01:21:00+00:00,30031.329769562864,30032.34244919445,30016.5240377531,30031.883939559848,480
1976-12-18 01:21:00+00:00,30032.403296760716,30043.25260268872,30018.874552801622,30034.705620854587,428
1976-12-23 01:21:00+00:00,30031.760511051125,30036.027862619,30026.92362530295,30033.24791414942,888
1976-12-28 01:21:00+00:00,30033.55217505678,30039.663761253403,30015.785217017426,30033.215949103967,962
1977-01-02 01:21:00+00:00,30033.244798283227,30037.288336521735,30015.44333865143,30032.284670720044,145
1977-01-07 01:21:00+00:00,30032.62311019177,30039.335774207764,30021.958518668212,30030.912296526905,171
1977-01-12 01:21:00+00:00,30034.054959284502,30043.17130156829,30032.148565032254,30035.58851976934,763
1977-01-17 01:21:00+00:00,30036.220808313137,30043.176193953317,30028.267155831832,30036.392031374522,105
1977-01-22 01:21:00+00:00,30036.741740341247,30043.62862492216,30028.008356754384,30035.707513113262,782
1977-01-27 01:21:00+00:00,30038.25897844463,30051.447815607036,30021.60663436201,30038.87487137399,537
1977-02-01 01:21:00+00:00,30038.01666620149,30044.688369383523,30022.710188930523,30036.963055541422,934
1977-02-06 01:21:00+00:00,30040.18702032566,30042.31274415171,30021.99355754074,30038.611374986198,785
1977-02-11 01:21:00+00:00,30039.271172581273,30049.128078944108,30034.24510975275,30039.81988454334,334
1977-02-16 01:21:00+00:00,30038.529028801295,30040.48090188029,30019.30848608222,30038.261287511657,342
1977-02-21 01:21:00+00:00,30038.16124023808,30057.172112601813,30028.194629190482,30037.3556183667,819
1977-02-26 01:21:00+00:00,30038.095703642317,30053.726794569335,30025.07662698444,30038.619601881408,220
1977-03-03 01:21:00+00:00,30037.4321982675,30039.92693046026,30036.36643838987,30038.641522580143,607
1977-03-08 01:21:00+00:00,30036.600140808387,30046.371112937682,30017.40368905143,30035.276486695988,503
1977-03-13 01:21:00+00:00,30034.98549579921,30050.720795468977,30034.255319902804,30035.399447242657,850
1977-03-18 01:21:00+00:00,30035.312132251685,30048.907667508898,30035.061375089193,30034.374521855352,167
1977-03-23 01:21:00+00:00,30034.14242204341,30046.068859483752,30032.200345382756,30033.34784002943,744
1977-03-28 01:21:00+00:00,30036.337908654827,30036.526070019856,30026.672539186657,30035.741613944567,589
1977-04-02 01:21:00+00:00,30034.809037211096,30046.143586983006,30026.1678405759,30035.256129408186,158
1977-04-07 01:21:00+00:00,30035.213785668315,30051.684521309842,30028.400206796254,30034.745424908742,312
1977-04-12 01:21:00+00:00,30033.887365733528,30043.453794661094,30024.515651350073,30032.01387787322,241
1977-04-17 01:21:00+00:00,30031.93202576346,30032.580520536238,30014.108913214695,30031.40464183136,806
1977-04-22 01:21:00+00:00,30031.88712429553,30041.650049944918,30025.041144528786,30031.565939005322,716
1977-04-27 01:21:00+00:00,30031.862350688025,30046.88804374621,30025.70425131576,30032.960428253842,235
1977-05-02 01:21:00+00:00,30030.475234492824,30046.74662551651,30028.042401758525,30030.541467691317,453
1977-05-07 01:21:00+00:00,30027.298568365037,30037.63884099798,30010.376595315618,30028.676870064206,363
1977-05-12 01:21:00+00:00,30026.16000019901,30028.7012840211,30020.033505172472,30025.83841549563,665
1977-05-17 01:21:00+00:00,30025.581142316118,30034.513360088877,30017.230983829937,30023.41864916039,373
1977-05-22 01:21:00+00:00,30028.032441748026,30035.950108547197,30019.938412129308,30028.02901211218,220
1977-05-27 01:21:00+00:00,30029.394098990313,30029.57565016212,30021.912548705415,30029.287762255644,201
1977-06-01 01:21:00+00:00,30028.14220839016,30043.78123522395,30023.755002750553,30027.31581849901,444
1977-06-06 01:21:00+00:00,30028.173418038972,30031.328566581084,30013.11816950558,30027.7973385442,975
1977-06-11 01:21:00+00:00,30028.56633733464,30031.64868940477,30022.393632030573,30027.154290743692,468
1977-06-16 01:21:00+00:00,30031.016312607906,30034.307614231748,30030.886521603803,30032.344028659958,899
1977-06-21 01:21:00+00:00,30031.30478517506,30035.19634711294,30018.907277181956,30029.89919659721,782
1977-06-26 01:21:00+00:00,30030.25551510846,30043.94171671398,30016.252650206916,30030.962416753584,601
1977-07-01 01:21:00+00:00,30032.027049931814,30034.25872934535,30014.78310564314,30032.511106930055,589
1977-07-06 01:21:00+00:00,30033.67491244194,30043.309253552514,30031.983729999072,30034.98964358713,518
1977-07-11 01:21:00+00:00,30032.873356106473,30047.006624217567,30028.7847704987,30033.959922873106,512
1977-07-16 01:21:00+00:00,30032.911672290516,30048.53831476875,30025.21605651896,30032.338242177953,910
1977-07-21 01:21:00+00:00,30032.379852212773,30040.413481091273,30020.76760822222,30031.63657413781,550
1977-07-26 01:21:00+00:00,30032.817280579013,30033.97761293213,30030.006618612904,30033.854451120114,602
1977-07-31 01:21:00+00:00,30032.402580182763,30033.792288231798,30018.75268439453,30032.882044750357,566
1977-08-05 01:21:00+00:00,30031.876496730332,30049.375848167136,30026.852249001742,30032.642743212877,192
1977-08-10 01:21:00+00:00,30031.821376148968,30038.765360221452,30031.46702548815,30032.274816783633,311
1977-08-15 01:21:00+00:00,30031.42678018671,30041.80822125789,30028.77465890416,30033.016859990803,404
1977-08-20 01:21:00+00:00,30030.605722606924,30039.856590947806,30010.6388142666,30031.17988146905,216
1977-08-25 01:21:00+00:00,30030.13598784589,30046.251651968363,30015.01249876658,30029.765190353657,816
1977-08-30 01:21:00+00:00,30027.909607533,30040.011197372387,30010.853934950246,30028.256875543317,448
1977-09-04 01:21:00+00:00,30028.61760795443,30036.045815355923,30023.828618503503,30027.852354050272,160
1977-09-09 01:21:00+00:00,30028.148122424354,30040.97045290488,30017.332854104458,30027.76869154759,537
1977-09-14 01:21:00+00:00,30028.275992143987,30031.564726866764,30013.26354055082,30028.40330257688,785
1977-09-19 01:21:00+00:00,30028.73869366299,30040.90975629821,30025.118393353227,30028.75732990304,218
1977-09-24 01:21:00+00:00,30030.187246149384,30036.076712919494,30017.430155654187,30031.25638228449,483
1977-09-29 01:21:00+00:00,30029.68189354999,30041.617367970393,30022.44973281751,30029.045900954512,863
1977-10-04 01:21:00+00:00,30028.805933681382,30037.072640452527,30022.956061334582,30029.4816140651,803
1977-10-09 01:21:00+00:00,30029.387913907372,30032.507738037246,30014.182370506485,30029.36844990016,671
1977-10-14 01:21:00+00:00,30030.270514561926,30050.14396797483,30025.852506547217,30029.333274153894,443
1977-10-19 01:21:00+00:00,30030.16824109161,30044.39431079434,30028.004138696546,30030.35003546461,586
1977-10-24 01:21:00+00:00,30031.034401581957,30043.938171490037,30024.756459868106,30031.46100896628,285
1977-10-29 01:21:00+00:00,30032.453078741404,30052.045197062274,30015.33358841792,30034.027894005627,511
1977-11-03 01:21:00+00:00,30030.589424109283,30042.571672316546,30027.758150488866,30031.630897615316,456
1977-11-08 01:21:00+00:00,30030.268023341494,30039.32738772751,30015.395488919195,30029.042417861347,444
1977-11-13 01:21:00+00:00,30031.130132198334,30036.819583340945,30030.298847521834,30030.000718908945,766
1977-11-18 01:21:00+00:00,30032.897733855934,30051.56729668301,30016.335661194207,30034.459444197037,277
1977-11-23 01:21:00+00:00,30032.16412028727,30051.12283910771,30021.08219531858,30031.86225093576,658
1977-11-28 01:21:00+00:00,30031.817837904648,30044.8337325369,30013.059193569272,30029.96519715142,898
1977-12-03 01:21:00+00:00,30031.747891950756,30041.408367401582,30020.020307867726,30030.869175371765,171
1977-12-08 01:21:00+00:00,30032.33008281316,30043.483557028423,30021.79272845399,30032.324479117127,376
1977-12-13 01:21:00+00:00,30032.84217585636,30034.797064688995,30014.333647706742,30032.753539991332,496
1977-12-18 01:21:00+00:00,30030.564000544404,30045.405180275688,30022.967485139263,30030.555217257723,501
1977-12-23 01:21:00+00:00,30030.937248876882,30042.053629684437,30011.836876116256,30031.979617113666,426
1977-12-28 01:21:00+00:00,30032.179034940873,30042.509333023892,30013.490867087083,30032.157893580214,363
1978-01-02 01:21:00+00:00,30032.391202886236,30043.388012715634,30016.033424615376,30032.48647126522,807
1978-01-07 01:21:00+00:00,30033.757016552583,30053.60770517269,30024.047922701404,30033.74816703196,731
1978-01-12 01:21:00+00:00,30033.109456705206,30046.091104051255,30032.727158498983,30031.658747803496,314
1978-01-17 01:21:00+00:00,30032.60041681954,30047.455611618025,30026.18885505519,30032.713269327047,261
1978-01-22 01:21:00+00:00,30033.771885238297,30039.25398949078,30020.359646292833,30034.269528989313,212
1978-01-27 01:21:00+00:00,30033.917594085804,30053.008535872825,30024.46786087644,30033.341559388813,436
1978-02-01 01:21:00+00:00,30034.453487164556,30038.765125376427,30026.314808534822,30033.653080169184,191
1978-02-06 01:21:00+00:00,30036.11343938447,30042.630931925363,30027.634079655913,30037.142792086008,571
1978-02-11 01:21:00+00:00,30034.635765109295,30039.31630270794,30033.749213640524,30035.298963777957,215
1978-02-16 01:21:00+00:00,30035.861243879863,30049.55729324406,30031.165041762382,30036.117985652323,497
1978-02-21 01:21:00+00:00,30034.078364544002,30043.58129707816,30015.048444732704,30033.864602118458,708
1978-02-26 01:21:00+00:00,30033.035665066862,30034.694515089068,30029.66830258209,30032.999224766823,804
1978-03-03 01:21:00+00:00,30032.121723188204,30047.652635810264,30014.662033076766,30030.143104569426,476
1978-03-08 01:21:00+00:00,30032.17232711841,30035.844155897426,30029.732423576792,30030.106524594208,617
1978-03-13 01:21:00+00:00,30030.997751970488,30035.88866923374,30020.152157246688,30030.918886107927,608
1978-03-18 01:21:00+00:00,30030.493251445376,30047.189830266878,30018.176442365897,30029.703410597584,688
1978-03-23 01:21:00+00:00,30030.526283101495,30039.457289020545,30020.792187688978,30029.89304395092,360
1978-03-28 01:21:00+00:00,30029.324690097492,30045.54853091076,30011.47908396971,30029.636267791142,945
1978-04-02 01:21:00+00:00,30030.927592140568,30046.151656699967,30029.461733124495,30031.025647467468,235
1978-04-07 01:21:00+00:00,30029.535072224295,30032.06203116297,30014.682585920356,30028.884144952932,254
1978-04-12 01:21:00+00:00,30028.49126594976,30041.030345178177,30017.833250195898,30030.308766537295,950
1978-04-17 01:21:00+00:00,30027.242148895366,30030.402983664088,30017.700763662993,30028.19557302758,252
1978-04-22 01:21:00+00:00,30027.604963290152,30037.6616911816,30016.98993377524,30028.034833029884,293
1978-04-27 01:21:00+00:00,30028.377850170084,30046.882971927203,30027.097408331698,30029.39022627258,921
1978-05-02 01:21:00+00:00,30027.196805486692,30038.034153177316,30011.296141008475,30027.20455785522,451
1978-05-07 01:21:00+00:00,30028.242193107664,30037.98741797657,30019.09399643459,30027.343933710188,219
1978-05-12 01:21:00+00:00,30027.237531360224,30032.113622530484,30025.757133897954,30026.84003740334,375
1978-05-17 01:21:00+00:00,30027.327699040765,30044.65157516321,30020.42403707687,30026.030300115093,579
1978-05-22 01:21:00+00:00,30028.487308834236,30047.097455884235,30025.720424802807,30028.74321481741,700
1978-05-27 01:21:00+00:00,30027.394015683258,30047.015012066273,30010.313730551203,30026.699145116254,502
1978-06-01 01:21:00+00:00,30027.150016793774,30032.267352726994,30008.03156680297,30024.512991197043,268
1978-06-06 01:21:00+00:00,30026.653653751215,30043.65904987444,30015.801122413715,30025.576733429658,835
1978-06-11 01:21:00+00:00,30026.201151967773,30032.66337538846,30019.29074856655,30023.897002013542,955
1978-06-16 01:21:00+00:00,30028.01647085887,30029.76075924722,30011.84949052647,30026.930028861,609
1978-06-21 01:21:00+00:00,30027.956187717144,30034.217618174018,30016.762392416702,30027.66397054499,252
1978-06-26 01:21:00+00:00,30026.87073011468,30042.769272258884,30024.319543678506,30027.575085699347,688
1978-07-01 01:21:00+00:00,30027.69367548468,30033.64069260267,30007.77735218791,30027.036569940185,880
1978-07-06 01:21:00+00:00,30028.481191982504,30043.662454884226,30015.50059687529,30027.11529418386,271
1978-07-11 01:21:00+00:00,30026.849904467785,30044.030299943683,30026.73690348385,30026.952424856798,953
1978-07-16 01:21:00+00:00,30027.833655449147,30037.784771375387,30027.66306645753,30030.03269685097,974
1978-07-21 01:21:00+00:00,30028.594298383057,30040.81492476405,30016.75548596133,30028.882703423493,956
1978-07-26 01:21:00+00:00,30027.66231029384,30043.6282402995,30012.067326815944,30027.389826646668,795
1978-07-31 01:21:00+00:00,30027.17260786135,30035.60080431885,30011.809918185627,30026.550668864234,296
1978-08-05 01:21:00+00:00,30026.23205468818,30043.5282070257,30019.75692176349,30025.01241989928,977
1978-08-10 01:21:00+00:00,30026.136781731595,30041.545898282402,30012.045033949296,30026.11743744655,295
1978-08-15 01:21:00+00:00,30026.915533259882,30044.081568402675,30009.784978228214,30026.78139705369,896
1978-08-20 01:21:00+00:00,30027.46223876531,30042.95050927468,30025.43215791911,30028.478272010714,820
1978-08-25 01:21:00+00:00,30027.225319963745,30045.03938961825,30015.478184052285,30025.253875342652,961
1978-08-30 01:21:00+00:00,30027.603192474715,30040.217049635852,30019.522426112337,30029.298378967316,277
1978-09-04 01:21:00+00:00,30027.652224510173,30032.37040040054,30024.912733660105,30028.22416613253,966
1978-09-09 01:21:00+00:00,30028.407410486667,30041.73373333478,30028.39486828891,30028.273171257206,910
1978-09-14 01:21:00+00:00,30028.909104686216,30041.593015003524,30027.357095117917,30028.349974947607,697
1978-09-19 01:21:00+00:00,30029.780221599365,30031.884350567063,30027.382935577138,30029.41623920025,561
1978-09-24 01:21:00+00:00,30029.492694523917,30032.036460112486,30012.088316936522,30029.731521731086,945
1978-09-29 01:21:00+00:00,30030.571994286573,30041.26014698611,30025.629378978898,30029.59987389701,340
1978-10-04 01:21:00+00:00,30030.72811791973,30043.229118798194,30016.402647134175,30031.151740689635,161
1978-10-09 01:21:00+00:00,30030.56464049229,30032.39813186141,30021.952693271876,30030.214393492974,492
1978-10-14 01:21:00+00:00,30030.825866372288,30042.018561641213,30021.1551279778,30030.072487761685,294
1978-10-19 01:21:00+00:00,30030.305153273832,30037.190592731167,30019.198298748277,30030.133071782482,456
1978-10-24 01:21:00+00:00,30030.401901573976,30045.263138347498,30027.997489321566,30029.513265599122,200
1978-10-29 01:21:00+00:00,30030.95367555512,30049.805287016177,30013.859227574467,30028.773683107152,710
1978-11-03 01:21:00+00:00,30031.348601773465,30038.039985633324,30024.423235597238,30031.688389796516,738
1978-11-08 01:21:00+00:00,30030.736131806163,30050.18266763521,30030.189641493016,30028.92874230007,331
1978-11-13 01:21:00+00:00,30030.292178113115,30044.092390153226,30024.76990237935,30029.84386135627,383
1978-11-18 01:21:00+00:00,30029.440990420477,30042.151977399608,30018.962989369928,30029.4081760513,588
1978-11-23 01:21:00+00:00,30030.289791592633,30048.502352438205,30020.43257188191,30030.002208307014,228
1978-11-28 01:21:00+00:00,30031.76011088028,30037.078684807006,30020.584973063804,30031.10596068686,972
1978-12-03 01:21:00+00:00,30032.185823176518,30037.149413807583,30029.944845006852,30032.116093243083,387
1978-12-08 01:21:00+00:00,30032.0276621426,30033.59002964422,30028.83797206483,30031.93601438783,335
1978-12-13 01:21:00+00:00,30032.487842099177,30045.349467928467,30012.808064399753,30032.71209995991,756
1978-12-18 01:21:00+00:00,30031.041488912033,30047.608424933213,30012.38557676585,30031.550056689386,996
1978-12-23 01:21:00+00:00,30030.045777575502,30033.28933527158,30027.9591503776,30029.86681642482,445
1978-12-28 01:21:00+00:00,30031.473153288563,30046.12185403444,30022.627208184123,30032.13401139051,952
1979-01-02 01:21:00+00:00,30032.4048756336,30034.111878408523,30015.298827543604,30033.107747507438,283
1979-01-07 01:21:00+00:00,30032.17608554673,30040.792860547503,30017.989377190956,30032.398015461353,793
1979-01-12 01:21:00+00:00,30031.00518607212,30039.593062085383,30028.697736722603,30030.514033026106,530
1979-01-17 01:21:00+00:00,30030.918882007067,30046.75255971769,30013.39717397668,30032.414032914854,745
1979-01-22 01:21:00+00:00,30030.27038541378,30034.13836291523,30014.36490116393,30031.73153913876,102
1979-01-27 01:21:00+00:00,30031.94829693976,30047.507892063022,30022.315079001135,30031.16701306412,492
1979-02-01 01:21:00+00:00,30031.372935064104,30044.620409817297,30015.303834458395,30034.16152096901,449
1979-02-06 01:21:00+00:00,30030.91664047998,30041.495553643847,30012.884343714013,30030.604685960912,649
1979-02-11 01:21:00+00:00,30031.257884634982,30033.619587954712,30018.638972204728,30030.244325797015,125
1979-02-16 01:21:00+00:00,30029.806088839538,30036.57849088462,30028.491594111747,30029.401909635297,204
1979-02-21 01:21:00+00:00,30030.053389537326,30031.161480459552,30026.30536468771,30030.485823876006,458
1979-02-26 01:21:00+00:00,30029.535484566124,30043.88236011624,30020.890362292444,30030.15789076343,613
1979-03-03 01:21:00+00:00,30030.185101176758,30042.52267970331,30022.179689593057,30028.062157542616,591
1979-03-08 01:21:00+00:00,30030.96806062056,30036.05014781182,30025.516692039182,30030.319174838856,298
1979-03-13 01:21:00+00:00,30030.945750375842,30038.16481745789,30028.82542781513,30031.641018856786,583
1979-03-18 01:21:00+00:00,30031.161897504433,30038.41537254274,30023.704161599155,30030.957650482418,541
1979-03-23 01:21:00+00:00,30029.501157075745,30037.321632682815,30011.77761672901,30027.508912166264,558
1979-03-28 01:21:00+00:00,30029.541257940553,30031.660647729877,30012.035395489558,30030.9840700756,514
1979-04-02 01:21:00+00:00,30029.205054394264,30042.87865676981,30022.603087067477,30030.14981126405,694
1979-04-07 01:21:00+00:00,30028.977718076472,30043.62033192784,30018.379686833498,30029.521460097672,291
1979-04-12 01:21:00+00:00,30030.02453180596,30049.145481075906,30011.674311523,30030.721619823515,857
1979-04-17 01:21:00+00:00,30030.55686646875,30031.20014620056,30017.064786562994,30030.081632174682,429
1979-04-22 01:21:00+00:00,30032.282264282112,30042.429786560835,30023.320675511302,30033.439984377903,101
1979-04-27 01:21:00+00:00,30032.64544329843,30046.969197133163,30021.526320250934,30034.277614166735,641
1979-05-02 01:21:00+00:00,30031.273773284578,30043.279792314686,30028.972699182785,30032.961893090913,595
1979-05-07 01:21:00+00:00,30032.926518236483,30043.83190805854,30015.303913133008,30034.463899944585,687
1979-05-12 01:21:00+00:00,30030.570401041736,30039.721437313492,30016.88761420063,30030.546131755997,613
1979-05-17 01:21:00+00:00,30030.143202206073,30043.529940079767,30025.245542977245,30030.34758356724,470
1979-05-22 01:21:00+00:00,30029.355746186673,30030.440766841068,30020.599608144366,30028.998010892814,568
1979-05-27 01:21:00+00:00,30029.598820992596,30034.48586339559,30015.636177821674,30028.35279291771,923
1979-06-01 01:21:00+00:00,30030.096581798036,30048.998555608996,30018.272580333378,30029.53492937333,161
1979-06-06 01:21:00+00:00,30028.859056350837,30045.875150830027,30016.280811446697,30028.091170616735,305
1979-06-11 01:21:00+00:00,30030.33755316318,30043.176609888247,30022.852545530794,30030.6447236426,559
1979-06-16 01:21:00+00:00,30029.03962122732,30046.41710917132,30022.345238535654,30028.803324965284,706
1979-06-21 01:21:00+00:00,30029.232853615817,30048.237973284904,30028.955090263386,30030.16043021555,284
1979-06-26 01:21:00+00:00,30029.11100329408,30040.187996013497,30023.468707360207,30029.18294229976,812
1979-07-01 01:21:00+00:00,30030.849890815603,30044.828512211858,30017.892469469756,30030.810055608083,486
1979-07-06 01:21:00+00:00,30031.90278552714,30033.822286433817,30031.28848890089,30030.784694130838,563
1979-07-11 01:21:00+00:00,30031.89008505769,30049.289526903096,30013.518863610214,30031.47789154902,808
1979-07-16 01:21:00+00:00,30032.29215470619,30041.56501544277,30018.913661087638,30031.093690667392,466
1979-07-21 01:21:00+00:00,30032.023954123306,30039.306641414034,30012.38451685708,30033.43712785732,273
1979-07-26 01:21:00+00:00,30031.833614376952,30038.794685273384,30026.10054793953,30030.892895194436,175
1979-07-31 01:21:00+00:00,30032.320831295958,30044.821479174967,30013.57990218346,30031.860805666216,624
1979-08-05 01:21:00+00:00,30031.97986118499,30038.254132926766,30012.30890702135,30032.602550811553,659
1979-08-10 01:21:00+00:00,30031.907885881836,30046.00636343131,30025.340851352565,30031.209380885302,361
1979-08-15 01:21:00+00:00,30033.72872554718,30034.05554896122,30021.186106883284,30033.417744023267,353
1979-08-20 01:21:00+00:00,30034.331630435183,30038.953271272785,30016.088351049013,30034.16869512866,478
1979-08-25 01:21:00+00:00,30034.688469993253,30054.200595887185,30030.120530845765,30034.483204115833,670
1979-08-30 01:21:00+00:00,30034.49812765865,30054.033697896186,30031.356130968867,30036.905052484606,435
1979-09-04 01:21:00+00:00,30035.189239803476,30037.62401270282,30018.405727350597,30034.002163036428,355
1979-09-09 01:21:00+00:00,30035.150437644978,30049.41653745421,30032.772925541347,30034.24865372165,589
1979-09-14 01:21:00+00:00,30036.540468577787,30038.458240876244,30025.514258195635,30035.83846203602,220
1979-09-19 01:21:00+00:00,30037.963535562525,30051.085550787553,30034.677763805033,30038.71031545201,991
1979-09-24 01:21:00+00:00,30037.164961607476,30051.32998044755,30032.21318278865,30037.3289923423,279
1979-09-29 01:21:00+00:00,30034.64435485336,30054.102654477643,30031.757390712108,30034.87298067749,186
1979-10-04 01:21:00+00:00,30035.565845891113,30042.19265189996,30024.95669830239,30036.7814406091,342
1979-10-09 01:21:00+00:00,30037.64682413129,30039.883573898333,30027.734205275192,30039.189563509997,996
1979-10-14 01:21:00+00:00,30038.6758986925,30054.407915861357,30031.9628331004,30039.055003681748,858
1979-10-19 01:21:00+00:00,30039.556978786713,30053.474520016618,30031.32297734107,30040.25804512331,493
1979-10-24 01:21:00+00:00,30039.702587747222,30041.070717484996,30031.54898414842,30041.11751502441,200
1979-10-29 01:21:00+00:00,30039.9568046188,30044.061830511408,30029.98003390971,30039.641217927983,895
1979-11-03 01:21:00+00:00,30040.221871102563,30049.674905749464,30024.36187990215,30040.842644490822,682
1979-11-08 01:21:00+00:00,30039.68961211652,30040.854239797605,30038.572879538195,30038.407465286346,794
1979-11-13 01:21:00+00:00,30038.779851308416,30055.49285177054,30028.787889016647,30038.840881525237,238
1979-11-18 01:21:00+00:00,30039.304865906925,30054.59917721145,30028.933529808673,30039.66664705824,743
1979-11-23 01:21:00+00:00,30038.64866298168,30051.91753618158,30029.608308888237,30041.272739188295,841
1979-11-28 01:21:00+00:00,30039.241551915817,30044.659222868875,30030.44276890267,30039.379551239977,257
1979-12-03 01:21:00+00:00,30039.304702123518,30044.61013818545,30024.182488254435,30038.71890647461,371
1979-12-08 01:21:00+00:00,30038.08808435933,30046.611272799357,30035.375562245197,30037.56651423402,544
1979-12-13 01:21:00+00:00,30039.742467422617,30043.85808205696,30020.748562099183,30038.47506037853,880
1979-12-18 01:21:00+00:00,30040.642319376107,30050.970661424875,30022.443640081074,30041.306755819085,733
1979-12-23 01:21:00+00:00,30039.76956871441,30043.60708037409,30031.24593607871,30039.110424944312,849
1979-12-28 01:21:00+00:00,30039.537587533116,30055.852097269926,30032.122744748714,30039.479251608198,370
1980-01-02 01:21:00+00:00,30040.435472162797,30049.934586725027,30039.926683079873,30041.36431575997,319
1980-01-07 01:21:00+00:00,30041.38762108954,30056.14811200866,30025.29213049979,30040.744106552665,623
1980-01-12 01:21:00+00:00,30041.852648073836,30051.700200476178,30037.235861967587,30042.277230670454,582
1980-01-17 01:21:00+00:00,30041.64908774238,30054.24460211626,30038.079182941572,30043.50232308103,921
1980-01-22 01:21:00+00:00,30040.110970835667,30059.183741281562,30036.464022495802,30040.487861764323,988
1980-01-27 01:21:00+00:00,30041.282318245274,30060.091320465745,30038.309028142838,30041.97652959568,407
1980-02-01 01:21:00+00:00,30042.2609208546,30044.975040094963,30038.81328238067,30041.823980286368,636
1980-02-06 01:21:00+00:00,30040.91947775842,30051.383282410297,30031.69928064688,30043.215188149203,917
1980-02-11 01:21:00+00:00,30042.270176463328,30055.954694252723,30025.21847464384,30043.050455214976,601
1980-02-16 01:21:00+00:00,30042.26936044771,30051.064688688162,30036.929840489353,30042.72983405864,706
1980-02-21 01:21:00+00:00,30041.589212338844,30043.504342636334,30021.591242466922,30042.049130602154,536
1980-02-26 01:21:00+00:00,30043.09142895848,30052.23290078569,30030.067082213995,30043.60224206959,832
1980-03-02 01:21:00+00:00,30042.850059254743,30057.41509068495,30037.667445179974,30042.210035288317,578
1980-03-07 01:21:00+00:00,30043.613817344798,30048.34297327357,30030.982107358148,30043.40395229612,955
1980-03-12 01:21:00+00:00,30042.822226448043,30046.66700587479,30034.323344715274,30042.790657491452,687
1980-03-17 01:21:00+00:00,30042.02569721913,30050.694502437927,30027.164788818995,30042.087829086297,551
1980-03-22 01:21:00+00:00,30041.171924504175,30048.396042950306,30028.03152783153,30043.036288011877,168
1980-03-27 01:21:00+00:00,30040.636580972612,30050.59731678785,30035.460715622627,30038.846249531,596
1980-04-01 01:21:00+00:00,30041.976868663565,30060.69078223849,30027.27086926653,30042.819756396748,144
1980-04-06 01:21:00+00:00,30042.907018952214,30049.122025894496,30042.497000554584,30042.724993600837,413
1980-04-11 01:21:00+00:00,30042.08874937335,30043.61168854647,30038.113742021833,30041.630219315273,419
1980-04-16 01:21:00+00:00,30041.695721048276,30048.267828288717,30022.51491706445,30042.066580205334,977
1980-04-21 01:21:00+00:00,30041.017555008028,30052.85974548448,30027.94243306083,30039.579995439002,486
1980-04-26 01:21:00+00:00,30041.128240444374,30052.428466350302,30032.325561069512,30040.993476698884,748
1980-05-01 01:21:00+00:00,30041.720892119454,30047.405508132695,30034.008890836074,30040.31554032786,692
1980-05-06 01:21:00+00:00,30042.74148633733,30046.322328517068,30034.574562227885,30043.393438453983,817
1980-05-11 01:21:00+00:00,30043.877380503716,30060.375766672747,30035.998281476215,30043.6962288414,669
1980-05-16 01:21:00+00:00,30042.840760564894,30044.825930668554,30023.809654888402,30042.406621146067,158
1980-05-21 01:21:00+00:00,30041.818769239107,30057.166210711723,30036.27818008061,30040.856343569118,756
1980-05-26 01:21:00+00:00,30041.07025012102,30045.03073772571,30024.233768304053,30040.21524444051,452
1980-05-31 01:21:00+00:00,30039.65565769456,30043.244246197435,30024.095742346904,30039.989741306348,762
1980-06-05 01:21:00+00:00,30039.40604831394,30056.822896157108,30034.678739908446,30038.892575403097,555
1980-06-10 01:21:00+00:00,30039.57118476808,30044.36069743988,30025.096115836503,30039.225152530726,725
1980-06-15 01:21:00+00:00,30037.96383108562,30041.47915228225,30037.050045807755,30038.911118513897,744
1980-06-20 01:21:00+00:00,30040.10278124066,30047.17185559755,30027.059895591676,30040.067596327706,865
1980-06-25 01:21:00+00:00,30039.998045222976,30053.534915947243,30031.20402433001,30039.785785535383,265
1980-06-30 01:21:00+00:00,30039.046449897014,30056.086661695444,30022.61303290554,30039.964264707698,486
1980-07-05 01:21:00+00:00,30040.21036831454,30048.04454794822,30039.125920445444,30041.188830440384,455
1980-07-10 01:21:00+00:00,30039.324731975343,30041.626652300525,30035.66856732314,30038.23199922688,654
1980-07-15 01:21:00+00:00,30037.39705234786,30049.58465193711,30037.20905324195,30035.81885875002,854
1980-07-20 01:21:00+00:00,30034.977835975053,30046.059388980004,30016.594766932663,30034.689882622017,986
1980-07-25 01:21:00+00:00,30036.480076963442,30041.030522482866,30033.140898744463,30037.16089212742,340
1980-07-30 01:21:00+00:00,30035.67569183857,30049.95669899219,30028.415448860407,30036.083335968313,142
1980-08-04 01:21:00+00:00,30033.488638916715,30043.779767827073,30019.37047936623,30034.09477019035,669
1980-08-09 01:21:00+00:00,30033.808600185937,30040.28773037301,30033.676719898867,30032.673064225815,989
1980-08-14 01:21:00+00:00,30035.455070845186,30048.19838306686,30021.898949394243,30035.527751433834,238
1980-08-19 01:21:00+00:00,30035.128206013975,30036.605435039426,30020.61953555804,30034.00762917303,759
1980-08-24 01:21:00+00:00,30034.232366835786,30035.232837112264,30015.125898297483,30033.70411154982,306
1980-08-29 01:21:00+00:00,30034.076223647346,30039.86913287025,30017.691235230308,30034.668629965992,918
1980-09-03 01:21:00+00:00,30034.394020326596,30051.83040621859,30025.741080884825,30035.358132754132,933
1980-09-08 01:21:00+00:00,30036.26582819215,30050.548562737342,30030.9787802271,30034.939187459277,243
1980-09-13 01:21:00+00:00,30034.720905371527,30052.373696888637,30022.54678720898,30034.256380743547,472
1980-09-18 01:21:00+00:00,30035.30811757489,30036.752206082878,30026.131884428265,30035.725058674037,987
1980-09-23 01:21:00+00:00,30033.25935271144,30033.643735828184,30032.128086940316,30034.82358440254,112
1980-09-28 01:21:00+00:00,30032.0485134056,30048.686220692394,30013.607114861396,30031.458311806007,525
1980-10-03 01:21:00+00:00,30030.977257825984,30036.45394921481,30021.92403223122,30030.311022454054,350
1980-10-08 01:21:00+00:00,30028.610952050723,30043.584394417718,30017.99045873909,30029.33458051496,712
1980-10-13 01:21:00+00:00,30029.836559294297,30040.826723439324,30012.370267687606,30028.281149290535,634
1980-10-18 01:21:00+00:00,30031.364558161386,30050.503530716887,30029.288889313222,30032.130626541148,375
1980-10-23 01:21:00+00:00,30031.66871684909,30046.216963425453,30021.008802986857,30031.967615600155,107
1980-10-28 01:21:00+00:00,30030.519109500277,30045.77318974957,30013.499077722514,30032.482482861404,893
1980-11-02 01:21:00+00:00,30031.200070408668,30050.7452039486,30024.45515133991,30031.003784976896,598
1980-11-07 01:21:00+00:00,30031.726124078545,30042.440198849967,30027.80865533983,30031.891592155716,829
1980-11-12 01:21:00+00:00,30031.197397004922,30048.54326447686,30020.9668904365,30033.440928167332,948
1980-11-17 01:21:00+00:00,30030.156497758275,30045.971787606635,30012.552083298055,30029.24528004241,872
1980-11-22 01:21:00+00:00,30028.26498587168,30032.29215485097,30025.603045619304,30027.884282567113,413
1980-11-27 01:21:00+00:00,30029.106721910317,30039.17903564598,30017.821730181422,30029.347604343984,344
1980-12-02 01:21:00+00:00,30030.98614308289,30035.595822119925,30019.23060460301,30031.495082514855,614
1980-12-07 01:21:00+00:00,30030.96447963293,30038.512259059764,30017.289002261365,30030.977554302674,787
1980-12-12 01:21:00+00:00,30031.927412881585,30036.884844200416,30017.858380520192,30030.767758471662,770
1980-12-17 01:21:00+00:00,30030.628470501368,30031.56691083665,30029.044412455052,30030.306304963047,296
1980-12-22 01:21:00+00:00,30028.93954929338,30043.1845289095,30014.40288911148,30029.219862272617,165
1980-12-27 01:21:00+00:00,30028.56030884179,30040.52216106662,30025.597841410046,30026.579593983977,497
1981-01-01 01:21:00+00:00,30029.254114463678,30040.936785729722,30019.444899231272,30031.26129740141,357
1981-01-06 01:21:00+00:00,30030.349019999296,30039.982757154256,30027.282416833168,30032.723119510294,239
1981-01-11 01:21:00+00:00,30029.3532772838,30048.89972191597,30011.427558362444,30029.745954445883,774
1981-01-16 01:21:00+00:00,30029.467447964962,30033.157528999764,30020.1942867987,30028.99825263105,264
1981-01-21 01:21:00+00:00,30030.624204298587,30038.805257872,30016.883118632766,30029.57086125117,583
1981-01-26 01:21:00+00:00,30028.387991123047,30032.857725853104,30022.926952984402,30027.831023226405,842
1981-01-31 01:21:00+00:00,30027.811943085337,30039.521486646503,30013.61660828499,30028.755108709876,220
1981-02-05 01:21:00+00:00,30028.469151861682,30029.718002883958,30024.41616819794,30029.262398778996,738
1981-02-10 01:21:00+00:00,30026.9037409945,30032.475618608627,30014.87355455325,30028.874791011604,464
1981-02-15 01:21:00+00:00,30027.263057411485,30029.051527759195,30007.645917869046,30028.09061426407,405
1981-02-20 01:21:00+00:00,30028.380552389644,30040.653097112136,30013.922788288433,30030.323366039127,844
1981-02-25 01:21:00+00:00,30028.069851753677,30028.170896305728,30023.403312648737,30026.962954927636,357
1981-03-02 01:21:00+00:00,30027.681108576333,30046.4036128996,30022.870121712756,30025.679021249565,953
1981-03-07 01:21:00+00:00,30027.40803602097,30044.489837324676,30015.322917968508,30028.011216583633,770
1981-03-12 01:21:00+00:00,30028.620212132384,30036.539072599076,30020.774409716072,30027.3208605884,162
1981-03-17 01:21:00+00:00,30027.810238716058,30039.208128416027,30022.32292139196,30029.072096349784,521
1981-03-22 01:21:00+00:00,30027.874762401123,30041.989547560126,30008.787214348435,30027.48739298047,153
1981-03-27 01:21:00+00:00,30027.905032149585,30039.99134714708,30027.89955600919,30028.95885278829,815
1981-04-01 01:21:00+00:00,30028.658566875107,30033.186125830787,30010.828101695424,30027.154878402773,897
1981-04-06 01:21:00+00:00,30026.007372226755,30032.43018656808,30015.870895863885,30027.15575211276,864
1981-04-11 01:21:00+00:00,30025.548999589813,30034.659886222416,30013.950957078494,30026.733867044877,772
1981-04-16 01:21:00+00:00,30025.92964408502,30038.94939278437,30015.213566472146,30024.659478817735,689
1981-04-21 01:21:00+00:00,30026.820440269687,30027.979577512084,30008.206456966745,30026.650027073658,123
1981-04-26 01:21:00+00:00,30025.943634787443,30039.087890310595,30009.762907338725,30026.678088501896,575
1981-05-01 01:21:00+00:00,30026.399348193452,30026.655210186604,30021.671045657324,30026.783353925122,575
1981-05-06 01:21:00+00:00,30024.867174016694,30027.195162539552,30014.167620139713,30024.276681013096,845
1981-05-11 01:21:00+00:00,30024.65463361701,30027.740998737623,30014.29744920612,30024.999338571273,527
1981-05-16 01:21:00+00:00,30024.709319985915,30038.578723465824,30022.260742559156,30025.7623289306,894
1981-05-21 01:21:00+00:00,30024.764017544334,30025.157685510632,30018.142242419835,30023.808157857144,367
1981-05-26 01:21:00+00:00,30025.174364323517,30034.55093346584,30006.608090033253,30026.380249720885,876
1981-05-31 01:21:00+00:00,30026.19264185418,30030.589005582675,30011.660594801,30026.554391672846,500
1981-06-05 01:21:00+00:00,30025.93572915466,30028.38272331025,30009.533941237478,30026.171793172518,775
1981-06-10 01:21:00+00:00,30027.91126310357,30033.825181670036,30025.29173523899,30029.824422199956,159
1981-06-15 01:21:00+00:00,30028.150481107008,30042.12059121186,30026.868064548085,30028.76414984869,891
1981-06-20 01:21:00+00:00,30028.70656629269,30047.19332547951,30012.527881447288,30028.354502575723,596
1981-06-25 01:21:00+00:00,30026.697193604497,30031.141383651026,30015.37706674193,30028.025715466298,540
1981-06-30 01:21:00+00:00,30027.45515649618,30038.010827401085,30022.159908613972,30024.7787184567,163
1981-07-05 01:21:00+00:00,30028.118786419756,30044.443447666188,30017.143970047997,30027.456411835752,868
1981-07-10 01:21:00+00:00,30028.03321378676,30030.35520659272,30016.35525471705,30028.469409522128,392
1981-07-15 01:21:00+00:00,30027.41931481052,30039.124993136113,30012.83623562672,30025.699451187644,228
1981-07-20 01:21:00+00:00,30026.70442952104,30031.024547934718,30014.974323234335,30026.900177126452,860
1981-07-25 01:21:00+00:00,30027.001613426768,30038.008169437144,30025.601677121755,30025.90721490075,636
1981-07-30 01:21:00+00:00,30025.109091862785,30026.749098712335,30019.75200257062,30026.246274207813,229
1981-08-04 01:21:00+00:00,30025.801613710184,30039.93789395408,30019.86108042941,30023.96738134474,909
1981-08-09 01:21:00+00:00,30027.857265858227,30042.202654996032,30016.101142753127,30029.338241230475,219
1981-08-14 01:21:00+00:00,30028.426083428323,30044.26950295573,30019.96145014755,30026.946987005544,383
1981-08-19 01:21:00+00:00,30028.97565074158,30039.4853537609,30024.606544615333,30027.84097730945,662
1981-08-24 01:21:00+00:00,30029.194788542394,30029.842494563054,30014.55902745812,30027.41236430415,496
1981-08-29 01:21:00+00:00,30028.804499705362,30036.30297260547,30015.089870745833,30029.078639466286,787
1981-09-03 01:21:00+00:00,30029.139036937664,30037.562211992798,30022.384397471655,30029.446922290896,708
1981-09-08 01:21:00+00:00,30029.467363935608,30048.96029295834,30018.918480768178,30029.270645603596,575
1981-09-13 01:21:00+00:00,30028.801368931883,30043.404473065886,30010.378450778917,30029.640379386154,860
1981-09-18 01:21:00+00:00,30029.130563614584,30032.684179369822,30028.05275566764,30030.08828748301,651
1981-09-23 01:21:00+00:00,30028.169385403955,30045.283714226392,30015.49212469867,30030.90698385704,373
1981-09-28 01:21:00+00:00,30028.32764554712,30037.01187488342,30013.740780119268,30028.627933085405,154
1981-10-03 01:21:00+00:00,30027.343769724197,30033.190238919593,30020.696202606294,30027.7828467987,608
1981-10-08 01:21:00+00:00,30025.958484030107,30044.23372098248,30017.26028181888,30025.4202455578,993
1981-10-13 01:21:00+00:00,30026.755089458395,30028.21633946849,30024.72210031569,30027.791943606328,148
1981-10-18 01:21:00+00:00,30027.93827150692,30047.887342527134,30026.82311122813,30027.048093414094,798
1981-10-23 01:21:00+00:00,30027.14133636815,30045.262989953844,30022.73132138534,30026.356209835732,957
1981-10-28 01:21:00+00:00,30027.843295093695,30029.835381141504,30019.715064229676,30027.810882311198,947
1981-11-02 01:21:00+00:00,30027.819330935232,30040.085891817438,30026.092246739987,30028.318847746097,271
1981-11-07 01:21:00+00:00,30027.771335141984,30045.328449398105,30008.578660682244,30027.536143912377,774
1981-11-12 01:21:00+00:00,30027.54101932499,30037.04459147328,30017.088576966755,30026.378790414296,595
1981-11-17 01:21:00+00:00,30026.944304076394,30035.780934608847,30025.077055943108,30024.704700992508,216
1981-11-22 01:21:00+00:00,30025.844538154335,30029.335150229443,30014.311319727145,30026.950787679853,222
1981-11-27 01:21:00+00:00,30026.030840459116,30035.25921842255,30023.56777224689,30025.1406925888,992
1981-12-02 01:21:00+00:00,30025.939329846842,30033.40558816671,30019.726539059862,30025.90461288084,591
1981-12-07 01:21:00+00:00,30026.431976005162,30030.771793803735,30014.539454710022,30026.576533834595,488
1981-12-12 01:21:00+00:00,30026.417545347587,30041.69635228614,30020.8800240766,30026.27240850409,467
1981-12-17 01:21:00+00:00,30026.89208552396,30034.430223216477,30025.647332840213,30026.813178573906,918
1981-12-22 01:21:00+00:00,30027.6203201237,30043.677654173945,30024.112096983437,30027.26294915901,724
1981-12-27 01:21:00+00:00,30026.669689801656,30039.004015258193,30025.653871249247,30028.247711821652,545
1982-01-01 01:21:00+00:00,30026.485440845558,30039.466892821485,30022.512770958874,30027.411509723755,941
1982-01-06 01:21:00+00:00,30025.040529238082,30041.2308849065,30009.39695154601,30025.56696799384,499
1982-01-11 01:21:00+00:00,30023.703969469207,30034.402999057642,30004.527701230363,30024.415048443054,686
1982-01-16 01:21:00+00:00,30024.452968985766,30034.465278800606,30007.33485730381,30025.746109222375,355
1982-01-21 01:21:00+00:00,30026.28819670662,30030.24029297746,30014.482414556052,30025.82938421359,866
1982-01-26 01:21:00+00:00,30026.48063156093,30036.023649644634,30019.170005656404,30025.968916390422,345
1982-01-31 01:21:00+00:00,30025.132253979114,30034.30821845518,30011.033510688834,30024.21110826002,107
1982-02-05 01:21:00+00:00,30026.011712197884,30026.162381526403,30008.591227723377,30026.443538220752,132
1982-02-10 01:21:00+00:00,30024.916188120937,30043.529817281298,30009.187815643105,30024.855902477124,859
1982-02-15 01:21:00+00:00,30024.354339915622,30034.76623654402,30014.008632854628,30025.116088713217,853
1982-02-20 01:21:00+00:00,30024.626575492628,30044.59345925568,30016.32813863159,30024.93602888519,486
1982-02-25 01:21:00+00:00,30026.158360589867,30044.20727118708,30021.437288820955,30025.632547403722,878
1982-03-02 01:21:00+00:00,30025.061286818553,30036.466447553583,30022.225866617682,30025.61983782874,526
1982-03-07 01:21:00+00:00,30024.81299979803,30028.32220298129,30012.371719686915,30024.881623306494,258
1982-03-12 01:21:00+00:00,30024.762687228183,30034.147826738434,30017.850981941512,30024.628139357075,151
1982-03-17 01:21:00+00:00,30025.409068240497,30027.36146132147,30009.042499290405,30025.09521626574,412
1982-03-22 01:21:00+00:00,30026.386081772816,30028.479979015905,30008.14801952996,30027.484886060687,757
1982-03-27 01:21:00+00:00,30026.899119610865,30028.37077000124,30025.979081611735,30027.566275836314,242
1982-04-01 01:21:00+00:00,30028.745018865582,30029.152446586053,30027.94805188929,30029.283399382726,803
1982-04-06 01:21:00+00:00,30029.0529895151,30039.796242646287,30011.6728913516,30029.682172334396,950
1982-04-11 01:21:00+00:00,30031.130968993475,30043.604118383468,30021.663147177012,30031.826126931122,534
1982-04-16 01:21:00+00:00,30032.21284029089,30044.622373994665,30016.748449248156,30032.968676839388,201
1982-04-21 01:21:00+00:00,30032.2102015002,30035.78528875591,30016.60184737742,30032.91910177141,693
1982-04-26 01:21:00+00:00,30031.461403208858,30039.143143424135,30028.885150704464,30032.75960146136,294
1982-05-01 01:21:00+00:00,30032.613509499253,30037.134547558213,30027.29766149749,30032.754330101263,499
1982-05-06 01:21:00+00:00,30033.139871636846,30035.47667419704,30028.487419545345,30033.160019121322,482
1982-05-11 01:21:00+00:00,30033.155872773703,30053.100458334782,30020.8089300729,30033.90707864272,260
1982-05-16 01:21:00+00:00,30031.810322053883,30049.619444343738,30024.101572098065,30032.73701001375,891
1982-05-21 01:21:00+00:00,30031.871007486006,30046.03413720511,30023.456383907844,30032.5338983826,707
1982-05-26 01:21:00+00:00,30030.05337260237,30038.77320516836,30017.752212939256,30029.773288064258,994
1982-05-31 01:21:00+00:00,30030.807705370145,30044.954630093565,30018.345387954916,30030.986593145848,116
1982-06-05 01:21:00+00:00,30028.973375074784,30039.502208838145,30024.112289958754,30029.358911291045,958
1982-06-10 01:21:00+00:00,30028.89572629695,30032.623160826075,30025.553926543165,30029.103274636618,122
1982-06-15 01:21:00+00:00,30028.37036195446,30029.438658764466,30019.156864424294,30026.51407524018,633
1982-06-20 01:21:00+00:00,30028.493459659763,30037.679192343356,30013.051074735915,30027.684973092826,882
1982-06-25 01:21:00+00:00,30028.01763641821,30047.29722975775,30023.248228664197,30027.34503905309,155
1982-06-30 01:21:00+00:00,30029.678103432885,30043.73622293943,30018.92659431861,30030.40055706875,770
1982-07-05 01:21:00+00:00,30029.639291829695,30047.53097033537,30026.77580352242,30029.992929851378,836
1982-07-10 01:21:00+00:00,30030.212893418302,30031.461147899638,30010.329398931917,30029.8727178384,737
1982-07-15 01:21:00+00:00,30031.174861490646,30050.96424765941,30021.89116932112,30031.614332914225,880
1982-07-20 01:21:00+00:00,30031.375098480978,30035.702613208152,30018.916314402828,30032.60645388773,132
1982-07-25 01:21:00+00:00,30032.447645783082,30047.66515292429,30021.880317832933,30033.64841882968,838
1982-07-30 01:21:00+00:00,30032.468082935018,30051.5768158467,30031.09889575454,30032.97347039511,205
1982-08-04 01:21:00+00:00,30034.299720322797,30046.67848866481,30020.745015560817,30035.26534912264,757
1982-08-09 01:21:00+00:00,30033.99037591214,30050.170720270704,30019.998009403997,30033.964584303212,642
1982-08-14 01:21:00+00:00,30033.947422501664,30039.77067234615,30023.51521980025,30034.498327311034,476
1982-08-19 01:21:00+00:00,30034.789991130154,30048.744266242,30034.03749012591,30036.31338072915,974
1982-08-24 01:21:00+00:00,30033.91323899589,30041.094442123904,30022.40828899421,30033.062018945693,110
1982-08-29 01:21:00+00:00,30033.101330741385,30049.34969854057,30025.558106930534,30033.288422304424,223
1982-09-03 01:21:00+00:00,30034.58371067923,30046.44442261935,30029.897443607388,30035.661796693057,143
1982-09-08 01:21:00+00:00,30033.9575741998,30038.493468240424,30033.2628173695,30032.759877140667,339
1982-09-13 01:21:00+00:00,30035.22942938976,30038.41016832005,30018.750982976533,30035.117412211286,762
1982-09-18 01:21:00+00:00,30035.223478726497,30037.65484063622,30029.496553974623,30034.30663599952,701
1982-09-23 01:21:00+00:00,30037.60176207953,30051.841068865277,30027.113116695884,30036.62851089274,471
1982-09-28 01:21:00+00:00,30038.049377791816,30058.02106532478,30033.67302648649,30039.30339747002,272
1982-10-03 01:21:00+00:00,30037.773816665012,30056.280944452512,30020.244109315627,30037.565289036113,446
1982-10-08 01:21:00+00:00,30037.613114534866,30056.418301962527,30019.136640775345,30037.796279939947,161
1982-10-13 01:21:00+00:00,30037.54807524053,30041.397869628767,30029.77616891533,30038.440752262333,119
1982-10-18 01:21:00+00:00,30035.923654519116,30054.45295228695,30023.064295969685,30035.824597040064,809
1982-10-23 01:21:00+00:00,30035.201212182405,30037.394067758352,30031.773441177036,30035.60326744508,954
1982-10-28 01:21:00+00:00,30035.943509386987,30043.901522616707,30030.411560727232,30035.2939748337,163
1982-11-02 01:21:00+00:00,30036.351319212827,30051.180735922364,30031.27426413808,30036.005176654784,932
1982-11-07 01:21:00+00:00,30036.356661468,30048.591083053394,30016.89834625593,30035.194062280058,246
1982-11-12 01:21:00+00:00,30036.227918702218,30054.097203278747,30027.50573192411,30036.36027518291,256
1982-11-17 01:21:00+00:00,30035.973245276862,30047.741924849237,30030.92781809392,30036.49576210373,261
1982-11-22 01:21:00+00:00,30036.512208572705,30055.069073210027,30019.144046178546,30036.877500204795,793
1982-11-27 01:21:00+00:00,30035.806163995592,30054.777251051106,30031.423719055794,30036.70387746031,672
1982-12-02 01:21:00+00:00,30034.710119670595,30049.828445952393,30030.926210211524,30034.55819232083,131
1982-12-07 01:21:00+00:00,30036.02849645191,30054.4553418907,30034.77556530298,30036.174646534706,516
1982-12-12 01:21:00+00:00,30037.621116881674,30042.07659231295,30021.50669807084,30038.89436945887,293
1982-12-17 01:21:00+00:00,30036.908780242746,30052.383898223507,30029.26569288777,30036.129970728714,775
1982-12-22 01:21:00+00:00,30035.945659854453,30041.44355144698,30030.684668684215,30035.015186461325,999
1982-12-27 01:21:00+00:00,30035.630715756437,30050.91126164972,30024.698607493563,30037.682944349843,398
1983-01-01 01:21:00+00:00,30036.136424398665,30047.47456379568,30018.455360797834,30035.467262747818,270
1983-01-06 01:21:00+00:00,30036.42944933419,30049.42023288718,30033.847627620897,30036.65381795306,772
1983-01-11 01:21:00+00:00,30035.839345223492,30054.06742259381,30025.85210139743,30035.551890513907,331
1983-01-16 01:21:00+00:00,30034.934305019036,30035.158981304663,30026.791669142003,30034.656905052958,811
1983-01-21 01:21:00+00:00,30033.006084177356,30045.96948315518,30028.488171767345,30033.072843530033,519
1983-01-26 01:21:00+00:00,30032.560395633598,30037.793517772454,30015.12061043505,30032.824205838395,503
1983-01-31 01:21:00+00:00,30032.85079828858,30035.813176864292,30021.506974702254,30033.279436479366,227
1983-02-05 01:21:00+00:00,30032.156464452375,30032.339515578697,30026.89945775101,30032.37016959925,153
1983-02-10 01:21:00+00:00,30030.436708856378,30048.29173935978,30010.64130916498,30028.63156774086,821
1983-02-15 01:21:00+00:00,30029.9545520904,30036.18848821089,30011.1210285347,30030.14552451144,625
1983-02-20 01:21:00+00:00,30030.10440202173,30044.533168350506,30013.00802060133,30030.910851551158,348
1983-02-25 01:21:00+00:00,30031.662674967516,30042.04636978052,30027.879894043366,30031.018725158392,828
1983-03-02 01:21:00+00:00,30030.650692442752,30050.529222019406,30012.297032452894,30030.370590643703,246
1983-03-07 01:21:00+00:00,30030.52035988189,30046.024425171003,30027.373890851395,30031.215119756063,248
1983-03-12 01:21:00+00:00,30030.37560548337,30034.852022390216,30028.472157138705,30030.8073115136,747
1983-03-17 01:21:00+00:00,30030.482027443188,30049.690224859187,30028.909022329295,30030.088754608187,568
1983-03-22 01:21:00+00:00,30030.16542577544,30032.504059804825,30021.301770660102,30030.616849125126,755
1983-03-27 01:21:00+00:00,30030.75299650463,30048.01434579313,30011.406069363733,30030.401470836725,667
1983-04-01 01:21:00+00:00,30029.49255662707,30029.9092635047,30015.828507852737,30030.225276535202,563
1983-04-06 01:21:00+00:00,30029.794995711112,30049.343305255174,30018.980817752672,30030.506432984916,832
1983-04-11 01:21:00+00:00,30029.652390995845,30032.835154869128,30023.10920523372,30028.904542452343,625
1983-04-16 01:21:00+00:00,30030.433710143665,30045.652714395543,30024.987362957425,30031.476060284174,265
1983-04-21 01:21:00+00:00,30029.801923404983,30033.028875971253,30011.652615359475,30029.58139523836,639
1983-04-26 01:21:00+00:00,30030.943756435012,30033.447168736573,30018.265243059304,30031.916941824446,829
1983-05-01 01:21:00+00:00,30031.240613692935,30037.33110581245,30022.133520624095,30030.70703683265,297
1983-05-06 01:21:00+00:00,30030.585571026888,30038.34466484278,30022.04013557323,30031.079696118304,543
1983-05-11 01:21:00+00:00,30028.011296428023,30028.680033621346,30014.989219857518,30026.869282739168,849
1983-05-16 01:21:00+00:00,30028.86164844258,30040.59509345056,30022.222348574996,30029.317599443442,960
1983-05-21 01:21:00+00:00,30027.576453872858,30035.444250141532,30026.973572761195,30026.671810040832,839
1983-05-26 01:21:00+00:00,30027.549851013962,30028.18191654093,30022.376120436526,30027.64370721873,495
1983-05-31 01:21:00+00:00,30026.384736589996,30044.91708106007,30019.633636382237,30025.356966446645,689
1983-06-05 01:21:00+00:00,30025.028135434553,30042.51781206108,30016.743196348765,30026.150311658963,605
1983-06-10 01:21:00+00:00,30025.261470169302,30044.020075786,30022.245100104545,30025.89889105235,496
1983-06-15 01:21:00+00:00,30023.82609119644,30031.240616571435,30003.864509066778,30022.931753278404,825
1983-06-20 01:21:00+00:00,30023.00281013167,30038.14768215727,30014.34440477474,30022.926040970524,516
1983-06-25 01:21:00+00:00,30022.113803192893,30037.691780923375,30017.85447895046,30023.20936505782,639
1983-06-30 01:21:00+00:00,30022.157650012563,30038.607630315753,30018.497932603772,30021.986298828095,585
1983-07-05 01:21:00+00:00,30021.502683600625,30036.439893101244,30010.052817403513,30021.11923628229,302
1983-07-10 01:21:00+00:00,30023.13158342197,30029.23383620142,30011.176319950006,30023.802664169438,931
1983-07-15 01:21:00+00:00,30024.204440211128,30029.42180653193,30016.24849134989,30024.040765884656,866
1983-07-20 01:21:00+00:00,30024.29105965216,30041.807731071913,30006.674730382758,30024.39168279495,323
1983-07-25 01:21:00+00:00,30022.791763478912,30033.04547480887,30019.42431737299,30022.807778260736,578
1983-07-30 01:21:00+00:00,30022.08497825525,30024.96635540477,30020.45695127555,30022.602086530354,355
1983-08-04 01:21:00+00:00,30022.44340515218,30036.605331853258,30018.957969342464,30022.838809645807,525
1983-08-09 01:21:00+00:00,30023.10225895971,30031.44052668192,30016.60160650466,30023.14131258843,638
1983-08-14 01:21:00+00:00,30023.664559460038,30039.379307052368,30012.182272576993,30024.966160305954,179
1983-08-19 01:21:00+00:00,30023.145196426678,30030.07129185514,30022.953773856654,30021.865433813255,234
1983-08-24 01:21:00+00:00,30022.041597162854,30027.060909855067,30007.896531136714,30022.18361081493,664
1983-08-29 01:21:00+00:00,30021.2076532436,30023.38417777314,30003.860292596426,30021.09736075323,901
1983-09-03 01:21:00+00:00,30022.53281423083,30031.55017756101,30006.571281804372,30024.38263105895,754
1983-09-08 01:21:00+00:00,30020.713435566315,30022.711958931544,30006.87663530202,30020.80486520552,849
1983-09-13 01:21:00+00:00,30020.479368213095,30033.027576281656,30009.982855789494,30020.5201091914,793
1983-09-18 01:21:00+00:00,30021.140392492107,30031.041777092658,30005.900647850605,30020.954074798192,853
1983-09-23 01:21:00+00:00,30020.872620836948,30025.322839804878,30006.017033625805,30021.304413240163,348
1983-09-28 01:21:00+00:00,30021.165980480142,30026.57585024379,30019.532410522523,30023.52223188964,942
1983-10-03 01:21:00+00:00,30020.208249024727,30023.83282110038,30002.984961717564,30021.001123480248,822
1983-10-08 01:21:00+00:00,30020.102248602445,30034.809057977047,30017.168595116334,30020.170317650536,719
1983-10-13 01:21:00+00:00,30019.21184632683,30025.529143820502,30017.698843245642,30017.755059063937,451
1983-10-18 01:21:00+00:00,30020.250781270075,30036.11095865283,30001.094802487638,30020.610749045733,100
1983-10-23 01:21:00+00:00,30021.41511679545,30040.70756868993,30011.00825964476,30020.530012874748,332
1983-10-28 01:21:00+00:00,30020.186712500163,30023.660256913783,30010.756602465495,30019.17247485462,678
1983-11-02 01:21:00+00:00,30020.270692713322,30034.730723371616,30004.339719291624,30020.365669831303,744
1983-11-07 01:21:00+00:00,30021.724827591108,30030.639139978117,30017.935916357295,30022.287253774914,565
1983-11-12 01:21:00+00:00,30021.713538352808,30040.143220439437,30012.932257497505,30021.143027394304,338
1983-11-17 01:21:00+00:00,30022.50076629768,30038.194697775354,30010.74466228146,30022.86460771945,237
1983-11-22 01:21:00+00:00,30022.967677023233,30041.990088425933,30006.76502754264,30022.880518501686,245
1983-11-27 01:21:00+00:00,30021.367204202506,30038.09442904516,30007.135603007424,30021.026067154693,359
1983-12-02 01:21:00+00:00,30019.86088016731,30025.524619916498,30003.31627884366,30019.567662036105,672
1983-12-07 01:21:00+00:00,30022.367109025676,30024.312140401627,30002.9031821061,30022.907141127675,841
1983-12-12 01:21:00+00:00,30021.91912987552,30029.92125739237,30007.688449044155,30022.525811559488,113
1983-12-17 01:21:00+00:00,30022.539535028252,30036.494747183406,30008.965230408678,30022.77334275108,823
1983-12-22 01:21:00+00:00,30021.600914730014,30036.15065409057,30017.383960440136,30019.853837009356,105
1983-12-27 01:21:00+00:00,30020.31963551281,30036.82613475298,30010.393520590256,30019.317589025748,253
1984-01-01 01:21:00+00:00,30019.682760721957,30020.618512225334,30008.85969639331,30019.978622225095,373
1984-01-06 01:21:00+00:00,30019.56843088642,30027.210622738738,30008.149274415802,30020.883669577634,710
1984-01-11 01:21:00+00:00,30019.31023497194,30025.89904733594,30018.878835518895,30018.764448323105,396
1984-01-16 01:21:00+00:00,30019.432271380392,30029.924875252138,30016.651628348307,30019.502184949866,975
1984-01-21 01:21:00+00:00,30019.838927824203,30038.778664123667,30014.13967085336,30021.31444147388,713
1984-01-26 01:21:00+00:00,30020.871797815736,30022.593692887687,30019.928920344875,30022.84939249635,431
1984-01-31 01:21:00+00:00,30022.069941067322,30030.424730234867,30008.471369288964,30021.674044271676,819
1984-02-05 01:21:00+00:00,30020.970879407676,30026.057311483,30009.97988953634,30022.006271757287,502
1984-02-10 01:21:00+00:00,30021.808475339145,30038.19236128931,30015.02462657565,30021.79467288374,525
1984-02-15 01:21:00+00:00,30022.738941667263,30032.779081972785,30021.320228728564,30024.22891897107,109
1984-02-20 01:21:00+00:00,30023.58519787425,30034.237231208725,30004.04489140492,30024.314236914262,833
1984-02-25 01:21:00+00:00,30023.437711472227,30035.498964940958,30006.611896871582,30022.480463672,323
1984-03-01 01:21:00+00:00,30023.55139622369,30038.757720258724,30015.88239229509,30024.78629995819,498
1984-03-06 01:21:00+00:00,30023.600895345608,30035.277643923768,30016.31476209929,30023.058299315722,695
1984-03-11 01:21:00+00:00,30023.538908508173,30036.634075038848,30018.846638571267,30023.086908098812,851
1984-03-16 01:21:00+00:00,30023.892467806952,30027.88005612467,30008.47779149952,30023.040709535846,416
1984-03-21 01:21:00+00:00,30023.246860551142,30025.691452712712,30021.412442022585,30023.90470017118,145
1984-03-26 01:21:00+00:00,30022.425883535314,30028.4576574059,30008.534128334613,30021.822938775993,155
1984-03-31 01:21:00+00:00,30022.77839177661,30025.358512464805,30008.34624543592,30021.51419614743,741
1984-04-05 01:21:00+00:00,30022.551566412738,30035.09213448591,30012.08219307305,30021.940931867648,706
1984-04-10 01:21:00+00:00,30022.760492654186,30033.090427499475,30002.994741525887,30023.336243857684,697
1984-04-15 01:21:00+00:00,30024.315435767556,30032.7875615425,30022.784076134867,30025.61884512772,311
1984-04-20 01:21:00+00:00,30025.318077999545,30044.524575713025,30016.979185454078,30024.673816797684,759
1984-04-25 01:21:00+00:00,30024.211233932856,30036.29198927728,30021.50150100479,30024.08719256167,819
1984-04-30 01:21:00+00:00,30025.073691673286,30041.648529636746,30015.51179278504,30026.47051343962,571
1984-05-05 01:21:00+00:00,30024.932572033875,30026.75564672253,30019.623323617925,30024.524932302986,103
1984-05-10 01:21:00+00:00,30026.718974262953,30030.29405939481,30022.46375358272,30026.39536247413,852
1984-05-15 01:21:00+00:00,30028.271787612248,30031.50296817342,30017.683097547,30027.09920590081,309
1984-05-20 01:21:00+00:00,30026.871157489044,30033.295220109656,30017.84676794201,30025.61397672971,354
1984-05-25 01:21:00+00:00,30026.80792376235,30046.129228101283,30019.569500818256,30025.4892501755,312
1984-05-30 01:21:00+00:00,30025.992982937023,30033.764826187893,30024.37960779428,30024.835747429413,687
1984-06-04 01:21:00+00:00,30025.219709001143,30040.27183487229,30024.108281045985,30024.443685443788,988
1984-06-09 01:21:00+00:00,30023.671771892627,30025.701479472256,30010.68182305564,30024.119130281426,290
1984-06-14 01:21:00+00:00,30022.509768111668,30041.090154891066,30002.653233644804,30022.611857397318,368
1984-06-19 01:21:00+00:00,30022.48870481886,30030.083620941805,30021.00821137186,30022.46840683523,176
1984-06-24 01:21:00+00:00,30021.73260019061,30025.18462794002,30004.028153668965,30021.912633849483,729
1984-06-29 01:21:00+00:00,30021.561745172257,30038.47194031824,30006.397325598464,30020.581536205296,406
1984-07-04 01:21:00+00:00,30023.2699278903,30026.218210324354,30008.09069592111,30020.70154367,807
1984-07-09 01:21:00+00:00,30022.38438562798,30029.08264165092,30004.21707830555,30021.589837216954,433
1984-07-14 01:21:00+00:00,30020.57336119354,30024.69936950554,30012.368272966363,30020.99456534442,395
1984-07-19 01:21:00+00:00,30021.714831573292,30034.360688109915,30007.91541125935,30021.00127264704,931
1984-07-24 01:21:00+00:00,30020.825159066146,30027.222412329796,30002.44305845424,30021.82277801635,516
1984-07-29 01:21:00+00:00,30019.433119859015,30020.30282900146,30009.109897068225,30018.888908436846,945
1984-08-03 01:21:00+00:00,30017.94885994762,30037.443195795884,30012.73551101472,30018.314169022553,284
1984-08-08 01:21:00+00:00,30017.327536279176,30036.421821462667,30014.074432728015,30015.021764017867,664
1984-08-13 01:21:00+00:00,30016.16238224544,30033.195598818424,30012.47119082999,30015.685769764033,348
1984-08-18 01:21:00+00:00,30016.899068290393,30020.820005677277,29997.54464126085,30016.537335556408,985
1984-08-23 01:21:00+00:00,30018.234024243353,30019.474156338903,30011.850456086246,30019.434072789267,232
1984-08-28 01:21:00+00:00,30016.99717502699,30035.887480203444,30004.487930478113,30015.9369756792,674
1984-09-02 01:21:00+00:00,30016.39207454049,30025.330085265152,29997.618230960008,30015.724739631107,285
1984-09-07 01:21:00+00:00,30015.92771479486,30029.564712375606,30011.689765236413,30017.011397654132,620
1984-09-12 01:21:00+00:00,30015.311831257717,30029.959128150706,30008.41231782696,30015.316031043,962
1984-09-17 01:21:00+00:00,30013.86085964219,30023.92765912639,30013.7775974206,30013.614231067135,361
1984-09-22 01:21:00+00:00,30012.315455990843,30023.256796072765,30004.454082660915,30013.101417658545,266
1984-09-27 01:21:00+00:00,30012.6734273626,30014.765991187796,30011.197996227052,30010.28870202407,527
1984-10-02 01:21:00+00:00,30013.376596592494,30017.88445178649,30012.188805085705,30010.854157950416,578
1984-10-07 01:21:00+00:00,30014.89946483665,30031.28557061202,29997.413151878103,30015.329164500625,480
1984-10-12 01:21:00+00:00,30015.65182538304,30015.99277287213,30010.148662699572,30014.725033341805,382
1984-10-17 01:21:00+00:00,30014.920446566604,30033.203224495825,30000.314621589438,30016.263031368653,317
1984-10-22 01:21:00+00:00,30014.91053143847,30031.94262346634,30003.94252331501,30013.876480154133,730
1984-10-27 01:21:00+00:00,30014.5337613188,30022.95838281134,29997.97618250835,30013.307570184224,339
1984-11-01 01:21:00+00:00,30014.884931995944,30029.27122114262,30011.023897805557,30015.616335080475,997
1984-11-06 01:21:00+00:00,30014.61330690119,30018.58665415321,29999.623193497722,30014.966642773477,981
1984-11-11 01:21:00+00:00,30015.03995026556,30033.07436731141,29998.555308646177,30014.01245725073,123
1984-11-16 01:21:00+00:00,30016.06650370357,30019.481393235747,30012.70689320031,30016.14315197619,254
1984-11-21 01:21:00+00:00,30014.563979985916,30031.50461209108,30003.185649034913,30015.766492861585,165
1984-11-26 01:21:00+00:00,30014.547791271936,30020.124854348098,30004.59420963457,30015.338297299622,930
1984-12-01 01:21:00+00:00,30013.97862238713,30021.25927876253,30008.766292929584,30014.502945256776,999
1984-12-06 01:21:00+00:00,30016.25228494969,30035.794732675728,30013.904256785896,30015.73951082345,692
1984-12-11 01:21:00+00:00,30015.49487288271,30022.0375665664,30011.211865807592,30014.412499400256,211
1984-12-16 01:21:00+00:00,30016.99799775661,30022.67971200326,30000.900640785563,30017.78845243304,785
1984-12-21 01:21:00+00:00,30017.143418398253,30020.66199482133,30002.915179586595,30015.298025575248,710
1984-12-26 01:21:00+00:00,30018.373442039087,30020.130404724634,30017.425698242303,30017.336194211668,845
1984-12-31 01:21:00+00:00,30016.928567082265,30030.935628481628,30016.514218578777,30014.415335725036,675
1985-01-05 01:21:00+00:00,30017.661929793732,30027.94403077288,30008.094637065293,30017.71760497312,537
1985-01-10 01:21:00+00:00,30016.27533449422,30020.638621281232,30010.614611070876,30016.780922169113,469
1985-01-15 01:21:00+00:00,30015.30333323588,30021.345977243334,30004.6620788039,30015.280623231432,170
1985-01-20 01:21:00+00:00,30015.633734334275,30034.13029553197,30002.507905806084,30016.249106922707,146
1985-01-25 01:21:00+00:00,30016.117526806975,30035.919789888325,30006.20699611958,30016.31158234007,532
1985-01-30 01:21:00+00:00,30015.33431348921,30017.57348507407,29997.52142926076,30015.23510185347,655
1985-02-04 01:21:00+00:00,30014.964413306658,30023.540046538248,29999.57148637495,30013.436086482503,937
1985-02-09 01:21:00+00:00,30013.324602212433,30020.73778636225,30000.344239241775,30013.677484290678,685
1985-02-14 01:21:00+00:00,30014.414399715555,30022.449021245637,30009.720861626112,30014.35606331865,651
1985-02-19 01:21:00+00:00,30013.507932063014,30033.103078324642,29999.806406976237,30013.132387257076,310
1985-02-24 01:21:00+00:00,30013.896198935694,30023.536519830428,30012.255594493963,30014.05677186173,481
1985-03-01 01:21:00+00:00,30013.19743999196,30029.168966220892,30010.355258730655,30012.03523571329,660
1985-03-06 01:21:00+00:00,30012.710472986022,30027.073409394157,30001.692657638134,30012.330393649707,347
1985-03-11 01:21:00+00:00,30012.01999745291,30028.306573400103,30004.99085957846,30011.83440513121,780
1985-03-16 01:21:00+00:00,30013.718866549778,30021.688200407123,30006.708005767796,30013.3109280218,438
1985-03-21 01:21:00+00:00,30014.57535149454,30034.42897220373,30012.587410900072,30014.771072555694,388
1985-03-26 01:21:00+00:00,30015.408272679717,30025.377215243614,30013.26040392832,30014.814028766137,431
1985-03-31 01:21:00+00:00,30015.44345436139,30026.165733195405,30000.03136968545,30014.9778703026,940
1985-04-05 01:21:00+00:00,30015.576630541662,30031.809872082074,30013.61698907385,30014.18687961366,336
1985-04-10 01:21:00+00:00,30013.308006901858,30021.836653453884,29994.824125633233,30013.23137006202,413
1985-04-15 01:21:00+00:00,30013.594913482466,30025.458158111225,30008.87933467837,30014.046110252726,102
1985-04-20 01:21:00+00:00,30012.499376864314,30017.011538253573,30010.6280394332,30012.94837107745,284
1985-04-25 01:21:00+00:00,30012.245961436824,30024.686192042125,30001.854150227147,30013.016009683084,238
1985-04-30 01:21:00+00:00,30011.193810879588,30020.025973603944,29993.46282483168,30010.229620586695,320
1985-05-05 01:21:00+00:00,30011.868486369276,30017.277436258853,29992.643519848247,30012.94060183459,786
1985-05-10 01:21:00+00:00,30013.421258365983,30029.02257350485,29999.621263830548,30013.594997231834,323
1985-05-15 01:21:00+00:00,30012.489053738325,30018.964676622003,30002.402620389345,30013.581383984347,816
1985-05-20 01:21:00+00:00,30011.306808783866,30021.94917902971,29991.528595755954,30011.427057646393,712
1985-05-25 01:21:00+00:00,30010.900548462232,30024.543083183264,30002.821432890625,30011.631032100722,519
1985-05-30 01:21:00+00:00,30010.13403884488,30014.74843251845,30008.369156123135,30008.66709983186,887
1985-06-04 01:21:00+00:00,30009.88534087417,30020.898978179368,30009.82130043106,30008.946323369815,277
1985-06-09 01:21:00+00:00,30010.196722710425,30021.148621959208,30009.37362449011,30010.846998878405,757
1985-06-14 01:21:00+00:00,30009.89712466964,30027.51684232189,29990.12750235715,30010.34406183206,309
1985-06-19 01:21:00+00:00,30009.99085162936,30025.87581217648,29993.9974990223,30010.604278489864,838
1985-06-24 01:21:00+00:00,30010.764170963284,30025.70738457765,30002.25464858881,30011.452466242514,523
1985-06-29 01:21:00+00:00,30010.56446465497,30017.148198373387,29993.83838300209,30010.90143469025,983
1985-07-04 01:21:00+00:00,30010.957991165356,30012.172278280646,30009.53299079737,30011.374487563102,609
1985-07-09 01:21:00+00:00,30011.06462011867,30026.66954312009,30005.976270959596,30010.577231894476,322
1985-07-14 01:21:00+00:00,30012.707743281895,30016.620975893293,29999.141666779018,30012.993137586524,205
1985-07-19 01:21:00+00:00,30013.431226174056,30023.096943622233,30012.20958636466,30013.293552290972,641
1985-07-24 01:21:00+00:00,30014.803153457862,30023.39531414509,29999.45082123736,30016.202069103143,950
1985-07-29 01:21:00+00:00,30014.17408440989,30028.944265603444,30010.28202052618,30015.26586753015,353
1985-08-03 01:21:00+00:00,30015.1064590899,30031.845315376424,30002.332214341437,30015.825876787796,487
1985-08-08 01:21:00+00:00,30015.860448316253,30025.331506809656,29998.298234471997,30016.44674314723,750
1985-08-13 01:21:00+00:00,30015.99872529921,30023.72514448632,29996.167444109597,30015.435241853742,672
1985-08-18 01:21:00+00:00,30017.452722180242,30023.15538650669,30003.63071427866,30018.6761107913,214
1985-08-23 01:21:00+00:00,30017.90963680925,30019.9477202062,30014.797126840367,30018.252240656722,345
1985-08-28 01:21:00+00:00,30017.368937711733,30017.93780750737,30006.701260016995,30018.921102394102,669
1985-09-02 01:21:00+00:00,30018.23891604497,30034.14874631501,29998.962645886928,30017.008166968393,849
1985-09-07 01:21:00+00:00,30018.39020014544,30025.481017751383,30005.098183315462,30017.133108621245,332
1985-09-12 01:21:00+00:00,30016.025100328978,30026.203782370805,29999.810951202828,30015.48758077635,967
1985-09-17 01:21:00+00:00,30016.364166576783,30024.125577019746,29999.761149772938,30016.83556562332,154
1985-09-22 01:21:00+00:00,30016.186408748017,30022.509938923355,30003.245470764898,30017.34348309505,394
1985-09-27 01:21:00+00:00,30014.048196402102,30025.121018245052,29998.030199946388,30014.441187390385,587
1985-10-02 01:21:00+00:00,30014.685937211452,30020.830496260143,30006.63754106955,30014.187683469678,781
1985-10-07 01:21:00+00:00,30014.759884153056,30028.864359207557,29996.948819304376,30012.737664931105,669
1985-10-12 01:21:00+00:00,30015.101870540868,30032.978375095834,30007.245131512143,30015.9190002969,641
1985-10-17 01:21:00+00:00,30014.89300153982,30027.682537997403,30001.766170153267,30015.88705816233,901
1985-10-22 01:21:00+00:00,30014.269808176912,30020.604550840486,30007.600149488015,30014.867064224676,410
1985-10-27 01:21:00+00:00,30014.06013694227,30030.859930051283,30000.676209178902,30015.701497089478,123
1985-11-01 01:21:00+00:00,30012.767733901554,30027.37819733852,29996.51352241063,30012.019798586403,533
1985-11-06 01:21:00+00:00,30013.215469204366,30016.75232967404,29995.412891087006,30012.562388710394,155
1985-11-11 01:21:00+00:00,30014.39169796743,30027.998693276855,30012.77768909044,30015.37457240058,996
1985-11-16 01:21:00+00:00,30015.265098175594,30027.820722679175,30002.85328079064,30016.006013227587,990
1985-11-21 01:21:00+00:00,30014.579505787846,30019.308752642606,29998.894730080217,30014.518968275665,506
1985-11-26 01:21:00+00:00,30012.121432535758,30014.14009388586,30008.882961271487,30012.655632677906,698
1985-12-01 01:21:00+00:00,30012.03097852165,30018.611686163968,30010.50480240547,30011.78753244622,916
1985-12-06 01:21:00+00:00,30011.461545014947,30019.95242164164,29995.674567498132,30011.80109055494,963
1985-12-11 01:21:00+00:00,30012.67896833165,30013.64205983722,30004.39900616259,30013.906559022947,830
1985-12-16 01:21:00+00:00,30013.743052266105,30019.566880263534,29998.230935701144,30013.620819031155,823
1985-12-21 01:21:00+00:00,30012.89173244853,30028.315476163716,30002.72576287143,30013.103349130586,595
1985-12-26 01:21:00+00:00,30015.326964467513,30022.524775903938,30000.53114908766,30016.225652970163,218
1985-12-31 01:21:00+00:00,30015.932149048997,30025.869662823556,30003.713452830692,30014.816459496727,306
1986-01-05 01:21:00+00:00,30016.128539868027,30027.702665761928,30005.239412681032,30015.985884793055,530
1986-01-10 01:21:00+00:00,30015.856779188525,30019.978853786066,30011.065148539616,30015.11689345679,343
1986-01-15 01:21:00+00:00,30015.88705582851,30034.936935345253,30009.477775236188,30016.011725103646,785
1986-01-20 01:21:00+00:00,30016.399038670792,30029.00749762326,30001.16323231252,30017.04365152317,884
1986-01-25 01:21:00+00:00,30017.4536982141,30021.818591853284,30013.680838080403,30017.92356325499,605
1986-01-30 01:21:00+00:00,30017.819226291118,30019.327898334486,30010.0569493281,30017.87990061979,454
1986-02-04 01:21:00+00:00,30017.652834584223,30024.455888921944,30012.522417085635,30017.58851935906,938
1986-02-09 01:21:00+00:00,30017.938415431985,30023.087512316273,30013.311478294803,30018.456177224234,543
1986-02-14 01:21:00+00:00,30017.695556081577,30030.055515999495,30014.59899363633,30017.78008495284,604
1986-02-19 01:21:00+00:00,30019.686994157368,30030.237616277478,30013.21110593485,30020.100503397458,494
1986-02-24 01:21:00+00:00,30019.4038678638,30023.803751280473,30000.110376868808,30019.574163221976,788
1986-03-01 01:21:00+00:00,30018.954686843925,30031.065358806583,30004.776294715113,30019.58323022277,973
1986-03-06 01:21:00+00:00,30019.0666738354,30023.75825346139,30002.23825828951,30017.235902058874,764
1986-03-11 01:21:00+00:00,30019.680440656302,30021.92228165405,30000.491171441296,30021.084846351525,258
1986-03-16 01:21:00+00:00,30019.54111377818,30029.40535160683,30006.866632837562,30019.977929587847,316
1986-03-21 01:21:00+00:00,30018.674526840427,30035.942379199343,30007.1945692446,30017.9034094082,538
1986-03-26 01:21:00+00:00,30018.357157543793,30024.06773358886,30003.28353302881,30017.514705113023,204
1986-03-31 01:21:00+00:00,30020.337198253288,30035.368523359266,30008.11866473136,30019.888982354532,947
1986-04-05 01:21:00+00:00,30020.49792591137,30021.636025112282,30004.548795212977,30020.2707950753,939
1986-04-10 01:21:00+00:00,30019.529110229152,30034.333156649693,30014.554550284738,30019.59062664593,417
1986-04-15 01:21:00+00:00,30019.50154322089,30027.258810453342,30003.413356527588,30018.667499807885,732
1986-04-20 01:21:00+00:00,30018.51554160034,30019.304289953405,30006.39137039811,30019.12171050939,477
1986-04-25 01:21:00+00:00,30017.23038763007,30030.86991310753,30000.304438835094,30017.069635120806,530
1986-04-30 01:21:00+00:00,30016.66688986891,30031.64305238061,30002.093366868394,30017.288855010418,688
1986-05-05 01:21:00+00:00,30018.072274380138,30036.31778921992,30001.2447370866,30018.314709297574,612
1986-05-10 01:21:00+00:00,30017.50673420417,30036.59084269882,30012.886166515294,30017.444757865087,205
1986-05-15 01:21:00+00:00,30018.585716837115,30031.7471633684,30008.555954965756,30018.208692627988,515
1986-05-20 01:21:00+00:00,30019.56864533099,30021.264639917365,30008.271165446044,30020.239551525057,784
1986-05-25 01:21:00+00:00,30019.222367020364,30031.032741897245,30002.621767004453,30019.852814949183,865
1986-05-30 01:21:00+00:00,30018.043581264454,30031.480755654848,30015.23431727325,30017.407549506694,794
1986-06-04 01:21:00+00:00,30017.415510475606,30029.022403813266,30005.851054078074,30016.83972982278,514
1986-06-09 01:21:00+00:00,30017.33337560412,30030.60575650425,30014.962838221923,30018.949555144143,362
1986-06-14 01:21:00+00:00,30016.05385085578,30016.15432647685,30006.93685682635,30015.573384490068,571
1986-06-19 01:21:00+00:00,30018.089857086994,30025.472817184975,30006.496298704715,30018.901654202553,115
1986-06-24 01:21:00+00:00,30019.45935741036,30019.73207528291,30019.103576569625,30020.085790999045,994
1986-06-29 01:21:00+00:00,30020.59680245031,30039.555291159922,30007.29695607349,30022.34969498716,779
1986-07-04 01:21:00+00:00,30020.873632803265,30040.51775254016,30011.147523982436,30020.739960548613,237
1986-07-09 01:21:00+00:00,30019.403834437086,30024.827017981654,30018.861584038194,30018.120038794827,879
1986-07-14 01:21:00+00:00,30020.17682864441,30025.44068560247,30009.81598925445,30021.654221528584,179
1986-07-19 01:21:00+00:00,30016.950104218067,30028.488150297973,30000.386655728453,30016.06194844693,536
1986-07-24 01:21:00+00:00,30016.62588786653,30031.205760751745,30007.495248257466,30017.065139169023,396
1986-07-29 01:21:00+00:00,30015.29432150228,30033.60199594364,30008.846917699164,30016.18772731024,355
1986-08-03 01:21:00+00:00,30016.868907319735,30034.383101121723,30008.14669504385,30016.9262257672,208
1986-08-08 01:21:00+00:00,30017.784833140377,30018.356246542564,30004.28424346201,30016.62669149386,641
1986-08-13 01:21:00+00:00,30016.013878429236,30020.37661486472,30015.811192139285,30013.987895018563,214
1986-08-18 01:21:00+00:00,30015.222494329668,30023.045340631958,30002.97865899836,30015.695001575572,962
1986-08-23 01:21:00+00:00,30015.014096318086,30030.394256121614,30011.358076165187,30013.8439395393,361
1986-08-28 01:21:00+00:00,30014.291119278536,30025.26323059196,29995.16688005335,30012.872370931214,893
1986-09-02 01:21:00+00:00,30013.860287632793,30027.747343934294,30002.60341312615,30013.60909216724,682
1986-09-07 01:21:00+00:00,30012.25870006869,30026.70958926999,30005.90120769401,30012.040290401706,876
1986-09-12 01:21:00+00:00,30014.217953725336,30025.269810936887,30006.73139498231,30015.04925163694,777
1986-09-17 01:21:00+00:00,30013.371700863845,30020.338704123056,30010.896768931285,30013.192285897825,537
1986-09-22 01:21:00+00:00,30014.07225029902,30015.77172778187,30003.113152949976,30013.54733819348,967
1986-09-27 01:21:00+00:00,30013.52883267978,30013.918150593858,30006.860147278254,30014.71821449764,592
1986-10-02 01:21:00+00:00,30013.928472680534,30030.660103673403,30010.370164187214,30014.53284301816,984
1986-10-07 01:21:00+00:00,30014.25675425783,30016.401329748653,30000.558529024172,30013.88038386862,756
1986-10-12 01:21:00+00:00,30013.977640358597,30024.13578124518,30001.380229208204,30013.22713150212,725
1986-10-17 01:21:00+00:00,30014.498089280216,30033.736051478427,29997.617200174467,30015.215311318392,868
1986-10-22 01:21:00+00:00,30015.691655476163,30031.269869283504,30004.014717743445,30013.784287490656,175
1986-10-27 01:21:00+00:00,30018.57568467285,30023.96310755332,30009.744615067884,30020.00609492025,248
1986-11-01 01:21:00+00:00,30018.53521845799,30036.675300590814,30012.952820977276,30018.258215404254,318
1986-11-06 01:21:00+00:00,30018.44501233678,30037.15506409625,30006.608189805745,30018.950942290583,925
1986-11-11 01:21:00+00:00,30019.544017043336,30021.773481516117,30003.571714632515,30021.606158377053,680
1986-11-16 01:21:00+00:00,30021.501946179396,30032.85802498265,30009.1946048664,30022.202125850603,804
1986-11-21 01:21:00+00:00,30022.04679503538,30028.96037710116,30002.394127488893,30021.28535642106,735
1986-11-26 01:21:00+00:00,30022.48561461333,30026.883650996435,30010.73988549197,30023.12930730177,926
1986-12-01 01:21:00+00:00,30022.053002342724,30040.417411993618,30006.232738100796,30022.75876530101,907
1986-12-06 01:21:00+00:00,30022.41867089862,30040.88644501082,30019.788606037946,30022.902170931775,697
1986-12-11 01:21:00+00:00,30022.41528222125,30041.604861647727,30020.711502001897,30022.530986244346,895
1986-12-16 01:21:00+00:00,30023.073474612593,30031.66757720809,30016.089686990672,30023.06719976339,151
1986-12-21 01:21:00+00:00,30023.273887979452,30042.972031653975,30008.67603888437,30024.0646294286,563
1986-12-26 01:21:00+00:00,30022.030297965553,30024.66633447994,30008.296913876813,30020.894389476583,430
1986-12-31 01:21:00+00:00,30022.534495727286,30031.61212753856,30003.532284343513,30023.22056614542,460
1987-01-05 01:21:00+00:00,30021.64372252859,30036.7592356893,30007.06167637303,30020.87186810411,868
1987-01-10 01:21:00+00:00,30022.2063450081,30036.016697401494,30016.364194315272,30021.413732191722,537
1987-01-15 01:21:00+00:00,30023.30791032358,30028.72463979319,30005.211116286006,30023.2505855285,675
1987-01-20 01:21:00+00:00,30023.738958049566,30032.616639241238,30013.249213122264,30024.600177565775,524
1987-01-25 01:21:00+00:00,30025.263990977135,30032.877738733485,30009.40454583629,30025.29948194267,265
1987-01-30 01:21:00+00:00,30024.59151626959,30042.978661335386,30017.155675906502,30024.23738436825,479
1987-02-04 01:21:00+00:00,30024.98367371852,30033.55700653398,30008.601713366505,30025.928606246558,334
1987-02-09 01:21:00+00:00,30023.16775591462,30024.20653932227,30003.49962269612,30024.04099774043,859
1987-02-14 01:21:00+00:00,30021.02122310974,30027.175153508186,30007.441363413705,30020.713513004557,303
1987-02-19 01:21:00+00:00,30019.931314158715,30039.795731940743,30001.647365028068,30018.61309114098,102
1987-02-24 01:21:00+00:00,30019.04864583429,30029.65704040088,30011.442186415035,30018.37053081408,737
1987-03-01 01:21:00+00:00,30018.812968116672,30034.17735293764,30018.6714219614,30019.599398631937,971
1987-03-06 01:21:00+00:00,30017.054069349728,30036.428966375315,30007.261045745432,30016.747590597588,532
1987-03-11 01:21:00+00:00,30016.779067238786,30026.12054508707,30016.501850424615,30016.08424443034,473
1987-03-16 01:21:00+00:00,30015.94967944034,30029.749942310897,30010.134140039307,30016.743503270194,568
1987-03-21 01:21:00+00:00,30016.937490087275,30020.135872714447,30007.558512934327,30017.541229366347,246
1987-03-26 01:21:00+00:00,30017.615319997487,30028.961289278584,30016.118205421437,30016.362961098657,275
1987-03-31 01:21:00+00:00,30015.930323392116,30033.45203870561,30011.081669233507,30016.259616771,386
1987-04-05 01:21:00+00:00,30017.745199940757,30027.09301227484,30014.46224153717,30017.633859721223,652
1987-04-10 01:21:00+00:00,30018.997566179452,30028.31583649311,30015.085920671754,30020.015464313263,739
1987-04-15 01:21:00+00:00,30018.03212455901,30037.57293159788,30016.681939168797,30018.957789331835,574
1987-04-20 01:21:00+00:00,30018.503564217728,30018.84053006029,30010.86559518454,30019.286113254726,268
1987-04-25 01:21:00+00:00,30017.769126703144,30031.114524698507,30000.136888287056,30019.556040185213,426
1987-04-30 01:21:00+00:00,30018.622966961528,30020.908773048486,30012.054705771847,30017.65361000677,725
1987-05-05 01:21:00+00:00,30019.560213244644,30027.951913803685,30015.266752265874,30019.249077242122,708
1987-05-10 01:21:00+00:00,30017.94354639458,30025.930835643838,30002.509023569084,30016.64436289125,567
1987-05-15 01:21:00+00:00,30016.15882487358,30032.889464320695,30001.199093696407,30016.087804161572,838
1987-05-20 01:21:00+00:00,30017.084564178283,30020.449161817556,30007.094057478695,30016.762822115466,747
1987-05-25 01:21:00+00:00,30017.663933530534,30023.339534070143,30017.1015136553,30017.18306816351,799
1987-05-30 01:21:00+00:00,30018.008448821056,30036.818283551504,30011.89967728442,30017.37429082536,840
1987-06-04 01:21:00+00:00,30017.117083889723,30024.90209157348,30008.694822106027,30017.37406833529,733
1987-06-09 01:21:00+00:00,30017.087571448497,30021.105115549482,30014.944236468415,30018.81374995545,171
1987-06-14 01:21:00+00:00,30019.248619805618,30027.023932453627,30008.28045247426,30017.869992904478,294
1987-06-19 01:21:00+00:00,30017.030275206736,30029.81128659805,30003.645312612967,30017.01734944406,690
1987-06-24 01:21:00+00:00,30016.93903211754,30032.612902948826,30007.110540547605,30017.26820527192,649
1987-06-29 01:21:00+00:00,30020.180239949503,30031.62395434992,30005.829115554632,30021.201437313164,393
1987-07-04 01:21:00+00:00,30019.38410420899,30019.981297069804,30005.006671513518,30019.08602210978,928
1987-07-09 01:21:00+00:00,30020.565017156223,30029.07579993985,30017.85409465697,30020.4060454755,381
1987-07-14 01:21:00+00:00,30022.923570297306,30027.415534037937,30007.547669458545,30022.33019966551,692
1987-07-19 01:21:00+00:00,30022.791472434634,30025.310987534504,30018.63406164103,30022.78181301698,483
1987-07-24 01:21:00+00:00,30022.832043801354,30023.367543978435,30021.572851527257,30022.96564776206,282
1987-07-29 01:21:00+00:00,30020.808461924,30021.30525216344,30020.2092111666,30021.305137722666,560
1987-08-03 01:21:00+00:00,30021.778652698376,30037.829334634192,30006.804531561454,30024.12397959636,544
1987-08-08 01:21:00+00:00,30023.393079230995,30033.3427460798,30007.072097529024,30022.2829886559,909
1987-08-13 01:21:00+00:00,30024.756909296008,30042.977156369503,30022.729708589515,30025.704567436554,443
1987-08-18 01:21:00+00:00,30025.638684322774,30028.82499772762,30008.011292803105,30024.744587279238,977
1987-08-23 01:21:00+00:00,30023.862009293272,30029.477165146134,30004.64127927559,30024.195682319372,996
1987-08-28 01:21:00+00:00,30022.95484552947,30035.580613091333,30019.183243896565,30023.550516906027,110
1987-09-02 01:21:00+00:00,30023.72526743796,30028.29274837631,30015.69305048691,30022.906108527033,297
1987-09-07 01:21:00+00:00,30022.23084805961,30039.16154618282,30005.692718705912,30022.132524040528,326
1987-09-12 01:21:00+00:00,30022.367289077385,30040.79966399392,30003.55514489772,30021.2525880639,140
1987-09-17 01:21:00+00:00,30023.04579837443,30036.53855827193,30013.104362637452,30023.436044047205,914
1987-09-22 01:21:00+00:00,30021.61299938973,30025.69237002696,30014.533475258835,30022.96578191512,808
1987-09-27 01:21:00+00:00,30020.82790317668,30031.824633862838,30001.01134410688,30021.943257913714,720
1987-10-02 01:21:00+00:00,30021.28873308043,30040.908348967223,30015.16679150419,30022.032515955496,196
1987-10-07 01:21:00+00:00,30020.873550682292,30038.04889015144,30016.375649800106,30021.16895847894,908
1987-10-12 01:21:00+00:00,30022.095461661294,30036.73483521696,30019.077487918836,30022.751914236287,498
1987-10-17 01:21:00+00:00,30023.991617983138,30028.737477901843,30006.722056561888,30023.581347474203,684
1987-10-22 01:21:00+00:00,30023.692237220763,30023.96523157504,30019.46528738731,30022.983038320654,681
1987-10-27 01:21:00+00:00,30023.54369741411,30037.749187620782,30017.4252494809,30024.614088937888,631
1987-11-01 01:21:00+00:00,30024.787385487994,30034.604092005655,30019.78107820223,30025.01923806185,959
1987-11-06 01:21:00+00:00,30024.763808638312,30044.468327169012,30009.48029318577,30023.638415274552,818
1987-11-11 01:21:00+00:00,30023.170996423825,30038.708172318045,30015.73114974033,30020.58006696597,257
1987-11-16 01:21:00+00:00,30023.859686269414,30030.85374823307,30017.036738749237,30022.007387295613,303
1987-11-21 01:21:00+00:00,30024.256623620968,30032.692330842467,30007.24680278029,30026.877706793453,754
1987-11-26 01:21:00+00:00,30024.217201730098,30035.83949082447,30012.930684822946,30025.04816084197,973
1987-12-01 01:21:00+00:00,30023.02026494902,30023.457711921634,30005.505931987966,30023.745960339307,130
1987-12-06 01:21:00+00:00,30023.082199815646,30033.64824967342,30004.690736135628,30024.54327240032,854
1987-12-11 01:21:00+00:00,30022.640075000854,30023.141366395885,30010.369564656525,30023.449985358795,346
1987-12-16 01:21:00+00:00,30023.260842004092,30037.35794822772,30016.15033979737,30022.36903982132,358
1987-12-21 01:21:00+00:00,30024.581508357576,30037.159842732908,30017.03814416485,30024.169222908688,190
1987-12-26 01:21:00+00:00,30024.815979767875,30034.077566065444,30020.874220846905,30024.234431892837,154
1987-12-31 01:21:00+00:00,30025.359350698887,30038.855746461482,30010.773916922768,30024.681649794402,538
1988-01-05 01:21:00+00:00,30025.250760287236,30042.708893296276,30006.016624536074,30023.35458160709,305
1988-01-10 01:21:00+00:00,30026.219647418176,30033.427518184497,30013.96596629108,30027.161139242722,469
1988-01-15 01:21:00+00:00,30026.48946158199,30043.631201967386,30011.801487667493,30027.158393894315,729
1988-01-20 01:21:00+00:00,30027.442459380836,30033.392626090175,30018.093261892594,30026.992756489697,777
1988-01-25 01:21:00+00:00,30028.262113821285,30034.843862153946,30015.533258849333,30028.201888887816,286
1988-01-30 01:21:00+00:00,30028.61926061478,30029.735909174942,30025.8348151485,30029.93981681495,221
1988-02-04 01:21:00+00:00,30028.807511248167,30041.697927466146,30026.735043470293,30027.69655655665,301
1988-02-09 01:21:00+00:00,30028.40977655436,30040.07630269157,30022.47131701719,30027.658481151066,828
1988-02-14 01:21:00+00:00,30027.991262593074,30047.38016455747,30022.907201647336,30028.001049713257,878
1988-02-19 01:21:00+00:00,30028.83132875712,30042.470815123157,30019.166978114958,30027.31019861083,295
1988-02-24 01:21:00+00:00,30028.904142748404,30036.923538713745,30015.099375459962,30029.77183015956,168
1988-02-29 01:21:00+00:00,30028.205644991824,30035.390447444086,30012.395140798795,30028.704775779748,988
1988-03-05 01:21:00+00:00,30028.987225139932,30031.727440222643,30020.905986620546,30031.25196135515,870
1988-03-10 01:21:00+00:00,30030.691113250537,30049.472388602524,30020.372752118827,30032.297302876097,982
1988-03-15 01:21:00+00:00,30028.824562610982,30043.02356571376,30010.953211612694,30028.53937599526,692
1988-03-20 01:21:00+00:00,30029.7250269253,30042.14358360228,30024.23481617519,30030.348980342744,913
1988-03-25 01:21:00+00:00,30029.76020769135,30046.003930945255,30026.691153804968,30028.733108944598,853
1988-03-30 01:21:00+00:00,30029.420102111475,30038.113975196415,30015.386493573642,30028.24577214489,454
1988-04-04 01:21:00+00:00,30028.80353192963,30037.917788517527,30010.513145925084,30027.492303073526,862
1988-04-09 01:21:00+00:00,30029.794824476005,30031.55560271863,30013.28374929594,30030.341413698417,206
1988-04-14 01:21:00+00:00,30029.706296211305,30042.19852929598,30022.951882446916,30029.95458096004,263
1988-04-19 01:21:00+00:00,30028.15529059144,30031.849030541183,30026.27627921076,30029.944380003162,243
1988-04-24 01:21:00+00:00,30028.810464476202,30039.280805161965,30023.20082475984,30029.184261048016,347
1988-04-29 01:21:00+00:00,30028.810875274306,30044.89339849566,30010.933552333867,30026.967264302886,543
1988-05-04 01:21:00+00:00,30027.959358840246,30046.39442145951,30017.621305921646,30028.192958862313,954
1988-05-09 01:21:00+00:00,30027.749555370763,30039.11371302799,30015.86406302045,30027.64019006175,904
1988-05-14 01:21:00+00:00,30027.05989786584,30039.914955534554,30017.875527186625,30026.417979350004,228
1988-05-19 01:21:00+00:00,30027.780374859183,30033.34249212383,30013.576975835025,30026.10647298877,808
1988-05-24 01:21:00+00:00,30026.57794420881,30044.594750056196,30018.824533251256,30028.21430214859,133
1988-05-29 01:21:00+00:00,30026.239184457092,30038.952759205116,30014.107945078104,30024.99092293907,304
1988-06-03 01:21:00+00:00,30027.489304709678,30041.075715148636,30009.14743149011,30027.584524129303,249
1988-06-08 01:21:00+00:00,30028.993860488063,30035.790910859883,30028.808168411662,30028.724421031708,769
1988-06-13 01:21:00+00:00,30028.111968025383,30041.976746653032,30026.42528194058,30027.986260200956,630
1988-06-18 01:21:00+00:00,30028.600391262375,30035.099310482194,30011.6817438264,30026.361995751242,259
1988-06-23 01:21:00+00:00,30027.577635317226,30035.702033529466,30025.453116450448,30028.372614671567,985
1988-06-28 01:21:00+00:00,30027.490310017052,30032.36189606193,30026.35772617948,30027.59332042737,479
1988-07-03 01:21:00+00:00,30027.151837192094,30035.43394103674,30019.311907714276,30027.50405381765,990
1988-07-08 01:21:00+00:00,30028.458378020037,30036.233617017715,30024.06152496756,30027.70611789502,283
1988-07-13 01:21:00+00:00,30029.06928633107,30029.623144675646,30021.792947831444,30028.687115755758,739
1988-07-18 01:21:00+00:00,30030.106645381646,30037.164369468486,30011.279849161114,30029.31133920807,202
1988-07-23 01:21:00+00:00,30029.21526268979,30041.750144799105,30028.33933946149,30028.074486008743,845
1988-07-28 01:21:00+00:00,30030.210484453586,30034.888384617323,30023.175464823384,30029.40136807481,117
1988-08-02 01:21:00+00:00,30029.725989812778,30040.415472367742,30013.465480654795,30031.17919802063,131
1988-08-07 01:21:00+00:00,30028.99406271031,30046.782737280482,30013.65860973866,30028.684397755584,881
1988-08-12 01:21:00+00:00,30027.92399552523,30039.450906481703,30012.9542510367,30028.575525888922,939
1988-08-17 01:21:00+00:00,30028.01167431957,30033.27083455674,30012.337070334754,30026.379807678622,831
1988-08-22 01:21:00+00:00,30027.99313528931,30031.014646756135,30022.535922159776,30028.276169499044,156
1988-08-27 01:21:00+00:00,30029.58992586089,30039.723551382733,30017.862748629672,30030.99275602942,486
1988-09-01 01:21:00+00:00,30030.399652486292,30040.121444594057,30016.841522990555,30030.771280694637,631
1988-09-06 01:21:00+00:00,30029.583201701815,30041.945191251045,30025.81174502528,30029.524130682294,306
1988-09-11 01:21:00+00:00,30028.665971127222,30047.482983205646,30024.325741666053,30029.039203142675,206
1988-09-16 01:21:00+00:00,30029.090880407555,30040.701962507857,30023.43414023623,30027.87405472984,995
1988-09-21 01:21:00+00:00,30029.629027847004,30035.99195058154,30021.908666807503,30028.710960573306,346
1988-09-26 01:21:00+00:00,30029.161216051056,30035.90883226608,30013.862104028394,30029.826799279348,305
1988-10-01 01:21:00+00:00,30029.496952364607,30036.56506767644,30018.446619576524,30029.600658080744,259
1988-10-06 01:21:00+00:00,30030.91195511462,30048.927769742037,30026.813678073744,30032.310717352328,102
1988-10-11 01:21:00+00:00,30031.966594467358,30039.46651998952,30017.41699720516,30031.803650001923,869
1988-10-16 01:21:00+00:00,30030.686135402262,30048.428706434293,30023.851552489334,30031.602437564943,543
1988-10-21 01:21:00+00:00,30031.012904328316,30047.93538829348,30011.881491863332,30030.655351581674,596
1988-10-26 01:21:00+00:00,30030.033001257623,30036.69010904765,30013.67870861563,30030.103326396795,663
1988-10-31 01:21:00+00:00,30030.41637621619,30036.260227957086,30017.470014415645,30029.86201168325,100
1988-11-05 01:21:00+00:00,30031.50750193869,30039.467368392492,30016.349981642557,30032.092298795367,463
1988-11-10 01:21:00+00:00,30032.28764955069,30047.882698672405,30024.15812787365,30031.93151653876,819
1988-11-15 01:21:00+00:00,30032.625275643164,30037.760575429715,30025.80827440227,30032.341349815724,497
1988-11-20 01:21:00+00:00,30032.44872921301,30033.052514502095,30032.193144566223,30032.808606712762,297
1988-11-25 01:21:00+00:00,30032.29468645883,30044.209459740632,30017.83535727936,30031.7667720189,321
1988-11-30 01:21:00+00:00,30030.931299362033,30036.764394602473,30017.64567662588,30032.888537845614,500
1988-12-05 01:21:00+00:00,30031.929754871475,30036.264109242093,30020.34580618195,30031.259224801874,727
1988-12-10 01:21:00+00:00,30030.94554266892,30046.437796646125,30022.97440285048,30032.5590347793,182
1988-12-15 01:21:00+00:00,30031.002828184017,30033.781798909647,30029.41061205767,30030.834118431365,866
1988-12-20 01:21:00+00:00,30031.23697457849,30038.497815551887,30011.61386374285,30032.610340324696,144
1988-12-25 01:21:00+00:00,30030.00275824918,30043.757442322392,30028.398154493912,30029.42024768249,468
1988-12-30 01:21:00+00:00,30031.080613876347,30037.155268304206,30021.68026765465,30032.909453850218,674
1989-01-04 01:21:00+00:00,30029.650074914036,30049.59152903243,30025.34495526307,30028.869786589406,924
1989-01-09 01:21:00+00:00,30029.746283678774,30038.341313165798,30023.643850367687,30028.40773396264,689
1989-01-14 01:21:00+00:00,30029.76119390873,30048.98178852217,30014.95987199255,30027.637599021884,326
1989-01-19 01:21:00+00:00,30028.338075103733,30036.507900313765,30011.35411829701,30028.11727507637,940
1989-01-24 01:21:00+00:00,30028.190886129407,30030.576553991898,30009.628687808843,30029.09320009678,208
1989-01-29 01:21:00+00:00,30027.619426950703,30035.878979701207,30026.074220414423,30027.72987347599,960
1989-02-03 01:21:00+00:00,30026.317699662057,30045.615213262303,30014.277973933098,30026.740235854115,575
1989-02-08 01:21:00+00:00,30026.175286986323,30033.987073127842,30010.50101961394,30025.635379808227,971
1989-02-13 01:21:00+00:00,30024.77989179062,30040.761705474473,30018.351109126896,30024.829284727126,372
1989-02-18 01:21:00+00:00,30024.39389848779,30044.27446154725,30022.353124177753,30025.29034880282,427
1989-02-23 01:21:00+00:00,30025.774955140532,30025.81730145462,30020.858461375214,30026.249947379583,341
1989-02-28 01:21:00+00:00,30024.81193857134,30031.76124636938,30006.321367602715,30025.1768080508,116
1989-03-05 01:21:00+00:00,30024.776410891835,30030.499966486583,30024.339129591557,30025.94589104992,374
1989-03-10 01:21:00+00:00,30025.629480493553,30032.10410376556,30008.187054655154,30025.283722034717,394
1989-03-15 01:21:00+00:00,30026.67347963062,30034.077815736724,30024.886468995257,30027.72066998653,975
1989-03-20 01:21:00+00:00,30026.835750816226,30036.752124846866,30012.79222209691,30027.107805747364,360
1989-03-25 01:21:00+00:00,30025.95804287623,30033.013282824584,30010.497107053492,30026.1256956048,176
1989-03-30 01:21:00+00:00,30025.374282706965,30037.896469665582,30007.737820079437,30027.00413582819,548
1989-04-04 01:21:00+00:00,30025.792468007574,30036.085761647304,30007.96170378446,30025.754987020988,523
1989-04-09 01:21:00+00:00,30024.851129630002,30027.234736822043,30021.212793194052,30025.582144965898,664
1989-04-14 01:21:00+00:00,30025.562048542844,30037.141256618554,30011.967537341476,30027.10750564433,948
1989-04-19 01:21:00+00:00,30024.87171896431,30035.566850455467,30021.55688408529,30026.23258929448,108
1989-04-24 01:21:00+00:00,30024.97750449423,30025.83813619693,30017.82587500869,30024.270276549065,189
1989-04-29 01:21:00+00:00,30025.956685827405,30031.428594273344,30019.563478493816,30026.82808972528,324
1989-05-04 01:21:00+00:00,30028.433892569214,30036.378952580173,30009.71034080567,30028.4664699475,286
1989-05-09 01:21:00+00:00,30029.283692225028,30047.047911632184,30028.93264732872,30030.97848586213,925
1989-05-14 01:21:00+00:00,30028.508646901228,30040.504951636485,30025.981147117735,30028.53793238339,529
1989-05-19 01:21:00+00:00,30027.031409640196,30032.081609659683,30024.37499230589,30026.229086056097,246
1989-05-24 01:21:00+00:00,30025.143368147234,30037.045019346046,30009.37796338013,30025.344612620396,705
1989-05-29 01:21:00+00:00,30025.014660759298,30029.69930711541,30020.236660659913,30024.797657619987,472
1989-06-03 01:21:00+00:00,30026.89206910683,30029.265305418012,30019.416213146927,30025.98990318689,722
1989-06-08 01:21:00+00:00,30026.764364573417,30027.362805747183,30017.55925399923,30027.684705206033,439
1989-06-13 01:21:00+00:00,30026.462416943574,30032.35007085087,30025.322450642238,30028.59838266853,774
1989-06-18 01:21:00+00:00,30027.191072349633,30031.045540798146,30022.309679299782,30028.154032380797,949
1989-06-23 01:21:00+00:00,30027.41932175861,30039.18311285293,30012.926963072052,30027.73041101159,930
1989-06-28 01:21:00+00:00,30029.280925670824,30038.48975404027,30027.023201373304,30031.275259814556,644
1989-07-03 01:21:00+00:00,30028.667948441973,30042.46566482196,30011.276997063054,30028.649376867048,915
1989-07-08 01:21:00+00:00,30030.08123327024,30033.221328540865,30012.130484725847,30031.021934497214,786
1989-07-13 01:21:00+00:00,30030.528444176103,30046.506764721915,30018.063281097333,30030.383150650297,858
1989-07-18 01:21:00+00:00,30030.65363707346,30045.181770946852,30025.433232446238,30030.630444457765,674
1989-07-23 01:21:00+00:00,30029.83080769952,30032.47395651217,30011.198036439364,30029.436790972963,752
1989-07-28 01:21:00+00:00,30029.134451718746,30036.656055881263,30027.699836277123,30028.263473808573,469
1989-08-02 01:21:00+00:00,30028.606604613775,30040.231125891263,30023.975365401653,30030.353821836223,802
1989-08-07 01:21:00+00:00,30027.16709971268,30035.80321535275,30023.54748629109,30025.916420033882,771
1989-08-12 01:21:00+00:00,30025.95200569642,30042.740468889475,30007.648431235793,30026.17065585419,729
1989-08-17 01:21:00+00:00,30025.037253019196,30035.441855131045,30017.67825150953,30024.602704566758,739
1989-08-22 01:21:00+00:00,30025.45244119477,30027.19404639925,30021.56634001934,30025.910359418165,189
1989-08-27 01:21:00+00:00,30025.761334161718,30037.46111139118,30009.878202174103,30028.221763848243,333
1989-09-01 01:21:00+00:00,30027.414679268582,30033.397654200802,30014.405812636265,30028.178629285605,135
1989-09-06 01:21:00+00:00,30026.55370518796,30027.074615005276,30012.73645187046,30027.794711162027,853
1989-09-11 01:21:00+00:00,30026.696171834228,30040.31430421475,30015.702300623743,30026.978972002235,796
1989-09-16 01:21:00+00:00,30027.87821281705,30040.746758349404,30020.118060454977,30026.75654075065,781
1989-09-21 01:21:00+00:00,30028.000201808063,30037.800769321988,30018.57119671988,30027.701807435296,572
1989-09-26 01:21:00+00:00,30027.69898472731,30035.195333260064,30011.2116698264,30027.745217025706,394
1989-10-01 01:21:00+00:00,30026.028022457263,30031.85348393049,30022.728366724456,30027.977723766624,405
1989-10-06 01:21:00+00:00,30025.94626473861,30026.97794391386,30013.528526765574,30027.543750516084,415
1989-10-11 01:21:00+00:00,30026.266765396664,30037.797112740376,30012.960440563216,30026.432637634778,959
1989-10-16 01:21:00+00:00,30026.417296858624,30027.83607309662,30020.249395354196,30028.784489657217,349
1989-10-21 01:21:00+00:00,30027.411627871083,30035.37623117433,30023.279887449913,30029.00210849224,427
1989-10-26 01:21:00+00:00,30027.35015443393,30036.171230615706,30015.56327913122,30027.547871658273,653
1989-10-31 01:21:00+00:00,30027.919353573543,30045.114019314708,30021.66968714545,30029.214591153006,550
1989-11-05 01:21:00+00:00,30027.25447886356,30045.168221408858,30024.436568207944,30027.560648353177,337
1989-11-10 01:21:00+00:00,30024.581949939045,30035.006655396068,30017.98927525837,30025.691464660667,551
1989-11-15 01:21:00+00:00,30025.431158902873,30034.09269482248,30013.624273014837,30024.93127831157,309
1989-11-20 01:21:00+00:00,30026.57392439857,30030.790786712187,30009.59137693839,30025.143706691953,357
1989-11-25 01:21:00+00:00,30025.880726752486,30026.439906222222,30009.782063844854,30026.59034372171,469
1989-11-30 01:21:00+00:00,30026.505661171002,30028.195168518752,30013.21229403055,30026.361936226356,188
1989-12-05 01:21:00+00:00,30027.544877514618,30044.923704881683,30009.52968148813,30027.58641236571,745
1989-12-10 01:21:00+00:00,30028.135501533718,30045.27844480644,30018.75138444659,30028.91862465888,699
1989-12-15 01:21:00+00:00,30027.978666779716,30046.385668420044,30019.099249569306,30027.47412893466,925
1989-12-20 01:21:00+00:00,30028.510240056057,30031.341096306376,30014.86736807677,30028.790020151962,197
1989-12-25 01:21:00+00:00,30027.175700388303,30030.326147769498,30019.47456487443,30028.004430839388,261
1989-12-30 01:21:00+00:00,30025.72284062986,30045.362219086164,30008.3557207053,30026.952424592826,217
1990-01-04 01:21:00+00:00,30025.67438785998,30037.435522188534,30021.420182774327,30026.60506610598,249
1990-01-09 01:21:00+00:00,30026.932581057714,30038.409567162584,30008.653532745942,30026.91218670937,558
1990-01-14 01:21:00+00:00,30026.414818797497,30044.942680277993,30014.644624147564,30027.7809789789,717
1990-01-19 01:21:00+00:00,30028.2093447003,30042.21740194418,30011.497069250156,30028.44491140756,139
1990-01-24 01:21:00+00:00,30028.166297424377,30032.169945047957,30026.531208913715,30029.71860908968,264
1990-01-29 01:21:00+00:00,30027.22499360301,30032.00712787841,30012.794926603106,30028.261052814523,925
1990-02-03 01:21:00+00:00,30026.79917309333,30027.682744084777,30023.39005643157,30027.529110543477,884
1990-02-08 01:21:00+00:00,30026.46579347895,30039.351775277304,30018.870245073096,30024.35294719892,259
1990-02-13 01:21:00+00:00,30026.943700049684,30031.44467123485,30017.333115332185,30026.34565596244,198
1990-02-18 01:21:00+00:00,30028.105777911853,30029.687218722116,30013.95561868868,30028.8688341628,248
1990-02-23 01:21:00+00:00,30028.361281270554,30044.552936861455,30017.883167378626,30028.642859415104,311
1990-02-28 01:21:00+00:00,30028.882553147843,30044.228491435857,30016.65563498669,30027.992725646953,779
1990-03-05 01:21:00+00:00,30029.03089611087,30029.43096089309,30014.58051801485,30030.009391858974,432
1990-03-10 01:21:00+00:00,30029.8927201291,30039.68297814507,30026.60601525935,30029.359087926805,735
1990-03-15 01:21:00+00:00,30029.218648074944,30045.46101120423,30011.449324285426,30028.207657079973,655
1990-03-20 01:21:00+00:00,30030.417931763877,30040.1924536017,30027.97491576191,30029.561903635327,128
1990-03-25 01:21:00+00:00,30031.04136718772,30032.13060440108,30025.799792778827,30029.220834468473,130
1990-03-30 01:21:00+00:00,30031.622150957854,30039.62080880553,30013.595422134254,30030.81302716353,896
1990-04-04 01:21:00+00:00,30031.432360785966,30042.000002940902,30028.163414138344,30030.479352518476,213
1990-04-09 01:21:00+00:00,30032.486035527363,30037.562303750627,30021.448754449353,30033.312893430953,947
1990-04-14 01:21:00+00:00,30031.492444841842,30041.84280931283,30018.57020949421,30032.039861823454,974
1990-04-19 01:21:00+00:00,30031.761928673768,30046.053773223266,30026.141382903,30030.434977198012,449
1990-04-24 01:21:00+00:00,30032.168210105545,30039.306307240044,30019.825872456026,30031.729646856875,505
1990-04-29 01:21:00+00:00,30032.76529949037,30044.65068812391,30029.06082031679,30033.117784734877,421
1990-05-04 01:21:00+00:00,30031.704502848697,30039.751618857856,30027.945627411293,30031.399178817323,731
1990-05-09 01:21:00+00:00,30031.517219246387,30033.169207768187,30013.108776280795,30032.201551494567,297
1990-05-14 01:21:00+00:00,30030.933552353217,30049.697320933647,30028.115078800456,30031.162429313947,364
1990-05-19 01:21:00+00:00,30029.57675397292,30041.275663337143,30012.159490956376,30027.47185334383,273
1990-05-24 01:21:00+00:00,30028.661338171132,30042.807710015426,30022.903461494694,30029.511132188018,765
1990-05-29 01:21:00+00:00,30027.41739650429,30034.397380846116,30014.799268363557,30026.226872113068,704
1990-06-03 01:21:00+00:00,30027.073495276443,30037.333110820866,30013.18804562545,30025.877451876397,625
1990-06-08 01:21:00+00:00,30026.00626737077,30045.389861589403,30006.382409393027,30025.549163087533,994
1990-06-13 01:21:00+00:00,30023.997994950132,30034.55030978357,30011.061922162302,30023.03357457303,445
1990-06-18 01:21:00+00:00,30022.065590819828,30022.617053167145,30021.508502037395,30021.50010516707,522
1990-06-23 01:21:00+00:00,30023.415330094733,30024.381805087913,30019.49603817055,30023.878102434748,690
1990-06-28 01:21:00+00:00,30024.872017992428,30026.344562807768,30023.078318449625,30024.506664318364,872
1990-07-03 01:21:00+00:00,30024.801448477774,30026.428094626786,30006.79113768137,30023.35719211522,778
1990-07-08 01:21:00+00:00,30024.904191697868,30036.963173594944,30013.938879962367,30022.922109777734,780
1990-07-13 01:21:00+00:00,30023.989155802785,30040.548130262116,30017.885871469825,30024.437772796897,919
1990-07-18 01:21:00+00:00,30025.197425590035,30040.397205293582,30010.110669555157,30024.964010588767,116
1990-07-23 01:21:00+00:00,30024.7595174702,30044.239921678527,30012.857267786254,30026.097965748886,821
1990-07-28 01:21:00+00:00,30024.098501383774,30029.311189227443,30015.439960488147,30024.692685751488,604
1990-08-02 01:21:00+00:00,30024.866635419912,30041.609773187225,30017.4527579992,30025.236904233825,365
1990-08-07 01:21:00+00:00,30025.469294880986,30038.641112674588,30014.507960935312,30025.696794549563,177
1990-08-12 01:21:00+00:00,30025.61769271789,30033.367283160962,30009.05181864429,30025.13500891849,794
1990-08-17 01:21:00+00:00,30026.22602090157,30032.75054552068,30007.467537848755,30027.18393126903,576
1990-08-22 01:21:00+00:00,30025.460119361738,30039.23574140702,30023.490640825854,30025.81591260925,335
1990-08-27 01:21:00+00:00,30027.12687708201,30028.23484021509,30026.88673315156,30028.485414653347,958
1990-09-01 01:21:00+00:00,30026.11510917144,30030.44132711098,30007.257469556975,30026.592957015033,932
1990-09-06 01:21:00+00:00,30026.22415759863,30027.57664629856,30022.12495000461,30026.4120301715,528
1990-09-11 01:21:00+00:00,30026.43961513761,30027.867981718417,30008.78146674544,30026.934120902868,866
1990-09-16 01:21:00+00:00,30027.35229599061,30030.23169778516,30022.57695164528,30025.958434592012,877
1990-09-21 01:21:00+00:00,30027.990378100247,30031.291380863455,30019.761031910988,30027.011039379697,980
1990-09-26 01:21:00+00:00,30026.04614887405,30040.912327559417,30013.645710980316,30025.3429913583,568
1990-10-01 01:21:00+00:00,30025.27497404025,30041.55229962723,30023.45892206771,30026.185695973323,323
1990-10-06 01:21:00+00:00,30027.65541947133,30038.467451792716,30016.85805240195,30026.783586558668,732
1990-10-11 01:21:00+00:00,30029.180909587234,30029.386440326158,30023.767377275777,30028.110054537276,462
1990-10-16 01:21:00+00:00,30029.19465374859,30047.4357253172,30019.700689146768,30027.671293691674,612
1990-10-21 01:21:00+00:00,30028.115860220616,30040.28693625314,30020.712352862483,30026.662541473892,717
1990-10-26 01:21:00+00:00,30028.023365954967,30044.805107753902,30020.379325780475,30026.309681222458,329
1990-10-31 01:21:00+00:00,30026.21234034643,30042.57146209227,30019.93161913488,30026.239625822476,429
1990-11-05 01:21:00+00:00,30025.44273338965,30043.829330931727,30024.320473259086,30023.627600897427,938
1990-11-10 01:21:00+00:00,30026.374079018013,30038.32396259844,30025.32991067109,30026.804825457493,772
1990-11-15 01:21:00+00:00,30025.40365595362,30026.675175508397,30018.91304187727,30023.382799019862,277
1990-11-20 01:21:00+00:00,30026.69784069796,30041.90491449011,30016.41197406509,30026.70477092315,678
1990-11-25 01:21:00+00:00,30028.55050787068,30044.732426637755,30018.383230274183,30027.427011650816,373
1990-11-30 01:21:00+00:00,30028.460665715535,30046.204981131956,30009.820693826863,30029.103170693994,123
1990-12-05 01:21:00+00:00,30029.13749350949,30042.213904338503,30009.15090287642,30028.15241185209,228
1990-12-10 01:21:00+00:00,30028.50675130712,30048.063141070335,30014.01160553026,30029.97723855802,977
1990-12-15 01:21:00+00:00,30029.358429862223,30040.99065049689,30014.001078307418,30030.311433467577,205
1990-12-20 01:21:00+00:00,30029.494887541303,30030.881174810936,30010.249045938817,30029.656958701846,690
1990-12-25 01:21:00+00:00,30030.85371199521,30044.725914480856,30014.606154409415,30029.692890842558,529
1990-12-30 01:21:00+00:00,30029.862029227243,30035.75536925915,30026.37927523804,30031.88436382947,248
1991-01-04 01:21:00+00:00,30030.373797665245,30032.591448007697,30022.442808607066,30029.73594559833,314
1991-01-09 01:21:00+00:00,30031.050855555262,30038.423371310604,30025.483768154383,30030.91353575442,149
1991-01-14 01:21:00+00:00,30031.163711852358,30037.157051628656,30030.888181363844,30030.53056136792,613
1991-01-19 01:21:00+00:00,30030.554721715784,30040.62388067257,30022.243059278546,30030.384747612137,577
1991-01-24 01:21:00+00:00,30031.062120497703,30038.80082659264,30028.94630440864,30031.06286032209,486
1991-01-29 01:21:00+00:00,30031.392027341677,30031.700268606783,30021.891396860345,30029.83862151606,249
1991-02-03 01:21:00+00:00,30030.269934970464,30034.77025069829,30018.465894988803,30028.643991094,383
1991-02-08 01:21:00+00:00,30031.074591181256,30040.61255853886,30012.756419752775,30029.837896844623,813
1991-02-13 01:21:00+00:00,30032.131318686002,30036.85735308805,30026.66195789024,30033.082665354952,230
1991-02-18 01:21:00+00:00,30033.201259525027,30047.174210790927,30017.687474326656,30032.941644378465,284
1991-02-23 01:21:00+00:00,30032.80380717308,30044.86737427918,30015.14950641577,30030.566021555347,733
1991-02-28 01:21:00+00:00,30033.99401480907,30038.54037286623,30032.971715747815,30033.72349664204,926
1991-03-05 01:21:00+00:00,30032.962518548375,30036.838955843377,30015.449550577145,30032.833421976153,397
1991-03-10 01:21:00+00:00,30034.05369114945,30039.598091636628,30018.083517996587,30031.795585965316,171
1991-03-15 01:21:00+00:00,30033.686930667613,30049.238777787497,30027.88656302334,30032.8745186184,995
1991-03-20 01:21:00+00:00,30032.393583108584,30038.57130238039,30026.798765261112,30033.343619554413,470
1991-03-25 01:21:00+00:00,30032.411099626104,30052.006715506326,30030.183823766023,30031.91519583416,642
1991-03-30 01:21:00+00:00,30032.244938441338,30046.290306251285,30017.803355650776,30032.73407887733,878
1991-04-04 01:21:00+00:00,30033.75642179228,30044.21437246155,30022.854043804957,30033.68508348702,542
1991-04-09 01:21:00+00:00,30034.016010796182,30045.321051494073,30018.795966690297,30033.476038029774,143
1991-04-14 01:21:00+00:00,30033.001843056118,30052.191611622347,30022.331087276587,30034.237279824138,351
1991-04-19 01:21:00+00:00,30033.036750777996,30044.989891398796,30029.513452714786,30032.651162791946,284
1991-04-24 01:21:00+00:00,30032.930251640886,30041.965111207493,30021.45582057944,30034.017337664107,103
1991-04-29 01:21:00+00:00,30033.021666460496,30051.126706001432,30023.015398926706,30032.328206134876,794
1991-05-04 01:21:00+00:00,30032.872119731306,30052.562380781583,30013.74491422342,30034.991710378228,281
1991-05-09 01:21:00+00:00,30033.146713996943,30047.911674684554,30019.27471736532,30032.573718229873,223
1991-05-14 01:21:00+00:00,30033.530633431707,30052.621422135933,30030.899858781093,30034.448981127258,254
1991-05-19 01:21:00+00:00,30032.855808729168,30043.74148804655,30016.764736872552,30033.781693780948,659
1991-05-24 01:21:00+00:00,30032.48044154575,30035.12141613212,30015.530582149917,30033.898845490818,420
1991-05-29 01:21:00+00:00,30031.724228107898,30042.993655955663,30031.629051634038,30033.104960042296,663
1991-06-03 01:21:00+00:00,30031.032202752733,30048.299581530366,30013.346278645204,30030.150448274184,105
1991-06-08 01:21:00+00:00,30030.887717047233,30034.051791555325,30013.230095320785,30032.018630296418,656
1991-06-13 01:21:00+00:00,30031.172623476297,30040.384368220824,30027.77842573142,30032.103313286938,308
1991-06-18 01:21:00+00:00,30030.721260336886,30035.1733757117,30023.08572114189,30031.653294590826,305
1991-06-23 01:21:00+00:00,30030.25762158425,30040.420762100766,30017.59944608364,30030.064187603642,324
1991-06-28 01:21:00+00:00,30029.701274560284,30047.550434819703,30011.92217302415,30027.576838715362,592
1991-07-03 01:21:00+00:00,30029.768611742933,30035.39189289887,30015.17401797061,30030.55993069802,368
1991-07-08 01:21:00+00:00,30030.96496391038,30038.057930151535,30030.692801571495,30029.993943378086,942
1991-07-13 01:21:00+00:00,30030.912629906026,30039.20796630194,30025.453098899485,30031.7185027348,820
1991-07-18 01:21:00+00:00,30030.827176424165,30033.410221540376,30025.672105502945,30030.632632744328,451
1991-07-23 01:21:00+00:00,30031.891899900886,30032.621826506525,30026.676068385554,30031.597909355598,645
1991-07-28 01:21:00+00:00,30032.32532179696,30034.628780897438,30018.966715887786,30033.181225688622,438
1991-08-02 01:21:00+00:00,30031.909191744304,30040.954859063517,30031.204607751824,30032.172536756283,959
1991-08-07 01:21:00+00:00,30031.625471312167,30034.314329490386,30025.199473140518,30031.37048778376,613
1991-08-12 01:21:00+00:00,30032.391243799277,30042.028863834214,30031.580335646606,30031.870376545732,955
1991-08-17 01:21:00+00:00,30031.80080037265,30045.876313743916,30013.953059274725,30033.000629817685,168
1991-08-22 01:21:00+00:00,30032.770028288673,30046.431241750524,30023.34819685464,30031.63305173005,250
1991-08-27 01:21:00+00:00,30032.31728018189,30041.89524643366,30028.02759804484,30032.06100720785,517
1991-09-01 01:21:00+00:00,30033.971518709077,30041.689310320413,30017.77354294789,30033.7724814942,245
1991-09-06 01:21:00+00:00,30035.53603254859,30045.383522943117,30016.500641955918,30034.860685846965,370
1991-09-11 01:21:00+00:00,30034.52710292045,30049.469340788073,30015.12847189453,30036.19954108819,640
1991-09-16 01:21:00+00:00,30034.377478549482,30044.16460399186,30024.393549647382,30036.457212620287,489
1991-09-21 01:21:00+00:00,30032.946432914956,30048.257692098952,30021.875861341243,30032.341720824235,993
1991-09-26 01:21:00+00:00,30032.238801688167,30036.274351207736,30020.05106503547,30032.32445298388,516
1991-10-01 01:21:00+00:00,30032.491653503275,30043.899609656884,30012.85519332075,30030.57871639518,574
1991-10-06 01:21:00+00:00,30032.443483141946,30039.319552513716,30015.7511120005,30030.586511371333,687
1991-10-11 01:21:00+00:00,30033.12116727468,30047.137254185247,30021.95126252553,30032.67563019384,454
1991-10-16 01:21:00+00:00,30031.142604074546,30035.053994784274,30019.082337024014,30030.994905014213,646
1991-10-21 01:21:00+00:00,30031.92358573219,30045.222160718426,30031.638640992078,30031.922858888895,334
1991-10-26 01:21:00+00:00,30031.79295683507,30051.405031415346,30031.75466016274,30032.45961160618,155
1991-10-31 01:21:00+00:00,30031.9771428963,30050.450721478326,30020.818433124452,30030.738273136318,206
1991-11-05 01:21:00+00:00,30032.02040500108,30037.040040141455,30012.607087407436,30032.146671581704,449
1991-11-10 01:21:00+00:00,30030.155953488746,30036.94683563423,30027.88985896576,30030.617282817544,326
1991-11-15 01:21:00+00:00,30031.680606640166,30042.929858406405,30015.464117948915,30032.147348637685,461
1991-11-20 01:21:00+00:00,30031.516775531803,30046.0354141692,30020.557797498823,30031.063972708227,418
1991-11-25 01:21:00+00:00,30031.356301745393,30042.393064105872,30016.183943987708,30031.828134144605,444
1991-11-30 01:21:00+00:00,30030.84663365234,30036.29569091678,30013.206969070838,30029.793029462613,261
1991-12-05 01:21:00+00:00,30028.989711066995,30033.75810382234,30017.90231202795,30029.163153146328,265
1991-12-10 01:21:00+00:00,30028.25352969731,30048.067037783272,30019.107857780233,30027.131317933727,944
1991-12-15 01:21:00+00:00,30028.654997108562,30047.86673067235,30026.337408108528,30031.185385435318,891
1991-12-20 01:21:00+00:00,30027.0056738456,30040.40130684759,30022.56488503789,30028.241693839587,498
1991-12-25 01:21:00+00:00,30025.861117624027,30034.746888050362,30006.85148264453,30025.099973829063,609
1991-12-30 01:21:00+00:00,30026.00690919729,30032.52900476779,30006.549361412563,30026.45788229479,587
1992-01-04 01:21:00+00:00,30026.426626311382,30043.985189331368,30010.77974037814,30026.480662201302,307
1992-01-09 01:21:00+00:00,30025.97973199371,30033.60191734931,30006.945295316735,30026.003911290023,491
1992-01-14 01:21:00+00:00,30026.164303167563,30026.295013889216,30018.24098973226,30026.45613241125,770
1992-01-19 01:21:00+00:00,30025.37522905022,30036.406467135133,30012.286322897835,30026.8922689263,321
1992-01-24 01:21:00+00:00,30025.880832123752,30027.797856847643,30021.209257940216,30026.094173362362,805
1992-01-29 01:21:00+00:00,30025.58748415185,30027.52502848039,30012.378383312454,30025.90413246383,659
1992-02-03 01:21:00+00:00,30025.30688757789,30029.925721237847,30018.419637751776,30024.39393830138,543
1992-02-08 01:21:00+00:00,30025.435019793313,30034.926994538873,30020.64447566758,30024.94198969841,700
1992-02-13 01:21:00+00:00,30024.012771023605,30034.919781982575,30018.13843416639,30024.806780339688,402
1992-02-18 01:21:00+00:00,30024.247285042682,30036.577349937175,30022.35620600306,30024.124835849507,375
1992-02-23 01:21:00+00:00,30023.627260114605,30036.61908309533,30022.346657071448,30022.58877529265,694
1992-02-28 01:21:00+00:00,30023.177246718078,30037.475287414254,30018.814706341353,30025.32876687398,152
1992-03-04 01:21:00+00:00,30023.524990703998,30041.120340850903,30009.880073877754,30023.82280918218,712
1992-03-09 01:21:00+00:00,30024.028555158384,30030.884986939363,30018.949215100492,30021.987590265406,405
1992-03-14 01:21:00+00:00,30022.731565153976,30033.352086921936,30009.95614666939,30023.718822479772,301
1992-03-19 01:21:00+00:00,30022.358946344306,30026.526303849303,30010.81217608136,30022.195992358505,594
1992-03-24 01:21:00+00:00,30023.17453136949,30030.597775935104,30013.76179200423,30023.399389572656,238
1992-03-29 01:21:00+00:00,30024.889705136222,30034.08587142401,30018.610012257996,30025.95348156826,583
1992-04-03 01:21:00+00:00,30025.67172150227,30037.262338797183,30016.027669327465,30025.567309980754,349
1992-04-08 01:21:00+00:00,30027.17098752207,30034.91891946911,30010.66135365636,30027.885801785582,179
1992-04-13 01:21:00+00:00,30026.283468277008,30039.44645737727,30016.33871561457,30027.480893515534,969
1992-04-18 01:21:00+00:00,30027.160091773385,30045.610161383247,30018.027614737817,30026.232973052956,573
1992-04-23 01:21:00+00:00,30026.836902741885,30030.671278886235,30026.159840282136,30028.12590365109,905
1992-04-28 01:21:00+00:00,30027.08157095739,30046.645075511966,30024.53459535685,30026.139213887433,503
1992-05-03 01:21:00+00:00,30026.94754570457,30031.236304361257,30026.48824785196,30026.75366347887,799
1992-05-08 01:21:00+00:00,30026.95686745353,30035.620296291167,30009.434645058423,30025.931472713946,348
1992-05-13 01:21:00+00:00,30028.258509027233,30035.012846105,30020.48818023953,30031.41360136871,897
1992-05-18 01:21:00+00:00,30028.52637208866,30036.301362567443,30012.016034913686,30027.46520255631,300
1992-05-23 01:21:00+00:00,30027.50654114956,30027.781227202442,30015.92145426725,30027.52918048604,426
1992-05-28 01:21:00+00:00,30027.040757240124,30043.265808950335,30008.36545627483,30027.369874731918,670
1992-06-02 01:21:00+00:00,30024.639926532967,30028.38523991673,30023.46337857908,30026.568016411107,659
1992-06-07 01:21:00+00:00,30023.560960885025,30029.26123053972,30010.727275139438,30022.992455334104,150
1992-06-12 01:21:00+00:00,30023.775209677955,30041.4377363423,30009.834395659385,30023.583652042857,958
1992-06-17 01:21:00+00:00,30023.77714386107,30024.98792282414,30017.08743310247,30023.88190233072,497
1992-06-22 01:21:00+00:00,30023.733039900053,30028.27185380336,30012.516248480497,30023.408030590523,203
1992-06-27 01:21:00+00:00,30025.378571351466,30039.55759048984,30015.82715484077,30027.322673603474,156
1992-07-02 01:21:00+00:00,30024.056517376546,30040.762892206152,30010.512502036152,30023.031242939414,950
1992-07-07 01:21:00+00:00,30023.128212945376,30033.006598444485,30010.01883476345,30024.131532535506,615
1992-07-12 01:21:00+00:00,30021.455897626063,30033.507049321528,30021.318143735876,30022.135038819622,192
1992-07-17 01:21:00+00:00,30021.693629693364,30026.322878381197,30018.30226848468,30023.497925102627,180
1992-07-22 01:21:00+00:00,30021.371544886817,30035.917683284893,30001.512868322257,30020.98733580282,767
1992-07-27 01:21:00+00:00,30021.155242112654,30025.798040357684,30008.46014174799,30022.09650323589,199
1992-08-01 01:21:00+00:00,30021.090194852197,30035.968273235416,30003.655708589617,30021.33932285638,983
1992-08-06 01:21:00+00:00,30021.568225300736,30027.29522462685,30002.673236375485,30021.573205723256,599
1992-08-11 01:21:00+00:00,30023.389999509513,30042.899709612317,30004.592742384997,30023.16693415137,596
1992-08-16 01:21:00+00:00,30024.46165147064,30042.40507309433,30020.62216769793,30023.96879793718,581
1992-08-21 01:21:00+00:00,30023.76097015208,30038.22437799919,30009.190338110813,30022.732921996623,760
1992-08-26 01:21:00+00:00,30023.032416130074,30024.91697495439,30006.61986175281,30023.340706432926,927
1992-08-31 01:21:00+00:00,30021.733918940336,30037.50884383523,30008.892914003005,30021.28996819368,491
1992-09-05 01:21:00+00:00,30021.16351659658,30029.880584596154,30013.25623318324,30021.86976310846,844
1992-09-10 01:21:00+00:00,30020.630110989787,30034.19395280771,30006.410092569557,30020.658097733747,419
1992-09-15 01:21:00+00:00,30020.32547008406,30038.075096884022,30017.31484142579,30019.93603560025,120
1992-09-20 01:21:00+00:00,30020.867192652273,30024.86793070699,30019.612946527595,30018.48882570043,821
1992-09-25 01:21:00+00:00,30020.256968212,30025.924730107246,30020.203630931283,30020.173739769012,540
1992-09-30 01:21:00+00:00,30022.25005966101,30035.438629043038,30007.175509598783,30021.751328571067,649
1992-10-05 01:21:00+00:00,30023.467781649786,30030.267198421352,30008.833188793677,30023.54885128271,860
1992-10-10 01:21:00+00:00,30023.326006019623,30027.191789357938,30015.328103031374,30022.41641818649,405
1992-10-15 01:21:00+00:00,30022.909349611742,30024.80770715504,30007.795987856345,30023.200994307797,101
1992-10-20 01:21:00+00:00,30023.173559744613,30027.507465247476,30018.60880162242,30022.997157328595,639
1992-10-25 01:21:00+00:00,30023.237511901163,30038.591133132963,30007.084425306966,30023.673808032592,739
1992-10-30 01:21:00+00:00,30022.26617217954,30029.438657399332,30016.247867896367,30022.48670224764,573
1992-11-04 01:21:00+00:00,30022.688639558757,30027.570718614195,30011.55166249974,30024.985706686257,278
1992-11-09 01:21:00+00:00,30021.168932932167,30035.125132438847,30017.543969475108,30021.364982819825,326
1992-11-14 01:21:00+00:00,30020.62975084378,30039.87225197714,30007.95080202008,30022.3220227327,591
1992-11-19 01:21:00+00:00,30018.38374159907,30036.937387651455,30017.888235225033,30020.55273098961,973
1992-11-24 01:21:00+00:00,30017.6743283386,30018.53613367346,30000.85485548653,30017.29528426091,765
1992-11-29 01:21:00+00:00,30016.712757151454,30026.596456379502,30006.944411606906,30016.25172434018,513
1992-12-04 01:21:00+00:00,30016.286395778392,30017.23808147935,30015.925155422283,30015.849422792442,653
1992-12-09 01:21:00+00:00,30015.8865862594,30028.414517897152,30006.714218158224,30015.25174443891,213
1992-12-14 01:21:00+00:00,30016.34148348593,30030.1412768989,30001.15838938963,30014.813862055464,901
1992-12-19 01:21:00+00:00,30016.304394877403,30021.94762127384,29996.645342737567,30017.38054738247,694
1992-12-24 01:21:00+00:00,30016.814710210292,30019.26881118205,30004.665214159424,30016.521939067115,721
1992-12-29 01:21:00+00:00,30016.244532569668,30023.62431105529,30007.77602566163,30017.0987750652,454
1993-01-03 01:21:00+00:00,30016.57340404219,30021.990882962466,30011.81585454464,30017.524386186014,578
1993-01-08 01:21:00+00:00,30016.78401549254,30035.880637238435,30001.000929035148,30016.569006262063,141
1993-01-13 01:21:00+00:00,30014.53899942939,30031.372989977797,30009.11937178202,30014.60145007168,384
1993-01-18 01:21:00+00:00,30013.697081081125,30015.576855882984,30001.225278653896,30012.481575086695,521
1993-01-23 01:21:00+00:00,30014.86353729516,30019.81567986351,30000.377251375015,30013.857301186847,539
1993-01-28 01:21:00+00:00,30014.06673009765,30025.15680479382,30007.412553283953,30013.59032635,791
1993-02-02 01:21:00+00:00,30013.954655993188,30029.115695718287,30013.502074447726,30013.860631330434,266
1993-02-07 01:21:00+00:00,30015.075657736754,30034.438889973248,29997.07135349261,30014.416213232125,855
1993-02-12 01:21:00+00:00,30014.581276550794,30023.986962071685,29999.861946654844,30015.559133270013,537
1993-02-17 01:21:00+00:00,30013.370301178256,30017.798616230022,30012.305525672527,30013.039485500427,713
1993-02-22 01:21:00+00:00,30012.76859002272,30026.967068260517,30007.732206337965,30012.743849872386,936
1993-02-27 01:21:00+00:00,30012.99309619598,30032.781766390377,30012.36745631207,30012.491916043222,464
1993-03-04 01:21:00+00:00,30012.34015980323,30031.865821866486,30011.315869624854,30012.79898585123,298
1993-03-09 01:21:00+00:00,30011.93675821712,30027.333944726517,29999.58190545002,30011.254873222424,503
1993-03-14 01:21:00+00:00,30012.30986974779,30027.743883853007,29998.631403474945,30012.947065264158,537
1993-03-19 01:21:00+00:00,30011.456989085007,30021.356588795967,29993.496066678592,30011.60124237812,852
1993-03-24 01:21:00+00:00,30010.85820643,30023.470803338918,30009.434256284298,30009.95067827449,104
1993-03-29 01:21:00+00:00,30011.0644687548,30012.381433329952,30009.278433914038,30012.591337543254,438
1993-04-03 01:21:00+00:00,30012.114039347118,30022.28856470047,30006.60293338282,30012.536305250786,748
1993-04-08 01:21:00+00:00,30011.242021368642,30024.181751047345,30007.753189896994,30010.268733838802,511
1993-04-13 01:21:00+00:00,30011.057091519666,30030.00562232376,29998.73501027839,30012.375988383865,610
1993-04-18 01:21:00+00:00,30011.29424360537,30022.80193545561,30001.68675957822,30011.254563275397,455
1993-04-23 01:21:00+00:00,30011.58350903446,30013.744628757286,29991.658057698773,30010.814040568603,486
1993-04-28 01:21:00+00:00,30011.684654045675,30027.360173931538,29997.184457623254,30013.80727451885,810
1993-05-03 01:21:00+00:00,30011.001368828052,30020.527892449296,29999.234093892428,30011.515587276168,895
1993-05-08 01:21:00+00:00,30011.64767268421,30014.89036714945,29999.959271688975,30012.435842951854,948
1993-05-13 01:21:00+00:00,30011.60632238657,30016.894491049767,29993.485291538906,30012.83888120569,101
1993-05-18 01:21:00+00:00,30012.31569520722,30027.31994203217,29995.092777800706,30012.40808510524,997
1993-05-23 01:21:00+00:00,30012.99129884257,30030.78467543296,30006.742946928323,30012.352231712066,500
1993-05-28 01:21:00+00:00,30012.434895568833,30020.3408914779,30011.027168235578,30012.819180837814,490
1993-06-02 01:21:00+00:00,30012.948653149222,30028.89573752601,30008.086047432647,30011.27378745083,239
1993-06-07 01:21:00+00:00,30012.83157487508,30018.714920864844,29997.419795742528,30011.721106814355,252
1993-06-12 01:21:00+00:00,30012.386441302166,30013.83460772101,29997.959315321,30012.124843932,473
1993-06-17 01:21:00+00:00,30012.515319633214,30014.469219328454,30012.353834237474,30012.712242583708,751
1993-06-22 01:21:00+00:00,30014.483566069302,30025.58242786532,30010.163965204047,30015.89591733866,526
1993-06-27 01:21:00+00:00,30013.58245350417,30015.240156142056,30001.318104099708,30014.937624350616,565
1993-07-02 01:21:00+00:00,30014.868121190815,30026.781692259563,30012.175359099507,30015.307894801077,189
1993-07-07 01:21:00+00:00,30014.84228208468,30031.907766908396,30006.682464952573,30014.806677241024,716
1993-07-12 01:21:00+00:00,30013.66471398541,30026.331637146595,30009.79050275871,30012.963232178576,128
1993-07-17 01:21:00+00:00,30014.32347360162,30020.26959690986,29995.55166267908,30015.04707223022,543
1993-07-22 01:21:00+00:00,30014.031568044586,30018.776776371276,30002.84887283149,30013.290686858923,372
1993-07-27 01:21:00+00:00,30014.096249645267,30030.325428963817,29995.610040902888,30012.680417393774,937
1993-08-01 01:21:00+00:00,30014.135586214037,30027.92164025373,30003.560062556124,30013.218206769106,189
1993-08-06 01:21:00+00:00,30013.033813163293,30017.02924245234,29995.77083081054,30013.91347684896,841
1993-08-11 01:21:00+00:00,30012.802787588484,30013.395096774806,30001.658549458527,30014.374959756533,324
1993-08-16 01:21:00+00:00,30011.64275751789,30027.515685041006,30008.430710759803,30010.50807984717,249
1993-08-21 01:21:00+00:00,30011.593075505763,30020.141120199445,30006.085286650632,30011.22379894324,624
1993-08-26 01:21:00+00:00,30012.522303611026,30025.627170046162,30004.552755013625,30015.160949940335,660
1993-08-31 01:21:00+00:00,30014.196289462,30015.777049222335,30012.2005180282,30013.84390913284,413
1993-09-05 01:21:00+00:00,30013.175836331957,30032.44510414971,30010.156980244035,30011.22303019186,729
1993-09-10 01:21:00+00:00,30013.146806400524,30014.168942523134,30009.256330477816,30014.00569670582,326
1993-09-15 01:21:00+00:00,30013.18823697757,30025.938452274782,30001.963458051225,30013.769996617546,142
1993-09-20 01:21:00+00:00,30013.696475729925,30029.70235551488,30003.91139664335,30014.002810624213,213
1993-09-25 01:21:00+00:00,30012.951900049087,30027.61339681677,29994.050037967376,30013.16497408852,878
1993-09-30 01:21:00+00:00,30014.28995617222,30015.79656683329,30009.421394980844,30015.249036028676,775
1993-10-05 01:21:00+00:00,30015.964302004206,30019.63450835795,30007.60173526723,30014.686799397925,381
1993-10-10 01:21:00+00:00,30017.039681113623,30036.056393006354,30014.534947288248,30018.410262627604,293
1993-10-15 01:21:00+00:00,30014.376936841847,30019.278534685935,30012.66198599242,30012.388999271392,258
1993-10-20 01:21:00+00:00,30013.78635610545,30026.76271638226,30004.12740103988,30013.342751713863,908
1993-10-25 01:21:00+00:00,30014.274918468735,30025.9521916722,30003.530082664714,30012.979580933414,528
1993-10-30 01:21:00+00:00,30013.803290425585,30032.29841880608,30009.02993209341,30014.659446235648,856
1993-11-04 01:21:00+00:00,30015.325748926432,30028.242368177078,30011.533772906274,30014.18068196941,977
1993-11-09 01:21:00+00:00,30015.425725248886,30029.916694508054,30009.80594912075,30015.132822501942,561
1993-11-14 01:21:00+00:00,30015.607656328866,30026.32436218216,30000.54317889852,30014.803380672303,349
1993-11-19 01:21:00+00:00,30016.36208940223,30029.303638429243,30007.411449293202,30015.686075918005,900
1993-11-24 01:21:00+00:00,30016.30822076576,30028.148531434847,30011.47231915758,30016.093220023216,675
1993-11-29 01:21:00+00:00,30016.639757475048,30019.16744811065,29998.098454502233,30017.522618357318,587
1993-12-04 01:21:00+00:00,30018.0025351445,30033.449957411387,30014.744016334782,30017.03259354573,797
1993-12-09 01:21:00+00:00,30018.3959293133,30025.140915496773,30017.3949142223,30018.87476616036,932
1993-12-14 01:21:00+00:00,30019.03785696613,30037.650801334403,30015.409080814767,30021.354028828897,804
1993-12-19 01:21:00+00:00,30020.173131870804,30020.642758008213,30015.274726439387,30019.518201094797,989
1993-12-24 01:21:00+00:00,30019.451429634373,30037.162981545065,30015.454401179108,30019.06396996292,492
1993-12-29 01:21:00+00:00,30019.690639716784,30031.011186840482,30017.083044126874,30017.660545260835,310
1994-01-03 01:21:00+00:00,30019.588432518318,30022.540618126903,30004.317931966805,30019.8699850382,814
1994-01-08 01:21:00+00:00,30019.342019738087,30026.410840338616,30016.85352861406,30018.053955301948,312
1994-01-13 01:21:00+00:00,30019.774441507623,30030.160002374312,30011.998493557123,30019.06363795223,781
1994-01-18 01:21:00+00:00,30019.563427020843,30026.984395703323,30008.160267434752,30020.389339309466,337
1994-01-23 01:21:00+00:00,30018.886399315197,30035.331185955703,30018.245650395922,30018.833718798403,411
1994-01-28 01:21:00+00:00,30019.227627662036,30027.582577394507,30006.81098928362,30019.26272676375,164
1994-02-02 01:21:00+00:00,30018.045569518345,30030.77035529024,30004.542343848174,30017.736652234606,494
1994-02-07 01:21:00+00:00,30018.960738342,30021.91480535427,30004.607235557516,30018.008352308614,641
1994-02-12 01:21:00+00:00,30019.051676496918,30025.883104922614,30009.95392975072,30018.633497912415,567
1994-02-17 01:21:00+00:00,30018.536006593797,30032.2210176307,30003.38168364961,30020.50385358581,183
1994-02-22 01:21:00+00:00,30018.44147091723,30026.724933882597,30010.208647794596,30017.058769738494,622
1994-02-27 01:21:00+00:00,30020.500455400685,30029.61619961881,30018.471233826385,30019.95040964585,414
1994-03-04 01:21:00+00:00,30020.44603852012,30039.11350886649,30002.77194655943,30019.64046053818,872
1994-03-09 01:21:00+00:00,30020.688997059893,30030.367279390674,30017.09874183078,30021.871026721245,459
1994-03-14 01:21:00+00:00,30020.623738913928,30040.18353366139,30018.991416769055,30019.83202403189,976
1994-03-19 01:21:00+00:00,30020.235378584646,30036.103203561015,30011.87461327611,30021.3332564452,899
1994-03-24 01:21:00+00:00,30020.318972261597,30029.703019407076,30016.282643583825,30020.45152822626,348
1994-03-29 01:21:00+00:00,30020.766519567227,30022.0685553769,30002.935346327205,30021.972070309577,120
1994-04-03 01:21:00+00:00,30023.570029863477,30038.377253892173,30021.531672144352,30024.18903176733,150
1994-04-08 01:21:00+00:00,30022.427383972,30022.821911875417,30021.104922329218,30023.394834593902,980
1994-04-13 01:21:00+00:00,30021.573571227756,30022.5234496854,30012.818497555712,30023.53375998295,929
1994-04-18 01:21:00+00:00,30021.88732909334,30035.283620629023,30007.473870622092,30022.56024154862,791
1994-04-23 01:21:00+00:00,30020.191287410216,30029.12876429276,30000.636923412803,30018.372007798192,710
1994-04-28 01:21:00+00:00,30019.792129374695,30034.89845447161,30011.570616749243,30018.642425405204,439
1994-05-03 01:21:00+00:00,30017.98741825023,30033.735339897055,30010.012984758447,30017.100851296615,419
1994-05-08 01:21:00+00:00,30017.455844154072,30033.398952624822,30014.084928148903,30016.649219359544,294
1994-05-13 01:21:00+00:00,30017.455308068245,30021.945532846275,30010.146291216803,30016.699979032943,957
1994-05-18 01:21:00+00:00,30017.622539290445,30031.018281232085,30007.964371455342,30019.508050894186,885
1994-05-23 01:21:00+00:00,30018.461802031634,30025.039837204375,30014.641487551442,30016.74056811651,871
1994-05-28 01:21:00+00:00,30018.866856869176,30032.138130318417,30016.147368724534,30019.180145352097,176
1994-06-02 01:21:00+00:00,30017.20049588805,30023.30855035686,30009.427141760134,30017.020141409164,215
1994-06-07 01:21:00+00:00,30017.53600876141,30024.360212819298,30015.63300849732,30016.71615551999,311
1994-06-12 01:21:00+00:00,30016.985798838905,30032.709794734095,30015.563205691786,30015.640800644855,686
1994-06-17 01:21:00+00:00,30017.4025373888,30028.578799761577,30005.7104348992,30016.974216701357,846
1994-06-22 01:21:00+00:00,30017.86604215955,30025.71627230467,30009.288883783945,30016.678133744004,445
1994-06-27 01:21:00+00:00,30017.37150161293,30022.34782789613,30010.05810078804,30017.171741013564,450
1994-07-02 01:21:00+00:00,30018.245782723625,30031.099479621917,30002.497424716017,30017.98485761018,584
1994-07-07 01:21:00+00:00,30018.90231820011,30036.416982663974,30004.029393643592,30018.83628050779,394
1994-07-12 01:21:00+00:00,30017.004204369416,30023.241164663974,30000.911006305363,30015.541403186533,424
1994-07-17 01:21:00+00:00,30017.030367873616,30035.936221134467,29999.304570186556,30018.36483211552,506
1994-07-22 01:21:00+00:00,30017.752480802847,30025.747958577023,30003.653894754432,30016.23486813759,734
1994-07-27 01:21:00+00:00,30018.814539309402,30022.041654741668,30017.837971559125,30018.838276787625,427
1994-08-01 01:21:00+00:00,30019.161742331587,30036.329114739197,30018.896203995373,30020.33736008319,322
1994-08-06 01:21:00+00:00,30018.818340553735,30021.239271010232,30005.54778991085,30019.01381791133,576
1994-08-11 01:21:00+00:00,30018.891613358122,30035.22486944267,30014.078172033653,30017.877021038275,238
1994-08-16 01:21:00+00:00,30019.05042512635,30032.537085398697,30010.94568980892,30019.2137985964,888
1994-08-21 01:21:00+00:00,30018.195072335904,30036.871818003663,30006.79977278863,30019.73184898267,659
1994-08-26 01:21:00+00:00,30017.88831271268,30025.707937110274,30010.54622142675,30015.770524368458,571
1994-08-31 01:21:00+00:00,30016.334285857603,30029.265998099498,30004.96669793259,30016.95976087528,407
1994-09-05 01:21:00+00:00,30016.390923752708,30020.116130066457,30015.568951101905,30015.87169135197,791
1994-09-10 01:21:00+00:00,30016.5143623309,30031.47254208941,30001.547231299868,30017.965395823616,240
1994-09-15 01:21:00+00:00,30016.357161891712,30036.12679698806,29997.001074133816,30017.973030836463,709
1994-09-20 01:21:00+00:00,30016.701697315886,30025.989364295023,30002.4400409027,30015.561244614317,454
1994-09-25 01:21:00+00:00,30016.258399542407,30035.791140204634,30006.496535211354,30017.517462821623,525
1994-09-30 01:21:00+00:00,30017.099536309666,30030.28909648912,29999.148966024546,30017.582779651024,686
1994-10-05 01:21:00+00:00,30016.985272316942,30023.56908302731,30008.6066114421,30017.007246284957,685
1994-10-10 01:21:00+00:00,30018.6589684788,30031.609546190582,30017.686437503213,30019.505442019225,193
1994-10-15 01:21:00+00:00,30018.346103901495,30035.732089832905,29998.611260088568,30018.96138956333,264
1994-10-20 01:21:00+00:00,30018.230494046584,30033.109132231453,30003.54739420537,30017.88597026109,147
1994-10-25 01:21:00+00:00,30019.583725736706,30023.346691831568,30014.610899870444,30019.759955696474,789
1994-10-30 01:21:00+00:00,30018.75303540498,30026.225623444578,30008.280299823487,30017.745920484158,356
1994-11-04 01:21:00+00:00,30017.793629553253,30029.590253104496,30013.08177032495,30017.728942955302,913
1994-11-09 01:21:00+00:00,30017.31549665862,30027.741347133226,29999.07858535005,30016.24321330734,415
1994-11-14 01:21:00+00:00,30015.653368713072,30021.306490441053,30000.657544494836,30015.944479578597,538
1994-11-19 01:21:00+00:00,30016.19414800136,30029.613280426132,30005.138277693077,30015.646237958626,819
1994-11-24 01:21:00+00:00,30017.649719799294,30033.74887551439,30002.382032196314,30014.736675011307,998
1994-11-29 01:21:00+00:00,30018.123992172223,30022.57466666652,30011.94712140097,30018.128556198306,145
1994-12-04 01:21:00+00:00,30017.060921682525,30023.175933131224,30005.324480366347,30017.457672225308,286
1994-12-09 01:21:00+00:00,30017.988868445645,30027.049882741612,30015.391614469554,30017.42490886462,160
1994-12-14 01:21:00+00:00,30016.87741288027,30022.006520431176,30013.830034518378,30017.86786669165,399
1994-12-19 01:21:00+00:00,30015.757544235035,30027.345864962015,29997.036218237114,30016.172590192513,612
1994-12-24 01:21:00+00:00,30016.131175185972,30027.13598118457,30014.286783952994,30015.74418260158,136
1994-12-29 01:21:00+00:00,30016.25426651588,30031.10692362351,30001.426293152814,30014.800589603037,102
1995-01-03 01:21:00+00:00,30015.37135994921,30023.28083571965,30005.41552173427,30013.541778821713,346
1995-01-08 01:21:00+00:00,30016.00590014247,30034.845326382456,30001.752257773336,30016.502016086615,479
1995-01-13 01:21:00+00:00,30017.307594162172,30033.368332812955,29999.167775140828,30018.78789915565,576
1995-01-18 01:21:00+00:00,30016.98186300318,30022.08134391128,30008.296899221914,30016.70625617785,500
1995-01-23 01:21:00+00:00,30017.353473004856,30017.483178849652,30007.247807091524,30016.26666747668,457
1995-01-28 01:21:00+00:00,30019.480712199445,30028.260486222258,29999.930541419933,30020.272476561604,954
1995-02-02 01:21:00+00:00,30018.69934190454,30020.612329985554,30004.209335542397,30020.0886024752,245
1995-02-07 01:21:00+00:00,30018.322952786857,30023.006155741678,30016.27899719072,30016.368419205846,796
1995-02-12 01:21:00+00:00,30018.785818846296,30031.705772854486,30000.593820405906,30016.808771271084,147
1995-02-17 01:21:00+00:00,30018.46722329048,30026.720530086877,30009.70132700688,30017.95802082789,754
1995-02-22 01:21:00+00:00,30016.62853831029,30030.923298917536,30001.901987277524,30015.16702789532,684
1995-02-27 01:21:00+00:00,30017.46306640823,30022.909689245716,30016.352228272302,30018.001485776163,401
1995-03-04 01:21:00+00:00,30016.79036244368,30032.012570161874,30016.019023435703,30017.4952384689,607
1995-03-09 01:21:00+00:00,30018.570223870593,30025.615203948993,30002.754835539115,30017.371468471356,400
1995-03-14 01:21:00+00:00,30020.700355978188,30040.641947425775,30003.82424141246,30020.026960817802,212
1995-03-19 01:21:00+00:00,30020.28329620666,30039.663121124027,30006.973199673183,30018.505723505146,325
1995-03-24 01:21:00+00:00,30021.969616158785,30031.889762504095,30011.36069601835,30021.999465444966,321
1995-03-29 01:21:00+00:00,30021.678806182597,30027.769287997016,30010.271488784405,30022.419581116064,238
1995-04-03 01:21:00+00:00,30021.402190545155,30040.507174628747,30012.210159842423,30019.576415899584,574
1995-04-08 01:21:00+00:00,30021.652088900846,30025.399901204346,30009.513359387704,30024.13666293615,179
1995-04-13 01:21:00+00:00,30023.59561519817,30025.484976105046,30017.08974469925,30023.479440082592,214
1995-04-18 01:21:00+00:00,30024.137372972466,30027.62183203991,30011.37635033942,30023.483576359366,305
1995-04-23 01:21:00+00:00,30025.36133956059,30036.74539661353,30007.10666610398,30026.332202520833,204
1995-04-28 01:21:00+00:00,30025.22741387685,30030.01043379372,30023.022787202073,30025.72395051259,175
1995-05-03 01:21:00+00:00,30024.26504729722,30026.463563691093,30007.354072000246,30023.240633162583,599
1995-05-08 01:21:00+00:00,30026.52157292588,30033.535999844,30014.292167707477,30025.226158320766,731
1995-05-13 01:21:00+00:00,30026.799898606052,30043.2004236324,30014.908537554744,30027.2168687135,243
1995-05-18 01:21:00+00:00,30025.911997510804,30036.4755409823,30019.99034726031,30026.786639360707,653
1995-05-23 01:21:00+00:00,30026.77557573097,30046.45860166893,30013.567640057398,30027.178767520774,561
1995-05-28 01:21:00+00:00,30025.50816226383,30027.813285575012,30015.706375610567,30025.595893491067,623
1995-06-02 01:21:00+00:00,30024.486638252056,30041.960338889407,30006.52511979658,30023.81225462463,813
1995-06-07 01:21:00+00:00,30024.939427366764,30037.68408826086,30016.195466155852,30026.085730386676,236
1995-06-12 01:21:00+00:00,30024.593472566736,30033.915873523154,30019.81107990717,30024.128333510216,971
1995-06-17 01:21:00+00:00,30025.381789389812,30039.03083253456,30010.081923534468,30025.993276274323,581
1995-06-22 01:21:00+00:00,30023.645598925174,30027.95308835975,30018.558801653806,30024.39338048406,974
1995-06-27 01:21:00+00:00,30023.267999143674,30041.372151565374,30014.3915883882,30023.224654632017,755
1995-07-02 01:21:00+00:00,30024.637867357123,30038.5004188926,30014.16077284601,30023.911177007285,432
1995-07-07 01:21:00+00:00,30023.932094620402,30031.2237079805,30009.691120023428,30028.207138761347,682
1995-07-12 01:21:00+00:00,30024.94072615646,30035.056912090407,30019.402775489165,30024.57619484452,601
1995-07-17 01:21:00+00:00,30026.195062985662,30040.48466907095,30011.300050105285,30024.316971991917,393
1995-07-22 01:21:00+00:00,30027.048640810775,30038.85916006665,30015.65660080183,30025.422083144393,158
1995-07-27 01:21:00+00:00,30027.713301805125,30031.14844110072,30010.316902754475,30029.087216538792,364
1995-08-01 01:21:00+00:00,30028.81047935155,30046.408123941994,30025.55893290202,30028.832043936454,757
1995-08-06 01:21:00+00:00,30029.412959519108,30047.274712989867,30023.32485408799,30030.909338913792,112
1995-08-11 01:21:00+00:00,30029.695311193165,30041.11247622655,30025.04066836602,30028.970383715045,984
1995-08-16 01:21:00+00:00,30030.78795981692,30042.414341046468,30023.350765002415,30030.467635519548,113
1995-08-21 01:21:00+00:00,30031.861213276643,30046.667128982077,30027.444460578692,30031.25776852258,200
1995-08-26 01:21:00+00:00,30030.743869272,30033.23670755731,30013.90620569978,30030.08685854086,380
1995-08-31 01:21:00+00:00,30030.236892110883,30033.54980693659,30029.684789719,30031.460740247516,935
1995-09-05 01:21:00+00:00,30031.07416521885,30044.386567073987,30029.33218524119,30031.24402622962,349
1995-09-10 01:21:00+00:00,30032.19281991422,30033.76754270069,30023.44920521606,30031.31116371407,356
1995-09-15 01:21:00+00:00,30031.592005156697,30039.113368730974,30023.505221781514,30031.603004550772,616
1995-09-20 01:21:00+00:00,30030.175119292016,30045.94718444555,30019.413164320868,30029.68512242521,180
1995-09-25 01:21:00+00:00,30031.28917474675,30042.9371645912,30023.649740381312,30031.27630708543,594
1995-09-30 01:21:00+00:00,30031.305545659892,30047.56621543221,30018.69452319858,30031.853370827386,418
1995-10-05 01:21:00+00:00,30030.66475465651,30037.385591028975,30025.904802666515,30030.238366659778,794
1995-10-10 01:21:00+00:00,30030.370530350112,30040.529001932275,30018.639151296087,30030.767741460008,304
1995-10-15 01:21:00+00:00,30030.371730486328,30045.258442531875,30023.344245524855,30029.835656945175,276
1995-10-20 01:21:00+00:00,30029.39562094244,30033.8806373643,30027.25657174176,30031.26209632876,561
1995-10-25 01:21:00+00:00,30029.80791785019,30040.024328592717,30029.079257722955,30029.637697858398,857
1995-10-30 01:21:00+00:00,30030.27921092873,30032.47857354614,30012.489977701403,30029.094651509236,236
1995-11-04 01:21:00+00:00,30029.538554068266,30039.861797135018,30028.500869555035,30028.517833697584,640
1995-11-09 01:21:00+00:00,30030.798686742164,30045.60064386309,30015.882781652825,30031.03130237691,245
1995-11-14 01:21:00+00:00,30030.878593279383,30049.2314269342,30015.735606950566,30030.47098525618,680
1995-11-19 01:21:00+00:00,30030.541920494143,30033.454980796945,30027.527098636994,30030.80895566431,754
1995-11-24 01:21:00+00:00,30030.922734683445,30040.65025390964,30025.72656986457,30030.371057410797,554
1995-11-29 01:21:00+00:00,30030.112591964542,30042.916460747787,30023.715372589584,30028.77205186457,445
1995-12-04 01:21:00+00:00,30030.19415573478,30040.206768630516,30022.936185327264,30028.51383794445,466
1995-12-09 01:21:00+00:00,30030.13891360352,30031.851056911888,30023.35489442334,30030.195562068406,437
1995-12-14 01:21:00+00:00,30029.264723691995,30048.23447866668,30017.9658276892,30027.116481617442,832
1995-12-19 01:21:00+00:00,30029.85061744697,30031.20533665134,30016.441306949713,30029.40995460867,430
1995-12-24 01:21:00+00:00,30030.140008278373,30032.66469623307,30012.511302080246,30031.008206348317,901
1995-12-29 01:21:00+00:00,30029.036509655823,30041.12976525909,30016.910974486273,30030.96760335798,925
1996-01-03 01:21:00+00:00,30028.122582644442,30029.381726260348,30016.030586560984,30028.59563676153,609
1996-01-08 01:21:00+00:00,30027.258566200842,30031.713088454984,30011.24311228814,30026.972025058578,846
1996-01-13 01:21:00+00:00,30028.585270436513,30046.78922945343,30026.845959652546,30030.11313592836,282
1996-01-18 01:21:00+00:00,30027.985077562134,30042.186600487614,30021.877744319296,30027.327289677145,640
1996-01-23 01:21:00+00:00,30027.697450538446,30028.48182957009,30009.324037147857,30028.638163445718,315
1996-01-28 01:21:00+00:00,30028.603112353634,30044.36511830861,30025.325832312585,30027.929802941933,354
1996-02-02 01:21:00+00:00,30028.45600948035,30039.965745499092,30022.789164583948,30029.52201759367,496
1996-02-07 01:21:00+00:00,30029.03531542511,30029.40950193294,30017.494151050916,30027.962392876565,287
1996-02-12 01:21:00+00:00,30028.986883599224,30031.814265920155,30025.57088628531,30029.269377908207,995
1996-02-17 01:21:00+00:00,30028.292324218488,30029.762855525492,30019.408108783016,30028.745986314996,716
1996-02-22 01:21:00+00:00,30026.9658712008,30044.051079197834,30026.341106836335,30026.63423561939,533
1996-02-27 01:21:00+00:00,30026.297650099335,30037.570819449054,30014.674311180006,30027.17595175988,913
1996-03-03 01:21:00+00:00,30025.25533656755,30037.968939880342,30018.85714408513,30025.590792608535,900
1996-03-08 01:21:00+00:00,30027.053110533878,30046.830085208614,30023.072369606954,30026.502312711393,353
1996-03-13 01:21:00+00:00,30026.700470911397,30037.427888155446,30010.840682743983,30026.427716648523,440
1996-03-18 01:21:00+00:00,30027.713068755435,30036.546515569356,30026.93787787279,30028.2252447191,595
1996-03-23 01:21:00+00:00,30028.260649534193,30028.66379560891,30009.225558275695,30027.43381725068,444
1996-03-28 01:21:00+00:00,30029.118650317065,30046.57770127827,30017.900183467355,30030.278615592724,435
1996-04-02 01:21:00+00:00,30029.539764578447,30035.89045856619,30021.448580948236,30028.956850180453,299
1996-04-07 01:21:00+00:00,30030.16943094123,30031.20920836473,30015.95867598285,30029.723891562833,260
1996-04-12 01:21:00+00:00,30029.00874238409,30047.23119582371,30028.54732592486,30028.683920368894,650
1996-04-17 01:21:00+00:00,30029.007712881223,30042.841436350132,30018.888278762322,30028.024828975344,300
1996-04-22 01:21:00+00:00,30028.632749402295,30041.315909953246,30025.39700079665,30027.723348684405,674
1996-04-27 01:21:00+00:00,30026.953829656257,30027.736081981413,30020.202471336634,30027.027901680685,760
1996-05-02 01:21:00+00:00,30026.31693622162,30037.393845057522,30020.7496774088,30026.178785309647,872
1996-05-07 01:21:00+00:00,30025.820607922797,30044.88789046426,30018.49307573106,30025.523948724593,163
1996-05-12 01:21:00+00:00,30023.761257030845,30026.0049861477,30010.569614398224,30023.279409523348,189
1996-05-17 01:21:00+00:00,30022.332822238342,30026.73879690094,30002.868462862854,30020.282569410916,411
1996-05-22 01:21:00+00:00,30020.014676460636,30027.965005444108,30015.252815305965,30021.66765756291,844
1996-05-27 01:21:00+00:00,30020.16886335155,30026.77042605281,30006.67681745106,30020.501212802574,182
1996-06-01 01:21:00+00:00,30019.510799106163,30027.787490551942,30010.218533665167,30018.974096851543,764
1996-06-06 01:21:00+00:00,30019.67328977997,30026.90195022126,30018.363941947267,30020.625246552216,260
1996-06-11 01:21:00+00:00,30020.345273559695,30036.66604342448,30017.037008670475,30018.73792959543,800
1996-06-16 01:21:00+00:00,30020.185767180013,30021.153270537037,30004.496591184623,30020.8960624527,874
1996-06-21 01:21:00+00:00,30018.97392686985,30031.42962917294,30005.513862320648,30020.03255749392,395
1996-06-26 01:21:00+00:00,30019.432123317245,30038.324936769626,30012.86602677199,30020.10918723052,639
1996-07-01 01:21:00+00:00,30020.233814143976,30023.338985859857,30011.47442783637,30020.01630591271,938
1996-07-06 01:21:00+00:00,30018.671509576205,30025.498916478904,30004.436739112763,30018.838634771582,478
1996-07-11 01:21:00+00:00,30018.74625266849,30024.85379373667,30010.58112924128,30018.657424247103,682
1996-07-16 01:21:00+00:00,30018.552768207333,30034.680483154407,30007.3896402389,30019.516226587602,473
1996-07-21 01:21:00+00:00,30017.70782077562,30036.291130397487,30012.049156558012,30016.478121717737,849
1996-07-26 01:21:00+00:00,30017.83063250262,30021.723790529722,30006.712044229917,30017.756401918065,543
1996-07-31 01:21:00+00:00,30017.03731799034,30024.626695540464,30006.34233966391,30016.538023016717,750
1996-08-05 01:21:00+00:00,30017.359235810356,30024.781412769542,30007.02090107964,30016.66846799143,514
1996-08-10 01:21:00+00:00,30016.53701559673,30033.75342923308,30012.58868223115,30016.298960692176,435
1996-08-15 01:21:00+00:00,30016.60916164047,30020.000429609587,30015.72260799008,30016.502694325478,442
1996-08-20 01:21:00+00:00,30015.92092057298,30023.960282645807,30000.94984733759,30016.60098628698,601
1996-08-25 01:21:00+00:00,30016.881788861065,30026.888972718498,30013.66352748339,30015.761479698,841
1996-08-30 01:21:00+00:00,30016.119055380117,30019.295701461917,30005.834134542347,30015.715128609165,962
1996-09-04 01:21:00+00:00,30016.07383496333,30023.85233305381,29999.66094278923,30016.85363245945,467
1996-09-09 01:21:00+00:00,30014.524735915576,30024.91078267209,30009.78424614845,30014.77914047677,704
1996-09-14 01:21:00+00:00,30013.951873377264,30029.056882149584,29995.96377961985,30014.92093592756,606
1996-09-19 01:21:00+00:00,30012.91943277553,30024.50470110668,29998.84153046926,30013.499751386666,885
1996-09-24 01:21:00+00:00,30012.86202880248,30027.025681999934,29993.73241850102,30012.033198901598,170
1996-09-29 01:21:00+00:00,30013.824760069667,30014.57845911648,30010.10950402943,30011.514169798003,654
1996-10-04 01:21:00+00:00,30015.40014984797,30034.914316540075,30005.710212542555,30016.328542036226,266
1996-10-09 01:21:00+00:00,30015.531710443436,30021.85382911347,30006.214026647805,30017.251186523426,960
1996-10-14 01:21:00+00:00,30014.67175818663,30016.5240341964,29999.588155314497,30013.068341239636,177
1996-10-19 01:21:00+00:00,30016.613378771905,30034.75610865188,29998.65404578238,30015.729498937086,747
1996-10-24 01:21:00+00:00,30017.539236839293,30018.095470487955,30006.70522408603,30017.131858150708,936
1996-10-29 01:21:00+00:00,30016.22867700282,30025.844870156645,30007.744975188067,30015.745458701025,292
1996-11-03 01:21:00+00:00,30016.527636558796,30017.099988731912,30001.769876422553,30016.419467985997,786
1996-11-08 01:21:00+00:00,30016.98845319993,30035.666042157914,30007.261333537677,30017.17094912431,605
1996-11-13 01:21:00+00:00,30015.940875154196,30027.017192248437,30012.255013772225,30016.04083246098,758
1996-11-18 01:21:00+00:00,30016.204619520697,30031.82226190976,30003.556106308428,30017.44364014662,814
1996-11-23 01:21:00+00:00,30015.973787101262,30024.334866042063,29996.415163161062,30016.797045646017,363
1996-11-28 01:21:00+00:00,30014.868638160267,30024.33258752753,30012.07314568725,30015.467702350674,799
1996-12-03 01:21:00+00:00,30013.51157418039,30023.244670259563,30005.055604759007,30012.38776523085,594
1996-12-08 01:21:00+00:00,30013.56861836469,30018.169453824485,30005.95136798927,30014.796189895398,923
1996-12-13 01:21:00+00:00,30013.115574779058,30020.33890468516,30011.84933436605,30011.64181317491,719
1996-12-18 01:21:00+00:00,30013.33156207245,30027.00890224176,30002.98938283277,30014.08536590673,768
1996-12-23 01:21:00+00:00,30012.301034886423,30015.153190738434,30004.893931146224,30013.348140839546,754
1996-12-28 01:21:00+00:00,30011.556479739935,30029.48956232152,29992.466025532176,30011.423774034192,394
1997-01-02 01:21:00+00:00,30011.149350299293,30015.907489209836,30010.860362013267,30011.968128136254,373
1997-01-07 01:21:00+00:00,30011.677954703267,30015.741814724006,30001.884763911446,30012.314637044634,526
1997-01-12 01:21:00+00:00,30012.033990593645,30021.435932448287,30001.442307026053,30011.235128652563,924
1997-01-17 01:21:00+00:00,30012.087115627426,30021.033524275976,30009.109574461098,30012.465481556897,179
1997-01-22 01:21:00+00:00,30011.290530797392,30013.40508146694,30008.219295218092,30010.98795541041,896
1997-01-27 01:21:00+00:00,30011.062813972952,30030.46673130108,29991.538101366896,30010.888074757782,828
1997-02-01 01:21:00+00:00,30011.18106847899,30024.79935833479,30010.692035268537,30010.62660278106,400
1997-02-06 01:21:00+00:00,30012.174796401403,30020.54491774366,30002.056722884696,30011.875778758174,121
1997-02-11 01:21:00+00:00,30011.6458461039,30029.488732446895,30010.43169885172,30011.838922895346,898
1997-02-16 01:21:00+00:00,30011.37445878623,30015.00898866217,29999.957923437658,30011.575916289406,113
1997-02-21 01:21:00+00:00,30011.161662076363,30013.54298398744,29997.326365598372,30010.398905400947,730
1997-02-26 01:21:00+00:00,30010.533216327996,30011.09284959398,29996.790264019262,30009.076192186087,680
1997-03-03 01:21:00+00:00,30009.09976017185,30021.567696638394,30007.360315947597,30008.153485868064,957
1997-03-08 01:21:00+00:00,30010.4220227393,30015.186289945166,30008.298736111756,30009.42556571885,660
1997-03-13 01:21:00+00:00,30009.596882119924,30021.89272068178,30008.511638458865,30011.627207957037,482
1997-03-18 01:21:00+00:00,30010.80840993827,30021.520522049403,30000.27006838379,30010.71109766193,200
1997-03-23 01:21:00+00:00,30010.415965640623,30028.53477088247,29996.59522760473,30010.85110778974,615
1997-03-28 01:21:00+00:00,30010.822273230253,30017.47943823082,29995.60135299804,30010.868695324796,726
1997-04-02 01:21:00+00:00,30011.835108642073,30017.619210979097,30006.618401179658,30012.807976617274,241
1997-04-07 01:21:00+00:00,30013.305146881903,30030.01786528159,29999.937175192816,30013.51665597681,869
1997-04-12 01:21:00+00:00,30014.500293882378,30015.116709410726,30002.05612234224,30014.472552794206,521
1997-04-17 01:21:00+00:00,30014.16571549841,30024.617660157837,30001.1600441659,30014.03849467614,659
1997-04-22 01:21:00+00:00,30014.701777668823,30032.39140682571,30007.679426304283,30014.73446491535,921
1997-04-27 01:21:00+00:00,30013.03692630743,30030.700744040267,30007.647556399126,30011.52301227115,926
1997-05-02 01:21:00+00:00,30012.79670256799,30021.37734017143,30011.965385742984,30012.028666718852,346
1997-05-07 01:21:00+00:00,30014.47296241789,30024.322319641335,30001.850800167867,30014.31246944968,251
1997-05-12 01:21:00+00:00,30015.874953392497,30026.332136097673,30007.17084208452,30014.774905244158,911
1997-05-17 01:21:00+00:00,30015.514299241113,30022.40001873761,29999.600584991123,30016.21790767545,577
1997-05-22 01:21:00+00:00,30014.54274836909,30017.985116864056,29998.716365011293,30014.478469531685,193
1997-05-27 01:21:00+00:00,30014.167711265807,30015.506692524694,30013.971554748634,30013.448172923774,542
1997-06-01 01:21:00+00:00,30014.32378081619,30022.18848948149,30011.27719633244,30013.509272395968,104
1997-06-06 01:21:00+00:00,30015.652104834004,30027.11501799529,30015.273878041084,30015.787447423594,156
1997-06-11 01:21:00+00:00,30014.17319232775,30031.783343570525,29996.677195434626,30014.32686824402,394
1997-06-16 01:21:00+00:00,30014.512151206556,30029.057390715854,30003.54476501484,30015.70661618404,213
1997-06-21 01:21:00+00:00,30013.418768095296,30024.61673559363,29998.013989188777,30013.19327438093,151
1997-06-26 01:21:00+00:00,30012.932297912914,30013.08749172831,30005.581331813934,30011.63967615411,555
1997-07-01 01:21:00+00:00,30012.53699434188,30017.089190241793,30002.24545475624,30013.263101685734,992
1997-07-06 01:21:00+00:00,30013.05175620983,30027.129457755484,29997.52281076221,30013.984945870816,362
1997-07-11 01:21:00+00:00,30013.133627907788,30015.589378543078,29999.321900683688,30013.32511945669,203
1997-07-16 01:21:00+00:00,30013.657589724113,30014.20822476317,30002.77710998052,30014.791932943153,154
1997-07-21 01:21:00+00:00,30012.153361594123,30022.032927420827,30012.116856807945,30011.216051827923,960
1997-07-26 01:21:00+00:00,30011.733223223324,30019.277018669243,29994.808993355044,30013.12551952438,658
1997-07-31 01:21:00+00:00,30012.684017317002,30018.15665918389,30011.52177607442,30010.6593731722,441
1997-08-05 01:21:00+00:00,30013.39417519201,30033.002975896066,30007.829699246486,30013.504098305293,826
1997-08-10 01:21:00+00:00,30015.049756808465,30031.09544366699,30014.278801042798,30013.400986659344,254
1997-08-15 01:21:00+00:00,30014.59747944383,30029.431246181513,30010.050865294088,30014.90169190687,885
1997-08-20 01:21:00+00:00,30014.962851063487,30027.791850945665,30005.788700937028,30016.512229710665,765
1997-08-25 01:21:00+00:00,30015.375922966774,30021.47450073889,30010.03925616021,30014.69528764371,529
1997-08-30 01:21:00+00:00,30015.524448601675,30022.090582970275,30005.437506332917,30015.01582914246,814
1997-09-04 01:21:00+00:00,30015.105911866016,30017.75055416277,30000.120363813538,30016.19748797416,353
1997-09-09 01:21:00+00:00,30016.958949531756,30028.109194749806,30003.86353584923,30015.21129828271,309
1997-09-14 01:21:00+00:00,30016.059501393982,30032.210776862674,30015.6666018226,30015.649389778162,877
1997-09-19 01:21:00+00:00,30017.008625798575,30033.5200116337,29997.944055275006,30016.17855226528,741
1997-09-24 01:21:00+00:00,30018.123091939364,30035.940692841683,30010.253615732374,30017.675544938935,936
1997-09-29 01:21:00+00:00,30018.38303899914,30034.278286413595,30005.88533904389,30017.570866061433,954
1997-10-04 01:21:00+00:00,30018.573294452515,30033.85201664833,30014.588823153776,30017.437735262105,945
1997-10-09 01:21:00+00:00,30017.19345336354,30031.174117616858,30003.41726871191,30017.91585787345,352
1997-10-14 01:21:00+00:00,30016.881658919556,30032.958693002805,29999.46423293619,30014.97740370517,930
1997-10-19 01:21:00+00:00,30017.08316766731,30026.40947856866,30000.079533926524,30015.099660283387,706
1997-10-24 01:21:00+00:00,30015.260673814206,30030.028057248943,30006.675631414324,30015.458175041975,878
1997-10-29 01:21:00+00:00,30014.223718651578,30017.884973724227,29995.67839912344,30013.129381138417,868
1997-11-03 01:21:00+00:00,30014.92760556221,30028.223425164368,30009.001661006354,30014.70493739869,924
1997-11-08 01:21:00+00:00,30015.397416456024,30021.99309933772,30003.0346243293,30016.46096599505,620
1997-11-13 01:21:00+00:00,30017.101774579198,30024.565343169492,30006.667039851647,30017.625967050997,237
1997-11-18 01:21:00+00:00,30018.528203693902,30021.199981179463,30009.34613686303,30020.453273689338,339
1997-11-23 01:21:00+00:00,30020.093088035235,30033.83598666249,30017.687807567938,30019.417092870866,892
1997-11-28 01:21:00+00:00,30020.60026006692,30024.577751987134,30009.31198756553,30020.001069572147,930
1997-12-03 01:21:00+00:00,30020.467001360466,30036.817664466027,30002.14192283371,30020.597546707155,209
1997-12-08 01:21:00+00:00,30020.77175699882,30040.022310278455,30008.207597502816,30020.580342299036,674
1997-12-13 01:21:00+00:00,30021.21692942464,30036.837527685628,30018.161437050527,30022.528633717135,600
1997-12-18 01:21:00+00:00,30020.18848639808,30039.29495861636,30005.307983065108,30020.520445842965,194
1997-12-23 01:21:00+00:00,30021.278068272888,30028.007655755948,30006.109665015774,30022.045777879386,114
1997-12-28 01:21:00+00:00,30021.974910807596,30038.016817927837,30014.830261275547,30021.09533617665,573
1998-01-02 01:21:00+00:00,30019.649267054025,30022.561294861167,30003.81710302281,30019.240356686634,546
1998-01-07 01:21:00+00:00,30019.549365724688,30039.523980950788,30011.677180047325,30019.273534658205,157
1998-01-12 01:21:00+00:00,30020.346570354945,30035.767273808768,30018.716729863158,30019.70085164799,427
1998-01-17 01:21:00+00:00,30020.986152826223,30029.905797370953,30003.42518354881,30020.829151070924,999
1998-01-22 01:21:00+00:00,30021.346516940604,30035.10804207701,30009.685464285692,30023.099579365324,451
1998-01-27 01:21:00+00:00,30022.07823716217,30023.01407257363,30002.087382813697,30022.150241212046,632
1998-02-01 01:21:00+00:00,30022.979420519536,30030.266923892224,30018.02092197313,30022.257828934104,235
1998-02-06 01:21:00+00:00,30022.18550350177,30031.176642691822,30021.974163026112,30022.129057651517,178
1998-02-11 01:21:00+00:00,30022.608501365907,30033.095082984906,30006.209638746357,30022.76928163181,588
1998-02-16 01:21:00+00:00,30022.116781499524,30034.93657184466,30014.785296244885,30022.593393538402,517
1998-02-21 01:21:00+00:00,30023.620532281984,30031.080764548973,30009.172356653067,30023.69615013788,654
1998-02-26 01:21:00+00:00,30022.294404714645,30038.022365625195,30006.41238702259,30023.0854950236,707
1998-03-03 01:21:00+00:00,30023.624440799904,30041.014768000376,30010.364976517165,30026.330195472616,698
1998-03-08 01:21:00+00:00,30025.32059442675,30032.06008196747,30022.002573229183,30024.39441525118,590
1998-03-13 01:21:00+00:00,30026.31971037774,30036.506418871897,30016.562127812787,30026.345760505657,783
1998-03-18 01:21:00+00:00,30025.891197578367,30026.795518477174,30007.38585607108,30026.801942862003,257
1998-03-23 01:21:00+00:00,30025.2643811327,30039.848416207926,30022.762540870062,30025.845756923853,794
1998-03-28 01:21:00+00:00,30025.27441720323,30036.23136444136,30015.947303487053,30025.10673097595,582
1998-04-02 01:21:00+00:00,30024.918409654063,30026.188605311567,30010.622981312317,30025.798206883148,143
1998-04-07 01:21:00+00:00,30024.54993785693,30041.45823868686,30014.255755106897,30024.756718427197,879
1998-04-12 01:21:00+00:00,30025.59577923003,30031.870768804765,30008.956485677078,30024.313295635697,993
1998-04-17 01:21:00+00:00,30026.53320992138,30035.390132284127,30010.81894040999,30026.805317221715,643
1998-04-22 01:21:00+00:00,30025.612237410267,30043.984481199852,30018.938539801085,30025.784798076606,506
1998-04-27 01:21:00+00:00,30024.332795898838,30025.00926744913,30007.00989784959,30023.92955969699,442
1998-05-02 01:21:00+00:00,30023.927911918916,30034.403338499305,30009.091280514793,30024.14900432106,933
1998-05-07 01:21:00+00:00,30024.08787305204,30035.649409176473,30012.61098520718,30024.237407848203,739
1998-05-12 01:21:00+00:00,30022.38614666387,30024.747836381834,30013.616591163183,30023.081990333838,789
1998-05-17 01:21:00+00:00,30022.417366170255,30037.451779697094,30015.397876257088,30022.418784714344,615
1998-05-22 01:21:00+00:00,30021.770477589827,30029.48414411805,30018.393155864414,30022.89260279242,382
1998-05-27 01:21:00+00:00,30019.354804324666,30021.368789479428,30008.345838368514,30018.345991498758,916
1998-06-01 01:21:00+00:00,30019.590207527657,30029.110123402817,30000.13687359634,30018.7484042973,863
1998-06-06 01:21:00+00:00,30019.26596471073,30021.276501801036,30011.412855289782,30017.9105240824,627
1998-06-11 01:21:00+00:00,30019.276715246437,30038.298823937785,30006.23357434698,30019.03336744393,994
1998-06-16 01:21:00+00:00,30020.92725395437,30024.021095900822,30002.347234043475,30021.685015178333,830
1998-06-21 01:21:00+00:00,30020.796133505344,30040.579326037456,30019.36348103802,30020.6857739164,738
1998-06-26 01:21:00+00:00,30020.588096460688,30031.14818571328,30011.32925519771,30020.311221205942,693
1998-07-01 01:21:00+00:00,30021.69355436951,30034.117283662697,30008.549794594102,30019.83431746236,233
1998-07-06 01:21:00+00:00,30022.405974517627,30038.30421107746,30016.32870862975,30021.80771630121,303
1998-07-11 01:21:00+00:00,30023.55962583618,30035.33202585081,30017.837196155135,30022.90860491902,506
1998-07-16 01:21:00+00:00,30024.03632300417,30040.001540247988,30013.29504409874,30022.789042210763,525
1998-07-21 01:21:00+00:00,30024.651644454465,30025.5410815858,30021.547512364523,30025.29630696514,256
1998-07-26 01:21:00+00:00,30024.220015277257,30034.86772841136,30021.09475444472,30024.292826278604,978
1998-07-31 01:21:00+00:00,30024.71384832241,30026.381396043907,30014.257258000784,30024.561180648012,534
1998-08-05 01:21:00+00:00,30024.933866767213,30031.094834008883,30020.718621158005,30025.27385792641,870
1998-08-10 01:21:00+00:00,30025.73551802289,30035.835316181474,30008.492902566184,30026.406859191597,885
1998-08-15 01:21:00+00:00,30025.419875110063,30032.026223124194,30014.59523654009,30025.47777955578,263
1998-08-20 01:21:00+00:00,30026.3525971139,30033.59806633105,30015.96404776255,30027.398832642146,756
1998-08-25 01:21:00+00:00,30024.503559814842,30034.18616682789,30005.902256516678,30023.319324528948,621
1998-08-30 01:21:00+00:00,30025.131615612765,30031.077591570083,30019.04821855652,30025.15954475485,101
1998-09-04 01:21:00+00:00,30026.800253403482,30040.077183930167,30016.755721789777,30027.249765680088,759
1998-09-09 01:21:00+00:00,30027.01047474274,30032.49696696418,30018.216698181168,30027.51715222536,744
1998-09-14 01:21:00+00:00,30027.334611645176,30046.235931025654,30024.004949788163,30026.13955267239,763
1998-09-19 01:21:00+00:00,30029.900393344797,30047.276796112877,30010.918602052956,30030.0499836165,419
1998-09-24 01:21:00+00:00,30029.895631455685,30043.751571635283,30011.98824777275,30029.640571523007,468
1998-09-29 01:21:00+00:00,30030.028041946924,30040.118836953032,30026.667059799453,30029.673357981465,258
1998-10-04 01:21:00+00:00,30030.946717396888,30044.868748970574,30017.75340215261,30029.99557819384,251
1998-10-09 01:21:00+00:00,30030.234693704024,30041.88012365327,30013.147077517773,30029.70552250129,504
1998-10-14 01:21:00+00:00,30028.09118074629,30037.34462854401,30008.4001702954,30028.82421650187,447
1998-10-19 01:21:00+00:00,30028.66047334771,30029.991570803028,30014.116445262312,30029.18286555129,120
1998-10-24 01:21:00+00:00,30028.749150986954,30047.541416358334,30022.347048447384,30028.574742170782,784
1998-10-29 01:21:00+00:00,30029.21943532818,30043.098917682313,30009.800773072384,30029.425450168277,864
1998-11-03 01:21:00+00:00,30026.16661165927,30045.91282152425,30008.049672535097,30025.8709266519,936
1998-11-08 01:21:00+00:00,30027.849626036317,30045.35981736899,30019.02371027062,30026.83843576049,448
1998-11-13 01:21:00+00:00,30027.407644906634,30039.72591785841,30011.799951287474,30026.392900299365,714
1998-11-18 01:21:00+00:00,30027.04365631402,30035.63641273919,30008.27816113225,30024.60707134046,927
1998-11-23 01:21:00+00:00,30027.29481036685,30034.703705209216,30016.83873495521,30027.65054576228,181
1998-11-28 01:21:00+00:00,30028.348556618275,30029.71236126499,30027.517386436626,30026.790913990808,116
1998-12-03 01:21:00+00:00,30028.575585639308,30036.11149113177,30023.801827821793,30027.251396984124,211
1998-12-08 01:21:00+00:00,30029.093958602054,30047.796476588577,30012.84804050112,30028.898968458205,607
1998-12-13 01:21:00+00:00,30029.637380869273,30040.13544545563,30027.838854306872,30030.276082837383,647
1998-12-18 01:21:00+00:00,30031.14001932662,30039.84269961727,30021.729366968146,30030.524534201733,658
1998-12-23 01:21:00+00:00,30032.004007221185,30040.725628234573,30012.045456784344,30032.15817059939,982
1998-12-28 01:21:00+00:00,30032.358058395945,30047.594999538534,30022.16373601047,30030.518578409396,567
1999-01-02 01:21:00+00:00,30032.522029368803,30051.484644103988,30031.08817662143,30032.238748457607,792
1999-01-07 01:21:00+00:00,30034.651196625382,30048.088447227354,30032.698203932832,30033.79122578798,221
1999-01-12 01:21:00+00:00,30034.18663834375,30048.10549360878,30022.624024612625,30034.165166960272,687
1999-01-17 01:21:00+00:00,30034.08127301739,30037.94874621543,30022.39182555727,30033.802243718736,282
1999-01-22 01:21:00+00:00,30033.57818043356,30034.190427068104,30023.666872632846,30031.838704065398,961
1999-01-27 01:21:00+00:00,30035.145828882032,30039.964119287582,30032.860429760443,30034.797952666413,263
1999-02-01 01:21:00+00:00,30035.573390119618,30043.522724461967,30028.125919228452,30034.70579451776,716
1999-02-06 01:21:00+00:00,30034.850994616754,30046.10910482616,30026.166035989394,30035.94888209531,842
1999-02-11 01:21:00+00:00,30035.61868455281,30046.209935528586,30032.080677519054,30033.293583857147,597
1999-02-16 01:21:00+00:00,30035.580972147676,30052.826988112738,30019.993845009452,30036.196853902642,259
1999-02-21 01:21:00+00:00,30036.412065914694,30043.18033008786,30032.084596145327,30035.440998428516,464
1999-02-26 01:21:00+00:00,30037.1526796796,30043.500425218117,30029.724571962244,30037.899978567064,343
1999-03-03 01:21:00+00:00,30037.78168669069,30055.921668746276,30034.92150186778,30037.64784380627,630
1999-03-08 01:21:00+00:00,30038.288064608478,30044.69077394771,30020.26035265976,30039.195242709084,943
1999-03-13 01:21:00+00:00,30035.888831252283,30046.17641017804,30026.27353497532,30033.939942888865,130
1999-03-18 01:21:00+00:00,30035.303820667286,30035.30689882666,30032.15138231428,30036.35514704629,520
1999-03-23 01:21:00+00:00,30034.869942291272,30049.135520108088,30025.236677909405,30036.694060656035,342
1999-03-28 01:21:00+00:00,30037.67855063661,30050.05922996507,30018.72138781125,30036.988856404358,167
1999-04-02 01:21:00+00:00,30037.282835557056,30037.445267360523,30020.1744673118,30036.037379957295,449
1999-04-07 01:21:00+00:00,30036.410635172604,30036.956825725825,30034.184955902652,30034.69156894161,437
1999-04-12 01:21:00+00:00,30038.186278202975,30057.15745522764,30021.63260177332,30038.4547489311,593
1999-04-17 01:21:00+00:00,30038.4686498754,30041.78315571216,30037.0469156351,30038.739443307124,682
1999-04-22 01:21:00+00:00,30038.325128784163,30056.47447330285,30033.577601812543,30039.394716892046,388
1999-04-27 01:21:00+00:00,30036.98946092922,30037.216703319853,30024.80663084641,30037.883809710005,854
1999-05-02 01:21:00+00:00,30034.418467103093,30042.303239536603,30032.79686929915,30034.21670019713,854
1999-05-07 01:21:00+00:00,30033.0141808723,30035.17160833608,30023.432349917744,30033.65722252502,583
1999-05-12 01:21:00+00:00,30032.026875743733,30044.502807891957,30012.61824181142,30032.333420041443,510
1999-05-17 01:21:00+00:00,30032.554312909164,30034.110762902154,30020.45704734466,30032.383079910735,102
1999-05-22 01:21:00+00:00,30033.325642480017,30050.267116928997,30027.087051094706,30032.76884712744,687
1999-05-27 01:21:00+00:00,30033.65013717184,30045.22955886937,30016.766558622974,30032.8175289032,263
1999-06-01 01:21:00+00:00,30032.99088938484,30043.419926039704,30025.091545310228,30032.17707990466,723
1999-06-06 01:21:00+00:00,30033.62545909396,30043.94402325971,30020.052554114813,30032.28866558215,951
1999-06-11 01:21:00+00:00,30032.861535752952,30043.323611116604,30029.431101929178,30033.06457647489,620
1999-06-16 01:21:00+00:00,30032.461480963404,30047.212412818244,30031.293623038666,30033.456840920026,465
1999-06-21 01:21:00+00:00,30031.716343051085,30033.256416750195,30031.358716924788,30031.252642489922,325
1999-06-26 01:21:00+00:00,30030.611113005212,30039.671769063665,30028.07342326828,30031.52563294897,680
1999-07-01 01:21:00+00:00,30031.47785027948,30043.467498207516,30023.753926433426,30031.759230208638,184
1999-07-06 01:21:00+00:00,30029.986179829888,30040.19694805091,30027.73093826247,30030.329425463588,882
1999-07-11 01:21:00+00:00,30028.113646642018,30047.869026289954,30010.08582168775,30028.846659750947,354
1999-07-16 01:21:00+00:00,30028.38973709697,30041.693668208558,30026.75127072589,30029.841782898453,450
1999-07-21 01:21:00+00:00,30029.492237939405,30035.357260783006,30011.581879370155,30031.593092324052,793
1999-07-26 01:21:00+00:00,30031.214690979177,30042.86036602443,30030.986721883422,30033.165049768948,920
1999-07-31 01:21:00+00:00,30032.220729417517,30044.78792446564,30021.81801765991,30031.887092453886,927
1999-08-05 01:21:00+00:00,30031.658170308117,30038.301162839613,30030.60691257573,30029.779488630968,646
1999-08-10 01:21:00+00:00,30031.182868194574,30042.227845752695,30028.048642780643,30030.513999193816,551
1999-08-15 01:21:00+00:00,30032.794283055504,30032.917774073616,30016.716270795016,30032.930803893978,737
1999-08-20 01:21:00+00:00,30030.82223875383,30040.14074718248,30025.665437247513,30029.440488220574,720
1999-08-25 01:21:00+00:00,30030.547596004464,30047.357830197983,30024.955286308465,30030.173512139412,953
1999-08-30 01:21:00+00:00,30029.819063103056,30045.565440705297,30027.88275471614,30028.792576946955,322
1999-09-04 01:21:00+00:00,30031.393425134123,30045.934918098243,30030.57097808352,30031.5632576408,626
1999-09-09 01:21:00+00:00,30032.578786882113,30044.003375054475,30030.08701598945,30032.76701107631,778
1999-09-14 01:21:00+00:00,30032.071128424854,30048.64685171768,30031.832326302774,30033.942545671438,229
1999-09-19 01:21:00+00:00,30033.480495488224,30040.663611020984,30023.175377966152,30033.48943857013,729
1999-09-24 01:21:00+00:00,30033.828401665764,30047.023408567737,30024.81190955533,30034.27285419572,768
1999-09-29 01:21:00+00:00,30034.335533628928,30047.062163497085,30020.208891523736,30034.20879320089,609
1999-10-04 01:21:00+00:00,30034.716724747283,30044.1773598867,30028.91721445514,30035.67445956994,746
1999-10-09 01:21:00+00:00,30034.759192301346,30035.073701060912,30020.600112534525,30033.28477304987,615
1999-10-14 01:21:00+00:00,30035.35775293086,30043.975130522504,30027.78275089224,30035.51568997278,822
1999-10-19 01:21:00+00:00,30035.20094941088,30047.98916322148,30030.577328413314,30035.850058426615,689
1999-10-24 01:21:00+00:00,30035.31155536758,30053.641591266616,30033.72422105242,30034.11530717977,889
1999-10-29 01:21:00+00:00,30033.827233311877,30036.848163887287,30013.841598157764,30034.341489503506,323
1999-11-03 01:21:00+00:00,30033.88323108209,30039.559524879194,30015.9079209203,30035.3241382516,789
1999-11-08 01:21:00+00:00,30033.961993639045,30038.25360937859,30028.92359377985,30033.56016971554,490
1999-11-13 01:21:00+00:00,30034.852238280193,30036.60132768244,30027.528564748627,30034.05638904484,250
1999-11-18 01:21:00+00:00,30035.54576046131,30046.259109438295,30018.364392591036,30034.753661660794,531
1999-11-23 01:21:00+00:00,30035.033007175563,30050.46692528646,30025.842822485978,30034.646158274096,756
1999-11-28 01:21:00+00:00,30038.163414205796,30051.864236283764,30019.5905985678,30036.677151091055,374
1999-12-03 01:21:00+00:00,30036.71005767912,30046.1798983248,30023.015168511025,30037.00589277917,439
1999-12-08 01:21:00+00:00,30036.60147590519,30043.590274698752,30027.169298872563,30036.58971965927,761
1999-12-13 01:21:00+00:00,30036.151878375706,30046.045318209548,30021.0141212947,30036.528670278272,484
1999-12-18 01:21:00+00:00,30036.0365958166,30054.86456565563,30028.504213682707,30036.205504220885,440
1999-12-23 01:21:00+00:00,30035.411184888744,30040.725466968182,30018.97229384232,30036.323991268982,920
1999-12-28 01:21:00+00:00,30034.311829672188,30045.377363999083,30027.025527660604,30034.765503884053,723
2000-01-02 01:21:00+00:00,30035.065661715813,30041.42223453341,30018.438410662948,30033.502341048494,928
2000-01-07 01:21:00+00:00,30034.126689712135,30050.537313082263,30021.653608024564,30033.313556025623,331
2000-01-12 01:21:00+00:00,30034.475070290344,30035.58743169486,30020.637385804923,30033.092139369546,647
2000-01-17 01:21:00+00:00,30034.337604131146,30046.102178621375,30031.196653645282,30034.30942423312,573
2000-01-22 01:21:00+00:00,30034.553878906572,30044.254646338293,30028.245424306242,30033.718248438683,995
2000-01-27 01:21:00+00:00,30034.828576981643,30035.612205933394,30027.55412521655,30034.475886990353,441
2000-02-01 01:21:00+00:00,30034.225956103284,30050.867004566735,30020.75484531177,30034.122586664886,354
2000-02-06 01:21:00+00:00,30033.45017911838,30047.300601496154,30028.3587860375,30032.31982668068,954
2000-02-11 01:21:00+00:00,30033.039918047398,30033.569485002205,30022.011934882998,30032.346219456784,707
2000-02-16 01:21:00+00:00,30034.408102255853,30053.20400304572,30031.591950689806,30032.978186913642,679
2000-02-21 01:21:00+00:00,30034.974422641582,30053.130790909152,30031.17782409419,30036.357373101833,830
2000-02-26 01:21:00+00:00,30035.456777997333,30048.005089874918,30025.50664032005,30036.80514223045,288
2000-03-02 01:21:00+00:00,30036.69517230385,30040.967919378338,30034.187076174945,30037.403493721908,529
2000-03-07 01:21:00+00:00,30037.153132607487,30046.911962519804,30021.344324383048,30037.13079676932,239
2000-03-12 01:21:00+00:00,30037.62154027594,30050.449084098684,30018.065599952006,30038.966157794166,645
2000-03-17 01:21:00+00:00,30036.306203212887,30045.458545891877,30030.620602032443,30036.113532166295,976
2000-03-22 01:21:00+00:00,30037.824243211424,30048.811019796278,30031.270428253425,30036.916930846255,933
2000-03-27 01:21:00+00:00,30039.832699749782,30051.070807111813,30025.30091936385,30037.58873487524,545
2000-04-01 01:21:00+00:00,30039.586467011533,30050.058146016614,30026.553357680776,30038.91734006746,233
2000-04-06 01:21:00+00:00,30039.424207269712,30044.617978436876,30026.97139861384,30039.451573424645,753
2000-04-11 01:21:00+00:00,30040.33309891983,30049.582788886742,30037.100084192665,30040.094792327,936
2000-04-16 01:21:00+00:00,30040.97963753428,30052.366754412542,30035.729260646745,30041.450641620057,321
2000-04-21 01:21:00+00:00,30040.40017829998,30040.89131319616,30026.123919622383,30040.833626672855,780
2000-04-26 01:21:00+00:00,30040.556300535445,30046.02054128709,30037.42545998102,30038.91366273861,995
2000-05-01 01:21:00+00:00,30040.06333457931,30053.17791270824,30023.400082564043,30039.67493625616,835
2000-05-06 01:21:00+00:00,30040.306619009756,30060.22556111652,30024.104765272772,30039.745622861312,299
2000-05-11 01:21:00+00:00,30038.97745416582,30054.14361314246,30025.531321919185,30039.064801299028,277
2000-05-16 01:21:00+00:00,30041.85131607395,30056.62661909268,30034.751437687093,30041.060970478935,886
2000-05-21 01:21:00+00:00,30042.665534561387,30060.15229787969,30022.779144662894,30043.958525838494,554
2000-05-26 01:21:00+00:00,30041.958178875753,30060.557519846716,30026.3193794858,30043.29029788221,303
2000-05-31 01:21:00+00:00,30041.652520932003,30057.940364825867,30038.06638524496,30043.932109156664,917
2000-06-05 01:21:00+00:00,30039.983398671004,30043.256303474856,30036.573967898243,30040.877932800748,307
2000-06-10 01:21:00+00:00,30040.27305616076,30053.79621084279,30036.927985282095,30038.651062924928,375
2000-06-15 01:21:00+00:00,30039.03963001068,30046.85107403762,30033.12808727633,30041.218441815236,963
2000-06-20 01:21:00+00:00,30039.31348999582,30042.048944618986,30025.00276220018,30039.29524544018,638
2000-06-25 01:21:00+00:00,30040.591074500848,30057.106120499357,30040.520753400695,30040.77891747411,887
2000-06-30 01:21:00+00:00,30040.290455741226,30057.88062902948,30022.104565001482,30040.089826430973,730
2000-07-05 01:21:00+00:00,30041.03923750888,30060.21681775834,30029.467880089476,30041.90171617116,329
2000-07-10 01:21:00+00:00,30041.46134833678,30053.761383925743,30039.130175725677,30042.552739033123,933
2000-07-15 01:21:00+00:00,30041.36273582909,30055.60181639454,30036.33657335311,30040.779536781072,864
2000-07-20 01:21:00+00:00,30042.151767628824,30054.901295217085,30041.43610618183,30041.450825815446,972
2000-07-25 01:21:00+00:00,30043.05412184986,30051.788850241537,30031.075617022107,30043.897730990928,453
2000-07-30 01:21:00+00:00,30044.028287660112,30047.91969421308,30025.70359503188,30042.111656057587,692
2000-08-04 01:21:00+00:00,30045.84123431817,30049.563288229154,30039.61851751346,30046.4182396374,958
2000-08-09 01:21:00+00:00,30047.749932373317,30061.27879595539,30044.285650620546,30047.528064433176,898
2000-08-14 01:21:00+00:00,30047.341746676673,30057.791237603753,30046.64136673,30045.567022670897,263
2000-08-19 01:21:00+00:00,30046.372297667556,30063.103374333576,30034.83178700822,30045.587874398592,880
2000-08-24 01:21:00+00:00,30048.095832790616,30058.315402142,30040.195797431687,30048.591007280353,948
2000-08-29 01:21:00+00:00,30047.245187365927,30050.475203815367,30038.487722196027,30047.24464337057,769
2000-09-03 01:21:00+00:00,30048.44808264623,30066.43242645985,30047.486180704967,30045.767115895454,879
2000-09-08 01:21:00+00:00,30051.055760933417,30058.942458501533,30038.533312310814,30052.262098183775,829
2000-09-13 01:21:00+00:00,30050.821102011192,30063.592199100676,30034.344970224527,30050.233702268677,413
2000-09-18 01:21:00+00:00,30049.23277666284,30059.570691545767,30031.494489680765,30048.07220925355,262
2000-09-23 01:21:00+00:00,30049.25705451025,30067.653007370915,30034.913271172434,30048.826537614572,697
2000-09-28 01:21:00+00:00,30048.358555551793,30052.431133781185,30031.903352662182,30048.12660497579,538
2000-10-03 01:21:00+00:00,30046.732261126424,30059.877069455983,30031.835956072813,30045.513462568608,625
2000-10-08 01:21:00+00:00,30044.059479601976,30050.393943116935,30043.544308216166,30042.18169715167,317
2000-10-13 01:21:00+00:00,30043.975109458697,30046.468618082825,30027.04819577015,30044.337765736687,942
2000-10-18 01:21:00+00:00,30045.45961140758,30047.84722843468,30038.89932325044,30044.56285979051,389
2000-10-23 01:21:00+00:00,30044.822486038513,30054.09528611616,30041.057437249594,30043.607852553723,861
2000-10-28 01:21:00+00:00,30044.72230471279,30061.96598987434,30026.214507310648,30044.073641968367,776
2000-11-02 01:21:00+00:00,30044.291496681446,30062.845954342694,30031.15537260906,30044.324301251374,642
2000-11-07 01:21:00+00:00,30044.629320523487,30051.267673179944,30029.001315029578,30044.60764428348,553
2000-11-12 01:21:00+00:00,30044.3173217551,30051.066578897065,30025.85085453905,30043.348609582175,267
2000-11-17 01:21:00+00:00,30044.306371900344,30063.9617088958,30031.39540313059,30044.64262252519,446
2000-11-22 01:21:00+00:00,30043.690360426976,30062.12888803389,30029.599856590172,30042.701556321656,940
2000-11-27 01:21:00+00:00,30043.37188498649,30053.82904551627,30028.66293767585,30045.9694908797,414
2000-12-02 01:21:00+00:00,30042.072031863354,30043.698827026008,30030.01069521259,30041.113992906954,125
2000-12-07 01:21:00+00:00,30041.825781735784,30059.99903189307,30025.79167983059,30043.135489908647,302
2000-12-12 01:21:00+00:00,30040.581986887686,30050.229779783243,30031.252714668226,30040.501151242643,373
2000-12-17 01:21:00+00:00,30039.665670952345,30039.794485973438,30028.96857539099,30038.737041734887,133
2000-12-22 01:21:00+00:00,30039.317151161555,30053.579543291053,30027.995586950627,30040.230698219344,260
2000-12-27 01:21:00+00:00,30038.332583259664,30048.069721133743,30027.06996473915,30037.86026886768,991
2001-01-01 01:21:00+00:00,30038.690474217434,30047.529796593015,30025.755524408363,30038.82541376046,362
2001-01-06 01:21:00+00:00,30037.85224825074,30055.790022174984,30030.900175059363,30036.616845918885,890
2001-01-11 01:21:00+00:00,30039.006871331196,30052.0775666704,30033.38858723928,30038.960120487645,186
2001-01-16 01:21:00+00:00,30039.06355241293,30043.956930189295,30038.3329724343,30038.555347488385,528
2001-01-21 01:21:00+00:00,30038.0900374025,30042.42151891587,30028.09753921988,30039.047593028423,289
2001-01-26 01:21:00+00:00,30038.925291053245,30054.8582228186,30029.13901390609,30040.548129370163,701
2001-01-31 01:21:00+00:00,30040.636832505286,30046.324671414888,30030.356701553937,30040.30271011025,677
2001-02-05 01:21:00+00:00,30040.610490174844,30045.3500395957,30034.369560248764,30040.14650538902,726
2001-02-10 01:21:00+00:00,30039.48678028357,30055.78524802492,30020.630423900206,30039.049375424154,684
2001-02-15 01:21:00+00:00,30038.833622146663,30042.57817004161,30024.29902725865,30039.850989645423,836
2001-02-20 01:21:00+00:00,30039.954517187725,30042.220424683837,30021.23619131729,30039.84193142726,669
2001-02-25 01:21:00+00:00,30040.85903199367,30055.791084294215,30032.604439583814,30041.3025127963,595
2001-03-02 01:21:00+00:00,30042.88981164209,30054.64668668287,30027.61708681073,30043.260664577367,798
2001-03-07 01:21:00+00:00,30042.677011814285,30062.197721824803,30033.59595353405,30042.860963857183,804
2001-03-12 01:21:00+00:00,30040.812417736364,30051.762456222026,30034.232653233023,30042.284346258635,887
2001-03-17 01:21:00+00:00,30041.17194910622,30052.43457229367,30023.435271051363,30041.581085434133,243
2001-03-22 01:21:00+00:00,30039.211339946738,30048.31363805513,30024.12587586403,30038.322999327676,562
2001-03-27 01:21:00+00:00,30041.69134151303,30054.693301514137,30029.43153151369,30040.547585623593,964
2001-04-01 01:21:00+00:00,30040.937216329294,30059.39714101996,30027.07103712337,30040.12372542901,784
2001-04-06 01:21:00+00:00,30040.83139816983,30043.343938326758,30035.650283370032,30041.36991689237,191
2001-04-11 01:21:00+00:00,30041.992005731976,30050.501726509076,30033.734436864303,30040.84908629565,997
2001-04-16 01:21:00+00:00,30041.279759636025,30056.40948088559,30040.59147877699,30039.41143776406,190
2001-04-21 01:21:00+00:00,30043.39536772158,30045.427350539816,30034.91963288022,30044.94572082412,897
2001-04-26 01:21:00+00:00,30044.777762205398,30046.578508084247,30037.21842138348,30044.12940148697,499
2001-05-01 01:21:00+00:00,30046.123210954425,30056.989292620718,30032.567421967484,30045.171341153382,621
2001-05-06 01:21:00+00:00,30044.846877038675,30044.9854670818,30036.17659122829,30042.469147552238,519
2001-05-11 01:21:00+00:00,30045.75176038318,30059.85721314787,30028.07637370449,30046.09211425807,851
2001-05-16 01:21:00+00:00,30048.043825231776,30057.553964859057,30037.343902256172,30047.17850657607,799
2001-05-21 01:21:00+00:00,30048.68530817722,30063.854579153012,30032.227118016643,30048.161519649206,575
2001-05-26 01:21:00+00:00,30049.21527046596,30065.86735563898,30035.576019169683,30050.841558755325,129
2001-05-31 01:21:00+00:00,30047.47024077856,30049.90879376248,30044.841915039073,30045.43520893717,620
2001-06-05 01:21:00+00:00,30047.855611419425,30067.703454812137,30032.365440728823,30046.950599888653,463
2001-06-10 01:21:00+00:00,30049.82524047361,30052.8367832259,30035.09249192267,30048.37102994553,109
2001-06-15 01:21:00+00:00,30049.366917448973,30061.62416263668,30044.791675917502,30048.91310561351,967
2001-06-20 01:21:00+00:00,30047.544419533744,30049.61548435294,30043.671020404992,30047.14418830096,425
2001-06-25 01:21:00+00:00,30048.505388919715,30066.016476190416,30046.058395148182,30048.671078840493,138
2001-06-30 01:21:00+00:00,30047.05329690104,30047.7281935255,30031.770440429467,30046.66374316537,620
2001-07-05 01:21:00+00:00,30045.60881814865,30051.994182572675,30044.823877328967,30046.04211599226,539
2001-07-10 01:21:00+00:00,30046.883257003552,30050.744505854986,30035.66718683115,30045.968437167758,477
2001-07-15 01:21:00+00:00,30048.522837844106,30057.59673088583,30034.880153285296,30047.970124273234,192
2001-07-20 01:21:00+00:00,30048.627661447386,30049.67881317214,30037.44577028858,30048.667884956754,701
2001-07-25 01:21:00+00:00,30048.511994823497,30066.2320747324,30034.514782261114,30048.19046562997,353
2001-07-30 01:21:00+00:00,30047.098362523346,30052.209068767726,30033.098631563837,30046.33612087065,844
2001-08-04 01:21:00+00:00,30046.426770410835,30051.73671926585,30027.996959276818,30046.458732097606,631
2001-08-09 01:21:00+00:00,30044.83622450316,30058.924018156,30041.56831781335,30045.85193669773,239
2001-08-14 01:21:00+00:00,30042.997040939837,30048.439012744555,30029.072452072603,30042.923479816152,691
2001-08-19 01:21:00+00:00,30043.928199239144,30052.184187294082,30031.591377010438,30044.623314507673,994
2001-08-24 01:21:00+00:00,30044.44912993681,30045.034418065625,30025.912883548495,30044.403567303594,435
2001-08-29 01:21:00+00:00,30045.234088493457,30064.627418431697,30040.19636472123,30043.997148555987,994
2001-09-03 01:21:00+00:00,30044.940815390128,30064.841743507972,30025.064061908597,30044.437548494603,526
2001-09-08 01:21:00+00:00,30045.198366525463,30054.81303350889,30031.907140812848,30044.811667362974,110
2001-09-13 01:21:00+00:00,30045.80738884765,30047.82054493729,30043.946499343772,30045.553061706523,556
2001-09-18 01:21:00+00:00,30045.417125611213,30063.54842772783,30035.46011329574,30043.58854117292,689
2001-09-23 01:21:00+00:00,30046.324477260794,30057.220487550127,30041.32503497976,30048.74852506325,804
2001-09-28 01:21:00+00:00,30045.77612561639,30060.000711579138,30027.20307813602,30045.139623937703,108
2001-10-03 01:21:00+00:00,30044.308086336412,30047.114668461258,30030.766772801377,30044.58574894729,782
2001-10-08 01:21:00+00:00,30044.13129945144,30045.046767799937,30034.62047828815,30043.972988012556,451
2001-10-13 01:21:00+00:00,30044.274372102824,30055.78244429896,30043.807027950363,30042.646355384444,768
2001-10-18 01:21:00+00:00,30043.892236187978,30051.23380530085,30029.05570148991,30044.02578687464,627
2001-10-23 01:21:00+00:00,30044.56705548031,30057.229296083773,30030.200626405003,30044.257672061347,951
2001-10-28 01:21:00+00:00,30045.61000432773,30060.418775224418,30036.242090354674,30046.15754977935,131
2001-11-02 01:21:00+00:00,30045.773032914552,30055.02654933701,30026.502919069822,30047.515841142034,758
2001-11-07 01:21:00+00:00,30045.286626933284,30064.66868676165,30032.15569574401,30045.814623704973,795
2001-11-12 01:21:00+00:00,30045.30743113498,30045.951555904354,30040.21873451311,30045.273903531914,321
2001-11-17 01:21:00+00:00,30045.626504743752,30056.76979280633,30030.44002096224,30045.778891594746,590
2001-11-22 01:21:00+00:00,30046.422437293928,30055.4345547387,30032.484152887715,30048.29092296847,377
2001-11-27 01:21:00+00:00,30045.61532639915,30056.98585556334,30041.623642547776,30046.38563808727,885
2001-12-02 01:21:00+00:00,30046.70938112725,30047.262758918827,30038.793267435594,30045.21679733025,429
2001-12-07 01:21:00+00:00,30046.248768295496,30053.742121435153,30034.993840528325,30047.460678459014,769
2001-12-12 01:21:00+00:00,30047.351965872782,30064.859568497955,30044.138202978906,30047.11150629458,106
2001-12-17 01:21:00+00:00,30047.232306333255,30064.223458561923,30041.46050070859,30049.385345010294,427
2001-12-22 01:21:00+00:00,30046.900606929375,30057.025972365696,30035.098111354142,30048.079444387397,285
2001-12-27 01:21:00+00:00,30049.253487255934,30053.703493345998,30046.588802242524,30050.510208311764,774
2002-01-01 01:21:00+00:00,30050.231558655094,30054.266237479856,30037.290813795946,30051.177086864453,591
2002-01-06 01:21:00+00:00,30049.007671493047,30057.728550025666,30047.815521268298,30047.68989001387,500
2002-01-11 01:21:00+00:00,30049.59692756143,30058.220118448444,30045.837466479545,30049.91188477137,153
2002-01-16 01:21:00+00:00,30048.613792685792,30068.168294075953,30040.038513205694,30049.023242154817,230
2002-01-21 01:21:00+00:00,30050.6887452578,30052.93500159057,30041.94641056322,30049.525575727064,674
2002-01-26 01:21:00+00:00,30051.754540659473,30057.46917895513,30038.305617131515,30052.066924430266,345
2002-01-31 01:21:00+00:00,30052.463027468653,30055.986465878133,30040.632748737702,30051.450107737975,737
2002-02-05 01:21:00+00:00,30052.259417182235,30070.995995464353,30045.42095628011,30052.40587375418,220
2002-02-10 01:21:00+00:00,30051.77081245483,30062.56769712915,30037.603662861806,30051.557272669088,643
2002-02-15 01:21:00+00:00,30050.180238692177,30055.615969209153,30036.570710327793,30050.291388257883,802
2002-02-20 01:21:00+00:00,30050.385304671832,30055.264915308067,30043.64370235449,30048.91227847433,751
2002-02-25 01:21:00+00:00,30049.80868910426,30054.210064354513,30042.808456887462,30049.22299634873,333
2002-03-02 01:21:00+00:00,30051.345327418003,30054.464293191788,30038.125173495057,30049.93651326399,482
2002-03-07 01:21:00+00:00,30051.080591780657,30057.94994663068,30034.96919530246,30051.434620632335,289
2002-03-12 01:21:00+00:00,30051.43757752247,30067.471333664595,30044.524607799125,30049.76355938092,489
2002-03-17 01:21:00+00:00,30051.82704692017,30054.3781753903,30048.005995137988,30051.318339967707,505
2002-03-22 01:21:00+00:00,30051.225099814088,30052.089287460025,30048.76651963778,30051.472411248134,783
2002-03-27 01:21:00+00:00,30050.890174035285,30059.143337560297,30046.427504627824,30051.624600834817,970
2002-04-01 01:21:00+00:00,30049.21990370161,30061.424226095052,30031.71088991658,30051.086754965847,263
2002-04-06 01:21:00+00:00,30050.353259630283,30057.80563482896,30048.447027549686,30050.77012074474,229
2002-04-11 01:21:00+00:00,30052.418043922986,30063.81765351941,30046.465809163838,30052.68399475043,500
2002-04-16 01:21:00+00:00,30053.418842814743,30061.87176658751,30033.884343735037,30053.26707100397,882
2002-04-21 01:21:00+00:00,30052.74851531287,30053.90094059019,30033.71892790615,30052.060994165666,105
2002-04-26 01:21:00+00:00,30052.568035441953,30063.933567335644,30040.549617410645,30052.566610462607,996
2002-05-01 01:21:00+00:00,30054.66142227442,30071.52737106973,30053.853222443686,30054.777543041204,115
2002-05-06 01:21:00+00:00,30056.264480915725,30060.603071248344,30044.39696705426,30054.743462481947,177
2002-05-11 01:21:00+00:00,30056.14715979373,30067.32707607635,30049.706618348886,30057.69139362404,932
2002-05-16 01:21:00+00:00,30056.799539753956,30076.1182846267,30051.017332484193,30056.179842936777,161
2002-05-21 01:21:00+00:00,30057.78263641622,30071.346491330456,30049.141502831695,30057.066414530942,712
2002-05-26 01:21:00+00:00,30059.622649909463,30077.6303751146,30057.007760785742,30061.120350157493,363
2002-05-31 01:21:00+00:00,30059.873798295223,30076.273161347195,30045.700486035385,30059.93932234883,467
2002-06-05 01:21:00+00:00,30060.22889797056,30071.39653499311,30043.264575816556,30061.083759638524,344
2002-06-10 01:21:00+00:00,30059.979907722165,30067.9172059936,30045.90068716387,30057.929123180747,648
2002-06-15 01:21:00+00:00,30059.42946719045,30076.75087962921,30050.750846801217,30058.704740477882,235
2002-06-20 01:21:00+00:00,30059.941588153015,30075.274179766522,30053.233503255957,30058.83031635106,213
2002-06-25 01:21:00+00:00,30059.64510082584,30066.184951492323,30053.677768228747,30059.522723170372,142
2002-06-30 01:21:00+00:00,30060.489230880066,30067.759850288712,30059.254619813488,30060.532677861214,353
2002-07-05 01:21:00+00:00,30062.80159781166,30064.945936372427,30043.40513744285,30063.98919668408,163
2002-07-10 01:21:00+00:00,30063.555131264056,30081.729603693046,30057.592027675862,30064.459099065625,148
2002-07-15 01:21:00+00:00,30063.410713734833,30078.571212986215,30055.842047071903,30064.397371051444,618
2002-07-20 01:21:00+00:00,30063.19000460158,30081.307363785774,30052.124811275055,30063.571873582143,678
2002-07-25 01:21:00+00:00,30063.799786031566,30082.810803662065,30045.36032711817,30062.961812214042,347
2002-07-30 01:21:00+00:00,30062.587601413827,30078.04253780976,30053.351077347736,30063.024170071887,430
2002-08-04 01:21:00+00:00,30064.953296891188,30084.01491564211,30062.0540547951,30066.41496249674,814
2002-08-09 01:21:00+00:00,30064.35234865102,30073.69556652705,30057.007076988823,30065.470575129537,839
2002-08-14 01:21:00+00:00,30063.31040592436,30074.01196232076,30054.464200841616,30063.085676988154,796
2002-08-19 01:21:00+00:00,30063.293566703134,30066.35926415677,30058.100233031433,30063.590967424658,113
2002-08-24 01:21:00+00:00,30063.983753967652,30064.894977130374,30049.220551196075,30063.32345706163,880
2002-08-29 01:21:00+00:00,30063.253115994918,30069.340317162405,30049.95489089432,30063.001290609987,256
2002-09-03 01:21:00+00:00,30063.08829679658,30082.929858764594,30050.866712833078,30063.675930070276,335
2002-09-08 01:21:00+00:00,30062.8290561191,30069.8370573933,30062.31647237402,30063.20748753745,362
2002-09-13 01:21:00+00:00,30063.725286561134,30078.03966929054,30049.735907052487,30062.424138918494,647
2002-09-18 01:21:00+00:00,30062.31648873629,30071.21302255408,30042.93051555313,30062.64581584104,109
2002-09-23 01:21:00+00:00,30063.180452026078,30080.87026809284,30048.145318814353,30064.163817502984,863
2002-09-28 01:21:00+00:00,30064.259148264235,30076.415178307623,30052.135254266654,30064.755387345267,204
2002-10-03 01:21:00+00:00,30064.75557945854,30065.537293180223,30061.3605182231,30065.413312210803,386
2002-10-08 01:21:00+00:00,30065.286287238123,30080.645102406914,30059.603612856572,30064.86479961336,788
2002-10-13 01:21:00+00:00,30064.852215534003,30071.601860910454,30060.160312445903,30064.02685948424,806
2002-10-18 01:21:00+00:00,30065.30339039557,30071.545173784354,30054.297227240902,30065.35890937143,866
2002-10-23 01:21:00+00:00,30063.931610097512,30064.76019431601,30049.606783122355,30063.356427631035,759
2002-10-28 01:21:00+00:00,30063.75127032585,30073.69278683562,30057.325971506823,30063.291914282356,788
2002-11-02 01:21:00+00:00,30062.86927009176,30067.825896655286,30057.19435258325,30062.869493439935,490
2002-11-07 01:21:00+00:00,30061.542860345628,30064.38845568083,30049.066971951288,30062.54182157209,401
2002-11-12 01:21:00+00:00,30062.058736545463,30072.797216473497,30044.94742009287,30060.931106018856,487
2002-11-17 01:21:00+00:00,30061.822602800716,30067.505454956117,30043.546067024577,30061.31785639824,373
2002-11-22 01:21:00+00:00,30060.41016562991,30067.370786633834,30054.510048884746,30059.451251645536,618
2002-11-27 01:21:00+00:00,30060.47545506428,30075.685084456432,30046.75774927281,30058.58520048691,425
2002-12-02 01:21:00+00:00,30060.945246112093,30063.014512724043,30045.874734409277,30060.259723443345,455
2002-12-07 01:21:00+00:00,30060.955880742025,30078.29454299919,30055.735909090698,30060.79749093057,480
2002-12-12 01:21:00+00:00,30061.206602537197,30066.790294821247,30050.53442691016,30062.292781646127,695
2002-12-17 01:21:00+00:00,30062.14382269037,30063.853477184744,30061.54110658613,30061.90797627049,256
2002-12-22 01:21:00+00:00,30063.886718194648,30072.18472947051,30058.957493176786,30065.433825428237,913
2002-12-27 01:21:00+00:00,30063.54334741061,30075.023087032427,30052.248760334656,30064.74550496237,349
2003-01-01 01:21:00+00:00,30063.83060853794,30067.81134781533,30060.470997108612,30064.60965705893,808
2003-01-06 01:21:00+00:00,30063.409250512108,30073.272968668312,30043.927431308784,30063.409431380296,881
2003-01-11 01:21:00+00:00,30064.228760603346,30069.113536083638,30052.543988669982,30061.952475863243,988
2003-01-16 01:21:00+00:00,30064.166963668216,30077.43204100009,30064.090151245433,30064.0542189445,326
2003-01-21 01:21:00+00:00,30064.289771019034,30078.642250216177,30058.315795657032,30063.529508919102,790
2003-01-26 01:21:00+00:00,30064.168885508665,30068.1674297214,30062.53941860567,30065.59344401194,284
2003-01-31 01:21:00+00:00,30063.58285139002,30074.58255218379,30057.349833878547,30064.15056456439,679
2003-02-05 01:21:00+00:00,30063.63873097349,30066.778857994974,30051.112662341297,30063.1453751584,441
2003-02-10 01:21:00+00:00,30062.449522499457,30067.05254336333,30054.224769457433,30063.129736361745,188
2003-02-15 01:21:00+00:00,30062.184033361165,30072.21712501906,30058.600882212006,30062.30793755443,806
2003-02-20 01:21:00+00:00,30062.07579895569,30077.844744607417,30059.094142691018,30062.755392819618,736
2003-02-25 01:21:00+00:00,30062.320187763242,30070.62587869387,30050.119174199426,30062.755198491905,750
2003-03-02 01:21:00+00:00,30062.706111781805,30081.741050669814,30054.06190817942,30062.87101732261,347
2003-03-07 01:21:00+00:00,30063.89408966218,30074.22924215268,30063.28708014499,30065.664482729084,494
2003-03-12 01:21:00+00:00,30063.3095132601,30078.93864089175,30061.21600642205,30064.333264665223,970
2003-03-17 01:21:00+00:00,30063.01447546546,30078.449561291814,30061.222882149264,30061.373536744377,460
2003-03-22 01:21:00+00:00,30063.14674803979,30082.955265633616,30044.36680222945,30061.70210674629,837
2003-03-27 01:21:00+00:00,30062.583732363833,30079.809669084676,30053.570860501313,30062.424522831934,528
2003-04-01 01:21:00+00:00,30062.82935132938,30072.54447672122,30051.78825892205,30062.871243242265,412
2003-04-06 01:21:00+00:00,30063.9941563128,30076.788872818754,30045.23720480275,30064.917103997628,417
2003-04-11 01:21:00+00:00,30064.362473900048,30069.834739202925,30052.62978896438,30063.519561516296,256
2003-04-16 01:21:00+00:00,30066.427822105,30074.876628566803,30064.353186769284,30066.0941215683,190
2003-04-21 01:21:00+00:00,30067.092084234853,30067.328024059614,30061.3525129284,30065.109170763408,199
2003-04-26 01:21:00+00:00,30067.22486706753,30083.425893039665,30056.673438386562,30066.96524047568,998
2003-05-01 01:21:00+00:00,30068.18224261757,30069.398619521333,30054.16978547225,30069.102495865525,562
2003-05-06 01:21:00+00:00,30068.629852046284,30074.84313041826,30065.76692368406,30068.801473352753,169
2003-05-11 01:21:00+00:00,30068.186621597873,30082.51532865282,30051.79993190404,30068.933428074382,473
2003-05-16 01:21:00+00:00,30067.10089237964,30068.505585396255,30066.7955328069,30066.015909999638,897
2003-05-21 01:21:00+00:00,30067.13885222123,30070.167858033343,30053.347888670032,30067.423551004027,902
2003-05-26 01:21:00+00:00,30066.54494070334,30080.825526122495,30051.88809549543,30066.274234962,741
2003-05-31 01:21:00+00:00,30067.132661418156,30078.91735703462,30052.01874953199,30065.22088920767,666
2003-06-05 01:21:00+00:00,30068.513004761702,30080.121572624157,30064.87068252425,30069.15695871588,918
2003-06-10 01:21:00+00:00,30068.463427765568,30076.48285570255,30049.38681476753,30069.185686827295,309
2003-06-15 01:21:00+00:00,30068.372172522708,30087.85155724334,30059.815653981295,30068.83062912922,168
2003-06-20 01:21:00+00:00,30067.767859724194,30068.62733247672,30062.803099010303,30068.415855324653,692
2003-06-25 01:21:00+00:00,30067.423450980816,30075.944984864018,30067.29587577664,30067.176750674407,786
2003-06-30 01:21:00+00:00,30067.617471343543,30086.64115980571,30052.184661270814,30066.426216618147,648
2003-07-05 01:21:00+00:00,30068.64546485821,30074.65845766946,30051.94829476394,30068.121566417627,791
2003-07-10 01:21:00+00:00,30069.211105299226,30071.160921278417,30050.66635094461,30070.266048881153,195
2003-07-15 01:21:00+00:00,30069.023739446733,30088.55092101205,30051.415974245883,30070.547089243522,496
2003-07-20 01:21:00+00:00,30067.73794302164,30071.019668798308,30066.71043653278,30065.115392096177,249
2003-07-25 01:21:00+00:00,30069.56584957875,30075.16906912586,30066.091257291937,30070.616509203923,195
2003-07-30 01:21:00+00:00,30068.844750065895,30071.583143492404,30059.46740196067,30069.94369950519,844
2003-08-04 01:21:00+00:00,30069.14838842699,30087.654201723577,30056.107154934758,30069.028848280817,556
2003-08-09 01:21:00+00:00,30068.94754354125,30073.53239209139,30050.147675504104,30069.432266130458,826
2003-08-14 01:21:00+00:00,30067.737091369447,30081.1275234129,30055.28654951216,30066.222276588804,145
2003-08-19 01:21:00+00:00,30068.754620060503,30078.706951622702,30058.213384140978,30068.899037639243,550
2003-08-24 01:21:00+00:00,30069.20520448754,30080.039514853124,30055.343528013902,30070.638948302854,333
2003-08-29 01:21:00+00:00,30067.79546133368,30074.075527678084,30065.405923204733,30067.30482380846,426
2003-09-03 01:21:00+00:00,30068.60276881186,30079.032869540475,30058.069685352235,30068.628381784103,128
2003-09-08 01:21:00+00:00,30067.997819644752,30077.76252973396,30061.824632944546,30070.363717699012,421
2003-09-13 01:21:00+00:00,30067.223160648347,30079.500465499117,30056.699087613368,30066.511200505414,166
2003-09-18 01:21:00+00:00,30068.205905733554,30083.260092706943,30060.65588631541,30066.23989929579,345
2003-09-23 01:21:00+00:00,30067.881058907427,30087.020346017995,30067.342882485776,30069.04622901607,582
2003-09-28 01:21:00+00:00,30068.845380082737,30069.58763098868,30062.648108822337,30068.747142411376,567
2003-10-03 01:21:00+00:00,30068.496751800656,30078.23591029099,30059.590558344913,30068.748278780928,362
2003-10-08 01:21:00+00:00,30068.285955889358,30087.133885986823,30064.775921651337,30068.473591923328,786
2003-10-13 01:21:00+00:00,30069.211887526588,30081.574594481557,30055.322345538072,30070.840030445812,972
2003-10-18 01:21:00+00:00,30070.053874043162,30076.40176161881,30068.03484681081,30070.91850888515,809
2003-10-23 01:21:00+00:00,30069.501960797174,30072.670209240438,30059.955890535275,30069.438350849123,270
2003-10-28 01:21:00+00:00,30069.059523108666,30088.823126648036,30062.764927811302,30068.734677569806,987
2003-11-02 01:21:00+00:00,30067.87174034894,30077.190797998956,30056.500574985028,30067.835065971092,370
2003-11-07 01:21:00+00:00,30067.160652469272,30087.13139081875,30066.030048729728,30066.711832526376,846
2003-11-12 01:21:00+00:00,30066.37407038748,30082.548527463696,30057.84655182038,30066.48935229663,452
2003-11-17 01:21:00+00:00,30065.544951609223,30068.689863595493,30059.57454809839,30064.28757591541,368
2003-11-22 01:21:00+00:00,30066.446359371297,30067.239100302202,30059.284916532277,30065.638912397717,976
2003-11-27 01:21:00+00:00,30066.266283724828,30068.21042897716,30059.639616940738,30066.576944090186,525
2003-12-02 01:21:00+00:00,30066.36986881969,30070.601005070203,30049.23269818748,30066.158427141847,636
2003-12-07 01:21:00+00:00,30064.866850305953,30072.533149104434,30046.932580856923,30063.215343491327,860
2003-12-12 01:21:00+00:00,30063.392583374705,30070.38115405236,30048.2541982795,30064.984434219183,376
2003-12-17 01:21:00+00:00,30061.624633817068,30061.71729792735,30053.494468239736,30059.892413391484,949
2003-12-22 01:21:00+00:00,30061.324153148573,30061.343016805342,30048.240490730357,30061.518158813513,734
2003-12-27 01:21:00+00:00,30061.668875911248,30080.798147687547,30047.90444681108,30060.357742588567,846
2004-01-01 01:21:00+00:00,30062.83970487109,30073.88170822503,30049.514934758034,30063.17008939588,811
2004-01-06 01:21:00+00:00,30063.29210823149,30065.938902657166,30051.352388977793,30062.6503754227,647
2004-01-11 01:21:00+00:00,30061.99989114883,30063.552651253718,30061.50268912775,30063.38894767519,558
2004-01-16 01:21:00+00:00,30062.03157126617,30068.881688321508,30050.916258325047,30061.607477200494,762
2004-01-21 01:21:00+00:00,30061.259514834055,30068.268132662954,30047.105115315833,30060.46173177645,504
2004-01-26 01:21:00+00:00,30061.421648015323,30065.36642839417,30046.84377652609,30060.08732563102,682
2004-01-31 01:21:00+00:00,30062.318507908938,30064.60069201236,30043.06677528706,30064.15189631378,981
2004-02-05 01:21:00+00:00,30062.354889999217,30077.932680395403,30046.136587340916,30063.28653677407,617
2004-02-10 01:21:00+00:00,30062.727695653157,30077.83213604385,30050.580616385658,30063.16865805988,626
2004-02-15 01:21:00+00:00,30062.20181817835,30076.37204427554,30049.772435776882,30061.699767080405,840
2004-02-20 01:21:00+00:00,30062.847743320664,30070.712756580113,30062.373534676182,30064.100703858232,492
2004-02-25 01:21:00+00:00,30062.534137112376,30077.949525797918,30055.91794366324,30062.8465331963,990
2004-03-01 01:21:00+00:00,30060.755366197147,30073.44132963161,30055.91212404384,30061.29244808554,962
2004-03-06 01:21:00+00:00,30061.84425856627,30068.743931457753,30047.503309261603,30062.054143889152,933
2004-03-11 01:21:00+00:00,30062.82620048284,30074.360680071422,30054.38716869798,30060.311647896462,646
2004-03-16 01:21:00+00:00,30064.25609017479,30070.760608608784,30063.257626375238,30062.82190891894,942
2004-03-21 01:21:00+00:00,30064.544503219575,30070.860785485,30051.091711088407,30064.880254416763,310
2004-03-26 01:21:00+00:00,30063.64319232127,30069.86289901649,30059.115158038447,30063.01518096683,232
2004-03-31 01:21:00+00:00,30063.754689296726,30075.17573112732,30058.44104870023,30062.749910587754,265
2004-04-05 01:21:00+00:00,30064.19406029588,30072.36023563792,30046.940044862706,30064.980744723256,415
2004-04-10 01:21:00+00:00,30065.183624498528,30082.05673431079,30056.914985690666,30066.38492876677,413
2004-04-15 01:21:00+00:00,30064.33894257937,30074.408324697328,30049.07062188468,30064.985907565504,820
2004-04-20 01:21:00+00:00,30063.170447407152,30068.46958132617,30049.936960909,30063.277888953562,404
2004-04-25 01:21:00+00:00,30064.007613104437,30080.529504638358,30051.220379396877,30061.811822218897,644
2004-04-30 01:21:00+00:00,30065.50565128479,30067.76566512377,30054.170094320514,30065.747813001104,973
2004-05-05 01:21:00+00:00,30065.73986942896,30068.92221129747,30063.324721884903,30063.984232450475,283
2004-05-10 01:21:00+00:00,30065.810468173033,30072.940329057754,30052.831711410257,30066.67898772435,688
2004-05-15 01:21:00+00:00,30063.876301632867,30075.29535108567,30052.551267251984,30062.602760871192,614
2004-05-20 01:21:00+00:00,30064.45938542925,30081.82153864588,30054.731687123134,30063.620431133913,529
2004-05-25 01:21:00+00:00,30065.341373594107,30071.283391242945,30056.67622453261,30065.822331098014,475
2004-05-30 01:21:00+00:00,30064.48470166672,30077.04603728497,30059.980556358412,30066.28181727913,718
2004-06-04 01:21:00+00:00,30065.273190720323,30065.42529097186,30059.05736885157,30066.821768883066,986
2004-06-09 01:21:00+00:00,30065.22086562903,30080.6103790229,30049.447285554885,30067.971023126367,706
2004-06-14 01:21:00+00:00,30064.62116613795,30084.21979980343,30053.95906935647,30066.12841956503,709
2004-06-19 01:21:00+00:00,30065.85797919491,30073.408981044715,30046.461278626684,30067.61602325127,874
2004-06-24 01:21:00+00:00,30065.99217288981,30072.233729344258,30050.173964554884,30066.009333961938,559
2004-06-29 01:21:00+00:00,30066.48545814445,30084.05837919972,30046.716857623273,30064.80818833977,271
2004-07-04 01:21:00+00:00,30065.762096682276,30068.23702969511,30055.635709458027,30064.631350877007,227
2004-07-09 01:21:00+00:00,30064.886725915378,30074.234082389703,30064.67918196393,30064.181657539055,970
2004-07-14 01:21:00+00:00,30066.34814116195,30074.620144899152,30052.372707628994,30065.124434842335,398
2004-07-19 01:21:00+00:00,30066.53112464317,30073.788844726125,30056.874855629092,30066.48040789896,835
2004-07-24 01:21:00+00:00,30066.35333904146,30075.18299826004,30059.826178894502,30066.706113543038,370
2004-07-29 01:21:00+00:00,30066.13331646511,30078.32636722242,30054.7882535531,30066.290551946855,911
2004-08-03 01:21:00+00:00,30068.362761511755,30081.039701993093,30057.68641605347,30068.16574426498,873
2004-08-08 01:21:00+00:00,30069.74745901585,30081.876621649255,30061.83330188132,30069.218213110496,679
2004-08-13 01:21:00+00:00,30068.92724418321,30084.95711087333,30059.907150554845,30069.860808972106,114
2004-08-18 01:21:00+00:00,30067.39534504951,30077.603392815636,30064.05736689268,30067.10295964566,254
2004-08-23 01:21:00+00:00,30068.01278381422,30087.97838200399,30059.70641195531,30069.58245128687,946
2004-08-28 01:21:00+00:00,30069.184943913417,30081.72466085731,30052.475671578457,30068.125524979092,649
2004-09-02 01:21:00+00:00,30067.59071013305,30085.944988718475,30048.43792886784,30066.83003022896,186
2004-09-07 01:21:00+00:00,30068.244207835494,30068.38122226405,30052.02982288877,30068.205149288406,153
2004-09-12 01:21:00+00:00,30067.74518616102,30079.405923650156,30052.751146530154,30068.078919070562,946
2004-09-17 01:21:00+00:00,30067.653535931917,30069.103054800267,30054.37018440097,30066.490647948496,409
2004-09-22 01:21:00+00:00,30067.562636632774,30079.904799210417,30059.959341505368,30066.191372901827,701
2004-09-27 01:21:00+00:00,30066.577042192406,30077.21824203421,30055.899906665898,30066.689559493425,173
2004-10-02 01:21:00+00:00,30066.612648879247,30073.95045619049,30055.291216194433,30068.20364798341,402
2004-10-07 01:21:00+00:00,30066.439615997188,30068.772399376383,30046.692211030615,30064.344640519852,382
2004-10-12 01:21:00+00:00,30066.473910815927,30077.17511460589,30064.41755843122,30066.14067298925,918
2004-10-17 01:21:00+00:00,30066.53246158958,30085.853421128504,30050.295114857076,30065.180793323885,571
2004-10-22 01:21:00+00:00,30066.26188551456,30071.076003990434,30062.63816822917,30067.42762149484,673
2004-10-27 01:21:00+00:00,30065.084545870708,30069.80142266974,30055.58360203612,30065.263585383676,124
2004-11-01 01:21:00+00:00,30066.83357411645,30076.911177867434,30054.392106388685,30068.65136423403,658
2004-11-06 01:21:00+00:00,30065.576571955397,30079.2920165483,30060.609873784382,30065.820998320745,655
2004-11-11 01:21:00+00:00,30064.77107154493,30071.3953354886,30054.10806509743,30063.721216556318,604
2004-11-16 01:21:00+00:00,30065.83399864839,30079.954493211273,30049.540584865877,30063.930625991,154
2004-11-21 01:21:00+00:00,30066.440207429536,30082.089991034525,30050.033267559516,30065.72981747985,614
2004-11-26 01:21:00+00:00,30067.42847718577,30073.6933006924,30054.277409669052,30066.056025958642,693
2004-12-01 01:21:00+00:00,30066.871581182353,30085.060985356697,30052.783419128606,30066.059902279983,990
2004-12-06 01:21:00+00:00,30065.61002649529,30081.597310300866,30059.456855939414,30063.40412520305,185
2004-12-11 01:21:00+00:00,30064.391027136135,30075.353129152038,30046.164795854234,30065.45487264026,184
2004-12-16 01:21:00+00:00,30064.017518955498,30083.723185630493,30054.566905307947,30064.033918246885,465
2004-12-21 01:21:00+00:00,30063.1957481697,30069.355571812423,30045.754049770814,30062.133033472062,753
2004-12-26 01:21:00+00:00,30062.80248864618,30068.345161414676,30055.921846263966,30061.908697830582,211
2004-12-31 01:21:00+00:00,30064.5028505066,30077.924689344763,30058.99712906191,30063.81369418707,827
2005-01-05 01:21:00+00:00,30063.327558102414,30079.906420718737,30053.957109422354,30063.403259256676,155
2005-01-10 01:21:00+00:00,30063.763117260634,30067.27661556439,30058.060547491797,30062.882039828695,901
2005-01-15 01:21:00+00:00,30063.94689004951,30071.107350668175,30049.76599422468,30063.647616003556,574
2005-01-20 01:21:00+00:00,30063.64963367809,30079.123547558174,30053.28368187853,30064.707945956583,558
2005-01-25 01:21:00+00:00,30062.374187391433,30079.70582928703,30043.238230790208,30062.444563179895,377
2005-01-30 01:21:00+00:00,30062.686344129594,30078.27349193236,30061.590586056984,30062.67964074153,397
2005-02-04 01:21:00+00:00,30062.90571206688,30069.36895557763,30058.738009087054,30063.19718908667,212
2005-02-09 01:21:00+00:00,30062.750073694133,30071.849265514138,30052.37466064837,30063.077172770147,909
2005-02-14 01:21:00+00:00,30062.805780407496,30077.662893346536,30052.220534093336,30063.17034961187,929
2005-02-19 01:21:00+00:00,30062.828691432947,30070.302921058457,30051.69790877344,30063.515093565307,676
2005-02-24 01:21:00+00:00,30064.10559348428,30078.80106050767,30056.306773506672,30063.52005238187,314
2005-03-01 01:21:00+00:00,30062.964228558107,30076.014971735913,30053.978185890046,30062.592441313773,936
2005-03-06 01:21:00+00:00,30062.167329313077,30069.271304787122,30059.664906187874,30062.50202658745,810
2005-03-11 01:21:00+00:00,30061.40831220317,30072.604419275136,30054.948915762874,30061.6727194158,201
2005-03-16 01:21:00+00:00,30062.070874678928,30063.067843064106,30059.942607710298,30061.316309769285,152
2005-03-21 01:21:00+00:00,30062.035345120043,30079.475173144354,30044.512075144004,30062.87805321674,429
2005-03-26 01:21:00+00:00,30061.435421106853,30079.490293609495,30044.07070020471,30061.550633845578,166
2005-03-31 01:21:00+00:00,30060.5560908344,30065.744289651306,30041.533786263637,30060.779119255894,250
2005-04-05 01:21:00+00:00,30059.725183158305,30065.221145307063,30054.686890591904,30061.57774887659,882
2005-04-10 01:21:00+00:00,30059.4742565092,30073.83048478529,30045.098399027484,30060.784012824235,784
2005-04-15 01:21:00+00:00,30059.306998420052,30071.901587338456,30039.53740707642,30060.592068796213,658
2005-04-20 01:21:00+00:00,30059.281973337787,30064.055567656833,30040.81310470495,30059.825625884907,858
2005-04-25 01:21:00+00:00,30058.941256798713,30070.950783975863,30056.971271434315,30059.326743615104,121
2005-04-30 01:21:00+00:00,30058.24573503867,30075.653032973267,30051.567462710183,30059.728394353107,969
2005-05-05 01:21:00+00:00,30058.53835371119,30059.382093802193,30041.35487896786,30059.356551959238,874
2005-05-10 01:21:00+00:00,30057.5174330832,30076.94181101388,30044.11158453379,30057.49039657917,648
2005-05-15 01:21:00+00:00,30057.83502656199,30066.23726519711,30045.322463807363,30057.47654108602,241
2005-05-20 01:21:00+00:00,30057.999970679062,30076.777012739225,30044.560776906485,30059.72489350318,576
2005-05-25 01:21:00+00:00,30057.809993661023,30063.86266717327,30043.98148513981,30058.09638324733,768
2005-05-30 01:21:00+00:00,30056.52146201201,30068.33765772588,30045.391396073126,30057.96226026588,424
2005-06-04 01:21:00+00:00,30057.250440318512,30074.52497176194,30039.194177643807,30056.926922188235,583
2005-06-09 01:21:00+00:00,30055.809030868113,30057.271643085736,30048.07530482713,30055.335880394985,932
2005-06-14 01:21:00+00:00,30053.8606352951,30061.975606561264,30046.731587788483,30055.118191857626,950
2005-06-19 01:21:00+00:00,30053.060143834628,30072.799530761855,30041.27272995571,30053.247897831494,308
2005-06-24 01:21:00+00:00,30052.648847959194,30053.039965028413,30044.525247318907,30050.158834918133,421
2005-06-29 01:21:00+00:00,30052.957145367778,30070.34154508792,30048.31280629489,30053.28595517422,654
2005-07-04 01:21:00+00:00,30054.229813314592,30067.30624350911,30050.52458183065,30055.76786376083,352
2005-07-09 01:21:00+00:00,30054.30774897132,30063.22058532456,30046.882882137634,30054.072384777373,260
2005-07-14 01:21:00+00:00,30056.666175771912,30064.861713419203,30038.75080349001,30056.52517513991,185
2005-07-19 01:21:00+00:00,30057.00069112821,30068.236837953784,30043.840409784858,30056.47581740902,656
2005-07-24 01:21:00+00:00,30057.86264494836,30068.596683851527,30056.22808524336,30058.069002184522,488
2005-07-29 01:21:00+00:00,30059.768576191032,30074.092047533366,30050.10374963723,30059.45029977536,138
2005-08-03 01:21:00+00:00,30060.24720745217,30077.023958828784,30041.426097774212,30060.596212461314,537
2005-08-08 01:21:00+00:00,30060.69163450688,30078.52070702838,30050.436555250446,30060.20744201359,231
2005-08-13 01:21:00+00:00,30061.941250925465,30061.968501475556,30059.889866807767,30061.10991286005,851
2005-08-18 01:21:00+00:00,30061.615035629515,30078.14056479303,30050.995327952667,30062.090346007913,755
2005-08-23 01:21:00+00:00,30061.474840243613,30075.642500520935,30059.704135765493,30060.741167902383,935
2005-08-28 01:21:00+00:00,30060.650267178575,30080.350665271526,30059.973564336775,30063.649040224318,902
2005-09-02 01:21:00+00:00,30060.638142109707,30063.294059613327,30043.104056565626,30059.894577533803,159
2005-09-07 01:21:00+00:00,30060.196854304788,30078.76523582754,30053.946991373705,30058.94411224292,696
2005-09-12 01:21:00+00:00,30060.02250281507,30069.90906877451,30046.899494866375,30059.616686399644,364
2005-09-17 01:21:00+00:00,30059.99704966367,30060.844595826995,30050.550170247072,30060.19733227593,862
2005-09-22 01:21:00+00:00,30059.87634129861,30077.737774926405,30052.25267248288,30060.709903683146,359
2005-09-27 01:21:00+00:00,30060.11552443805,30068.79172368991,30054.98253999451,30058.05812429728,218
2005-10-02 01:21:00+00:00,30060.496257192746,30061.528533441473,30047.24126254877,30062.06468822651,954
2005-10-07 01:21:00+00:00,30061.30273419715,30069.32758010949,30060.327668150177,30060.527222520777,836
2005-10-12 01:21:00+00:00,30061.27952531335,30062.202675717224,30049.447716132006,30062.331171020916,885
2005-10-17 01:21:00+00:00,30061.862614286445,30067.238454202627,30052.519003646874,30063.045827529913,878
2005-10-22 01:21:00+00:00,30062.324533059178,30069.01155395001,30044.65052914572,30061.746407349037,294
2005-10-27 01:21:00+00:00,30063.219231459294,30073.53607903206,30044.458754044463,30063.005265477204,955
2005-11-01 01:21:00+00:00,30062.63161656446,30067.66825586875,30046.313821001117,30064.132011559854,255
2005-11-06 01:21:00+00:00,30062.966312241268,30069.97000617398,30045.47274757558,30063.56886174694,780
2005-11-11 01:21:00+00:00,30062.606848024046,30076.582579430014,30059.755146554005,30065.215672062106,494
2005-11-16 01:21:00+00:00,30062.010989995004,30072.558884591122,30060.113562867096,30061.53393750213,840
2005-11-21 01:21:00+00:00,30063.133320260615,30074.40372047665,30045.97881360823,30062.81228450781,833
2005-11-26 01:21:00+00:00,30062.54453289799,30067.8262980168,30056.331134966316,30062.16749154063,947
2005-12-01 01:21:00+00:00,30063.872932842274,30071.17180299015,30053.661306620983,30063.99570809159,876
2005-12-06 01:21:00+00:00,30064.01731398588,30079.62814123164,30046.933457254785,30064.351220366538,670
2005-12-11 01:21:00+00:00,30063.516466798774,30073.116550015817,30047.987463408135,30062.297828420255,655
2005-12-16 01:21:00+00:00,30062.809857285672,30077.590170504453,30051.00957940046,30064.1803798947,941
2005-12-21 01:21:00+00:00,30063.555284318776,30067.401906264575,30061.568724765846,30064.231345916596,224
2005-12-26 01:21:00+00:00,30062.033690541473,30068.419263238517,30048.955403288794,30063.091054979497,267
2005-12-31 01:21:00+00:00,30062.110631087093,30070.457272735228,30046.750252797967,30061.801535385675,434
2006-01-05 01:21:00+00:00,30062.29069155262,30069.127459314117,30060.38910151854,30063.688772011843,995
2006-01-10 01:21:00+00:00,30063.42426003553,30079.837156115158,30060.009817735317,30063.55735372766,109
2006-01-15 01:21:00+00:00,30065.38725635769,30076.60543463575,30053.79967721311,30067.373627532903,526
2006-01-20 01:21:00+00:00,30064.28380219058,30084.003053244804,30063.423700339652,30064.6309267734,933
2006-01-25 01:21:00+00:00,30063.901346159746,30082.897261646744,30054.42441985433,30063.461590067505,225
2006-01-30 01:21:00+00:00,30062.86599065792,30080.67517058194,30043.249655355718,30065.122075906147,297
2006-02-04 01:21:00+00:00,30064.118519934145,30072.819020119285,30046.425078751687,30064.889427894395,699
2006-02-09 01:21:00+00:00,30063.14090207704,30082.519266879477,30043.198581157474,30062.897164486327,486
2006-02-14 01:21:00+00:00,30062.85875735013,30064.335271160453,30044.130969051555,30062.829065999853,443
2006-02-19 01:21:00+00:00,30064.665905803347,30072.740095453726,30062.172221159777,30065.856212557195,810
2006-02-24 01:21:00+00:00,30063.64567071314,30076.314078463845,30055.83220807951,30064.28018936445,877
2006-03-01 01:21:00+00:00,30063.54228432477,30078.34444901807,30054.774973675358,30060.807922701035,262
2006-03-06 01:21:00+00:00,30062.24212573136,30076.373487319084,30055.644476344543,30060.788974298353,775
2006-03-11 01:21:00+00:00,30063.740890196397,30080.056497816666,30043.922433588792,30064.087775086464,224
2006-03-16 01:21:00+00:00,30064.477130976713,30078.852368719254,30055.76696782507,30064.438262219486,637
2006-03-21 01:21:00+00:00,30063.044444743045,30072.193076524527,30047.60088681781,30064.798991655447,469
2006-03-26 01:21:00+00:00,30062.516772674026,30064.865802070683,30062.280103260582,30062.87727121262,116
2006-03-31 01:21:00+00:00,30063.583610749563,30069.88683914565,30044.288994572144,30063.787180190528,166
2006-04-05 01:21:00+00:00,30064.20915190818,30079.509697149075,30046.966429531807,30063.185027386557,326
2006-04-10 01:21:00+00:00,30063.217417401305,30074.359494651853,30057.945414572674,30064.43932670616,642
2006-04-15 01:21:00+00:00,30063.187713175674,30063.650459999164,30062.36706320026,30062.23941646935,913
2006-04-20 01:21:00+00:00,30063.030632987,30079.52660182645,30050.23598498417,30064.35747337185,762
2006-04-25 01:21:00+00:00,30061.344540826267,30076.084799566674,30041.69113707132,30061.43668231422,582
2006-04-30 01:21:00+00:00,30063.045159094232,30071.038091618917,30050.19090974187,30062.523252160492,679
2006-05-05 01:21:00+00:00,30062.517255635037,30074.483528154175,30042.70605053022,30062.705739496956,919
2006-05-10 01:21:00+00:00,30062.778030128895,30080.713875676698,30054.288494039145,30062.4415991424,763
2006-05-15 01:21:00+00:00,30062.53232710141,30070.671506933646,30060.304494349108,30062.841799870555,839
2006-05-20 01:21:00+00:00,30062.670234662968,30078.141365650437,30056.92816708391,30063.32903303298,799
2006-05-25 01:21:00+00:00,30061.094909662595,30067.82217029985,30042.751494452,30060.78126830199,479
2006-05-30 01:21:00+00:00,30061.33482418572,30064.15496529449,30051.898316541607,30061.61478223305,654
2006-06-04 01:21:00+00:00,30060.083774089853,30070.24625150572,30057.211644292496,30059.39736775587,578
2006-06-09 01:21:00+00:00,30058.671635339677,30066.92766115682,30054.641670944882,30058.33593603067,809
2006-06-14 01:21:00+00:00,30058.90434295193,30063.30040402631,30047.493092099267,30059.3146814003,684
2006-06-19 01:21:00+00:00,30057.52758617907,30060.75481608673,30056.37896351183,30057.656518811335,338
2006-06-24 01:21:00+00:00,30058.481917894318,30069.885109005314,30041.477834288904,30058.695079369132,414
2006-06-29 01:21:00+00:00,30059.00661112815,30060.39170475774,30051.167098139835,30059.181554217685,468
2006-07-04 01:21:00+00:00,30059.139412689332,30066.26526922045,30051.52121610651,30058.21244022349,476
2006-07-09 01:21:00+00:00,30058.893842178004,30075.513947905856,30051.431197677386,30058.290922765085,991
2006-07-14 01:21:00+00:00,30059.332160049384,30074.49260199145,30042.57313191147,30059.119043553692,850
2006-07-19 01:21:00+00:00,30060.229512766364,30073.203243920263,30053.7843868133,30060.791884405397,527
2006-07-24 01:21:00+00:00,30059.387516519248,30076.337803654475,30049.657486065953,30059.726599958773,434
2006-07-29 01:21:00+00:00,30060.250867001272,30078.977469804326,30055.03193406555,30060.300103565984,927
2006-08-03 01:21:00+00:00,30061.288893846413,30074.86695403063,30047.57893900022,30060.934431057274,941
2006-08-08 01:21:00+00:00,30063.616235016514,30074.522740375553,30058.53139384609,30062.791404280037,866
2006-08-13 01:21:00+00:00,30062.282189355745,30076.94773080907,30056.58296771372,30062.400969322356,976
2006-08-18 01:21:00+00:00,30062.639098037344,30065.96107230484,30053.60256139765,30061.33280748403,730
2006-08-23 01:21:00+00:00,30062.678918945738,30064.560505242665,30048.33851923863,30062.65510004961,728
2006-08-28 01:21:00+00:00,30061.966594563324,30075.005165260387,30049.234310131484,30061.484193903598,912
2006-09-02 01:21:00+00:00,30062.139179400485,30079.000434682708,30061.34504122341,30062.965919570917,920
2006-09-07 01:21:00+00:00,30062.297247744496,30072.138753231844,30058.122313868655,30062.95004630741,295
2006-09-12 01:21:00+00:00,30062.421740991882,30066.822563517522,30061.797544911886,30062.65491925833,333
2006-09-17 01:21:00+00:00,30063.019644590087,30072.03119264396,30060.907264256854,30062.579114468797,409
2006-09-22 01:21:00+00:00,30062.44172410741,30079.798053805145,30049.60425708021,30062.851014597403,106
2006-09-27 01:21:00+00:00,30061.803225650565,30070.746788209617,30055.50844594728,30061.096305897598,123
2006-10-02 01:21:00+00:00,30060.66655092714,30076.237750368993,30045.250310335483,30061.519971058726,448
2006-10-07 01:21:00+00:00,30060.051270994598,30073.30173238775,30049.317052056904,30060.012192256432,564
2006-10-12 01:21:00+00:00,30059.021786890495,30062.083287742844,30050.458488891207,30058.0928002559,961
2006-10-17 01:21:00+00:00,30057.682672733827,30066.807920709587,30051.898684992724,30056.767026338923,808
2006-10-22 01:21:00+00:00,30058.121514669383,30063.55059651094,30040.80485477974,30059.125679551347,621
2006-10-27 01:21:00+00:00,30057.259873865743,30067.257111458814,30040.63750891029,30058.035852217326,225
2006-11-01 01:21:00+00:00,30056.402616054736,30068.21933106261,30044.32274624415,30057.535294316254,824
2006-11-06 01:21:00+00:00,30056.18336532868,30060.82289034797,30042.296303078816,30057.488442633257,851
2006-11-11 01:21:00+00:00,30056.254295456165,30058.669434673608,30048.165937808975,30056.500350875347,652
2006-11-16 01:21:00+00:00,30056.478748636062,30069.52579266301,30042.53517071035,30055.46737801401,780
2006-11-21 01:21:00+00:00,30054.547276084762,30069.429095642896,30036.895890303924,30054.76084825803,178
2006-11-26 01:21:00+00:00,30057.31985120934,30066.945224666673,30045.05573246462,30057.826332228306,856
2006-12-01 01:21:00+00:00,30055.642874199806,30071.893803991417,30045.8724635974,30057.027193067643,471
2006-12-06 01:21:00+00:00,30056.776962928587,30069.998590961903,30053.96507515984,30055.80259859761,827
2006-12-11 01:21:00+00:00,30058.29504689392,30063.113552431754,30052.453599149165,30057.511663671954,322
2006-12-16 01:21:00+00:00,30057.986732955385,30058.591576825318,30044.576878311935,30057.134303954273,874
2006-12-21 01:21:00+00:00,30058.17115596842,30064.5189538701,30047.061314751885,30061.130955753517,200
2006-12-26 01:21:00+00:00,30058.4740935558,30064.221337300503,30053.66215531772,30058.38457363092,700
2006-12-31 01:21:00+00:00,30056.479915260654,30068.616433288058,30055.27633425258,30055.96164109355,623
2007-01-05 01:21:00+00:00,30056.032450805822,30074.24647178958,30042.813784090722,30056.972611867757,359
2007-01-10 01:21:00+00:00,30054.937460737117,30059.770682713326,30047.59104681963,30053.08989234487,908
2007-01-15 01:21:00+00:00,30054.22180994842,30071.223025797997,30042.556872350455,30053.879176366467,514
2007-01-20 01:21:00+00:00,30052.218532736508,30053.258888337292,30047.918670487747,30052.433155804378,528
2007-01-25 01:21:00+00:00,30052.51653754989,30055.95360839894,30047.733390815025,30052.31637773825,932
2007-01-30 01:21:00+00:00,30053.33092873708,30054.210119659456,30038.838909186015,30053.514103053407,343
2007-02-04 01:21:00+00:00,30053.822679090787,30060.40974017218,30051.06896975299,30055.436634502756,937
2007-02-09 01:21:00+00:00,30052.852427367812,30072.17002310025,30050.953112804833,30053.3304268042,600
2007-02-14 01:21:00+00:00,30052.18880473658,30053.91795068721,30043.45381810136,30051.050623941657,958
2007-02-19 01:21:00+00:00,30051.9768920026,30068.512981771913,30047.177216771164,30050.200975971475,163
2007-02-24 01:21:00+00:00,30052.036275779017,30063.088331588908,30044.75863909245,30051.92792027082,346
2007-03-01 01:21:00+00:00,30050.309625999067,30060.56408532292,30049.23585711394,30051.118182381146,271
2007-03-06 01:21:00+00:00,30050.36957867995,30053.15550950836,30048.751452242013,30050.159621348295,220
2007-03-11 01:21:00+00:00,30050.67557475385,30057.504325493897,30040.254734083464,30051.748298623184,154
2007-03-16 01:21:00+00:00,30051.55328663027,30057.37666130705,30032.488263453528,30051.770656310906,334
2007-03-21 01:21:00+00:00,30050.918633995785,30053.86487819453,30036.973360519893,30051.186249370905,282
2007-03-26 01:21:00+00:00,30050.72563121435,30055.53387444364,30031.790253526662,30051.73238490683,660
2007-03-31 01:21:00+00:00,30050.61218896423,30052.933559042976,30046.72424734075,30050.698927690137,998
2007-04-05 01:21:00+00:00,30050.27269713482,30061.816871898256,30036.957991059255,30050.197087917124,119
2007-04-10 01:21:00+00:00,30050.39287074953,30061.4533288786,30035.80069459371,30049.45743788085,585
2007-04-15 01:21:00+00:00,30051.232708465817,30068.239403172513,30036.121012752374,30049.47759009539,297
2007-04-20 01:21:00+00:00,30050.539525362765,30055.205243718345,30032.913481967596,30050.35782395419,320
2007-04-25 01:21:00+00:00,30050.404208977136,30067.49462072541,30047.48026597236,30050.23157894863,640
2007-04-30 01:21:00+00:00,30050.624785618264,30052.194399870263,30039.782815443225,30050.0943468284,993
2007-05-05 01:21:00+00:00,30051.832885348045,30070.924010898038,30047.167224327055,30051.380758701882,626
2007-05-10 01:21:00+00:00,30053.568858602957,30072.51779739933,30039.18256066203,30053.331795833335,153
2007-05-15 01:21:00+00:00,30053.09996358316,30063.977804239446,30037.276496816692,30053.11756213651,404
2007-05-20 01:21:00+00:00,30052.969361279982,30053.10734015808,30042.194454214114,30052.726536925416,705
2007-05-25 01:21:00+00:00,30053.3805642896,30059.40398891993,30042.698808704998,30053.5064026904,290
2007-05-30 01:21:00+00:00,30052.580112409712,30063.456103048055,30052.03172830587,30052.724416556266,984
2007-06-04 01:21:00+00:00,30053.88487674704,30069.578662501757,30052.532624943964,30052.290769907828,664
2007-06-09 01:21:00+00:00,30053.926949754146,30054.489354646208,30036.359747005175,30052.93741828062,622
2007-06-14 01:21:00+00:00,30052.973003024214,30059.011399307372,30044.72216634765,30053.45491352894,112
2007-06-19 01:21:00+00:00,30052.92934338732,30062.963478315323,30047.515433427936,30052.903028789537,275
2007-06-24 01:21:00+00:00,30052.951464459413,30067.096790660846,30043.17122089767,30054.36239526756,138
2007-06-29 01:21:00+00:00,30052.77942477348,30071.603351916267,30048.842488560662,30053.586889298083,462
2007-07-04 01:21:00+00:00,30053.474271254203,30071.220920049567,30051.00571635991,30054.729449141403,801
2007-07-09 01:21:00+00:00,30055.490200320328,30064.18140435098,30042.670710235656,30056.453660402734,363
2007-07-14 01:21:00+00:00,30054.12046616042,30073.058266627297,30046.510432886676,30054.866046910956,761
2007-07-19 01:21:00+00:00,30054.016225715004,30057.391993321155,30050.16230480806,30052.946670131056,283
2007-07-24 01:21:00+00:00,30052.84857891012,30067.924585400116,30041.00787923187,30053.546632586505,696
2007-07-29 01:21:00+00:00,30052.89099934152,30058.822313849447,30042.875132656613,30053.35072938413,748
2007-08-03 01:21:00+00:00,30053.391083993887,30062.597881693575,30044.63218279641,30055.00128558449,634
2007-08-08 01:21:00+00:00,30053.728360102185,30069.796488322438,30044.540196229515,30054.63681495932,717
2007-08-13 01:21:00+00:00,30053.786556969113,30064.05447048823,30046.134526533824,30053.201101812454,772
2007-08-18 01:21:00+00:00,30053.369264684257,30056.696145901948,30038.315068570813,30055.65717225544,689
2007-08-23 01:21:00+00:00,30054.570210064878,30068.125925190292,30048.21641493382,30053.60490751934,770
2007-08-28 01:21:00+00:00,30055.119464488598,30063.717221500166,30041.372836557824,30054.57053535917,255
2007-09-02 01:21:00+00:00,30055.82815904927,30061.063008825582,30052.774370514202,30055.545281643892,119
2007-09-07 01:21:00+00:00,30055.90094118703,30074.454751707144,30043.16858907276,30055.96675874291,786
2007-09-12 01:21:00+00:00,30055.716369053494,30058.840754765333,30051.9265289584,30054.75084277873,181
2007-09-17 01:21:00+00:00,30054.90019690508,30068.436276900633,30038.776652933073,30055.6407246728,540
2007-09-22 01:21:00+00:00,30056.05186370321,30061.644364455806,30045.097888877892,30057.229661389436,772
2007-09-27 01:21:00+00:00,30056.6323148572,30064.361585955656,30045.616645721824,30057.353992290307,764
2007-10-02 01:21:00+00:00,30056.67566101158,30062.285157669394,30053.14003154341,30057.456340586315,382
2007-10-07 01:21:00+00:00,30056.405877823036,30065.93644480029,30040.692351505364,30055.68783341418,400
2007-10-12 01:21:00+00:00,30056.47744639745,30071.954211912296,30042.66442916953,30056.945456409278,176
2007-10-17 01:21:00+00:00,30057.011245627244,30068.693596757937,30042.486395765758,30058.012234731308,943
2007-10-22 01:21:00+00:00,30056.669077474668,30067.281724914414,30054.525873715374,30055.45893170198,432
2007-10-27 01:21:00+00:00,30058.789777030794,30066.492152565963,30056.70742331688,30058.367429138307,669
2007-11-01 01:21:00+00:00,30059.68203746311,30064.07811896961,30056.46120165721,30060.025973292584,919
2007-11-06 01:21:00+00:00,30059.366896026328,30063.965596597634,30054.706383789675,30060.147318448373,846
2007-11-11 01:21:00+00:00,30058.932897679944,30075.05452875068,30041.513265023663,30057.438883865812,959
2007-11-16 01:21:00+00:00,30058.129696186188,30059.775003323295,30049.036816496562,30057.902652089964,807
2007-11-21 01:21:00+00:00,30056.89831277277,30066.523333281883,30056.231876979044,30056.120980728545,126
2007-11-26 01:21:00+00:00,30056.460984447254,30075.178252425034,30041.933619162846,30056.686372306413,526
2007-12-01 01:21:00+00:00,30056.79873454762,30075.709708625454,30054.995109149553,30056.650337457533,872
2007-12-06 01:21:00+00:00,30056.14619667463,30073.06159608928,30049.729723745288,30056.07567949651,127
2007-12-11 01:21:00+00:00,30056.294503755045,30057.58090318573,30038.750837084408,30056.138353594997,739
2007-12-16 01:21:00+00:00,30056.41190817023,30066.09078894829,30051.792732770828,30056.667386509027,114
2007-12-21 01:21:00+00:00,30054.816708750037,30068.579908535932,30039.222551419873,30055.54584791729,346
2007-12-26 01:21:00+00:00,30054.65206920098,30059.809552548584,30037.602286614678,30054.777743609186,572
2007-12-31 01:21:00+00:00,30055.425753041167,30067.177952515045,30052.197124021786,30054.894014974154,238
2008-01-05 01:21:00+00:00,30056.35704341685,30068.896641154548,30043.754269686033,30056.00322312656,191
2008-01-10 01:21:00+00:00,30055.871794159677,30066.541179292908,30048.154407296344,30054.85757518494,802
2008-01-15 01:21:00+00:00,30055.704173294973,30071.35268649211,30039.841314522295,30054.33468526819,398
2008-01-20 01:21:00+00:00,30055.756509909275,30062.868919121112,30048.825918004797,30055.094757237173,477
2008-01-25 01:21:00+00:00,30054.734813676143,30065.792642027496,30053.208890059985,30054.04145729374,978
2008-01-30 01:21:00+00:00,30055.493793960577,30055.945447100432,30038.64579027146,30056.63282698106,367
2008-02-04 01:21:00+00:00,30054.154923303595,30056.99330028583,30049.883478401443,30053.39176227798,188
2008-02-09 01:21:00+00:00,30053.004006222192,30071.920240544514,30049.447939519756,30054.18866466037,771
2008-02-14 01:21:00+00:00,30053.744218282107,30063.868545918136,30050.28561609137,30054.731986285744,960
2008-02-19 01:21:00+00:00,30052.115240572926,30057.09276441499,30040.352211292564,30051.962389627628,190
2008-02-24 01:21:00+00:00,30051.222175286803,30071.088407673225,30037.554041369156,30049.68450075255,784
2008-02-29 01:21:00+00:00,30048.514904938118,30049.86353963587,30041.097479781372,30048.63377467388,337
2008-03-05 01:21:00+00:00,30049.375940451846,30060.465915086665,30035.660549187232,30051.304459046634,257
2008-03-10 01:21:00+00:00,30046.974804560796,30052.554097046417,30038.166921396107,30047.225246272315,489
2008-03-15 01:21:00+00:00,30048.080630495333,30050.6109708794,30037.091558587217,30047.38134291576,828
2008-03-20 01:21:00+00:00,30046.537264841547,30048.236217099206,30030.65265714629,30046.47539054955,227
2008-03-25 01:21:00+00:00,30045.856241022062,30051.943573176275,30035.674625377982,30046.106904714146,397
2008-03-30 01:21:00+00:00,30044.68853315542,30058.110935123754,30027.55384201505,30046.00592806096,389
2008-04-04 01:21:00+00:00,30044.36527762827,30057.968818790152,30032.158908768495,30043.82578695784,562
2008-04-09 01:21:00+00:00,30046.75497765488,30049.041625709502,30040.875024340367,30048.086487276923,372
2008-04-14 01:21:00+00:00,30046.032722417625,30047.2805495318,30041.949387678324,30045.37616458097,777
2008-04-19 01:21:00+00:00,30046.12746155973,30053.18814055056,30043.691418710598,30044.68793708077,266
2008-04-24 01:21:00+00:00,30047.651770440403,30064.99200212655,30046.56402380201,30047.635588828703,280
2008-04-29 01:21:00+00:00,30048.070246899904,30060.258680028535,30039.03977282482,30047.92229091466,158
2008-05-04 01:21:00+00:00,30049.41849599023,30054.46851998618,30042.661823932576,30047.605862318003,395
2008-05-09 01:21:00+00:00,30048.810861753573,30062.291308000746,30030.79011546037,30051.584210430683,564
2008-05-14 01:21:00+00:00,30047.782501073296,30064.854645876076,30038.814485120667,30049.048990505544,662
2008-05-19 01:21:00+00:00,30048.402752877468,30067.276360655585,30036.860785942623,30048.8695646385,500
2008-05-24 01:21:00+00:00,30048.12572100857,30056.220230925508,30037.97162322297,30048.000633095275,593
2008-05-29 01:21:00+00:00,30048.719942361193,30062.10381951305,30033.098474885974,30047.815981410455,631
2008-06-03 01:21:00+00:00,30047.966014123525,30048.8048704816,30032.764823523066,30046.74488444369,301
2008-06-08 01:21:00+00:00,30046.674044324656,30064.27036076535,30034.169630017597,30047.29151611803,348
2008-06-13 01:21:00+00:00,30046.800458202753,30064.025126982255,30037.336064934454,30046.980629501297,790
2008-06-18 01:21:00+00:00,30045.82256559031,30055.46341150629,30031.218493259155,30044.50930602007,762
2008-06-23 01:21:00+00:00,30045.318951833535,30055.17180807236,30039.787159881413,30044.725404474295,265
2008-06-28 01:21:00+00:00,30044.3942626931,30053.479689606596,30026.27824438611,30045.495039417714,733
2008-07-03 01:21:00+00:00,30043.71381747112,30057.866853795138,30034.135097514514,30043.502906488644,410
2008-07-08 01:21:00+00:00,30044.256175476028,30057.813810716718,30031.62734534663,30046.41473153306,415
2008-07-13 01:21:00+00:00,30045.941326221473,30053.43991461365,30030.224528586863,30046.91424860069,449
2008-07-18 01:21:00+00:00,30045.630790949155,30060.008021528174,30032.111639020044,30043.440337167034,129
2008-07-23 01:21:00+00:00,30046.85296844816,30057.970292193917,30044.675485744425,30049.43277678497,117
2008-07-28 01:21:00+00:00,30046.180968441182,30055.51221910395,30041.153781602385,30045.985522696086,918
2008-08-02 01:21:00+00:00,30047.551611740688,30058.61673273181,30030.498095867253,30048.084287219648,184
2008-08-07 01:21:00+00:00,30047.39902192391,30052.58066163691,30038.286644297867,30048.408590467916,938
2008-08-12 01:21:00+00:00,30046.895896550926,30050.11744796877,30035.686283880583,30047.20289480551,790
2008-08-17 01:21:00+00:00,30048.02004141953,30057.282512491634,30029.42381114499,30048.099260182877,496
2008-08-22 01:21:00+00:00,30048.499979676893,30061.467006522773,30048.15141541453,30051.68757733533,359
2008-08-27 01:21:00+00:00,30047.88316481149,30067.748387843745,30046.50833244722,30047.664817286364,108
2008-09-01 01:21:00+00:00,30048.293398191458,30053.985412515576,30038.042265221335,30047.223327998603,949
2008-09-06 01:21:00+00:00,30049.877301114306,30049.94659725719,30030.040422532013,30050.13410523265,979
2008-09-11 01:21:00+00:00,30049.31624628494,30054.26658789823,30038.26653573419,30048.211521868652,886
2008-09-16 01:21:00+00:00,30048.738087071346,30063.887388448184,30037.370745761873,30050.299907229568,187
2008-09-21 01:21:00+00:00,30048.032930393852,30060.82062782547,30046.32996903681,30047.5929155333,822
2008-09-26 01:21:00+00:00,30047.950152143927,30063.433885644645,30045.78402004175,30049.022055472178,697
2008-10-01 01:21:00+00:00,30048.599565117176,30067.90286250449,30031.29922916579,30049.21317033397,428
2008-10-06 01:21:00+00:00,30047.61464590308,30063.050624344713,30041.11958645898,30049.166164365146,816
2008-10-11 01:21:00+00:00,30047.090140507473,30052.60300230657,30042.844633858058,30045.79824034874,713
2008-10-16 01:21:00+00:00,30046.755565621035,30049.360776133602,30032.76951811779,30044.459852944077,363
2008-10-21 01:21:00+00:00,30045.47697318523,30063.636831536114,30033.436024584313,30043.949804192816,666
2008-10-26 01:21:00+00:00,30044.83240644946,30060.642285696496,30035.52825638868,30044.67065030518,763
2008-10-31 01:21:00+00:00,30043.643462156208,30050.366470905265,30026.042367372764,30044.0280413203,883
2008-11-05 01:21:00+00:00,30043.94753159359,30059.3853168276,30028.643884349895,30043.68283462388,301
2008-11-10 01:21:00+00:00,30044.791278126773,30048.103318635924,30036.35064596668,30043.22339810457,635
2008-11-15 01:21:00+00:00,30045.071930004902,30050.34920112728,30041.872383906324,30044.069698342708,659
2008-11-20 01:21:00+00:00,30044.097590772555,30062.26677342133,30031.24530347723,30043.292685252694,405
2008-11-25 01:21:00+00:00,30043.636381672364,30058.483263091905,30043.42556888503,30042.394578216165,880
2008-11-30 01:21:00+00:00,30043.099670806027,30054.814158481233,30023.76293471935,30043.689431941668,353
2008-12-05 01:21:00+00:00,30044.306257010296,30049.674097957137,30031.774800016366,30042.51675487523,665
2008-12-10 01:21:00+00:00,30043.867917407948,30051.962028874615,30031.76168188733,30045.253989020435,678
2008-12-15 01:21:00+00:00,30043.605620308725,30053.436280625152,30032.274786592752,30044.187753899932,384
2008-12-20 01:21:00+00:00,30042.294269224818,30042.311491106535,30036.442169476584,30043.02265853032,839
2008-12-25 01:21:00+00:00,30043.00830801915,30048.23125448477,30029.745521404824,30045.192105892613,385
2008-12-30 01:21:00+00:00,30043.248453881453,30058.51150969244,30031.22447166237,30042.86510996191,266
2009-01-04 01:21:00+00:00,30042.592064795124,30046.002678771452,30028.907004899807,30042.88613976837,686
2009-01-09 01:21:00+00:00,30042.47055329323,30045.983172085456,30027.302517581178,30044.056878345204,856
2009-01-14 01:21:00+00:00,30041.7915961636,30046.341296880924,30037.860896490154,30043.41380139763,128
2009-01-19 01:21:00+00:00,30042.607787267887,30061.222378823666,30031.33395426492,30043.150302728318,588
2009-01-24 01:21:00+00:00,30044.041691820486,30046.307668128058,30039.8422484458,30043.16317837408,174
2009-01-29 01:21:00+00:00,30045.341672444225,30059.06217568165,30037.434231810737,30047.35629918707,548
2009-02-03 01:21:00+00:00,30048.299225872408,30066.998091502966,30032.37508723919,30047.124800813024,828
2009-02-08 01:21:00+00:00,30047.821803407627,30052.846310145957,30030.82345168735,30047.32627783289,952
2009-02-13 01:21:00+00:00,30047.78357642782,30062.32575406534,30032.594073690092,30049.432802942854,770
2009-02-18 01:21:00+00:00,30048.02616808027,30055.056109707846,30029.38040136534,30048.689268106646,690
2009-02-23 01:21:00+00:00,30048.09733218882,30059.179292013738,30032.834280981937,30047.88597656295,899
2009-02-28 01:21:00+00:00,30048.66473134874,30064.55695056332,30046.159583905526,30049.811735222294,708
2009-03-05 01:21:00+00:00,30049.585688245425,30066.50929061808,30044.507154916533,30048.40270492759,331
2009-03-10 01:21:00+00:00,30050.39766088301,30064.809923822428,30040.07614644982,30050.13084956245,138
2009-03-15 01:21:00+00:00,30051.199966421314,30068.508149045367,30049.579172015667,30049.09076668559,506
2009-03-20 01:21:00+00:00,30051.211049562968,30054.086159432565,30041.349469174664,30050.54109806128,514
2009-03-25 01:21:00+00:00,30050.27761333512,30053.621844019668,30041.60851543786,30049.36304297805,160
2009-03-30 01:21:00+00:00,30050.79948821811,30060.887220113465,30041.094322167675,30051.676913056293,952
2009-04-04 01:21:00+00:00,30051.438886309134,30052.067406301856,30039.850242664474,30050.60263632867,686
2009-04-09 01:21:00+00:00,30051.31766295346,30063.37034808735,30042.710441088708,30052.609750176405,564
2009-04-14 01:21:00+00:00,30050.45229166722,30067.64361034705,30043.936126125976,30051.753012123772,356
2009-04-19 01:21:00+00:00,30049.69658431365,30056.719284568135,30047.44028893517,30049.357467860595,543
2009-04-24 01:21:00+00:00,30049.160974651353,30064.73248179562,30040.697079255184,30049.6285075896,793
2009-04-29 01:21:00+00:00,30050.426719276802,30064.64186987721,30037.55363056329,30048.907859316805,512
2009-05-04 01:21:00+00:00,30052.867872514187,30064.398522295738,30038.747728485545,30053.067823666017,531
2009-05-09 01:21:00+00:00,30053.34196576224,30058.04659600645,30038.035872943976,30053.29655158474,215
2009-05-14 01:21:00+00:00,30052.84526184931,30071.01766650986,30042.024052817407,30052.27818541692,888
2009-05-19 01:21:00+00:00,30052.905134266937,30055.981996248287,30041.51136540561,30054.474071210898,294
2009-05-24 01:21:00+00:00,30051.238357862298,30053.28437899854,30049.65525866024,30052.43584076577,805
2009-05-29 01:21:00+00:00,30054.020701208763,30073.66108952995,30038.701434725117,30053.095312911075,674
2009-06-03 01:21:00+00:00,30054.264412785917,30064.97470179458,30034.972066038015,30054.598100991007,414
2009-06-08 01:21:00+00:00,30054.130049391642,30060.920351838457,30043.61411461529,30053.55235807118,348
2009-06-13 01:21:00+00:00,30054.300383940772,30068.0948547409,30042.299352151647,30055.156853613553,334
2009-06-18 01:21:00+00:00,30054.588265219543,30066.832261354604,30047.49409278089,30054.57975883071,758
2009-06-23 01:21:00+00:00,30054.807203872777,30068.68445950328,30039.328607053845,30055.293741248337,463
2009-06-28 01:21:00+00:00,30054.325517526147,30072.98716928513,30047.771941511237,30054.21102469766,368
2009-07-03 01:21:00+00:00,30053.37039797679,30054.712700913988,30050.580125089375,30055.547151539016,287
2009-07-08 01:21:00+00:00,30053.497290164843,30063.086966262596,30051.66523615513,30053.520247079196,964
2009-07-13 01:21:00+00:00,30052.48381533511,30059.602613941934,30043.383965046618,30051.076282360955,421
2009-07-18 01:21:00+00:00,30052.201206315083,30062.767747718306,30036.44445748394,30053.278594905638,670
2009-07-23 01:21:00+00:00,30051.01079367864,30061.493557183487,30035.072070817074,30050.99869868011,475
2009-07-28 01:21:00+00:00,30050.18277306608,30063.4417348593,30045.09215627535,30051.094461110475,240
2009-08-02 01:21:00+00:00,30048.50972760295,30062.178300583568,30047.760639536107,30049.808169251537,372
2009-08-07 01:21:00+00:00,30048.440572568044,30066.67681666563,30046.955295035816,30049.2845733559,938
2009-08-12 01:21:00+00:00,30050.190575655324,30056.55185543189,30035.7594172246,30051.0225877789,302
2009-08-17 01:21:00+00:00,30048.177824079456,30061.99098348865,30047.623744770382,30048.384456114785,593
2009-08-22 01:21:00+00:00,30047.426754042976,30066.746476895136,30033.241174610062,30047.18791071802,724
2009-08-27 01:21:00+00:00,30047.486297470066,30061.719489363324,30042.326609240503,30047.64238158264,856
2009-09-01 01:21:00+00:00,30046.910280284752,30065.491766669198,30045.225829035993,30046.880708188834,164
2009-09-06 01:21:00+00:00,30045.284741050495,30059.5881116664,30038.115520989908,30045.17791049494,587
2009-09-11 01:21:00+00:00,30045.043467532734,30051.45531979679,30038.548923124752,30044.826406779248,629
2009-09-16 01:21:00+00:00,30045.94918721782,30059.682160358985,30040.77227390189,30046.510329879395,903
2009-09-21 01:21:00+00:00,30046.74065340677,30048.2073679058,30030.68872012818,30047.39859248499,236
2009-09-26 01:21:00+00:00,30045.686464799597,30063.030543413555,30034.408627165827,30045.076537965662,278
2009-10-01 01:21:00+00:00,30045.959425491645,30054.85233760169,30026.009980423485,30043.837355983153,687
2009-10-06 01:21:00+00:00,30047.26144936599,30050.06344857438,30044.55083341925,30048.590958309094,683
2009-10-11 01:21:00+00:00,30046.65314999609,30064.235301065888,30033.620929016157,30046.51286771894,758
2009-10-16 01:21:00+00:00,30045.233351606686,30060.280070074583,30030.46703803694,30044.16725252477,191
2009-10-21 01:21:00+00:00,30044.81923246263,30050.699654484946,30032.92663260032,30047.718777368573,256
2009-10-26 01:21:00+00:00,30045.291808846752,30054.516359188012,30043.074691746722,30045.872160683106,824
2009-10-31 01:21:00+00:00,30046.310474686314,30060.77351112986,30043.641125171256,30048.195251277324,716
2009-11-05 01:21:00+00:00,30046.336729829698,30049.769033209384,30039.026556334567,30046.546893706014,379
2009-11-10 01:21:00+00:00,30045.373220446134,30045.649007571414,30025.901399351427,30045.758206510156,826
2009-11-15 01:21:00+00:00,30044.19128190543,30048.51867434326,30030.66028720254,30045.902306671724,563
2009-11-20 01:21:00+00:00,30043.008233412686,30059.62848066427,30027.646923513075,30043.273551141403,531
2009-11-25 01:21:00+00:00,30043.684158262953,30048.974816608814,30033.79131747068,30043.50734743957,243
2009-11-30 01:21:00+00:00,30043.07017687486,30052.651243197397,30037.859429302967,30042.41912994978,537
2009-12-05 01:21:00+00:00,30044.816269137697,30056.85351406446,30027.38236635728,30044.81092670848,976
2009-12-10 01:21:00+00:00,30045.40471121169,30063.90758577962,30044.36528472484,30045.63884160305,856
2009-12-15 01:21:00+00:00,30045.363534635904,30062.887617243043,30035.904065736464,30046.597155225107,225
2009-12-20 01:21:00+00:00,30044.663874553167,30063.399794456698,30037.01139710885,30044.03749973666,963
2009-12-25 01:21:00+00:00,30043.598424420183,30062.467347795206,30030.200589680077,30043.445651871556,573
2009-12-30 01:21:00+00:00,30042.32044014931,30053.610858238993,30028.36259034719,30043.511909148365,857
2010-01-04 01:21:00+00:00,30042.63422061956,30048.51522794264,30025.721816002027,30042.30690398994,961
2010-01-09 01:21:00+00:00,30042.202925476166,30053.758980206,30031.242158151963,30042.32643174195,953
2010-01-14 01:21:00+00:00,30041.717494837772,30048.657245367973,30028.48092158293,30042.076952169933,882
2010-01-19 01:21:00+00:00,30041.91263235588,30058.40107236219,30038.18071810096,30042.462751499075,216
2010-01-24 01:21:00+00:00,30042.257067307593,30046.795240482345,30031.66963047059,30040.0629287645,147
2010-01-29 01:21:00+00:00,30041.947723222973,30060.729039224916,30041.80714454561,30042.244774803068,377
2010-02-03 01:21:00+00:00,30042.267438458784,30049.272250016336,30033.634150359736,30042.986782038406,360
2010-02-08 01:21:00+00:00,30042.11903945302,30049.79493550698,30038.79934162893,30042.00931529288,670
2010-02-13 01:21:00+00:00,30042.74745486467,30047.98829976949,30036.759936322163,30042.498997158706,534
2010-02-18 01:21:00+00:00,30043.54122055108,30045.811094207893,30035.884284608754,30042.587638652363,151
2010-02-23 01:21:00+00:00,30042.346746869684,30045.191870224284,30025.688763502232,30042.552913663694,797
2010-02-28 01:21:00+00:00,30042.147659599796,30046.23887595361,30033.326320277098,30042.255921365366,627
2010-03-05 01:21:00+00:00,30044.110337467897,30047.109873828536,30024.891695381535,30044.25227477022,297
2010-03-10 01:21:00+00:00,30045.720966346154,30062.57874686237,30040.8204784447,30044.955125260403,998
2010-03-15 01:21:00+00:00,30045.36614621303,30065.246477198576,30043.122775647993,30046.09883137629,796
2010-03-20 01:21:00+00:00,30044.42489854841,30058.74069372964,30043.500582067605,30043.716231871615,678
2010-03-25 01:21:00+00:00,30045.351878579288,30060.41293431563,30041.91409647159,30043.682150088036,118
2010-03-30 01:21:00+00:00,30045.446494047243,30056.51386731116,30035.791843811203,30045.402358959025,358
2010-04-04 01:21:00+00:00,30045.65244127252,30046.851591330593,30029.415563921917,30045.91519578925,222
2010-04-09 01:21:00+00:00,30044.057354525838,30047.58653593712,30043.670513661767,30044.383564119762,490
2010-04-14 01:21:00+00:00,30045.442897764264,30048.63999706743,30044.529481719528,30045.32611766383,505
2010-04-19 01:21:00+00:00,30045.53046039205,30048.788683334882,30036.00596115578,30045.518131643177,370
2010-04-24 01:21:00+00:00,30045.623036682107,30057.05592275823,30043.831838077655,30044.644518385954,686
2010-04-29 01:21:00+00:00,30046.826245741548,30064.78068148553,30034.37877710853,30048.385853192973,523
2010-05-04 01:21:00+00:00,30046.977705563313,30064.06324793565,30045.35189371672,30046.571331558414,203
2010-05-09 01:21:00+00:00,30045.74712937166,30050.435846603108,30025.75496432251,30045.956978416285,848
2010-05-14 01:21:00+00:00,30044.90689930091,30048.42294685121,30041.134299996993,30044.297028900666,143
2010-05-19 01:21:00+00:00,30043.445827919582,30057.21227345529,30033.944614751977,30043.123617914254,417
2010-05-24 01:21:00+00:00,30044.285604974662,30059.111419934252,30026.644617633872,30045.339179200088,686
2010-05-29 01:21:00+00:00,30043.87766670096,30057.03936537335,30037.150382437372,30043.648214177712,343
2010-06-03 01:21:00+00:00,30046.460435116296,30057.357035204557,30038.387767957003,30047.051320322964,744
2010-06-08 01:21:00+00:00,30046.04514856232,30051.1286682047,30034.304851133136,30045.754268465735,606
2010-06-13 01:21:00+00:00,30046.30031374837,30046.925154031025,30039.013233957157,30045.60303187985,302
2010-06-18 01:21:00+00:00,30046.020253806484,30065.88007154313,30035.708801651606,30045.698570875018,672
2010-06-23 01:21:00+00:00,30046.396389385067,30063.29530820055,30030.323121353802,30045.82463552188,985
2010-06-28 01:21:00+00:00,30047.1428914203,30048.844120727408,30028.985726244166,30046.844008176016,107
2010-07-03 01:21:00+00:00,30046.21561663637,30057.545133303425,30026.64997887022,30046.12161887229,963
2010-07-08 01:21:00+00:00,30047.718949997135,30059.563134697724,30036.187756209685,30047.620805807896,666
2010-07-13 01:21:00+00:00,30047.828496113623,30056.943026003755,30032.92457295379,30047.80478386205,473
2010-07-18 01:21:00+00:00,30047.431549077985,30063.649778783056,30043.057810360828,30047.354513280072,693
2010-07-23 01:21:00+00:00,30046.838173088105,30058.087247617037,30032.661701655426,30045.778404925113,737
2010-07-28 01:21:00+00:00,30048.097231574124,30049.5594780749,30037.165304569025,30047.72132813041,701
2010-08-02 01:21:00+00:00,30048.33380553517,30054.977761414433,30029.22134300409,30048.294455240775,721
2010-08-07 01:21:00+00:00,30049.703911288016,30057.8900691185,30044.806821942933,30050.51653710404,399
2010-08-12 01:21:00+00:00,30050.44068953699,30056.25503923033,30035.47057400208,30051.0228807847,891
2010-08-17 01:21:00+00:00,30049.284853757457,30069.063434257663,30040.517959186564,30050.97868483894,758
2010-08-22 01:21:00+00:00,30049.165043103458,30055.770878331914,30039.437129535097,30048.967065101562,208
2010-08-27 01:21:00+00:00,30049.84999915968,30065.087108500076,30033.808504825574,30050.810459862627,509
2010-09-01 01:21:00+00:00,30048.27003112053,30049.73635261229,30035.73595680536,30047.76488971636,213
2010-09-06 01:21:00+00:00,30049.89959180371,30067.72606162336,30042.837113435035,30049.225185776126,889
2010-09-11 01:21:00+00:00,30047.652761094225,30062.900329570894,30047.329715467826,30048.581305820175,495
2010-09-16 01:21:00+00:00,30047.950516248868,30050.06456003183,30042.817180664373,30047.9958020666,738
2010-09-21 01:21:00+00:00,30048.60982757836,30060.686768025917,30040.462489663973,30048.21372062842,880
2010-09-26 01:21:00+00:00,30048.636076710427,30058.19950755862,30030.112544532094,30050.39066853259,633
2010-10-01 01:21:00+00:00,30050.004146531148,30052.747920467682,30033.480945018575,30051.289140408993,391
2010-10-06 01:21:00+00:00,30049.648348470408,30050.110083989384,30030.16112929598,30048.339462622916,672
2010-10-11 01:21:00+00:00,30050.21566108067,30064.33016588814,30043.266105131093,30050.335792470974,295
2010-10-16 01:21:00+00:00,30049.00861166726,30060.298154282984,30043.53218571177,30049.55245768921,924
2010-10-21 01:21:00+00:00,30047.461788472905,30062.17905663404,30031.232176603302,30046.742357745858,474
2010-10-26 01:21:00+00:00,30048.4583927117,30052.554849334938,30031.854311724717,30048.583084848095,288
2010-10-31 01:21:00+00:00,30049.18394811766,30064.291126719705,30046.91754857691,30050.201610833337,942
2010-11-05 01:21:00+00:00,30048.733112376125,30054.77639813589,30045.757890214132,30048.91182455885,171
2010-11-10 01:21:00+00:00,30049.7742779077,30056.76256911921,30044.94010801718,30049.510546494537,373
2010-11-15 01:21:00+00:00,30050.85924768967,30062.884793488585,30049.094681115082,30049.920480970795,331
2010-11-20 01:21:00+00:00,30051.245503085687,30070.945855406255,30038.838200566137,30050.260681066637,781
2010-11-25 01:21:00+00:00,30050.118044689218,30069.254557094304,30031.137910328216,30049.99510875164,734
2010-11-30 01:21:00+00:00,30050.28853333144,30056.133334955368,30033.57491138964,30048.54127654403,760
2010-12-05 01:21:00+00:00,30049.626116423995,30058.37429608901,30044.75674206969,30049.334685993217,261
2010-12-10 01:21:00+00:00,30052.128551384256,30056.935986128505,30047.320931991468,30053.314419513226,214
2010-12-15 01:21:00+00:00,30051.770307069146,30067.469684611526,30040.387829741576,30051.175346165106,589
2010-12-20 01:21:00+00:00,30049.53745269024,30052.191801443234,30036.148763108926,30048.20824438475,707
2010-12-25 01:21:00+00:00,30048.54869296717,30057.820663638067,30029.654595831566,30046.942617141667,768
2010-12-30 01:21:00+00:00,30047.675071408114,30067.370450858318,30032.111664610362,30048.428463116197,807
2011-01-04 01:21:00+00:00,30048.228410733165,30049.025758375185,30036.49901434843,30047.08024484894,965
2011-01-09 01:21:00+00:00,30047.7125610524,30064.014877680558,30028.446490641465,30047.93683535775,500
2011-01-14 01:21:00+00:00,30049.091407049214,30050.67182621787,30043.632809265946,30050.123119912387,338
2011-01-19 01:21:00+00:00,30048.59320982914,30051.43677949215,30038.744344804854,30048.22623450731,672
2011-01-24 01:21:00+00:00,30048.66896251418,30063.997282645687,30038.89368786652,30048.716803067804,907
2011-01-29 01:21:00+00:00,30047.674505311345,30047.858470282197,30039.419713941737,30047.130930339004,896
2011-02-03 01:21:00+00:00,30046.352428926875,30057.89461209499,30026.78138092412,30046.15865977327,459
2011-02-08 01:21:00+00:00,30045.61790244748,30060.392886835245,30044.972141734284,30044.713491017494,197
2011-02-13 01:21:00+00:00,30044.375348647838,30051.328665487476,30036.12691796151,30043.804208376223,391
2011-02-18 01:21:00+00:00,30045.28481347682,30064.838684341492,30037.963072578812,30046.913265761952,556
2011-02-23 01:21:00+00:00,30043.74518463799,30049.132474019898,30036.716977642944,30044.27405918606,525
2011-02-28 01:21:00+00:00,30043.36147142484,30056.59389096747,30030.495871511306,30041.741995052496,206
2011-03-05 01:21:00+00:00,30042.272564376948,30061.56926616361,30040.39941388232,30042.535920325332,280
2011-03-10 01:21:00+00:00,30043.293532379164,30054.605994876983,30042.973059701377,30042.973837906116,477
2011-03-15 01:21:00+00:00,30042.565251816093,30048.24607998375,30027.61782013014,30042.380335421865,800
2011-03-20 01:21:00+00:00,30043.7130646222,30051.294532543165,30029.878358244277,30044.30814610619,645
2011-03-25 01:21:00+00:00,30043.172559918257,30045.997607553712,30037.021372368403,30043.179241478152,303
2011-03-30 01:21:00+00:00,30042.818033305997,30061.542590306795,30041.568535665436,30043.21934791281,793
2011-04-04 01:21:00+00:00,30043.132955349683,30055.455511815446,30024.54381537178,30043.701141379468,576
2011-04-09 01:21:00+00:00,30044.172269831874,30058.17754077877,30040.334265299087,30045.46189146618,743
2011-04-14 01:21:00+00:00,30041.78821040782,30054.661855690072,30023.039831104732,30040.366390151055,934
2011-04-19 01:21:00+00:00,30041.773970324142,30056.167808419617,30036.11592704928,30041.202377112375,391
2011-04-24 01:21:00+00:00,30041.539423647097,30052.310091114574,30027.474971530217,30040.639487845052,424
2011-04-29 01:21:00+00:00,30041.094237002984,30046.74872867134,30030.820002474637,30040.387576775607,827
2011-05-04 01:21:00+00:00,30042.06266588618,30046.86994107688,30037.929175555513,30042.73726645092,821
2011-05-09 01:21:00+00:00,30042.698336138877,30055.307616017395,30026.336059032674,30042.913866198687,888
2011-05-14 01:21:00+00:00,30041.194683458587,30058.321726197613,30027.70096892473,30039.948598163566,623
2011-05-19 01:21:00+00:00,30041.405189741286,30043.255671203155,30027.779128373066,30041.74286256737,875
2011-05-24 01:21:00+00:00,30042.00274371962,30058.325907250677,30034.012771646463,30042.495176006116,839
2011-05-29 01:21:00+00:00,30041.718312236935,30060.70092887733,30033.83690854643,30041.343455193142,986
2011-06-03 01:21:00+00:00,30041.172237555053,30058.919358316823,30031.56066320875,30040.722037112235,487
2011-06-08 01:21:00+00:00,30040.383841545936,30055.547638051394,30023.983713075682,30038.943708080147,237
2011-06-13 01:21:00+00:00,30040.395166210532,30045.66153783318,30030.580397903028,30039.723609650056,291
2011-06-18 01:21:00+00:00,30039.607614275235,30058.881054608693,30027.86779840509,30040.72402586152,761
2011-06-23 01:21:00+00:00,30041.397876005885,30046.8257462593,30040.503390996204,30040.672512120716,698
2011-06-28 01:21:00+00:00,30039.05131094163,30056.357769004448,30026.635120490246,30037.576953426415,872
2011-07-03 01:21:00+00:00,30038.88990909092,30050.87080672683,30037.894246353033,30038.56154295886,149
2011-07-08 01:21:00+00:00,30038.44657305096,30041.879684477874,30029.677399154592,30040.78798566167,969
2011-07-13 01:21:00+00:00,30037.35901093352,30056.574442342946,30031.21970449089,30037.079865481155,960
2011-07-18 01:21:00+00:00,30039.238200220567,30039.707142624393,30037.63119598585,30037.706240833042,762
2011-07-23 01:21:00+00:00,30040.43360592185,30056.100369215415,30025.416615659877,30040.786960210055,898
2011-07-28 01:21:00+00:00,30038.86678324359,30039.485382625913,30021.137232375382,30038.76218211001,954
2011-08-02 01:21:00+00:00,30037.789834659536,30054.723956521513,30022.512336515312,30036.89501125898,798
2011-08-07 01:21:00+00:00,30037.231749619885,30055.718800243656,30018.904258553743,30039.99618029711,724
2011-08-12 01:21:00+00:00,30037.3176403576,30053.7574766807,30028.826122233942,30036.12665513862,334
2011-08-17 01:21:00+00:00,30037.508297141238,30052.181949247344,30029.98135523392,30038.62928878819,438
2011-08-22 01:21:00+00:00,30037.41436778399,30050.43018897368,30021.945269333624,30038.305569709042,686
2011-08-27 01:21:00+00:00,30037.516684058326,30044.903971420164,30020.616201435136,30037.020801299288,487
2011-09-01 01:21:00+00:00,30039.241029916746,30042.467700643003,30039.059942051652,30038.447345999815,270
2011-09-06 01:21:00+00:00,30039.076040980948,30050.975476729935,30032.79769817876,30039.931749171636,591
2011-09-11 01:21:00+00:00,30037.666857818498,30049.871015441953,30018.522745829086,30038.36727799942,752
2011-09-16 01:21:00+00:00,30038.291295367308,30050.87804394022,30029.52736007135,30037.78120491922,411
2011-09-21 01:21:00+00:00,30038.59452154609,30048.425468818445,30034.4830835072,30037.19281927721,533
2011-09-26 01:21:00+00:00,30038.19232557913,30039.38011811472,30027.367417250527,30037.836220566598,128
2011-10-01 01:21:00+00:00,30038.089735613095,30038.343800672657,30022.301440442985,30036.84092336434,468
2011-10-06 01:21:00+00:00,30038.20637923222,30044.64051122322,30036.218610097396,30037.77843674018,486
2011-10-11 01:21:00+00:00,30037.50494959336,30045.09023939602,30025.305633605243,30036.339472221003,613
2011-10-16 01:21:00+00:00,30037.409137604067,30046.68220616052,30022.123546161845,30038.45041178816,591
2011-10-21 01:21:00+00:00,30036.747071038877,30050.617109068207,30032.962083422583,30038.003975231488,451
2011-10-26 01:21:00+00:00,30036.19006189755,30049.19761481042,30035.067484649062,30035.478379300468,358
2011-10-31 01:21:00+00:00,30037.409880005864,30045.135281575698,30020.460811973066,30036.907669499324,699
2011-11-05 01:21:00+00:00,30037.294991215516,30048.538962921077,30031.176363082668,30035.686448631088,713
2011-11-10 01:21:00+00:00,30037.651256569072,30042.13569543438,30018.215325364552,30037.288869272477,443
2011-11-15 01:21:00+00:00,30036.971073126067,30040.439096551832,30019.07527344496,30038.497082130856,894
2011-11-20 01:21:00+00:00,30037.65231577823,30046.233654917825,30024.566707576247,30037.07800397279,243
2011-11-25 01:21:00+00:00,30037.209698218117,30055.65757939413,30022.94124386924,30036.463406224884,913
2011-11-30 01:21:00+00:00,30038.278645860762,30045.427730959986,30037.141637635465,30039.596223411463,388
2011-12-05 01:21:00+00:00,30038.302368924695,30043.856063665586,30028.16340938141,30038.333242014247,404
2011-12-10 01:21:00+00:00,30037.47544936652,30042.49563817143,30024.988993707677,30037.308816714583,650
2011-12-15 01:21:00+00:00,30036.687120903724,30052.075821026225,30019.942762478546,30036.348839929946,107
2011-12-20 01:21:00+00:00,30037.425017080117,30055.45291430173,30023.979229133358,30036.227730713443,802
2011-12-25 01:21:00+00:00,30037.497278306775,30056.810698005072,30022.413495466124,30037.31868891303,843
2011-12-30 01:21:00+00:00,30036.930136596387,30049.962288699422,30022.492332758302,30037.33309557273,209
2012-01-04 01:21:00+00:00,30035.294831547777,30044.890513180442,30018.920944924856,30034.565394916797,586
2012-01-09 01:21:00+00:00,30036.341846869174,30037.285249301523,30027.43188834535,30037.472756045416,821
2012-01-14 01:21:00+00:00,30036.9292981196,30056.57117309413,30036.691802052366,30036.349784142163,115
2012-01-19 01:21:00+00:00,30036.641104058566,30041.67757755949,30032.803714324888,30036.76900131207,640
2012-01-24 01:21:00+00:00,30035.56157765612,30050.078045561473,30017.93763472236,30035.517768581874,729
2012-01-29 01:21:00+00:00,30035.116738453322,30047.33212869843,30015.44742209961,30035.219803572352,877
2012-02-03 01:21:00+00:00,30035.217458137307,30053.20402090301,30017.18538214331,30033.695497757242,917
2012-02-08 01:21:00+00:00,30035.319302859436,30042.009369041265,30031.64134119203,30036.18581243016,752
2012-02-13 01:21:00+00:00,30034.65023736285,30039.325531710205,30028.461227426425,30034.828645769656,932
2012-02-18 01:21:00+00:00,30033.686735742627,30044.69378876582,30022.570401126595,30034.957134995482,485
2012-02-23 01:21:00+00:00,30033.8347796133,30042.77637340699,30029.97080317357,30031.359310489977,956
2012-02-28 01:21:00+00:00,30033.431142494872,30048.173708538972,30025.675834087982,30033.681188742798,202
2012-03-04 01:21:00+00:00,30033.2808721572,30036.867631969628,30022.04584256215,30032.61088346837,298
2012-03-09 01:21:00+00:00,30033.59198076204,30040.0277569258,30029.43355482145,30033.407601076433,523
2012-03-14 01:21:00+00:00,30032.865563111554,30037.689338918975,30023.99444419669,30034.315153720294,414
2012-03-19 01:21:00+00:00,30032.685565859767,30040.385470671976,30021.93506283787,30034.862243884596,145
2012-03-24 01:21:00+00:00,30032.600585136355,30041.266113659836,30024.350378469127,30033.30257174297,856
2012-03-29 01:21:00+00:00,30031.19393697851,30033.370003674456,30029.28216806022,30033.02521424117,695
2012-04-03 01:21:00+00:00,30032.792514304325,30044.323791070645,30031.31034538793,30034.098705088778,590
2012-04-08 01:21:00+00:00,30031.63377630324,30043.174934382656,30014.657550609456,30032.349061637473,178
2012-04-13 01:21:00+00:00,30033.799802995098,30048.559357269947,30021.73833040044,30034.390651901198,906
2012-04-18 01:21:00+00:00,30033.07699663593,30040.22871901059,30019.573688221077,30033.67248935609,546
2012-04-23 01:21:00+00:00,30030.97571732015,30033.35337186134,30016.348218536186,30028.811063006964,958
2012-04-28 01:21:00+00:00,30030.918750287336,30044.430682904465,30018.85227985982,30032.665321066965,771
2012-05-03 01:21:00+00:00,30031.22762128548,30032.489752959416,30027.495074403825,30031.578973695316,582
2012-05-08 01:21:00+00:00,30031.5340770626,30050.234096267955,30027.78515238553,30031.64435425091,504
2012-05-13 01:21:00+00:00,30030.23022592518,30033.91972366494,30022.02348106811,30030.590813961266,409
2012-05-18 01:21:00+00:00,30031.5267506879,30045.658444739878,30023.616667499853,30031.52846206171,380
2012-05-23 01:21:00+00:00,30031.516196626042,30050.81081462636,30013.412891325934,30030.38163229345,101
2012-05-28 01:21:00+00:00,30034.489551546176,30050.617653484194,30015.134771722183,30033.583616732154,903
2012-06-02 01:21:00+00:00,30033.15363995266,30034.152155274765,30019.72600200471,30033.52621543545,579
2012-06-07 01:21:00+00:00,30032.98926858439,30039.70702406374,30026.247435902016,30033.032524675848,675
2012-06-12 01:21:00+00:00,30033.104274601283,30036.546779683926,30028.73262479128,30032.683050950574,496
2012-06-17 01:21:00+00:00,30033.042408145415,30040.941895052765,30032.496221328634,30034.146816089044,594
2012-06-22 01:21:00+00:00,30031.74197544008,30039.93117773493,30019.56190549443,30030.09708408374,263
2012-06-27 01:21:00+00:00,30032.497268915817,30036.042034858925,30021.48610412336,30031.14929224769,713
2012-07-02 01:21:00+00:00,30032.85964507119,30039.471363864148,30018.40441074605,30032.755074441124,443
2012-07-07 01:21:00+00:00,30031.47371987217,30038.668949052593,30030.02518869542,30032.92294913283,225
2012-07-12 01:21:00+00:00,30030.940648964235,30049.849683799406,30028.4528727507,30030.728766915614,647
2012-07-17 01:21:00+00:00,30032.828396086363,30033.001776110807,30018.228367889904,30033.355239846824,187
2012-07-22 01:21:00+00:00,30033.8848796224,30038.299056213553,30030.945104691724,30034.466550268735,549
2012-07-27 01:21:00+00:00,30032.31677055471,30051.58776931819,30027.86042587601,30032.431412466616,272
2012-08-01 01:21:00+00:00,30030.577463266276,30049.624419278916,30014.8527354894,30031.84439704487,446
2012-08-06 01:21:00+00:00,30028.866474262897,30045.849769604883,30021.221704854794,30028.181945627643,127
2012-08-11 01:21:00+00:00,30030.017804162373,30046.000110617744,30013.589041842068,30031.474522009437,737
2012-08-16 01:21:00+00:00,30031.42609444866,30039.494688425442,30027.712992119486,30032.62521342962,457
2012-08-21 01:21:00+00:00,30031.59335426564,30045.96326661766,30028.34838644836,30029.93024042479,836
2012-08-26 01:21:00+00:00,30032.51179477927,30033.92662871712,30014.82918731769,30033.026696135596,744
2012-08-31 01:21:00+00:00,30033.19524984389,30039.42582671893,30021.674883715074,30032.79457221002,809
2012-09-05 01:21:00+00:00,30034.136646543422,30037.657616934022,30022.531199707282,30034.058624199457,548
2012-09-10 01:21:00+00:00,30033.211263357116,30052.533542755606,30014.53695023214,30033.449948239882,414
2012-09-15 01:21:00+00:00,30032.305212660234,30051.061070421998,30013.110791805797,30032.136340664038,839
2012-09-20 01:21:00+00:00,30031.07025508786,30031.520145834,30023.715756839698,30030.929415440398,538
2012-09-25 01:21:00+00:00,30032.535069295343,30052.034571578293,30026.960512607326,30032.62601693995,535
2012-09-30 01:21:00+00:00,30033.959129997063,30051.47021243352,30017.85781599605,30032.926853785142,790
2012-10-05 01:21:00+00:00,30033.94242322503,30051.070379418452,30014.667311267203,30033.39033108982,189
2012-10-10 01:21:00+00:00,30032.98585901166,30050.308713104238,30022.312469316596,30032.892106575713,585
2012-10-15 01:21:00+00:00,30029.746680220207,30041.243462748796,30011.994721898438,30029.987160173398,532
2012-10-20 01:21:00+00:00,30030.87599696697,30039.66397093678,30011.992602694005,30030.432968580488,524
2012-10-25 01:21:00+00:00,30030.718669380516,30032.413329983337,30029.15366164734,30030.768641697006,776
2012-10-30 01:21:00+00:00,30031.50484749755,30040.085386097588,30019.42363150509,30032.994239486234,138
2012-11-04 01:21:00+00:00,30033.30034512451,30040.07649088512,30017.45098881742,30033.532904562646,729
2012-11-09 01:21:00+00:00,30030.981408294865,30033.044148484893,30015.67553219989,30030.83982580757,396
2012-11-14 01:21:00+00:00,30031.656028224304,30040.925508807177,30031.15919370977,30031.85564873311,408
2012-11-19 01:21:00+00:00,30032.118020903235,30044.70605664344,30015.123143125504,30032.37603669001,229
2012-11-24 01:21:00+00:00,30032.71943389306,30051.35618063064,30025.71394841886,30032.288685767162,343
2012-11-29 01:21:00+00:00,30032.824874697642,30048.273718011762,30017.720580843543,30029.418149725592,147
2012-12-04 01:21:00+00:00,30032.309647474962,30044.971339740976,30028.708686104655,30031.919030001027,656
2012-12-09 01:21:00+00:00,30032.843374200784,30042.617084568774,30031.63163400385,30031.55882131668,151
2012-12-14 01:21:00+00:00,30032.33261579044,30032.6307715788,30016.209850211435,30033.12483312155,583
2012-12-19 01:21:00+00:00,30031.831215732775,30037.294236567974,30014.742989231014,30034.10056491518,415
2012-12-24 01:21:00+00:00,30032.002887404884,30038.071777380188,30017.00345040735,30030.937125036096,774
2012-12-29 01:21:00+00:00,30032.72567443681,30044.14287861468,30028.593431846246,30032.535468371232,969
2013-01-03 01:21:00+00:00,30032.82293409023,30040.215654805725,30027.578913672078,30032.382878640525,829
2013-01-08 01:21:00+00:00,30030.40640016737,30030.66299940994,30010.967359388018,30031.47102379017,394
2013-01-13 01:21:00+00:00,30029.18093751801,30039.52596559689,30013.55777389457,30029.669341607,367
2013-01-18 01:21:00+00:00,30029.265748093792,30043.139165936707,30020.92546878698,30031.150332952366,886
2013-01-23 01:21:00+00:00,30030.319413998113,30048.63461627839,30017.944963814953,30031.77651258637,536
2013-01-28 01:21:00+00:00,30030.233849137505,30043.23441601707,30017.00585633116,30031.04011964097,871
2013-02-02 01:21:00+00:00,30031.2461585967,30041.27391067651,30029.542834119195,30031.45746862972,253
2013-02-07 01:21:00+00:00,30031.644603820852,30049.52688880253,30020.620451856637,30031.289798785183,255
2013-02-12 01:21:00+00:00,30034.219865113955,30045.293776689254,30025.2541388504,30033.62148264722,670
2013-02-17 01:21:00+00:00,30034.05830846086,30042.373944208255,30032.98530103862,30034.005211206964,892
2013-02-22 01:21:00+00:00,30034.051568391766,30051.7222849775,30021.452833827636,30035.3715049537,934
2013-02-27 01:21:00+00:00,30033.551428402945,30034.864304635586,30030.7261654805,30032.76601955753,473
2013-03-04 01:21:00+00:00,30032.482439324183,30036.67134272077,30020.460676418716,30033.42307947299,426
2013-03-09 01:21:00+00:00,30031.35792729991,30046.301502546114,30017.205787883086,30031.152869248122,953
2013-03-14 01:21:00+00:00,30031.55560616494,30034.002667833865,30022.093633767687,30031.438638940166,528
2013-03-19 01:21:00+00:00,30032.49050759399,30034.163278326898,30026.002641339,30031.785875488196,993
2013-03-24 01:21:00+00:00,30032.845565561518,30048.89474817874,30020.875786628683,30032.63148226227,122
2013-03-29 01:21:00+00:00,30031.87925824739,30048.816338104018,30029.57142282817,30031.21941768108,144
2013-04-03 01:21:00+00:00,30032.028301599443,30045.010224784528,30020.097151816924,30031.078365177495,831
2013-04-08 01:21:00+00:00,30033.38159300934,30045.985719398403,30024.02376259784,30033.212875050154,668
2013-04-13 01:21:00+00:00,30035.338801578517,30045.4598660056,30021.111297459363,30036.940520017364,495
2013-04-18 01:21:00+00:00,30034.825289720073,30043.415596564693,30016.501900104002,30034.52832395172,281
2013-04-23 01:21:00+00:00,30035.084327038196,30036.81681226084,30029.30718042497,30034.13060016415,823
2013-04-28 01:21:00+00:00,30035.159986068684,30053.3395475435,30031.674450683582,30035.3737787802,436
2013-05-03 01:21:00+00:00,30034.372274242713,30051.236940184266,30023.624281152748,30034.52674947784,643
2013-05-08 01:21:00+00:00,30033.60981376919,30037.810523891774,30030.14128706756,30033.974897634846,319
2013-05-13 01:21:00+00:00,30034.278322693597,30052.307785457506,30021.384986324327,30036.3040119753,270
2013-05-18 01:21:00+00:00,30034.504379535734,30043.791573524748,30017.833744505417,30034.0841831152,411
2013-05-23 01:21:00+00:00,30033.54575170188,30051.132325806335,30015.073442289828,30033.768726591134,959
2013-05-28 01:21:00+00:00,30036.00824046789,30036.751988258984,30023.268411186167,30036.877569749617,803
2013-06-02 01:21:00+00:00,30037.62560194108,30056.999998335166,30020.382450223784,30038.095255072607,385
2013-06-07 01:21:00+00:00,30040.36530084649,30049.52486759895,30039.022256664037,30041.3718969813,228
2013-06-12 01:21:00+00:00,30039.530330149308,30049.425276492722,30032.834393209687,30040.227229191452,977
2013-06-17 01:21:00+00:00,30040.560094430064,30059.84545877459,30040.425855937177,30041.563370519772,308
2013-06-22 01:21:00+00:00,30040.974442777377,30041.50882740741,30023.589706455467,30039.854014478606,407
2013-06-27 01:21:00+00:00,30040.281390106065,30047.26143725233,30028.02335774613,30040.057284314276,349
2013-07-02 01:21:00+00:00,30040.756746834973,30052.34460135083,30031.05241623132,30040.5003698563,209
2013-07-07 01:21:00+00:00,30040.616036527,30054.160584192716,30022.46706119966,30040.020255469015,673
2013-07-12 01:21:00+00:00,30040.079189532677,30059.68079259236,30025.70071080771,30041.12090461975,871
2013-07-17 01:21:00+00:00,30038.748848017087,30047.888518568554,30025.57996235961,30036.818483585852,825
2013-07-22 01:21:00+00:00,30039.65860712927,30049.345539756345,30023.002455679663,30040.12979895141,862
2013-07-27 01:21:00+00:00,30038.18765508072,30038.84885549535,30030.06895381092,30038.612179209005,563
2013-08-01 01:21:00+00:00,30039.054579009742,30056.22654217313,30023.904666882907,30038.77027967216,867
2013-08-06 01:21:00+00:00,30038.782488667373,30056.155431020296,30020.563408291877,30039.233950377118,195
2013-08-11 01:21:00+00:00,30039.082803170204,30045.83245665763,30020.195615098026,30039.547243020166,376
2013-08-16 01:21:00+00:00,30038.298792607104,30041.912468634822,30021.28895370853,30039.438788540094,868
2013-08-21 01:21:00+00:00,30038.032522336493,30041.152907383483,30021.08767221576,30039.298255853046,892
2013-08-26 01:21:00+00:00,30036.96828206654,30038.31278287482,30020.63043812551,30035.059044552894,390
2013-08-31 01:21:00+00:00,30035.63870704392,30038.552288768995,30021.820831837533,30036.722771989225,304
2013-09-05 01:21:00+00:00,30034.95227235525,30047.323652368203,30027.466069976585,30033.023021162393,803
2013-09-10 01:21:00+00:00,30034.984356656692,30037.1743766353,30028.523546785236,30035.261785542407,837
2013-09-15 01:21:00+00:00,30035.851836860595,30048.95295711414,30024.217142028774,30037.237964019103,286
2013-09-20 01:21:00+00:00,30035.965495838835,30055.25241243687,30026.9667243481,30035.990777391446,949
2013-09-25 01:21:00+00:00,30037.403077115112,30039.55227629867,30018.294614069047,30038.34193023352,684
2013-09-30 01:21:00+00:00,30035.854685184982,30037.369269439645,30026.614147642773,30037.10356684258,922
2013-10-05 01:21:00+00:00,30035.74588021309,30042.472220407097,30033.40476311612,30035.742158176155,357
2013-10-10 01:21:00+00:00,30034.1810101137,30039.321157501767,30019.67655477421,30034.96728428357,232
2013-10-15 01:21:00+00:00,30033.84391692361,30042.319149841613,30028.9497801389,30032.125291784185,807
2013-10-20 01:21:00+00:00,30034.107181847507,30054.09112483968,30033.001628541868,30034.734323797475,219
2013-10-25 01:21:00+00:00,30031.48506234861,30040.84081420273,30012.78674130182,30032.341641550956,774
2013-10-30 01:21:00+00:00,30030.924413707762,30046.91559772574,30017.905720201168,30029.36570160858,925
2013-11-04 01:21:00+00:00,30030.76805753217,30043.83361958455,30015.56278625738,30030.486641549174,291
2013-11-09 01:21:00+00:00,30029.852587349847,30030.989555219658,30010.78384047273,30030.804972341044,883
2013-11-14 01:21:00+00:00,30028.981184041593,30030.941748903377,30025.995603427575,30028.17309281198,495
2013-11-19 01:21:00+00:00,30028.764751916166,30038.426078329267,30018.639281943408,30028.2041423708,674
2013-11-24 01:21:00+00:00,30029.151794474616,30041.304601502205,30020.292775147533,30028.517841314653,581
2013-11-29 01:21:00+00:00,30027.675758944926,30035.83654344102,30018.341917598,30027.699038207844,621
2013-12-04 01:21:00+00:00,30028.067137632235,30029.7019103047,30018.084256831535,30026.745613766976,728
2013-12-09 01:21:00+00:00,30028.336763517796,30042.06034783318,30021.56144371287,30027.74328163544,354
2013-12-14 01:21:00+00:00,30027.553384202696,30042.838744209505,30020.260200661804,30029.173966151582,701
2013-12-19 01:21:00+00:00,30027.38881377641,30028.877085813594,30024.97712200149,30028.806619424093,971
2013-12-24 01:21:00+00:00,30025.86480214836,30037.71294776322,30011.254200868698,30027.97686223792,305
2013-12-29 01:21:00+00:00,30022.98700875428,30033.438698557773,30015.35993683927,30023.274573744486,818
2014-01-03 01:21:00+00:00,30022.810226262765,30035.925375066683,30009.22759541936,30020.45681292011,283
2014-01-08 01:21:00+00:00,30022.31055132211,30022.712760874365,30003.93878839307,30022.702365267778,140
2014-01-13 01:21:00+00:00,30023.743210099816,30032.47672058778,30004.909117631592,30025.05233906771,247
2014-01-18 01:21:00+00:00,30021.98595878756,30026.120535327016,30017.06401853785,30022.41698855952,681
2014-01-23 01:21:00+00:00,30021.325224392553,30036.422569301616,30010.535784213156,30020.488022067264,261
2014-01-28 01:21:00+00:00,30019.186926712337,30024.23261042286,30016.555380150694,30020.03667640105,761
2014-02-02 01:21:00+00:00,30020.760102071104,30022.689115199184,30005.932463177327,30021.0607957316,584
2014-02-07 01:21:00+00:00,30019.437531815227,30021.15418959855,30008.484462112192,30019.249224922285,575
2014-02-12 01:21:00+00:00,30020.048538083716,30025.008847162837,30000.5440000145,30019.192143294753,418
2014-02-17 01:21:00+00:00,30021.39530455903,30041.31885018007,30008.465643590807,30021.817592992258,758
2014-02-22 01:21:00+00:00,30020.594610917786,30026.788811905764,30014.005457677285,30018.64889201673,262
2014-02-27 01:21:00+00:00,30021.188287247,30037.44279900927,30007.842159153446,30020.88066690266,379
2014-03-04 01:21:00+00:00,30022.13897237502,30038.055457100963,30021.59735790897,30024.40378173353,221
2014-03-09 01:21:00+00:00,30023.09190487684,30028.959681926866,30006.95901930899,30021.777936921204,419
2014-03-14 01:21:00+00:00,30024.59462119215,30034.57454898121,30005.937223414985,30023.138426105797,738
2014-03-19 01:21:00+00:00,30025.388339208923,30044.892910579794,30005.942301051058,30025.461632791452,410
2014-03-24 01:21:00+00:00,30025.245467831588,30034.686357269315,30009.431247276054,30025.874592033484,650
2014-03-29 01:21:00+00:00,30026.483247586617,30029.129018457163,30009.232906401143,30025.14913645753,759
2014-04-03 01:21:00+00:00,30027.98850457615,30038.775386735462,30010.89562187309,30026.325163075882,991
2014-04-08 01:21:00+00:00,30027.138609506957,30041.986544736883,30019.34267434721,30026.87025813859,751
2014-04-13 01:21:00+00:00,30027.462589851835,30040.588060135764,30016.431713728874,30027.134404455668,363
2014-04-18 01:21:00+00:00,30027.035109190143,30044.402919535565,30008.626011623903,30025.66021499611,965
2014-04-23 01:21:00+00:00,30028.374436933354,30040.726712640677,30020.811484993494,30027.80931193515,395
2014-04-28 01:21:00+00:00,30029.492444196218,30046.784388399585,30025.603149305683,30027.803361456583,575
2014-05-03 01:21:00+00:00,30029.872769476526,30036.11913959895,30020.644662558796,30029.04423912628,948
2014-05-08 01:21:00+00:00,30028.99858166421,30045.31538323457,30014.209466374403,30029.28763952306,870
2014-05-13 01:21:00+00:00,30028.099996767054,30046.6917962737,30009.124808159497,30027.49692809649,334
2014-05-18 01:21:00+00:00,30028.24685217228,30043.27052066433,30011.566774349383,30027.393077193992,185
2014-05-23 01:21:00+00:00,30026.575536436256,30044.57929695013,30020.181780695708,30026.32454202384,292
2014-05-28 01:21:00+00:00,30027.23684430195,30041.10621259703,30020.39456799914,30026.8313658874,686
2014-06-02 01:21:00+00:00,30026.312860621245,30028.998876883757,30010.74591726197,30027.386962057688,514
2014-06-07 01:21:00+00:00,30027.8549115321,30045.221952141354,30025.42572778156,30027.833225268965,960
2014-06-12 01:21:00+00:00,30027.61388611045,30032.402263315395,30010.674039231544,30026.534233709386,357
2014-06-17 01:21:00+00:00,30027.995602529372,30034.089071673796,30027.399202460976,30028.07604296615,433
2014-06-22 01:21:00+00:00,30027.7767428597,30029.412914204768,30010.48373763418,30027.56788514269,269
2014-06-27 01:21:00+00:00,30028.271346103127,30038.627947218858,30013.278856171306,30028.77895442396,973
2014-07-02 01:21:00+00:00,30028.1626688241,30031.96652079035,30027.307291812453,30026.69918853965,766
2014-07-07 01:21:00+00:00,30028.8833395398,30038.720011264923,30023.485102913957,30031.090839965316,429
2014-07-12 01:21:00+00:00,30029.151989120608,30030.257017983415,30013.14256710119,30030.904836120546,132
2014-07-17 01:21:00+00:00,30029.307751906268,30047.699022011795,30026.136331072896,30030.330783083995,242
2014-07-22 01:21:00+00:00,30029.97269459556,30046.992227519564,30021.2537861093,30030.29337055718,397
2014-07-27 01:21:00+00:00,30030.285160657753,30041.6382698871,30016.598629356075,30029.801719626925,151
2014-08-01 01:21:00+00:00,30029.902762706628,30048.780141788084,30014.36278238907,30029.898721120695,291
2014-08-06 01:21:00+00:00,30030.038163371697,30048.455730039896,30022.620479987112,30029.987544737636,792
2014-08-11 01:21:00+00:00,30030.268554928127,30035.73500000407,30024.82048634722,30029.849293806583,592
2014-08-16 01:21:00+00:00,30028.476230711585,30028.495292046584,30015.886099796815,30029.484895548732,115
2014-08-21 01:21:00+00:00,30027.038089040412,30034.3329553734,30022.38530312561,30026.909912337538,148
2014-08-26 01:21:00+00:00,30026.598040134875,30029.913923956632,30020.410433595735,30026.571945152376,394
2014-08-31 01:21:00+00:00,30024.8464537062,30037.51533899032,30009.340503898595,30023.357750043637,473
2014-09-05 01:21:00+00:00,30024.267734153997,30033.92807195908,30022.459001135234,30024.424503548988,652
2014-09-10 01:21:00+00:00,30023.867818834016,30034.253040350555,30005.75528871178,30023.150667761427,597
2014-09-15 01:21:00+00:00,30025.101697023776,30033.31222933107,30011.783963369406,30023.342394797157,349
2014-09-20 01:21:00+00:00,30024.230910103095,30032.86029733777,30006.093352221218,30024.010732780745,739
2014-09-25 01:21:00+00:00,30024.310793085082,30037.61529254459,30020.79925548785,30026.766821490368,699
2014-09-30 01:21:00+00:00,30024.943723245917,30025.357854235524,30009.451104201104,30025.108445371017,755
2014-10-05 01:21:00+00:00,30024.44622233382,30033.280265545112,30010.100389274743,30025.50235140984,459
2014-10-10 01:21:00+00:00,30023.068073172068,30040.821759369624,30005.32380896648,30023.43561092981,686
2014-10-15 01:21:00+00:00,30021.154939210228,30027.973665400274,30004.29023438586,30022.31757991026,146
2014-10-20 01:21:00+00:00,30020.69015654334,30021.447211760435,30012.321085914846,30020.841786660323,379
2014-10-25 01:21:00+00:00,30021.075627906066,30037.036721647717,30009.015972454377,30020.603708921706,881
2014-10-30 01:21:00+00:00,30020.255641651496,30037.00677290765,30013.62677674358,30019.260971522777,403
2014-11-04 01:21:00+00:00,30019.84218100076,30020.296771947444,30005.795744456278,30020.94252164366,671
2014-11-09 01:21:00+00:00,30020.317304867043,30025.961857955797,30003.66702075206,30020.21679533569,431
2014-11-14 01:21:00+00:00,30019.621622736224,30029.37031404467,30003.52653187291,30020.146539307683,335
2014-11-19 01:21:00+00:00,30017.620286151523,30020.31619886033,30007.859344419678,30016.233431981203,804
2014-11-24 01:21:00+00:00,30018.706418044185,30038.618461892933,30010.920392901367,30018.185791414362,106
2014-11-29 01:21:00+00:00,30018.43429607745,30030.67867597256,30007.71753860293,30018.08325899896,570
2014-12-04 01:21:00+00:00,30018.24854418489,30024.276673851207,30017.209098426334,30017.55952167777,578
2014-12-09 01:21:00+00:00,30018.847676802605,30029.18821743348,30015.426361343663,30019.731413007674,635
2014-12-14 01:21:00+00:00,30017.799143400225,30035.86226124357,30000.22247345454,30017.737306617364,725
2014-12-19 01:21:00+00:00,30016.38507858939,30025.614694103337,30015.99231275082,30016.548225221144,524
2014-12-24 01:21:00+00:00,30015.481737276907,30025.147132731905,29997.526748009404,30017.762594446463,886
2014-12-29 01:21:00+00:00,30015.173703405155,30020.92898980212,30006.24031541386,30015.495668426032,170
2015-01-03 01:21:00+00:00,30013.709532447418,30028.93395188937,30005.048615180505,30014.831211691362,226
2015-01-08 01:21:00+00:00,30014.358072623738,30028.115650948686,30011.55273482303,30014.274979909897,112
2015-01-13 01:21:00+00:00,30014.479525274746,30027.26150524855,30008.70631248408,30013.402192677575,872
2015-01-18 01:21:00+00:00,30014.390141264834,30015.032038370846,30007.552034790453,30015.99031709967,844
2015-01-23 01:21:00+00:00,30013.952023809135,30032.12715096022,29998.720466070703,30012.982357967772,887
2015-01-28 01:21:00+00:00,30015.14215631845,30031.545204822247,29998.183004544826,30015.29039781087,444
2015-02-02 01:21:00+00:00,30015.229790796428,30027.70241676008,30014.4003500684,30016.71402808717,755
2015-02-07 01:21:00+00:00,30016.627165846105,30021.453723131377,30016.335505660758,30016.176687101422,712
2015-02-12 01:21:00+00:00,30017.86763959015,30021.44425638716,30002.929403590846,30019.08068368687,687
2015-02-17 01:21:00+00:00,30017.288128280747,30023.271657440047,30002.894340708037,30018.621724441822,535
2015-02-22 01:21:00+00:00,30018.648485175123,30032.219259094913,30011.90868124076,30019.06577244883,709
2015-02-27 01:21:00+00:00,30018.853955794228,30019.78032901244,30001.77622056824,30017.989756889383,970
2015-03-04 01:21:00+00:00,30019.56272678365,30029.447624536806,30007.050560018353,30020.101096736955,646
2015-03-09 01:21:00+00:00,30020.35092892615,30033.334715969973,30002.449937983518,30020.92554988425,173
2015-03-14 01:21:00+00:00,30018.36603972685,30028.752530815447,30000.560527931706,30018.51367791421,548
2015-03-19 01:21:00+00:00,30018.9293092469,30023.482725563746,30006.975764740007,30018.43425481112,599
2015-03-24 01:21:00+00:00,30019.838565038757,30028.39485204533,30005.648942126238,30021.124450138585,948
2015-03-29 01:21:00+00:00,30020.045065225564,30026.768042701067,30002.65799119513,30020.962941110287,921
2015-04-03 01:21:00+00:00,30020.00219035041,30034.074294021,30003.43498050842,30020.62305089551,131
2015-04-08 01:21:00+00:00,30020.80077036493,30036.28454075331,30017.257793615157,30019.56556352607,942
2015-04-13 01:21:00+00:00,30021.405098024108,30040.09841934433,30004.98167679268,30022.151625820978,564
2015-04-18 01:21:00+00:00,30020.25945324949,30035.571775182794,30015.224682422922,30020.17795367218,986
2015-04-23 01:21:00+00:00,30019.973483465175,30026.844861181653,30017.239668358372,30021.133247478363,622
2015-04-28 01:21:00+00:00,30020.591950587324,30026.987268422883,30019.239879680645,30022.024558315075,994
2015-05-03 01:21:00+00:00,30022.11348847965,30040.21736282277,30005.9942787606,30022.32157116597,170
2015-05-08 01:21:00+00:00,30021.089238313863,30033.160717932,30008.46050570401,30020.763350641562,362
2015-05-13 01:21:00+00:00,30020.611565326722,30038.78621623907,30012.693070374455,30019.804492416537,422
2015-05-18 01:21:00+00:00,30019.69261894545,30023.40195755473,30006.148254612857,30019.27624405325,823
2015-05-23 01:21:00+00:00,30019.813842793006,30024.068910746788,30012.195854325593,30020.623348801997,606
2015-05-28 01:21:00+00:00,30018.39292947268,30021.413994527342,30006.754906168426,30017.624665131723,641
2015-06-02 01:21:00+00:00,30018.350740533402,30036.420612902817,30003.482690328365,30016.45029404208,684
2015-06-07 01:21:00+00:00,30018.68183364657,30038.43134968623,29999.39338313968,30016.890926240212,952
2015-06-12 01:21:00+00:00,30019.244193557923,30024.423892236915,30010.86880083914,30019.28962907608,751
2015-06-17 01:21:00+00:00,30019.7652291667,30027.81824600469,30005.142515629203,30018.040596591025,108
2015-06-22 01:21:00+00:00,30020.44678110217,30029.329906356557,30017.29010071522,30021.544146326563,240
2015-06-27 01:21:00+00:00,30019.23131670679,30033.519116464293,30017.253443590813,30019.04146065179,811
2015-07-02 01:21:00+00:00,30018.307440170072,30031.096390723756,30001.68716776278,30017.695857218903,153
2015-07-07 01:21:00+00:00,30016.7137052371,30017.950079695074,30008.286685574327,30017.82623710551,204
2015-07-12 01:21:00+00:00,30015.191429672122,30026.61703133244,30007.358133542068,30013.765590346862,111
2015-07-17 01:21:00+00:00,30017.45312074838,30024.52229737558,30000.05972025779,30017.215109371453,244
2015-07-22 01:21:00+00:00,30016.666517530797,30036.4547742375,30009.56577196232,30016.389548722746,667
2015-07-27 01:21:00+00:00,30015.399497151222,30026.123455155677,30010.5717328243,30015.872086677697,107
2015-08-01 01:21:00+00:00,30015.99436771969,30031.999560152788,30012.94688826318,30013.995222476067,106
2015-08-06 01:21:00+00:00,30015.700963349882,30020.597369537132,30012.387358600867,30016.44103284497,854
2015-08-11 01:21:00+00:00,30015.02585656117,30028.76581525414,30000.746325837186,30014.969961177245,385
2015-08-16 01:21:00+00:00,30014.63994093808,30027.385433579897,29997.685154581755,30015.855652425016,484
2015-08-21 01:21:00+00:00,30016.341038137376,30018.06763427992,30002.868532846092,30017.971688998357,112
2015-08-26 01:21:00+00:00,30016.324345352055,30024.57658876386,30014.535691743793,30015.90441730054,752
2015-08-31 01:21:00+00:00,30016.126221086935,30030.669748468874,30007.655547486207,30015.988959725335,198
2015-09-05 01:21:00+00:00,30017.376089776855,30028.94139794285,30002.42289077342,30019.965814203482,721
2015-09-10 01:21:00+00:00,30016.43338496193,30020.97077111973,30003.09151315305,30015.257767456515,398
2015-09-15 01:21:00+00:00,30014.357956160995,30026.700307131137,30005.984264319122,30015.172374060603,423
2015-09-20 01:21:00+00:00,30014.285090559588,30023.783810236928,30001.53735249102,30013.356680223114,848
2015-09-25 01:21:00+00:00,30014.567583360622,30024.60087533081,30005.94712909627,30016.73549316448,517
2015-09-30 01:21:00+00:00,30014.070111209436,30015.68668287398,30011.364049913474,30015.65336146689,147
2015-10-05 01:21:00+00:00,30012.74728144816,30030.3382119926,30005.853396137394,30012.47234802468,160
2015-10-10 01:21:00+00:00,30012.253077199566,30030.10976961687,30001.848646437964,30011.759156662847,175
2015-10-15 01:21:00+00:00,30013.24299612144,30032.45679631083,29996.24927654495,30010.775189457167,466
2015-10-20 01:21:00+00:00,30012.695128177365,30016.825731907567,30004.477079367087,30012.937359325224,644
2015-10-25 01:21:00+00:00,30011.969177043153,30017.033567484592,30007.172307630688,30011.43148167196,684
2015-10-30 01:21:00+00:00,30011.786428240426,30024.389550102722,29994.54137542811,30012.73627520142,411
2015-11-04 01:21:00+00:00,30010.930300692748,30029.76211272172,30000.626328777755,30010.987007578304,187
2015-11-09 01:21:00+00:00,30011.840696484207,30012.66931978126,30008.051171458294,30012.587021733652,638
2015-11-14 01:21:00+00:00,30012.394035117217,30024.82852752515,30005.4645332765,30013.861332728447,775
2015-11-19 01:21:00+00:00,30010.706611427853,30014.602879231017,30005.058494722674,30010.826988657656,319
2015-11-24 01:21:00+00:00,30010.313401688178,30019.162340885807,29994.20917052446,30010.22560377525,772
2015-11-29 01:21:00+00:00,30008.252550911402,30018.030812017238,30002.92159052553,30009.746971004184,301
2015-12-04 01:21:00+00:00,30008.9738028328,30027.530572801803,29992.38942360865,30009.93843637214,269
2015-12-09 01:21:00+00:00,30007.525290038102,30024.885293078496,29993.682335148038,30008.216759999457,398
2015-12-14 01:21:00+00:00,30008.0464247336,30020.672225324914,30001.245185401756,30010.413010545144,157
2015-12-19 01:21:00+00:00,30009.67803170461,30015.06736308186,29989.980302537042,30009.72363159239,640
2015-12-24 01:21:00+00:00,30008.68818326781,30012.00448084637,30006.552924549702,30007.607803120416,307
2015-12-29 01:21:00+00:00,30008.20127754565,30011.29748859276,29990.973381005846,30007.54354280247,164
2016-01-03 01:21:00+00:00,30007.105964418584,30008.77935448051,30000.755826270222,30006.611184122594,117
2016-01-08 01:21:00+00:00,30007.9620829938,30013.866898421973,29993.62471456937,30007.378567503936,999
2016-01-13 01:21:00+00:00,30007.840370730406,30013.58987519606,30006.244296574885,30007.754659188984,704
2016-01-18 01:21:00+00:00,30007.8512780935,30020.87803826692,29988.418610747107,30009.35754085132,121
2016-01-23 01:21:00+00:00,30007.404902953593,30020.325536852746,30001.804306183683,30008.205815523124,952
2016-01-28 01:21:00+00:00,30009.587734814842,30022.231459122522,30009.32492045807,30009.218699695255,362
2016-02-02 01:21:00+00:00,30010.469746533236,30029.266484479132,29991.59964489537,30007.925127335577,346
2016-02-07 01:21:00+00:00,30009.86432340358,30023.703240858165,29995.317092723883,30009.631553574138,609
2016-02-12 01:21:00+00:00,30010.642680110916,30026.036550484838,30007.28708700772,30009.572296000893,864
2016-02-17 01:21:00+00:00,30011.704709573,30021.166000265966,29998.49938238052,30012.45940716985,667
2016-02-22 01:21:00+00:00,30013.112249634527,30032.272549407768,30013.01328922973,30013.63758513537,141
2016-02-27 01:21:00+00:00,30011.645889710933,30027.504455378068,30010.42485992646,30011.774322819478,719
2016-03-03 01:21:00+00:00,30012.532241285902,30030.39601687862,30009.498298044815,30011.932705069405,203
2016-03-08 01:21:00+00:00,30012.47922915595,30023.407814320504,30012.06205927205,30013.29653399682,935
2016-03-13 01:21:00+00:00,30014.88779339376,30021.742408882557,29995.491601873073,30014.306761477317,255
2016-03-18 01:21:00+00:00,30014.462935850726,30027.085279917716,29994.985782376072,30016.411005045666,556
2016-03-23 01:21:00+00:00,30015.38917415951,30032.97692929504,30009.970159180433,30015.526173015704,195
2016-03-28 01:21:00+00:00,30014.213091332378,30020.310237629725,30002.773647689253,30014.046907340835,211
2016-04-02 01:21:00+00:00,30014.771706064967,30031.044695794604,29994.783761058905,30015.16507626067,151
2016-04-07 01:21:00+00:00,30014.829874641302,30024.00776610126,30007.596975707456,30014.432430302913,131
2016-04-12 01:21:00+00:00,30015.002955350494,30024.327798158374,30011.01683487772,30013.835873430962,921
2016-04-17 01:21:00+00:00,30014.638203735674,30019.555977118733,30003.978657018903,30015.248327316276,833
2016-04-22 01:21:00+00:00,30014.221376838133,30023.576951573552,30011.253772209726,30014.619985601996,973
2016-04-27 01:21:00+00:00,30013.953924999412,30024.364860814316,30005.60015298629,30012.784300768177,269
2016-05-02 01:21:00+00:00,30013.73744400281,30028.260402399883,29998.005817436766,30013.79712626704,786
2016-05-07 01:21:00+00:00,30016.006484486854,30032.04825955359,30004.60438806992,30017.568599158607,742
2016-05-12 01:21:00+00:00,30015.90068945572,30023.439604884356,30006.44500874506,30015.16952911934,883
2016-05-17 01:21:00+00:00,30015.384542498505,30020.41751349413,30010.33676580001,30017.039613219313,466
2016-05-22 01:21:00+00:00,30016.239552954205,30033.8182762056,29998.632269892772,30014.973228545536,673
2016-05-27 01:21:00+00:00,30014.98821257581,30027.93057795306,30007.628814229844,30013.676486903376,525
2016-06-01 01:21:00+00:00,30014.85160102257,30020.141777777182,29999.587739037597,30013.80167415278,498
2016-06-06 01:21:00+00:00,30013.801552404886,30029.741945345795,30007.291641916945,30014.757502355595,360
2016-06-11 01:21:00+00:00,30012.4304522161,30024.0167342762,30002.34162156525,30013.19974389121,862
2016-06-16 01:21:00+00:00,30013.505423910738,30015.53581599458,30012.761363237478,30012.75756005601,915
2016-06-21 01:21:00+00:00,30014.319803094688,30030.26285747939,30001.14233138187,30013.75098504113,259
2016-06-26 01:21:00+00:00,30015.010245192992,30028.616672631502,30005.221067172897,30014.68288277636,294
2016-07-01 01:21:00+00:00,30014.182746598326,30019.517837023603,29995.2130554825,30014.346307775897,160
2016-07-06 01:21:00+00:00,30013.49487644913,30013.738269169076,30007.22586252438,30012.973494594513,154
2016-07-11 01:21:00+00:00,30013.2020843698,30031.323256447347,30012.427218494347,30011.81944425892,718
2016-07-16 01:21:00+00:00,30013.88301392863,30015.534457487673,29994.688997005967,30013.9643807596,988
2016-07-21 01:21:00+00:00,30013.57149558096,30015.447186052697,30007.135877222372,30013.514455785396,651
2016-07-26 01:21:00+00:00,30014.345498853807,30024.97530637631,30001.518141002256,30016.055090055488,314
2016-07-31 01:21:00+00:00,30014.221819288243,30031.43064009505,29999.43565505477,30013.888011163726,362
2016-08-05 01:21:00+00:00,30015.488111302027,30024.01097332103,30011.05004561144,30015.824645922876,124
2016-08-10 01:21:00+00:00,30016.378311930344,30032.023423645158,30007.874485834043,30017.972660238396,571
2016-08-15 01:21:00+00:00,30018.68146252796,30036.259026449698,30005.846170070065,30018.957544061053,768
2016-08-20 01:21:00+00:00,30018.87932355836,30027.245733053387,29999.714967738684,30016.51387428434,789
2016-08-25 01:21:00+00:00,30018.008514204394,30030.594626452657,30013.315390130745,30017.905832753557,534
2016-08-30 01:21:00+00:00,30016.847776583218,30019.880279498306,30006.72405097774,30018.13424560179,836
2016-09-04 01:21:00+00:00,30017.89565951587,30036.52969461395,30013.156820732333,30018.91851679489,627
2016-09-09 01:21:00+00:00,30015.905151596962,30018.76637794951,29996.044769674198,30015.18440947376,236
2016-09-14 01:21:00+00:00,30017.101177264904,30028.008928630494,30005.046084718873,30017.014124784975,826
2016-09-19 01:21:00+00:00,30016.73838688121,30028.018655884785,30013.239817505855,30016.078622963058,278
2016-09-24 01:21:00+00:00,30017.30763762907,30037.30351474313,30011.294825445002,30019.329748697128,488
2016-09-29 01:21:00+00:00,30017.689444373358,30035.56880794511,30014.3450354188,30015.62005755085,632
2016-10-04 01:21:00+00:00,30020.37308341235,30025.7319059194,30013.56768480482,30019.384822116128,312
2016-10-09 01:21:00+00:00,30019.830203653713,30032.53441430729,30017.560172654383,30019.760650416065,900
2016-10-14 01:21:00+00:00,30021.408554758505,30033.678461460477,30004.360733682086,30022.70522445661,392
2016-10-19 01:21:00+00:00,30017.992752098704,30025.79133588276,29998.126065896657,30018.088060530165,557
2016-10-24 01:21:00+00:00,30016.62156690487,30017.17555952051,30010.466101798633,30014.653521786167,169
2016-10-29 01:21:00+00:00,30016.16316107033,30017.673379927273,30001.497238049407,30017.36955072164,821
2016-11-03 01:21:00+00:00,30016.015468156857,30034.652191301502,30010.958805683767,30014.657904213476,802
2016-11-08 01:21:00+00:00,30015.820930480924,30024.40268595091,30000.567782479695,30014.74027786532,185
2016-11-13 01:21:00+00:00,30015.658006510796,30025.03191291163,29999.490023513503,30016.0646466179,747
2016-11-18 01:21:00+00:00,30014.638035158692,30016.641925333886,30010.887644956063,30013.587446373247,649
2016-11-23 01:21:00+00:00,30014.558207956838,30032.818284421508,29995.08963038433,30014.30887868844,414
2016-11-28 01:21:00+00:00,30013.90174042296,30033.169618000276,29999.50454265303,30014.11442907128,136
2016-12-03 01:21:00+00:00,30013.790201435662,30022.947511511342,29998.023202525215,30014.582528938306,591
2016-12-08 01:21:00+00:00,30011.637393420355,30013.938378548024,29996.331458388006,30013.259765207273,532
2016-12-13 01:21:00+00:00,30012.888642078495,30021.812360771823,30000.01525972002,30011.986934335175,951
2016-12-18 01:21:00+00:00,30011.675629267433,30028.832552138505,30010.838879212224,30011.11790104384,435
2016-12-23 01:21:00+00:00,30011.993299242935,30030.430253264294,30009.614606180574,30011.127379743975,839
2016-12-28 01:21:00+00:00,30012.381749412827,30025.481761004547,29996.641373777602,30012.26486459379,265
2017-01-02 01:21:00+00:00,30011.685706386583,30024.412058138027,29999.276969415656,30012.605442409105,108
2017-01-07 01:21:00+00:00,30011.93665712662,30030.98753075142,30011.416010390752,30011.600725563054,294
2017-01-12 01:21:00+00:00,30012.233073798947,30016.516201822662,30002.027949975993,30013.716099839898,789
2017-01-17 01:21:00+00:00,30011.230933403847,30029.248835697465,30003.114161161768,30010.342589488184,375
2017-01-22 01:21:00+00:00,30010.723829976596,30019.09813409159,30007.04326770218,30010.365876457166,438
2017-01-27 01:21:00+00:00,30011.011169530557,30015.00073378537,29993.330008880657,30009.93846622746,119
2017-02-01 01:21:00+00:00,30010.85217704415,30019.730089388897,30010.365731964994,30011.096325382903,207
2017-02-06 01:21:00+00:00,30010.138757119803,30028.01912333968,30005.407090033033,30009.06893240825,347
2017-02-11 01:21:00+00:00,30010.143434781447,30028.029546475227,29996.13594507822,30010.362613819467,912
2017-02-16 01:21:00+00:00,30009.67430854286,30022.93392422301,30005.669342724264,30009.728882343294,608
2017-02-21 01:21:00+00:00,30007.288057093232,30023.049566780108,29987.598366726303,30009.83732242065,916
2017-02-26 01:21:00+00:00,30008.013167075074,30023.30348583273,30004.151262031348,30007.36146699096,700
2017-03-03 01:21:00+00:00,30007.88224268168,30014.17361171991,29994.781882047264,30007.433688199297,220
2017-03-08 01:21:00+00:00,30006.09627293233,30010.90621687711,29988.6955471605,30004.769243143895,853
2017-03-13 01:21:00+00:00,30006.745937520736,30017.283263980888,29986.764611475857,30007.110726539864,886
2017-03-18 01:21:00+00:00,30005.686659193336,30016.881369188424,29985.92755898068,30005.131854094045,221
2017-03-23 01:21:00+00:00,30003.660039457183,30018.80272242968,29991.325585049963,30001.526322528378,116
2017-03-28 01:21:00+00:00,30004.980325353274,30019.67774025958,29986.097014973093,30004.54662360396,822
2017-04-02 01:21:00+00:00,30006.44801264099,30019.73824561363,29991.05803510347,30005.23198424418,830
2017-04-07 01:21:00+00:00,30006.35041297892,30017.47844529021,30005.37573264419,30007.635792985573,516
2017-04-12 01:21:00+00:00,30004.363275360236,30019.555118162112,29987.37151366828,30003.934954701435,573
2017-04-17 01:21:00+00:00,30003.70227797061,30008.39928494584,29988.78791096381,30003.749386312826,694
2017-04-22 01:21:00+00:00,30004.41371878951,30012.85895358253,29993.524004154413,30005.57425635166,674
2017-04-27 01:21:00+00:00,30005.49627506009,30005.665451804223,29989.177838942152,30005.392722382756,542
2017-05-02 01:21:00+00:00,30006.114430203386,30021.68047448397,29989.901762628364,30005.98742419653,651
2017-05-07 01:21:00+00:00,30007.335182980005,30025.42751357107,29991.76835823551,30008.250400751345,337
2017-05-12 01:21:00+00:00,30008.279751912294,30027.246370575092,29989.507268497797,30009.15636318704,769
2017-05-17 01:21:00+00:00,30007.824259779096,30016.224519479463,29999.154422445798,30007.875323257078,306
2017-05-22 01:21:00+00:00,30006.050106732488,30016.112953173943,29989.30629340088,30007.103843389516,667
2017-05-27 01:21:00+00:00,30005.117244944016,30010.473769368687,29987.852642663132,30004.641768404825,365
2017-06-01 01:21:00+00:00,30005.69334879038,30012.17634501464,30004.23177786242,30005.47857316879,464
2017-06-06 01:21:00+00:00,30005.301071375674,30010.070382116002,29996.798003400338,30004.400293591425,263
2017-06-11 01:21:00+00:00,30004.989503120683,30018.54195416324,29999.124226495445,30005.007897409854,835
2017-06-16 01:21:00+00:00,30004.217263490955,30018.21764656964,30003.629623399916,30004.015264598343,929
2017-06-21 01:21:00+00:00,30007.558154099548,30011.98444211616,29989.346855226286,30006.271407347303,763
2017-06-26 01:21:00+00:00,30008.14230132393,30009.180581911274,30002.738007086526,30006.85353602917,475
2017-07-01 01:21:00+00:00,30009.1458890667,30017.30316233319,30008.836729839404,30009.636482303293,952
2017-07-06 01:21:00+00:00,30009.209277475078,30015.15308490204,30008.904691236472,30009.505430917743,700
2017-07-11 01:21:00+00:00,30008.826906518774,30013.00003015942,30007.36026641826,30009.362154601855,734
2017-07-16 01:21:00+00:00,30009.417556704444,30018.80815392233,30003.47658390003,30010.222118307825,750
2017-07-21 01:21:00+00:00,30009.948190930118,30017.250596036203,29990.193134862908,30010.471438210978,927
2017-07-26 01:21:00+00:00,30011.52934965772,30012.666526455665,29997.696225760246,30012.05593362376,427
2017-07-31 01:21:00+00:00,30010.514477246943,30017.176743306773,30005.01479193227,30011.88705506577,843
2017-08-05 01:21:00+00:00,30009.557918048427,30014.880161657493,30000.394037289003,30011.161291910506,889
2017-08-10 01:21:00+00:00,30008.826148951655,30025.4691628722,29990.730740081082,30010.49703322264,464
2017-08-15 01:21:00+00:00,30008.79329777773,30021.293891914258,30004.102692168093,30008.950043953762,822
2017-08-20 01:21:00+00:00,30008.981084743722,30022.457889886544,29993.893902294538,30007.790592230333,707
2017-08-25 01:21:00+00:00,30008.580867441822,30026.939084286696,30007.831843959757,30009.304613732944,180
2017-08-30 01:21:00+00:00,30009.547826564147,30019.862967397396,30005.81299506284,30008.766677243697,613
2017-09-04 01:21:00+00:00,30010.61260339895,30025.659548862142,29992.600086196162,30009.85090779867,497
2017-09-09 01:21:00+00:00,30011.98880811809,30023.339777970472,30006.57056594337,30011.783307677502,855
2017-09-14 01:21:00+00:00,30012.83057222848,30023.29961082863,30000.526137205863,30011.346258095124,244
2017-09-19 01:21:00+00:00,30011.43879086472,30016.442954756392,29996.766954270268,30011.717836940847,818
2017-09-24 01:21:00+00:00,30011.329350062653,30012.1115127055,30007.717235796892,30012.24500661158,456
2017-09-29 01:21:00+00:00,30013.15561021256,30021.793259505455,30004.37189262224,30013.11020440147,885
2017-10-04 01:21:00+00:00,30011.001318051687,30024.41105852222,29993.29822181813,30010.452168679265,118
2017-10-09 01:21:00+00:00,30011.694701109718,30012.717602969853,30005.48837729681,30011.979766143504,776
2017-10-14 01:21:00+00:00,30010.67312312257,30021.111855771727,29996.97543042779,30009.586002689117,130
2017-10-19 01:21:00+00:00,30011.467058789312,30029.94205046163,30005.315922699247,30011.33764530275,299
2017-10-24 01:21:00+00:00,30010.327975621927,30026.953440248417,30010.168091656906,30009.416084890716,343
2017-10-29 01:21:00+00:00,30010.230262322657,30028.497511263224,30002.863764131645,30009.582150259223,544
2017-11-03 01:21:00+00:00,30009.16205116322,30027.51357810291,30003.162953019273,30009.47442016251,816
2017-11-08 01:21:00+00:00,30009.022839440855,30023.149494596066,29999.49993855423,30008.911724622954,669
2017-11-13 01:21:00+00:00,30009.508812770237,30019.828998207075,30002.32096379315,30009.098266349964,332
2017-11-18 01:21:00+00:00,30010.07312727707,30029.824494402725,29991.928854088266,30010.638071283927,602
2017-11-23 01:21:00+00:00,30010.189913709466,30027.176672644902,30002.40759886987,30009.266756662582,935
2017-11-28 01:21:00+00:00,30008.475839266604,30025.394270071294,29994.85296672047,30007.473853489308,512
2017-12-03 01:21:00+00:00,30009.686129479145,30014.041339141237,29994.674444040145,30010.656147211837,912
2017-12-08 01:21:00+00:00,30007.417737276115,30019.538927300917,30001.332566099554,30008.619090671076,732
2017-12-13 01:21:00+00:00,30006.055645361044,30010.7839627899,29986.658354126772,30005.42864940464,440
2017-12-18 01:21:00+00:00,30006.69304112027,30007.485683611794,29987.08073731906,30005.338563481986,196
2017-12-23 01:21:00+00:00,30006.718090946,30009.33677444854,30006.632500898748,30007.496332727194,546
2017-12-28 01:21:00+00:00,30007.908787413107,30013.449918466176,29988.82362024771,30007.171086698738,512
2018-01-02 01:21:00+00:00,30006.34899674416,30014.975173709856,30002.64243312395,30005.72144526994,454
2018-01-07 01:21:00+00:00,30006.184507976173,30010.029846703048,29998.908750424896,30005.19604376108,702
2018-01-12 01:21:00+00:00,30005.031254831625,30012.82022152307,29988.517304483717,30007.19816168874,643
2018-01-17 01:21:00+00:00,30002.256261056424,30003.888299950147,29997.817972502224,30002.50569948292,883
2018-01-22 01:21:00+00:00,30003.444242124217,30016.049146852296,30000.98418901253,30003.780168886522,370
2018-01-27 01:21:00+00:00,30002.90742085985,30022.22412044056,30002.496360262918,30003.47970947393,663
2018-02-01 01:21:00+00:00,30003.974567030546,30004.16351418803,29993.887694028082,30003.826408702316,182
2018-02-06 01:21:00+00:00,30003.427603847507,30015.141066125107,30000.921705913774,30004.95713533556,550
2018-02-11 01:21:00+00:00,30003.765989585,30009.955186477076,29991.059686752986,30003.46945890833,774
2018-02-16 01:21:00+00:00,30002.958093926678,30021.444412870333,29996.741089048668,30001.924947579348,557
2018-02-21 01:21:00+00:00,30002.63557449488,30011.394713602396,29994.70575136381,30001.353619089856,256
2018-02-26 01:21:00+00:00,30001.788575787657,30017.57152935141,29991.008459136396,30000.44694623847,440
2018-03-03 01:21:00+00:00,30003.06054465556,30008.870032567374,29985.520691903497,30002.5939146022,968
2018-03-08 01:21:00+00:00,30004.289678824836,30017.5392969851,29994.26949185928,30004.179454443634,253
2018-03-13 01:21:00+00:00,30002.024045670376,30013.451415163283,29999.987815372755,30003.207328665125,829
2018-03-18 01:21:00+00:00,30001.786870544405,30007.315796428345,29984.102770385864,30002.075236275985,254
2018-03-23 01:21:00+00:00,30001.59510600187,30007.79957877502,29985.718020238102,29999.64475554524,322
2018-03-28 01:21:00+00:00,30002.857415838364,30014.00067289316,29992.54035900949,30004.079944990226,557
2018-04-02 01:21:00+00:00,30000.604037660243,30006.276831924846,29999.118176688364,30000.460274749308,257
2018-04-07 01:21:00+00:00,30001.05491949119,30017.977659485863,29997.017248871227,30001.91434808924,174
2018-04-12 01:21:00+00:00,30002.25179111868,30005.716935073764,29985.0417820744,30001.25570666257,712
2018-04-17 01:21:00+00:00,30001.323232347688,30013.323258874367,29993.6475677128,30001.591412422524,599
2018-04-22 01:21:00+00:00,30001.091482098553,30005.019503864,29997.466492048832,30002.654711378043,462
2018-04-27 01:21:00+00:00,30000.206108244245,30020.014258920797,29997.854836642953,30000.07259873439,593
2018-05-02 01:21:00+00:00,29998.57560395417,30014.5919550129,29979.094890434782,29997.608245675852,408
2018-05-07 01:21:00+00:00,29997.89973137831,30004.72455102512,29996.04722397366,29998.352337296077,755
2018-05-12 01:21:00+00:00,29996.902516413575,30014.863016964042,29977.618750825095,29996.03950280315,144
2018-05-17 01:21:00+00:00,29997.312685750054,30001.86025209044,29985.74752776823,29995.754127062963,987
2018-05-22 01:21:00+00:00,29996.601840798936,30005.88821466263,29988.6710942792,29995.18749279176,368
2018-05-27 01:21:00+00:00,29997.44100389807,30003.859284147038,29993.976206499683,29996.63477953784,589
2018-06-01 01:21:00+00:00,29997.505343868914,30012.339436551774,29985.728771864753,29997.48742464379,168
2018-06-06 01:21:00+00:00,29998.64746232475,30003.112686654986,29997.905246231574,29999.35253864325,853
2018-06-11 01:21:00+00:00,29999.77131272058,30008.332089792784,29991.639401673903,30001.42795516336,709
2018-06-16 01:21:00+00:00,29999.38292191933,30005.176845845333,29997.524194559035,29998.78602573279,330
2018-06-21 01:21:00+00:00,30000.153385100257,30017.485889304695,29988.98056978293,30000.18960153496,409
2018-06-26 01:21:00+00:00,29999.66089791651,30003.6518171104,29996.988878780507,29999.511621143956,220
2018-07-01 01:21:00+00:00,30000.87409757541,30001.965247862303,29982.877106888387,30001.396953973646,521
2018-07-06 01:21:00+00:00,30001.521165413265,30019.153966566806,29990.951867166354,29999.191535209826,878
2018-07-11 01:21:00+00:00,30002.25969796993,30002.45858277697,29989.336953689242,30001.035541822104,560
2018-07-16 01:21:00+00:00,30001.861320069846,30018.284689243927,29998.209315875603,30002.702342306264,335
2018-07-21 01:21:00+00:00,30002.401462609876,30021.3300790468,29990.7861329152,30001.903961797645,606
2018-07-26 01:21:00+00:00,30002.756762936933,30018.058237664667,29992.112748974218,30002.51012242269,531
2018-07-31 01:21:00+00:00,30003.794480395038,30017.56143994629,29998.33162686056,30003.74027527272,499
2018-08-05 01:21:00+00:00,30003.105504386167,30013.562944931284,29995.095335860406,30003.942108150317,131
2018-08-10 01:21:00+00:00,30002.999563316967,30015.367862481755,29990.514522708607,30004.784982362853,140
2018-08-15 01:21:00+00:00,30003.521999669036,30005.2220859188,29998.4067128415,30004.392775237342,563
2018-08-20 01:21:00+00:00,30003.075264190466,30004.008667249083,30000.077669556733,30003.914826290573,912
2018-08-25 01:21:00+00:00,30003.392253275422,30022.109882078323,29997.0058509615,30003.139786901214,994
2018-08-30 01:21:00+00:00,30003.780616300068,30011.39550870599,29998.883096816517,30005.486369132956,161
2018-09-04 01:21:00+00:00,30003.96647843565,30010.686146865937,29986.398872173024,30003.64894728624,824
2018-09-09 01:21:00+00:00,30004.059854234725,30007.431804125943,29995.244060644938,30005.62784594351,706
2018-09-14 01:21:00+00:00,30003.933727306783,30008.696804710293,30002.02060219185,30003.64136090407,132
2018-09-19 01:21:00+00:00,30004.15201977654,30011.994444284617,29997.60403971132,30003.18584948916,345
2018-09-24 01:21:00+00:00,30004.689216419098,30020.126762731383,29989.250544604045,30005.466016044073,997
2018-09-29 01:21:00+00:00,30004.307901917717,30006.444454922323,29992.202638165974,30004.161583800775,393
2018-10-04 01:21:00+00:00,30004.547027951863,30018.636181134192,30001.19376818727,30003.67446305599,418
2018-10-09 01:21:00+00:00,30005.07885796318,30013.895233599713,29999.2520968471,30005.154495053503,245
2018-10-14 01:21:00+00:00,30006.466787075788,30013.75181920024,29994.226775339066,30005.496512940266,216
2018-10-19 01:21:00+00:00,30005.558425196967,30013.330518884057,29986.26243249918,30005.979746849087,331
2018-10-24 01:21:00+00:00,30006.364175153733,30011.025984593725,29988.49648368753,30003.74658239878,665
2018-10-29 01:21:00+00:00,30006.661419623117,30020.995517647756,29993.790500838655,30008.114576051415,855
2018-11-03 01:21:00+00:00,30005.451203924076,30012.568479677073,29989.110371974628,30006.837411350298,179
2018-11-08 01:21:00+00:00,30005.557666558034,30015.309762185465,29991.257545051594,30006.740680084342,637
2018-11-13 01:21:00+00:00,30004.477785145245,30009.54047044974,29995.8964189845,30003.451294278515,483
2018-11-18 01:21:00+00:00,30003.87173515391,30018.53806841102,29986.59321817052,30003.219975359065,796
2018-11-23 01:21:00+00:00,30004.27012824773,30023.00120853444,29987.085277601276,30002.99129585143,425
2018-11-28 01:21:00+00:00,30004.191639918034,30004.93218179139,30001.613575529,30003.540717244978,237
2018-12-03 01:21:00+00:00,30003.11138569236,30014.347063761124,29988.55465488323,30003.37761760621,427
2018-12-08 01:21:00+00:00,30003.321862919754,30007.417500108444,29997.2521377019,30003.025423783085,975
2018-12-13 01:21:00+00:00,30002.979918265264,30007.337178499216,29990.728961343884,30004.456057859785,914
2018-12-18 01:21:00+00:00,30002.83895289718,30003.08708944933,29993.15238483154,30002.831576441455,631
2018-12-23 01:21:00+00:00,30003.144700636636,30005.877135032093,29986.776618817647,30002.09244178028,816
2018-12-28 01:21:00+00:00,30003.535581160573,30005.068922434133,29998.54471028998,30004.027086200673,914
2019-01-02 01:21:00+00:00,30003.178757998543,30013.44525852403,29999.750313119606,30003.022424579933,420
2019-01-07 01:21:00+00:00,30003.80482588198,30010.31385228231,29984.747631217433,30002.19706853634,301
2019-01-12 01:21:00+00:00,30003.860444814516,30010.61619933941,30000.204592320104,30003.22939361536,779
2019-01-17 01:21:00+00:00,30004.13264421009,30012.802584989327,29990.365978138998,30002.711130547938,380
2019-01-22 01:21:00+00:00,30003.30972605124,30013.19829323712,29992.02226913802,30000.909344080646,377
2019-01-27 01:21:00+00:00,30004.090782850988,30011.408192478244,29984.443356047952,30004.198965061893,538
2019-02-01 01:21:00+00:00,30005.257771795496,30005.53484200152,30001.246281088148,30005.183680778304,737
2019-02-06 01:21:00+00:00,30006.683400602185,30022.649983501815,30000.298116174694,30006.60770358635,407
2019-02-11 01:21:00+00:00,30005.636081719378,30015.77387402845,29990.170921464793,30004.55316547523,317
2019-02-16 01:21:00+00:00,30005.064008563186,30005.189038206085,30000.41420993119,30004.70574391374,502
2019-02-21 01:21:00+00:00,30005.41733208855,30007.541562509345,29994.978967029263,30004.5124016826,493
2019-02-26 01:21:00+00:00,30005.260187763295,30024.13761836759,30002.256560080732,30003.541720462195,964
2019-03-03 01:21:00+00:00,30006.188830434297,30024.479023936914,29992.966721427834,30006.098428764304,827
2019-03-08 01:21:00+00:00,30006.434925212805,30013.124264150592,30005.737490174804,30006.09190866808,869
2019-03-13 01:21:00+00:00,30006.196541407753,30022.756929061765,29986.703155426912,30007.866897590655,367
2019-03-18 01:21:00+00:00,30005.390153072236,30020.284776961336,29991.86657176172,30003.554874353507,114
2019-03-23 01:21:00+00:00,30004.43871556116,30017.71985400773,29990.628204064204,30005.309335193153,861
2019-03-28 01:21:00+00:00,30005.328777661303,30008.570147474213,29988.420328792978,30004.937826207562,139
2019-04-02 01:21:00+00:00,30006.562553522454,30019.436493402227,29997.550930466496,30007.590253943683,466
2019-04-07 01:21:00+00:00,30006.342494566263,30008.71581225219,29986.607675491512,30005.582247861425,174
2019-04-12 01:21:00+00:00,30007.182950946935,30026.221860370275,30001.293079012074,30005.9034665483,304
2019-04-17 01:21:00+00:00,30006.73178610305,30024.16399793595,29996.53315246638,30006.401833652926,225
2019-04-22 01:21:00+00:00,30006.757383934146,30018.51795839608,30003.074134972758,30005.208824321595,448
2019-04-27 01:21:00+00:00,30007.606389899007,30019.38886878714,29997.05182312352,30007.966421686724,892
2019-05-02 01:21:00+00:00,30008.48543624228,30017.027778346826,30006.7296455724,30006.728740878723,124
2019-05-07 01:21:00+00:00,30008.86501514048,30022.831326894928,30002.987272646744,30008.332255554924,677
2019-05-12 01:21:00+00:00,30009.239927434603,30020.00869014234,30004.67323679447,30008.918187265706,648
2019-05-17 01:21:00+00:00,30008.95424834089,30022.25504291271,29988.95992562773,30008.91409218721,570
2019-05-22 01:21:00+00:00,30010.008942732926,30025.772364611625,30004.70863104028,30008.466630639872,247
2019-05-27 01:21:00+00:00,30010.117790408058,30026.082585912303,29997.266104413753,30010.72654532732,934
2019-06-01 01:21:00+00:00,30008.290572705417,30016.456647053943,30007.725542117914,30009.024107078563,175
2019-06-06 01:21:00+00:00,30007.854114541224,30008.439394523775,29996.32807900682,30007.03465893871,940
2019-06-11 01:21:00+00:00,30008.038055081874,30027.11744441084,29999.21670792639,30007.294971522286,809
2019-06-16 01:21:00+00:00,30006.454483451944,30021.928844816815,29992.999346348213,30006.936099625957,272
2019-06-21 01:21:00+00:00,30006.508433858202,30014.608979851168,29993.05437552239,30005.574855376824,352
2019-06-26 01:21:00+00:00,30006.30329858989,30011.850525065656,30005.22751752368,30004.404853283468,361
2019-07-01 01:21:00+00:00,30006.717329262654,30022.44059708922,29998.73851604882,30006.26119280207,124
2019-07-06 01:21:00+00:00,30005.234145350027,30024.95125095394,29991.202707303997,30005.2222272354,232
2019-07-11 01:21:00+00:00,30005.33880285243,30018.399870604222,29999.07484576663,30004.521788239494,139
2019-07-16 01:21:00+00:00,30004.792024844166,30015.44770174727,29991.604408841227,30003.13666937406,299
2019-07-21 01:21:00+00:00,30004.560387855956,30022.89959308918,29987.372654427752,30004.628432900947,866
2019-07-26 01:21:00+00:00,30003.86295345996,30018.274843942676,29988.71008243801,30004.846940956042,557
2019-07-31 01:21:00+00:00,30002.685594420305,30015.768189747494,29996.061073359273,30002.274899502892,618
2019-08-05 01:21:00+00:00,30002.29647622096,30018.65007063133,29991.595286814936,30002.26917023612,313
2019-08-10 01:21:00+00:00,30001.061157079545,30008.76829025864,29989.667975910936,30000.01442494722,926
2019-08-15 01:21:00+00:00,30002.388748788762,30013.387177665205,29994.788268953962,30002.701238706893,934
2019-08-20 01:21:00+00:00,30002.137516343297,30012.49910371818,29991.45304054066,30001.213112652553,859
2019-08-25 01:21:00+00:00,30003.162783265256,30010.683396953857,29985.005534861477,30003.776614788683,269
2019-08-30 01:21:00+00:00,30003.243975262616,30016.125502483563,29996.236965572985,30002.996107070183,292
2019-09-04 01:21:00+00:00,30003.11939233791,30016.402028128705,29998.431486986778,30002.906332729646,307
2019-09-09 01:21:00+00:00,30001.451629666753,30012.976733100044,29992.563298937202,30001.996616653054,678
2019-09-14 01:21:00+00:00,30000.126989677123,30007.201791713593,29990.71876799622,29998.604418241513,313
2019-09-19 01:21:00+00:00,30000.23015053646,30018.55255311811,29988.027044479295,30000.13954464188,108
2019-09-24 01:21:00+00:00,29999.641948301956,30006.317485400243,29982.54085610988,30001.23464157507,569
2019-09-29 01:21:00+00:00,29999.53593317867,30004.778469084966,29980.126838209235,29999.764414668814,504
2019-10-04 01:21:00+00:00,29999.285954911826,30006.752337962356,29984.26380036027,29999.269070824204,541
2019-10-09 01:21:00+00:00,29997.82860854111,29998.891701367902,29989.612786270674,29997.19621966238,792
2019-10-14 01:21:00+00:00,29997.076039428775,30006.582601956805,29983.33705845103,29999.484359729668,108
2019-10-19 01:21:00+00:00,29998.137527749608,29998.238451463694,29981.914462335106,29999.958392463283,424
2019-10-24 01:21:00+00:00,29998.252421452755,29999.948646188983,29979.681995676412,29998.08171467912,100
2019-10-29 01:21:00+00:00,29996.534412167643,30006.46795803158,29996.41140174317,29996.226464658426,933
2019-11-03 01:21:00+00:00,29996.575293503367,29999.999229347835,29994.781362256632,29998.241800271615,194
2019-11-08 01:21:00+00:00,29998.098670338062,30005.161081604507,29996.81037038435,29997.506768907275,411
2019-11-13 01:21:00+00:00,29998.440020658516,30012.889302336174,29992.805559045486,29998.41006525505,978
2019-11-18 01:21:00+00:00,29997.18074752802,30011.059966311495,29994.95117417455,29999.156097537987,192
2019-11-23 01:21:00+00:00,29996.121258564934,30001.2955376098,29979.337636267384,29996.379395356165,812
2019-11-28 01:21:00+00:00,29996.82127392146,30006.886344392326,29996.309128268524,29998.559255430595,373
2019-12-03 01:21:00+00:00,29997.530464507647,30009.653056153413,29981.47952976799,29998.183028304058,840
2019-12-08 01:21:00+00:00,29995.92010915366,30009.33711129078,29994.046464172145,29996.820520044894,139
2019-12-13 01:21:00+00:00,29997.51338644644,30011.02548583856,29990.0862796732,29997.177465909466,511
2019-12-18 01:21:00+00:00,29996.60999018179,30001.854515379448,29982.26727304338,29997.85895593655,979
2019-12-23 01:21:00+00:00,29996.221965524524,30006.14537056108,29982.80301458344,29995.901363283585,118
2019-12-28 01:21:00+00:00,29994.762652199068,30010.775371900883,29985.865977555033,29995.60934184543,715
2020-01-02 01:21:00+00:00,29995.01893379757,30014.881714557596,29993.017866132108,29994.363186208833,112
2020-01-07 01:21:00+00:00,29993.375453978,30010.54063158592,29979.26871343279,29993.98414179704,815
2020-01-12 01:21:00+00:00,29991.38043316942,30003.234004676466,29988.30010667447,29991.460126493093,782
2020-01-17 01:21:00+00:00,29991.128670764647,30004.102946462193,29984.332103595934,29991.100548551236,315
2020-01-22 01:21:00+00:00,29991.7533622379,30004.105456730664,29982.06904564814,29991.109243162908,667
2020-01-27 01:21:00+00:00,29992.068928191307,29994.854118314965,29988.46771212449,29990.41793111583,590
2020-02-01 01:21:00+00:00,29993.287112483114,29995.816560617455,29975.597877316402,29994.452479891956,900
2020-02-06 01:21:00+00:00,29994.308930263996,30003.37402365014,29980.02263343872,29995.30520884875,849
2020-02-11 01:21:00+00:00,29994.63997293215,30010.380204146906,29993.957211610978,29995.351999535615,843
2020-02-16 01:21:00+00:00,29996.206071046032,30011.95724552803,29989.890952826896,29997.77807241559,685
2020-02-21 01:21:00+00:00,29998.35302584246,30008.633507364946,29987.74031815761,29998.358996916522,961
2020-02-26 01:21:00+00:00,29998.38957659303,30007.750573146437,29993.178088298748,29998.468612793404,149
2020-03-02 01:21:00+00:00,29996.983608395734,30005.90915795012,29977.521994564064,29995.512639992136,551
2020-03-07 01:21:00+00:00,29996.854580091473,29997.1947695916,29995.585690230444,29998.023532607098,631
2020-03-12 01:21:00+00:00,29995.071346224013,30001.313221465967,29992.815136441797,29995.33624974651,744
2020-03-17 01:21:00+00:00,29994.182147936994,30005.664386090102,29988.37486539936,29994.04712300044,691
2020-03-22 01:21:00+00:00,29994.185143366,30013.06846242306,29983.344616966555,29993.76114917212,303
2020-03-27 01:21:00+00:00,29994.418419825895,29996.499631195315,29989.687278203095,29993.791807426947,759
2020-04-01 01:21:00+00:00,29994.639285071207,29999.81426987488,29978.05605075067,29996.265063427007,198
2020-04-06 01:21:00+00:00,29994.50989158764,29998.48149530997,29989.477188406123,29993.082298933045,508
2020-04-11 01:21:00+00:00,29993.695102677255,30002.333690547486,29983.12729078759,29992.360564413277,739
2020-04-16 01:21:00+00:00,29993.62889679481,30001.020617669452,29988.755865729527,29994.73936800467,308
2020-04-21 01:21:00+00:00,29991.64571086783,30008.62886191745,29981.7095622168,29991.64196317959,496
2020-04-26 01:21:00+00:00,29990.97479973825,29999.33055019331,29984.383293207287,29991.754277823224,446
2020-05-01 01:21:00+00:00,29990.769516260898,29992.57782243586,29984.787229323196,29991.220684523087,704
2020-05-06 01:21:00+00:00,29990.822260286666,30006.431612658216,29973.75933059015,29991.112917560673,824
2020-05-11 01:21:00+00:00,29990.451557294888,30005.07192821487,29971.666588922104,29991.761492047888,730
2020-05-16 01:21:00+00:00,29990.751491025934,30008.42109797112,29979.263222646783,29990.76048986902,991
2020-05-21 01:21:00+00:00,29987.889792551687,29988.529955226997,29973.36458637202,29987.31590728271,654
2020-05-26 01:21:00+00:00,29988.74753541084,30006.499404433594,29975.506631091215,29988.6743001907,543
2020-05-31 01:21:00+00:00,29988.11782613762,29994.206191773595,29981.088201320897,29986.83401942124,124
2020-06-05 01:21:00+00:00,29987.54409430436,30005.798553769597,29978.9368822024,29989.10045511108,698
2020-06-10 01:21:00+00:00,29988.04247576083,30007.55778545902,29987.358819190988,29988.277419470793,147
2020-06-15 01:21:00+00:00,29987.17566912044,29999.315687922335,29972.019313725614,29985.874727771996,448
2020-06-20 01:21:00+00:00,29987.60350525391,29990.793629406144,29982.662894507248,29987.595684378615,573
2020-06-25 01:21:00+00:00,29988.802484451673,29995.47913665368,29976.211905017055,29987.856961329384,240
2020-06-30 01:21:00+00:00,29988.496271104526,30000.327407553206,29977.279317025197,29990.230048534813,385
2020-07-05 01:21:00+00:00,29988.946890694817,29993.071591902473,29986.043942390068,29990.013866561614,830
2020-07-10 01:21:00+00:00,29990.00393872867,29996.499148668914,29976.795604185663,29990.06910034673,814
2020-07-15 01:21:00+00:00,29991.223269182963,30001.10191838411,29988.950785691468,29990.82882084941,547
2020-07-20 01:21:00+00:00,29989.726870220893,30009.034397641506,29983.971382276395,29989.145237193254,716
2020-07-25 01:21:00+00:00,29989.19279436673,29994.062648137224,29980.532664082006,29989.66528231057,669
2020-07-30 01:21:00+00:00,29990.95188056565,29999.884062289926,29983.831764857212,29991.952186635954,614
2020-08-04 01:21:00+00:00,29989.948450139622,29991.680342180603,29989.71788149008,29990.51410006033,241
2020-08-09 01:21:00+00:00,29989.296473190057,30000.99399233867,29984.987209946335,29989.111421941834,951
2020-08-14 01:21:00+00:00,29988.767277587413,30002.877389057096,29977.67969341128,29987.725790849105,167
2020-08-19 01:21:00+00:00,29990.48007863048,30010.418620087417,29981.714721294968,29990.15722841508,109
2020-08-24 01:21:00+00:00,29990.927968224867,29991.808641698655,29978.93338480732,29989.940851473475,602
2020-08-29 01:21:00+00:00,29989.307253996354,29991.037950192578,29981.747850989632,29989.186890649373,340
2020-09-03 01:21:00+00:00,29989.093800816023,30003.4499166972,29975.93227893464,29988.5991631552,907
2020-09-08 01:21:00+00:00,29986.3850835124,29997.17816438745,29979.991588679313,29984.561702861716,767
2020-09-13 01:21:00+00:00,29986.89947470882,30004.114823064407,29981.54562207816,29988.32940777976,682
2020-09-18 01:21:00+00:00,29986.546435481658,30002.422420843275,29982.888941257796,29986.892564396134,788
2020-09-23 01:21:00+00:00,29985.59266229713,29990.786265000275,29967.53528372801,29983.859815209427,698
2020-09-28 01:21:00+00:00,29986.207089208263,29999.447240861882,29978.048974279704,29985.641295238227,561
2020-10-03 01:21:00+00:00,29986.07199997011,29992.776808990457,29967.611207786267,29983.859639160793,604
2020-10-08 01:21:00+00:00,29985.330477905303,29996.641972893933,29975.58947868196,29984.109478867045,263
2020-10-13 01:21:00+00:00,29985.5768234797,29991.834607622426,29974.64052612861,29985.096575860895,628
2020-10-18 01:21:00+00:00,29984.00599107602,30001.829788832896,29980.18234130121,29984.74180078361,385
2020-10-23 01:21:00+00:00,29984.5308280829,30002.573717040617,29978.880339184412,29983.67893736562,755
2020-10-28 01:21:00+00:00,29984.034950691326,29984.221291467995,29970.263815821458,29983.232646803775,257
2020-11-02 01:21:00+00:00,29985.43109701293,30004.473550967952,29975.476213936046,29984.931370405262,488
2020-11-07 01:21:00+00:00,29984.651900620152,29998.97963330222,29982.466876331724,29987.19406949454,172
2020-11-12 01:21:00+00:00,29983.310998932397,29998.940260915777,29974.010279821243,29982.065867059893,856
2020-11-17 01:21:00+00:00,29984.09766310958,29988.274847461264,29976.683988781293,29982.25685842717,314
2020-11-22 01:21:00+00:00,29984.14385255127,29997.95385185114,29967.35804957022,29983.716391519287,364
2020-11-27 01:21:00+00:00,29985.013491969476,29998.095300816884,29978.124536524738,29984.99774670222,414
2020-12-02 01:21:00+00:00,29985.25057215333,29998.780359883043,29966.519671152917,29983.879461597026,161
2020-12-07 01:21:00+00:00,29984.70711221002,29986.725870499275,29982.462934232582,29981.296757173226,724
2020-12-12 01:21:00+00:00,29983.729228757926,29991.605829732103,29972.86122378895,29985.017642923136,402
2020-12-17 01:21:00+00:00,29984.12256341471,29988.648363441753,29971.340609397,29984.944561659504,652
2020-12-22 01:21:00+00:00,29983.689524062524,29997.350851842108,29967.5901268735,29985.38452959875,805
2020-12-27 01:21:00+00:00,29984.145728088526,29995.269342422984,29982.64840417028,29983.85208519066,344
2021-01-01 01:21:00+00:00,29984.60932720398,29990.84615732425,29980.963942046885,29984.31730032914,105
2021-01-06 01:21:00+00:00,29985.930829046734,30003.679268811284,29977.11220582718,29985.541200655385,486
2021-01-11 01:21:00+00:00,29986.09146361355,29998.21124570335,29970.30602555991,29985.701092530704,143
2021-01-16 01:21:00+00:00,29986.95179639588,29994.172439469337,29969.78094581851,29986.645313019173,509
2021-01-21 01:21:00+00:00,29988.695160088057,30002.643877221788,29970.41279754799,29990.766035288714,403
2021-01-26 01:21:00+00:00,29988.837937679593,29996.16567919723,29985.22827244728,29989.260052405876,750
2021-01-31 01:21:00+00:00,29987.800502129194,30002.541210589363,29983.607500409795,29987.075773969533,326
2021-02-05 01:21:00+00:00,29987.013911987833,29987.510857960817,29986.829400327908,29985.583613854167,509
2021-02-10 01:21:00+00:00,29988.41671906457,29995.06949760894,29982.899140036767,29988.543054864753,885
2021-02-15 01:21:00+00:00,29991.155018259993,29992.624763149066,29982.293110794024,29991.238866772637,820
2021-02-20 01:21:00+00:00,29990.833841631902,30003.866738208166,29986.17977803713,29991.15275589243,160
2021-02-25 01:21:00+00:00,29991.133189093594,30000.358766374233,29973.08468983523,29991.539375846125,774
2021-03-02 01:21:00+00:00,29991.046868211008,29992.087040779497,29986.153450000904,29989.63913053703,241
2021-03-07 01:21:00+00:00,29990.98585607997,29997.617798034134,29983.82601110694,29992.35438322418,321
2021-03-12 01:21:00+00:00,29990.077864985633,29998.1375502165,29983.944316412788,29990.755884383838,126
2021-03-17 01:21:00+00:00,29989.295688536753,29992.31859673682,29977.891116007195,29989.61831753536,332
2021-03-22 01:21:00+00:00,29987.38534892511,30006.73981889178,29984.849631794736,29986.848865290205,423
2021-03-27 01:21:00+00:00,29986.733722991128,29987.91707201024,29984.55339898995,29986.267904968394,584
2021-04-01 01:21:00+00:00,29986.96472789091,29989.02991212323,29973.678278211897,29985.96472608959,605
2021-04-06 01:21:00+00:00,29987.5457639424,29988.23454738694,29976.650718240435,29988.147282039023,356
2021-04-11 01:21:00+00:00,29988.524040407818,29993.41695279033,29982.530815291386,29990.419550152732,968
2021-04-16 01:21:00+00:00,29988.57585176754,29999.410950412526,29976.41627007961,29989.56002767227,651
2021-04-21 01:21:00+00:00,29986.338904865635,29994.309838022247,29976.430156431532,29987.94903663738,794
2021-04-26 01:21:00+00:00,29986.16396827085,29988.30106835789,29968.35897751821,29985.77212020954,104
2021-05-01 01:21:00+00:00,29987.3531246558,29988.954687616857,29980.694266213803,29987.848095220117,812
2021-05-06 01:21:00+00:00,29988.1214806576,30006.578940414583,29979.60737805984,29988.629051932818,877
2021-05-11 01:21:00+00:00,29987.359806972276,29992.100455473614,29983.631938155715,29986.50247471203,601
2021-05-16 01:21:00+00:00,29986.37524381589,29988.15458070938,29968.06704099153,29986.515287752216,114
2021-05-21 01:21:00+00:00,29984.10013266093,29988.049212918882,29970.91531571645,29983.417454812792,215
2021-05-26 01:21:00+00:00,29983.999282218236,29997.83441638455,29979.473428843598,29986.554478265236,665
2021-05-31 01:21:00+00:00,29982.956200882032,29991.01813018691,29966.25153368794,29981.196388786015,398
2021-06-05 01:21:00+00:00,29982.600113346507,29987.624248272845,29982.38250458274,29981.375224648426,138
2021-06-10 01:21:00+00:00,29980.535043363772,29985.855921231538,29964.881555788503,29978.591628566068,349
2021-06-15 01:21:00+00:00,29979.667151722006,29995.513137002607,29970.264019808626,29978.513619008267,547
2021-06-20 01:21:00+00:00,29980.478728782982,29994.024613164907,29978.54497904019,29980.91510216909,483
2021-06-25 01:21:00+00:00,29979.500678822373,29980.9969818295,29970.609376228895,29978.063890128964,880
2021-06-30 01:21:00+00:00,29979.127034651698,29980.444721405296,29978.463704532674,29980.22454168291,667
2021-07-05 01:21:00+00:00,29977.230382098212,29987.90320975641,29970.334411461,29977.08940444724,987
2021-07-10 01:21:00+00:00,29977.829281452054,29993.700371704745,29972.240229671,29976.63422690137,703
2021-07-15 01:21:00+00:00,29976.820080059406,29979.453503978497,29963.66186956681,29976.40481081099,939
2021-07-20 01:21:00+00:00,29977.17749973589,29980.409855175396,29968.58882458231,29976.633417330293,838
2021-07-25 01:21:00+00:00,29976.83671147508,29980.567316320954,29970.38162992414,29977.252551087422,854
2021-07-30 01:21:00+00:00,29979.056702730133,29991.326575625346,29960.62011304974,29977.89566826747,558
2021-08-04 01:21:00+00:00,29979.159764428365,29986.413781521787,29973.231479732276,29978.44464932257,770
2021-08-09 01:21:00+00:00,29977.646198123184,29985.89262345577,29963.80453546385,29977.29179945351,413
2021-08-14 01:21:00+00:00,29978.790268625147,29983.91721223201,29964.648224332726,29979.74812193999,445
2021-08-19 01:21:00+00:00,29979.608885850972,29992.243826710004,29978.841985492218,29977.266335134194,186
2021-08-24 01:21:00+00:00,29980.94528550545,29985.41069548613,29977.428654874147,29980.19694440988,108
2021-08-29 01:21:00+00:00,29982.254244885153,29991.285547278945,29966.552854279944,29981.796589293564,890
2021-09-03 01:21:00+00:00,29982.056920259587,29982.34138269414,29968.77308234389,29982.273291069178,168
2021-09-08 01:21:00+00:00,29980.772063940014,29981.75981105815,29977.61517164108,29980.115614544655,563
2021-09-13 01:21:00+00:00,29981.133140599977,29986.329920398515,29962.451501688825,29981.47565201719,283
2021-09-18 01:21:00+00:00,29979.571259917564,29998.455965959944,29977.456700800783,29980.973747803786,313
2021-09-23 01:21:00+00:00,29979.859001010656,29998.536756929952,29966.463374041574,29979.673481621274,670
2021-09-28 01:21:00+00:00,29980.789887500316,29987.00000120978,29967.262236494338,29981.042139232442,932
2021-10-03 01:21:00+00:00,29981.02934265684,29987.69428851626,29971.056345602756,29981.409818041637,981
2021-10-08 01:21:00+00:00,29980.10305222471,29984.21147144225,29978.448409116485,29980.308041774322,860
2021-10-13 01:21:00+00:00,29979.82255892286,29982.03150637167,29967.139945832267,29978.76281192593,147
2021-10-18 01:21:00+00:00,29980.446136370043,29996.272023842936,29978.889763925068,29980.822603761753,263
2021-10-23 01:21:00+00:00,29979.266534033708,29996.595780616866,29967.999224313855,29980.293190902485,408
2021-10-28 01:21:00+00:00,29978.129210890365,29990.07547005837,29960.71936624113,29978.231840959772,852
2021-11-02 01:21:00+00:00,29978.811625682647,29983.945792692837,29958.89681973947,29979.099548191305,730
2021-11-07 01:21:00+00:00,29979.056584360085,29997.508504020323,29963.542571970607,29978.14567217236,195
2021-11-12 01:21:00+00:00,29981.515995628917,30000.5755989866,29971.447759940253,29981.220045662052,992
2021-11-17 01:21:00+00:00,29981.12109849045,29984.428703636153,29979.19654577462,29983.09158144329,568
2021-11-22 01:21:00+00:00,29979.29744751847,29987.827324159647,29960.909185342316,29978.5720359527,382
2021-11-27 01:21:00+00:00,29980.031795700655,29998.497182587616,29962.162065494114,29978.8506715591,997
2021-12-02 01:21:00+00:00,29978.741564445503,29995.227391800305,29970.868275871675,29978.000055565935,440
2021-12-07 01:21:00+00:00,29980.62564164162,29984.938093816214,29961.166708764616,29980.570195701235,248
2021-12-12 01:21:00+00:00,29981.031060880017,29983.281395553488,29961.44353679877,29980.625320406623,594
2021-12-17 01:21:00+00:00,29983.082680548116,29990.008777363844,29969.37295318333,29983.529748733148,497
2021-12-22 01:21:00+00:00,29982.724346334337,29999.363956989546,29981.14157821001,29983.988260169084,535
2021-12-27 01:21:00+00:00,29981.376452033444,29998.47787871427,29980.52221938345,29981.22667575559,457
2022-01-01 01:21:00+00:00,29979.73689361036,29993.974342988455,29966.659539737153,29979.417055989972,202
2022-01-06 01:21:00+00:00,29978.997742164975,29987.53009835962,29959.201455899554,29979.77686000127,259
2022-01-11 01:21:00+00:00,29980.01216774834,29992.23514650341,29962.04374698371,29982.02454173952,998
2022-01-16 01:21:00+00:00,29979.00489875834,29998.08220687034,29978.318199705067,29977.852356231604,540
2022-01-21 01:21:00+00:00,29977.86346431591,29993.853777174878,29977.125225597774,29977.213950734225,277
2022-01-26 01:21:00+00:00,29977.023850481102,29990.374392480287,29968.780652803674,29976.40570046071,223
2022-01-31 01:21:00+00:00,29978.820250343055,29990.067841271175,29975.217578344465,29979.700411797043,215
2022-02-05 01:21:00+00:00,29978.637879316553,29995.706279731603,29965.912741808166,29978.968959701982,716
2022-02-10 01:21:00+00:00,29977.56419202718,29988.284730518724,29959.369180976733,29977.944640657577,887
2022-02-15 01:21:00+00:00,29978.74241678743,29991.716465087102,29969.661539848308,29979.113306821055,497
2022-02-20 01:21:00+00:00,29977.800309886,29981.68519814648,29970.829836808705,29976.43608692491,716
2022-02-25 01:21:00+00:00,29978.64684135293,29991.221475964652,29959.801493741463,29978.0249687903,717
2022-03-02 01:21:00+00:00,29977.4561710126,29988.878163312493,29963.03087573233,29977.746496201573,299
2022-03-07 01:21:00+00:00,29977.441015840734,29984.47661500174,29974.095173217996,29975.63843607833,245
2022-03-12 01:21:00+00:00,29978.56290474505,29986.37294594001,29978.0342437199,29977.99208808861,476
2022-03-17 01:21:00+00:00,29977.925757808574,29982.11971316766,29976.19048161872,29979.146424614057,251
2022-03-22 01:21:00+00:00,29979.188834434306,29992.885387717535,29977.074657514684,29980.1483456012,108
2022-03-27 01:21:00+00:00,29981.055785567205,29995.384064665992,29974.494657742638,29980.479170265473,749
2022-04-01 01:21:00+00:00,29980.93132132449,29995.87296966448,29971.120905143296,29980.120989565738,443
2022-04-06 01:21:00+00:00,29982.52010364932,30002.040703456667,29979.55986015934,29983.58466684722,775
2022-04-11 01:21:00+00:00,29980.32188182077,29991.454436948632,29969.323735200178,29981.80092591615,334
2022-04-16 01:21:00+00:00,29981.597989736867,29996.652763165595,29977.69372022349,29980.888345353746,597
2022-04-21 01:21:00+00:00,29981.061607765405,29993.429035947058,29970.409407713156,29982.53218363501,259
2022-04-26 01:21:00+00:00,29980.84361839294,29991.12982145003,29973.189452634244,29980.352735933837,468
2022-05-01 01:21:00+00:00,29980.338284070993,29996.42467497138,29969.542091821244,29981.547048776632,787
2022-05-06 01:21:00+00:00,29978.573790725888,29989.689612013077,29970.31366028556,29978.67012313994,197
2022-05-11 01:21:00+00:00,29978.829560386108,29982.739095293196,29973.870030559545,29979.76220039873,784
2022-05-16 01:21:00+00:00,29980.186672602475,29994.339683128423,29977.697014220572,29980.252365875447,538
2022-05-21 01:21:00+00:00,29979.428140750373,29998.636836934016,29974.415203033077,29976.55761790653,924
2022-05-26 01:21:00+00:00,29979.126556304353,29982.509043584843,29966.435232934775,29979.663519659916,183
2022-05-31 01:21:00+00:00,29979.23036032664,29990.43453190713,29972.089374132982,29979.54151120754,249
2022-06-05 01:21:00+00:00,29977.518048056663,29993.05357330373,29958.471043368947,29977.90051679717,573
2022-06-10 01:21:00+00:00,29975.94593602102,29988.136328539767,29965.805262985155,29975.963960926572,137
2022-06-15 01:21:00+00:00,29973.9760144492,29976.71172446368,29959.888653563317,29974.829158523207,655
2022-06-20 01:21:00+00:00,29973.837214213534,29989.14905084739,29961.796794067395,29972.236075414476,296
2022-06-25 01:21:00+00:00,29973.28614523775,29976.72507386375,29959.903580575294,29974.297185105734,336
2022-06-30 01:21:00+00:00,29971.24024820112,29973.646215488792,29962.12152128778,29971.595423565097,995
2022-07-05 01:21:00+00:00,29972.15914627999,29982.920618075386,29968.020498095982,29974.165932829044,932
2022-07-10 01:21:00+00:00,29972.023996406566,29987.981852315104,29955.539454283084,29970.308074905657,742
2022-07-15 01:21:00+00:00,29972.430590541408,29974.370359218596,29963.35199123924,29972.430295764814,728
2022-07-20 01:21:00+00:00,29972.524195763024,29990.712423057197,29964.132324241014,29975.196800532227,841
2022-07-25 01:21:00+00:00,29971.549811987297,29975.20824535669,29966.394769103754,29970.15371119844,173
2022-07-30 01:21:00+00:00,29972.49285280994,29990.215075758417,29955.689088003754,29972.239071518557,882
2022-08-04 01:21:00+00:00,29970.52976989898,29972.046356312745,29954.27440202482,29970.50496304518,124
2022-08-09 01:21:00+00:00,29969.526137161873,29974.48732883747,29965.708321237253,29970.508976523604,155
2022-08-14 01:21:00+00:00,29969.69070632122,29973.63376311917,29954.630456700386,29968.38460064939,758
2022-08-19 01:21:00+00:00,29969.002907774953,29976.47296315556,29964.713057542398,29969.61337371245,511
2022-08-24 01:21:00+00:00,29967.973907104053,29974.695407783463,29950.313320315046,29968.18449150887,935
2022-08-29 01:21:00+00:00,29969.06285718592,29972.037363467814,29953.82682526078,29970.469908728606,606
2022-09-03 01:21:00+00:00,29970.05193564981,29985.104167640806,29963.460724659548,29968.625581335375,382
2022-09-08 01:21:00+00:00,29970.47380361638,29986.28722346571,29960.84435150718,29968.92535155981,766
2022-09-13 01:21:00+00:00,29971.02426529102,29971.790217121114,29962.559714611558,29969.677114947368,824
2022-09-18 01:21:00+00:00,29972.332890992857,29980.767498706504,29961.935509192765,29972.834517209172,130
2022-09-23 01:21:00+00:00,29971.739387247464,29973.728011833467,29960.168714065097,29971.937026706237,393
2022-09-28 01:21:00+00:00,29971.62677349703,29987.071695990006,29957.986917962542,29971.451274403444,576
2022-10-03 01:21:00+00:00,29972.27621865677,29978.499273538517,29954.561529573955,29972.40159602892,475
2022-10-08 01:21:00+00:00,29973.090605023397,29977.416395128766,29962.804709795964,29975.23280298134,295
2022-10-13 01:21:00+00:00,29973.063702489257,29984.191343872648,29967.61763463017,29972.628717074876,662
2022-10-18 01:21:00+00:00,29975.829581724323,29992.70733061279,29965.113248381298,29975.99132943287,546
2022-10-23 01:21:00+00:00,29976.62820584713,29978.15599659003,29964.06469142878,29977.63438211027,488
2022-10-28 01:21:00+00:00,29977.026635599697,29993.88904167686,29973.17952822384,29977.56882578112,599
2022-11-02 01:21:00+00:00,29978.964821837522,29991.116751765447,29968.463768427053,29979.484843163762,583
2022-11-07 01:21:00+00:00,29977.71297653245,29988.810490019296,29975.509418225458,29975.6756367376,899
2022-11-12 01:21:00+00:00,29976.359956294335,29983.52429155338,29971.137226583043,29975.809712798324,891
2022-11-17 01:21:00+00:00,29975.179075293298,29987.473024345658,29970.3181647361,29973.843866018222,670
2022-11-22 01:21:00+00:00,29976.080086328824,29981.084630883033,29974.905728020047,29977.063677869835,935
2022-11-27 01:21:00+00:00,29977.12965689809,29984.305256569987,29975.854601078838,29975.49696826484,455
2022-12-02 01:21:00+00:00,29976.876555713745,29994.21700187185,29975.094967841378,29976.254317323735,283
2022-12-07 01:21:00+00:00,29976.511137829428,29982.987404193707,29974.006134127256,29976.371932062575,289
2022-12-12 01:21:00+00:00,29975.91034220882,29982.035123894075,29969.726126530415,29974.99708063645,944
2022-12-17 01:21:00+00:00,29977.54070196756,29977.891757659152,29971.88237878222,29977.42875865339,324
2022-12-22 01:21:00+00:00,29976.06360803882,29985.8241595237,29968.7799625026,29976.58069874093,846
2022-12-27 01:21:00+00:00,29976.8980737924,29978.374676587653,29959.92274878318,29977.653443219817,962
2023-01-01 01:21:00+00:00,29976.7844181042,29982.488852338553,29975.456961734893,29975.694948647546,364
2023-01-06 01:21:00+00:00,29977.544923768124,29997.187286351873,29971.090690028108,29977.407608765137,403
2023-01-11 01:21:00+00:00,29978.347056885887,29981.3095975545,29977.62489287368,29977.07856071736,869
2023-01-16 01:21:00+00:00,29978.026413463518,29982.02782135765,29977.116562781204,29978.817590994004,988
2023-01-21 01:21:00+00:00,29977.20075140037,29991.4218122517,29974.54181005748,29978.32893453689,901
2023-01-26 01:21:00+00:00,29978.868927201016,29992.551515950065,29976.930423225298,29977.698341427164,482
2023-01-31 01:21:00+00:00,29978.80988534459,29980.545325152645,29967.719127893924,29978.789089320708,423
2023-02-05 01:21:00+00:00,29978.99351374682,29990.743022380862,29975.81942520898,29980.049698289564,313
2023-02-10 01:21:00+00:00,29979.340277136944,29986.36624039033,29960.284068202458,29978.862676494147,227
2023-02-15 01:21:00+00:00,29978.684682559364,29983.070603313925,29978.513677495324,29979.005849904468,374
2023-02-20 01:21:00+00:00,29978.675228994103,29992.232670025005,29976.18779974172,29977.683976406886,654
2023-02-25 01:21:00+00:00,29979.37806060977,29981.34382636239,29975.478927705077,29979.591139390817,596
2023-03-02 01:21:00+00:00,29979.735933706354,29984.074184881934,29968.15424082225,29979.859612453813,361
2023-03-07 01:21:00+00:00,29978.345697920064,29996.459539260468,29972.99074285363,29979.789699942114,584
2023-03-12 01:21:00+00:00,29978.339001109965,29992.194615211152,29978.337290032225,29977.394910846684,688
2023-03-17 01:21:00+00:00,29978.13269435123,29986.89919664938,29967.0047787549,29979.211162210733,625
2023-03-22 01:21:00+00:00,29978.575813411873,29979.859959593752,29959.91180417643,29978.751046498277,613
2023-03-27 01:21:00+00:00,29979.11138233038,29995.838501171675,29974.26141610898,29980.846431836173,108
2023-04-01 01:21:00+00:00,29978.796042357404,29992.26082436261,29959.277389147774,29977.92936226918,448
2023-04-06 01:21:00+00:00,29978.535447546572,29992.806758676576,29960.788229335787,29980.021132607733,375
2023-04-11 01:21:00+00:00,29979.078174232793,29988.19718263847,29960.236678584286,29977.41635200368,542
2023-04-16 01:21:00+00:00,29979.03365449629,29992.187878710098,29962.012897234556,29978.790490634405,358
2023-04-21 01:21:00+00:00,29977.140839831918,29991.40187491432,29965.83054842888,29978.93797663506,786
2023-04-26 01:21:00+00:00,29977.44161593651,29977.74968362628,29967.086324096705,29977.456012258306,143
2023-05-01 01:21:00+00:00,29976.15896310914,29992.652404373443,29974.120866462898,29976.76362077262,438
2023-05-06 01:21:00+00:00,29975.68154142525,29989.120499448436,29963.658865161207,29976.89186094308,999
2023-05-11 01:21:00+00:00,29975.995078055043,29982.85877325114,29967.965712850473,29976.41814555515,950
2023-05-16 01:21:00+00:00,29976.672366218827,29984.018125918974,29962.593375561948,29978.088275376856,916
2023-05-21 01:21:00+00:00,29978.398109964855,29994.759606035506,29976.517053891163,29977.729800314526,473
2023-05-26 01:21:00+00:00,29979.020758105828,29990.245941641428,29961.22470240473,29980.318902374427,706
2023-05-31 01:21:00+00:00,29978.467075085762,29987.83596488787,29969.39992468048,29978.525279419217,472
2023-06-05 01:21:00+00:00,29979.162983969283,29997.60141392931,29967.095070649495,29980.039235928092,312
2023-06-10 01:21:00+00:00,29978.737540295155,29997.754835407875,29971.764900293754,29978.96665734473,974
2023-06-15 01:21:00+00:00,29980.553595438105,29987.012158941398,29967.68409321781,29979.243112995842,154
2023-06-20 01:21:00+00:00,29980.02629187734,29983.65125798541,29964.100541267675,29980.779962706725,852
2023-06-25 01:21:00+00:00,29980.180249111283,29993.936146463748,29965.188302291273,29983.171487408654,962
2023-06-30 01:21:00+00:00,29979.772076090594,29990.65361790529,29973.665275107014,29981.246233229227,610
2023-07-05 01:21:00+00:00,29978.189656075465,29996.217366493853,29958.706702950818,29978.4954049398,170
2023-07-10 01:21:00+00:00,29979.192749157035,29991.54871907665,29964.580873258463,29980.60287014897,476
2023-07-15 01:21:00+00:00,29979.59706597475,29981.580415505567,29970.44619181701,29979.536341868086,744
2023-07-20 01:21:00+00:00,29980.318468786267,29983.900701589388,29968.346679393377,29979.888741022878,543
2023-07-25 01:21:00+00:00,29980.16492742763,29992.782212680053,29975.19696222681,29980.145276861193,870
2023-07-30 01:21:00+00:00,29980.009520652395,29996.059415060296,29976.513665682967,29981.07848216785,334
2023-08-04 01:21:00+00:00,29978.38842773158,29993.61775511341,29966.210850645068,29978.184498607137,582
2023-08-09 01:21:00+00:00,29978.790616317034,29987.75501077945,29978.060214408382,29980.116512092118,115
2023-08-14 01:21:00+00:00,29977.967249363493,29978.61904963928,29974.974909113887,29979.0468206186,136
2023-08-19 01:21:00+00:00,29980.04579649678,29999.480489995636,29962.28993031423,29979.672732468334,803
2023-08-24 01:21:00+00:00,29980.17625297407,29994.27403799362,29971.572120106288,29978.72208452435,364
2023-08-29 01:21:00+00:00,29980.04527582901,29995.81205753511,29966.356902635853,29980.9895354601,674
2023-09-03 01:21:00+00:00,29978.745304172,29991.839950417467,29977.47289257656,29977.97166110943,428
2023-09-08 01:21:00+00:00,29978.811591994127,29989.868476149455,29973.954896473573,29976.694020094328,551
2023-09-13 01:21:00+00:00,29978.48734437847,29993.81580488085,29968.106381741516,29977.412543952603,608
2023-09-18 01:21:00+00:00,29979.431219636546,29984.421107107017,29960.409077352026,29979.602785992927,796
2023-09-23 01:21:00+00:00,29980.94691004339,29995.99287389673,29965.757739615023,29980.901244173012,100
2023-09-28 01:21:00+00:00,29980.526664459703,29998.18274330603,29969.228913453175,29979.87598825104,231
2023-10-03 01:21:00+00:00,29979.34506683866,29989.997574664885,29976.481593394597,29980.392121634464,708
2023-10-08 01:21:00+00:00,29979.18315407328,29995.87503237012,29979.003226827364,29978.088571127108,639
2023-10-13 01:21:00+00:00,29979.96985883047,29983.242401538773,29977.597622347363,29980.441600125167,470
2023-10-18 01:21:00+00:00,29979.313412733107,29981.87007843418,29972.63277397765,29979.5180156937,162
2023-10-23 01:21:00+00:00,29980.579317551215,29984.02007576626,29965.657982189226,29979.42456540062,363
2023-10-28 01:21:00+00:00,29982.77619638548,30002.33299713494,29980.049353276852,29981.378102237173,961
2023-11-02 01:21:00+00:00,29982.079584949966,29996.67225272684,29977.643065501852,29982.08377351103,326
2023-11-07 01:21:00+00:00,29983.093200461393,29984.580375923568,29971.80498443204,29982.92850575305,224
2023-11-12 01:21:00+00:00,29981.976990315627,29986.978134340974,29979.174338056007,29982.353774614407,964
2023-11-17 01:21:00+00:00,29980.155201269834,29994.222574866355,29965.352342158814,29979.597868289267,895
2023-11-22 01:21:00+00:00,29979.4537406549,29995.833465230393,29962.506775597998,29980.07948878699,970
2023-11-27 01:21:00+00:00,29979.002569209737,29991.65462276819,29959.104221257854,29980.381868444925,363
2023-12-02 01:21:00+00:00,29979.122203691844,29981.15859665453,29965.06006124171,29980.014344350027,973
2023-12-07 01:21:00+00:00,29979.025747477208,29982.164057388425,29968.52434312357,29977.563559535258,571
2023-12-12 01:21:00+00:00,29978.688610101566,29993.93355117808,29974.488776780203,29979.635822610675,682
2023-12-17 01:21:00+00:00,29978.34716411459,29981.787403355433,29974.889774591356,29978.343531746756,192
2023-12-22 01:21:00+00:00,29977.02757210136,29978.880674536365,29968.68596847774,29977.67213596255,815
2023-12-27 01:21:00+00:00,29977.796798261206,29985.989472759305,29970.873237880962,29976.9324923878,471
2024-01-01 01:21:00+00:00,29977.6923640409,29995.784869403626,29971.48352271987,29977.050778428424,539
2024-01-06 01:21:00+00:00,29978.31165906253,29985.962984639973,29964.1914441401,29978.581909093402,269
2024-01-11 01:21:00+00:00,29978.03255001566,29995.45229956663,29966.509449251786,29975.5105160446,364
2024-01-16 01:21:00+00:00,29978.8992138806,29984.12779638697,29959.27984928262,29978.91652362052,644
2024-01-21 01:21:00+00:00,29979.718134108665,29985.116091189837,29964.253325823858,29981.325686189106,312
2024-01-26 01:21:00+00:00,29980.560579513593,29993.596698048455,29969.46337806914,29981.086554304835,623
2024-01-31 01:21:00+00:00,29981.168612331436,29994.093634415483,29980.163587894356,29981.36573069324,126
2024-02-05 01:21:00+00:00,29980.544694216864,29988.26866701649,29978.063121252526,29982.990705415054,764
2024-02-10 01:21:00+00:00,29981.245400978925,29987.849304640327,29963.283764879878,29979.992915073475,631
2024-02-15 01:21:00+00:00,29983.770479341063,30003.40065181422,29969.965964808707,29985.399561790622,736
2024-02-20 01:21:00+00:00,29983.50688608078,30003.405517988933,29977.583346218296,29982.739374365818,576
2024-02-25 01:21:00+00:00,29986.127482347885,29998.79475819515,29966.939732513783,29984.332643408503,225
2024-03-01 01:21:00+00:00,29985.588571106204,30003.449997727213,29973.31498916375,29985.915764148718,232
2024-03-06 01:21:00+00:00,29986.64932826811,30001.550091869747,29979.183391701372,29987.16759777911,575
2024-03-11 01:21:00+00:00,29986.312465385643,29995.503105817614,29969.28800611809,29987.49474973507,876
2024-03-16 01:21:00+00:00,29985.706065333394,29987.36513606978,29973.934126302807,29984.156654072962,113
2024-03-21 01:21:00+00:00,29985.80910263845,29992.93231720477,29978.82274328998,29987.30556030924,987
2024-03-26 01:21:00+00:00,29985.909226912285,29995.946515523254,29966.712103024336,29985.520993655664,441
2024-03-31 01:21:00+00:00,29984.92667820266,30004.25337819857,29976.36129188982,29984.898115211487,725
2024-04-05 01:21:00+00:00,29985.823633071,29991.72462489404,29967.180684932675,29987.659818037286,582
2024-04-10 01:21:00+00:00,29985.281703672117,29993.035959633893,29967.30288931123,29984.566728634643,734
2024-04-15 01:21:00+00:00,29985.029726133245,29997.27835369104,29975.367158078774,29985.21491188868,807
2024-04-20 01:21:00+00:00,29985.43820675045,29985.955263588905,29973.860124016723,29986.848792304216,884
2024-04-25 01:21:00+00:00,29984.047618899323,29996.5364777617,29966.246924757565,29983.76918351098,964
2024-04-30 01:21:00+00:00,29983.456536500664,29991.695776826335,29978.446715311216,29981.943911567436,206
2024-05-05 01:21:00+00:00,29983.112144876606,29990.431460417607,29971.47807634497,29983.618591762435,389
2024-05-10 01:21:00+00:00,29982.669838770078,29997.541511612562,29967.876690645746,29981.662873381312,539
2024-05-15 01:21:00+00:00,29980.91447439206,29992.838749100494,29968.27509523669,29979.330095499878,757
2024-05-20 01:21:00+00:00,29980.2838090423,29993.2093760377,29972.17234294395,29980.18387253978,945
2024-05-25 01:21:00+00:00,29979.693648871224,29995.90265197453,29971.777514129215,29980.22976230123,536
2024-05-30 01:21:00+00:00,29979.151662954286,29985.849013420928,29967.411483157583,29978.762535909475,950
2024-06-04 01:21:00+00:00,29978.54457491246,29982.712909710488,29976.776062292887,29978.254122611157,277
2024-06-09 01:21:00+00:00,29977.558130760153,29992.343583515132,29963.84452287528,29978.879840719634,355
2024-06-14 01:21:00+00:00,29978.92653295327,29997.67952313568,29973.224493895552,29979.585058969285,149
2024-06-19 01:21:00+00:00,29980.652770964723,29984.376722517438,29974.3279125359,29979.779411850795,500
2024-06-24 01:21:00+00:00,29980.202885916868,29999.95126040166,29978.450067982572,29981.04969366226,568
2024-06-29 01:21:00+00:00,29980.910093930444,29997.56508671248,29978.56122945307,29980.58041690957,787
2024-07-04 01:21:00+00:00,29981.642676037205,29982.65417130347,29969.06737382286,29980.846066646645,169
2024-07-09 01:21:00+00:00,29981.10227034861,30000.410363504765,29980.0329724514,29982.801724601286,493
2024-07-14 01:21:00+00:00,29981.466614870445,29989.958145266202,29973.70024232579,29981.264293883276,285
2024-07-19 01:21:00+00:00,29980.623500962574,29987.560776083043,29978.325885009206,29977.98249153907,787
2024-07-24 01:21:00+00:00,29979.490647117174,29985.009529454368,29966.879762295186,29979.11643296856,621
2024-07-29 01:21:00+00:00,29980.066859473238,29986.396921638327,29976.10791161236,29979.76013749001,559
2024-08-03 01:21:00+00:00,29981.263286390844,29981.970078160513,29963.76064119109,29980.982465515917,754
2024-08-08 01:21:00+00:00,29981.045843709002,29998.6540569857,29965.809670705625,29981.872594534532,579
2024-08-13 01:21:00+00:00,29981.362357902526,29984.663243661085,29977.104214588348,29981.75517712328,809
2024-08-18 01:21:00+00:00,29978.40802088376,29990.19739441484,29965.44101916386,29980.050200703332,824
2024-08-23 01:21:00+00:00,29978.948502042436,29985.65536897161,29976.96856708344,29978.24543961003,239
2024-08-28 01:21:00+00:00,29977.790786859547,29978.382666414615,29969.52080331692,29977.048542503795,239
2024-09-02 01:21:00+00:00,29977.859360623086,29996.721440767586,29969.958881993454,29979.41120898133,294
2024-09-07 01:21:00+00:00,29978.121685538823,29991.65940413488,29963.154489249297,29978.75598896568,129
2024-09-12 01:21:00+00:00,29976.103317183268,29992.763200155852,29969.73235022478,29977.122559994703,365
2024-09-17 01:21:00+00:00,29975.723328201922,29986.495857729762,29966.823937698806,29974.67715751856,578
2024-09-22 01:21:00+00:00,29976.977655721745,29992.38309031715,29972.762109610027,29977.342216487803,990
2024-09-27 01:21:00+00:00,29976.972478981694,29982.60309972109,29966.7782700688,29979.12991731935,617
2024-10-02 01:21:00+00:00,29977.250067416706,29981.28470881781,29957.946207374916,29978.59600230292,360
2024-10-07 01:21:00+00:00,29976.637425033256,29993.36324886416,29975.721803887656,29976.082417542086,967
2024-10-12 01:21:00+00:00,29976.72120894534,29983.324185606314,29957.56977838196,29976.1735005343,789
2024-10-17 01:21:00+00:00,29977.32702856988,29977.396059265728,29971.813502564895,29977.096371858992,260
2024-10-22 01:21:00+00:00,29980.422060223173,29988.606474782595,29977.956785418122,29980.741502551857,385
2024-10-27 01:21:00+00:00,29979.771767677546,29991.664854245868,29973.96169896267,29978.80314540678,173
2024-11-01 01:21:00+00:00,29980.349676475722,29985.425954040213,29973.089503122123,29980.041459526565,877
2024-11-06 01:21:00+00:00,29979.87408244726,29984.73438316696,29971.19603724158,29978.78481893361,932
2024-11-11 01:21:00+00:00,29979.661263283964,29990.669848305693,29975.885832011692,29980.423718696387,354
2024-11-16 01:21:00+00:00,29980.657035189048,29997.08975178016,29972.115950256564,29981.063171918846,417
2024-11-21 01:21:00+00:00,29981.17770570687,30000.449436898845,29968.826345219586,29983.091349316528,600
2024-11-26 01:21:00+00:00,29980.548404012916,29997.28783448073,29978.354698538275,29981.646796954134,581
2024-12-01 01:21:00+00:00,29979.643583666042,29980.61118690833,29960.463739478237,29980.917278049023,337
2024-12-06 01:21:00+00:00,29980.66424265072,29998.92471898781,29963.234356745143,29980.550159770424,601
2024-12-11 01:21:00+00:00,29978.932407594155,29994.12587459025,29970.095956553047,29981.25605946986,552
2024-12-16 01:21:00+00:00,29978.83826726616,29979.375283755784,29969.808691554757,29978.108428916574,601
2024-12-21 01:21:00+00:00,29979.520048705897,29992.572767572205,29975.176415664537,29977.864287456734,888
2024-12-26 01:21:00+00:00,29980.209797280706,29996.27203702381,29972.348691949854,29978.60106276869,463
2024-12-31 01:21:00+00:00,29982.46642577044,29985.509014710333,29962.911051406434,29983.20386497753,643
2025-01-05 01:21:00+00:00,29982.51396865071,30000.60777825041,29977.9171999654,29982.57696257133,360
2025-01-10 01:21:00+00:00,29981.232779509115,29985.83825969217,29968.519695734736,29982.814832175798,697
2025-01-15 01:21:00+00:00,29981.65017052947,30001.279856869955,29975.754274669765,29980.06318597414,828
2025-01-20 01:21:00+00:00,29980.956663802164,29989.834600240272,29976.59917391416,29981.104833045374,144
2025-01-25 01:21:00+00:00,29980.335072421578,29987.562838387526,29975.878646891826,29981.3337170155,340
2025-01-30 01:21:00+00:00,29978.291268120272,29998.07023578662,29968.092510696562,29978.711911659026,433
2025-02-04 01:21:00+00:00,29979.30413777529,29993.90499822656,29967.40404464535,29978.76508999627,100
2025-02-09 01:21:00+00:00,29980.108977315613,29990.34281710986,29966.912532729184,29979.943839450327,631
2025-02-14 01:21:00+00:00,29980.146010089396,29999.659416454575,29961.268135845847,29980.110112737395,370
2025-02-19 01:21:00+00:00,29982.707614017276,29998.024451754172,29974.039067598653,29982.544436806347,983
2025-02-24 01:21:00+00:00,29983.347724031322,30002.759906366493,29964.467515451255,29983.098899107597,685
2025-03-01 01:21:00+00:00,29982.203789754578,29990.580308660814,29973.13290838603,29982.68333474481,356
2025-03-06 01:21:00+00:00,29982.441169865662,29997.03028773828,29968.102878983875,29982.550338973673,712
2025-03-11 01:21:00+00:00,29982.675064079394,29984.520254341678,29964.026358882606,29982.636163421215,347
2025-03-16 01:21:00+00:00,29984.411410638906,30000.245676692204,29975.41220671382,29984.3584449412,510
2025-03-21 01:21:00+00:00,29985.702468646647,29991.12913677333,29971.636700532206,29986.37796249885,259
2025-03-26 01:21:00+00:00,29984.898662817704,29992.4457561343,29967.313635750375,29983.993168863362,675
2025-03-31 01:21:00+00:00,29984.475308460707,29991.299677368734,29971.318964238428,29983.094185342714,180
2025-04-05 01:21:00+00:00,29984.260290283375,30000.017662948,29974.026735210784,29985.10412006861,697
2025-04-10 01:21:00+00:00,29985.236668854817,29993.986277377568,29978.867262111788,29985.109623495693,947
2025-04-15 01:21:00+00:00,29986.4438749111,30001.60641815508,29972.824831383048,29985.308442054633,208
2025-04-20 01:21:00+00:00,29987.005495352223,29998.135366118535,29973.40292341664,29987.50899148338,699
2025-04-25 01:21:00+00:00,29986.17967475497,29990.79578483421,29969.29006533036,29985.329401252297,136
2025-04-30 01:21:00+00:00,29986.53054013902,29989.41907046832,29975.681605622707,29985.791269287984,441
2025-05-05 01:21:00+00:00,29987.034565442907,29999.597793236633,29986.704938341012,29985.45765071127,723
2025-05-10 01:21:00+00:00,29985.399417747354,30003.52217148811,29973.750172431864,29986.101195008334,364
