timestamp,open,high,low,close,volume
1984-04-18 01:21:00+00:00,29999.653818824914,30008.11703236952,29989.97419087217,29998.75872368603,594
1984-04-21 01:21:00+00:00,29999.453949514205,30006.59844068614,29997.039330488966,29999.805079757523,790
1984-04-24 01:21:00+00:00,30000.357297937684,30018.068314494583,29998.14014087617,29999.981520217578,840
1984-04-27 01:21:00+00:00,29999.606418969313,29999.88957704588,29989.6887006394,29998.636540564505,474
1984-04-30 01:21:00+00:00,29998.594379302056,30009.529474487426,29990.193478365745,29999.60954129446,369
1984-05-03 01:21:00+00:00,29998.26377326599,30003.28190126642,29996.35166522513,30000.657696662274,423
1984-05-06 01:21:00+00:00,29998.631727469998,30009.955297745506,29986.734870068693,29999.1650203022,728
1984-05-09 01:21:00+00:00,29998.983380698483,30012.60676168822,29986.918516143804,30000.02463732158,387
1984-05-12 01:21:00+00:00,29998.700937218382,30018.217738919484,29994.969927359583,29999.061364531703,520
1984-05-15 01:21:00+00:00,29998.873483347863,30005.87591359154,29995.327301230867,29996.87391592141,487
1984-05-18 01:21:00+00:00,29997.456937689723,30001.875178651997,29985.862709926463,29998.376523318027,198
1984-05-21 01:21:00+00:00,29997.086060933525,30006.846651766115,29982.16422630688,29998.30925969153,313
1984-05-24 01:21:00+00:00,29997.541539878148,30004.80642609763,29993.266155698413,29997.46432076795,255
1984-05-27 01:21:00+00:00,29996.98377363656,30005.259889798403,29992.90870252217,29997.793001706457,636
1984-05-30 01:21:00+00:00,29998.232961687292,30006.644333356737,29981.724128984504,29998.20619050679,927
1984-06-02 01:21:00+00:00,30000.429438818814,30007.879399199857,30000.13728356341,30002.179272497237,448
1984-06-05 01:21:00+00:00,29999.721708266443,30010.640643515908,29990.64119339356,29998.82087257807,256
1984-06-08 01:21:00+00:00,29999.264628455843,30000.13976674848,29990.177860419462,30000.183766682414,642
1984-06-11 01:21:00+00:00,29999.186377951428,30003.62245109324,29990.669814148983,29998.625203774118,107
1984-06-14 01:21:00+00:00,29999.960202689137,30016.130558845533,29980.857669100227,30001.67816601399,992
1984-06-17 01:21:00+00:00,30000.714601675085,30018.7987031795,29984.17086801392,29999.04886854784,910
1984-06-20 01:21:00+00:00,29998.912230294958,30000.767563931728,29992.499324158354,29998.19783733808,784
1984-06-23 01:21:00+00:00,29999.580500590186,30006.516926948334,29981.87666446207,30001.713096933036,925
1984-06-26 01:21:00+00:00,30000.94869117404,30006.375867662053,29997.4014128123,30002.258610945235,250
1984-06-29 01:21:00+00:00,30001.92517181485,30003.138517413252,29988.94793562442,30002.435272165774,281
1984-07-02 01:21:00+00:00,30001.528100942778,30017.546164992524,29982.520484210574,30000.87403957808,852
1984-07-05 01:21:00+00:00,30001.860705569212,30017.681368978265,30000.415272477654,30001.215797455785,421
1984-07-08 01:21:00+00:00,30001.761455940614,30004.967800821105,29997.974785738672,30001.599974028624,846
1984-07-11 01:21:00+00:00,30000.51215231946,30006.691932021353,29988.964570537508,29999.89054143285,489
1984-07-14 01:21:00+00:00,30001.88426972089,30004.270981372858,29985.306165370042,30003.461773134786,229
1984-07-17 01:21:00+00:00,30004.188178336557,30006.45923371905,29994.600005946715,30005.375986972544,756
1984-07-20 01:21:00+00:00,30005.305501874533,30012.23352600879,30002.02678009906,30004.975220421173,214
1984-07-23 01:21:00+00:00,30006.20084886472,30024.158681981888,29992.228793433245,30005.875929313042,277
1984-07-26 01:21:00+00:00,30005.292057179184,30007.94435793915,29985.60077098286,30005.62158349712,516
1984-07-29 01:21:00+00:00,30005.392907087713,30007.76993438603,30000.878047586186,30003.720373451255,996
1984-08-01 01:21:00+00:00,30005.25480301615,30014.43850243066,29992.592937132224,30003.9597750991,417
1984-08-04 01:21:00+00:00,30005.147958799203,30012.25748297244,29994.884850686587,30005.812993752883,263
1984-08-07 01:21:00+00:00,30006.9837446052,30008.495319732854,30002.872841553482,30005.30719274192,323
1984-08-10 01:21:00+00:00,30006.450842579627,30019.644025466743,30002.242874345477,30006.64471582199,896
1984-08-13 01:21:00+00:00,30009.035014739955,30020.948590653934,29996.789583176014,30008.992020826565,691
1984-08-16 01:21:00+00:00,30008.95058340899,30018.250546444226,29994.454678456637,30009.650850450085,551
1984-08-19 01:21:00+00:00,30009.54640666286,30019.226065878822,30003.925917058867,30008.881722475824,263
1984-08-22 01:21:00+00:00,30009.035981036483,30015.084239574826,29991.578612189758,30006.706378581377,538
1984-08-25 01:21:00+00:00,30011.136255994617,30026.5107339561,30003.142164851684,30009.620891826187,995
1984-08-28 01:21:00+00:00,30009.735321057753,30019.37234400931,30009.21294156519,30011.27254812372,485
1984-08-31 01:21:00+00:00,30010.43495836388,30014.64297573563,29991.54591537405,30010.538642677577,363
1984-09-03 01:21:00+00:00,30010.89856684001,30023.147922082604,30000.668506297272,30011.23419092824,613
1984-09-06 01:21:00+00:00,30011.13537729126,30016.11824997369,29991.547302313495,30009.8503686744,567
1984-09-09 01:21:00+00:00,30011.419407851296,30026.52868083079,29995.032905328473,30012.069813850725,678
1984-09-12 01:21:00+00:00,30011.78171532376,30020.7122535903,30001.566128256945,30011.7869139006,529
1984-09-15 01:21:00+00:00,30011.245505548544,30017.31267527625,30005.43943330322,30010.978693090547,402
1984-09-18 01:21:00+00:00,30012.26086987485,30024.426474921504,30006.352896411332,30012.8445181731,324
1984-09-21 01:21:00+00:00,30013.723112192656,30016.90097800118,29997.393013838733,30012.84793734995,444
1984-09-24 01:21:00+00:00,30013.071000217253,30020.00838373455,29995.22599323628,30011.91771306921,296
1984-09-27 01:21:00+00:00,30013.557176728475,30014.9577216716,29997.343460721517,30013.48046046237,757
1984-09-30 01:21:00+00:00,30012.81563472314,30027.984418041935,29995.356044215223,30013.673621594226,191
1984-10-03 01:21:00+00:00,30010.866589729027,30014.620236884242,30007.973474113158,30011.289600998552,472
1984-10-06 01:21:00+00:00,30012.580023120758,30021.78510567246,29993.817865886766,30012.476775040814,348
1984-10-09 01:21:00+00:00,30014.483091417787,30016.137873673673,30014.206598997313,30012.8996897051,702
1984-10-12 01:21:00+00:00,30015.013053861687,30024.30460904878,30003.930423415713,30014.927274502737,856
1984-10-15 01:21:00+00:00,30013.301957073996,30013.84470769009,29995.528450689235,30012.27909659649,695
1984-10-18 01:21:00+00:00,30014.830492736623,30016.731931000057,29999.701535291235,30015.63723840136,252
1984-10-21 01:21:00+00:00,30014.79021607424,30020.498944402003,30001.626601205535,30014.944560358384,596
1984-10-24 01:21:00+00:00,30014.53017968651,30019.09097240415,30002.234013113328,30013.801515811618,533
1984-10-27 01:21:00+00:00,30013.959004669505,30027.004747530453,29995.39091148743,30014.137055404997,490
1984-10-30 01:21:00+00:00,30014.806238984962,30022.624603557055,30005.174796477397,30013.464468519418,367
1984-11-02 01:21:00+00:00,30013.488759345844,30023.40599572867,29997.72624327224,30013.071961052905,884
1984-11-05 01:21:00+00:00,30012.372266053695,30013.82338352335,30004.89304633894,30010.961260059245,512
1984-11-08 01:21:00+00:00,30011.321483060925,30029.46928677297,30008.448064843742,30012.691563776563,896
1984-11-11 01:21:00+00:00,30010.766351109636,30014.873391372777,30003.231728270883,30010.933868791177,485
1984-11-14 01:21:00+00:00,30010.699062443768,30020.64084124454,30007.036094104078,30009.725823370332,601
1984-11-17 01:21:00+00:00,30010.379534564727,30016.90363041125,29999.11737745303,30010.88254993587,796
1984-11-20 01:21:00+00:00,30012.98251248423,30019.636880974824,29995.342884568425,30013.397991844802,408
1984-11-23 01:21:00+00:00,30013.128519093803,30015.014020939983,30008.28755790887,30013.508803321463,876
1984-11-26 01:21:00+00:00,30014.290709925855,30018.615375283385,29998.87333961344,30015.786288842442,862
1984-11-29 01:21:00+00:00,30012.85905611711,30032.451298898366,29995.53398505237,30010.1074188928,318
1984-12-02 01:21:00+00:00,30012.624914218915,30023.810647084145,30006.25308915478,30013.791342581204,456
1984-12-05 01:21:00+00:00,30013.75365732115,30015.35079659246,29995.310771174794,30015.73587632162,904
1984-12-08 01:21:00+00:00,30013.54787794164,30031.8887230302,30007.025614031703,30010.893074364463,201
1984-12-11 01:21:00+00:00,30013.262269678173,30021.829412683866,29999.64002649262,30015.575492375974,983
1984-12-14 01:21:00+00:00,30012.248556003164,30020.875645407647,30009.79699844391,30013.229184348857,261
1984-12-17 01:21:00+00:00,30012.189886578282,30031.66240311308,30011.22759779276,30011.344994185718,996
1984-12-20 01:21:00+00:00,30014.186559336507,30026.585401920853,29995.73322674384,30012.507083632212,299
1984-12-23 01:21:00+00:00,30014.807763409255,30021.037172267086,29996.393331983465,30012.81608883366,221
1984-12-26 01:21:00+00:00,30015.434926429924,30025.647977555014,29995.921087464634,30014.94435368765,538
1984-12-29 01:21:00+00:00,30014.844949790448,30022.80240337372,30012.450272179296,30013.44299453057,143
1985-01-01 01:21:00+00:00,30016.03059052198,30033.541217254056,29998.301427422666,30017.44309118003,517
1985-01-04 01:21:00+00:00,30016.224975430392,30021.066818320392,30011.308014874354,30015.132986614703,215
1985-01-07 01:21:00+00:00,30015.0905335928,30034.157771662805,30004.76528788025,30015.27413982184,654
1985-01-10 01:21:00+00:00,30015.429170405474,30024.113193706933,30003.29725633181,30013.702483486166,893
1985-01-13 01:21:00+00:00,30016.628331097974,30016.75860282591,30004.320284118694,30017.22072342919,619
1985-01-16 01:21:00+00:00,30014.927847784744,30032.4877845676,29996.705676018923,30016.572472871874,946
1985-01-19 01:21:00+00:00,30015.388090939672,30035.19052367599,30003.823566354076,30013.393952237002,989
1985-01-22 01:21:00+00:00,30016.37723734845,30023.914010229677,29999.483596687707,30016.242370802287,622
1985-01-25 01:21:00+00:00,30015.96542261997,30025.8812109562,30008.501642606025,30015.20241236679,679
1985-01-28 01:21:00+00:00,30015.404716308254,30027.166934006174,30008.949725755487,30016.39972568825,449
1985-01-31 01:21:00+00:00,30017.260813706864,30024.47456610928,30007.873356070715,30016.82717991224,744
1985-02-03 01:21:00+00:00,30017.27344628123,30019.941535945945,30014.120459658454,30017.897550071077,142
1985-02-06 01:21:00+00:00,30017.841348211994,30031.731558105752,29999.580394416193,30015.901747250788,883
1985-02-09 01:21:00+00:00,30017.637461989703,30036.765500586116,30016.19085434352,30018.112242245454,632
1985-02-12 01:21:00+00:00,30017.498918962923,30024.41621414536,30003.151093124736,30018.856387526328,673
1985-02-15 01:21:00+00:00,30018.630089535676,30019.397314211117,30015.330095193476,30017.26266478482,649
1985-02-18 01:21:00+00:00,30018.303776929308,30037.30087092213,30000.681620096853,30019.199656303324,299
1985-02-21 01:21:00+00:00,30016.735839914403,30016.981464591612,30006.193243350463,30017.43846052324,364
1985-02-24 01:21:00+00:00,30018.86424184086,30035.17404507161,30018.66187659561,30018.992548454862,185
1985-02-27 01:21:00+00:00,30017.317706635247,30023.055447487903,30009.77770421089,30017.50364802855,381
1985-03-02 01:21:00+00:00,30019.710351121175,30028.9928220006,30017.12283316676,30019.529517757044,999
1985-03-05 01:21:00+00:00,30020.73541576249,30024.17093239819,30004.52438936689,30020.38006147463,555
1985-03-08 01:21:00+00:00,30020.786276109917,30031.631758337433,30015.470267479337,30020.047079042302,917
1985-03-11 01:21:00+00:00,30019.89892606059,30038.126067231155,30016.229791460955,30019.53125819935,430
1985-03-14 01:21:00+00:00,30020.629300807363,30026.06412173142,30009.01527940668,30021.41675940761,665
1985-03-17 01:21:00+00:00,30020.22541774622,30033.590996290477,30005.26307499114,30020.277723647258,901
1985-03-20 01:21:00+00:00,30020.869117160317,30023.89616463955,30008.625278786527,30020.277050291414,811
1985-03-23 01:21:00+00:00,30019.545442728424,30025.14558524782,30001.69037492726,30020.494290363582,830
1985-03-26 01:21:00+00:00,30020.037309926807,30020.8882893758,30008.399783133307,30022.644539127592,288
1985-03-29 01:21:00+00:00,30020.758860991755,30040.379843268824,30011.56357192855,30019.369139834136,260
1985-04-01 01:21:00+00:00,30018.56652339301,30036.25657972438,29998.89678042197,30018.35158361283,377
1985-04-04 01:21:00+00:00,30017.509741275153,30035.703045166676,30001.265339706722,30016.980038670576,875
1985-04-07 01:21:00+00:00,30017.62655267676,30029.909254788716,30013.157498706558,30017.725337794673,163
1985-04-10 01:21:00+00:00,30018.168961369036,30027.512669737847,30010.102141436444,30017.805013029363,297
1985-04-13 01:21:00+00:00,30019.379433322745,30036.79687351765,30008.01674718958,30017.803983796817,563
1985-04-16 01:21:00+00:00,30020.22713970363,30036.013858317237,30015.802556824267,30021.255723443523,515
1985-04-19 01:21:00+00:00,30019.906386917137,30024.852167982426,30011.565555453337,30019.91969189219,296
1985-04-22 01:21:00+00:00,30018.76214640345,30031.447221784114,30015.448014285317,30018.663359950777,432
1985-04-25 01:21:00+00:00,30018.598403637563,30029.327691551614,30003.26046592303,30018.672475889893,906
1985-04-28 01:21:00+00:00,30017.74579090754,30024.27877419764,30007.449351004772,30019.801287033988,772
1985-05-01 01:21:00+00:00,30018.92475012576,30020.58248744776,30007.087563271663,30020.606755644883,635
1985-05-04 01:21:00+00:00,30020.729907182358,30031.694461846007,30010.802905567278,30020.962620729937,116
1985-05-07 01:21:00+00:00,30021.17743510444,30038.564600597045,30010.2380437246,30020.52194312862,365
1985-05-10 01:21:00+00:00,30020.074823973828,30038.172610657046,30008.171901068417,30019.742633310536,652
1985-05-13 01:21:00+00:00,30019.780593784726,30020.000693977396,30016.662552852285,30019.379819219717,889
1985-05-16 01:21:00+00:00,30018.596681070863,30018.707772911115,30010.494790617868,30018.001502234765,619
1985-05-19 01:21:00+00:00,30019.82225681378,30033.397269910103,30018.274497020953,30018.98563320503,336
1985-05-22 01:21:00+00:00,30019.43434616731,30021.261215546907,30001.16910758306,30019.41949211026,497
1985-05-25 01:21:00+00:00,30019.348991046238,30032.567449495746,30008.149243045533,30021.535528510303,168
1985-05-28 01:21:00+00:00,30018.985941131043,30028.288470369924,30016.265464091284,30020.139232280948,945
1985-05-31 01:21:00+00:00,30020.09916959598,30036.728960735174,30008.835022090585,30021.343290190245,321
1985-06-03 01:21:00+00:00,30019.377965346925,30026.022979334444,30005.15989340102,30018.310160511403,162
1985-06-06 01:21:00+00:00,30019.75598005855,30025.90568259537,30001.37454346475,30019.42047302044,893
1985-06-09 01:21:00+00:00,30019.868745201038,30037.22167182596,30011.071312277276,30020.442226028375,522
1985-06-12 01:21:00+00:00,30019.870165727323,30027.730500340564,30002.888662891033,30019.56634224648,705
1985-06-15 01:21:00+00:00,30019.629663041047,30035.094040570577,30000.74221665302,30019.398126245353,312
1985-06-18 01:21:00+00:00,30019.35141641133,30025.965200461138,30015.022464161335,30018.348241268515,484
1985-06-21 01:21:00+00:00,30020.35722622913,30024.67137488996,30007.896438123506,30020.455133695643,340
1985-06-24 01:21:00+00:00,30020.552660587997,30025.307602570418,30008.215169474308,30021.29068652569,571
1985-06-27 01:21:00+00:00,30019.569425334095,30037.912135465594,30003.76349314387,30020.09280835363,961
1985-06-30 01:21:00+00:00,30019.482980028308,30036.373730402927,30000.088896374138,30020.18057022249,672
1985-07-03 01:21:00+00:00,30017.94810633178,30024.068479838767,30002.631602549016,30018.397293873113,294
1985-07-06 01:21:00+00:00,30017.871352955175,30022.86533466245,30017.593390010818,30017.58093221644,324
1985-07-09 01:21:00+00:00,30016.25449747386,30027.24997528272,30000.98042746554,30015.641777346314,720
1985-07-12 01:21:00+00:00,30015.799459060374,30028.429977566462,30010.893602820084,30014.78497612924,255
1985-07-15 01:21:00+00:00,30016.442081469908,30016.647251134633,30015.650481699606,30016.030123435237,933
1985-07-18 01:21:00+00:00,30018.505641922355,30032.64140251381,30012.183256172993,30017.43528385436,189
1985-07-21 01:21:00+00:00,30018.089354354062,30027.315636808456,29998.947959652327,30016.317108129242,728
1985-07-24 01:21:00+00:00,30017.559758042084,30034.84755002181,29997.80053658717,30018.486825577344,275
1985-07-27 01:21:00+00:00,30019.165496347174,30025.099067846764,30011.510802473247,30020.46604045781,179
1985-07-30 01:21:00+00:00,30019.304893965455,30019.523666168043,30000.851747740504,30019.28527851268,317
1985-08-02 01:21:00+00:00,30019.656717518275,30022.92081197516,30014.854580587635,30019.313786837156,660
1985-08-05 01:21:00+00:00,30018.724305009913,30036.986738634783,30005.51882174343,30017.420270701852,259
1985-08-08 01:21:00+00:00,30018.74670660752,30021.966919639188,30004.853548382554,30020.623406309536,585
1985-08-11 01:21:00+00:00,30017.096186267296,30028.41961885637,29997.904668333806,30017.71875346349,898
1985-08-14 01:21:00+00:00,30017.5767394555,30021.149374026907,30015.62235327692,30014.50757480983,579
1985-08-17 01:21:00+00:00,30015.400861410064,30025.593052035092,30010.86730459433,30013.88922281957,557
1985-08-20 01:21:00+00:00,30015.939458675904,30021.545331806818,29999.819456474142,30016.577853315892,131
1985-08-23 01:21:00+00:00,30015.982019093713,30030.976345972536,29998.377083777395,30017.155437580397,524
1985-08-26 01:21:00+00:00,30016.121109880743,30024.67927077283,30000.738257436064,30016.936669844796,599
1985-08-29 01:21:00+00:00,30016.91739296793,30033.658005683097,30015.818055729036,30016.74244046424,278
1985-09-01 01:21:00+00:00,30015.82012720233,30035.760473613558,30010.416040484117,30016.696308797233,111
1985-09-04 01:21:00+00:00,30015.0497987177,30033.148551986644,30009.196648355424,30016.575119623063,895
1985-09-07 01:21:00+00:00,30015.02857603394,30026.21785019645,30005.32554112251,30014.200124246945,743
1985-09-10 01:21:00+00:00,30013.730289341827,30032.736346995534,29999.227563441862,30014.812992534728,357
1985-09-13 01:21:00+00:00,30014.887703436874,30031.95538004415,30009.782693406112,30015.523385151148,725
1985-09-16 01:21:00+00:00,30013.483435212198,30032.48049568376,29997.718347904505,30013.60374308776,639
1985-09-19 01:21:00+00:00,30013.962370571393,30032.20865192866,30007.01196054426,30014.71048924577,364
1985-09-22 01:21:00+00:00,30015.397736522234,30021.28969687009,30011.873750416224,30015.0426388946,779
1985-09-25 01:21:00+00:00,30016.22799413856,30018.681208389437,29999.601894251195,30016.98774686298,715
1985-09-28 01:21:00+00:00,30016.853936891956,30029.338125894392,30011.438426099106,30015.495385498532,549
1985-10-01 01:21:00+00:00,30018.449951883176,30038.379403858224,30017.09850495139,30019.986245425564,850
1985-10-04 01:21:00+00:00,30019.783877824804,30027.50552586951,30002.912329879997,30020.31313573644,973
1985-10-07 01:21:00+00:00,30020.22839643264,30021.038626454025,30016.386781004956,30020.084211529727,238
1985-10-10 01:21:00+00:00,30019.45417412756,30035.06060472205,30018.94601977135,30019.177885856985,205
1985-10-13 01:21:00+00:00,30020.809667420654,30030.67757483661,30011.57734026855,30021.134394838507,435
1985-10-16 01:21:00+00:00,30020.927492689392,30035.15157728844,30015.61410505732,30020.144007111554,105
1985-10-19 01:21:00+00:00,30019.301358215303,30026.71702064592,30018.390127032544,30018.748672284608,887
1985-10-22 01:21:00+00:00,30018.75067136586,30038.528813677793,30016.836660373832,30017.385466985786,714
1985-10-25 01:21:00+00:00,30017.03441165894,30021.667280235964,30003.23195003147,30016.187038259606,818
1985-10-28 01:21:00+00:00,30018.56197642086,30029.07329882697,30005.966852907342,30019.394945836295,105
1985-10-31 01:21:00+00:00,30016.91951549963,30017.242864067222,30005.83496153831,30017.531959581327,629
1985-11-03 01:21:00+00:00,30016.337784430863,30035.927826517604,30007.694493147592,30017.10072124765,738
1985-11-06 01:21:00+00:00,30016.26123807962,30030.03745801892,30006.401544255255,30018.26977918721,848
1985-11-09 01:21:00+00:00,30016.783244126975,30023.131259069316,30000.51877151499,30017.338075749558,963
1985-11-12 01:21:00+00:00,30015.39736400098,30031.668779641728,30005.616386263275,30014.44942478078,832
1985-11-15 01:21:00+00:00,30015.131005406976,30029.950282826074,30013.39711186573,30014.728404845744,552
1985-11-18 01:21:00+00:00,30016.07604051661,30032.319352825416,30008.116813234425,30016.205508299976,367
1985-11-21 01:21:00+00:00,30017.59470814016,30027.71802515916,30003.861527629877,30018.50102535996,910
1985-11-24 01:21:00+00:00,30017.536461922453,30025.27712363039,30016.27813501972,30018.299029831396,641
1985-11-27 01:21:00+00:00,30017.21830720525,30035.430417566513,29999.570253972925,30018.21263441841,750
1985-11-30 01:21:00+00:00,30018.606298147195,30021.50859880693,30013.48185803715,30020.046066081286,758
1985-12-03 01:21:00+00:00,30018.29313087133,30032.640748178663,30014.815252855744,30018.46553696717,787
1985-12-06 01:21:00+00:00,30019.24582176121,30022.53433446389,30008.281458879224,30018.6767421052,677
1985-12-09 01:21:00+00:00,30019.64688675848,30034.160542222155,30007.24843754896,30020.231451850297,229
1985-12-12 01:21:00+00:00,30018.212523279726,30031.200398616144,30000.870696494218,30018.536438037023,782
1985-12-15 01:21:00+00:00,30019.677316654615,30026.588662695784,30008.982365601412,30018.1728242234,911
1985-12-18 01:21:00+00:00,30021.52462587788,30027.233125642357,30003.821947573964,30022.36087483216,870
1985-12-21 01:21:00+00:00,30022.587909312544,30032.067693863137,30011.866216234223,30022.76661294741,626
1985-12-24 01:21:00+00:00,30020.071717997227,30039.933143401187,30005.7788962888,30020.81731894545,376
1985-12-27 01:21:00+00:00,30019.815304857024,30029.277197077132,30002.92509483582,30020.989405482047,566
1985-12-30 01:21:00+00:00,30020.675637272794,30035.97158089578,30017.656265783335,30021.691893055373,445
1986-01-02 01:21:00+00:00,30020.65010517653,30030.583273266024,30019.897418754783,30020.647432664322,906
1986-01-05 01:21:00+00:00,30021.90126364536,30038.397595544007,30015.165850128928,30021.841123884285,580
1986-01-08 01:21:00+00:00,30022.46800928178,30027.811902291327,30019.018010980504,30023.347196436953,688
1986-01-11 01:21:00+00:00,30022.140578487368,30037.754684718035,30005.208303193856,30021.961423945813,778
1986-01-14 01:21:00+00:00,30020.009098276987,30022.638215116014,30006.404336662188,30021.567079925586,472
1986-01-17 01:21:00+00:00,30019.310929103198,30025.954720749167,30005.555594611295,30021.72675638155,482
1986-01-20 01:21:00+00:00,30019.76794097274,30033.56931519891,30006.3751997767,30021.51243053253,552
1986-01-23 01:21:00+00:00,30019.882294980653,30028.039321808938,30019.077598167933,30019.36333146142,138
1986-01-26 01:21:00+00:00,30020.96014214538,30031.28308629877,30019.08062173961,30020.832216307415,974
1986-01-29 01:21:00+00:00,30021.312625239003,30032.477260831296,30019.23248099265,30020.268038157632,791
1986-02-01 01:21:00+00:00,30021.517651153554,30022.027777125393,30010.862562249706,30021.671621287496,198
1986-02-04 01:21:00+00:00,30020.040453216396,30034.93812068631,30016.25053342484,30020.153053507314,582
1986-02-07 01:21:00+00:00,30020.806965660693,30036.874960303467,30011.57798213299,30021.199046201604,492
1986-02-10 01:21:00+00:00,30022.7431662281,30028.6380471468,30022.513413924167,30021.165527903668,818
1986-02-13 01:21:00+00:00,30021.44874175959,30037.10905441155,30001.720050801738,30021.213262714886,615
1986-02-16 01:21:00+00:00,30021.06474363078,30037.513389965392,30012.871295770063,30022.418808485567,259
1986-02-19 01:21:00+00:00,30019.894707782158,30024.63752054257,30006.693905243555,30020.539864839353,399
1986-02-22 01:21:00+00:00,30018.705873428113,30018.707544715722,30001.309117048062,30018.656507976386,907
1986-02-25 01:21:00+00:00,30017.51090255368,30037.341896699207,30004.797018961628,30017.337553173395,960
1986-02-28 01:21:00+00:00,30017.387086092156,30035.78553055648,30001.457216054772,30014.95520717523,602
1986-03-03 01:21:00+00:00,30016.422192834565,30036.242560684634,30006.166397057437,30016.112086495803,627
1986-03-06 01:21:00+00:00,30016.13082681635,30029.335855409685,30009.485326631384,30017.30597580103,120
1986-03-09 01:21:00+00:00,30016.765131698794,30032.00101328605,30001.27965969685,30017.27676780229,663
1986-03-12 01:21:00+00:00,30017.111931920048,30024.14027809797,30004.509832274365,30018.535540844423,802
1986-03-15 01:21:00+00:00,30013.84506365509,30021.36077003622,29998.019980934878,30015.93079877369,872
1986-03-18 01:21:00+00:00,30013.52416428485,30013.713317570157,30010.85046875383,30014.801358446304,448
1986-03-21 01:21:00+00:00,30012.794860930648,30026.203781831835,30005.068939346955,30012.80532860689,435
1986-03-24 01:21:00+00:00,30011.60508200263,30023.820815485156,30001.54459937669,30011.685258189224,396
1986-03-27 01:21:00+00:00,30011.865797646715,30022.6762674116,30006.152382725988,30014.157582600918,140
1986-03-30 01:21:00+00:00,30011.307499449555,30011.580551684387,29998.473409706316,30012.460595074448,210
1986-04-02 01:21:00+00:00,30010.148249568585,30023.110486847156,30009.17221065603,30011.34990854346,433
1986-04-05 01:21:00+00:00,30010.50877855963,30029.934393060972,29998.72184326155,30011.459173943877,762
1986-04-08 01:21:00+00:00,30009.94789810081,30027.333954594207,30003.87199537278,30009.302497423465,144
1986-04-11 01:21:00+00:00,30009.43195799204,30013.35148887083,29993.20211394432,30008.930110970712,873
1986-04-14 01:21:00+00:00,30009.091626650188,30017.62352933521,29993.281283431683,30007.223158547207,585
1986-04-17 01:21:00+00:00,30010.657016745376,30011.110825827334,29997.483915472032,30010.815564401193,549
1986-04-20 01:21:00+00:00,30011.66259074944,30030.69633361372,29992.29737879165,30011.779232839086,721
1986-04-23 01:21:00+00:00,30012.93216679756,30016.324469464835,30005.898070194096,30010.52055353229,581
1986-04-26 01:21:00+00:00,30012.885681843498,30028.258832498952,30006.872851377942,30013.12185567894,265
1986-04-29 01:21:00+00:00,30011.434961634804,30022.609102406757,29995.2718628208,30010.657471164126,327
1986-05-02 01:21:00+00:00,30010.866047203363,30028.293409046233,30002.335488516936,30010.16456381046,551
1986-05-05 01:21:00+00:00,30011.95053396093,30023.757946554033,30004.912210944578,30010.855345274766,205
1986-05-08 01:21:00+00:00,30011.24198426623,30012.97635233812,30003.800932894716,30010.61122823467,372
1986-05-11 01:21:00+00:00,30010.05476198912,30024.723421064435,30007.276924030673,30010.566973291454,114
1986-05-14 01:21:00+00:00,30009.940624905616,30012.06057858616,29996.069658036617,30009.809135451436,839
1986-05-17 01:21:00+00:00,30009.365560019978,30017.6764469549,30003.18744222976,30010.530175814358,601
1986-05-20 01:21:00+00:00,30009.012649266926,30011.186788068368,30003.056366798024,30009.28365297623,763
1986-05-23 01:21:00+00:00,30008.542861715337,30019.252939705246,29988.781840512325,30007.51915063826,944
1986-05-26 01:21:00+00:00,30009.785988549535,30018.858133986963,30006.28501464556,30009.467754948608,833
1986-05-29 01:21:00+00:00,30013.741396248966,30023.010379532232,29997.99309684542,30013.899632419605,905
1986-06-01 01:21:00+00:00,30014.943750805283,30023.461897424517,30009.738015153755,30013.56169912573,772
1986-06-04 01:21:00+00:00,30015.558806361714,30033.92450042677,30010.140950545152,30016.052259065662,578
1986-06-07 01:21:00+00:00,30016.57737525311,30025.89912681835,30004.079339963526,30016.581665615777,943
1986-06-10 01:21:00+00:00,30016.45697928747,30027.163996082934,30001.881857456483,30017.182976688655,836
1986-06-13 01:21:00+00:00,30017.27981227325,30032.174263010416,30006.368405184094,30017.31384308769,306
1986-06-16 01:21:00+00:00,30016.351723008054,30020.730622377552,30004.877460177813,30015.916645677018,699
1986-06-19 01:21:00+00:00,30017.42540940204,30024.159361857062,30016.145450108095,30019.434093167154,817
1986-06-22 01:21:00+00:00,30019.410881484004,30022.088755421675,30005.636160443188,30019.641106159455,537
1986-06-25 01:21:00+00:00,30020.149042592984,30032.809407176755,30001.83811791623,30021.878213241795,105
1986-06-28 01:21:00+00:00,30019.204698096728,30032.10990656842,30010.817028586105,30020.499758009617,945
1986-07-01 01:21:00+00:00,30019.665607403862,30023.97438337925,30011.72375734219,30018.772687399385,985
1986-07-04 01:21:00+00:00,30020.893963846152,30035.655724419117,30001.360214038796,30020.17897337831,866
1986-07-07 01:21:00+00:00,30021.20367362034,30038.94605894982,30002.11291867802,30021.440168493773,821
1986-07-10 01:21:00+00:00,30019.375519432673,30023.48305978632,30016.297544071578,30017.9835673336,921
1986-07-13 01:21:00+00:00,30020.15874507726,30021.171163555897,30001.975721674386,30019.77004324749,992
1986-07-16 01:21:00+00:00,30019.343063167005,30030.515928976016,30011.360800139762,30017.925925098953,532
1986-07-19 01:21:00+00:00,30020.253360433962,30027.4544948359,30001.86869802623,30020.019033930523,470
1986-07-22 01:21:00+00:00,30020.440110184136,30032.825258770605,30013.472130674258,30020.127959717116,778
1986-07-25 01:21:00+00:00,30022.76590145919,30029.128144933133,30013.860659200756,30022.471884518563,584
1986-07-28 01:21:00+00:00,30023.94556842345,30030.652736634675,30021.898311620425,30024.085173082927,193
1986-07-31 01:21:00+00:00,30024.09809399109,30025.78073181803,30019.771861569763,30022.98734755046,667
1986-08-03 01:21:00+00:00,30024.955643082703,30035.59637634847,30005.10729287304,30026.759639904638,666
1986-08-06 01:21:00+00:00,30024.697694473412,30040.713085745418,30010.524092688487,30022.617820928648,520
1986-08-09 01:21:00+00:00,30025.45273980863,30034.021904042926,30014.66988679244,30024.110629866085,176
1986-08-12 01:21:00+00:00,30025.81009139149,30030.46715209464,30017.35360028316,30023.98784506977,860
1986-08-15 01:21:00+00:00,30025.702303164646,30026.980073244653,30024.521027004583,30026.888993566008,749
1986-08-18 01:21:00+00:00,30025.731418000072,30031.79211214419,30022.130044466685,30026.608151756598,810
1986-08-21 01:21:00+00:00,30025.768789362864,30031.245659916145,30014.83125417401,30024.776252717227,986
1986-08-24 01:21:00+00:00,30027.50242647408,30038.1872189647,30026.02176999273,30029.60107202149,670
1986-08-27 01:21:00+00:00,30027.202052777197,30041.096350076106,30026.141345530952,30025.661504532727,863
1986-08-30 01:21:00+00:00,30027.52092359314,30036.12438263409,30008.544719428184,30027.84037089028,445
1986-09-02 01:21:00+00:00,30026.915922604003,30037.318883942935,30012.7666978625,30026.53588856369,293
1986-09-05 01:21:00+00:00,30026.477927518263,30035.388292185555,30023.570203368603,30026.751210187093,852
1986-09-08 01:21:00+00:00,30027.404124238205,30043.986869995682,30021.557183958786,30027.500282204535,106
1986-09-11 01:21:00+00:00,30028.514847528582,30045.406700233416,30017.18419318021,30028.62512425659,958
1986-09-14 01:21:00+00:00,30027.3107313763,30033.14886807508,30018.19896420324,30026.461897608777,354
1986-09-17 01:21:00+00:00,30026.64219688359,30027.149899182205,30019.277352194767,30027.426976804483,775
1986-09-20 01:21:00+00:00,30026.87654652496,30028.492067764408,30019.217028463172,30027.59885927875,182
1986-09-23 01:21:00+00:00,30027.15838708031,30042.584472634673,30021.926228779772,30028.76052971093,430
1986-09-26 01:21:00+00:00,30026.65013643143,30031.41519016678,30011.820004276648,30028.55954696236,317
1986-09-29 01:21:00+00:00,30025.8329211643,30025.9895648374,30013.527777525873,30025.897395153424,278
1986-10-02 01:21:00+00:00,30025.253464484114,30044.426520218007,30007.17745016182,30023.024468433992,356
1986-10-05 01:21:00+00:00,30027.288106213902,30045.45883873732,30012.922036468208,30027.30719482161,656
1986-10-08 01:21:00+00:00,30026.620510388824,30042.477729070593,30015.000064605218,30026.954771489523,243
1986-10-11 01:21:00+00:00,30026.23915132325,30033.390533614995,30008.64783626036,30027.710314124102,154
1986-10-14 01:21:00+00:00,30026.950398567602,30039.034940774847,30016.027996961853,30024.829197011026,233
1986-10-17 01:21:00+00:00,30026.97134116079,30032.749733027817,30018.749301983215,30025.6748661858,756
1986-10-20 01:21:00+00:00,30025.94811484135,30044.943372088637,30011.037454949284,30027.199237754478,221
1986-10-23 01:21:00+00:00,30026.87596598017,30040.338791692666,30017.934302905916,30027.706286222183,776
1986-10-26 01:21:00+00:00,30027.296727138164,30042.63853567808,30008.039704210656,30027.36402642849,153
1986-10-29 01:21:00+00:00,30028.499180790634,30047.443287422604,30016.398512355074,30028.07529026408,347
1986-11-01 01:21:00+00:00,30027.32137556177,30044.439418551316,30025.63915158335,30026.98329263963,496
1986-11-04 01:21:00+00:00,30027.27646822443,30038.99399314878,30022.144162829503,30027.656981272583,834
1986-11-07 01:21:00+00:00,30028.098482919835,30029.138997195696,30015.447108081018,30027.09342251136,855
1986-11-10 01:21:00+00:00,30029.820141577668,30033.25226181042,30023.94518414032,30028.771264070463,124
1986-11-13 01:21:00+00:00,30030.089434605965,30033.9050984698,30028.383166908934,30029.961523158927,506
1986-11-16 01:21:00+00:00,30031.981185554807,30042.391391784957,30022.92639191704,30032.36187557771,867
1986-11-19 01:21:00+00:00,30033.130186932864,30052.663694802657,30027.45551810946,30033.268179533203,653
1986-11-22 01:21:00+00:00,30033.22179039255,30048.079167961096,30030.17106298705,30032.923528029754,530
1986-11-25 01:21:00+00:00,30033.260554031454,30047.900271325925,30024.150289036792,30033.144064119613,695
1986-11-28 01:21:00+00:00,30033.59217838699,30034.783742468662,30024.098943153273,30034.256656604342,181
1986-12-01 01:21:00+00:00,30033.534564980037,30041.616833050022,30025.897376140652,30032.4233370247,480
1986-12-04 01:21:00+00:00,30033.365604618717,30035.815103707377,30014.64657089374,30033.469828957353,664
1986-12-07 01:21:00+00:00,30032.96743084721,30037.229925769254,30025.99231094954,30032.876300302247,412
1986-12-10 01:21:00+00:00,30033.403644405167,30048.54097666957,30017.752181350334,30032.544139776197,762
1986-12-13 01:21:00+00:00,30032.261273648066,30050.977635631254,30021.593375740133,30030.823400184796,852
1986-12-16 01:21:00+00:00,30031.497472609622,30050.008299556197,30022.36765173149,30030.159877558173,918
1986-12-19 01:21:00+00:00,30031.33566069433,30034.923067295014,30018.35015920381,30028.43194668333,389
1986-12-22 01:21:00+00:00,30031.780421755335,30042.915108503305,30027.080467953372,30033.196929267375,104
1986-12-25 01:21:00+00:00,30030.53875027741,30047.118417807444,30028.109634884648,30031.186583298095,762
1986-12-28 01:21:00+00:00,30030.32332705544,30041.91260517145,30017.116611739584,30031.010204088147,838
1986-12-31 01:21:00+00:00,30029.632228533974,30037.888143474185,30029.60847309526,30029.8844163756,770
1987-01-03 01:21:00+00:00,30029.902533336088,30036.698437298593,30028.94440585609,30032.223734185525,623
1987-01-06 01:21:00+00:00,30030.263316058936,30034.999776835335,30012.935123293835,30029.973689865197,790
1987-01-09 01:21:00+00:00,30029.76396733606,30034.89215723698,30019.39569022906,30029.359179824838,455
1987-01-12 01:21:00+00:00,30030.7193272091,30037.696991680194,30022.05377801325,30031.278624165578,467
1987-01-15 01:21:00+00:00,30030.788234175154,30036.795976007597,30016.53028607467,30030.223679449286,100
1987-01-18 01:21:00+00:00,30030.000022682725,30030.730474224845,30028.19609523455,30030.434113761825,751
1987-01-21 01:21:00+00:00,30030.17673006283,30038.584784741797,30017.410394746068,30029.86818846922,449
1987-01-24 01:21:00+00:00,30030.36947212941,30045.225355733077,30021.810046027975,30029.739876211304,173
1987-01-27 01:21:00+00:00,30031.526017854492,30050.399375815265,30030.57077243776,30030.62136982283,611
1987-01-30 01:21:00+00:00,30029.758671348478,30046.088153158074,30027.212772402003,30029.103805433613,427
1987-02-02 01:21:00+00:00,30030.820952717233,30044.525949922696,30013.204365545098,30029.939379898915,787
1987-02-05 01:21:00+00:00,30030.688714425985,30041.28967261391,30028.74907720177,30031.951027316376,125
1987-02-08 01:21:00+00:00,30031.862326686278,30047.654199768644,30012.914171723944,30031.621952091104,339
1987-02-11 01:21:00+00:00,30031.736917276558,30043.772666575078,30024.21866781501,30031.439420727373,949
1987-02-14 01:21:00+00:00,30033.78371354048,30033.96985880222,30025.08421460802,30032.000919532307,495
1987-02-17 01:21:00+00:00,30034.68332894977,30036.68733887007,30028.753033320976,30033.74270426096,966
1987-02-20 01:21:00+00:00,30034.77838005058,30039.271418025604,30017.21622027753,30034.71345665535,408
1987-02-23 01:21:00+00:00,30035.06426321414,30047.735864968425,30028.76243469437,30035.102853814456,296
1987-02-26 01:21:00+00:00,30033.78295574608,30036.13510686523,30020.742243991117,30033.540611351924,551
1987-03-01 01:21:00+00:00,30033.239334588514,30047.346438623932,30018.785651940143,30034.061712438343,217
1987-03-04 01:21:00+00:00,30031.171982199656,30035.794117966456,30026.563994754448,30032.08031452522,210
1987-03-07 01:21:00+00:00,30029.880905135193,30044.254213380773,30028.61464005909,30030.015293682794,476
1987-03-10 01:21:00+00:00,30029.103695044265,30032.31387034974,30021.702290231842,30028.91141685295,820
1987-03-13 01:21:00+00:00,30029.3672390583,30035.881621049695,30011.623513449835,30031.24061337027,417
1987-03-16 01:21:00+00:00,30029.753620561147,30043.137990702846,30022.21994958835,30029.395890369975,803
1987-03-19 01:21:00+00:00,30030.509466130537,30032.033853950164,30017.381729831945,30030.73226761495,354
1987-03-22 01:21:00+00:00,30029.025031579935,30039.38676707648,30011.808879893968,30028.92265324226,990
1987-03-25 01:21:00+00:00,30029.256857336874,30036.639716186924,30016.003567958483,30027.30638829536,858
1987-03-28 01:21:00+00:00,30028.432064305925,30030.2585875609,30011.49804940419,30028.0990880255,245
1987-03-31 01:21:00+00:00,30027.501986624295,30034.144288066924,30018.333854392844,30027.22384361639,796
1987-04-03 01:21:00+00:00,30028.241064132537,30038.92056070066,30011.96865940555,30028.693020414554,221
1987-04-06 01:21:00+00:00,30029.512113991663,30038.043689743554,30013.01533353909,30029.808774739293,532
1987-04-09 01:21:00+00:00,30029.81428966171,30036.45958337931,30019.261950297823,30028.988407801404,276
1987-04-12 01:21:00+00:00,30028.967159530897,30039.553880804433,30022.22358803591,30030.12092984551,135
1987-04-15 01:21:00+00:00,30028.20739168852,30036.80508788924,30015.228904196763,30026.73368526919,457
1987-04-18 01:21:00+00:00,30028.91322053397,30043.015371953046,30020.33049478505,30028.252230168808,600
1987-04-21 01:21:00+00:00,30029.691372728506,30035.595955449597,30028.33309842953,30030.25035329211,259
1987-04-24 01:21:00+00:00,30027.813504928854,30035.541959913153,30026.939056297644,30028.522752307414,125
1987-04-27 01:21:00+00:00,30027.401617749092,30035.485553822087,30009.335506037125,30027.41211351492,261
1987-04-30 01:21:00+00:00,30025.18426676359,30043.431479127798,30013.098991322357,30024.67206157554,938
1987-05-03 01:21:00+00:00,30025.884131831022,30036.14995401392,30022.96907399566,30026.860928985534,613
1987-05-06 01:21:00+00:00,30026.061146755288,30034.963847624083,30023.743783779897,30026.179478273,732
1987-05-09 01:21:00+00:00,30028.264438288654,30044.744343687846,30020.565096919123,30027.478088200744,562
1987-05-12 01:21:00+00:00,30029.952132036724,30049.177958934222,30022.626900806525,30031.049924704148,227
1987-05-15 01:21:00+00:00,30028.496023178483,30038.50632013929,30019.800197242108,30029.980210429927,703
1987-05-18 01:21:00+00:00,30029.57106162059,30033.101873868625,30026.585636333613,30028.89853966137,940
1987-05-21 01:21:00+00:00,30027.84927756459,30036.19954228129,30014.585239001848,30026.6934470703,522
1987-05-24 01:21:00+00:00,30026.578385115707,30028.70354376392,30014.863273756768,30026.728390289285,584
1987-05-27 01:21:00+00:00,30026.62862239419,30031.174928968823,30024.109517729914,30024.336017478683,214
1987-05-30 01:21:00+00:00,30026.512243407426,30040.92978023967,30008.042580659567,30026.084445951692,185
1987-06-02 01:21:00+00:00,30026.92504056279,30036.869997106736,30009.51248621751,30027.017871566484,175
1987-06-05 01:21:00+00:00,30026.945125889797,30041.37098664922,30014.14233769488,30026.88683489137,593
1987-06-08 01:21:00+00:00,30026.889186996552,30029.373458306796,30023.51041937513,30026.106671631445,616
1987-06-11 01:21:00+00:00,30027.81205435266,30044.526970282128,30013.501225737815,30026.570573369787,357
1987-06-14 01:21:00+00:00,30029.157094209506,30045.866101409425,30025.312594993826,30029.43413043602,279
1987-06-17 01:21:00+00:00,30029.074726608826,30035.227002041214,30018.172912211146,30029.572486411038,943
1987-06-20 01:21:00+00:00,30028.596061832603,30039.548496425447,30012.296118773418,30027.14996226928,704
1987-06-23 01:21:00+00:00,30027.474169594814,30040.639839345247,30010.327039775253,30027.80659140803,585
1987-06-26 01:21:00+00:00,30028.850159336438,30046.397356018224,30009.348045903316,30029.14110004839,220
1987-06-29 01:21:00+00:00,30029.080469831944,30040.698687434808,30019.020984498573,30028.871610342714,290
1987-07-02 01:21:00+00:00,30027.587927093555,30037.2057431793,30022.907061469687,30029.99592570801,745
1987-07-05 01:21:00+00:00,30027.94269712094,30040.100545138903,30022.246694175996,30026.99549571798,812
1987-07-08 01:21:00+00:00,30028.525945226414,30038.499772429153,30021.796266312635,30027.448618862156,466
1987-07-11 01:21:00+00:00,30028.092421243746,30045.497717003782,30025.900584648403,30028.05123066161,964
1987-07-14 01:21:00+00:00,30029.25552928366,30039.350541072094,30021.632859215857,30029.319497274228,664
1987-07-17 01:21:00+00:00,30028.953159271987,30038.062567185134,30011.87157837374,30030.938538140275,375
1987-07-20 01:21:00+00:00,30028.050328838315,30043.252499415405,30023.616433234973,30029.576550665202,906
1987-07-23 01:21:00+00:00,30025.857689170192,30026.612346271915,30016.121914430634,30026.124643241365,400
1987-07-26 01:21:00+00:00,30026.80046769333,30032.369415902922,30011.686041003693,30026.884140621172,196
1987-07-29 01:21:00+00:00,30026.67713167269,30038.705832451804,30017.369050170037,30027.486035691803,806
1987-08-01 01:21:00+00:00,30024.61512348836,30037.40096169612,30012.553649307294,30023.725283854503,891
1987-08-04 01:21:00+00:00,30023.707286420966,30029.988667157017,30013.052140753625,30024.31677317918,852
1987-08-07 01:21:00+00:00,30023.39218956834,30035.21396737058,30017.559356541144,30023.875738457147,384
1987-08-10 01:21:00+00:00,30023.972048525782,30028.958550320218,30004.88498604884,30024.82756138725,406
1987-08-13 01:21:00+00:00,30023.38983984923,30033.64414839753,30018.23642893608,30024.122425222908,856
1987-08-16 01:21:00+00:00,30023.695741852003,30031.664307714655,30023.425707423332,30023.659494906464,135
1987-08-19 01:21:00+00:00,30025.035966895153,30031.40587157915,30022.74824423181,30024.13248615662,127
1987-08-22 01:21:00+00:00,30025.429077526154,30035.75927435025,30020.612122132832,30023.76414598937,511
1987-08-25 01:21:00+00:00,30024.5858444337,30042.413079891834,30012.16323525995,30024.80425172037,724
1987-08-28 01:21:00+00:00,30023.153280947932,30033.14023241402,30016.683201919568,30021.731087689073,129
1987-08-31 01:21:00+00:00,30021.42597642654,30026.057361248833,30019.093343787146,30021.167065085352,993
1987-09-03 01:21:00+00:00,30021.93194573655,30040.218060044688,30007.830961741118,30021.695327334284,316
1987-09-06 01:21:00+00:00,30023.42570755874,30033.595811877225,30005.72821225975,30023.33361029249,886
1987-09-09 01:21:00+00:00,30023.4142622649,30026.797608634297,30009.130749806947,30024.046597317378,209
1987-09-12 01:21:00+00:00,30022.608608101324,30023.573044725847,30011.307490751107,30021.348262414293,845
1987-09-15 01:21:00+00:00,30022.25617261514,30030.75862500793,30009.036556094423,30021.588547100095,971
1987-09-18 01:21:00+00:00,30021.578419819456,30028.745006707886,30021.0099235606,30020.615067151335,451
1987-09-21 01:21:00+00:00,30021.65194072612,30024.17390509357,30015.30566535912,30022.667936975005,870
1987-09-24 01:21:00+00:00,30022.595550618113,30029.386862244166,30021.76408848414,30023.416972540013,432
1987-09-27 01:21:00+00:00,30023.872129687745,30025.130706533717,30008.0514020746,30024.496822574885,643
1987-09-30 01:21:00+00:00,30022.624543332266,30024.20367361323,30004.15442016469,30021.46288135573,899
1987-10-03 01:21:00+00:00,30022.800671542405,30031.241306423828,30012.618256929312,30023.458281127696,723
1987-10-06 01:21:00+00:00,30021.273156176154,30029.212189005517,30013.24644786614,30022.21015713025,857
1987-10-09 01:21:00+00:00,30020.03426162238,30032.641640412123,30000.777399314673,30020.58117107502,191
1987-10-12 01:21:00+00:00,30021.07769188092,30034.297604146024,30020.839634964537,30021.108867994117,282
1987-10-15 01:21:00+00:00,30021.026552624582,30024.591787928362,30003.26514487745,30020.679560248594,105
1987-10-18 01:21:00+00:00,30022.800173254796,30028.494114075736,30020.60333751947,30022.303704927668,849
1987-10-21 01:21:00+00:00,30022.69257349324,30034.971638118874,30004.663373891024,30022.95281754889,872
1987-10-24 01:21:00+00:00,30022.638348246353,30027.64620891816,30017.816340002908,30023.1787966204,327
1987-10-27 01:21:00+00:00,30023.97754324208,30035.440363504495,30009.316687184757,30023.10752146023,857
1987-10-30 01:21:00+00:00,30023.35093433281,30035.417370325205,30006.12661876197,30023.572597160884,690
1987-11-02 01:21:00+00:00,30023.534513689003,30039.39423951353,30003.683986687698,30023.55552643318,188
1987-11-05 01:21:00+00:00,30022.95741613828,30033.75323710238,30010.24437054806,30024.149321378838,271
1987-11-08 01:21:00+00:00,30021.959803327627,30028.52993905452,30003.440309575577,30023.521678820558,471
1987-11-11 01:21:00+00:00,30023.462977710737,30024.246632163773,30017.761631866877,30024.291022981717,337
1987-11-14 01:21:00+00:00,30024.541294857434,30033.02942815087,30020.729611117782,30023.5818702667,793
1987-11-17 01:21:00+00:00,30025.47134584269,30034.94886996852,30016.768451896824,30023.71628722082,252
1987-11-20 01:21:00+00:00,30025.011213770187,30028.429665702584,30008.334864497363,30026.246518360866,684
1987-11-23 01:21:00+00:00,30024.65225435862,30030.699705186216,30016.684870883855,30024.38612144018,388
1987-11-26 01:21:00+00:00,30025.33904170998,30043.792281955924,30006.389681080323,30026.000999820404,383
1987-11-29 01:21:00+00:00,30024.200323885023,30037.861108768,30008.44824022286,30025.864965153658,919
1987-12-02 01:21:00+00:00,30024.587909784434,30030.538708690914,30022.29773330859,30025.16999281291,620
1987-12-05 01:21:00+00:00,30025.678388010077,30032.05779425323,30022.632298165536,30026.495222735182,876
1987-12-08 01:21:00+00:00,30025.27880362223,30026.81561796849,30005.704473340054,30025.92480505996,725
1987-12-11 01:21:00+00:00,30025.59109194884,30037.74777827122,30017.153983093704,30026.570508405282,230
1987-12-14 01:21:00+00:00,30027.283041196064,30029.739774714013,30024.17963070776,30027.13105141304,187
1987-12-17 01:21:00+00:00,30029.400340850105,30043.116118362977,30028.208534418307,30028.262412305,922
1987-12-20 01:21:00+00:00,30030.03509457523,30039.3911391448,30029.325836274307,30030.4397772707,951
1987-12-23 01:21:00+00:00,30032.124578537852,30045.20740469702,30026.01824235452,30034.43696485194,864
1987-12-26 01:21:00+00:00,30033.237751329238,30033.84907521312,30023.602566560363,30033.859355671,113
1987-12-29 01:21:00+00:00,30032.882341103137,30051.65694542767,30030.27834846747,30032.37240702468,789
1988-01-01 01:21:00+00:00,30032.03350529799,30051.84201714381,30015.397860573157,30033.32907636881,664
1988-01-04 01:21:00+00:00,30032.234339474006,30043.354002027725,30029.694206012042,30031.444254636925,517
1988-01-07 01:21:00+00:00,30033.304618838407,30051.110892924677,30015.804147125433,30033.094026654402,774
1988-01-10 01:21:00+00:00,30033.929502096336,30039.851427161924,30031.676788154266,30034.45780111991,905
1988-01-13 01:21:00+00:00,30035.05812513491,30042.424624732103,30031.456290710405,30034.06382029556,514
1988-01-16 01:21:00+00:00,30036.58805768827,30053.168287416014,30031.188532406035,30036.24173671685,927
1988-01-19 01:21:00+00:00,30035.638536783932,30053.502866438495,30033.385218848536,30035.83739724572,385
1988-01-22 01:21:00+00:00,30035.356829189903,30039.775149327037,30032.534972032023,30033.583920116664,774
1988-01-25 01:21:00+00:00,30035.132379382765,30042.09455352764,30016.696080515678,30036.113638317474,173
1988-01-28 01:21:00+00:00,30036.52706702978,30047.216710386405,30035.62834476077,30036.601408273465,569
1988-01-31 01:21:00+00:00,30038.030578888545,30055.03329679542,30029.915055776444,30038.454159300112,483
1988-02-03 01:21:00+00:00,30038.295657420305,30043.16814323926,30038.055253442733,30039.599699524333,963
1988-02-06 01:21:00+00:00,30037.324681073624,30042.733212194416,30018.752245732016,30036.398015486677,279
1988-02-09 01:21:00+00:00,30038.270785412707,30047.578709270183,30029.62098506471,30037.958809299864,429
1988-02-12 01:21:00+00:00,30038.03548562463,30046.764178063822,30037.76589116201,30038.746570667863,152
1988-02-15 01:21:00+00:00,30039.373774630807,30054.85806108019,30025.1105808403,30039.43245644347,414
1988-02-18 01:21:00+00:00,30038.992467899894,30055.098959535146,30037.85666994295,30037.276021713915,799
1988-02-21 01:21:00+00:00,30039.252198743805,30049.567982189437,30024.892468121525,30039.901345494418,236
1988-02-24 01:21:00+00:00,30039.7655568488,30056.475971699027,30024.274411677718,30038.623458298924,290
1988-02-27 01:21:00+00:00,30039.48429175479,30047.12020849791,30037.492853468753,30039.98772661645,464
1988-03-01 01:21:00+00:00,30040.2364282557,30057.886510731507,30028.257565124637,30039.078475460803,600
1988-03-04 01:21:00+00:00,30039.695983060657,30059.21365544309,30020.21414095697,30039.476826852388,849
1988-03-07 01:21:00+00:00,30038.478689878397,30055.462768757137,30036.8155030279,30037.4494408587,305
1988-03-10 01:21:00+00:00,30037.712672324025,30039.17842189158,30035.155309170514,30038.581491289093,169
1988-03-13 01:21:00+00:00,30037.613130798287,30043.887939418426,30028.325045242495,30038.252362707877,304
1988-03-16 01:21:00+00:00,30037.551791643833,30039.673830401003,30026.749666374755,30038.721388652746,174
1988-03-19 01:21:00+00:00,30037.267671206162,30048.169833422136,30026.467016372524,30035.61039142629,704
1988-03-22 01:21:00+00:00,30036.855709624862,30037.594088743805,30035.133922945777,30036.277509739994,829
1988-03-25 01:21:00+00:00,30037.38769235732,30049.9172728717,30031.8464363615,30036.57166458903,823
1988-03-28 01:21:00+00:00,30038.30246989923,30057.564293080148,30026.240439946505,30037.29565626009,918
1988-03-31 01:21:00+00:00,30037.588883870696,30057.158228806875,30036.420712301522,30036.92839137835,500
1988-04-03 01:21:00+00:00,30037.176810184053,30038.441605845157,30033.22441073009,30037.89547674514,236
1988-04-06 01:21:00+00:00,30037.454910486427,30051.889530998855,30018.937324170947,30037.016587609676,353
1988-04-09 01:21:00+00:00,30036.011832972737,30050.4501347661,30029.138746736888,30036.272018448515,392
1988-04-12 01:21:00+00:00,30035.31683655745,30040.555848313736,30033.688889949433,30034.83406391456,157
1988-04-15 01:21:00+00:00,30035.162288507683,30044.641772847335,30031.825502215375,30034.895957156146,544
1988-04-18 01:21:00+00:00,30035.09451738323,30043.35608209327,30022.39534976619,30033.316595468663,508
1988-04-21 01:21:00+00:00,30034.68622497838,30047.163273754708,30030.168998399822,30035.528995053264,970
1988-04-24 01:21:00+00:00,30032.731189685503,30032.74020573962,30022.11165801385,30033.041908576415,351
1988-04-27 01:21:00+00:00,30033.2964176074,30035.80942784795,30030.13546157147,30034.035400536683,753
1988-04-30 01:21:00+00:00,30033.443777332563,30036.970853451792,30013.563804813653,30034.812030321507,134
1988-05-03 01:21:00+00:00,30033.552382253492,30051.6803795461,30017.67962614852,30033.992452132046,771
1988-05-06 01:21:00+00:00,30033.77962545222,30040.55789037563,30015.806301455585,30034.799543400044,470
1988-05-09 01:21:00+00:00,30033.4744592002,30034.500158735947,30018.08825736791,30033.41008887748,615
1988-05-12 01:21:00+00:00,30032.653747053322,30043.3747898126,30027.19640192041,30031.900060211305,668
1988-05-15 01:21:00+00:00,30033.43482477566,30047.495564259334,30024.818081651363,30033.497023229625,866
1988-05-18 01:21:00+00:00,30033.79807773998,30051.954869905025,30022.260513975645,30034.569958772638,220
1988-05-21 01:21:00+00:00,30034.09396865715,30037.45124596835,30025.427003566092,30032.666738603148,796
1988-05-24 01:21:00+00:00,30034.892291936598,30045.098573626277,30022.61619477109,30033.436927220653,806
1988-05-27 01:21:00+00:00,30034.487743392478,30044.28311510686,30018.673949473305,30034.42860492369,274
1988-05-30 01:21:00+00:00,30034.01080794993,30034.05353256068,30025.714076921344,30034.365412654297,632
1988-06-02 01:21:00+00:00,30034.867645850132,30040.788716536146,30022.371050415702,30034.425587417834,995
1988-06-05 01:21:00+00:00,30035.003959874168,30037.741037118023,30027.723565017146,30034.495419685318,755
1988-06-08 01:21:00+00:00,30035.243535922637,30052.263211205707,30028.092361364637,30033.341257846016,262
1988-06-11 01:21:00+00:00,30036.037908481343,30042.91291090078,30025.020438513584,30036.707076077262,762
1988-06-14 01:21:00+00:00,30036.79233403804,30050.602508203378,30023.714242052076,30037.70985247558,972
1988-06-17 01:21:00+00:00,30035.249326634454,30053.39520986461,30028.60119006435,30034.647187402636,692
1988-06-20 01:21:00+00:00,30033.06040008957,30049.8876020193,30028.977234658076,30033.672757432356,683
1988-06-23 01:21:00+00:00,30034.3444543519,30040.080881183916,30028.096034051665,30034.920863243362,672
1988-06-26 01:21:00+00:00,30033.14479921869,30039.43045573539,30013.82402100807,30032.731649545713,262
1988-06-29 01:21:00+00:00,30032.887112789893,30049.38647828953,30026.203400992894,30032.742807586495,565
1988-07-02 01:21:00+00:00,30033.321394792652,30036.35076254245,30023.37892917544,30034.043069156756,219
1988-07-05 01:21:00+00:00,30033.175132397355,30047.98643090408,30013.62760375954,30034.14530215655,407
1988-07-08 01:21:00+00:00,30033.988328971795,30038.154494945793,30024.536879748382,30035.774507978098,805
1988-07-11 01:21:00+00:00,30033.52528169472,30048.49434851248,30019.394789206628,30032.239036611612,134
1988-07-14 01:21:00+00:00,30034.955814817193,30050.328867322543,30024.024969757542,30034.155523245314,857
1988-07-17 01:21:00+00:00,30035.901031988386,30044.638049234658,30023.9871278756,30034.865849827187,153
1988-07-20 01:21:00+00:00,30034.878104343345,30045.718348564358,30022.632433630537,30035.050001817428,917
1988-07-23 01:21:00+00:00,30036.233987263655,30045.56843598596,30021.756843629915,30037.03481212337,968
1988-07-26 01:21:00+00:00,30037.480205194126,30056.15829458114,30036.23189585461,30038.496729193186,245
1988-07-29 01:21:00+00:00,30035.886477229433,30047.38743724801,30030.824980207628,30036.291464472102,147
1988-08-01 01:21:00+00:00,30035.00377988473,30049.379636908663,30020.00820784359,30035.147302496563,414
1988-08-04 01:21:00+00:00,30034.78601961021,30035.486860749428,30024.472872701917,30035.73566878125,913
1988-08-07 01:21:00+00:00,30035.937252156,30053.046510031752,30032.73929691217,30036.537636058674,351
1988-08-10 01:21:00+00:00,30036.16593649592,30054.96058179138,30024.240872010872,30036.368527476494,912
1988-08-13 01:21:00+00:00,30034.083365043345,30045.771533454725,30024.31452332206,30033.41669152385,833
1988-08-16 01:21:00+00:00,30035.182911448363,30052.38999830841,30020.316763545183,30035.96870517313,649
1988-08-19 01:21:00+00:00,30034.79090693104,30052.696141370732,30018.528319575,30034.368937761818,979
1988-08-22 01:21:00+00:00,30034.512065856237,30042.054454856287,30018.11031143465,30034.172437945625,324
1988-08-25 01:21:00+00:00,30034.72036383102,30051.16272099991,30025.792801369396,30034.89006137985,406
1988-08-28 01:21:00+00:00,30034.821403803802,30037.033403282217,30024.25733031977,30035.231252040754,181
1988-08-31 01:21:00+00:00,30035.00486897961,30050.306678996556,30030.558753947174,30033.384359353076,287
1988-09-03 01:21:00+00:00,30035.46603555479,30046.81900513963,30016.646357978923,30037.176394090562,367
1988-09-06 01:21:00+00:00,30036.63661802992,30042.885645217306,30017.427482898736,30036.440534453614,381
1988-09-09 01:21:00+00:00,30035.782786169697,30050.923542255096,30022.419194282105,30036.171876865086,299
1988-09-12 01:21:00+00:00,30035.5751318081,30048.25965527149,30023.711183595817,30034.88294578239,723
1988-09-15 01:21:00+00:00,30036.846393552816,30049.77632288395,30027.2786206524,30035.70960361962,119
1988-09-18 01:21:00+00:00,30037.494914914812,30040.113576182714,30023.829590363217,30037.767999276795,892
1988-09-21 01:21:00+00:00,30037.801281605112,30053.18779857913,30032.265406983228,30036.578038964646,691
1988-09-24 01:21:00+00:00,30039.523120947502,30057.639704831498,30034.632010894187,30038.419588372257,157
1988-09-27 01:21:00+00:00,30040.031468764704,30042.56267435635,30026.880130009617,30038.25791761149,892
1988-09-30 01:21:00+00:00,30039.873435225574,30055.373919746227,30035.95292271651,30040.01574638306,697
1988-10-03 01:21:00+00:00,30039.801688470823,30049.12693216817,30034.26659810807,30040.38227832451,437
1988-10-06 01:21:00+00:00,30040.33520550694,30058.20244765047,30028.527996890167,30040.860019150332,202
1988-10-09 01:21:00+00:00,30040.463073823295,30046.98374195661,30037.565505165203,30040.882205737715,520
1988-10-12 01:21:00+00:00,30039.564706322028,30039.81358907678,30021.51385816322,30039.377755969683,798
1988-10-15 01:21:00+00:00,30040.345464765716,30052.77424479728,30039.922520537148,30040.07465757671,122
1988-10-18 01:21:00+00:00,30042.25248067685,30054.70549307662,30029.54975735386,30041.150617101546,883
1988-10-21 01:21:00+00:00,30041.227078615546,30050.66055606121,30024.12292231002,30041.796510963166,141
1988-10-24 01:21:00+00:00,30040.32061857891,30058.08797198996,30039.554296476763,30040.42006020412,184
1988-10-27 01:21:00+00:00,30041.08564647114,30052.206490878656,30040.612522112137,30040.807460223456,921
1988-10-30 01:21:00+00:00,30041.60065336854,30050.721794984212,30033.837986802922,30041.42505130957,813
1988-11-02 01:21:00+00:00,30040.985376400018,30056.851154607197,30036.889408083967,30041.954120317358,706
1988-11-05 01:21:00+00:00,30044.01470396983,30063.343467733383,30033.474637728927,30045.592420068777,666
1988-11-08 01:21:00+00:00,30045.11504695157,30056.8881677795,30029.408532492947,30045.477269570398,687
1988-11-11 01:21:00+00:00,30042.96371450987,30061.483798811223,30039.491457527165,30044.359403752318,535
1988-11-14 01:21:00+00:00,30041.339359542824,30056.583195119856,30022.27732668433,30041.255372737563,797
1988-11-17 01:21:00+00:00,30040.775153905153,30041.954117667658,30028.68780928104,30039.90628224909,767
1988-11-20 01:21:00+00:00,30039.37181318648,30048.06117187181,30028.901186964744,30040.945743084303,299
1988-11-23 01:21:00+00:00,30038.637570665705,30049.522564597522,30030.66787647986,30037.831728122743,336
1988-11-26 01:21:00+00:00,30039.570667099917,30045.69036158696,30038.265479866903,30039.379517875353,310
1988-11-29 01:21:00+00:00,30039.75320974024,30051.044178794204,30022.492134210745,30038.730436540154,266
1988-12-02 01:21:00+00:00,30039.99941075851,30047.17175170528,30022.31081997304,30041.370414002107,471
1988-12-05 01:21:00+00:00,30040.596701835948,30060.18147190486,30032.997131130916,30041.191776700693,243
1988-12-08 01:21:00+00:00,30039.902121361836,30043.556952715862,30036.214765301436,30040.32925725039,878
1988-12-11 01:21:00+00:00,30041.050625656157,30051.521326269627,30039.017692012905,30041.483921808478,617
1988-12-14 01:21:00+00:00,30040.633770246935,30059.936752794565,30027.7343102526,30041.350155320473,768
1988-12-17 01:21:00+00:00,30041.12498622905,30052.456437654528,30038.68668145822,30042.357345608547,228
1988-12-20 01:21:00+00:00,30042.327081615647,30053.181458175637,30036.059561272246,30042.217897877686,346
1988-12-23 01:21:00+00:00,30042.104016553014,30047.66172038888,30036.17623981034,30042.40319039929,123
1988-12-26 01:21:00+00:00,30043.3130686677,30048.771289741955,30041.263607110646,30043.76055637304,943
1988-12-29 01:21:00+00:00,30042.16135847645,30058.863159574845,30033.788767493264,30044.15196500681,407
1989-01-01 01:21:00+00:00,30042.49034743153,30053.367070628137,30041.039877074978,30043.50988128091,285
1989-01-04 01:21:00+00:00,30043.00037762597,30059.548877233283,30039.575568331245,30042.81651280796,540
1989-01-07 01:21:00+00:00,30042.38122755605,30055.403889010937,30024.407172538777,30043.36088593772,325
1989-01-10 01:21:00+00:00,30042.780242001736,30045.980623040865,30031.569383047594,30041.899082035805,279
1989-01-13 01:21:00+00:00,30041.732357452565,30046.602169895166,30031.793269821148,30041.179444760255,369
1989-01-16 01:21:00+00:00,30040.931255097625,30052.260419934253,30034.063036514755,30040.984016767987,349
1989-01-19 01:21:00+00:00,30041.439104918074,30042.965160244148,30040.90503585137,30043.08934099963,398
1989-01-22 01:21:00+00:00,30040.304487452304,30055.844425110357,30039.97236839309,30038.303227805307,545
1989-01-25 01:21:00+00:00,30039.942847301274,30049.65101303578,30024.463454586985,30039.68943237074,360
1989-01-28 01:21:00+00:00,30040.560956683465,30046.740299025245,30038.70116357553,30041.183491320757,450
1989-01-31 01:21:00+00:00,30040.18425946527,30054.929197324254,30028.981598723367,30038.76493688406,207
1989-02-03 01:21:00+00:00,30041.473273907563,30060.24642871038,30035.430490834482,30041.3121185392,282
1989-02-06 01:21:00+00:00,30041.674109132044,30060.23601364915,30037.25535104428,30042.23414472575,664
1989-02-09 01:21:00+00:00,30040.599059196607,30058.290658340935,30027.235924873,30039.38755659688,428
1989-02-12 01:21:00+00:00,30039.49959503836,30047.756869763623,30021.71952754826,30039.158927258508,887
1989-02-15 01:21:00+00:00,30041.42305737084,30044.08356616721,30034.516477020326,30040.554102331407,448
1989-02-18 01:21:00+00:00,30041.642179202026,30049.3888219792,30026.489963568336,30042.707224770435,632
1989-02-21 01:21:00+00:00,30041.516262664478,30046.116918477706,30037.328834967782,30041.531313773805,812
1989-02-24 01:21:00+00:00,30040.834265509242,30041.76632172008,30038.655559783117,30037.86707116048,223
1989-02-27 01:21:00+00:00,30039.327419310295,30050.82938745841,30021.09641984064,30040.170599428886,799
1989-03-02 01:21:00+00:00,30040.142181587566,30057.37476386856,30034.949663294483,30039.448281385303,767
1989-03-05 01:21:00+00:00,30041.06512607364,30057.965250976198,30031.02354364878,30041.85261715922,347
1989-03-08 01:21:00+00:00,30041.53765876627,30061.371270501753,30024.082293359337,30041.06536914543,756
1989-03-11 01:21:00+00:00,30040.95222403632,30050.30543863709,30036.108723301775,30041.312969012368,351
1989-03-14 01:21:00+00:00,30039.48212838107,30057.037124627226,30039.44675077384,30040.014478899222,727
1989-03-17 01:21:00+00:00,30038.961704776742,30045.702975825894,30022.919882827253,30039.467751251726,583
1989-03-20 01:21:00+00:00,30040.12547465832,30041.732961230904,30029.20271866009,30040.815810979613,896
1989-03-23 01:21:00+00:00,30039.750274917802,30048.367434544914,30033.200818040008,30039.97661073772,824
1989-03-26 01:21:00+00:00,30038.020182518325,30051.083005242144,30018.61169279506,30039.116423726566,921
1989-03-29 01:21:00+00:00,30040.03942829576,30048.59029229324,30034.69969901776,30039.975599825717,738
1989-04-01 01:21:00+00:00,30039.480456219197,30052.743595879536,30037.862566884385,30040.64434529465,446
1989-04-04 01:21:00+00:00,30038.78618947448,30050.32564207307,30021.071820183042,30037.892773086613,635
1989-04-07 01:21:00+00:00,30037.317454704604,30048.331691987725,30024.597430647234,30035.79805394831,115
1989-04-10 01:21:00+00:00,30036.1734119877,30038.094920689877,30016.32250333841,30035.97267545012,242
1989-04-13 01:21:00+00:00,30037.04226545202,30043.36024691291,30035.835578038645,30035.19516556945,346
1989-04-16 01:21:00+00:00,30037.750643135394,30044.338308879946,30034.43131744355,30037.291470894386,931
1989-04-19 01:21:00+00:00,30036.954845199973,30037.863180675697,30018.029397596052,30037.139697009246,227
1989-04-22 01:21:00+00:00,30036.720783367666,30055.36630701853,30032.08554365512,30037.74539556739,338
1989-04-25 01:21:00+00:00,30036.540837418015,30041.78300145639,30019.873020182626,30036.52731894173,369
1989-04-28 01:21:00+00:00,30035.97482521064,30041.023758175063,30033.030224973667,30035.69176687805,755
1989-05-01 01:21:00+00:00,30035.240030562923,30051.99000616123,30027.215222338727,30035.893454748264,769
1989-05-04 01:21:00+00:00,30036.302182836116,30047.687612160396,30034.782622243012,30035.669948070794,326
1989-05-07 01:21:00+00:00,30037.11596688388,30039.480746214856,30020.25785488508,30036.695867067654,906
1989-05-10 01:21:00+00:00,30036.413035314235,30050.997190074024,30035.0206024911,30036.640824015038,722
1989-05-13 01:21:00+00:00,30036.96507928913,30039.65003886932,30024.503993605853,30037.10711968118,912
1989-05-16 01:21:00+00:00,30036.73846316245,30037.621270460386,30022.864296099568,30037.609346934492,824
1989-05-19 01:21:00+00:00,30036.50288290745,30037.110858747285,30032.640971019413,30035.642624214244,454
1989-05-22 01:21:00+00:00,30036.9776730526,30054.62509501998,30024.678105013907,30038.001422355304,374
1989-05-25 01:21:00+00:00,30035.89993812888,30047.498902834446,30019.688986047848,30034.301539046246,253
1989-05-28 01:21:00+00:00,30034.99934323145,30043.649900205794,30017.403130196155,30035.772494840487,860
1989-05-31 01:21:00+00:00,30036.438524871905,30044.547920528345,30020.77846801204,30037.625848126765,954
1989-06-03 01:21:00+00:00,30035.424204306164,30040.04411424939,30028.740579880003,30035.762641240228,811
1989-06-06 01:21:00+00:00,30037.086168948677,30037.35488026412,30019.550956548206,30035.21207721723,538
1989-06-09 01:21:00+00:00,30037.092089308746,30053.083931086305,30034.136874504733,30036.420255225512,150
1989-06-12 01:21:00+00:00,30036.792178892727,30041.85207312788,30033.676816683612,30038.29071491189,160
1989-06-15 01:21:00+00:00,30036.72380583864,30050.836960496716,30035.045468856388,30037.20231763805,148
1989-06-18 01:21:00+00:00,30035.982948203167,30053.70573600564,30023.921169002097,30035.84318971608,608
1989-06-21 01:21:00+00:00,30035.662399082517,30047.84148717796,30033.95530846138,30035.435230878455,140
1989-06-24 01:21:00+00:00,30033.022822575047,30049.740711988652,30017.86536050163,30033.75191849989,416
1989-06-27 01:21:00+00:00,30032.708852170363,30043.72598711286,30024.755646298276,30032.813098923543,206
1989-06-30 01:21:00+00:00,30031.05502311785,30039.74684875219,30018.950863690014,30032.50562618009,723
1989-07-03 01:21:00+00:00,30031.399660687348,30040.6323393334,30028.959007449983,30031.116826810292,982
1989-07-06 01:21:00+00:00,30030.661271467325,30032.50651880502,30029.135491458208,30030.946589558087,781
1989-07-09 01:21:00+00:00,30030.40958477456,30041.184901102133,30020.398813647513,30029.92488012221,137
1989-07-12 01:21:00+00:00,30030.544807168902,30040.456009349637,30028.545826581365,30031.879644090688,331
1989-07-15 01:21:00+00:00,30030.953434914136,30050.287441071763,30014.090769450526,30031.038300074306,594
1989-07-18 01:21:00+00:00,30029.279743436513,30041.261321128924,30025.18922583054,30029.237977255012,699
1989-07-21 01:21:00+00:00,30029.326338243005,30036.547396426577,30027.25870482925,30030.51487050879,243
1989-07-24 01:21:00+00:00,30028.105444637316,30033.32022529144,30025.37566022708,30029.175476803972,385
1989-07-27 01:21:00+00:00,30029.921312303122,30041.957655283557,30027.230842677673,30031.340805565378,433
1989-07-30 01:21:00+00:00,30028.137189882033,30046.228143867822,30009.003651697974,30027.988946734706,921
1989-08-02 01:21:00+00:00,30027.2710456341,30036.52223651495,30012.89330441002,30027.275260952625,679
1989-08-05 01:21:00+00:00,30025.835584688048,30031.425367018343,30006.099990639108,30025.3076685028,656
1989-08-08 01:21:00+00:00,30026.359152996032,30037.01707352354,30021.23988398842,30027.18526486946,387
1989-08-11 01:21:00+00:00,30025.786166411803,30032.133320185585,30023.86632794494,30026.792521063577,330
1989-08-14 01:21:00+00:00,30024.947675107287,30029.955737906064,30015.921024719915,30023.883132063384,339
1989-08-17 01:21:00+00:00,30025.92857878993,30034.6146457537,30012.529345936135,30024.944993079604,704
1989-08-20 01:21:00+00:00,30026.080582267212,30032.42932036689,30013.94552658222,30026.923530083208,385
1989-08-23 01:21:00+00:00,30025.619768383986,30032.82207327875,30009.780250412336,30026.257343805788,875
1989-08-26 01:21:00+00:00,30024.78242909155,30029.40329567155,30017.573900874315,30023.533786746142,754
1989-08-29 01:21:00+00:00,30024.663563868085,30040.17881639182,30011.301047667082,30024.93615485159,926
1989-09-01 01:21:00+00:00,30025.43939668043,30038.711837344712,30006.067145846115,30025.912399841967,109
1989-09-04 01:21:00+00:00,30025.06195180037,30033.50818710697,30006.1600916863,30025.792981902283,791
1989-09-07 01:21:00+00:00,30024.501434208185,30033.58595426147,30018.241508229992,30026.201176720064,624
1989-09-10 01:21:00+00:00,30025.217743407706,30040.686511857093,30017.552074025447,30026.019126874307,630
1989-09-13 01:21:00+00:00,30025.153421719544,30032.095133390347,30016.045443379167,30025.038938154266,899
1989-09-16 01:21:00+00:00,30025.28263999686,30028.14032302625,30024.36317465408,30025.862667947935,856
1989-09-19 01:21:00+00:00,30026.252778186194,30038.26927615504,30009.294452860704,30025.506720615853,916
1989-09-22 01:21:00+00:00,30025.171632060312,30043.183586583316,30010.775144266696,30026.272347618473,350
1989-09-25 01:21:00+00:00,30025.81295239819,30042.780055394833,30014.816875560577,30027.21319608649,295
1989-09-28 01:21:00+00:00,30026.04778539404,30030.840409469325,30017.21763491478,30025.379641506697,288
1989-10-01 01:21:00+00:00,30027.17644286803,30038.655926009582,30012.769988020424,30028.42027102121,407
1989-10-04 01:21:00+00:00,30027.35703818165,30027.384257526683,30009.498539265507,30026.378624697954,353
1989-10-07 01:21:00+00:00,30028.358544438892,30043.606152002474,30015.501478438153,30027.726846412774,163
1989-10-10 01:21:00+00:00,30028.247529271757,30029.59065705771,30011.81372725812,30028.15249473898,184
1989-10-13 01:21:00+00:00,30029.387898883062,30046.10881482284,30020.643293307447,30028.864277791923,272
1989-10-16 01:21:00+00:00,30028.04640405612,30042.376477331425,30022.33266025373,30028.975392621276,581
1989-10-19 01:21:00+00:00,30029.57366270888,30034.165472865512,30012.014645814223,30029.99927788184,477
1989-10-22 01:21:00+00:00,30029.919906726882,30033.710937538977,30012.330247145284,30029.62097889369,955
1989-10-25 01:21:00+00:00,30030.03711186792,30044.096608995456,30025.928271754387,30029.640673819667,627
1989-10-28 01:21:00+00:00,30030.251684543506,30037.7664217447,30017.6957954365,30029.121142993656,575
1989-10-31 01:21:00+00:00,30029.632273477604,30034.542069732463,30018.806929158392,30029.3915280312,576
1989-11-03 01:21:00+00:00,30030.087525670817,30043.619659965665,30016.46438456161,30029.20390229085,970
1989-11-06 01:21:00+00:00,30028.561447941902,30034.16552130453,30016.284280794796,30026.31203976366,171
1989-11-09 01:21:00+00:00,30026.307785599492,30035.541833853003,30014.756502854703,30025.08497419225,111
1989-11-12 01:21:00+00:00,30027.035547446954,30041.72634978907,30007.173073577105,30026.914236821332,965
1989-11-15 01:21:00+00:00,30028.24075095823,30048.04989850721,30016.405372442212,30026.866659255003,671
1989-11-18 01:21:00+00:00,30028.494783444596,30047.883074834557,30024.524893273887,30028.940557827736,742
1989-11-21 01:21:00+00:00,30026.67528976245,30043.894077704994,30007.689992605596,30027.11800098199,401
1989-11-24 01:21:00+00:00,30027.489717495835,30045.205357990988,30013.471708735986,30027.613819667604,272
1989-11-27 01:21:00+00:00,30026.621451523657,30044.788498076803,30006.77789502485,30026.245659321932,714
1989-11-30 01:21:00+00:00,30027.216769693077,30041.677201349285,30021.62838507921,30027.033164690238,910
1989-12-03 01:21:00+00:00,30027.495818996435,30041.76243385785,30021.347109021015,30026.770465591377,811
1989-12-06 01:21:00+00:00,30028.397481629607,30030.695087218235,30014.508464411676,30026.582788502015,704
1989-12-09 01:21:00+00:00,30029.186710483005,30041.93759486841,30026.09634060561,30029.260260724997,359
1989-12-12 01:21:00+00:00,30029.10975266898,30032.525791913722,30021.657772582308,30027.84762913592,797
1989-12-15 01:21:00+00:00,30029.29113970194,30029.68703636085,30010.606211676008,30030.760477591368,480
1989-12-18 01:21:00+00:00,30030.554507938257,30035.254591859084,30020.20095782048,30030.99186445422,886
1989-12-21 01:21:00+00:00,30032.42590863563,30037.75496860058,30027.715876346076,30033.14571809121,318
1989-12-24 01:21:00+00:00,30033.050279158888,30045.45304682056,30014.033371120353,30033.80631743226,594
1989-12-27 01:21:00+00:00,30031.067636480842,30048.104885765322,30023.68821745737,30029.894453729954,303
1989-12-30 01:21:00+00:00,30031.297136691428,30044.018260913,30021.713804260078,30031.88560582218,628
1990-01-02 01:21:00+00:00,30031.32043304174,30044.8065466338,30019.070210255053,30031.907732681782,338
1990-01-05 01:21:00+00:00,30031.110941299088,30037.45336387613,30030.96584667613,30030.60099438118,443
1990-01-08 01:21:00+00:00,30031.36493150728,30046.485550966274,30013.92702830292,30030.535131648085,739
1990-01-11 01:21:00+00:00,30031.046268382415,30033.964986565814,30020.712641031558,30030.58285976206,682
1990-01-14 01:21:00+00:00,30030.59439654487,30041.531313463758,30021.131677378162,30032.424039476962,941
1990-01-17 01:21:00+00:00,30030.242920146055,30031.81127073239,30029.242689440995,30030.15595586081,897
1990-01-20 01:21:00+00:00,30031.02938965516,30038.97440067675,30017.42160018545,30030.486282054637,749
1990-01-23 01:21:00+00:00,30030.482661453065,30047.571666481428,30016.10788099021,30029.967663772364,620
1990-01-26 01:21:00+00:00,30030.479396880313,30045.152868795147,30018.41605924126,30031.450775913123,343
1990-01-29 01:21:00+00:00,30029.416177651776,30035.654410907515,30010.431616423775,30029.719732323007,314
1990-02-01 01:21:00+00:00,30030.427843199595,30040.858232143568,30027.902580431277,30030.610104115665,666
1990-02-04 01:21:00+00:00,30030.79921012836,30042.876018965308,30012.377223163963,30031.280397293896,489
1990-02-07 01:21:00+00:00,30031.012749444762,30041.695879342347,30018.571913170716,30029.75855500644,110
1990-02-10 01:21:00+00:00,30031.11876356322,30038.69362769448,30018.95276284099,30033.271918059916,935
1990-02-13 01:21:00+00:00,30030.774594197774,30031.245720322673,30025.075934655568,30029.63651044968,654
1990-02-16 01:21:00+00:00,30031.856786035696,30050.8048302549,30017.06519664154,30032.740047534844,700
1990-02-19 01:21:00+00:00,30033.892648523528,30035.703071648382,30030.134543848224,30033.539565564726,307
1990-02-22 01:21:00+00:00,30032.830495538667,30037.658406756276,30031.056714321145,30032.598113330158,832
1990-02-25 01:21:00+00:00,30033.39310524686,30052.929732409044,30031.837488803474,30033.9587990145,292
1990-02-28 01:21:00+00:00,30032.487232963707,30047.156738975485,30032.266966507086,30030.950884390924,770
1990-03-03 01:21:00+00:00,30032.604028139205,30042.011098506784,30020.390173085463,30032.815188599143,254
1990-03-06 01:21:00+00:00,30032.7867664672,30038.32570981004,30019.95144982425,30034.026881519363,837
1990-03-09 01:21:00+00:00,30030.905393140332,30041.314435528537,30019.475894523603,30030.694984733007,562
1990-03-12 01:21:00+00:00,30030.426477010125,30037.12564179844,30011.96257282632,30029.797348754677,505
1990-03-15 01:21:00+00:00,30031.93075181978,30049.31572568737,30029.049564375775,30031.00715166791,581
1990-03-18 01:21:00+00:00,30033.98322806327,30048.54440353768,30028.9675322035,30033.28952147267,108
1990-03-21 01:21:00+00:00,30033.995838588813,30035.61016283034,30032.217682373124,30034.11753080187,876
1990-03-24 01:21:00+00:00,30035.617631817702,30051.273326206043,30032.55522775668,30033.066949015018,844
1990-03-27 01:21:00+00:00,30034.183910753134,30052.20708753159,30014.82423619074,30034.496027080404,121
1990-03-30 01:21:00+00:00,30035.24448196277,30042.95650417078,30026.143150583728,30036.38698977944,805
1990-04-02 01:21:00+00:00,30035.259066568426,30038.12911457386,30022.096725289444,30036.411398936616,740
1990-04-05 01:21:00+00:00,30035.636038299042,30039.644122871287,30025.849574143325,30034.39569702106,183
1990-04-08 01:21:00+00:00,30035.782569545165,30044.844114770396,30022.156651260328,30035.567987030332,479
1990-04-11 01:21:00+00:00,30034.436222278084,30039.35675954265,30014.688659327603,30033.90465928895,364
1990-04-14 01:21:00+00:00,30035.32725131657,30053.57553040841,30028.621898780948,30038.333287162746,139
1990-04-17 01:21:00+00:00,30034.754826568365,30048.47896613043,30015.64127925844,30034.223904770133,851
1990-04-20 01:21:00+00:00,30033.91991805916,30035.51398003134,30023.128112362592,30034.21118038305,569
1990-04-23 01:21:00+00:00,30033.263953709462,30038.175291359687,30024.091002765832,30033.446793216437,284
1990-04-26 01:21:00+00:00,30032.480717750626,30034.01427901531,30019.814492741894,30032.911767277084,341
1990-04-29 01:21:00+00:00,30032.724371009353,30038.953790456446,30019.121981039287,30032.07957093883,879
1990-05-02 01:21:00+00:00,30032.349995620567,30044.41386802086,30017.27927302242,30032.43812035135,977
1990-05-05 01:21:00+00:00,30032.230928353638,30042.590752484,30018.003255587228,30033.327702903007,203
1990-05-08 01:21:00+00:00,30032.20031339885,30038.2468673876,30030.24861970434,30033.053904882825,290
1990-05-11 01:21:00+00:00,30032.464860694545,30046.794655611593,30024.18973349139,30033.900018076114,566
1990-05-14 01:21:00+00:00,30032.52952787781,30042.288138935877,30027.088524687726,30033.60509860395,480
1990-05-17 01:21:00+00:00,30033.23551056942,30033.72949843278,30025.34319075346,30033.336638241522,510
1990-05-20 01:21:00+00:00,30033.219977747485,30040.607467699792,30017.3959501399,30032.85785344705,577
1990-05-23 01:21:00+00:00,30032.45116923382,30032.839532212656,30031.79070965401,30031.344617928,529
1990-05-26 01:21:00+00:00,30032.883536667825,30043.603963157355,30018.445784064526,30033.492443114865,143
1990-05-29 01:21:00+00:00,30032.76646206523,30033.722373150107,30014.182271751433,30033.491271955663,396
1990-06-01 01:21:00+00:00,30032.712433517445,30033.413998232027,30015.319315310127,30031.597073522164,530
1990-06-04 01:21:00+00:00,30032.23256728649,30039.488151572164,30019.73659982184,30031.37375752463,528
1990-06-07 01:21:00+00:00,30032.204325451476,30046.98715754858,30023.693211536072,30030.454065634716,845
1990-06-10 01:21:00+00:00,30030.757351267348,30038.585314336917,30014.810497770726,30029.332739309197,110
1990-06-13 01:21:00+00:00,30030.778248624873,30040.476330099955,30024.68561304658,30032.878046008293,222
1990-06-16 01:21:00+00:00,30031.153356811606,30034.499954976458,30019.131742396432,30029.50443238986,754
1990-06-19 01:21:00+00:00,30029.59755159541,30037.578699490106,30023.89342738208,30030.699882810575,151
1990-06-22 01:21:00+00:00,30030.340941616578,30037.167891011482,30027.483450025476,30030.359337875212,832
1990-06-25 01:21:00+00:00,30030.13160308984,30044.17382380433,30016.43401853995,30029.78994655267,967
1990-06-28 01:21:00+00:00,30030.588151189233,30037.906292303887,30011.296942282825,30030.686698834423,290
1990-07-01 01:21:00+00:00,30031.075655212895,30049.347873163515,30025.684509578306,30030.1738326192,551
1990-07-04 01:21:00+00:00,30030.877415621268,30040.4534175495,30026.791608283525,30031.0276056018,741
1990-07-07 01:21:00+00:00,30032.305103166873,30040.485623811826,30014.745936347772,30031.706249538594,750
1990-07-10 01:21:00+00:00,30033.273439739613,30035.35511464612,30030.352013453634,30033.278869681228,605
1990-07-13 01:21:00+00:00,30033.404567382633,30035.57683185225,30021.01092536933,30032.452587123535,336
1990-07-16 01:21:00+00:00,30034.51999163985,30038.764387882908,30025.487377005153,30034.811270295886,113
1990-07-19 01:21:00+00:00,30032.99904285548,30049.527202320085,30022.522313697016,30033.448164258167,855
1990-07-22 01:21:00+00:00,30032.333580249153,30043.53260476047,30017.502551936028,30032.55366845859,396
1990-07-25 01:21:00+00:00,30033.800621242714,30045.850656017854,30022.170385856647,30036.72832074107,457
1990-07-28 01:21:00+00:00,30032.563870045655,30036.763401237553,30019.72372078873,30032.880248967806,235
1990-07-31 01:21:00+00:00,30031.612787260005,30050.41336979966,30015.91095482409,30031.229012026746,617
1990-08-03 01:21:00+00:00,30032.300408861764,30050.366858921527,30018.416918278443,30032.01380432277,422
1990-08-06 01:21:00+00:00,30033.849477387903,30049.93637610162,30024.60886485756,30034.646768200895,585
1990-08-09 01:21:00+00:00,30033.61232834944,30042.02099677907,30019.0148804269,30035.086969615124,406
1990-08-12 01:21:00+00:00,30031.178926290115,30050.6401574882,30012.661115472078,30031.631374542823,297
1990-08-15 01:21:00+00:00,30029.948030206993,30049.678504567426,30013.555941988867,30029.28001978608,719
1990-08-18 01:21:00+00:00,30028.870927118114,30031.79567338708,30026.70537650339,30027.611834827174,757
1990-08-21 01:21:00+00:00,30029.272588658394,30033.315330761914,30016.888353774644,30027.97504969325,486
1990-08-24 01:21:00+00:00,30029.57679065251,30040.102925731982,30011.876391086407,30029.903210175824,728
1990-08-27 01:21:00+00:00,30029.169104576587,30032.811612210106,30016.267500453036,30028.792108625203,755
1990-08-30 01:21:00+00:00,30030.395598004103,30041.843763725512,30019.756295006133,30028.806904499637,820
1990-09-02 01:21:00+00:00,30031.839864912134,30039.834010180766,30014.00332134547,30031.655867290134,306
1990-09-05 01:21:00+00:00,30029.938636553867,30031.755128588913,30024.807907935072,30030.02530967496,635
1990-09-08 01:21:00+00:00,30029.385899418077,30041.726234932445,30014.951660032883,30028.9559768988,696
1990-09-11 01:21:00+00:00,30029.17687615762,30029.249234030394,30018.734135334773,30030.132052817567,710
1990-09-14 01:21:00+00:00,30029.44493680383,30034.767023728433,30027.758362402983,30029.205330040106,637
1990-09-17 01:21:00+00:00,30029.0160035244,30038.38919163811,30017.070800955167,30027.48615906046,801
1990-09-20 01:21:00+00:00,30028.52565121973,30047.144439559394,30013.683848777975,30027.25181100747,984
1990-09-23 01:21:00+00:00,30029.799961325916,30045.160125202547,30012.253894347465,30027.643109483288,182
1990-09-26 01:21:00+00:00,30031.530522404802,30034.817821729543,30017.550593761724,30030.615161379716,876
1990-09-29 01:21:00+00:00,30030.90939175737,30047.71103544164,30027.932004456135,30032.610960502385,384
1990-10-02 01:21:00+00:00,30030.00889513405,30040.863811347004,30020.14674332862,30029.90728301992,316
1990-10-05 01:21:00+00:00,30029.510202412126,30036.179236858472,30019.426962519945,30029.446977602773,458
1990-10-08 01:21:00+00:00,30028.837885304092,30047.386751163132,30011.67685389397,30029.843221457955,634
1990-10-11 01:21:00+00:00,30030.943676238716,30041.455401158753,30027.663912415952,30030.09488412445,806
1990-10-14 01:21:00+00:00,30029.528704060664,30031.84856822354,30025.916163305126,30027.524904254286,709
1990-10-17 01:21:00+00:00,30031.38416960468,30033.174349696434,30023.224709488757,30032.479219520283,215
1990-10-20 01:21:00+00:00,30031.053348145237,30033.388390252778,30017.275980033544,30031.812579214944,161
1990-10-23 01:21:00+00:00,30031.764668661686,30037.45850433402,30030.075085312565,30032.271554535142,824
1990-10-26 01:21:00+00:00,30030.688070465872,30036.911357764828,30011.716846980096,30030.19697109032,311
1990-10-29 01:21:00+00:00,30030.851969539377,30035.985370571238,30026.80494892951,30032.244822453853,665
1990-11-01 01:21:00+00:00,30030.68467035471,30048.49824847745,30027.39315777047,30031.7379378503,263
1990-11-04 01:21:00+00:00,30030.904423384032,30046.95733380188,30029.98852902058,30029.86569370422,177
1990-11-07 01:21:00+00:00,30030.005501292806,30034.047579879123,30020.918852144117,30031.256375056768,882
1990-11-10 01:21:00+00:00,30030.432160735003,30040.501867310297,30026.145763117027,30031.215972182898,891
1990-11-13 01:21:00+00:00,30029.067661499674,30046.471139155434,30012.189682138727,30029.803588338516,286
1990-11-16 01:21:00+00:00,30029.789551218084,30042.741850305538,30018.03030682218,30029.6938670623,251
1990-11-19 01:21:00+00:00,30031.618987020713,30050.13561386252,30017.0997381213,30029.778474268485,598
1990-11-22 01:21:00+00:00,30030.851075948456,30031.757021599493,30027.102055738236,30031.282386882674,205
1990-11-25 01:21:00+00:00,30030.917008482105,30035.373771731152,30030.045310811176,30028.773918546376,470
1990-11-28 01:21:00+00:00,30030.97472350718,30031.90665514004,30015.16551264714,30029.676217404412,964
1990-12-01 01:21:00+00:00,30031.211485836142,30038.40835713672,30029.790059885167,30032.788226831828,946
1990-12-04 01:21:00+00:00,30032.486795257657,30049.303081454687,30013.854035433735,30033.191168135967,501
1990-12-07 01:21:00+00:00,30031.798761313086,30049.436360097865,30023.46509151444,30031.349365850496,584
1990-12-10 01:21:00+00:00,30031.005115939188,30050.283956954787,30013.680058051883,30032.459118640956,556
1990-12-13 01:21:00+00:00,30031.884901746955,30041.356992097357,30030.471492418237,30033.869046720552,967
1990-12-16 01:21:00+00:00,30032.129747850926,30035.85473806514,30030.075082183655,30031.453473562295,769
1990-12-19 01:21:00+00:00,30032.685930681575,30049.549945463023,30013.8283266227,30033.334103839334,299
1990-12-22 01:21:00+00:00,30033.555043190885,30049.5909702722,30029.54229582617,30033.47549283486,119
1990-12-25 01:21:00+00:00,30030.849777502364,30048.95028928769,30020.32755897823,30033.04062293182,933
1990-12-28 01:21:00+00:00,30030.897305329665,30047.565597439207,30026.450042354252,30031.700214958833,922
1990-12-31 01:21:00+00:00,30030.09226999595,30043.535808666245,30017.031008640846,30028.882347081162,894
1991-01-03 01:21:00+00:00,30030.985115924766,30040.151959511953,30030.70069925328,30030.915049612926,217
1991-01-06 01:21:00+00:00,30029.29887627607,30035.193447365764,30022.857845106584,30028.928958706154,543
1991-01-09 01:21:00+00:00,30028.40524983156,30041.043862737442,30022.445173249693,30028.134385473233,851
1991-01-12 01:21:00+00:00,30027.04053128869,30031.896036258542,30025.606304633915,30027.608670694655,848
1991-01-15 01:21:00+00:00,30025.726485491206,30030.289208743085,30016.38468672762,30023.7296264939,623
1991-01-18 01:21:00+00:00,30025.709105017337,30027.482972009206,30013.44892449401,30025.824378113146,321
1991-01-21 01:21:00+00:00,30027.362173971695,30046.601208169242,30020.195608821014,30027.26949960438,795
1991-01-24 01:21:00+00:00,30027.0644687906,30041.004822322906,30009.098107589605,30026.540938139107,889
1991-01-27 01:21:00+00:00,30026.18017992447,30031.532541353296,30016.427009841525,30024.46558435647,230
1991-01-30 01:21:00+00:00,30025.433093584008,30038.468653079955,30017.943678268686,30024.752524633157,609
1991-02-02 01:21:00+00:00,30025.439045285446,30030.93807423905,30010.69262548271,30024.5987149087,485
1991-02-05 01:21:00+00:00,30024.19192191767,30027.268568495052,30024.054457433107,30023.23123118203,908
1991-02-08 01:21:00+00:00,30024.12964406625,30031.60447706516,30018.01160511796,30024.25775183539,518
1991-02-11 01:21:00+00:00,30024.61085919763,30039.47469149836,30007.506223230925,30024.568845518912,910
1991-02-14 01:21:00+00:00,30025.164522270334,30040.59716051765,30015.554155017646,30024.10072410539,263
1991-02-17 01:21:00+00:00,30024.828860991685,30028.207637490767,30015.306788131722,30025.234820124748,990
1991-02-20 01:21:00+00:00,30024.19309882555,30026.742644084916,30010.376718835505,30024.159833680216,594
1991-02-23 01:21:00+00:00,30023.374200406328,30030.721771700795,30023.184633037552,30024.0837409892,620
1991-02-26 01:21:00+00:00,30023.604343906034,30035.908040983737,30010.05891256711,30022.284492056027,296
1991-03-01 01:21:00+00:00,30022.608242820417,30036.677162182394,30013.41588252889,30022.741731554626,703
1991-03-04 01:21:00+00:00,30024.225072216643,30040.324822009778,30010.173890777594,30024.23016530997,428
1991-03-07 01:21:00+00:00,30023.902929109256,30035.950666038607,30005.134264559812,30024.7249485504,272
1991-03-10 01:21:00+00:00,30024.116957661154,30041.19389922655,30012.730830942983,30025.03409858203,549
1991-03-13 01:21:00+00:00,30023.924112532983,30033.49013026866,30023.17013104317,30023.918117147903,331
1991-03-16 01:21:00+00:00,30024.279387319835,30029.155644971765,30015.759219202595,30024.06622924112,680
1991-03-19 01:21:00+00:00,30024.412080985803,30041.45100322704,30020.646842475908,30022.65735272195,620
1991-03-22 01:21:00+00:00,30021.28534029257,30027.136402006912,30005.596278007768,30019.361854423492,505
1991-03-25 01:21:00+00:00,30021.654868136473,30039.512729947877,30003.621923855797,30023.18630859874,914
1991-03-28 01:21:00+00:00,30021.256534275395,30040.72209707256,30002.916698063527,30020.95503101405,173
1991-03-31 01:21:00+00:00,30021.574131382116,30033.01376746195,30017.524558528174,30021.99421306006,432
1991-04-03 01:21:00+00:00,30022.901381357067,30041.20332719509,30004.118362217298,30022.9488328285,662
1991-04-06 01:21:00+00:00,30022.798642054786,30040.97338166808,30013.798449622413,30022.238076122103,192
1991-04-09 01:21:00+00:00,30021.33541154592,30036.858740252672,30002.909818864613,30022.74855032367,308
1991-04-12 01:21:00+00:00,30020.58443120562,30021.14931688022,30015.33676515473,30021.15721884898,561
1991-04-15 01:21:00+00:00,30022.15642584187,30024.989478308304,30004.661207175075,30021.175757823286,736
1991-04-18 01:21:00+00:00,30021.414837061096,30023.533078222477,30008.21939680696,30020.59005612034,352
1991-04-21 01:21:00+00:00,30021.826391451366,30029.86830828488,30015.4824618819,30023.11254377362,323
1991-04-24 01:21:00+00:00,30021.76222195339,30033.56272456381,30009.766456853504,30022.162004730213,944
1991-04-27 01:21:00+00:00,30021.81792317989,30041.75130692042,30020.27848340732,30020.429541172372,173
1991-04-30 01:21:00+00:00,30022.805032466516,30023.35047973808,30017.217225287546,30023.23628556174,823
1991-05-03 01:21:00+00:00,30022.674415993944,30034.393440985175,30011.87701083051,30024.454960512176,147
1991-05-06 01:21:00+00:00,30023.32422660653,30033.266132385634,30004.73425279784,30024.342121971666,665
1991-05-09 01:21:00+00:00,30024.489860140442,30035.9210646756,30017.403928889737,30025.52241511239,955
1991-05-12 01:21:00+00:00,30024.196037058315,30042.93973981888,30008.476254561698,30024.883424576343,734
1991-05-15 01:21:00+00:00,30024.29103450278,30038.105268511925,30013.009919895336,30023.498709530013,662
1991-05-18 01:21:00+00:00,30025.71108034564,30040.26819946279,30007.16882555305,30025.339628585694,747
1991-05-21 01:21:00+00:00,30026.62045218673,30044.768769325092,30019.281025389948,30025.774768612268,758
1991-05-24 01:21:00+00:00,30026.64964947651,30044.41820619338,30017.358070649687,30025.77179502983,187
1991-05-27 01:21:00+00:00,30027.7448058445,30038.42357651178,30026.254864039332,30028.598940058244,869
1991-05-30 01:21:00+00:00,30025.760785305327,30045.28012853405,30018.016347232187,30026.141368532164,794
1991-06-02 01:21:00+00:00,30025.095054341204,30028.054750339867,30007.169045113747,30025.46974741976,979
1991-06-05 01:21:00+00:00,30024.86025345683,30035.291500044696,30016.9530063794,30025.357140837867,839
1991-06-08 01:21:00+00:00,30025.005258589856,30037.217360146733,30023.242374216123,30025.27193392622,343
1991-06-11 01:21:00+00:00,30024.939223846282,30026.11539004694,30012.66572832751,30024.000100295267,579
1991-06-14 01:21:00+00:00,30023.97966572883,30043.772852226608,30012.7173545562,30021.800059382178,413
1991-06-17 01:21:00+00:00,30025.03086710482,30035.68221528489,30023.87211584631,30026.74759869109,930
1991-06-20 01:21:00+00:00,30025.697235093765,30026.184120154892,30008.728462134637,30025.943074971296,983
1991-06-23 01:21:00+00:00,30024.710157730813,30026.759356986335,30021.92972455422,30025.090729372787,171
1991-06-26 01:21:00+00:00,30024.333943561323,30032.200540853253,30008.513515316376,30023.64286011415,146
1991-06-29 01:21:00+00:00,30023.18345804939,30032.780256504473,30006.829903548547,30023.502074615415,354
1991-07-02 01:21:00+00:00,30023.77601612793,30026.834210028712,30014.788930935236,30024.170664814734,722
1991-07-05 01:21:00+00:00,30025.465878648043,30027.623441591422,30016.64053468138,30025.268493636402,392
1991-07-08 01:21:00+00:00,30025.21337065166,30044.423403095436,30008.698516092918,30023.627117312397,539
1991-07-11 01:21:00+00:00,30026.352983756646,30037.916020295266,30020.94734760825,30028.0770018928,862
1991-07-14 01:21:00+00:00,30026.282367913358,30027.362178238796,30011.009238877014,30026.260070256772,304
1991-07-17 01:21:00+00:00,30025.906443182965,30040.867646081235,30011.864536381876,30024.934383122996,255
1991-07-20 01:21:00+00:00,30026.313934503265,30042.401345434275,30013.2340956919,30026.997568038234,348
1991-07-23 01:21:00+00:00,30027.938578810998,30035.133881550904,30012.896218900256,30027.81866545824,182
1991-07-26 01:21:00+00:00,30027.884057046413,30036.39276938819,30009.70680389924,30026.138095934682,473
1991-07-29 01:21:00+00:00,30027.065972540087,30033.756329551292,30011.862195987578,30026.669647220544,818
1991-08-01 01:21:00+00:00,30028.01905700128,30044.59128387054,30017.326442415364,30027.537634888125,760
1991-08-04 01:21:00+00:00,30027.420751734488,30043.6353405878,30012.174886009874,30025.806269996843,102
1991-08-07 01:21:00+00:00,30028.344120891605,30040.488854034582,30010.72197858965,30028.440157179764,943
1991-08-10 01:21:00+00:00,30029.1960082968,30037.763006987105,30023.489489992575,30028.12494292881,755
1991-08-13 01:21:00+00:00,30029.997607274396,30032.283577225593,30018.10545873355,30031.26614453366,124
1991-08-16 01:21:00+00:00,30029.550083570677,30049.16750310226,30014.686889967532,30030.394615216803,266
1991-08-19 01:21:00+00:00,30029.742634026614,30040.380705957636,30025.972167235323,30028.54345645442,621
1991-08-22 01:21:00+00:00,30028.36427732624,30040.265667725205,30026.945711815424,30027.5081301568,550
1991-08-25 01:21:00+00:00,30028.910527917174,30035.95131401595,30011.399121375114,30027.514559306284,224
1991-08-28 01:21:00+00:00,30029.215573990194,30039.481854186673,30018.104285178404,30028.640176945042,723
1991-08-31 01:21:00+00:00,30028.94299783143,30034.47975246346,30018.856555439543,30028.226131272233,253
1991-09-03 01:21:00+00:00,30028.08403265607,30043.831322545517,30011.6071357292,30026.884148907313,905
1991-09-06 01:21:00+00:00,30026.706499316504,30037.39376419275,30010.05470171138,30026.93221977728,634
1991-09-09 01:21:00+00:00,30027.361274279512,30029.463956285774,30014.57206279291,30026.65994940175,780
1991-09-12 01:21:00+00:00,30028.77782607445,30043.480803676066,30026.13482560702,30029.859553533766,871
1991-09-15 01:21:00+00:00,30028.489099975028,30033.320289028143,30028.067519007356,30029.91032622887,598
1991-09-18 01:21:00+00:00,30028.18003891588,30047.910201752748,30028.139301711668,30028.691974679437,278
1991-09-21 01:21:00+00:00,30027.103885754153,30033.293201168795,30013.82007131825,30025.995822532488,443
1991-09-24 01:21:00+00:00,30025.584830819636,30029.187030402754,30018.091656433808,30027.03795225098,416
1991-09-27 01:21:00+00:00,30026.184740388922,30044.421649225733,30016.079365761052,30027.158583608012,393
1991-09-30 01:21:00+00:00,30025.047836314156,30031.344008368986,30022.261836945603,30024.496966486007,766
1991-10-03 01:21:00+00:00,30024.75947755662,30027.52096971943,30009.286279689,30025.084633067527,239
1991-10-06 01:21:00+00:00,30026.047245795864,30027.346401820017,30010.8611550826,30026.632702859242,442
1991-10-09 01:21:00+00:00,30025.81696980207,30038.26384007169,30016.723398612205,30024.478306711626,741
1991-10-12 01:21:00+00:00,30024.62846345753,30042.06012870225,30018.58313713916,30022.588062020204,677
1991-10-15 01:21:00+00:00,30023.06313482697,30038.548397294653,30014.583057328517,30023.08626883231,689
1991-10-18 01:21:00+00:00,30024.195866727103,30035.03384275003,30012.664264294115,30026.434865132127,333
1991-10-21 01:21:00+00:00,30024.738518191385,30029.69240402604,30021.459475887765,30024.42219114015,499
1991-10-24 01:21:00+00:00,30024.083101022676,30025.72690848197,30023.878429406996,30023.922566018322,477
1991-10-27 01:21:00+00:00,30022.64626847636,30026.569458255257,30016.177628303405,30023.02972826667,458
1991-10-30 01:21:00+00:00,30019.685061076627,30029.96413886671,30017.05528832507,30018.615612195295,512
1991-11-02 01:21:00+00:00,30020.44649198987,30025.398931319978,30016.392408534903,30020.80565423129,224
1991-11-05 01:21:00+00:00,30020.996463207775,30024.899900682332,30018.066389406315,30020.85494932162,547
1991-11-08 01:21:00+00:00,30020.27019904492,30021.327408932444,30004.525491172713,30019.750763141365,611
1991-11-11 01:21:00+00:00,30019.68651024194,30023.4735774428,30006.082837046357,30021.524323676153,155
1991-11-14 01:21:00+00:00,30018.967511310126,30038.89344204222,30000.16529375462,30019.347601543745,246
1991-11-17 01:21:00+00:00,30018.630070614458,30024.230705136477,30014.81694326936,30020.34875639205,446
1991-11-20 01:21:00+00:00,30017.429092088354,30027.0091514004,30015.922799985055,30019.060280555284,336
1991-11-23 01:21:00+00:00,30017.439580128914,30025.28724746812,30000.84848042117,30018.50619648987,769
1991-11-26 01:21:00+00:00,30017.482337704,30036.782641247333,30015.75943916793,30018.43331592404,911
1991-11-29 01:21:00+00:00,30017.292776257902,30035.87904293353,30007.32500440599,30018.490404882905,540
1991-12-02 01:21:00+00:00,30015.733920901715,30026.4071137293,30008.73266961207,30015.942445073324,796
1991-12-05 01:21:00+00:00,30015.751528629782,30017.3035093395,30005.8714932902,30015.346491011962,421
1991-12-08 01:21:00+00:00,30014.045114959124,30032.390168407575,30007.195732106906,30013.729702985973,383
1991-12-11 01:21:00+00:00,30013.768190099134,30022.12890032096,30008.412388099427,30012.90884526345,881
1991-12-14 01:21:00+00:00,30013.24528285255,30031.789322342203,30003.06219371775,30012.13330489902,789
1991-12-17 01:21:00+00:00,30013.46501557888,30013.55400312594,30011.41019296748,30013.57415242194,247
1991-12-20 01:21:00+00:00,30012.331691879208,30023.324079008606,30010.857503964955,30013.925738663238,815
1991-12-23 01:21:00+00:00,30012.0140566926,30020.3808666258,30003.432748055697,30011.6268469259,638
1991-12-26 01:21:00+00:00,30012.478816778497,30028.093335534933,30010.613107034715,30013.198291068915,766
1991-12-29 01:21:00+00:00,30013.86091542565,30028.14977399077,29995.16852015263,30013.561297758097,662
1992-01-01 01:21:00+00:00,30014.072462875592,30018.7309573902,30010.031973345118,30013.898254234038,899
1992-01-04 01:21:00+00:00,30013.955562777268,30030.955404773544,30007.727877159563,30014.734101231716,262
1992-01-07 01:21:00+00:00,30013.089632655647,30025.368710233786,29993.616299671023,30013.236141830064,647
1992-01-10 01:21:00+00:00,30012.440905982476,30028.003537021566,30002.872869962364,30012.48928872115,505
1992-01-13 01:21:00+00:00,30012.47903250109,30022.33818195221,29993.154553292843,30010.838745334644,648
1992-01-16 01:21:00+00:00,30013.136227012343,30024.52630520345,30003.73864277507,30014.049173713607,377
1992-01-19 01:21:00+00:00,30014.29414298523,30031.23521556164,29999.21411815935,30014.482998536783,476
1992-01-22 01:21:00+00:00,30015.731101352394,30021.91719115242,29997.229240925088,30016.69423657978,427
1992-01-25 01:21:00+00:00,30014.55258502798,30027.0124472749,29996.418734587034,30014.35372217312,881
1992-01-28 01:21:00+00:00,30014.235910635187,30027.185361729986,29995.517881405875,30013.68345078353,166
1992-01-31 01:21:00+00:00,30013.861042904617,30021.354506675023,30012.231555933286,30012.435968181086,257
1992-02-03 01:21:00+00:00,30012.11895788772,30022.74320256829,30004.35503099779,30011.20194344438,522
1992-02-06 01:21:00+00:00,30012.76041500381,30021.063991470004,30010.497679425698,30014.090546143383,363
1992-02-09 01:21:00+00:00,30013.095370982453,30025.091403359827,30009.04765373978,30011.827144347037,576
1992-02-12 01:21:00+00:00,30012.752590855966,30021.15747827048,29993.728483738763,30014.24855611245,848
1992-02-15 01:21:00+00:00,30012.137961010132,30017.24954058324,30008.746700482796,30012.29626512445,924
1992-02-18 01:21:00+00:00,30012.173179634865,30030.32499802042,30011.488413483017,30012.160744740944,278
1992-02-21 01:21:00+00:00,30012.11134582935,30013.259291647446,30010.067178528338,30013.17932048087,112
1992-02-24 01:21:00+00:00,30011.18031592243,30023.347258166064,30005.536695377286,30011.231458777514,834
1992-02-27 01:21:00+00:00,30012.997809943423,30027.901713824915,30003.715157302642,30012.91262100201,631
1992-03-01 01:21:00+00:00,30012.705337047482,30013.26529273265,30001.436009368685,30014.0876729784,673
1992-03-04 01:21:00+00:00,30012.68348244619,30025.579590641923,30000.936353364537,30011.311593194416,449
1992-03-07 01:21:00+00:00,30014.598712864077,30027.960441879244,30009.01753711707,30015.19821155101,639
1992-03-10 01:21:00+00:00,30015.179800732374,30033.048223945174,30000.427196046425,30015.27411037051,449
1992-03-13 01:21:00+00:00,30015.16086123926,30033.44270488843,30011.72014298112,30014.871323453037,272
1992-03-16 01:21:00+00:00,30014.935064487156,30029.416561626258,30014.865782813948,30014.99957525962,328
1992-03-19 01:21:00+00:00,30013.94623319006,30029.246219532037,29995.49904182259,30014.112619737876,208
1992-03-22 01:21:00+00:00,30013.71009155286,30019.37975885087,29997.283063921608,30012.630569231027,781
1992-03-25 01:21:00+00:00,30013.633611346533,30028.818266568724,30008.324247730874,30014.778563907184,917
1992-03-28 01:21:00+00:00,30012.850997922695,30019.47943327534,29998.69408724161,30012.937168969635,252
1992-03-31 01:21:00+00:00,30012.207685797235,30018.95471489113,30006.870147438793,30011.45336866355,959
1992-04-03 01:21:00+00:00,30011.708588706362,30026.666868282064,29993.19991873416,30012.49794833671,720
1992-04-06 01:21:00+00:00,30012.683815220305,30018.42723857143,29994.777210098426,30014.170913244154,168
1992-04-09 01:21:00+00:00,30011.854532410922,30018.176850346783,30010.398920833122,30013.37487087567,284
1992-04-12 01:21:00+00:00,30012.9458545757,30031.621700875254,30008.50406620374,30013.46511616469,899
1992-04-15 01:21:00+00:00,30012.587869897397,30030.36782525928,29993.062004539122,30013.949523019666,797
1992-04-18 01:21:00+00:00,30010.694020073177,30010.79978914686,30009.534507718057,30010.65355485758,926
1992-04-21 01:21:00+00:00,30009.37440001303,30016.155547369686,29989.5217958051,30008.74925274696,938
1992-04-24 01:21:00+00:00,30009.017685881045,30009.877584234127,30003.0295445279,30009.4967730342,836
1992-04-27 01:21:00+00:00,30011.04901621501,30011.5936817033,30008.284852619996,30011.25674918662,106
1992-04-30 01:21:00+00:00,30011.609678476187,30025.345514081335,29996.06842813062,30011.454891407288,164
1992-05-03 01:21:00+00:00,30012.306810465358,30030.95587149875,29995.725544285648,30012.467870489952,615
1992-05-06 01:21:00+00:00,30013.3714929899,30018.020593606845,29998.562780411707,30012.907347328535,338
1992-05-09 01:21:00+00:00,30012.62156263604,30022.202558419343,30008.2914926994,30011.415173040437,492
1992-05-12 01:21:00+00:00,30012.913344894576,30016.068725117657,29998.715480318973,30011.989851348426,967
1992-05-15 01:21:00+00:00,30010.053543240716,30023.81741774581,29996.89948617558,30008.990532877866,988
1992-05-18 01:21:00+00:00,30009.8092111921,30029.74415217362,30000.588794887426,30010.368318064982,979
1992-05-21 01:21:00+00:00,30008.713391899088,30028.386029534,30006.914128068114,30009.535267370153,843
1992-05-24 01:21:00+00:00,30008.063686513808,30022.407880811643,30000.16479953827,30009.26883669957,632
1992-05-27 01:21:00+00:00,30006.323391522215,30006.689595688735,30002.6417849931,30005.152902391415,306
1992-05-30 01:21:00+00:00,30007.58550721124,30019.22347652708,29996.99872682602,30007.992403098302,237
1992-06-02 01:21:00+00:00,30009.464919380138,30017.782791607468,30001.147580955716,30008.338226356394,360
1992-06-05 01:21:00+00:00,30008.077708843648,30025.474784237922,29996.845211964774,30009.097208094085,430
1992-06-08 01:21:00+00:00,30007.207813690784,30008.88574935544,29998.096125486034,30008.779857372578,644
1992-06-11 01:21:00+00:00,30006.79722448462,30007.758465252522,29990.724817188322,30006.881166172952,102
1992-06-14 01:21:00+00:00,30007.469401337836,30022.81521357007,29994.538675325053,30008.524979023012,386
1992-06-17 01:21:00+00:00,30007.54452515498,30022.36395355081,30006.117267025787,30008.44975550846,222
1992-06-20 01:21:00+00:00,30009.666463916205,30019.54334335773,29991.610914568464,30009.221132708146,373
1992-06-23 01:21:00+00:00,30008.82461969833,30028.10160899078,29990.75947062861,30008.476343558865,163
1992-06-26 01:21:00+00:00,30008.913418696782,30020.069346051096,30001.22468035652,30010.21727763399,469
1992-06-29 01:21:00+00:00,30009.36126216873,30010.718211757583,29999.525451842113,30010.06421975474,360
1992-07-02 01:21:00+00:00,30008.145557464428,30023.086574276487,29988.159192480005,30009.11922359941,574
1992-07-05 01:21:00+00:00,30007.691309586302,30015.124714594946,29988.62378185002,30006.00249240003,813
1992-07-08 01:21:00+00:00,30006.662029033036,30008.03809010138,29996.745293668795,30005.902956646514,748
1992-07-11 01:21:00+00:00,30006.693941320344,30008.254655078912,30002.852021452625,30005.936132728802,979
1992-07-14 01:21:00+00:00,30006.109587167884,30021.28693961817,29993.000216124627,30006.19236789088,791
1992-07-17 01:21:00+00:00,30004.92115338765,30006.363997056265,29988.078130777372,30005.246061707167,572
1992-07-20 01:21:00+00:00,30003.639225485436,30011.707290731174,29999.798506752017,30005.40273046591,170
1992-07-23 01:21:00+00:00,30002.54833935695,30012.81679548808,29988.439321925653,30002.867671268556,329
1992-07-26 01:21:00+00:00,30003.50191185829,30017.73021854648,29990.039612799537,30002.296735984615,389
1992-07-29 01:21:00+00:00,30002.78877349047,30016.267785453758,29984.087418900333,30002.078807505328,641
1992-08-01 01:21:00+00:00,30002.987920413278,30006.706744598247,29998.49923828473,30002.484755473288,180
1992-08-04 01:21:00+00:00,30004.501674292547,30007.397138912165,29990.779274919725,30004.683709449586,157
1992-08-07 01:21:00+00:00,30003.791950146766,30023.686145653784,29995.598983428034,30005.407201367718,110
1992-08-10 01:21:00+00:00,30004.98868226109,30008.782604898686,29993.213766448644,30004.930418738775,949
1992-08-13 01:21:00+00:00,30005.03655964909,30012.235568120337,29999.31388279179,30004.864700030463,958
1992-08-16 01:21:00+00:00,30005.00649522522,30007.266240774992,30000.229560907104,30005.219481410175,937
1992-08-19 01:21:00+00:00,30006.15481528467,30019.73719163891,29993.64963613891,30007.524841359063,469
1992-08-22 01:21:00+00:00,30005.60516597511,30008.22556516285,30003.360229995895,30005.139607062098,682
1992-08-25 01:21:00+00:00,30006.244926507217,30021.85063487238,29996.58429762496,30007.092684968724,581
1992-08-28 01:21:00+00:00,30007.31510643268,30026.62854781285,29989.43357563889,30006.334721242285,300
1992-08-31 01:21:00+00:00,30007.043206397888,30014.60757642565,29989.711016342666,30007.317440226954,439
1992-09-03 01:21:00+00:00,30007.61671483727,30014.20665481519,29998.84767878732,30007.370111510787,864
1992-09-06 01:21:00+00:00,30007.852862955646,30026.174261425338,29988.474023074832,30006.38954296926,992
1992-09-09 01:21:00+00:00,30006.59486168568,30017.68964722523,29995.32637578364,30008.284785533942,913
1992-09-12 01:21:00+00:00,30007.743510156623,30027.607822279377,29991.135065282386,30008.10130825899,885
1992-09-15 01:21:00+00:00,30007.913164916314,30007.924661707166,29997.027118304697,30008.018321584466,430
1992-09-18 01:21:00+00:00,30006.993852074636,30018.809072055436,29998.488690423357,30009.012020176164,744
1992-09-21 01:21:00+00:00,30006.446035345794,30025.254130906138,30000.608723817255,30005.25160695662,908
1992-09-24 01:21:00+00:00,30004.4819165341,30020.818356264284,29991.467565973824,30004.402310899477,997
1992-09-27 01:21:00+00:00,30002.98529103933,30021.287858182728,29994.16578740018,30003.43724641393,193
1992-09-30 01:21:00+00:00,30001.289970376347,30007.780162147203,29982.932078706748,30000.508290766713,361
1992-10-03 01:21:00+00:00,30001.690641110956,30004.807077345486,29990.121147266767,30001.287072489595,865
1992-10-06 01:21:00+00:00,30002.160353168954,30014.298191769518,29990.618603386563,30000.508255570552,525
1992-10-09 01:21:00+00:00,30001.07319184389,30020.01184678599,29987.784990495846,30000.50553027871,514
1992-10-12 01:21:00+00:00,30000.96074158018,30013.28863995265,29994.389820402423,30001.237514559412,711
1992-10-15 01:21:00+00:00,30000.455087068345,30001.754377558253,29986.740531433254,30002.554557770833,233
1992-10-18 01:21:00+00:00,30001.6242098216,30007.55746285278,29984.254998835804,30002.6573890089,297
1992-10-21 01:21:00+00:00,30002.542603865302,30012.10426759411,30000.038080966926,30002.33442563974,978
1992-10-24 01:21:00+00:00,30003.23824191061,30023.148901736717,29999.690844112287,30002.780161558803,655
1992-10-27 01:21:00+00:00,30003.002486813308,30021.79598075263,29989.477999890958,30002.909599414113,392
1992-10-30 01:21:00+00:00,30003.44695083836,30016.662217854442,29998.446461641033,30004.16100954919,160
1992-11-02 01:21:00+00:00,30003.980966012386,30020.014028050085,29996.99690337129,30005.490141040427,159
1992-11-05 01:21:00+00:00,30002.866882767776,30018.870286123798,29982.868705677956,30003.823059147013,718
1992-11-08 01:21:00+00:00,30003.47928150227,30013.042459913726,29986.99950961747,30003.359324102214,475
1992-11-11 01:21:00+00:00,30003.582668403455,30013.492480670568,29995.21141072037,30002.80144551525,873
1992-11-14 01:21:00+00:00,30003.44053369929,30012.83161365431,29989.27688302354,30002.819228084692,790
1992-11-17 01:21:00+00:00,30003.8451458547,30007.56642437957,29994.002437193947,30002.650759359538,482
1992-11-20 01:21:00+00:00,30003.87372482202,30010.02780644423,29988.72312718805,30001.90007252753,999
1992-11-23 01:21:00+00:00,30003.72141220203,30012.961101288114,30000.507557378412,30004.419245411915,600
1992-11-26 01:21:00+00:00,30003.809512647098,30008.842123284227,30000.189250505926,30005.79900739022,966
1992-11-29 01:21:00+00:00,30004.44974044525,30010.58686862647,30000.970742368278,30005.315581893567,735
1992-12-02 01:21:00+00:00,30003.66518278662,30019.136038515746,30002.766016793827,30003.497772890714,306
1992-12-05 01:21:00+00:00,30005.182900763488,30018.863289123616,29995.034626699806,30003.537894577228,420
1992-12-08 01:21:00+00:00,30005.775264942466,30017.526113109485,29987.110738383308,30005.892843231544,976
1992-12-11 01:21:00+00:00,30004.98525365989,30022.29265080562,29996.713866911767,30005.98378533128,435
1992-12-14 01:21:00+00:00,30004.133779860997,30021.365631009772,29994.970122598254,30004.378080859937,904
1992-12-17 01:21:00+00:00,30002.18040142533,30008.127105983764,29997.965317317943,30001.750126103096,699
1992-12-20 01:21:00+00:00,30003.09888724113,30014.864990116723,30003.008945566133,30003.27153815728,606
1992-12-23 01:21:00+00:00,30003.94081347909,30007.84303742674,29987.348749412788,30004.303390277124,900
1992-12-26 01:21:00+00:00,30004.375834125585,30023.041641126816,29998.579929670563,30005.326725398983,973
1992-12-29 01:21:00+00:00,30004.19202725735,30012.30610748663,30000.52195628404,30004.329894140115,962
1993-01-01 01:21:00+00:00,30004.89147703218,30017.74801066851,29986.796459212324,30004.140285699254,458
1993-01-04 01:21:00+00:00,30005.16979804898,30020.06562537578,29989.607379787467,30004.69821525124,290
1993-01-07 01:21:00+00:00,30005.51432018595,30023.587788124874,29999.325125619285,30005.360384904194,268
1993-01-10 01:21:00+00:00,30003.75630373018,30013.637377996456,29999.562324158167,30002.221028418095,530
1993-01-13 01:21:00+00:00,30003.78931820303,30008.33009827936,30003.448803067866,30004.16763542742,658
1993-01-16 01:21:00+00:00,30004.6690719874,30009.13966813654,29998.388155639943,30005.51972120699,288
1993-01-19 01:21:00+00:00,30004.694343722953,30004.881028626292,29998.94271384377,30005.749247650216,910
1993-01-22 01:21:00+00:00,30005.16575519787,30017.766087197106,29993.70640547221,30006.17282304105,642
1993-01-25 01:21:00+00:00,30004.871209991834,30009.42567389843,29992.522485428715,30006.02007319041,610
1993-01-28 01:21:00+00:00,30006.483248912038,30020.707811126915,29998.988437090647,30006.17112129515,820
1993-01-31 01:21:00+00:00,30005.436434598505,30023.978793069076,29988.31836405301,30003.910327862897,297
1993-02-03 01:21:00+00:00,30006.10364648432,30017.442697169423,29987.654082394198,30005.61814108241,128
1993-02-06 01:21:00+00:00,30006.085718889895,30016.27754781272,29987.278105753172,30005.25952937445,784
1993-02-09 01:21:00+00:00,30005.65522513686,30009.13327537331,29994.82714854337,30004.48598967853,638
1993-02-12 01:21:00+00:00,30005.217606313596,30022.636427847876,29987.481318970193,30004.380281254747,972
1993-02-15 01:21:00+00:00,30006.93713297317,30012.47177601343,29996.98651784254,30006.908199029713,615
1993-02-18 01:21:00+00:00,30008.380343204528,30026.766868089082,29995.522426605614,30008.309898856158,794
1993-02-21 01:21:00+00:00,30007.95880474277,30023.170677459522,30002.051831793848,30007.581509946875,521
1993-02-24 01:21:00+00:00,30007.38715567311,30011.498622184445,29996.74986155167,30007.581277437785,271
1993-02-27 01:21:00+00:00,30006.089575953472,30010.25242910707,29997.246425393212,30006.38876222401,633
1993-03-02 01:21:00+00:00,30006.19953384149,30018.0740852901,30004.42638810156,30007.29028827454,169
1993-03-05 01:21:00+00:00,30007.31064987466,30012.28330219878,29997.481245145504,30007.99425265179,673
1993-03-08 01:21:00+00:00,30006.282199605823,30017.310197501698,29991.131560533315,30005.69618742362,965
1993-03-11 01:21:00+00:00,30006.77428979771,30007.28941659123,29993.890950234625,30006.146152522553,326
1993-03-14 01:21:00+00:00,30005.365544006683,30015.53598942213,29993.407882552212,30005.629046207057,611
1993-03-17 01:21:00+00:00,30006.28626867785,30022.378199061943,29991.05728101596,30006.16736703799,940
1993-03-20 01:21:00+00:00,30007.630575442276,30026.884312504048,29999.721285080963,30008.230451986256,437
1993-03-23 01:21:00+00:00,30008.162136844097,30024.481130822936,30006.301297818714,30008.18310241575,643
1993-03-26 01:21:00+00:00,30008.50141468019,30014.0789208204,29994.978705277415,30009.38245775532,863
1993-03-29 01:21:00+00:00,30008.78362013921,30025.268877572664,29993.8381905367,30008.315409638515,770
1993-04-01 01:21:00+00:00,30009.398438114647,30025.398962138486,30004.239097735386,30010.10730866181,765
1993-04-04 01:21:00+00:00,30008.549346567997,30013.75314679973,29998.897923878903,30008.421064808117,941
1993-04-07 01:21:00+00:00,30006.310717844583,30026.017085616837,29997.744823365476,30006.878475115507,777
1993-04-10 01:21:00+00:00,30005.648526413937,30011.145465956997,30000.9553013648,30006.935020446457,221
1993-04-13 01:21:00+00:00,30006.119854334887,30021.9598077714,29990.684141116915,30005.92882109711,775
1993-04-16 01:21:00+00:00,30005.989643091005,30019.644705235547,29999.199181514312,30007.216164314927,862
1993-04-19 01:21:00+00:00,30005.488963993226,30013.314348195767,30000.835816413753,30006.1314492371,840
1993-04-22 01:21:00+00:00,30005.025293530805,30016.751699209497,29998.417311275854,30005.129836791042,451
1993-04-25 01:21:00+00:00,30003.97481313584,30007.641939001925,29999.070903584572,30003.372496711967,969
1993-04-28 01:21:00+00:00,30003.219049627238,30019.937836075445,30000.55244143817,30002.1133821932,314
1993-05-01 01:21:00+00:00,30002.829061102573,30004.061052687714,29999.75197198796,30001.01193062452,611
1993-05-04 01:21:00+00:00,30003.554664912404,30016.74590848687,29990.71752487313,30002.40007535901,275
1993-05-07 01:21:00+00:00,30005.35751248748,30012.07768882678,29989.062717295314,30005.58429031323,334
1993-05-10 01:21:00+00:00,30004.70700277978,30013.408948345394,29999.155004460303,30004.794637111685,826
1993-05-13 01:21:00+00:00,30004.601951431083,30010.512433031116,29990.635459562618,30005.110283379276,991
1993-05-16 01:21:00+00:00,30003.732825896488,30005.77360307282,29999.89191191239,30003.937424006326,882
1993-05-19 01:21:00+00:00,30004.175840736316,30005.20497140745,29988.175652552934,30003.09052369297,800
1993-05-22 01:21:00+00:00,30003.60160947431,30021.828769701173,29984.85697516249,30003.662653128882,503
1993-05-25 01:21:00+00:00,30004.109822979757,30010.05687003374,29986.67339480708,30004.617428398746,322
1993-05-28 01:21:00+00:00,30004.18193169435,30015.212995694827,29986.956688819508,30004.767528230615,623
1993-05-31 01:21:00+00:00,30004.423516724128,30020.91205962253,29999.016703405872,30004.530940668028,486
1993-06-03 01:21:00+00:00,30004.142924117794,30010.47538095572,29992.562997454042,30003.99778087574,129
1993-06-06 01:21:00+00:00,30003.552404442467,30007.339857189505,29988.097950039617,30002.047886495893,806
1993-06-09 01:21:00+00:00,30002.268693725666,30006.0474639683,29988.699043429162,30003.223944046214,866
1993-06-12 01:21:00+00:00,30002.672533250865,30013.182313527806,29991.58642552132,30002.320361602586,227
1993-06-15 01:21:00+00:00,30003.2765137624,30015.63775401935,30000.381877158943,30003.169679748633,242
1993-06-18 01:21:00+00:00,30004.783500918766,30022.511046795513,30001.773570756315,30005.04757728788,623
1993-06-21 01:21:00+00:00,30004.785020727213,30008.418681432653,29987.170552180854,30003.95272331378,605
1993-06-24 01:21:00+00:00,30006.11844616943,30023.609199952218,29993.62047064559,30005.79158130835,736
1993-06-27 01:21:00+00:00,30007.098197553598,30018.312893420105,30003.7062182009,30007.380298269003,821
1993-06-30 01:21:00+00:00,30006.768321780626,30020.518020481646,30000.367021316575,30006.634634400114,404
1993-07-03 01:21:00+00:00,30008.29660773309,30025.949566287065,30004.36521785163,30008.352615152962,133
1993-07-06 01:21:00+00:00,30007.345704016054,30018.987156895426,29992.206962909062,30007.516516509048,579
1993-07-09 01:21:00+00:00,30007.07641526929,30018.714914288314,29993.17519014121,30005.63631139174,152
1993-07-12 01:21:00+00:00,30007.667925049962,30025.836165162018,30002.776013838542,30007.7483096493,688
1993-07-15 01:21:00+00:00,30007.730222350045,30013.937449483747,29997.887617200053,30007.95941590554,692
1993-07-18 01:21:00+00:00,30007.436482769623,30023.79725998697,29991.72836517139,30007.38259628673,684
1993-07-21 01:21:00+00:00,30007.218213268363,30008.972901662917,29994.455723959116,30007.30002256436,620
1993-07-24 01:21:00+00:00,30007.899526530724,30026.25444571244,29989.159150244042,30006.864707872224,927
1993-07-27 01:21:00+00:00,30006.740269452035,30025.07392019823,29987.834990226747,30006.44617338759,845
1993-07-30 01:21:00+00:00,30005.93325532925,30022.322649162663,30003.629839695826,30006.233304190977,125
1993-08-02 01:21:00+00:00,30005.858659642796,30012.4618911512,29995.920537749782,30004.487408818717,519
1993-08-05 01:21:00+00:00,30006.910564546084,30012.641737780843,29997.56775705997,30006.03728765226,807
1993-08-08 01:21:00+00:00,30008.103865098157,30018.94752533041,30001.111985246513,30008.219675246066,716
1993-08-11 01:21:00+00:00,30009.27256128782,30019.844517202895,29993.433979557027,30009.39438556622,301
1993-08-14 01:21:00+00:00,30008.590741209067,30025.832135920755,30008.554232712886,30007.367003875064,435
1993-08-17 01:21:00+00:00,30007.14406466434,30018.733202466985,30003.742208325897,30006.02059194482,921
1993-08-20 01:21:00+00:00,30009.146147234318,30022.585666137602,29999.181658640213,30009.157924076437,318
1993-08-23 01:21:00+00:00,30010.05683906562,30025.080839565955,29992.67828006127,30008.62643469533,557
1993-08-26 01:21:00+00:00,30009.81709541483,30028.889008171376,29995.69692319414,30009.77620490985,432
1993-08-29 01:21:00+00:00,30009.049273374498,30011.790754520473,29989.830978268306,30007.331603578994,526
1993-09-01 01:21:00+00:00,30009.708169693462,30016.346351912012,30001.529340499077,30010.245921313228,768
1993-09-04 01:21:00+00:00,30008.876055758257,30015.032178598238,30000.094384170574,30008.705231889355,182
1993-09-07 01:21:00+00:00,30008.463318777347,30025.373478672347,29989.269724899685,30009.965607960385,217
1993-09-10 01:21:00+00:00,30009.012285964964,30018.6616569578,29992.201171995457,30009.66932558761,123
1993-09-13 01:21:00+00:00,30009.454176845815,30025.10610054431,30006.427601592248,30010.80509739699,187
1993-09-16 01:21:00+00:00,30007.668580488775,30025.36894222124,29989.87310604559,30007.46696952563,188
1993-09-19 01:21:00+00:00,30007.057768702383,30022.18327573985,29991.270995163373,30006.90920601229,254
1993-09-22 01:21:00+00:00,30007.082844322456,30025.450085872024,29990.627959993202,30006.612058920568,681
1993-09-25 01:21:00+00:00,30007.84175658147,30024.702629596464,30006.195540371282,30006.028074789116,301
1993-09-28 01:21:00+00:00,30008.51039803188,30008.613848019762,30001.195756436075,30007.989986263507,812
1993-10-01 01:21:00+00:00,30008.335627297598,30019.88619940059,30001.574455497423,30007.33287242128,686
1993-10-04 01:21:00+00:00,30007.15243236577,30019.07381554961,30002.78039682377,30005.58830098997,557
1993-10-07 01:21:00+00:00,30008.047379364918,30014.077981141323,29998.032623225117,30008.282824012844,850
1993-10-10 01:21:00+00:00,30007.328812321353,30018.40643740892,30001.045422314994,30007.461167795816,497
1993-10-13 01:21:00+00:00,30005.68104461568,30021.68637532331,29999.701893165246,30006.852886454446,609
1993-10-16 01:21:00+00:00,30005.360656943427,30021.89269761271,29990.545637899657,30007.735010015902,507
1993-10-19 01:21:00+00:00,30005.058593694892,30016.566660992252,29991.935310132718,30004.42020854959,711
1993-10-22 01:21:00+00:00,30004.75977458215,30005.916840155936,29999.564611265167,30003.838257613384,239
1993-10-25 01:21:00+00:00,30005.526127397276,30024.19227375357,29993.490271098894,30005.418632478013,903
1993-10-28 01:21:00+00:00,30005.52811965963,30007.20411632677,29991.87794284899,30005.501906351255,640
1993-10-31 01:21:00+00:00,30005.48510428599,30013.34371387403,29986.08299165761,30005.144554330218,631
1993-11-03 01:21:00+00:00,30006.13477162962,30013.116475391325,29999.492540047464,30006.360120025383,587
1993-11-06 01:21:00+00:00,30006.895617347163,30023.96354134321,29991.1717012225,30008.703883966817,924
1993-11-09 01:21:00+00:00,30006.376499176255,30009.11699608934,29993.346268296904,30004.87400582726,692
1993-11-12 01:21:00+00:00,30007.199278328455,30009.16342047723,29999.954633129022,30008.26163961672,782
1993-11-15 01:21:00+00:00,30007.55379273133,30013.610956598295,30005.575593127676,30005.356846146442,496
1993-11-18 01:21:00+00:00,30007.349931185166,30021.396127615462,29991.23289086805,30008.655011013285,332
1993-11-21 01:21:00+00:00,30007.94700618484,30018.97668418062,30002.441414933834,30009.089602660813,737
1993-11-24 01:21:00+00:00,30009.319446773483,30016.911999737957,30001.367775217714,30008.690058349563,536
1993-11-27 01:21:00+00:00,30007.84101618856,30017.339692294343,30003.30956634165,30007.507509911222,123
1993-11-30 01:21:00+00:00,30006.838038062917,30022.918619685544,29991.734453314628,30006.99105166448,130
1993-12-03 01:21:00+00:00,30007.074704130053,30025.24611388055,30002.04374995109,30006.74190617309,722
1993-12-06 01:21:00+00:00,30007.735299726406,30012.99527108897,29989.058275204487,30006.777026334268,786
1993-12-09 01:21:00+00:00,30007.094223849737,30025.046783919686,30001.837112275927,30009.217765871595,796
1993-12-12 01:21:00+00:00,30007.489855795404,30021.27265121998,29989.33876229329,30007.066575288893,161
1993-12-15 01:21:00+00:00,30007.23822456763,30022.09475581785,29990.71675691634,30007.5681593336,917
1993-12-18 01:21:00+00:00,30006.037302231114,30016.245813651578,29987.502668191737,30007.025024687842,413
1993-12-21 01:21:00+00:00,30004.719875071296,30015.52531898628,29990.831814438596,30005.287258279503,814
1993-12-24 01:21:00+00:00,30002.571530159606,30005.369561444415,29984.345789223178,30002.598000331505,602
1993-12-27 01:21:00+00:00,30001.308649502476,30003.757767584353,29993.809419518635,30004.61406784349,870
1993-12-30 01:21:00+00:00,30002.095662392985,30010.94638216577,29994.0118220948,30003.912306610317,713
1994-01-02 01:21:00+00:00,30001.759147103938,30002.87657808455,29996.644990745106,30003.455678644357,908
1994-01-05 01:21:00+00:00,30002.598966484944,30007.797754654857,30001.6510638713,30004.13064013833,632
1994-01-08 01:21:00+00:00,30002.52420060671,30015.56660944609,29993.328392156596,30003.338897351485,421
1994-01-11 01:21:00+00:00,30003.037130728135,30014.928662235183,29994.654125642282,30004.243351207617,514
1994-01-14 01:21:00+00:00,30003.403915259012,30022.984044506105,29987.466793368618,30002.89968205747,304
1994-01-17 01:21:00+00:00,30002.841638467165,30011.157537735402,29984.445489756996,30002.951353442997,368
1994-01-20 01:21:00+00:00,30002.871191575556,30022.71163184756,29992.659741331398,30004.159471879608,945
1994-01-23 01:21:00+00:00,30004.437646885894,30012.9836609042,29992.575733564197,30003.057001203208,748
1994-01-26 01:21:00+00:00,30004.043584406998,30017.915773449175,29984.187532346106,30003.69813201933,989
1994-01-29 01:21:00+00:00,30005.32145696176,30016.3220661407,29997.46551966537,30004.90413690727,224
1994-02-01 01:21:00+00:00,30006.019324750865,30018.572918462356,29992.683114117226,30007.296216122308,796
1994-02-04 01:21:00+00:00,30007.246599269878,30022.932028356347,29989.434547232122,30007.13539643244,581
1994-02-07 01:21:00+00:00,30005.3919775552,30023.55693208607,30002.968948602727,30006.3356636489,257
1994-02-10 01:21:00+00:00,30003.2918294899,30011.905176132022,29996.81634855046,30003.63989296649,432
1994-02-13 01:21:00+00:00,30003.895690221703,30015.016184223907,29993.014544247,30003.62717056959,582
1994-02-16 01:21:00+00:00,30003.18001020864,30022.111030241722,30000.510796919112,30004.756982841343,525
1994-02-19 01:21:00+00:00,30003.689348164895,30023.465625549474,29997.55495252412,30002.906785162417,402
1994-02-22 01:21:00+00:00,30005.14549029996,30007.592386533008,30000.68657038874,30003.377992804086,979
1994-02-25 01:21:00+00:00,30005.159152705146,30009.135189442528,29993.68079224101,30006.10472327458,584
1994-02-28 01:21:00+00:00,30005.214000324322,30019.89440184011,29987.74681084648,30005.302828626216,846
1994-03-03 01:21:00+00:00,30005.075968696216,30017.795065128703,30004.612178261577,30004.551604946075,782
1994-03-06 01:21:00+00:00,30004.118586006207,30012.285546528383,29997.265499520683,30002.919224945206,407
1994-03-09 01:21:00+00:00,30006.474081888762,30019.682702971713,30005.98276037897,30005.2189269255,711
1994-03-12 01:21:00+00:00,30006.090906750196,30020.882938736853,29996.00809023371,30007.485511954208,917
1994-03-15 01:21:00+00:00,30006.281790778943,30025.992009780894,29996.707540244515,30006.212640807156,606
1994-03-18 01:21:00+00:00,30006.443957237894,30011.955519919815,29998.369108503764,30006.473452406135,107
1994-03-21 01:21:00+00:00,30005.729092525948,30024.744705160432,29987.858865264243,30005.765649425095,508
1994-03-24 01:21:00+00:00,30005.685642734887,30024.690115908652,29989.44943113648,30005.418525282614,415
1994-03-27 01:21:00+00:00,30006.914444255985,30012.17410973057,29988.862343595596,30006.264153676446,270
1994-03-30 01:21:00+00:00,30005.930076466186,30012.92724495019,29997.493750188132,30007.081872913983,285
1994-04-02 01:21:00+00:00,30005.113323700574,30015.691480129983,30004.179975012787,30006.357478357924,557
1994-04-05 01:21:00+00:00,30005.224337795546,30013.97898760998,29988.31340583428,30005.40272967946,463
1994-04-08 01:21:00+00:00,30004.142199525253,30018.885484506707,29989.94151235519,30003.86434622997,286
1994-04-11 01:21:00+00:00,30004.588887048998,30022.980583227407,29984.72236727276,30004.41797491188,910
1994-04-14 01:21:00+00:00,30005.72616636572,30019.70087874063,29993.867488766355,30004.06793882193,938
1994-04-17 01:21:00+00:00,30007.169777659496,30017.381783281984,30004.90367941486,30007.141752201882,331
1994-04-20 01:21:00+00:00,30007.005571572383,30024.623066944903,29987.0776139584,30006.549375694663,913
1994-04-23 01:21:00+00:00,30007.540144495644,30012.57216827421,29987.92954531941,30007.962293217122,484
1994-04-26 01:21:00+00:00,30007.21193818761,30008.86150149599,29996.236213641874,30007.28847684038,580
1994-04-29 01:21:00+00:00,30007.26131246662,30018.720936482066,29999.131049632357,30006.860287135063,880
1994-05-02 01:21:00+00:00,30008.553599176365,30014.63171130141,29991.333366652674,30007.97738032199,895
1994-05-05 01:21:00+00:00,30008.30523887842,30026.040898731797,30000.157181679468,30008.304109563083,309
1994-05-08 01:21:00+00:00,30008.01651541019,30020.095513862423,29989.656157979458,30009.550528674514,829
1994-05-11 01:21:00+00:00,30007.10378578518,30019.307862650763,29988.800690361815,30007.723551967185,517
1994-05-14 01:21:00+00:00,30008.759756096493,30011.61032528915,29999.171399567353,30010.149667398036,206
1994-05-17 01:21:00+00:00,30009.632456146286,30021.751866363298,30000.85891977411,30009.869126875376,728
1994-05-20 01:21:00+00:00,30008.31931128828,30025.973005773547,29996.471717636912,30008.33549370941,509
1994-05-23 01:21:00+00:00,30008.68864460947,30011.49943797624,29998.662842934267,30007.21418902856,695
1994-05-26 01:21:00+00:00,30007.311470165987,30010.627812875413,29999.824542874965,30006.976904688752,167
1994-05-29 01:21:00+00:00,30008.320080011992,30009.72225810037,29989.20790951275,30007.922653771486,800
1994-06-01 01:21:00+00:00,30008.126094700492,30027.484086685312,30001.63395545037,30008.542099546623,341
1994-06-04 01:21:00+00:00,30007.81010400574,30013.819205942105,29993.252978614615,30007.907318789858,479
1994-06-07 01:21:00+00:00,30007.365054409605,30027.006368233673,29991.0355535178,30008.170386298167,675
1994-06-10 01:21:00+00:00,30006.02145964331,30012.698691044163,29987.784090549805,30006.63658086331,389
1994-06-13 01:21:00+00:00,30005.94563493558,30015.233660404567,29989.25053109544,30004.97481505953,178
1994-06-16 01:21:00+00:00,30005.81511479197,30023.82424420766,30004.20640785805,30004.546980302403,220
1994-06-19 01:21:00+00:00,30005.382948472357,30024.579245439876,30002.63534704882,30005.2528337195,153
1994-06-22 01:21:00+00:00,30005.76592548853,30012.866576959364,30005.13944316686,30007.300077433065,254
1994-06-25 01:21:00+00:00,30005.561069946572,30010.363590309094,29994.948365070763,30006.397423384315,462
1994-06-28 01:21:00+00:00,30005.873651375012,30014.20428969882,29988.76509498871,30005.084976558344,462
1994-07-01 01:21:00+00:00,30005.20486208454,30012.15586383208,29988.994455829103,30004.279698851158,769
1994-07-04 01:21:00+00:00,30004.066921385063,30010.881684396325,29990.87523079336,30002.861584970913,646
1994-07-07 01:21:00+00:00,30004.89963599891,30018.662866427432,30000.27068854999,30004.680672292452,175
1994-07-10 01:21:00+00:00,30004.940322419076,30016.661015553516,29993.616730808535,30003.138325366366,695
1994-07-13 01:21:00+00:00,30004.626746089674,30012.88503886602,30000.30886685419,30003.837611238956,434
1994-07-16 01:21:00+00:00,30005.97756491066,30020.289073405973,29994.02024397334,30003.69308278679,351
1994-07-19 01:21:00+00:00,30004.76991249421,30014.008152571085,29988.932874792754,30003.76020928732,773
1994-07-22 01:21:00+00:00,30004.23500226282,30013.394403506078,29991.77536682319,30004.311413822208,818
1994-07-25 01:21:00+00:00,30002.960980210213,30005.535393721562,29994.508762794136,30001.829388786107,229
1994-07-28 01:21:00+00:00,30002.499311162883,30005.23356964308,29996.63146761602,29999.963693197617,734
1994-07-31 01:21:00+00:00,30002.38289636036,30007.25364477665,29984.250703425292,30002.673535132606,592
1994-08-03 01:21:00+00:00,30004.19963978944,30016.2541012971,29988.777998102367,30004.9891589025,464
1994-08-06 01:21:00+00:00,30004.283602458923,30020.10655426163,29997.281126988662,30004.906002378702,777
1994-08-09 01:21:00+00:00,30002.779565605062,30007.672463443025,29986.780095056027,30001.952639106814,818
1994-08-12 01:21:00+00:00,30002.45474016236,30015.406772513757,29984.823962534872,30002.250516800552,142
1994-08-15 01:21:00+00:00,30002.802079225752,30019.322962583807,29993.307390397335,30002.3463480618,787
1994-08-18 01:21:00+00:00,30002.140547130493,30006.876367139972,29991.3360471521,30003.4485209226,672
1994-08-21 01:21:00+00:00,30002.487964722397,30017.211034953503,29992.527271294985,30000.993047105,568
1994-08-24 01:21:00+00:00,30001.04705672053,30020.299536217582,29983.219253547042,29999.7259947501,425
1994-08-27 01:21:00+00:00,30000.627882287303,30002.167263426545,29990.413128042765,30000.12340103229,398
1994-08-30 01:21:00+00:00,30000.713784134725,30003.224655542843,29989.37052818777,30001.205367055336,211
1994-09-02 01:21:00+00:00,30000.069150818163,30003.614918325624,29980.77192441824,30001.11953707998,956
1994-09-05 01:21:00+00:00,30000.79888248167,30006.624792437528,29986.82396038793,30000.646589359858,980
1994-09-08 01:21:00+00:00,29999.51499491913,30007.75424209152,29992.453230373078,29999.122213656858,524
1994-09-11 01:21:00+00:00,29999.92832782802,30017.053882630356,29986.53758371652,29998.396901508062,541
1994-09-14 01:21:00+00:00,29999.55062020693,30006.15052368816,29992.18143712229,29998.504127723536,910
1994-09-17 01:21:00+00:00,30000.036602462937,30008.391990331987,29996.848184818195,29999.81641596231,728
1994-09-20 01:21:00+00:00,29998.94102470059,30013.716820623,29981.693159583254,30000.404939342294,616
1994-09-23 01:21:00+00:00,30000.776679391256,30014.754364561366,29991.156374002694,30000.22862694956,329
1994-09-26 01:21:00+00:00,30000.31617093926,30008.46672753808,29993.65869762643,29999.314777115997,172
1994-09-29 01:21:00+00:00,29999.032977658895,30015.880184420817,29983.17038126135,29999.160065313816,151
1994-10-02 01:21:00+00:00,29998.794593699226,30001.700861924048,29994.466490995936,29998.68356015433,310
1994-10-05 01:21:00+00:00,29999.322833798873,30000.849134217122,29988.78713308893,29999.73859655927,830
1994-10-08 01:21:00+00:00,29998.336578560753,30006.96434992796,29986.47863862645,29998.66587770524,443
1994-10-11 01:21:00+00:00,29997.48393820617,30012.598326313855,29985.043965207933,29997.42905966539,986
1994-10-14 01:21:00+00:00,29996.969562352388,30003.210493647595,29979.980076604657,29997.828015859533,646
1994-10-17 01:21:00+00:00,29996.664131466216,29997.991541071584,29979.35472508544,29996.14578197585,553
1994-10-20 01:21:00+00:00,29997.092483921893,30015.52067258697,29986.928894358683,29997.31566325859,934
1994-10-23 01:21:00+00:00,29997.340580560896,30014.412869750926,29983.298478647775,29998.09538507891,222
1994-10-26 01:21:00+00:00,29997.418932788623,30002.66730637825,29993.37635793251,29995.86670504463,432
1994-10-29 01:21:00+00:00,29997.490063732825,30002.711821797846,29983.111886379298,29997.599487214124,274
1994-11-01 01:21:00+00:00,29996.584535270656,29998.35002029293,29992.470040894506,29998.30397193682,782
1994-11-04 01:21:00+00:00,29996.314297168436,29998.207140271126,29990.75915491433,29995.758066824426,406
1994-11-07 01:21:00+00:00,29997.93452483702,30007.12948062276,29980.709409137777,29996.328453889982,819
1994-11-10 01:21:00+00:00,29996.115153194023,30012.837296631213,29982.878661294646,29995.499434057074,958
1994-11-13 01:21:00+00:00,29996.64414641475,29996.662473585748,29986.96896245022,29999.576000932473,388
1994-11-16 01:21:00+00:00,29998.024399885904,30010.46876149265,29988.00979000924,29997.77079573912,259
1994-11-19 01:21:00+00:00,29997.524947845315,30005.40469085676,29983.592154507583,29998.163724684848,530
1994-11-22 01:21:00+00:00,29996.643050075276,30007.277018144363,29989.42995350003,29996.087535443596,426
1994-11-25 01:21:00+00:00,29995.381499294628,29998.227101474433,29991.8966172439,29994.77637689135,222
1994-11-28 01:21:00+00:00,29997.034355324042,30002.568657365577,29985.341994617225,29999.858637678903,621
1994-12-01 01:21:00+00:00,29997.503947173605,30012.387303047333,29980.344734030383,29998.835264959165,527
1994-12-04 01:21:00+00:00,29997.35981447459,30000.546452844806,29987.915790804964,29997.774151352303,139
1994-12-07 01:21:00+00:00,29996.412405645817,30000.1317395789,29992.07973957018,29997.285861456163,342
1994-12-10 01:21:00+00:00,29997.39518330087,30015.860618395367,29983.675522747923,29996.117600394664,785
1994-12-13 01:21:00+00:00,29996.563299195765,30001.300682177236,29978.195840392775,29996.573647570007,885
1994-12-16 01:21:00+00:00,29995.95680552998,30000.666491731103,29993.237926215916,29994.437184980743,923
1994-12-19 01:21:00+00:00,29995.057294748203,30001.058007288644,29976.541364862944,29995.55216951874,559
1994-12-22 01:21:00+00:00,29995.628863666487,30010.59790136397,29987.660083761733,29995.49674728674,150
1994-12-25 01:21:00+00:00,29996.614656618232,29999.993994176708,29987.4452882496,29997.932573008133,897
1994-12-28 01:21:00+00:00,29995.148878543176,30010.403297879926,29985.42301285652,29996.90480054779,115
1994-12-31 01:21:00+00:00,29994.74169081052,29997.493429506794,29980.195585908266,29993.019907673657,765
1995-01-03 01:21:00+00:00,29995.64783524464,30008.673873976248,29978.457658076684,29996.08569286888,108
1995-01-06 01:21:00+00:00,29995.991219645854,30001.982235046817,29983.39981135046,29996.29263675483,497
1995-01-09 01:21:00+00:00,29995.57453024039,30010.45797339973,29980.09346188413,29994.491553950844,872
1995-01-12 01:21:00+00:00,29996.133652819568,30009.00740149869,29976.619630487512,29995.06387188227,800
1995-01-15 01:21:00+00:00,29995.670734758573,29997.2350935346,29987.894028108018,29996.547345717387,644
1995-01-18 01:21:00+00:00,29996.297261266016,29998.06423619308,29988.843182004533,29997.12835632015,531
1995-01-21 01:21:00+00:00,29997.06598380098,30010.422695329766,29982.868283542346,29997.27364731512,301
1995-01-24 01:21:00+00:00,29996.954591822825,30010.879532610077,29988.003772854678,29997.465405326937,301
1995-01-27 01:21:00+00:00,29996.446099390898,30011.50906885449,29985.740174910934,29997.90466931234,423
1995-01-30 01:21:00+00:00,29994.72433635876,30001.58195736469,29984.609394828833,29996.754953582047,151
1995-02-02 01:21:00+00:00,29995.11679357836,30000.97468597174,29977.203652276832,29994.500054842752,372
1995-02-05 01:21:00+00:00,29994.39854651181,29999.627079385846,29980.35761232924,29994.29992969693,733
1995-02-08 01:21:00+00:00,29993.780416232545,30007.333436384226,29985.831755851512,29994.71529000629,536
1995-02-11 01:21:00+00:00,29992.13894435621,30004.019728233143,29978.904789529737,29993.531542055553,897
1995-02-14 01:21:00+00:00,29991.18010301894,30004.801061517195,29986.413959773814,29992.79492860726,445
1995-02-17 01:21:00+00:00,29990.817553562578,30000.857987171526,29974.012949290456,29989.818876767855,488
1995-02-20 01:21:00+00:00,29991.626463517805,29992.7918038769,29985.691025308515,29991.9339795683,213
1995-02-23 01:21:00+00:00,29990.20736004672,30002.116780924633,29973.589959535544,29989.69429744258,635
1995-02-26 01:21:00+00:00,29988.98832086568,30004.965552655292,29985.618605546286,29988.525592730966,651
1995-03-01 01:21:00+00:00,29989.091245637555,29995.231527881737,29984.17635954673,29990.25353610292,602
1995-03-04 01:21:00+00:00,29989.908913091276,29990.973359086493,29988.100657405055,29986.65931441344,259
1995-03-07 01:21:00+00:00,29988.115944256006,29992.869025710446,29982.475306885608,29989.0953734661,270
1995-03-10 01:21:00+00:00,29987.930559945733,29997.030876636953,29976.238095552075,29988.469933865446,592
1995-03-13 01:21:00+00:00,29987.328753438902,30006.474276991223,29969.61540454534,29985.17378727408,358
1995-03-16 01:21:00+00:00,29986.64106254249,30005.550225586572,29983.272772682732,29986.01775651965,303
1995-03-19 01:21:00+00:00,29986.421783354817,30004.945675711802,29985.004807269073,29987.811583022914,277
1995-03-22 01:21:00+00:00,29987.010701065516,30005.479462983392,29969.702360227006,29988.886476974472,153
1995-03-25 01:21:00+00:00,29988.03855560385,29997.61425466079,29974.34140733535,29985.62793101405,134
1995-03-28 01:21:00+00:00,29986.24244055071,29990.63234900795,29974.272662932064,29986.497341930633,606
1995-03-31 01:21:00+00:00,29987.416371372776,30004.939129745886,29971.596617567946,29988.59504974072,903
1995-04-03 01:21:00+00:00,29988.36066039808,29998.594373600878,29973.134039443044,29988.162714846814,471
1995-04-06 01:21:00+00:00,29989.52289517975,29994.635459821446,29975.46201504946,29989.74850961367,957
1995-04-09 01:21:00+00:00,29989.619779299814,29989.76385579562,29985.787753479985,29990.023717944478,348
1995-04-12 01:21:00+00:00,29989.891414769474,29996.06749807924,29971.105937462096,29991.32417600785,823
1995-04-15 01:21:00+00:00,29989.759780241446,29995.98184400867,29978.73031283973,29990.441036274555,409
1995-04-18 01:21:00+00:00,29989.29688608278,29994.15182457345,29982.3583401716,29988.994085775088,377
1995-04-21 01:21:00+00:00,29991.13538458729,30001.1261758944,29974.69638950417,29989.588504000072,233
1995-04-24 01:21:00+00:00,29991.7637028173,30001.055057532605,29985.025000913814,29991.40900620529,841
1995-04-27 01:21:00+00:00,29991.126774036216,30002.013403469202,29984.538944529228,29991.562355383034,569
1995-04-30 01:21:00+00:00,29990.939804871756,30005.739489166735,29981.128438280088,29989.170886950422,193
1995-05-03 01:21:00+00:00,29990.818536386203,29999.92878011746,29984.092685464053,29990.97575262434,226
1995-05-06 01:21:00+00:00,29989.451391092403,29998.26934277271,29975.82829806422,29989.653513621022,499
1995-05-09 01:21:00+00:00,29990.667266964887,29998.714414401566,29980.389094635608,29992.79135740652,284
1995-05-12 01:21:00+00:00,29990.1763973139,29993.712483795312,29973.706372852634,29990.48686966465,603
1995-05-15 01:21:00+00:00,29990.242766253952,29999.28975870333,29989.163161793862,29990.28920692318,581
1995-05-18 01:21:00+00:00,29991.044892147227,30005.76337909803,29981.742872725154,29991.20767407798,830
1995-05-21 01:21:00+00:00,29990.6172164803,29995.241947568196,29985.12039504366,29990.989284586944,422
1995-05-24 01:21:00+00:00,29989.89913923753,29991.6810559884,29970.512313448653,29990.20464105262,968
1995-05-27 01:21:00+00:00,29989.97550330846,29998.2800792623,29978.942314002714,29989.545889400324,220
1995-05-30 01:21:00+00:00,29989.8421878751,30000.299312202962,29986.575670848983,29989.79729540247,631
1995-06-02 01:21:00+00:00,29988.938652136258,29992.3081244932,29984.724157298537,29989.592137511314,194
1995-06-05 01:21:00+00:00,29989.60226221528,29996.210313305397,29978.920872780494,29988.358487613867,668
1995-06-08 01:21:00+00:00,29988.48188721362,30002.805830388745,29981.286956844004,29989.686952360385,309
1995-06-11 01:21:00+00:00,29988.482216016913,30005.891174019675,29977.20422618292,29989.578390321672,942
1995-06-14 01:21:00+00:00,29990.38064547478,30002.778253625027,29972.407276171383,29989.74685400055,881
1995-06-17 01:21:00+00:00,29991.180625263165,30002.571040663886,29977.656471891594,29990.662220949504,791
1995-06-20 01:21:00+00:00,29990.720012355323,29991.51389449459,29989.14731851783,29990.42632949314,749
1995-06-23 01:21:00+00:00,29988.92461822804,29998.47095245417,29978.887794045106,29989.384956184065,998
1995-06-26 01:21:00+00:00,29988.471769162144,29999.87489371597,29969.684453069247,29989.366833988817,960
1995-06-29 01:21:00+00:00,29988.59085139846,29991.568921581646,29977.024320319066,29991.100902377853,131
1995-07-02 01:21:00+00:00,29990.13525872165,29995.977380760396,29973.476380632692,29990.72662499027,482
1995-07-05 01:21:00+00:00,29991.420716242566,30011.105649386907,29979.71706444582,29992.350679920775,195
1995-07-08 01:21:00+00:00,29991.1416392771,29995.656365193976,29988.55278147384,29991.458403495453,834
1995-07-11 01:21:00+00:00,29992.370357827975,30001.67221350658,29985.271256814733,29993.868050915822,280
1995-07-14 01:21:00+00:00,29991.922716298184,30007.688090262607,29985.909148963958,29991.751435791488,266
1995-07-17 01:21:00+00:00,29993.765650774985,29993.940717109122,29982.959421319305,29994.455241598593,440
1995-07-20 01:21:00+00:00,29993.953039842905,29996.36678242539,29988.709059310095,29993.190089734642,442
1995-07-23 01:21:00+00:00,29994.727801525518,30000.94422359669,29976.676725887417,29995.979590427352,343
1995-07-26 01:21:00+00:00,29996.15125884271,30002.671095268346,29987.287522880917,29996.758012330698,370
1995-07-29 01:21:00+00:00,29993.96283653094,30006.420146367996,29989.92784213425,29995.07486174298,364
1995-08-01 01:21:00+00:00,29994.246955697436,30005.540634107172,29986.450429070792,29993.585360523593,615
1995-08-04 01:21:00+00:00,29994.206905509687,30011.58534646885,29987.099006422395,29993.813164267543,624
1995-08-07 01:21:00+00:00,29993.16842072651,30007.588517233948,29985.99441112856,29991.744754277603,783
1995-08-10 01:21:00+00:00,29992.83186495132,30002.036251546986,29987.187993804866,29993.11789461676,834
1995-08-13 01:21:00+00:00,29992.23235484281,30005.195355592692,29990.995326112872,29992.226284723518,829
1995-08-16 01:21:00+00:00,29993.385763262846,29998.25109433942,29980.862354162375,29994.324550102112,804
1995-08-19 01:21:00+00:00,29991.8826958,29993.108181115356,29972.356041058443,29992.591314266007,516
1995-08-22 01:21:00+00:00,29992.081567780875,29999.390564226676,29983.524735628103,29991.67957979786,224
1995-08-25 01:21:00+00:00,29991.140761134317,30009.130810629365,29980.6158245965,29992.571897985777,273
1995-08-28 01:21:00+00:00,29992.790876545503,30001.468789012695,29977.339804978394,29991.444461955547,526
1995-08-31 01:21:00+00:00,29992.798420201947,29993.64529774633,29985.99473284293,29990.616745707062,269
1995-09-03 01:21:00+00:00,29993.17696603769,30011.299742617044,29988.006793506953,29992.714218831203,247
1995-09-06 01:21:00+00:00,29995.7757105596,30011.649080713905,29986.772259173325,29995.059953341664,865
1995-09-09 01:21:00+00:00,29994.673907314183,30003.361790017167,29988.317957401374,29995.628070083978,564
1995-09-12 01:21:00+00:00,29993.31395952469,30005.784212105442,29982.76319879457,29993.52007638802,729
1995-09-15 01:21:00+00:00,29994.169008416146,30008.857656833752,29977.55794182272,29993.836464382413,922
1995-09-18 01:21:00+00:00,29995.10262726564,30007.035698610307,29983.682552763603,29994.401775174298,441
1995-09-21 01:21:00+00:00,29994.41532960174,30001.047159818514,29975.028342824113,29993.249109150143,339
1995-09-24 01:21:00+00:00,29994.277434079424,30005.302386713087,29983.34835460245,29994.40671783663,767
1995-09-27 01:21:00+00:00,29993.347199878084,29998.778388725455,29976.027562657935,29994.613504671208,937
1995-09-30 01:21:00+00:00,29994.958523476373,30004.806793908854,29981.350405477777,29993.669481630604,938
1995-10-03 01:21:00+00:00,29994.849707479614,29996.752151821107,29990.810844363652,29995.040201442476,424
1995-10-06 01:21:00+00:00,29995.365835100773,29996.19448123249,29990.95758318619,29994.676705761667,497
1995-10-09 01:21:00+00:00,29994.156000912415,30011.788473343586,29980.29784800555,29994.27891545249,751
1995-10-12 01:21:00+00:00,29993.464555038216,30003.856721420936,29981.945581532076,29993.224046287465,942
1995-10-15 01:21:00+00:00,29993.457791495428,30012.42958345158,29983.474402783664,29995.429989223157,681
1995-10-18 01:21:00+00:00,29991.96391530328,30005.578556975994,29989.523680197493,29993.170318545195,373
1995-10-21 01:21:00+00:00,29990.963957684682,30008.060070307278,29982.021677951347,29991.11472461783,814
1995-10-24 01:21:00+00:00,29991.265504146373,29992.00444449723,29984.08021614603,29992.02371746141,127
1995-10-27 01:21:00+00:00,29992.07684654382,30009.847761967663,29975.942435769048,29992.675431798667,966
1995-10-30 01:21:00+00:00,29991.234069459166,29999.299310388127,29976.95616420803,29990.235954242326,885
1995-11-02 01:21:00+00:00,29990.099245696958,29997.19435052401,29989.682453990743,29989.45706662676,711
1995-11-05 01:21:00+00:00,29991.505896164148,30011.08992664849,29980.17589815438,29990.755937587215,819
1995-11-08 01:21:00+00:00,29990.90329142672,29991.47799202995,29983.36807309067,29990.147291098965,887
1995-11-11 01:21:00+00:00,29990.920753121383,29995.19967186838,29975.58467628999,29992.063221144974,732
1995-11-14 01:21:00+00:00,29990.810047937248,30010.205333113867,29972.600613776678,29990.466082386163,147
1995-11-17 01:21:00+00:00,29990.80473658456,29996.68225531438,29976.499664949664,29991.559743195357,287
1995-11-20 01:21:00+00:00,29992.071561863635,30001.206244489364,29972.82452037603,29992.278618947774,929
1995-11-23 01:21:00+00:00,29991.91670931676,30004.22844310755,29978.127154554164,29992.12135939887,882
1995-11-26 01:21:00+00:00,29991.18504252103,30010.82623764626,29983.957929318774,29990.855449280672,923
1995-11-29 01:21:00+00:00,29989.9149790092,29990.907064111616,29975.282209889454,29989.80374211734,236
1995-12-02 01:21:00+00:00,29991.117285558834,30001.686972255764,29984.416781567066,29990.04100525789,956
1995-12-05 01:21:00+00:00,29991.806283621303,30008.433188010848,29976.56479924771,29990.759600748093,207
1995-12-08 01:21:00+00:00,29991.754067369882,30001.06034678328,29974.830724307183,29990.580050889006,476
1995-12-11 01:21:00+00:00,29992.67894590151,30007.90875939122,29973.85288736407,29992.188427251247,173
1995-12-14 01:21:00+00:00,29993.33646581415,29995.575727609274,29986.736252119834,29995.360156375817,946
1995-12-17 01:21:00+00:00,29993.258511132095,30009.93533248655,29985.526121077324,29993.792470023975,491
1995-12-20 01:21:00+00:00,29993.35401267711,29994.665992777027,29982.84536840845,29992.19673901604,829
1995-12-23 01:21:00+00:00,29992.61172190577,30006.17717147488,29992.479734711123,29993.561044950886,549
1995-12-26 01:21:00+00:00,29992.692959070835,29997.427280807668,29992.091071080402,29993.410189032875,468
1995-12-29 01:21:00+00:00,29993.612302819718,30007.028195400402,29977.231708926192,29992.505734412473,540
1996-01-01 01:21:00+00:00,29995.06611855056,30011.83718821182,29984.44802206974,29996.44196908221,536
1996-01-04 01:21:00+00:00,29995.69171623931,30012.22946880691,29980.276389348874,29994.41608526709,498
1996-01-07 01:21:00+00:00,29995.870561958232,29997.110964472362,29989.11872085105,29995.823629714927,958
1996-01-10 01:21:00+00:00,29996.04015273185,30009.665525156455,29989.378354813347,29996.033874176257,565
1996-01-13 01:21:00+00:00,29995.75747241485,30003.05092237248,29988.910209485573,29994.98316985883,589
1996-01-16 01:21:00+00:00,29996.180207600624,29998.174918100216,29994.409192626605,29995.28181200728,773
1996-01-19 01:21:00+00:00,29996.75931805103,30014.881554861495,29976.992629498378,29997.796586632798,562
1996-01-22 01:21:00+00:00,29997.799271292814,30013.849054903672,29994.58688604586,29998.318459024107,490
1996-01-25 01:21:00+00:00,29998.058723600367,30013.993598966757,29994.86155970183,29998.08112416572,636
1996-01-28 01:21:00+00:00,29998.030442288058,30017.680846999858,29992.117428178033,29998.536602932323,724
1996-01-31 01:21:00+00:00,29998.042000056023,30011.310389899725,29992.408240631914,29995.53604826784,503
1996-02-03 01:21:00+00:00,29999.04570717587,30003.630765656784,29985.684156342577,29998.03262669224,489
1996-02-06 01:21:00+00:00,29999.86586927269,30017.514955014252,29987.54033927352,30000.18086823506,931
1996-02-09 01:21:00+00:00,30001.675730080056,30020.47670761297,29994.30854307199,30000.881744343253,117
1996-02-12 01:21:00+00:00,30002.421716793528,30011.67788634241,29992.042982179097,30002.313721809558,546
1996-02-15 01:21:00+00:00,30002.84895223977,30004.97132992666,29988.938643919526,30003.98340411378,157
1996-02-18 01:21:00+00:00,30002.53013262796,30007.600930597357,29997.53117297607,30001.6325911549,207
1996-02-21 01:21:00+00:00,30002.626947749577,30016.857260453668,29999.45859330642,30003.2946205488,196
1996-02-24 01:21:00+00:00,30003.01357258356,30003.216609561656,29997.36178636753,30002.997776007884,556
1996-02-27 01:21:00+00:00,30004.034441189986,30005.7443770643,29992.074019349962,30004.840659715865,484
1996-03-01 01:21:00+00:00,30004.19579394416,30015.895687938813,29991.42976983027,30004.1766946374,614
1996-03-04 01:21:00+00:00,30003.200437462074,30022.33115745527,29995.25352084437,30002.12550052233,332
1996-03-07 01:21:00+00:00,30003.669148230674,30012.260357589104,29993.22158485257,30003.11681053705,248
1996-03-10 01:21:00+00:00,30004.578560065416,30006.105582367734,30004.063766423318,30004.943927124405,209
1996-03-13 01:21:00+00:00,30003.808637295235,30017.658813490532,29998.912124286395,30003.03806307648,467
1996-03-16 01:21:00+00:00,30004.88103997131,30019.428592132987,29990.882572827803,30005.390975257153,669
1996-03-19 01:21:00+00:00,30005.04351931758,30011.12931443795,30000.93394018742,30005.362919962332,821
1996-03-22 01:21:00+00:00,30003.855395915278,30022.360869292148,29984.542758590193,30003.00651401942,619
1996-03-25 01:21:00+00:00,30003.371600883667,30007.21432505093,29985.22027586966,30002.95881156763,301
1996-03-28 01:21:00+00:00,30002.45366855683,30006.269704429717,29991.918108417136,30001.633476798328,174
1996-03-31 01:21:00+00:00,30003.2777548229,30011.16056495226,29990.53511445671,30001.2568937189,806
1996-04-03 01:21:00+00:00,30003.669547090783,30003.885744509127,29983.798367531108,30002.401752586557,443
1996-04-06 01:21:00+00:00,30004.87920491008,30008.129632478056,29996.68074298039,30004.178460783744,182
1996-04-09 01:21:00+00:00,30003.201959544305,30009.683231618845,29995.94426065641,30004.45638723904,105
1996-04-12 01:21:00+00:00,30001.681223801585,30019.186956642177,29990.172973484496,30001.318509293684,446
1996-04-15 01:21:00+00:00,30001.278632490605,30001.588691645302,29988.633830924686,30001.750468728882,561
1996-04-18 01:21:00+00:00,30001.19930408214,30015.239585897445,29993.18273676841,30001.000572382385,406
1996-04-21 01:21:00+00:00,30001.190122244476,30013.312608827033,29982.521911598713,30001.806233434407,927
1996-04-24 01:21:00+00:00,30000.63750681853,30017.31406883496,29989.813796967996,30000.525129936716,966
1996-04-27 01:21:00+00:00,29999.83481426067,30016.839253128444,29982.24313876476,29999.496156961624,185
1996-04-30 01:21:00+00:00,29997.317273402372,30015.97003683959,29978.463023519835,29996.053744188273,635
1996-05-03 01:21:00+00:00,29998.881037986852,30008.23501403562,29996.84638792172,30000.413185455578,472
1996-05-06 01:21:00+00:00,29997.515640351496,30011.514703012323,29997.28797542545,29997.52441622151,141
1996-05-09 01:21:00+00:00,29997.04523118963,30009.336363326103,29990.56471463651,29998.44266009094,627
1996-05-12 01:21:00+00:00,29996.522029145384,30008.843102868483,29984.30220958752,29995.974559982897,917
1996-05-15 01:21:00+00:00,29998.34671679133,30009.94944981922,29996.098517139297,29998.703252340256,991
1996-05-18 01:21:00+00:00,29997.252955725126,30012.768234609997,29978.884224984457,29997.778291117265,510
1996-05-21 01:21:00+00:00,29997.073909672523,30004.54365015326,29986.86493490367,29997.2336715376,693
1996-05-24 01:21:00+00:00,29996.28679011509,30002.063491160818,29992.46424089833,29995.415557445154,825
1996-05-27 01:21:00+00:00,29995.309399606384,29996.665449475237,29990.865488269283,29995.75264137285,965
1996-05-30 01:21:00+00:00,29995.9466954035,30004.328198173473,29987.515662778547,29995.009398426406,521
1996-06-02 01:21:00+00:00,29996.02882847114,30002.13003074979,29993.910259891873,29994.580902846483,836
1996-06-05 01:21:00+00:00,29995.49338844502,30002.371968584222,29977.670758382676,29995.573593553032,631
1996-06-08 01:21:00+00:00,29995.807114223644,30009.58979965018,29987.578682747757,29993.66464030684,994
1996-06-11 01:21:00+00:00,29998.623277535422,30003.12484340785,29992.383615211347,29997.987280446672,596
1996-06-14 01:21:00+00:00,29998.61110415923,30013.1816980703,29991.154978151335,29996.495066061907,973
1996-06-17 01:21:00+00:00,29998.646471120734,30008.626006544684,29993.09539987572,29998.552897933332,677
1996-06-20 01:21:00+00:00,29996.54380047502,30000.99042714545,29991.04607613427,29996.019761352767,413
1996-06-23 01:21:00+00:00,29996.165753745172,30006.94926688839,29989.784809242155,29996.247123452813,771
1996-06-26 01:21:00+00:00,29995.81574970044,29996.710323334308,29982.3475221977,29995.089267059393,805
1996-06-29 01:21:00+00:00,29997.233905606437,30003.698053481537,29980.340392180457,29998.979846544615,367
1996-07-02 01:21:00+00:00,29998.01264677932,30003.659143099998,29985.03918987732,29997.99143597459,337
1996-07-05 01:21:00+00:00,29996.467663842304,30010.587462253112,29996.29676998643,29995.95674175908,893
1996-07-08 01:21:00+00:00,29995.052218214,30005.556222969684,29985.886333414233,29995.880351059528,997
1996-07-11 01:21:00+00:00,29996.500140538643,29997.96093008699,29982.142400257926,29995.965739377407,853
1996-07-14 01:21:00+00:00,29996.659846706185,30006.209201720718,29986.745912370745,29998.495491959515,627
1996-07-17 01:21:00+00:00,29996.031624084877,30006.75969295011,29978.86859068643,29995.040799211725,457
1996-07-20 01:21:00+00:00,29995.798595155447,30006.71537663803,29981.531342191276,29995.739711390077,860
1996-07-23 01:21:00+00:00,29995.17077924788,30004.876798961224,29983.572980510933,29993.04556723152,645
1996-07-26 01:21:00+00:00,29994.398396918536,30005.315813655798,29981.051705896305,29995.179579202202,273
1996-07-29 01:21:00+00:00,29993.561312173148,29995.835140077856,29985.406438751266,29994.02661587432,986
1996-08-01 01:21:00+00:00,29994.231438422416,29995.899886970416,29982.766873412,29994.186643812987,986
1996-08-04 01:21:00+00:00,29994.372019332128,30004.5801261218,29992.458593332438,29995.50517885622,815
1996-08-07 01:21:00+00:00,29993.871381252266,30000.71448824747,29989.732149143194,29994.188468012977,293
1996-08-10 01:21:00+00:00,29993.897601123295,30000.024050008193,29992.11073062789,29992.991136502333,877
1996-08-13 01:21:00+00:00,29991.463313826036,30007.012081328172,29988.692030323036,29991.40441237368,542
1996-08-16 01:21:00+00:00,29993.159343473784,29997.087589960975,29973.29726480045,29993.609011004988,554
1996-08-19 01:21:00+00:00,29994.576590454402,30012.902496824405,29988.913123414586,29993.93413244529,891
1996-08-22 01:21:00+00:00,29996.52123859092,30014.09566691604,29992.111090713384,29996.356385157345,626
1996-08-25 01:21:00+00:00,29996.010325630985,29999.77675545106,29984.652893841474,29995.944228328037,743
1996-08-28 01:21:00+00:00,29997.3646496498,30008.99876811576,29984.045831783045,29998.480866068036,128
1996-08-31 01:21:00+00:00,29996.441213593247,30002.311529506227,29991.370754493222,29997.17484952178,846
1996-09-03 01:21:00+00:00,29997.427996062015,30007.84700339219,29997.207972464363,29997.42666788437,497
1996-09-06 01:21:00+00:00,29995.14295473484,30002.596528894963,29986.570344096985,29996.286163563767,546
1996-09-09 01:21:00+00:00,29994.70994789073,30007.026893338414,29982.422249522126,29994.61021181462,195
1996-09-12 01:21:00+00:00,29996.273030736385,30014.566705800313,29979.463418017986,29997.601558681603,289
1996-09-15 01:21:00+00:00,29994.9980912805,29997.174688731495,29992.614393437405,29994.3520176796,245
1996-09-18 01:21:00+00:00,29994.92982222752,30009.15509514403,29979.281225855895,29993.5191633916,478
1996-09-21 01:21:00+00:00,29993.893454351513,30006.702833005234,29984.668485448365,29992.413434080067,438
1996-09-24 01:21:00+00:00,29994.063156451037,30011.361698068555,29979.96110148548,29996.364451114714,665
1996-09-27 01:21:00+00:00,29995.245003036853,30004.087166988997,29982.41695357279,29995.509407784913,287
1996-09-30 01:21:00+00:00,29993.272952146195,29997.399829776135,29980.78556386524,29992.13491998422,548
1996-10-03 01:21:00+00:00,29994.21097590361,30001.217890930915,29986.534180678045,29993.042408008463,817
1996-10-06 01:21:00+00:00,29995.49507725906,30013.7635418956,29988.24850546866,29997.583422870302,455
1996-10-09 01:21:00+00:00,29997.191255232297,29998.742216195646,29979.239872625698,29997.331074333943,326
1996-10-12 01:21:00+00:00,29997.565667741335,30000.324691780796,29983.593572660593,29998.293123559783,908
1996-10-15 01:21:00+00:00,29997.745024819113,30000.07972440137,29996.891231189158,29997.46996049858,447
1996-10-18 01:21:00+00:00,29997.117432063,30006.05536774525,29977.29312729124,29996.9120112302,150
1996-10-21 01:21:00+00:00,29997.162855771207,30014.357247329204,29977.80832897138,29996.015937291617,208
1996-10-24 01:21:00+00:00,29998.000847042968,30002.370359066408,29980.024678136404,29995.61176112406,623
1996-10-27 01:21:00+00:00,29998.688456097367,30008.964151759108,29993.12002402932,29999.695240843383,947
1996-10-30 01:21:00+00:00,30001.338332786876,30011.563380599986,29999.766490784805,30001.423374568156,265
1996-11-02 01:21:00+00:00,30000.393890067717,30006.800822839337,29984.105772995976,30000.338457616253,115
1996-11-05 01:21:00+00:00,29999.34364571179,30005.9193689355,29997.811052179415,29998.51722189757,282
1996-11-08 01:21:00+00:00,30000.22292935032,30010.52156364332,29985.256005030424,30000.706013198545,473
1996-11-11 01:21:00+00:00,29999.917431159654,30012.718190431482,29990.937158622924,30000.32505954754,728
1996-11-14 01:21:00+00:00,30000.0168519899,30012.852484620405,29993.67145736072,30000.647885231596,908
1996-11-17 01:21:00+00:00,29999.282041865907,29999.976573064403,29997.225231797976,30001.58340058861,231
1996-11-20 01:21:00+00:00,30000.1136829245,30008.11052431321,29996.66557462106,29999.760703412077,376
1996-11-23 01:21:00+00:00,30000.688310669528,30010.867879985242,29998.743138885795,30001.104625429274,432
1996-11-26 01:21:00+00:00,30001.878720193632,30006.604473833617,29983.962943462186,30002.40752465929,317
1996-11-29 01:21:00+00:00,30002.170274303233,30013.063470949277,29997.54863036954,30002.80741396276,877
1996-12-02 01:21:00+00:00,30001.43396068231,30017.210250926913,30000.302419246986,30002.105666365558,108
1996-12-05 01:21:00+00:00,30001.300984275997,30003.43235977366,29994.72378798396,30001.20690774046,170
1996-12-08 01:21:00+00:00,29998.430248165212,29999.37150038105,29996.309347196453,29998.51353883421,233
1996-12-11 01:21:00+00:00,29997.478288576393,30004.71190148978,29980.618568458347,29997.828976285662,383
1996-12-14 01:21:00+00:00,29996.759334993763,30014.212680554112,29996.710913917184,29995.23389333079,869
1996-12-17 01:21:00+00:00,29996.287715688308,30011.974142894836,29976.70921537454,29995.837470842325,287
1996-12-20 01:21:00+00:00,29996.677372939317,30002.427331951894,29986.4235919194,29997.903055862294,360
1996-12-23 01:21:00+00:00,29998.426736660167,30015.52036314284,29984.22687991343,29997.925782231992,481
1996-12-26 01:21:00+00:00,30000.22985645492,30018.76856599671,29992.71889135994,30000.516874663375,937
1996-12-29 01:21:00+00:00,29999.537016338032,30013.49297906392,29989.69418175225,29998.98075559714,342
1997-01-01 01:21:00+00:00,30000.180147785893,30002.770766229583,29991.74699401088,30001.6064131336,745
1997-01-04 01:21:00+00:00,30000.579147910445,30001.217863401576,29985.910532396167,30000.66486503456,278
1997-01-07 01:21:00+00:00,30000.120292107757,30018.56602602245,29985.429687698084,30001.636860144645,502
1997-01-10 01:21:00+00:00,30000.075211603624,30003.455643238733,29984.625329583774,30000.47190451911,979
1997-01-13 01:21:00+00:00,30001.295976676298,30006.79480294949,29992.72314832544,30001.46184014407,606
1997-01-16 01:21:00+00:00,30000.34657212742,30005.858813328494,29994.219847929002,30002.195403608093,810
1997-01-19 01:21:00+00:00,29999.83895581162,30014.553247090847,29987.653196019088,29999.707040833095,539
1997-01-22 01:21:00+00:00,29998.889827379284,30011.220337868403,29984.103634073723,29999.901726604305,354
1997-01-25 01:21:00+00:00,29998.574708399763,30009.800024919994,29985.917258916295,29997.93190721533,551
1997-01-28 01:21:00+00:00,29998.193172926396,30008.66509432553,29984.02858987102,29997.995796901785,644
1997-01-31 01:21:00+00:00,29999.287006897284,30010.40318831842,29986.416495901267,29998.59480922908,310
1997-02-03 01:21:00+00:00,29999.258178293014,30014.04427000696,29992.561886412957,30000.313643634196,566
1997-02-06 01:21:00+00:00,30000.995413750457,30006.613662067863,29988.508416958946,30000.777694300978,634
1997-02-09 01:21:00+00:00,30001.61034393639,30003.052610243227,29998.850555990623,30000.165301233825,891
1997-02-12 01:21:00+00:00,30003.088653749197,30021.03113174613,30000.702455908584,30003.702601179986,272
1997-02-15 01:21:00+00:00,30003.728334480013,30014.872571649612,29985.43250983218,30003.957642861078,782
1997-02-18 01:21:00+00:00,30003.60903373427,30014.02536918048,29983.68254273289,30004.847270327962,947
1997-02-21 01:21:00+00:00,30004.60982120708,30012.104705143625,30001.93041867721,30004.345453789058,697
1997-02-24 01:21:00+00:00,30005.691585769102,30011.645483508983,30002.934893544578,30005.831865678803,648
1997-02-27 01:21:00+00:00,30005.53139024385,30023.632917059644,30005.083014360414,30007.529007316127,946
1997-03-02 01:21:00+00:00,30003.698901163254,30019.126840139714,29994.031392233737,30002.833633327744,731
1997-03-05 01:21:00+00:00,30004.830497047704,30008.041212241573,30002.551346811557,30003.783666119332,236
1997-03-08 01:21:00+00:00,30005.545803253437,30013.046699362076,29992.32801548415,30006.048017860543,998
1997-03-11 01:21:00+00:00,30006.6603834702,30026.33437821519,29994.186765958122,30006.479767851757,459
1997-03-14 01:21:00+00:00,30006.71287586373,30011.139553840487,30001.78011483023,30007.20499908908,225
1997-03-17 01:21:00+00:00,30007.420474283335,30017.58523650485,30006.98837244148,30007.86377448641,564
1997-03-20 01:21:00+00:00,30008.31536812982,30012.20830992338,29990.687433906827,30006.88376702135,663
1997-03-23 01:21:00+00:00,30009.53307676141,30014.174800338773,30005.914531232516,30009.40987077924,335
1997-03-26 01:21:00+00:00,30010.641757100235,30023.22949697545,29991.920039808825,30008.641634959673,786
1997-03-29 01:21:00+00:00,30011.326137674816,30020.571692370213,29996.376346715362,30011.25824238852,269
1997-04-01 01:21:00+00:00,30010.830027035423,30019.317495390584,30005.218369486513,30010.44228246099,136
1997-04-04 01:21:00+00:00,30010.564705662866,30023.34216382736,29996.679807806275,30010.78904478727,928
1997-04-07 01:21:00+00:00,30009.283909772163,30012.617456894925,29991.5784895682,30009.6969729945,675
1997-04-10 01:21:00+00:00,30008.588893886576,30014.06077478967,29998.36136023619,30009.130016436968,160
1997-04-13 01:21:00+00:00,30009.731110675235,30020.65344133843,29995.35229695097,30010.091544081908,185
1997-04-16 01:21:00+00:00,30010.964262676473,30011.154504049613,30001.76272382005,30009.680994994556,254
1997-04-19 01:21:00+00:00,30010.27905589397,30026.76800949889,30003.326299828463,30009.361540099504,878
1997-04-22 01:21:00+00:00,30009.670720124355,30022.655259751897,30001.488330389064,30008.84817395346,569
1997-04-25 01:21:00+00:00,30012.416596707222,30027.463601912965,30005.75789961957,30012.68946218614,353
1997-04-28 01:21:00+00:00,30012.605682959496,30017.568936151532,29993.352767685923,30013.511701971267,570
1997-05-01 01:21:00+00:00,30012.66230455228,30018.97085110264,29993.877596371814,30011.358784729026,812
1997-05-04 01:21:00+00:00,30013.228760292044,30031.34753527251,29997.60118400431,30011.97611963701,603
1997-05-07 01:21:00+00:00,30013.761860099166,30019.284669260796,30008.105331886298,30014.345366014833,884
1997-05-10 01:21:00+00:00,30012.283745216275,30028.96860328161,30012.150886777687,30011.543487010946,517
1997-05-13 01:21:00+00:00,30011.90830289518,30027.461116921357,30007.11249759841,30014.375564413225,361
1997-05-16 01:21:00+00:00,30012.045795147955,30027.62814995706,30004.613490224274,30012.49907925771,642
1997-05-19 01:21:00+00:00,30011.383312522805,30017.865634639395,30003.777514538844,30011.24760721001,294
1997-05-22 01:21:00+00:00,30010.536745825277,30018.297659018393,29992.849571349492,30010.855754961332,481
1997-05-25 01:21:00+00:00,30011.077506996164,30021.490076848797,29997.93890145212,30010.555556660172,545
1997-05-28 01:21:00+00:00,30009.9350085787,30027.69360640324,30005.14911209527,30010.378303569873,524
1997-05-31 01:21:00+00:00,30009.24816593919,30019.5168238495,29990.972634296286,30008.649203400895,301
1997-06-03 01:21:00+00:00,30009.874650688816,30010.633698245943,30006.298007436228,30010.604923645256,493
1997-06-06 01:21:00+00:00,30009.87036559088,30015.358509122656,29994.286364429627,30008.925525698298,826
1997-06-09 01:21:00+00:00,30010.021412689493,30012.51793469365,29996.309142884078,30008.70002817473,382
1997-06-12 01:21:00+00:00,30010.682607452058,30029.163378755962,30010.612010590485,30010.23131752301,298
1997-06-15 01:21:00+00:00,30007.45265252485,30008.303639078724,29989.451320867476,30006.265080075806,234
1997-06-18 01:21:00+00:00,30007.217294505117,30020.93138176659,30000.890678388187,30008.106379330995,529
1997-06-21 01:21:00+00:00,30005.601427898695,30016.760729780235,29988.30505637858,30005.313944578164,323
1997-06-24 01:21:00+00:00,30006.156546313952,30015.710527652616,30000.00296714553,30006.41817291045,948
1997-06-27 01:21:00+00:00,30005.687981731626,30021.02369677664,29989.941155387456,30004.912008268817,368
1997-06-30 01:21:00+00:00,30006.32005680026,30010.0726121556,29993.46944117721,30005.45863497737,766
1997-07-03 01:21:00+00:00,30004.83286550893,30017.685776429076,29987.89712704332,30006.68266592212,726
1997-07-06 01:21:00+00:00,30003.75107505921,30021.185872993065,29994.06366407667,30001.676540857607,608
1997-07-09 01:21:00+00:00,30003.62203508768,30006.260255061254,29997.380849856545,30003.591209384234,366
1997-07-12 01:21:00+00:00,30004.067375122046,30006.418561004168,29993.642100949965,30003.880197314298,966
1997-07-15 01:21:00+00:00,30003.660406646264,30017.71646501617,29989.8421602475,30003.6418171716,355
1997-07-18 01:21:00+00:00,30003.195261405315,30019.18219144243,30002.403348128453,30001.252938982383,243
1997-07-21 01:21:00+00:00,30003.076475976708,30004.447241422,29994.019166262216,30002.82384680097,682
1997-07-24 01:21:00+00:00,30004.739014166105,30012.24132583971,29985.48640058396,30003.361300999255,112
1997-07-27 01:21:00+00:00,30004.573408653592,30008.005087024747,29998.825555837047,30003.540658248512,512
1997-07-30 01:21:00+00:00,30003.950520878618,30023.243892644023,29987.819560437616,30004.147798732185,373
1997-08-02 01:21:00+00:00,30005.0262683688,30020.288776737783,29999.071924139454,30006.112618565832,729
1997-08-05 01:21:00+00:00,30005.42113467913,30008.143380775753,29999.71954696689,30005.7210812328,398
1997-08-08 01:21:00+00:00,30005.200231397874,30016.62051210408,30001.850368496132,30006.822753074637,633
1997-08-11 01:21:00+00:00,30006.029436353463,30022.85176512674,29997.207003274863,30007.902982188323,437
1997-08-14 01:21:00+00:00,30006.53639471217,30008.301566741116,29990.233021160315,30006.75057053631,614
1997-08-17 01:21:00+00:00,30006.713668037584,30020.33473878134,29992.88110436674,30005.195223301278,473
1997-08-20 01:21:00+00:00,30005.183038348096,30021.851978265444,30002.168572588525,30005.660058316418,235
1997-08-23 01:21:00+00:00,30006.589459767896,30008.25044114283,30001.291917797073,30005.856641766102,184
1997-08-26 01:21:00+00:00,30005.83583639978,30025.524422542276,30004.841763466284,30004.375967892902,261
1997-08-29 01:21:00+00:00,30006.494490780144,30010.26147649017,30002.38266198996,30006.39726764419,517
1997-09-01 01:21:00+00:00,30005.03499969643,30021.31964185527,29992.547009272967,30005.37038305468,416
1997-09-04 01:21:00+00:00,30004.358414078022,30013.621089387765,29987.934541957504,30003.150769924225,498
1997-09-07 01:21:00+00:00,30003.06102462453,30003.261170768266,29997.42639250356,30002.651882736423,497
1997-09-10 01:21:00+00:00,30003.192128292187,30005.594145665415,30002.617320627767,30001.658736510464,992
1997-09-13 01:21:00+00:00,30004.83039562702,30015.518692946946,29997.46852834689,30006.19646490493,227
1997-09-16 01:21:00+00:00,30003.841476898302,30019.77709159529,29994.68425299613,30003.206826710506,181
1997-09-19 01:21:00+00:00,30002.85823987187,30007.35794875935,29999.769237517692,30004.81581783276,975
1997-09-22 01:21:00+00:00,30001.40061101192,30008.241673875615,29991.734809562546,30000.490056634448,703
1997-09-25 01:21:00+00:00,30002.171110253596,30013.373298069782,29996.86661181491,30002.2241868813,646
1997-09-28 01:21:00+00:00,30001.49947372517,30009.974752485545,29981.833710179424,29999.89890173148,112
1997-10-01 01:21:00+00:00,30000.90820599861,30017.272745486745,30000.514989065632,30000.721647285667,562
1997-10-04 01:21:00+00:00,30002.438755739466,30003.27006290177,29997.13582886132,30003.28079018948,717
1997-10-07 01:21:00+00:00,30002.520771412765,30021.66648719257,29998.117318977733,30002.48621430134,144
1997-10-10 01:21:00+00:00,30003.476605173677,30020.71384238622,29998.066111662767,30002.683385773762,733
1997-10-13 01:21:00+00:00,30004.43410131682,30007.049060689504,29986.572456132795,30003.525656956695,396
1997-10-16 01:21:00+00:00,30004.35869516783,30018.04268618032,30000.755186791717,30005.667130751564,994
1997-10-19 01:21:00+00:00,30004.541810788254,30013.08222475046,30001.449645921617,30004.502165292415,780
1997-10-22 01:21:00+00:00,30003.7435470748,30015.000207478395,29987.805039549403,30004.640462938867,627
1997-10-25 01:21:00+00:00,30004.877926882666,30019.467124076433,29997.658851637803,30005.3024399245,417
1997-10-28 01:21:00+00:00,30005.584766890534,30007.991103201584,29995.672074563867,30004.898006194006,845
1997-10-31 01:21:00+00:00,30005.55798677736,30018.627333816017,29996.361750122025,30005.349083690824,309
1997-11-03 01:21:00+00:00,30005.456130278835,30017.358979190278,29985.80380479967,30005.79541763438,392
1997-11-06 01:21:00+00:00,30003.50501721384,30018.66417728335,29984.51820308345,30003.672704393626,388
1997-11-09 01:21:00+00:00,30002.504910978278,30015.452013909435,29994.83935627526,30001.47816066575,971
1997-11-12 01:21:00+00:00,30000.452298550634,30010.618380197502,29986.90405603872,30001.98036631958,534
1997-11-15 01:21:00+00:00,29999.67240393986,30000.89386507175,29995.8650563625,29999.823860324428,714
1997-11-18 01:21:00+00:00,30000.453598745447,30007.782266935574,29988.152394180677,30000.144480471983,797
1997-11-21 01:21:00+00:00,30001.486158511496,30006.308528699992,29985.304468318005,30001.018169894734,202
1997-11-24 01:21:00+00:00,30002.201988938927,30015.044802471868,29995.15245556513,30003.132148534834,954
1997-11-27 01:21:00+00:00,30001.03782485562,30011.484071287974,29992.342779275008,30000.649598368364,434
1997-11-30 01:21:00+00:00,29999.621828123978,30008.897289254106,29981.549476143606,29999.84945223247,416
1997-12-03 01:21:00+00:00,29998.266680698696,29999.54665723079,29979.479826952695,29998.87792407811,449
1997-12-06 01:21:00+00:00,29998.45468181767,30011.661534984305,29979.517419583757,29998.46942432328,766
1997-12-09 01:21:00+00:00,29996.714299873787,30010.758735334734,29982.85215367951,29995.73243637605,545
1997-12-12 01:21:00+00:00,29996.470787103204,30003.360156870465,29994.737595434166,29996.55380726227,389
1997-12-15 01:21:00+00:00,29997.527004356976,29998.847367360762,29994.175626236443,29998.0853867748,334
1997-12-18 01:21:00+00:00,29997.880695751934,30007.02316370471,29997.11260209083,29996.66609334874,742
1997-12-21 01:21:00+00:00,29998.763609897644,30007.18182500365,29985.796835125067,29999.68447635846,894
1997-12-24 01:21:00+00:00,29999.625722511664,30004.19284698145,29984.553871958047,29997.345216301557,319
1997-12-27 01:21:00+00:00,29999.784619063506,30019.430015288715,29996.317543127858,29998.976729568512,411
1997-12-30 01:21:00+00:00,29999.17916145391,30004.084360609555,29979.58745134209,29997.999977514904,282
1998-01-02 01:21:00+00:00,29999.13370220309,30007.619008297163,29992.060325923896,30000.029644632665,360
1998-01-05 01:21:00+00:00,29999.644398660937,30008.146360741583,29993.45984131241,29999.664782866097,765
1998-01-08 01:21:00+00:00,30000.88771310316,30013.437335667422,29992.663412660066,30002.536830664307,253
1998-01-11 01:21:00+00:00,30000.99983176682,30009.6306183439,29985.350787062456,30000.809214750698,564
1998-01-14 01:21:00+00:00,29998.744749801794,30012.18475224688,29995.33288681033,29998.200237958987,916
1998-01-17 01:21:00+00:00,29997.35889314343,29998.140775876207,29985.37534120429,29996.58493050084,961
1998-01-20 01:21:00+00:00,29998.832499728775,30001.77657807376,29987.943862207365,29997.4979032891,525
1998-01-23 01:21:00+00:00,29998.604895188655,30008.79134893276,29994.956502084733,29997.485595338043,166
1998-01-26 01:21:00+00:00,29997.69119042888,30011.492764970895,29980.646228402282,29997.23902528929,170
1998-01-29 01:21:00+00:00,29996.685804799905,30006.121139955263,29980.298842314238,29994.325573805778,235
1998-02-01 01:21:00+00:00,29996.631770913293,30004.34982680223,29990.78864898546,29994.119620408565,774
1998-02-04 01:21:00+00:00,29996.45677410115,30003.88085873337,29977.797114165485,29996.878875323153,769
1998-02-07 01:21:00+00:00,29997.472451691163,30010.731147713897,29993.716718202555,29997.850369430053,888
1998-02-10 01:21:00+00:00,29996.58573357595,30008.61007450116,29987.135000769013,29998.222912322668,703
1998-02-13 01:21:00+00:00,29999.870505881576,30010.907824243557,29998.09463791983,30000.48141567109,620
1998-02-16 01:21:00+00:00,29999.773188493007,30019.522747924286,29992.22313590175,29999.564690710533,736
1998-02-19 01:21:00+00:00,30001.95340874622,30004.430230107453,29992.6397625479,30001.58906365914,401
1998-02-22 01:21:00+00:00,30001.527774980997,30012.86798450142,29981.864895129846,30000.714493868632,512
1998-02-25 01:21:00+00:00,30000.970773080422,30002.95854302461,29993.74940215174,29999.75550471578,601
1998-02-28 01:21:00+00:00,30003.935293287628,30014.533346348497,29997.938930596396,30002.202205570535,100
1998-03-03 01:21:00+00:00,30003.02025165006,30017.82776880473,29986.278601893544,30002.917612744903,326
1998-03-06 01:21:00+00:00,30002.20264458431,30003.71902123275,29983.66344298688,30001.29348950902,931
1998-03-09 01:21:00+00:00,30002.606257159216,30019.510082914883,30001.255926955386,30003.16728753776,122
1998-03-12 01:21:00+00:00,30002.833465107153,30015.726420280367,29999.14973874555,30003.910962645576,450
1998-03-15 01:21:00+00:00,30004.317907249286,30011.747023412638,29999.01787842974,30005.918058820957,344
1998-03-18 01:21:00+00:00,30003.71592328489,30005.440061660593,29998.159833280522,30002.549655158557,750
1998-03-21 01:21:00+00:00,30004.75183361989,30015.53015696236,29996.78028974931,30004.399302288537,633
1998-03-24 01:21:00+00:00,30004.878702491893,30020.138796100022,29986.614630951015,30005.471754707374,791
1998-03-27 01:21:00+00:00,30005.11530751151,30019.866960545114,30001.077454141145,30004.433982027876,404
1998-03-30 01:21:00+00:00,30005.558059103605,30021.34923373458,29992.264461858336,30005.09046734821,163
1998-04-02 01:21:00+00:00,30005.809551749895,30018.196665471703,29988.933953060914,30004.999690685716,909
1998-04-05 01:21:00+00:00,30004.237107556088,30013.784467669797,30003.497956937576,30005.69893507504,336
1998-04-08 01:21:00+00:00,30004.380739341574,30007.099634762923,29998.102250021984,30004.616011559654,891
1998-04-11 01:21:00+00:00,30003.799402882778,30022.490761203433,29985.43103980707,30004.637883276944,893
1998-04-14 01:21:00+00:00,30003.794244613488,30006.224696778085,29994.905095882095,30003.08541965404,978
1998-04-17 01:21:00+00:00,30002.32995765661,30018.185602222322,29996.864220520387,30000.769765787194,387
1998-04-20 01:21:00+00:00,30001.321625892677,30015.77082869965,29983.760820337186,30000.290156393236,462
1998-04-23 01:21:00+00:00,30000.550454874756,30012.9033402438,30000.3654610404,30001.364924441576,202
1998-04-26 01:21:00+00:00,29999.77086629214,30009.30262799791,29992.49852068143,29999.53357278717,689
1998-04-29 01:21:00+00:00,29999.66607602448,30004.587862889017,29998.553239035697,30000.913807442,982
1998-05-02 01:21:00+00:00,29998.691086360664,30010.14928693294,29992.453613400718,29999.48932269156,742
1998-05-05 01:21:00+00:00,29998.130429299206,29998.30529540102,29989.509064978774,29999.496076896732,393
1998-05-08 01:21:00+00:00,29997.87631340211,30015.304418992557,29997.61247827061,29998.605537724634,431
1998-05-11 01:21:00+00:00,29998.89663447514,30004.245485848845,29984.956001720566,30000.002922286527,141
1998-05-14 01:21:00+00:00,29998.357959930476,30006.111807272355,29978.509260969073,29999.562443946616,799
1998-05-17 01:21:00+00:00,29997.728761177004,30016.497439020844,29988.825611397526,29998.733927653124,490
1998-05-20 01:21:00+00:00,29996.274063917088,29997.643938767076,29979.610919701314,29995.580752343543,364
1998-05-23 01:21:00+00:00,29997.11910899875,30002.262361030313,29978.20567345455,29996.12325290881,810
1998-05-26 01:21:00+00:00,29997.60214729332,29999.48235615764,29983.39669646406,29998.118401938704,600
1998-05-29 01:21:00+00:00,29997.785625243007,30006.737406617747,29997.670105168138,29995.94437652496,787
1998-06-01 01:21:00+00:00,29997.607025424742,30007.061294411084,29981.459263812052,29997.238121504502,657
1998-06-04 01:21:00+00:00,29998.102569762075,30012.60272915873,29979.972766700048,29997.970183265108,676
1998-06-07 01:21:00+00:00,29998.211931937407,30005.472157574495,29984.132046365143,29999.62696383946,503
1998-06-10 01:21:00+00:00,29998.63427200995,30009.142390422327,29986.797440855884,29998.591589124946,334
1998-06-13 01:21:00+00:00,29998.08225971767,29999.58443155919,29995.986554259685,29998.690531943164,279
1998-06-16 01:21:00+00:00,29997.71481679082,30017.549013633216,29997.160825986353,29997.061732470713,727
1998-06-19 01:21:00+00:00,29998.21503239362,30007.955804482095,29986.499725777852,29998.582508290452,797
1998-06-22 01:21:00+00:00,29999.81117959397,30004.950830092803,29990.720952694926,29999.721635141548,586
1998-06-25 01:21:00+00:00,29997.787516036977,30000.857162699966,29979.344028424657,29996.51130017285,963
1998-06-28 01:21:00+00:00,29998.94678127104,30003.46454036603,29980.95348351955,30000.680179698116,884
1998-07-01 01:21:00+00:00,29998.49581076242,30004.92372533067,29990.97428826437,29997.147924639612,590
1998-07-04 01:21:00+00:00,29998.862815705972,30006.145651246356,29989.74210677811,30002.283175888533,116
1998-07-07 01:21:00+00:00,29999.458702920707,30009.701968522553,29980.74999105784,30000.391544440925,188
1998-07-10 01:21:00+00:00,29999.32157449959,30014.26954982849,29999.083967815604,30001.0756232542,690
1998-07-13 01:21:00+00:00,30000.510914857303,30003.27417411426,29997.940514305606,30000.38334303436,762
1998-07-16 01:21:00+00:00,30000.390323243322,30011.12352058459,29995.139265854777,30000.967673581214,539
1998-07-19 01:21:00+00:00,30001.914489543076,30020.53304499576,29997.81082253196,30002.208052842107,941
1998-07-22 01:21:00+00:00,30001.326700633683,30001.70155416584,29982.05712789021,30001.00008479044,885
1998-07-25 01:21:00+00:00,30000.028486915922,30008.430543089446,29995.625807372755,29999.466914901735,699
1998-07-28 01:21:00+00:00,30000.301126417027,30018.221646255803,29981.384703422988,29998.823452853394,857
1998-07-31 01:21:00+00:00,30000.726614001545,30008.165063213495,29985.478694273796,30001.071555230847,925
1998-08-03 01:21:00+00:00,29999.61260211025,30010.272665879475,29993.79697035324,29999.293265219705,443
1998-08-06 01:21:00+00:00,30000.111018292497,30008.22534685568,29996.56834007574,29999.731455674344,919
1998-08-09 01:21:00+00:00,29999.98735981491,30018.97200921668,29986.81542662203,29999.34264386669,874
1998-08-12 01:21:00+00:00,29999.653463479575,30011.522853003244,29982.704985443346,29998.97577574863,964
1998-08-15 01:21:00+00:00,29999.268237950368,30012.43236011593,29997.185610897952,29999.304903019613,328
1998-08-18 01:21:00+00:00,29997.971634522637,30007.24311980482,29985.124027275328,29998.514730496012,494
1998-08-21 01:21:00+00:00,30000.433222310425,30016.344891205525,29998.561790227155,29999.85956835859,827
1998-08-24 01:21:00+00:00,30000.839196333574,30018.171913646132,29989.54008814695,30001.637770909558,885
1998-08-27 01:21:00+00:00,30002.58481820819,30021.762301796472,29993.180609784136,30003.37894562612,249
1998-08-30 01:21:00+00:00,30003.129735246202,30011.583164757776,29994.21588549284,30002.821391880305,702
1998-09-02 01:21:00+00:00,30002.006202260494,30006.160345155597,29994.899876775446,30002.139096451676,960
1998-09-05 01:21:00+00:00,30002.670682983946,30013.099049260374,29998.655565827732,30002.865458367974,954
1998-09-08 01:21:00+00:00,30003.425326758497,30013.627299416476,30001.602024867334,30002.90927029789,146
1998-09-11 01:21:00+00:00,30002.845364628232,30009.951072988435,29994.345097383117,30003.63143400208,912
1998-09-14 01:21:00+00:00,30002.172535199385,30019.394313101333,30001.584968948526,30000.711970403583,955
1998-09-17 01:21:00+00:00,30001.882468941712,30010.48482132097,29987.501120179877,30001.71918550578,765
1998-09-20 01:21:00+00:00,30000.586078398257,30009.232487511315,29981.905000241215,30001.10815978898,829
1998-09-23 01:21:00+00:00,30001.18636888903,30001.233877896193,29996.555663738174,30002.59037001515,273
1998-09-26 01:21:00+00:00,30000.634356061775,30018.576077585716,29987.420448656223,30001.52345900231,960
1998-09-29 01:21:00+00:00,30000.43727149336,30008.51125840943,29981.732469500792,30000.41307599608,662
1998-10-02 01:21:00+00:00,30002.510523860685,30016.27320661476,29992.992953546734,30001.791271913484,132
1998-10-05 01:21:00+00:00,30002.69338990784,30010.204109227903,29990.554018327828,30001.41788916509,264
1998-10-08 01:21:00+00:00,30001.71234908989,30009.618654689024,29985.765997679417,30002.776376941656,924
1998-10-11 01:21:00+00:00,30001.31035830884,30018.5127609196,29993.572238159526,30000.24838774692,547
1998-10-14 01:21:00+00:00,29999.831152621624,30013.200989213023,29999.06660522019,30000.421095145226,104
1998-10-17 01:21:00+00:00,30000.109694007213,30011.612503093576,29998.54504217805,29998.61988279127,879
1998-10-20 01:21:00+00:00,30001.325748608408,30014.728435676443,29994.99580851481,29999.609077838268,257
1998-10-23 01:21:00+00:00,30000.21478140407,30019.041953056123,29995.771729009055,30001.40090981174,907
1998-10-26 01:21:00+00:00,29999.81123224398,30004.164258831992,29997.975081643443,30000.290654058597,395
1998-10-29 01:21:00+00:00,29999.682198176975,30007.3789789612,29980.96079803104,30000.4628897041,468
1998-11-01 01:21:00+00:00,30001.353906742497,30001.866595468953,30000.50364207627,30001.27458349961,502
1998-11-04 01:21:00+00:00,30001.264431228876,30004.398485367634,29987.965241837795,30000.929823595736,333
1998-11-07 01:21:00+00:00,30002.055370964503,30009.600903785053,29983.837115733066,30001.736050449017,730
1998-11-10 01:21:00+00:00,30003.681211496023,30010.48142308029,29986.222169578665,30003.421228490828,447
1998-11-13 01:21:00+00:00,30005.34500982717,30015.12676183127,30003.66270197723,30004.92878279612,278
1998-11-16 01:21:00+00:00,30006.114961308303,30023.079959682607,30003.64825387666,30006.099439677328,238
1998-11-19 01:21:00+00:00,30005.79361729211,30008.80563446483,29998.43733140826,30006.231453405388,155
1998-11-22 01:21:00+00:00,30004.463873801535,30020.676741887004,29999.865911061042,30004.993663379497,541
1998-11-25 01:21:00+00:00,30004.85232654884,30008.798277756585,29994.332907089276,30004.595150470122,277
1998-11-28 01:21:00+00:00,30006.200445907416,30011.341085467277,29999.20980631345,30008.87118916415,265
1998-12-01 01:21:00+00:00,30007.4670204725,30012.782435458557,29998.744805521048,30007.620905132495,648
1998-12-04 01:21:00+00:00,30006.070323068656,30017.507320543093,30000.294899786833,30007.42964374451,833
1998-12-07 01:21:00+00:00,30007.03755404734,30018.63952931338,29990.609043978515,30006.234629354545,297
1998-12-10 01:21:00+00:00,30008.29863497996,30024.48946293079,29998.37291686817,30008.115007136683,571
1998-12-13 01:21:00+00:00,30008.56083696011,30012.557916935122,30001.602808802912,30008.77620679224,266
1998-12-16 01:21:00+00:00,30008.115929670257,30024.57700788107,29994.568535760816,30007.94142119901,237
1998-12-19 01:21:00+00:00,30009.026678316462,30022.499057141362,29998.25553113541,30008.715882697525,388
1998-12-22 01:21:00+00:00,30010.612377215668,30015.966782681833,30004.979712768753,30010.963166862668,379
1998-12-25 01:21:00+00:00,30008.63145010718,30011.223254650577,30008.341755651785,30007.713667407574,291
1998-12-28 01:21:00+00:00,30008.709134634148,30015.259064040267,29994.253927822832,30008.3010254414,609
1998-12-31 01:21:00+00:00,30009.74009038217,30013.096858079603,30000.375984940405,30011.369460199032,943
1999-01-03 01:21:00+00:00,30008.36915380304,30020.473430729216,30006.407672361354,30008.465960732305,564
1999-01-06 01:21:00+00:00,30007.879031671862,30015.36084382069,29999.57468524433,30008.3442283783,597
1999-01-09 01:21:00+00:00,30007.6369139047,30022.17444664869,30003.907888986876,30007.327242433566,224
1999-01-12 01:21:00+00:00,30007.859795233675,30014.11837225087,30001.630108175137,30008.29286692495,122
1999-01-15 01:21:00+00:00,30006.899706181495,30020.33071328111,29991.500392783182,30006.560283071798,885
1999-01-18 01:21:00+00:00,30006.130059982115,30009.08152385837,29993.715227085464,30007.212164297747,787
1999-01-21 01:21:00+00:00,30006.205954007928,30018.0500038716,30003.038062819975,30005.69887941401,301
1999-01-24 01:21:00+00:00,30008.6100982673,30027.771456581606,29999.29924408189,30009.49478722939,684
1999-01-27 01:21:00+00:00,30009.26326111091,30021.165511723477,29994.190179521705,30008.21699360147,922
1999-01-30 01:21:00+00:00,30010.10630986621,30019.34096974968,29994.233137048555,30009.581649549753,198
1999-02-02 01:21:00+00:00,30010.06471702343,30021.10340644527,30004.764741349227,30009.353428133356,250
1999-02-05 01:21:00+00:00,30009.19932969955,30028.62892538362,29996.75095723473,30010.567633631475,747
1999-02-08 01:21:00+00:00,30009.780134770695,30024.134370560954,30003.912132514037,30010.40504450356,915
1999-02-11 01:21:00+00:00,30009.53811201827,30024.076945983707,29999.667177647287,30011.083057528795,165
1999-02-14 01:21:00+00:00,30008.900128913298,30017.54231307449,29991.44589143564,30008.311484969723,445
1999-02-17 01:21:00+00:00,30008.795864986732,30011.25986921783,30004.943728433882,30008.980737317554,685
1999-02-20 01:21:00+00:00,30009.603837137507,30017.89961490034,29994.797345505096,30009.397192707638,678
1999-02-23 01:21:00+00:00,30011.06075814339,30012.80619881957,30005.540169109234,30009.422451452432,788
1999-02-26 01:21:00+00:00,30011.102733981792,30022.18767112946,30007.580802934735,30010.601943213172,687
1999-03-01 01:21:00+00:00,30009.40684621468,30011.383169311135,30001.09576887269,30010.03388840368,109
1999-03-04 01:21:00+00:00,30008.753740362932,30024.952385915087,29989.730224601994,30008.92576741973,280
1999-03-07 01:21:00+00:00,30007.204622452282,30021.160885931145,29997.8316319078,30007.989673526044,221
1999-03-10 01:21:00+00:00,30007.706174470375,30014.664522990406,30006.757055843475,30007.620685632923,497
1999-03-13 01:21:00+00:00,30008.390321902243,30021.605673648748,29997.521215945748,30008.891544430357,505
1999-03-16 01:21:00+00:00,30009.58383405332,30016.142294782345,30002.273268196182,30010.277819595463,856
1999-03-19 01:21:00+00:00,30008.9520541807,30018.121973991874,29997.951069747618,30008.31614101379,145
1999-03-22 01:21:00+00:00,30010.4105375855,30029.05884745949,29999.20935144573,30011.563292801642,983
1999-03-25 01:21:00+00:00,30008.567990565025,30015.725838344708,30003.870088828233,30007.152858143618,455
1999-03-28 01:21:00+00:00,30008.58047384009,30018.339261418827,29989.498899874627,30010.856730035495,712
1999-03-31 01:21:00+00:00,30010.657135175068,30030.527052997528,30001.040547304532,30009.836093860165,819
1999-04-03 01:21:00+00:00,30010.864276261967,30013.777885338375,29996.451108088044,30010.83030922688,705
1999-04-06 01:21:00+00:00,30010.069747578018,30021.68132644642,29997.128711016117,30007.924348486926,922
1999-04-09 01:21:00+00:00,30010.616914180988,30011.03305370306,29990.772771721386,30010.807376642173,916
1999-04-12 01:21:00+00:00,30010.279114500707,30014.806355206114,29994.687506296345,30011.300047517456,224
1999-04-15 01:21:00+00:00,30009.471197938747,30010.736556191878,29997.685417912435,30010.895906818176,901
1999-04-18 01:21:00+00:00,30011.601510797373,30014.287517373385,29998.753554731396,30010.86651906385,421
1999-04-21 01:21:00+00:00,30012.584314164087,30031.564160481186,29996.66398686094,30012.45678059877,343
1999-04-24 01:21:00+00:00,30012.25377141868,30030.911444146554,30007.55100642485,30014.24679913364,422
1999-04-27 01:21:00+00:00,30012.372850541786,30028.88787067242,30001.964784261392,30011.327952644046,336
1999-04-30 01:21:00+00:00,30013.23651533515,30024.81507359351,30001.566202988477,30014.15830781552,996
1999-05-03 01:21:00+00:00,30012.535444913476,30015.761662517813,30010.685329089763,30013.197499159804,422
1999-05-06 01:21:00+00:00,30013.85606454897,30020.02391677378,30001.42198180549,30014.68452389005,290
1999-05-09 01:21:00+00:00,30013.270641518135,30028.933549724756,30012.326649147886,30011.242407350906,689
1999-05-12 01:21:00+00:00,30013.551912576797,30015.18621315483,29996.650842450865,30012.903242214106,958
1999-05-15 01:21:00+00:00,30013.015088257285,30016.50839996071,30009.603627566154,30013.599405412904,246
1999-05-18 01:21:00+00:00,30012.42393498582,30031.197525321448,30008.697964478364,30011.94310997102,562
1999-05-21 01:21:00+00:00,30014.396331495616,30032.28318358217,30004.98497214163,30014.771750509586,942
1999-05-24 01:21:00+00:00,30013.58755923845,30033.111583915095,29995.063183703824,30013.553604945428,262
1999-05-27 01:21:00+00:00,30012.62578118339,30024.233643061125,30007.44268082622,30013.276059093158,873
1999-05-30 01:21:00+00:00,30012.66400695983,30028.31237265862,29993.0728264675,30011.946601463173,698
1999-06-02 01:21:00+00:00,30014.826621263823,30030.097941539003,29997.058013533366,30016.13319785471,867
1999-06-05 01:21:00+00:00,30015.602835107682,30025.12170683328,29997.1605575564,30014.396499593644,743
1999-06-08 01:21:00+00:00,30017.012506298503,30024.09691242576,30011.69609213956,30018.16501145277,943
1999-06-11 01:21:00+00:00,30014.02756712094,30015.62885541013,29999.083803868336,30012.88438694436,682
1999-06-14 01:21:00+00:00,30015.295462218714,30024.422943739926,30007.5791713846,30014.3503734118,835
1999-06-17 01:21:00+00:00,30015.55785898901,30019.435290632606,30002.4225606333,30014.362837451958,351
1999-06-20 01:21:00+00:00,30014.706856579178,30033.91789568926,29999.951778391463,30014.28725369859,839
1999-06-23 01:21:00+00:00,30014.321449207462,30019.448182128257,29998.20411845466,30014.937934880683,958
1999-06-26 01:21:00+00:00,30014.609735991988,30027.67799301501,30013.218132338417,30014.943015242774,169
1999-06-29 01:21:00+00:00,30013.015074027673,30023.882509189818,29997.470992163468,30012.534861178112,548
1999-07-02 01:21:00+00:00,30013.147996083524,30018.617595538468,29997.520864481972,30014.911858246393,459
1999-07-05 01:21:00+00:00,30015.523181546105,30022.143715239974,30006.053194149812,30016.05004086899,212
1999-07-08 01:21:00+00:00,30016.44574611735,30026.672101942862,29998.88530394439,30015.78333893084,699
1999-07-11 01:21:00+00:00,30016.680092778653,30029.063869688078,30005.40531637452,30016.49770989736,313
1999-07-14 01:21:00+00:00,30017.623357726137,30022.664521038845,30006.81496643671,30017.61729628733,208
1999-07-17 01:21:00+00:00,30018.725576168144,30025.981143895857,30015.163508576385,30019.272045042995,570
1999-07-20 01:21:00+00:00,30017.381672749147,30033.107842738704,30013.87950683646,30018.874076569275,814
1999-07-23 01:21:00+00:00,30016.53101717564,30019.523054602432,30002.272694525152,30016.05475070268,736
1999-07-26 01:21:00+00:00,30016.251968479413,30030.006540156857,30013.97971456382,30016.18787696041,533
1999-07-29 01:21:00+00:00,30016.751763186086,30018.221688309408,30008.980547140767,30017.321915769764,537
1999-08-01 01:21:00+00:00,30017.953909868767,30024.72672686919,30011.974809935327,30019.515552159137,198
1999-08-04 01:21:00+00:00,30017.769896228325,30031.143126714436,30004.97480819989,30017.42224523258,820
1999-08-07 01:21:00+00:00,30018.615808085884,30035.287016711754,30002.787154323996,30018.54728221512,320
1999-08-10 01:21:00+00:00,30019.173045496722,30028.59708379779,30012.51048571524,30019.456360974556,729
1999-08-13 01:21:00+00:00,30019.054143115543,30034.925733942237,29999.427665216976,30018.355210930848,788
1999-08-16 01:21:00+00:00,30018.57860228574,30025.39055482906,30000.8267640606,30019.01145611454,346
1999-08-19 01:21:00+00:00,30019.839218899167,30029.327154124505,30002.775752661688,30019.09406499228,268
1999-08-22 01:21:00+00:00,30019.635585146298,30032.26070034623,30001.036366291886,30020.917514236768,486
1999-08-25 01:21:00+00:00,30020.444871610925,30030.682442623427,30011.33514477727,30021.544352886067,147
1999-08-28 01:21:00+00:00,30021.00357995168,30023.180068866906,30016.112052067485,30020.577190097025,838
1999-08-31 01:21:00+00:00,30022.449747292518,30034.117755709853,30007.50814175356,30020.8791000438,177
1999-09-03 01:21:00+00:00,30021.976340071105,30035.01730556698,30011.19411111274,30022.656996649974,813
1999-09-06 01:21:00+00:00,30022.54761920919,30028.65342169255,30018.591869559696,30022.16983170572,900
1999-09-09 01:21:00+00:00,30024.538901777363,30036.238522604515,30013.698629299088,30023.13639139085,603
1999-09-12 01:21:00+00:00,30024.319557936673,30031.507543659904,30011.74977773837,30024.339673428924,454
1999-09-15 01:21:00+00:00,30025.50957154428,30044.13821599995,30009.372690592434,30025.97495069763,858
1999-09-18 01:21:00+00:00,30024.98451725942,30025.209594269265,30020.32976467646,30022.792554583266,210
1999-09-21 01:21:00+00:00,30025.56544998187,30038.683902495322,30008.954347365325,30027.13132930788,330
1999-09-24 01:21:00+00:00,30025.239611081128,30040.518430247535,30021.54149895721,30025.599411043382,340
1999-09-27 01:21:00+00:00,30025.50830163834,30043.257765950228,30023.410243164824,30026.54053274675,313
1999-09-30 01:21:00+00:00,30023.469548204816,30034.915772112618,30014.355510519665,30021.13912112251,612
1999-10-03 01:21:00+00:00,30022.092781971427,30041.839535429008,30010.58850550448,30021.72057660747,902
1999-10-06 01:21:00+00:00,30023.410151475684,30039.00141846342,30020.93901665428,30023.45868730268,396
1999-10-09 01:21:00+00:00,30022.650967582784,30032.548323654188,30011.595610899738,30022.6998392748,200
1999-10-12 01:21:00+00:00,30024.31690463514,30040.87249313114,30021.32331088729,30024.519046014993,832
1999-10-15 01:21:00+00:00,30024.176708707222,30041.95013360897,30016.120004582943,30023.161878304865,271
1999-10-18 01:21:00+00:00,30024.45825793981,30030.73621429182,30015.814932035166,30024.938199111064,782
1999-10-21 01:21:00+00:00,30024.605033160544,30030.555416116382,30006.860334309247,30024.032252228855,260
1999-10-24 01:21:00+00:00,30024.35773570522,30035.0632806451,30007.495375046456,30023.117051671095,817
1999-10-27 01:21:00+00:00,30024.89938249722,30040.707416572903,30017.95600393143,30024.24576974083,859
1999-10-30 01:21:00+00:00,30025.454938543422,30025.98072776919,30017.371268529376,30024.187873935287,993
1999-11-02 01:21:00+00:00,30025.39801445715,30038.96845914631,30014.42987451188,30025.9212479775,423
1999-11-05 01:21:00+00:00,30026.267232915456,30038.163974887248,30019.425959072454,30027.61208320927,767
1999-11-08 01:21:00+00:00,30026.801215504423,30038.971998569756,30016.405369094005,30027.402412224725,525
1999-11-11 01:21:00+00:00,30026.31308620282,30040.819495350166,30014.96750470131,30027.349669875424,431
1999-11-14 01:21:00+00:00,30025.481458476228,30031.934469284322,30007.606734426045,30024.89580507204,943
1999-11-17 01:21:00+00:00,30026.73233227575,30033.237196485527,30023.19289657489,30024.899250453873,466
1999-11-20 01:21:00+00:00,30027.33757313211,30027.414139826324,30007.6865052281,30028.920991082847,913
1999-11-23 01:21:00+00:00,30028.240109286453,30032.94535865404,30019.199150125532,30029.80199093514,163
1999-11-26 01:21:00+00:00,30027.39442316362,30039.225616115087,30008.53109684051,30026.597265428412,882
1999-11-29 01:21:00+00:00,30029.054113644535,30046.00016191522,30013.15088379342,30029.724306914693,185
1999-12-02 01:21:00+00:00,30028.65466603833,30048.28632089942,30024.29734307803,30028.652754875267,775
1999-12-05 01:21:00+00:00,30028.777076235176,30038.0485777728,30017.600877444263,30028.33767718584,187
1999-12-08 01:21:00+00:00,30030.129694291158,30041.70512203576,30027.627512385057,30029.878163463465,978
1999-12-11 01:21:00+00:00,30029.584713520577,30046.22416140545,30025.87179716018,30030.60301546221,868
1999-12-14 01:21:00+00:00,30030.085421939842,30046.56162104953,30020.60536613359,30029.202320292843,244
1999-12-17 01:21:00+00:00,30030.03951988856,30040.202804839373,30016.20835394518,30029.497387935207,380
1999-12-20 01:21:00+00:00,30029.141663027483,30037.452351600517,30023.546841729793,30029.797820928812,474
1999-12-23 01:21:00+00:00,30028.377272302907,30030.315575230652,30017.947880862725,30028.82704272276,227
1999-12-26 01:21:00+00:00,30027.50438203593,30043.985097489363,30007.732899153132,30028.55544314948,805
1999-12-29 01:21:00+00:00,30026.23311322454,30032.498605978686,30006.933844917057,30027.94611598058,763
2000-01-01 01:21:00+00:00,30026.11811122952,30044.812403237527,30007.534281250664,30025.13978800686,465
2000-01-04 01:21:00+00:00,30026.465036663616,30046.279436273842,30014.058811060702,30025.718784673423,808
2000-01-07 01:21:00+00:00,30027.81543481258,30043.5893471868,30015.87486408723,30030.253006906554,639
2000-01-10 01:21:00+00:00,30028.42239171773,30044.553253596456,30014.458624364728,30028.50139984478,711
2000-01-13 01:21:00+00:00,30030.567564868707,30044.877990294626,30019.120865405665,30032.357714048703,822
2000-01-16 01:21:00+00:00,30030.822504201675,30047.392341287166,30023.403609808127,30029.75750602467,425
2000-01-19 01:21:00+00:00,30030.77082981756,30038.443243358204,30011.478179052992,30031.58474576271,687
2000-01-22 01:21:00+00:00,30030.903564174092,30049.35383899289,30014.77201706586,30030.90584134363,857
2000-01-25 01:21:00+00:00,30031.74575100713,30039.720117434914,30028.97966215377,30031.67785753952,465
2000-01-28 01:21:00+00:00,30032.412045103945,30047.783578336537,30023.676105165985,30031.713454203888,488
2000-01-31 01:21:00+00:00,30031.962652080078,30046.832161393,30017.029965448906,30030.974955919224,922
2000-02-03 01:21:00+00:00,30031.40381128749,30041.02947006539,30020.787927523153,30030.395757719733,932
2000-02-06 01:21:00+00:00,30032.686716499324,30041.793706301418,30026.19581003993,30032.42843289722,120
2000-02-09 01:21:00+00:00,30031.88650746081,30045.771380280046,30028.559103592026,30030.772100929757,494
2000-02-12 01:21:00+00:00,30031.845436892476,30048.432169935633,30016.656069188957,30034.36815106509,489
2000-02-15 01:21:00+00:00,30031.430081009275,30038.35662302402,30023.723883444312,30031.641790153128,904
2000-02-18 01:21:00+00:00,30030.641780398226,30037.46940786595,30030.268325376903,30032.51243802001,196
2000-02-21 01:21:00+00:00,30031.893563088768,30042.13620195653,30025.41502554872,30031.83747379441,303
2000-02-24 01:21:00+00:00,30033.187213684818,30040.308012011796,30026.182173809615,30032.969590024015,879
2000-02-27 01:21:00+00:00,30033.19756516688,30047.055913906577,30016.9072278982,30033.70696398105,617
2000-03-01 01:21:00+00:00,30034.935077958628,30038.4506544802,30024.51422160895,30033.658901528594,786
2000-03-04 01:21:00+00:00,30036.95430376795,30054.390416969512,30025.427564148893,30035.592969583675,843
2000-03-07 01:21:00+00:00,30036.018919941678,30042.328194102505,30032.344262700863,30036.918219319323,804
2000-03-10 01:21:00+00:00,30034.288639429637,30034.397032664765,30030.696459633393,30032.574082671064,919
2000-03-13 01:21:00+00:00,30034.00750301945,30045.46379990985,30023.37579824622,30032.757036831365,663
2000-03-16 01:21:00+00:00,30033.63606434387,30043.35538745878,30021.10977495264,30033.28738505365,779
2000-03-19 01:21:00+00:00,30033.25777176673,30043.668876414304,30015.870315303626,30031.99444815113,360
2000-03-22 01:21:00+00:00,30034.562031498368,30051.183902479577,30016.145211770418,30035.162110409252,808
2000-03-25 01:21:00+00:00,30033.95685916302,30052.63166290761,30032.565202263562,30034.50714951829,121
2000-03-28 01:21:00+00:00,30032.47893165857,30048.975181626687,30016.80568056496,30032.920679872095,148
2000-03-31 01:21:00+00:00,30033.96764932417,30041.07416024121,30023.683906982387,30033.402543933174,419
2000-04-03 01:21:00+00:00,30032.979028503,30049.46292899379,30019.462869166447,30031.2306236906,540
2000-04-06 01:21:00+00:00,30031.00506874442,30038.062619046977,30012.132282450362,30030.394858636155,434
2000-04-09 01:21:00+00:00,30030.79729288452,30044.613088852646,30029.802572899975,30029.416387696187,511
2000-04-12 01:21:00+00:00,30029.99528079965,30044.990049836208,30019.11495656247,30031.841735926682,553
2000-04-15 01:21:00+00:00,30028.487630622334,30034.471676764428,30009.06099748499,30028.4766303663,972
2000-04-18 01:21:00+00:00,30029.886629765046,30046.471509019782,30010.185203856934,30029.70973215531,380
2000-04-21 01:21:00+00:00,30030.35114746679,30035.042405906835,30012.329584052306,30030.06744433245,601
2000-04-24 01:21:00+00:00,30031.55079890151,30045.860608471277,30018.848077589795,30033.203538584617,548
2000-04-27 01:21:00+00:00,30032.895369543912,30050.30598371968,30017.610965699336,30032.712812814338,850
2000-04-30 01:21:00+00:00,30032.548360914767,30039.6822552729,30017.40555414847,30031.6378989057,271
2000-05-03 01:21:00+00:00,30031.244706236994,30049.2706389726,30016.64071910806,30032.713592211978,188
2000-05-06 01:21:00+00:00,30031.549381295674,30044.475516865023,30025.53098991415,30031.21250276509,473
2000-05-09 01:21:00+00:00,30030.835883884683,30043.23853467874,30015.604992422694,30029.58366968534,923
2000-05-12 01:21:00+00:00,30028.44672905545,30045.744439060596,30023.05447845065,30027.556002441193,263
2000-05-15 01:21:00+00:00,30028.99662180227,30040.796684872967,30012.739330757966,30029.194733201042,275
2000-05-18 01:21:00+00:00,30027.892863103414,30028.57872961826,30024.510695473087,30026.874370659894,152
2000-05-21 01:21:00+00:00,30027.681696979173,30042.287285491908,30022.324448975487,30027.065777204905,985
2000-05-24 01:21:00+00:00,30025.853813561695,30045.30098355798,30020.72056466504,30025.744052177895,539
2000-05-27 01:21:00+00:00,30024.465477726877,30033.844208999355,30020.230662147136,30026.276824982375,257
2000-05-30 01:21:00+00:00,30025.91948355008,30044.253356698027,30020.714053011958,30026.972350017117,604
2000-06-02 01:21:00+00:00,30024.855274730417,30027.260946199236,30018.625755291003,30024.94736872942,636
2000-06-05 01:21:00+00:00,30024.00271294957,30038.35262585843,30012.642357759876,30024.15974941479,449
2000-06-08 01:21:00+00:00,30024.65350332628,30033.982048105063,30018.416610567692,30025.855192122755,446
2000-06-11 01:21:00+00:00,30025.347441557125,30033.560928298928,30010.961972529327,30025.939058722557,675
2000-06-14 01:21:00+00:00,30025.912556698324,30041.629331685723,30009.495152743046,30025.51338940614,585
2000-06-17 01:21:00+00:00,30027.577094618282,30038.85672943526,30022.58636419549,30025.032528419808,874
2000-06-20 01:21:00+00:00,30028.12491609478,30039.82408562391,30017.519094512096,30029.486359504677,730
2000-06-23 01:21:00+00:00,30027.636425345045,30029.73105972276,30011.593491321557,30028.04252834548,356
2000-06-26 01:21:00+00:00,30027.410948767556,30030.759512615885,30024.7851581754,30027.98782017628,383
2000-06-29 01:21:00+00:00,30024.851261278138,30040.62742125837,30009.625545392275,30025.770616541053,992
2000-07-02 01:21:00+00:00,30025.23384189533,30031.72208229528,30012.850997670277,30023.56757276183,225
2000-07-05 01:21:00+00:00,30026.248317494046,30027.20444626766,30006.32412938251,30025.160382825008,805
2000-07-08 01:21:00+00:00,30026.50389608987,30031.451074192177,30013.38388642418,30029.331189765624,921
2000-07-11 01:21:00+00:00,30026.298779164517,30027.117900290592,30008.337146861435,30026.34196615689,276
2000-07-14 01:21:00+00:00,30028.534196114288,30047.585477578436,30025.201434273673,30029.055784976983,732
2000-07-17 01:21:00+00:00,30027.630526940633,30042.105088925327,30023.045225287264,30025.145455113012,872
2000-07-20 01:21:00+00:00,30027.325873043985,30038.81177009877,30016.722095590445,30027.512046380136,391
2000-07-23 01:21:00+00:00,30029.328563371397,30036.736658963884,30010.466141910118,30028.203338971165,427
2000-07-26 01:21:00+00:00,30029.35337207254,30039.206423381293,30010.737674727894,30029.648426136224,253
2000-07-29 01:21:00+00:00,30030.191049032328,30044.746811914116,30029.387519954267,30030.392764075317,842
2000-08-01 01:21:00+00:00,30029.36228393868,30040.086294113815,30010.974019212576,30029.71201248792,846
2000-08-04 01:21:00+00:00,30027.825436382944,30043.553969426102,30012.977203467824,30028.31505152046,961
2000-08-07 01:21:00+00:00,30026.74748965673,30027.680847070405,30020.359129037173,30026.983893078857,992
2000-08-10 01:21:00+00:00,30025.983840134024,30041.437184273444,30011.518819020705,30024.32690215954,755
2000-08-13 01:21:00+00:00,30026.389888286973,30036.56730503982,30023.238935367957,30026.242675926635,444
2000-08-16 01:21:00+00:00,30026.78807618512,30035.511563643184,30018.111617846997,30026.599967600505,275
2000-08-19 01:21:00+00:00,30027.62241876313,30041.32160661072,30018.987636655096,30026.938042113838,746
2000-08-22 01:21:00+00:00,30028.001047182952,30028.45618465624,30012.56902234975,30028.67022607304,916
2000-08-25 01:21:00+00:00,30027.167884559884,30036.012340421716,30007.88451850167,30027.59807437804,672
2000-08-28 01:21:00+00:00,30028.178806288368,30047.54160039567,30013.192207338303,30028.447796305245,592
2000-08-31 01:21:00+00:00,30026.170211644134,30032.96664978929,30017.704577158253,30026.380555677453,652
2000-09-03 01:21:00+00:00,30024.67896942023,30043.274869186793,30023.49607780126,30026.065777357726,905
2000-09-06 01:21:00+00:00,30024.393856184004,30025.58600250725,30006.70847630952,30025.169145524287,473
2000-09-09 01:21:00+00:00,30024.678201039726,30039.826970623453,30019.092016915274,30024.92044898201,938
2000-09-12 01:21:00+00:00,30023.823763499455,30038.180478161303,30004.283839323838,30024.43147227924,509
2000-09-15 01:21:00+00:00,30024.32055576953,30025.432934488745,30008.259983088978,30022.40137975483,693
2000-09-18 01:21:00+00:00,30022.98059447552,30041.358810498004,30021.92030609568,30021.187954324396,839
2000-09-21 01:21:00+00:00,30023.469472974823,30043.00467663123,30013.812699303642,30023.20508823004,938
2000-09-24 01:21:00+00:00,30022.767871544806,30029.638681967583,30020.82464230853,30023.40452330838,779
2000-09-27 01:21:00+00:00,30022.759570985523,30028.930344377313,30017.478551617784,30021.536261468318,457
2000-09-30 01:21:00+00:00,30022.61705109954,30030.463624076707,30015.264458316768,30022.928712889705,840
2000-10-03 01:21:00+00:00,30023.397026906943,30032.08094642948,30017.17386647532,30023.577166096755,780
2000-10-06 01:21:00+00:00,30025.02019578081,30025.459241416174,30024.687634628634,30026.822049662667,373
2000-10-09 01:21:00+00:00,30025.339062339488,30027.2367928007,30012.838601047406,30025.209457828052,316
2000-10-12 01:21:00+00:00,30023.726956836417,30042.49713995256,30021.8942375999,30024.690129686856,319
2000-10-15 01:21:00+00:00,30023.566483646227,30024.942781340764,30012.32466733082,30023.832786502946,539
2000-10-18 01:21:00+00:00,30021.82677445547,30039.60478828386,30015.180670113336,30021.837213896964,821
2000-10-21 01:21:00+00:00,30022.95055256545,30041.625949140547,30017.11594156804,30021.835699184805,318
2000-10-24 01:21:00+00:00,30021.995993475553,30028.37440456389,30005.19873297234,30020.754927834,487
2000-10-27 01:21:00+00:00,30021.7904630152,30033.23083155078,30010.306609214236,30021.438861771814,705
2000-10-30 01:21:00+00:00,30023.746959321037,30036.63249486555,30004.74955005489,30024.226790824596,352
2000-11-02 01:21:00+00:00,30023.11722150427,30035.088400108893,30017.572606192254,30025.004295451432,888
2000-11-05 01:21:00+00:00,30023.292039524367,30024.002250262605,30012.156132569482,30022.4468198397,516
2000-11-08 01:21:00+00:00,30022.171756849424,30041.615897235723,30020.570249002638,30022.973662007043,968
2000-11-11 01:21:00+00:00,30021.526951977117,30023.852482004953,30002.5584568193,30023.43012050183,712
2000-11-14 01:21:00+00:00,30023.0816887276,30033.233858467745,30013.351675065336,30021.524583385002,418
2000-11-17 01:21:00+00:00,30021.64510847245,30040.519099268928,30019.59437466193,30022.181838248922,906
2000-11-20 01:21:00+00:00,30020.976869694172,30022.4316071875,30008.88512596213,30021.394359763355,383
2000-11-23 01:21:00+00:00,30020.390103665188,30039.053940600534,30015.65807599946,30019.28287107348,201
2000-11-26 01:21:00+00:00,30021.859464556008,30037.14314668526,30004.761271213672,30021.86913352203,312
2000-11-29 01:21:00+00:00,30021.728837376977,30040.917736804597,30004.24617563459,30022.83223222497,532
2000-12-02 01:21:00+00:00,30021.62471668405,30025.05285659858,30020.76647798275,30022.859762520486,181
2000-12-05 01:21:00+00:00,30021.824297949537,30024.60090033368,30014.794501082793,30021.736367037494,176
2000-12-08 01:21:00+00:00,30022.543449883942,30031.888555085417,30003.32295818422,30021.540831876977,458
2000-12-11 01:21:00+00:00,30021.72442671647,30040.82768358921,30007.235592418096,30019.474540665073,500
2000-12-14 01:21:00+00:00,30022.221793776476,30031.733815289455,30011.252725782044,30021.917419433328,485
2000-12-17 01:21:00+00:00,30020.525483478687,30033.37424949689,30016.787568260697,30019.29254857429,188
2000-12-20 01:21:00+00:00,30019.021239222224,30024.223826745223,30007.98488698573,30018.491836387617,182
2000-12-23 01:21:00+00:00,30017.48708890945,30035.22119346587,30005.82419499594,30018.48020649869,366
2000-12-26 01:21:00+00:00,30016.284128558425,30020.69122119827,29996.717586328068,30017.1052088616,608
2000-12-29 01:21:00+00:00,30016.269320905387,30035.64802529133,30000.056954748536,30017.454253456002,713
2001-01-01 01:21:00+00:00,30016.411991344732,30023.83995210841,30010.050937976855,30017.96756709217,522
2001-01-04 01:21:00+00:00,30017.391768506237,30029.966006612576,30007.18073867741,30017.41455199932,864
2001-01-07 01:21:00+00:00,30017.605005757105,30020.497736124227,30005.737278515397,30017.442943195645,447
2001-01-10 01:21:00+00:00,30017.2928779804,30030.355943484545,30008.149963777214,30016.994624422212,895
2001-01-13 01:21:00+00:00,30017.188305066582,30036.419197460567,30006.02708496548,30017.29769514199,806
2001-01-16 01:21:00+00:00,30016.23765689975,30020.594528279762,30015.42612103879,30016.98270278203,562
2001-01-19 01:21:00+00:00,30014.25571034855,30018.769251935744,30008.69273608793,30014.110895608577,362
2001-01-22 01:21:00+00:00,30012.351666529245,30025.83113882579,29999.813383313412,30012.840513818282,117
2001-01-25 01:21:00+00:00,30011.62280684724,30020.171600698097,30005.716009227366,30011.785990822966,747
2001-01-28 01:21:00+00:00,30010.69877280693,30024.247867447637,29996.79507997352,30009.239464901875,114
2001-01-31 01:21:00+00:00,30010.520281371886,30023.083015431428,30009.648444096052,30011.24300532339,279
2001-02-03 01:21:00+00:00,30009.66605750517,30023.724736078664,29996.602103213223,30010.739142254322,123
2001-02-06 01:21:00+00:00,30011.11161507068,30013.3567972191,29996.05682366894,30010.662515127195,544
2001-02-09 01:21:00+00:00,30014.098961182593,30030.707285091925,30010.379173519694,30013.382687548215,729
2001-02-12 01:21:00+00:00,30013.142980746576,30029.48293033172,29994.706366765433,30013.991867955076,407
2001-02-15 01:21:00+00:00,30012.70039906528,30016.755272241662,29998.486586461113,30010.90747655203,924
2001-02-18 01:21:00+00:00,30012.8750305372,30030.09300480247,30004.426272180983,30013.26586658682,459
2001-02-21 01:21:00+00:00,30012.269829924255,30027.21598041307,29992.60887451805,30013.90106014462,748
2001-02-24 01:21:00+00:00,30011.631119250684,30015.905519494474,30005.313186975083,30011.899980038354,731
2001-02-27 01:21:00+00:00,30010.392495381944,30021.67526897306,29992.64118821886,30011.942942930305,915
2001-03-02 01:21:00+00:00,30009.74048580856,30021.770133753267,29997.328400624,30009.266844796406,949
2001-03-05 01:21:00+00:00,30008.49539080875,30017.105295649835,30005.164090372564,30008.24693121022,387
2001-03-08 01:21:00+00:00,30009.75692739624,30011.525512465963,30005.29537783956,30010.16072581051,354
2001-03-11 01:21:00+00:00,30010.029688463695,30028.937489437612,29991.807070043833,30011.102199976136,301
2001-03-14 01:21:00+00:00,30011.271111157857,30026.98978952501,30009.932971565955,30010.441586068904,276
2001-03-17 01:21:00+00:00,30011.64102514568,30013.595329055195,29997.69143237142,30009.497056601816,221
2001-03-20 01:21:00+00:00,30011.99269328234,30016.49899348815,30011.982536153544,30011.089909487368,866
2001-03-23 01:21:00+00:00,30013.196053277297,30014.241385007823,29996.93565980379,30013.762575214238,205
2001-03-26 01:21:00+00:00,30012.86093706831,30024.02408828679,29998.42631845993,30013.92348531713,201
2001-03-29 01:21:00+00:00,30012.35322144187,30021.961004826495,30001.430385964064,30012.389848768264,231
2001-04-01 01:21:00+00:00,30013.080201330205,30013.536022025986,30009.324685020554,30012.931494863737,173
2001-04-04 01:21:00+00:00,30012.41320887067,30019.16515533292,30008.0482741351,30011.541994258783,669
2001-04-07 01:21:00+00:00,30012.850390567994,30018.928518700213,29998.93729047439,30013.389576348618,808
2001-04-10 01:21:00+00:00,30012.35453115655,30024.73241031893,29999.99070322009,30012.544570148773,508
2001-04-13 01:21:00+00:00,30012.691906663804,30021.517650685673,30008.966253944498,30013.264991545722,119
2001-04-16 01:21:00+00:00,30013.321638243888,30029.162761264568,30011.206692535743,30014.192373615562,106
2001-04-19 01:21:00+00:00,30012.939254299417,30024.74678273821,29995.705492451245,30012.26805259795,703
2001-04-22 01:21:00+00:00,30014.21567357986,30033.548866134035,30006.699978026063,30013.550842208544,694
2001-04-25 01:21:00+00:00,30015.468015997107,30033.990518852286,29997.44138679289,30016.68448274833,761
2001-04-28 01:21:00+00:00,30016.302245603747,30026.366168899178,29996.77444662801,30015.015531059646,302
2001-05-01 01:21:00+00:00,30015.36861453237,30026.8069911675,30012.80488584019,30016.59479029429,365
2001-05-04 01:21:00+00:00,30013.2582398055,30023.14079213454,29996.290009708857,30012.03116383844,347
2001-05-07 01:21:00+00:00,30013.4469710356,30024.073461623793,30004.804984445716,30013.366225391077,560
2001-05-10 01:21:00+00:00,30013.316742064875,30022.39604467948,29999.537466830792,30014.201530685812,141
2001-05-13 01:21:00+00:00,30013.46194601663,30029.500346251974,30008.564076144063,30010.998578591727,340
2001-05-16 01:21:00+00:00,30012.317033639018,30025.42055030118,30002.037914303404,30013.980407843144,434
2001-05-19 01:21:00+00:00,30014.30437399499,30031.880962876254,30010.593404917527,30014.802361475093,533
2001-05-22 01:21:00+00:00,30013.577782146476,30029.141929760193,30003.481809392382,30013.34237359852,509
2001-05-25 01:21:00+00:00,30013.96300635304,30016.556181760494,30012.732895947072,30013.30975776338,129
2001-05-28 01:21:00+00:00,30015.940514927337,30024.36660467337,30015.59272081737,30015.759769342814,846
2001-05-31 01:21:00+00:00,30016.247710764543,30021.308726993397,30002.817927444616,30015.080945404778,889
2001-06-03 01:21:00+00:00,30017.364670423798,30033.465694162853,30000.321971956804,30018.004154281993,969
2001-06-06 01:21:00+00:00,30018.994258553597,30032.30045960068,30011.071605398618,30019.815845292178,601
2001-06-09 01:21:00+00:00,30017.869942823923,30033.209630864592,29999.366674706653,30018.9346066564,845
2001-06-12 01:21:00+00:00,30018.22238363492,30029.185147424883,30006.164795693257,30017.88144546468,415
2001-06-15 01:21:00+00:00,30017.389087729334,30027.47048278736,30000.639073388444,30018.129757453422,624
2001-06-18 01:21:00+00:00,30016.07135385591,30018.931317818486,30006.901062874327,30017.643444921192,235
2001-06-21 01:21:00+00:00,30015.986474945377,30035.50826083242,30005.78807512362,30016.256408420333,933
2001-06-24 01:21:00+00:00,30015.56048626774,30015.871178891703,30006.515286312773,30016.53660681251,211
2001-06-27 01:21:00+00:00,30015.89148311176,30035.484655611413,29997.083112679764,30016.20601503207,233
2001-06-30 01:21:00+00:00,30014.907774978565,30025.90895219324,30012.013786796124,30017.04077460986,909
2001-07-03 01:21:00+00:00,30015.924100536824,30017.67860583422,30007.22738223735,30016.984797691013,788
2001-07-06 01:21:00+00:00,30016.907497619264,30033.539845829964,29997.086458699454,30017.518043004333,332
2001-07-09 01:21:00+00:00,30018.74714356203,30027.58519656932,30004.794411339168,30018.12307759926,140
2001-07-12 01:21:00+00:00,30018.664829918318,30030.83901587704,29999.676395193805,30015.99251129469,401
2001-07-15 01:21:00+00:00,30018.13696066953,30036.049903931842,30011.13064942066,30016.322993468184,985
2001-07-18 01:21:00+00:00,30015.669043593145,30018.331630359793,30013.743398147002,30014.62354589647,972
2001-07-21 01:21:00+00:00,30014.963130297292,30027.995852436066,29998.08306156027,30015.594878740863,872
2001-07-24 01:21:00+00:00,30015.33641500466,30030.3487042646,30002.019230733396,30015.682945327953,789
2001-07-27 01:21:00+00:00,30016.950157319963,30033.675998334813,30015.225709253384,30015.991991101306,814
2001-07-30 01:21:00+00:00,30017.306508873913,30018.020463552504,30017.128959426926,30017.057831573686,606
2001-08-02 01:21:00+00:00,30017.324707252006,30021.276607370644,30013.352004772227,30017.83440145857,439
2001-08-05 01:21:00+00:00,30016.656220064466,30022.410180393388,30013.35760857671,30015.384620871995,378
2001-08-08 01:21:00+00:00,30016.303915216813,30022.705823460903,30013.320033143267,30017.832441707942,560
2001-08-11 01:21:00+00:00,30015.60427618861,30027.060912590176,30008.89283428043,30015.539026689166,261
2001-08-14 01:21:00+00:00,30015.312189838456,30022.510167608427,30004.785843389047,30016.078971319384,836
2001-08-17 01:21:00+00:00,30014.779871808187,30020.735443580816,30001.66868804525,30013.27843856169,526
2001-08-20 01:21:00+00:00,30014.366490512344,30026.788800732542,30012.676066021722,30016.085265390724,355
2001-08-23 01:21:00+00:00,30015.9801421381,30016.6596198335,30013.609323915192,30015.356598531976,883
2001-08-26 01:21:00+00:00,30018.069413724945,30031.8406190706,30010.888917821725,30018.256344390255,796
2001-08-29 01:21:00+00:00,30018.636431620802,30034.391314414806,30010.50110993283,30019.54463845612,162
2001-09-01 01:21:00+00:00,30019.877224564138,30038.559207187092,30012.222081146785,30019.09942284346,334
2001-09-04 01:21:00+00:00,30018.849609306824,30019.181681965227,30008.026867790708,30019.61181529955,460
2001-09-07 01:21:00+00:00,30019.668822307416,30026.835845698322,30009.43041312159,30019.7114394741,455
2001-09-10 01:21:00+00:00,30018.239558327947,30032.230470614857,30000.99407220263,30018.46413922005,223
2001-09-13 01:21:00+00:00,30019.677748926868,30021.427483370964,30015.71724724996,30017.63284357306,204
2001-09-16 01:21:00+00:00,30020.59882712566,30021.192237765492,30011.490092715292,30020.138552231412,421
2001-09-19 01:21:00+00:00,30020.264014767345,30027.910125274848,30012.429722441677,30018.84679510778,558
2001-09-22 01:21:00+00:00,30020.585351703776,30031.09922304779,30009.320195152784,30021.324549544664,863
2001-09-25 01:21:00+00:00,30020.17684440103,30032.42716955917,30001.893609002203,30021.129050072483,214
2001-09-28 01:21:00+00:00,30019.51674677596,30033.950589904674,30011.533854381127,30020.366197740583,276
2001-10-01 01:21:00+00:00,30019.794447853063,30039.402694436314,30017.102428252238,30019.6448243459,578
2001-10-04 01:21:00+00:00,30019.531448350594,30037.085431474807,30008.470112138035,30020.909647055672,470
2001-10-07 01:21:00+00:00,30018.780467571167,30032.011147607514,30006.87356438068,30018.534643971318,841
2001-10-10 01:21:00+00:00,30019.272957650177,30029.069973112484,30011.301832380082,30017.13816543157,992
2001-10-13 01:21:00+00:00,30019.150654158762,30034.854845873593,30002.023945066605,30018.29857681361,664
2001-10-16 01:21:00+00:00,30017.4772539144,30019.60146508792,30012.177206357494,30017.551194078784,245
2001-10-19 01:21:00+00:00,30016.993367610838,30031.303058284127,30014.733766960144,30017.183961958013,253
2001-10-22 01:21:00+00:00,30016.494361634486,30026.572225231976,30002.735330136926,30017.135882223716,686
2001-10-25 01:21:00+00:00,30016.847757086718,30031.235207390593,30010.96393094489,30016.41164359816,100
2001-10-28 01:21:00+00:00,30015.79914821975,30026.50328552353,30007.99301667006,30015.409850695312,393
2001-10-31 01:21:00+00:00,30015.678542377187,30027.834688442188,30001.1925408846,30015.510014969455,494
2001-11-03 01:21:00+00:00,30015.989074628596,30026.836444471464,30004.395274973896,30016.608018502026,318
2001-11-06 01:21:00+00:00,30016.04312059893,30020.310029261156,30009.474679540028,30016.427384640236,695
2001-11-09 01:21:00+00:00,30015.462102144767,30017.822489852973,30010.810911547072,30016.846500166597,868
2001-11-12 01:21:00+00:00,30016.00900457222,30028.39886927321,30000.09443609286,30017.83622428881,408
2001-11-15 01:21:00+00:00,30016.64662518471,30034.66537459971,30012.765754515312,30016.987141632744,616
2001-11-18 01:21:00+00:00,30015.37839982263,30020.402620216457,30002.261740831746,30015.14608420504,530
2001-11-21 01:21:00+00:00,30014.853671475918,30034.63653951201,30013.111955241053,30014.29231019069,898
2001-11-24 01:21:00+00:00,30013.91774636953,30021.892741443502,29997.34704326116,30013.488988085828,427
2001-11-27 01:21:00+00:00,30014.147698511744,30021.452748536165,29997.11692022671,30015.003028067906,987
2001-11-30 01:21:00+00:00,30014.285764171032,30033.519049624374,30004.728545363712,30014.057011861183,897
2001-12-03 01:21:00+00:00,30013.745254056284,30025.48983646804,30007.44075646408,30014.498533616428,591
2001-12-06 01:21:00+00:00,30012.61197459227,30013.85782446215,30006.465818699646,30012.917830843413,457
2001-12-09 01:21:00+00:00,30013.330081936565,30031.30279657496,29997.414646432102,30014.805080062633,132
2001-12-12 01:21:00+00:00,30014.4334029055,30023.773558144552,30013.648507485403,30015.126499037357,128
2001-12-15 01:21:00+00:00,30015.671877183675,30029.35275028689,30015.648017295156,30015.750075437372,497
2001-12-18 01:21:00+00:00,30016.467995075378,30028.08656547794,30013.521529695554,30015.54707345476,202
2001-12-21 01:21:00+00:00,30015.99812663262,30033.535057996192,29998.48853524199,30016.446575371792,671
2001-12-24 01:21:00+00:00,30015.351677860235,30029.136868076213,30011.272997785407,30015.52946017546,537
2001-12-27 01:21:00+00:00,30015.462275610094,30032.260727756566,30006.542947248858,30014.623994554036,998
2001-12-30 01:21:00+00:00,30015.892325632667,30034.589935211894,30011.324055096047,30014.060266024942,968
2002-01-02 01:21:00+00:00,30014.941450863418,30022.304106644682,30011.21055496324,30016.264838786556,518
2002-01-05 01:21:00+00:00,30014.537094847055,30022.61103846218,30011.310642633667,30013.9000464167,779
2002-01-08 01:21:00+00:00,30014.873475759636,30031.572579843643,30001.919172242084,30016.180343140448,488
2002-01-11 01:21:00+00:00,30016.782050221587,30026.988912245874,29998.934962428033,30015.89855912592,790
2002-01-14 01:21:00+00:00,30014.78100326284,30031.44620209429,30000.57938040093,30014.250524944604,673
2002-01-17 01:21:00+00:00,30014.94993296148,30019.743150486207,30005.997437606467,30014.95981114312,584
2002-01-20 01:21:00+00:00,30014.839232395178,30031.17018907888,29996.977801083263,30014.23358383634,349
2002-01-23 01:21:00+00:00,30013.840837648204,30031.145108231558,29994.530301140232,30013.963999364965,119
2002-01-26 01:21:00+00:00,30015.377587037685,30032.074644315024,30014.186028648728,30013.732971708774,307
2002-01-29 01:21:00+00:00,30016.4174272594,30031.573933384476,30015.085428561917,30017.590604834953,923
2002-02-01 01:21:00+00:00,30014.927927235363,30020.381548588222,30001.876981417758,30014.92563417745,322
2002-02-04 01:21:00+00:00,30014.924842651984,30017.16198500107,30012.048956213453,30016.747872615215,859
2002-02-07 01:21:00+00:00,30014.768411407502,30034.080414040014,30002.35373696956,30013.931426536714,529
2002-02-10 01:21:00+00:00,30014.609421337154,30019.21053644673,29998.882484941667,30013.1777795158,358
2002-02-13 01:21:00+00:00,30015.387199932567,30026.216973012455,30014.136176645887,30016.48033451971,424
2002-02-16 01:21:00+00:00,30013.455702039297,30028.268612279084,29996.475546264257,30013.204974932767,221
2002-02-19 01:21:00+00:00,30013.190223562153,30013.45825587535,29998.897685388845,30014.0718118614,155
2002-02-22 01:21:00+00:00,30012.90908917309,30030.675121542616,29996.47744704132,30012.121433308155,764
2002-02-25 01:21:00+00:00,30012.314315965275,30025.18544273009,30004.322445789323,30011.88640112146,809
2002-02-28 01:21:00+00:00,30011.79557061922,30018.321485244473,30010.38112051749,30010.44557448489,119
2002-03-03 01:21:00+00:00,30011.107564152037,30021.57862370458,29994.24072395668,30011.07984249539,268
2002-03-06 01:21:00+00:00,30011.411439891406,30015.317973131412,30000.73093962559,30011.771245421216,459
2002-03-09 01:21:00+00:00,30012.16369553265,30016.142619774608,30003.70616475331,30012.5377360991,360
2002-03-12 01:21:00+00:00,30011.56737236476,30026.039769708386,29995.65938235232,30012.491469732005,518
2002-03-15 01:21:00+00:00,30011.626594276597,30020.577060445798,29999.541003356844,30010.250763581553,170
2002-03-18 01:21:00+00:00,30011.493426055527,30026.95610682002,29999.650552564202,30012.928854210466,470
2002-03-21 01:21:00+00:00,30011.685369104598,30016.34672619507,30011.510218690044,30012.396424232793,951
2002-03-24 01:21:00+00:00,30013.55284271198,30021.70096118574,30009.240169214372,30014.40984203052,618
2002-03-27 01:21:00+00:00,30012.576645771383,30019.156382311543,29995.641234868388,30011.395561023084,453
2002-03-30 01:21:00+00:00,30012.258375220128,30027.647355291687,30005.821806831027,30011.109502744763,995
2002-04-02 01:21:00+00:00,30010.93883240349,30025.141496507833,30009.007147005334,30010.508289613386,726
2002-04-05 01:21:00+00:00,30011.33628496556,30027.19572999042,29998.432636321104,30012.320323165393,121
2002-04-08 01:21:00+00:00,30012.926769587484,30024.81532397245,30009.541546328433,30011.660407184587,804
2002-04-11 01:21:00+00:00,30012.603398716674,30026.12632454642,30011.124532060607,30012.09436409604,604
2002-04-14 01:21:00+00:00,30012.124920645936,30022.552477166053,30008.780611351904,30012.006293584443,522
2002-04-17 01:21:00+00:00,30010.99727248705,30021.044238233993,29998.4671159351,30013.32296685732,415
2002-04-20 01:21:00+00:00,30011.1366572155,30023.13276152128,30005.592265589024,30011.892500584276,504
2002-04-23 01:21:00+00:00,30010.64397850477,30017.65481037858,30004.40160689668,30011.044938401872,203
2002-04-26 01:21:00+00:00,30011.620569367562,30021.518872802415,30007.668986558867,30011.349087745984,427
2002-04-29 01:21:00+00:00,30010.6894116864,30021.240230931762,30008.093497264726,30009.39358100221,562
2002-05-02 01:21:00+00:00,30011.649936207214,30018.562913107915,30003.772105508808,30010.07526119122,340
2002-05-05 01:21:00+00:00,30010.007549238035,30029.713873237106,30006.43231642442,30009.60450165089,448
2002-05-08 01:21:00+00:00,30012.146149573113,30023.08839915373,29997.19762072721,30011.739573631614,858
2002-05-11 01:21:00+00:00,30013.556056844012,30021.636825729882,30011.602599043337,30012.962489754806,770
2002-05-14 01:21:00+00:00,30011.710135329315,30017.314709024373,30005.780361014495,30011.769955021526,968
2002-05-17 01:21:00+00:00,30011.786253919297,30025.19825785103,29997.846100296352,30012.366835156685,671
2002-05-20 01:21:00+00:00,30012.18322424562,30021.126516173874,30003.37507059606,30012.008490570504,382
2002-05-23 01:21:00+00:00,30010.847143272087,30023.614323197926,29999.479006455498,30010.666646263886,729
2002-05-26 01:21:00+00:00,30011.00326800723,30014.83851679506,29999.35869010188,30010.211234413153,482
2002-05-29 01:21:00+00:00,30009.39820466104,30009.97033893375,29996.5485243882,30009.191118669823,726
2002-06-01 01:21:00+00:00,30011.17162944461,30023.848220514436,30002.93571104748,30010.896863639704,851
2002-06-04 01:21:00+00:00,30011.25681686763,30015.27848392225,29991.35563598934,30011.006453780163,855
2002-06-07 01:21:00+00:00,30011.31668597007,30020.118400966156,30005.42385693634,30011.135016898952,389
2002-06-10 01:21:00+00:00,30011.275446026597,30024.14362294856,29994.699420201185,30012.37832250601,537
2002-06-13 01:21:00+00:00,30011.108765691024,30016.013992013144,30000.917689584054,30010.928615735,594
2002-06-16 01:21:00+00:00,30011.056058965503,30016.209191667564,30005.85301696212,30010.71252032233,790
2002-06-19 01:21:00+00:00,30011.586462153773,30012.41568760635,30007.63697630307,30012.114565857628,213
2002-06-22 01:21:00+00:00,30011.116613829996,30015.385881658767,30009.313321943457,30011.136141791256,335
2002-06-25 01:21:00+00:00,30010.454718497,30019.50108472853,30000.861241398066,30010.083718725156,242
2002-06-28 01:21:00+00:00,30010.06589028516,30025.101959980544,29996.38136360508,30009.08133091725,975
2002-07-01 01:21:00+00:00,30009.88264823089,30021.487795294914,29993.524857126635,30010.587655900035,883
2002-07-04 01:21:00+00:00,30008.118468547833,30012.488225920766,30001.37049635619,30007.03833119143,281
2002-07-07 01:21:00+00:00,30007.636224521306,30021.260895767766,30005.41425905408,30009.97061090106,240
2002-07-10 01:21:00+00:00,30006.835166397854,30008.303866942817,29989.67612187877,30006.81616490831,780
2002-07-13 01:21:00+00:00,30004.469720492463,30017.531289249728,29999.839325706394,30005.423262646207,554
2002-07-16 01:21:00+00:00,30004.654488855733,30018.357823699997,30001.83925546132,30003.407735046803,203
2002-07-19 01:21:00+00:00,30004.482508961635,30023.125771669715,29996.011221759592,30004.406603219006,109
2002-07-22 01:21:00+00:00,30004.117226725866,30005.71319922888,30001.034535251478,30003.931270465015,701
2002-07-25 01:21:00+00:00,30005.15819192368,30023.850496795734,29998.45705867859,30005.912294663955,689
2002-07-28 01:21:00+00:00,30005.048345888375,30022.794859413454,29999.593148375923,30006.734403069167,322
2002-07-31 01:21:00+00:00,30005.22091783507,30019.156302990454,29989.923696499704,30006.004555599848,717
2002-08-03 01:21:00+00:00,30007.046497025134,30021.54297119875,29999.446569367297,30006.010235726142,434
2002-08-06 01:21:00+00:00,30008.801909972848,30017.35242456031,30002.934292964943,30009.83713161741,132
2002-08-09 01:21:00+00:00,30009.8077252383,30017.905174278338,30003.997162546806,30010.364747265732,253
2002-08-12 01:21:00+00:00,30009.698848584605,30016.277035914372,30009.351473168135,30009.085013639837,614
2002-08-15 01:21:00+00:00,30008.01713796051,30027.3533830238,29994.133652776065,30007.437623562993,828
2002-08-18 01:21:00+00:00,30010.79076575992,30023.91167725753,30001.87649613922,30011.026110343093,104
2002-08-21 01:21:00+00:00,30011.847336133855,30020.766885554003,30003.431682083403,30010.955013952753,962
2002-08-24 01:21:00+00:00,30010.534380960115,30028.860001340825,30008.049931533467,30010.887052333095,528
2002-08-27 01:21:00+00:00,30012.321174840632,30022.94109281041,30002.595706218926,30012.104662718346,209
2002-08-30 01:21:00+00:00,30012.57744774443,30018.6703270072,29992.594695100564,30012.737557524484,552
2002-09-02 01:21:00+00:00,30012.103502584825,30030.019812909013,30001.46941616872,30013.43720564257,442
2002-09-05 01:21:00+00:00,30011.67022893412,30018.20226021331,30004.42135182348,30009.813151534956,162
2002-09-08 01:21:00+00:00,30011.248658075863,30021.775464947073,30000.715612122523,30012.092452911344,921
2002-09-11 01:21:00+00:00,30011.673067602565,30014.306145101447,30006.516600489143,30010.462716799888,256
2002-09-14 01:21:00+00:00,30011.050196834778,30022.80913266041,30008.940203634484,30010.60886341291,911
2002-09-17 01:21:00+00:00,30009.991850494305,30021.19778709798,29999.032655871804,30011.96950960816,269
2002-09-20 01:21:00+00:00,30009.05684617446,30011.029688388164,30003.099815962447,30009.749161916327,413
2002-09-23 01:21:00+00:00,30010.297535849622,30025.16499928098,29990.497899459857,30010.891256133033,975
2002-09-26 01:21:00+00:00,30008.722786114955,30014.78007150871,30001.608608895134,30010.92365077858,715
2002-09-29 01:21:00+00:00,30008.570893089396,30028.273493224595,29989.32565607811,30009.944054404186,432
2002-10-02 01:21:00+00:00,30007.678306036305,30011.23369332414,29990.37514336788,30006.850278217167,909
2002-10-05 01:21:00+00:00,30008.132533233995,30013.43318623748,29992.08762545747,30007.802865018082,403
2002-10-08 01:21:00+00:00,30008.68083594131,30019.739696148055,29997.734142709556,30008.328912233024,515
2002-10-11 01:21:00+00:00,30010.387067423188,30024.89627069229,30000.397998693483,30009.630858279084,596
2002-10-14 01:21:00+00:00,30009.39921134929,30029.116712940126,29991.69252302829,30009.244080852703,602
2002-10-17 01:21:00+00:00,30008.332375633403,30022.295501530552,29988.374966900505,30008.22633065261,318
2002-10-20 01:21:00+00:00,30009.489243810982,30022.666970921047,29997.740570489477,30008.114558247944,578
2002-10-23 01:21:00+00:00,30010.298769897494,30029.634748752127,29992.986855933388,30010.83011771778,299
2002-10-26 01:21:00+00:00,30010.19298621901,30020.609585199953,30007.088655928525,30008.985856126405,124
2002-10-29 01:21:00+00:00,30009.857550573874,30011.02288453435,29994.431599972006,30009.010131541705,528
2002-11-01 01:21:00+00:00,30009.840264489092,30010.183016706098,29989.84095989004,30010.315982355067,746
2002-11-04 01:21:00+00:00,30009.473212789948,30009.764920716698,29992.544560545233,30008.09861274057,707
2002-11-07 01:21:00+00:00,30011.57466761416,30022.96720779454,30004.717833016475,30012.236071361247,137
2002-11-10 01:21:00+00:00,30011.47861958977,30011.735696952295,30001.08561109107,30010.52039213401,544
2002-11-13 01:21:00+00:00,30011.983695976982,30012.711507971417,30006.551033564505,30013.140499814926,114
2002-11-16 01:21:00+00:00,30012.382021978283,30020.507141225517,29995.357965923573,30012.31290534659,229
2002-11-19 01:21:00+00:00,30012.56676679539,30020.454120679857,30003.970342997443,30012.3426771829,469
2002-11-22 01:21:00+00:00,30011.950709297023,30013.736938949543,30000.72208748475,30011.01210860487,660
2002-11-25 01:21:00+00:00,30010.416965793276,30029.39873154265,29993.71115651743,30012.106352820305,381
2002-11-28 01:21:00+00:00,30009.55597648496,30010.49619637107,29993.483515497042,30010.637400276075,402
2002-12-01 01:21:00+00:00,30009.892922749725,30024.306386539436,29992.687983943724,30009.303695265546,896
2002-12-04 01:21:00+00:00,30011.79149215534,30027.5843248983,30001.045887151286,30013.61973690581,357
2002-12-07 01:21:00+00:00,30012.005438088574,30028.65924901782,29992.87196203629,30011.99977417511,371
2002-12-10 01:21:00+00:00,30013.08387539192,30022.69783723463,30006.823633568645,30015.5034611276,688
2002-12-13 01:21:00+00:00,30013.130651900174,30022.68160849983,29999.413390966754,30013.200025393937,229
2002-12-16 01:21:00+00:00,30013.93101826849,30020.229032050953,29994.01270067971,30014.459224014914,987
2002-12-19 01:21:00+00:00,30015.516900068516,30030.46747385424,30000.911977762597,30014.107257781507,389
2002-12-22 01:21:00+00:00,30017.298834309167,30020.996446799203,30016.66030803784,30018.554228238663,515
2002-12-25 01:21:00+00:00,30016.798312836,30017.74246791767,30010.11930368439,30016.348818376395,591
2002-12-28 01:21:00+00:00,30017.905267792707,30025.32257926784,30001.47005401422,30017.462600734765,809
2002-12-31 01:21:00+00:00,30017.952559767444,30031.519209316644,30002.947332134205,30019.081307508048,496
2003-01-03 01:21:00+00:00,30018.07354696037,30019.145656136476,30012.387752151913,30018.839556100524,441
2003-01-06 01:21:00+00:00,30016.654583553438,30030.351172092007,29998.42106973634,30017.033722899683,470
2003-01-09 01:21:00+00:00,30017.474780751825,30032.121604647797,30004.127734754613,30017.756078852435,412
2003-01-12 01:21:00+00:00,30018.00904644909,30023.781762160237,30014.4407513719,30017.869200150377,362
2003-01-15 01:21:00+00:00,30018.705613195958,30025.987482407767,30008.421233142053,30019.507400950948,164
2003-01-18 01:21:00+00:00,30019.59351590743,30038.602502832564,29999.891517701933,30020.316787053092,992
2003-01-21 01:21:00+00:00,30017.67475486764,30022.7905954624,29997.91837589014,30017.79268642099,876
2003-01-24 01:21:00+00:00,30017.879434485283,30035.820242682472,29999.966185022626,30018.781584737808,976
2003-01-27 01:21:00+00:00,30018.503686960965,30021.52840032707,30001.332625709798,30018.054723686357,461
2003-01-30 01:21:00+00:00,30017.988410795064,30033.71720564404,30016.695098563636,30017.68077694365,585
2003-02-02 01:21:00+00:00,30017.194489594403,30024.782672808273,30013.67845463766,30017.70970900353,641
2003-02-05 01:21:00+00:00,30017.51466806564,30031.28627254206,29997.75666856259,30015.326773669178,667
2003-02-08 01:21:00+00:00,30017.728999581996,30026.434751527602,30009.52589100771,30018.56636476032,180
2003-02-11 01:21:00+00:00,30016.508038742988,30023.879828974386,30011.67861454965,30014.44078998463,634
2003-02-14 01:21:00+00:00,30014.514107255654,30022.747201245584,30004.756013553793,30013.89515417605,896
2003-02-17 01:21:00+00:00,30014.273917178885,30017.562360799675,29996.647648502265,30014.1234707403,324
2003-02-20 01:21:00+00:00,30013.352365371888,30017.663670142414,30001.422188591194,30013.969458799158,413
2003-02-23 01:21:00+00:00,30014.861237597244,30031.179912000338,30002.49089330871,30014.898525697063,646
2003-02-26 01:21:00+00:00,30016.10517288101,30026.041799970586,29996.2867948202,30016.029778214655,545
2003-03-01 01:21:00+00:00,30016.672898493885,30017.985792020976,29999.573380124733,30015.97609324913,642
2003-03-04 01:21:00+00:00,30016.054383097387,30034.17039689713,30011.519160963984,30016.128478495313,373
2003-03-07 01:21:00+00:00,30015.09965079316,30033.997166857094,30008.03085911357,30014.217474855486,977
2003-03-10 01:21:00+00:00,30015.77329712322,30031.591354507924,30014.219422328297,30015.858265449893,735
2003-03-13 01:21:00+00:00,30016.489118567853,30022.23398043595,30016.325418364995,30016.370086620827,647
2003-03-16 01:21:00+00:00,30015.594268963803,30027.20137785688,30009.905106692666,30014.39108534739,751
2003-03-19 01:21:00+00:00,30016.114304518214,30031.01127837727,30009.338739795872,30016.44324840851,672
2003-03-22 01:21:00+00:00,30015.116460467652,30029.447129815555,30001.19819885951,30016.033529328033,583
2003-03-25 01:21:00+00:00,30015.334238742824,30031.778678442322,30004.405906370794,30016.749144301848,825
2003-03-28 01:21:00+00:00,30014.541688385227,30031.69039116781,30005.30425045345,30015.122560979937,797
2003-03-31 01:21:00+00:00,30014.385153848354,30018.85530842258,30007.603994411424,30014.056732314864,290
2003-04-03 01:21:00+00:00,30013.953466522158,30017.750058000627,29996.836819593504,30014.067371335346,345
2003-04-06 01:21:00+00:00,30013.05679724129,30027.90454089231,30002.807575083276,30012.30182452309,972
2003-04-09 01:21:00+00:00,30012.428881095355,30018.196924242624,30005.691492367114,30013.832220271324,343
2003-04-12 01:21:00+00:00,30013.12018592054,30019.862901029483,30007.526038303997,30014.737490295818,690
2003-04-15 01:21:00+00:00,30012.587712131004,30032.044502629135,30012.109891925174,30013.471946925605,267
2003-04-18 01:21:00+00:00,30013.674110033793,30024.4162047185,30004.710581631625,30013.851089057167,963
2003-04-21 01:21:00+00:00,30013.003447415216,30016.801048268488,30010.613536309036,30014.312862113486,970
2003-04-24 01:21:00+00:00,30012.564239899242,30021.476674389105,30005.02582805649,30010.614349964813,961
2003-04-27 01:21:00+00:00,30013.022213915723,30024.973741288963,30007.23163071985,30013.152097235776,540
2003-04-30 01:21:00+00:00,30009.29309480746,30027.997404161404,29999.755970535673,30009.598692443775,923
2003-05-03 01:21:00+00:00,30011.248545334944,30013.014907418277,30011.172816749935,30011.435201831253,415
2003-05-06 01:21:00+00:00,30011.05981725714,30012.232837666263,29999.035940408605,30011.458484283106,300
2003-05-09 01:21:00+00:00,30010.906211534748,30025.019270046356,29996.628307921925,30011.147531971714,374
2003-05-12 01:21:00+00:00,30010.950702434868,30019.532688111674,29993.586821726883,30012.91971328158,407
2003-05-15 01:21:00+00:00,30011.268956436936,30030.968319892138,30007.233280380802,30010.388298839156,867
2003-05-18 01:21:00+00:00,30009.705043613743,30021.342241313945,29990.968130379224,30009.65751754187,466
2003-05-21 01:21:00+00:00,30012.09276663014,30024.264069155084,29994.60182830421,30011.039329760963,655
2003-05-24 01:21:00+00:00,30012.792779869305,30025.99025658508,30002.45316996078,30013.601521543293,378
2003-05-27 01:21:00+00:00,30013.07632457198,30017.385593531475,29999.893719047002,30013.1091745419,378
2003-05-30 01:21:00+00:00,30012.659081737052,30017.5077056748,30001.837539842323,30012.636028381497,382
2003-06-02 01:21:00+00:00,30014.888775900927,30023.63417578274,30010.662878014813,30015.12420716377,487
2003-06-05 01:21:00+00:00,30013.828493220437,30030.728503117083,30005.258546858186,30012.389500574303,252
2003-06-08 01:21:00+00:00,30013.6315978162,30033.305381152528,29994.97541756038,30013.310427848526,582
2003-06-11 01:21:00+00:00,30014.759170574845,30028.08671004939,30002.199556939693,30014.990261577157,837
2003-06-14 01:21:00+00:00,30012.52873840532,30024.668669481078,30003.78379513986,30010.960819467145,925
2003-06-17 01:21:00+00:00,30013.345337402632,30025.279218162417,30004.46953751016,30015.218186870115,497
2003-06-20 01:21:00+00:00,30014.504845124327,30015.739837128374,29994.914131990285,30013.971921537708,658
2003-06-23 01:21:00+00:00,30015.410248921526,30030.80149953072,30011.705278312347,30016.521172863224,516
2003-06-26 01:21:00+00:00,30015.042013399998,30031.576924544526,30013.594022863006,30015.5853313066,689
2003-06-29 01:21:00+00:00,30013.97438388686,30030.76906061046,29994.368506750587,30013.883929193387,284
2003-07-02 01:21:00+00:00,30014.773639823525,30032.29197679918,29995.758136955727,30013.632165056944,930
2003-07-05 01:21:00+00:00,30014.29436137808,30030.691529091513,29996.831600532147,30013.749624095748,264
2003-07-08 01:21:00+00:00,30014.46708314247,30021.278320294492,29996.533599135993,30014.10226937306,344
2003-07-11 01:21:00+00:00,30013.353751635932,30029.511599486053,29998.898621270255,30014.511171922357,303
2003-07-14 01:21:00+00:00,30014.53060066203,30032.648545558764,30012.74753829598,30015.008434185107,802
2003-07-17 01:21:00+00:00,30013.595239035974,30019.26280721988,30004.451055950078,30013.899977054687,504
2003-07-20 01:21:00+00:00,30016.49014243029,30024.68232597711,30004.63562834493,30015.27876740486,166
2003-07-23 01:21:00+00:00,30017.25000957009,30020.69011406264,30011.985772618144,30016.493051861205,165
2003-07-26 01:21:00+00:00,30019.49912067777,30036.308331607852,30018.048161852166,30017.16340738319,873
2003-07-29 01:21:00+00:00,30019.73460031195,30032.373593864748,30001.76664523078,30018.214776434572,113
2003-08-01 01:21:00+00:00,30020.8850824293,30021.90832699908,30011.751439050986,30021.535820300065,720
2003-08-04 01:21:00+00:00,30020.31868884703,30037.016375517323,30009.372926329743,30020.003131929872,890
2003-08-07 01:21:00+00:00,30021.584118909017,30022.472657346316,30021.248876226426,30022.785316105797,329
2003-08-10 01:21:00+00:00,30022.397372729913,30033.913483614804,30018.105039050126,30023.886925993593,989
2003-08-13 01:21:00+00:00,30023.06179226623,30038.358187673133,30017.856472088606,30023.89433453969,236
2003-08-16 01:21:00+00:00,30022.501035658035,30026.11768090085,30014.25454726987,30022.195629467547,622
2003-08-19 01:21:00+00:00,30021.924482289975,30034.50287168243,30020.338693519865,30019.70721683448,837
2003-08-22 01:21:00+00:00,30022.717913975495,30027.151096546528,30011.160435447357,30022.298612970506,869
2003-08-25 01:21:00+00:00,30022.37209352685,30031.123454125733,30007.7883910546,30021.436008075685,252
2003-08-28 01:21:00+00:00,30022.07428817422,30023.483507266872,30012.73201259333,30021.357956462954,817
2003-08-31 01:21:00+00:00,30022.639563133664,30030.54911100877,30009.020860573353,30023.42197523577,662
2003-09-03 01:21:00+00:00,30023.475251683853,30034.3171986976,30015.6210620569,30023.641435029615,765
2003-09-06 01:21:00+00:00,30022.68801524928,30024.49566353234,30018.92047622939,30022.240746559746,724
2003-09-09 01:21:00+00:00,30021.771120236506,30024.295021335667,30002.6237580508,30022.33879267543,474
2003-09-12 01:21:00+00:00,30021.854513314447,30031.667815543216,30019.480912339568,30021.732414786362,728
2003-09-15 01:21:00+00:00,30021.943043958447,30031.026042721194,30007.92922716049,30022.942331437243,722
2003-09-18 01:21:00+00:00,30023.609589898464,30025.426625464275,30009.61166271338,30023.850239818326,257
2003-09-21 01:21:00+00:00,30022.073897714658,30025.02064972462,30011.304466467238,30022.377184720866,187
2003-09-24 01:21:00+00:00,30023.115654779573,30029.059667442103,30007.208368936263,30021.763006975685,125
2003-09-27 01:21:00+00:00,30022.11851353426,30022.359982225993,30017.973287030076,30022.331433294657,854
2003-09-30 01:21:00+00:00,30022.7910181056,30030.008861082955,30021.184469196673,30022.83726100479,178
2003-10-03 01:21:00+00:00,30025.105332519404,30037.03703323959,30014.976789099554,30023.87462339285,357
2003-10-06 01:21:00+00:00,30025.824197055434,30030.718760978983,30018.111668299407,30026.219753017853,634
2003-10-09 01:21:00+00:00,30026.586992028373,30026.649416674263,30006.700411504346,30026.831943762838,654
2003-10-12 01:21:00+00:00,30026.616519360403,30029.7639624104,30012.3340348021,30026.819657657088,202
2003-10-15 01:21:00+00:00,30025.473348715215,30044.78051118405,30007.278624268118,30026.68875496537,742
2003-10-18 01:21:00+00:00,30024.87192581813,30039.38911329605,30011.338376849708,30025.581181004854,366
2003-10-21 01:21:00+00:00,30025.43997181711,30030.78373458724,30006.454435967196,30026.52852002579,312
2003-10-24 01:21:00+00:00,30024.015390406534,30024.505644480647,30016.96518404993,30021.338928487254,236
2003-10-27 01:21:00+00:00,30024.909164344233,30039.605795804353,30008.394239075627,30025.769919530612,301
2003-10-30 01:21:00+00:00,30024.84173623718,30038.59356084022,30012.30809865944,30023.692964434864,184
2003-11-02 01:21:00+00:00,30025.19413449528,30030.30636895659,30022.69458902897,30026.37460855826,108
2003-11-05 01:21:00+00:00,30025.708253218992,30037.71054981731,30015.32380031762,30025.76381687318,497
2003-11-08 01:21:00+00:00,30027.103138584327,30034.36129799655,30013.37786179301,30024.969738498865,934
2003-11-11 01:21:00+00:00,30027.988060732572,30045.64361490244,30023.77094786093,30028.61905049775,852
2003-11-14 01:21:00+00:00,30027.784910668634,30033.479733277854,30024.73737547626,30026.600155943015,882
2003-11-17 01:21:00+00:00,30028.33867559605,30040.799464036718,30011.322985710012,30027.427079883608,901
2003-11-20 01:21:00+00:00,30029.83314676891,30037.519290692053,30021.469851256803,30029.068719007842,957
2003-11-23 01:21:00+00:00,30029.76445674871,30044.184358018385,30012.91394428666,30030.662867275183,374
2003-11-26 01:21:00+00:00,30029.25557788922,30045.889426258855,30011.47729035207,30028.59519433792,851
2003-11-29 01:21:00+00:00,30028.96079364271,30045.36127145909,30020.471000581947,30029.732175239664,355
2003-12-02 01:21:00+00:00,30030.353528912292,30035.71371954663,30029.36054787404,30029.814449211666,560
2003-12-05 01:21:00+00:00,30029.845777197348,30030.74463669648,30018.393557355597,30031.968985455947,599
2003-12-08 01:21:00+00:00,30029.687419247697,30038.191510275265,30011.79850473923,30030.62726584372,545
2003-12-11 01:21:00+00:00,30029.37885041036,30030.257854722124,30027.994913885086,30029.605795983654,561
2003-12-14 01:21:00+00:00,30028.475632316226,30044.0662974837,30017.805667937708,30028.739988513553,730
2003-12-17 01:21:00+00:00,30029.533460790244,30032.900846948934,30019.221519068353,30029.9566427769,321
2003-12-20 01:21:00+00:00,30030.90684809165,30050.484579139666,30012.745192167487,30029.30146401932,517
2003-12-23 01:21:00+00:00,30030.63636382717,30044.512142000647,30027.698940803708,30029.517236900138,207
2003-12-26 01:21:00+00:00,30030.92336912945,30044.422810092958,30026.375797396096,30030.30623591998,193
2003-12-29 01:21:00+00:00,30029.182726855513,30031.317105690254,30014.537647611276,30030.832222078516,530
2004-01-01 01:21:00+00:00,30027.177576888054,30030.24022619446,30022.129829253703,30026.241442263938,863
2004-01-04 01:21:00+00:00,30028.183052262244,30039.194526411633,30026.744338774595,30028.540266967277,643
2004-01-07 01:21:00+00:00,30028.35004272748,30032.400621634213,30023.084891005605,30027.941108729865,534
2004-01-10 01:21:00+00:00,30029.807495124947,30035.211364889925,30029.54817213306,30030.154080904744,252
2004-01-13 01:21:00+00:00,30029.406577042082,30041.642750733452,30022.69061716861,30028.768412088244,935
2004-01-16 01:21:00+00:00,30028.66261761311,30047.777427279154,30012.63082119348,30027.544618706845,646
2004-01-19 01:21:00+00:00,30028.5526981963,30040.110103144663,30010.538175053112,30027.600548550072,347
2004-01-22 01:21:00+00:00,30028.944429848743,30038.357887061906,30026.589970176763,30028.304859723972,567
2004-01-25 01:21:00+00:00,30029.142048453272,30038.79043099017,30024.271603233432,30030.584897674064,322
2004-01-28 01:21:00+00:00,30031.362603543057,30047.97467722823,30018.55973029523,30033.436973395324,259
2004-01-31 01:21:00+00:00,30031.371028115198,30037.738445830215,30018.43288115718,30032.39687869205,570
2004-02-03 01:21:00+00:00,30032.200093907424,30042.98253418936,30031.4661884596,30032.766786510925,676
2004-02-06 01:21:00+00:00,30032.642878922918,30050.349612568414,30026.96864505986,30032.276473458,101
2004-02-09 01:21:00+00:00,30033.647541566217,30046.67235267688,30027.9433545646,30033.595000821915,942
2004-02-12 01:21:00+00:00,30035.64003382161,30050.533329537262,30024.003873170397,30036.41688309418,149
2004-02-15 01:21:00+00:00,30034.354003580775,30053.314872724968,30023.777784015725,30034.091904729503,922
2004-02-18 01:21:00+00:00,30034.011029990343,30036.733506922526,30023.264513657974,30033.955064780046,221
2004-02-21 01:21:00+00:00,30033.574709576897,30036.629582955018,30025.998431453703,30033.303141740078,698
2004-02-24 01:21:00+00:00,30033.25330327967,30045.7241594969,30019.77244192006,30032.54708886057,383
2004-02-27 01:21:00+00:00,30033.474439721835,30051.105845954375,30018.64295223936,30033.62378224489,246
2004-03-01 01:21:00+00:00,30034.507648515842,30035.159700020078,30019.749476988847,30035.758348175077,893
2004-03-04 01:21:00+00:00,30033.879596966934,30043.22740457549,30021.607395220402,30032.903756772113,650
2004-03-07 01:21:00+00:00,30032.89070379592,30036.59642060492,30019.089184952725,30032.015266641938,944
2004-03-10 01:21:00+00:00,30032.46816010136,30047.024885872408,30020.58334069128,30030.392153924524,924
2004-03-13 01:21:00+00:00,30032.405738741032,30034.486643944172,30015.04749647061,30031.786299865573,531
2004-03-16 01:21:00+00:00,30034.6568710935,30041.00559251772,30025.258628962125,30036.311406462097,481
2004-03-19 01:21:00+00:00,30035.380251628405,30048.787655356904,30030.210787962507,30034.941112023003,875
2004-03-22 01:21:00+00:00,30034.336747595986,30046.099623574806,30020.623937505807,30035.457913412545,173
2004-03-25 01:21:00+00:00,30034.103017070396,30037.982714300113,30023.776609766643,30033.775613205973,875
2004-03-28 01:21:00+00:00,30035.450817395802,30048.61429163911,30023.634083622477,30033.58249753279,349
2004-03-31 01:21:00+00:00,30036.687845640143,30037.56054454144,30026.60544717002,30037.176559177617,123
2004-04-03 01:21:00+00:00,30037.613924102163,30039.04753236587,30022.176246534396,30036.771339564253,849
2004-04-06 01:21:00+00:00,30036.92610044483,30041.80205745177,30034.03526591804,30037.329684021985,167
2004-04-09 01:21:00+00:00,30038.459519305496,30038.62160463914,30030.153014210897,30039.374888636772,460
2004-04-12 01:21:00+00:00,30039.40646986617,30048.027638814652,30036.08796130384,30038.6943975033,578
2004-04-15 01:21:00+00:00,30038.600972316613,30039.51294748674,30038.045082389806,30039.828112803913,845
2004-04-18 01:21:00+00:00,30036.519779496677,30048.194886310153,30023.132731336023,30036.006224504796,480
2004-04-21 01:21:00+00:00,30035.896583202182,30036.847082841854,30033.55331838624,30034.995434251214,610
2004-04-24 01:21:00+00:00,30037.114636795035,30044.83382923034,30025.357220626323,30036.505745745835,353
2004-04-27 01:21:00+00:00,30036.550486313165,30040.386981314554,30021.27166206098,30036.10623006151,795
2004-04-30 01:21:00+00:00,30034.64005595674,30042.64660243196,30022.839960094156,30034.88072021613,140
2004-05-03 01:21:00+00:00,30033.385856394194,30050.158487449793,30025.34123538431,30035.062328554977,584
2004-05-06 01:21:00+00:00,30032.740676807276,30038.481130956876,30028.29763699945,30032.951831131748,214
2004-05-09 01:21:00+00:00,30033.562020345456,30033.74771474498,30017.648156870597,30033.398679025566,579
2004-05-12 01:21:00+00:00,30035.180073837957,30035.677116855546,30024.588686723913,30034.334913909075,550
2004-05-15 01:21:00+00:00,30033.6977590864,30048.870173931107,30017.437494560894,30033.600691187457,298
2004-05-18 01:21:00+00:00,30034.021239051166,30036.38920346284,30025.17818507845,30035.65543320256,129
2004-05-21 01:21:00+00:00,30033.821139989537,30045.691239088534,30025.612842620267,30035.02839318762,213
2004-05-24 01:21:00+00:00,30034.583629555484,30043.373054548287,30034.390821461755,30034.82913804815,895
2004-05-27 01:21:00+00:00,30036.421890623133,30039.515215255844,30034.29363969632,30036.925477089175,678
2004-05-30 01:21:00+00:00,30034.985133530783,30046.69421990514,30024.324349699833,30033.61031558106,225
2004-06-02 01:21:00+00:00,30035.92722979795,30041.836471958293,30031.771810192255,30035.392082490933,740
2004-06-05 01:21:00+00:00,30035.810435120926,30051.55808327311,30023.147337846804,30036.589723180896,857
2004-06-08 01:21:00+00:00,30036.357347371584,30046.011639165405,30020.950786324083,30036.278399100724,503
2004-06-11 01:21:00+00:00,30035.408386611245,30043.530018483234,30018.195637347362,30036.25735177988,939
2004-06-14 01:21:00+00:00,30035.456165537023,30050.032850076146,30034.23585191924,30036.88449480931,592
2004-06-17 01:21:00+00:00,30035.23793843613,30035.496631994225,30017.258671608877,30034.660322465486,500
2004-06-20 01:21:00+00:00,30034.197863062484,30049.424317074372,30029.13108659528,30034.420468413842,230
2004-06-23 01:21:00+00:00,30034.23287581766,30035.512140018083,30020.289803785894,30033.12279336462,480
2004-06-26 01:21:00+00:00,30034.00708758538,30037.360310111726,30014.10694689556,30034.411329063103,609
2004-06-29 01:21:00+00:00,30032.32744203104,30042.139984452962,30022.643271167322,30030.87099073564,853
2004-07-02 01:21:00+00:00,30031.519479858638,30041.42296741423,30021.161573847072,30030.394401519283,282
2004-07-05 01:21:00+00:00,30031.916770839343,30037.070683511825,30014.133467684478,30030.966585301303,483
2004-07-08 01:21:00+00:00,30031.633302747545,30047.42039792495,30018.894734356632,30030.884542684194,309
2004-07-11 01:21:00+00:00,30032.150527336547,30045.44939146668,30017.483643855317,30031.36926738667,900
2004-07-14 01:21:00+00:00,30033.13547105808,30047.20618067385,30027.505924052948,30034.18119481248,455
2004-07-17 01:21:00+00:00,30032.43932776632,30044.25672977797,30014.557321950662,30031.175920781065,328
2004-07-20 01:21:00+00:00,30033.010653204907,30050.598057925854,30015.769586664122,30033.04393469557,140
2004-07-23 01:21:00+00:00,30034.390611026432,30043.85702885918,30032.075847475404,30035.12173636982,925
2004-07-26 01:21:00+00:00,30034.76830014338,30035.992199819622,30022.369211583267,30034.81245758208,749
2004-07-29 01:21:00+00:00,30034.140700960696,30038.13623074517,30031.589338745835,30036.689972506378,235
2004-08-01 01:21:00+00:00,30033.952777924093,30046.342331885546,30018.82619369423,30033.920315765736,557
2004-08-04 01:21:00+00:00,30033.499212282433,30035.272015313592,30031.705897161464,30032.480248945285,617
2004-08-07 01:21:00+00:00,30031.616148933692,30044.61790038939,30019.63316877053,30031.338000573724,468
2004-08-10 01:21:00+00:00,30033.221950741336,30035.87088211007,30026.31467608186,30034.638568858838,304
2004-08-13 01:21:00+00:00,30033.117128800073,30052.864617221938,30027.706485145598,30032.433577378568,598
2004-08-16 01:21:00+00:00,30032.25391216529,30043.369262708435,30017.36066451056,30032.368030338843,706
2004-08-19 01:21:00+00:00,30032.263376132374,30036.748591231913,30029.817247826628,30032.85639010648,593
2004-08-22 01:21:00+00:00,30031.2786560872,30043.95691371589,30024.555574263664,30031.69404731688,159
2004-08-25 01:21:00+00:00,30030.568204987147,30039.097806293274,30022.202624411326,30030.298669933985,251
2004-08-28 01:21:00+00:00,30029.791356343594,30042.14832639664,30019.42402338145,30030.3058044626,355
2004-08-31 01:21:00+00:00,30031.050664584272,30035.58354378232,30015.595058147555,30031.194220236288,796
2004-09-03 01:21:00+00:00,30030.108230119014,30030.64071402123,30023.430615072324,30029.633205595863,485
2004-09-06 01:21:00+00:00,30028.984858855598,30037.11551627686,30010.60381288792,30030.576181493598,603
2004-09-09 01:21:00+00:00,30031.04860593585,30031.094147181346,30026.599829285577,30031.755432122965,154
2004-09-12 01:21:00+00:00,30031.392553530754,30043.14405364226,30018.577490218988,30031.145047602244,576
2004-09-15 01:21:00+00:00,30031.057257378743,30035.075522209896,30024.54135839567,30031.405430153696,865
2004-09-18 01:21:00+00:00,30031.443808689284,30045.465135958275,30015.54841438693,30030.89838537663,333
2004-09-21 01:21:00+00:00,30029.65691470216,30042.72063510261,30009.963868688934,30029.957465629534,639
2004-09-24 01:21:00+00:00,30030.57662883812,30048.36191464055,30018.387518348783,30028.715974813967,129
2004-09-27 01:21:00+00:00,30031.452056555885,30036.3938318522,30021.864951221538,30031.30056140558,104
2004-09-30 01:21:00+00:00,30031.937329437962,30044.16942765239,30014.50292275959,30031.091019168056,667
2004-10-03 01:21:00+00:00,30031.68416034117,30051.47872393931,30021.502497487403,30034.208923438102,445
2004-10-06 01:21:00+00:00,30032.690739941867,30051.384854804724,30024.198751553227,30032.464986739033,932
2004-10-09 01:21:00+00:00,30032.293975921293,30040.06683920824,30018.65794785092,30033.578417058892,265
2004-10-12 01:21:00+00:00,30031.834891937815,30037.294491688706,30026.640454178414,30032.263056570388,255
2004-10-15 01:21:00+00:00,30032.14218821016,30044.57947798873,30018.93855371589,30034.098553513573,818
2004-10-18 01:21:00+00:00,30031.877945414417,30044.061172817565,30017.80901164734,30030.970117380748,181
2004-10-21 01:21:00+00:00,30030.696489343638,30041.200406213622,30020.786490312043,30030.85454800499,736
2004-10-24 01:21:00+00:00,30032.116767690426,30046.933361808122,30018.638358382745,30032.27793670152,743
2004-10-27 01:21:00+00:00,30031.21670234085,30031.337888887916,30020.17259710899,30031.32347126899,201
2004-10-30 01:21:00+00:00,30032.375994457656,30042.051699177995,30031.069545303882,30031.71055702746,992
2004-11-02 01:21:00+00:00,30031.956060690394,30048.576720681423,30023.770635744895,30031.876635817687,536
2004-11-05 01:21:00+00:00,30030.6650019585,30031.383583576197,30013.796537750004,30031.652342187997,699
2004-11-08 01:21:00+00:00,30031.3315549616,30032.534056633584,30013.520956968332,30029.89549896125,887
2004-11-11 01:21:00+00:00,30031.361966353634,30047.303240675792,30018.891305479472,30031.043165668667,785
2004-11-14 01:21:00+00:00,30030.121329461566,30043.95644907069,30017.52518640873,30029.995440914423,977
2004-11-17 01:21:00+00:00,30031.023717371267,30048.759760671463,30013.724052026235,30029.10247055923,254
2004-11-20 01:21:00+00:00,30030.525243262455,30037.77435343293,30025.681654333042,30029.198331578442,977
2004-11-23 01:21:00+00:00,30030.322377790973,30043.47108705928,30011.828368196155,30031.796976997444,884
2004-11-26 01:21:00+00:00,30030.49498645037,30043.589982084668,30022.046195180945,30031.372316154353,847
2004-11-29 01:21:00+00:00,30030.632591577516,30031.619648186566,30030.530069371092,30030.11259817928,453
2004-12-02 01:21:00+00:00,30032.01364807409,30048.100125545454,30022.5020205554,30031.665812142328,149
2004-12-05 01:21:00+00:00,30031.54139190624,30034.939583714942,30025.838431584245,30032.753332492055,146
2004-12-08 01:21:00+00:00,30032.10234314568,30036.569073099516,30023.368590073987,30032.257211075426,405
2004-12-11 01:21:00+00:00,30031.246758308367,30047.53839459175,30022.990041352856,30031.073635730547,294
2004-12-14 01:21:00+00:00,30031.026875819574,30047.97347969979,30021.4457838891,30032.023059440005,830
2004-12-17 01:21:00+00:00,30031.640914832475,30048.827752997826,30031.46628112644,30033.482550426685,710
2004-12-20 01:21:00+00:00,30031.727465888776,30045.451490063973,30029.564187295666,30032.307250732683,829
2004-12-23 01:21:00+00:00,30033.239134411688,30048.886766955446,30030.985385678738,30032.979005436253,368
2004-12-26 01:21:00+00:00,30032.229412884328,30051.791188448406,30018.698662441966,30031.79897207444,588
2004-12-29 01:21:00+00:00,30033.20099911332,30037.69084754334,30019.833055481813,30034.217914156336,501
2005-01-01 01:21:00+00:00,30033.117768163214,30046.457183123985,30018.642599483017,30032.550302047977,130
2005-01-04 01:21:00+00:00,30031.754194707893,30046.46313347521,30018.95172706001,30031.777639321677,336
2005-01-07 01:21:00+00:00,30030.30125152244,30046.520849539236,30025.45157058844,30030.67677777093,681
2005-01-10 01:21:00+00:00,30030.903205983053,30042.378218265345,30028.380569875364,30031.144468493098,485
2005-01-13 01:21:00+00:00,30031.756973283216,30034.35270752323,30023.784391548674,30030.14213210216,250
2005-01-16 01:21:00+00:00,30032.52904266688,30040.112955039975,30025.86740221645,30033.056936076082,505
2005-01-19 01:21:00+00:00,30032.296816150236,30040.449049441657,30020.223729205693,30032.96226890677,486
2005-01-22 01:21:00+00:00,30031.320253194044,30041.365763871487,30013.514512921633,30032.26653788892,632
2005-01-25 01:21:00+00:00,30032.164441897938,30041.14584145732,30031.470196432445,30030.233025381764,668
2005-01-28 01:21:00+00:00,30031.433819020953,30051.103985834034,30019.502853687998,30030.228345719275,176
2005-01-31 01:21:00+00:00,30031.96883492999,30039.473728241705,30027.66205756571,30030.34872079681,150
2005-02-03 01:21:00+00:00,30031.88353451009,30037.609629730858,30015.884868456225,30030.712600054336,792
2005-02-06 01:21:00+00:00,30031.469549249057,30045.95541820812,30021.77398599855,30032.99772045029,955
2005-02-09 01:21:00+00:00,30032.289439339584,30047.152599812507,30030.139874159155,30032.2237458708,427
2005-02-12 01:21:00+00:00,30033.12951539497,30037.186179051812,30017.28796227271,30034.049802466612,465
2005-02-15 01:21:00+00:00,30033.06676355186,30040.386816313425,30032.216859292632,30034.460506084153,785
2005-02-18 01:21:00+00:00,30032.50141241258,30040.463313193522,30020.637133264023,30031.22260164916,132
2005-02-21 01:21:00+00:00,30032.88161940054,30052.850909704095,30012.964452361965,30033.858470006948,404
2005-02-24 01:21:00+00:00,30032.56431144593,30037.986517553607,30029.73644863685,30033.553646413704,131
2005-02-27 01:21:00+00:00,30031.7586612809,30047.374416246512,30016.701791776723,30031.46850784719,963
2005-03-02 01:21:00+00:00,30031.996293149034,30036.556004862097,30017.08040562081,30030.423739284342,774
2005-03-05 01:21:00+00:00,30032.902237062495,30042.21039276586,30029.88504717729,30030.734721337885,416
2005-03-08 01:21:00+00:00,30032.409458474263,30041.09571673306,30030.839348762234,30031.591645096152,206
2005-03-11 01:21:00+00:00,30034.140641664006,30051.76729373151,30030.070198918645,30032.668901116245,220
2005-03-14 01:21:00+00:00,30034.40613177048,30040.725202656486,30022.379421270358,30034.025353903733,555
2005-03-17 01:21:00+00:00,30033.540046854054,30053.048372493795,30027.433642521515,30032.826317254967,761
2005-03-20 01:21:00+00:00,30033.159738550494,30049.097266775632,30028.07713243824,30032.986530400336,926
2005-03-23 01:21:00+00:00,30035.617994301127,30050.208117883467,30035.047451442835,30034.443386066017,224
2005-03-26 01:21:00+00:00,30034.12853973482,30048.238495139503,30014.2957548838,30034.403075688162,840
2005-03-29 01:21:00+00:00,30032.819914364318,30051.131680847007,30018.72997270274,30034.163242890838,271
2005-04-01 01:21:00+00:00,30034.13026333002,30053.703248468308,30015.48434220526,30034.735271292597,927
2005-04-04 01:21:00+00:00,30035.12211997436,30052.0388452849,30032.595398419868,30037.112146126277,357
2005-04-07 01:21:00+00:00,30033.536011791577,30038.677269239655,30023.59881240326,30032.18311862179,565
2005-04-10 01:21:00+00:00,30032.917346541897,30048.4356387843,30015.46386841716,30032.862733433543,970
2005-04-13 01:21:00+00:00,30032.13250025221,30048.75862158518,30016.45712781149,30032.540601416094,902
2005-04-16 01:21:00+00:00,30032.644727059593,30038.047325538264,30013.028623321916,30030.99993954289,673
2005-04-19 01:21:00+00:00,30032.90084864078,30043.321930185743,30020.522120618512,30032.904899781828,425
2005-04-22 01:21:00+00:00,30033.364947949118,30042.21607265501,30016.04884806465,30033.230274928803,778
2005-04-25 01:21:00+00:00,30036.074798775655,30052.54547826065,30021.512355266557,30036.564404212942,731
2005-04-28 01:21:00+00:00,30036.292293816598,30037.62433114076,30018.553332042116,30035.339263765607,690
2005-05-01 01:21:00+00:00,30035.125898676873,30035.960132092114,30020.398711814185,30034.80357232441,381
2005-05-04 01:21:00+00:00,30034.628439175365,30048.460042162314,30033.489149566598,30034.963107721163,113
2005-05-07 01:21:00+00:00,30034.46372420024,30050.963861576616,30018.055356268356,30033.411017966253,417
2005-05-10 01:21:00+00:00,30035.37849161388,30041.646211691335,30029.879246023305,30034.27453700465,926
2005-05-13 01:21:00+00:00,30035.964065504366,30038.930001581182,30035.84406488578,30035.389384784918,657
2005-05-16 01:21:00+00:00,30035.854678929678,30049.544163522998,30022.187588099103,30035.49696514611,862
2005-05-19 01:21:00+00:00,30035.90161832673,30053.173022330484,30033.877460214524,30036.197932033774,861
2005-05-22 01:21:00+00:00,30038.01467001476,30051.92068350867,30035.631111620016,30037.792103822703,675
2005-05-25 01:21:00+00:00,30037.68346093742,30040.318643934424,30023.85771484492,30038.45154597204,883
2005-05-28 01:21:00+00:00,30037.37661569342,30046.0027235505,30031.180865356033,30038.30884763512,879
2005-05-31 01:21:00+00:00,30035.60399117835,30043.960518567274,30016.823633769473,30036.03221751028,168
2005-06-03 01:21:00+00:00,30035.697948477948,30040.324674298186,30027.691395082908,30034.60109159045,575
2005-06-06 01:21:00+00:00,30034.239073035977,30037.312880793612,30028.227094341273,30033.87142643672,864
2005-06-09 01:21:00+00:00,30034.035776242352,30047.2652221197,30033.32832874011,30035.907202595863,282
2005-06-12 01:21:00+00:00,30033.744290726398,30041.08374160743,30014.34182436961,30036.11526599988,193
2005-06-15 01:21:00+00:00,30033.28278437008,30048.75211650356,30018.930364628697,30033.363419128167,964
2005-06-18 01:21:00+00:00,30034.312431550756,30036.297385284728,30028.102697852555,30033.379722205384,985
2005-06-21 01:21:00+00:00,30033.64260139451,30044.331587440523,30018.440796011626,30032.401631093457,233
2005-06-24 01:21:00+00:00,30033.734279258897,30041.665593399837,30015.88030829176,30033.26313086407,608
2005-06-27 01:21:00+00:00,30033.711882876716,30047.290218315644,30022.336893945238,30034.21070024765,207
2005-06-30 01:21:00+00:00,30032.865744963667,30046.35087840987,30018.911190032795,30033.455647953182,473
2005-07-03 01:21:00+00:00,30031.712640772683,30047.731839842396,30017.164108593413,30030.895661928178,718
2005-07-06 01:21:00+00:00,30031.29119377392,30043.800840713167,30024.275604260332,30032.66140934019,496
2005-07-09 01:21:00+00:00,30030.92110650481,30050.27505453277,30011.4713235717,30031.694733896267,148
2005-07-12 01:21:00+00:00,30029.41769120058,30035.857160238866,30016.98116640304,30028.53530897109,397
2005-07-15 01:21:00+00:00,30031.077176813094,30049.202824122833,30027.69838452083,30032.112860215406,969
2005-07-18 01:21:00+00:00,30031.46943043783,30032.96110947247,30016.915940630905,30033.044175459898,867
2005-07-21 01:21:00+00:00,30032.973162819333,30033.78413341279,30026.215987148895,30032.110897636194,333
2005-07-24 01:21:00+00:00,30032.90092722081,30042.255713773364,30021.65444159874,30033.591745598646,785
2005-07-27 01:21:00+00:00,30031.960495548985,30047.903474305585,30020.201227399397,30031.776935276313,334
2005-07-30 01:21:00+00:00,30034.452521202224,30038.535733414425,30027.69807699459,30034.41491986026,967
2005-08-02 01:21:00+00:00,30032.93872875647,30050.079216226037,30016.33706815404,30031.402988713697,633
2005-08-05 01:21:00+00:00,30031.42340368935,30046.187211544788,30018.67608055903,30031.705062858306,199
2005-08-08 01:21:00+00:00,30028.2240681603,30035.979986990566,30015.994913120794,30028.07431897524,304
2005-08-11 01:21:00+00:00,30028.44952538047,30044.90248498314,30013.594534002546,30028.814756511598,461
2005-08-14 01:21:00+00:00,30028.687654965717,30035.658882884654,30024.29350122313,30027.645831618825,955
2005-08-17 01:21:00+00:00,30027.55683743827,30037.826362336356,30018.655769284134,30025.627983639886,877
2005-08-20 01:21:00+00:00,30029.11176733025,30047.717724498605,30023.98386937506,30030.841889716066,815
2005-08-23 01:21:00+00:00,30028.971710413658,30036.812551268587,30014.569339490856,30028.575477962022,829
2005-08-26 01:21:00+00:00,30029.190183383722,30047.334926108837,30016.602200420188,30030.084129121475,469
2005-08-29 01:21:00+00:00,30027.721149434095,30041.742514856167,30010.25884875445,30028.00175486002,523
2005-09-01 01:21:00+00:00,30029.11188113268,30037.76971807006,30010.87194755399,30029.691319654954,533
2005-09-04 01:21:00+00:00,30026.904987245594,30045.70723797758,30020.56777114972,30028.12202949524,868
2005-09-07 01:21:00+00:00,30026.525217122926,30029.955551331783,30024.032605253182,30027.125812673537,815
2005-09-10 01:21:00+00:00,30025.130941434505,30029.23169845997,30024.05915813951,30026.414870209588,131
2005-09-13 01:21:00+00:00,30024.243568875365,30035.76196510984,30005.291381446877,30023.403452167724,948
2005-09-16 01:21:00+00:00,30024.409741297906,30042.091297935138,30015.27947938345,30023.10268871079,576
2005-09-19 01:21:00+00:00,30025.838498814934,30030.39928271468,30017.641744910994,30025.90904018739,420
2005-09-22 01:21:00+00:00,30024.372173322947,30044.04281948344,30006.432283330876,30024.177539048236,368
2005-09-25 01:21:00+00:00,30024.653353850168,30038.73177378459,30015.951652807664,30023.518993423117,914
2005-09-28 01:21:00+00:00,30024.277537557256,30027.88539588665,30012.837775582007,30025.46793034461,738
2005-10-01 01:21:00+00:00,30024.15695179231,30032.20176095804,30006.47630177934,30023.39361938038,568
2005-10-04 01:21:00+00:00,30023.65710538807,30038.53510451492,30005.823169738487,30024.0067381901,626
2005-10-07 01:21:00+00:00,30023.894122869056,30027.502162595163,30007.501211597497,30024.8488362764,456
2005-10-10 01:21:00+00:00,30023.298894744883,30043.13563402488,30003.759940358337,30020.43643322151,256
2005-10-13 01:21:00+00:00,30024.362814797147,30026.492229824027,30016.491787998217,30024.683457231986,644
2005-10-16 01:21:00+00:00,30025.72793530852,30038.41358216139,30020.52536572574,30026.660282715573,970
2005-10-19 01:21:00+00:00,30026.3780666679,30040.59842143331,30026.190671681532,30027.619498889828,298
2005-10-22 01:21:00+00:00,30026.28938399517,30032.424431860443,30019.945609453014,30027.85943006168,358
2005-10-25 01:21:00+00:00,30026.05254553195,30038.630288247008,30008.05631332718,30025.55314194777,253
2005-10-28 01:21:00+00:00,30025.583859934082,30025.70558533028,30017.69781132209,30026.2808058837,389
2005-10-31 01:21:00+00:00,30025.84000988816,30039.8789350206,30017.629194989393,30025.923235082064,162
2005-11-03 01:21:00+00:00,30026.307676666176,30043.89825353504,30017.27284783776,30026.5991116465,596
2005-11-06 01:21:00+00:00,30026.607175551406,30038.60337104141,30016.537169442487,30025.734661621227,316
2005-11-09 01:21:00+00:00,30025.913972435388,30034.40731392377,30008.00915244827,30025.15361254475,270
2005-11-12 01:21:00+00:00,30026.085257171173,30027.099280144663,30015.75676791054,30025.218403872423,856
2005-11-15 01:21:00+00:00,30026.1838604482,30042.17320655294,30020.966225269847,30024.961372734728,590
2005-11-18 01:21:00+00:00,30025.396054332752,30032.902101618496,30009.867852807634,30025.180941601113,359
2005-11-21 01:21:00+00:00,30023.815097183175,30032.858663708797,30018.03710548071,30022.506555096657,745
2005-11-24 01:21:00+00:00,30023.5264949619,30033.874975996114,30004.049599956812,30023.92812864272,238
2005-11-27 01:21:00+00:00,30022.783145208876,30023.54225819403,30015.161425194154,30023.73295794806,136
2005-11-30 01:21:00+00:00,30022.04221142006,30030.764473465,30013.283547649222,30021.784645700664,799
2005-12-03 01:21:00+00:00,30022.418338999585,30028.603380254797,30019.55901909002,30020.105457923088,115
2005-12-06 01:21:00+00:00,30022.803034550714,30025.75652338725,30015.0643351842,30022.47354269316,658
2005-12-09 01:21:00+00:00,30023.427645304066,30034.107277355874,30005.7209827261,30024.15493187937,299
2005-12-12 01:21:00+00:00,30023.670587061915,30035.960385526123,30021.35630928919,30024.990068405383,188
2005-12-15 01:21:00+00:00,30023.548801110603,30024.935391699622,30012.667295421,30021.2052232264,852
2005-12-18 01:21:00+00:00,30023.66340155254,30041.24188887748,30005.816282106236,30024.5943478059,755
2005-12-21 01:21:00+00:00,30025.48419321543,30025.84978374651,30017.685189440737,30024.859915576715,763
2005-12-24 01:21:00+00:00,30025.962419682182,30036.65581332591,30015.491765614686,30027.376118892993,523
2005-12-27 01:21:00+00:00,30026.783290136398,30031.10798176041,30022.50929713074,30026.625937185505,474
2005-12-30 01:21:00+00:00,30025.763326636377,30033.449868161835,30024.14605158893,30027.83136016253,765
2006-01-02 01:21:00+00:00,30025.171670248328,30028.404948722116,30024.331608140357,30026.58469241035,979
2006-01-05 01:21:00+00:00,30025.800716060054,30038.359981933765,30020.310799422154,30025.58306379469,107
2006-01-08 01:21:00+00:00,30026.133122450356,30038.23805280544,30008.33793026497,30027.218861489455,595
2006-01-11 01:21:00+00:00,30024.92642714777,30033.669856390577,30011.37981995945,30023.337645313564,262
2006-01-14 01:21:00+00:00,30022.588974771807,30036.11711721352,30010.52909234281,30022.621739304373,465
2006-01-17 01:21:00+00:00,30020.53831133869,30022.298867312522,30011.983940635906,30019.437668400624,957
2006-01-20 01:21:00+00:00,30020.29990369229,30034.65443976155,30013.00811049059,30020.876196720288,717
2006-01-23 01:21:00+00:00,30020.92665963077,30033.227968001473,30017.49944014534,30021.46831415675,598
2006-01-26 01:21:00+00:00,30021.13630702267,30038.295271993466,30014.32059745791,30021.386516670835,221
2006-01-29 01:21:00+00:00,30021.874860457563,30040.45992873059,30019.68642805244,30021.638776510496,227
2006-02-01 01:21:00+00:00,30020.85175684044,30021.179395793708,30011.73435615838,30020.023307092328,865
2006-02-04 01:21:00+00:00,30020.006999888425,30036.390132949287,30000.096896837676,30019.875582876884,750
2006-02-07 01:21:00+00:00,30017.93071605784,30020.7585274756,30009.26858543485,30016.849283272368,775
2006-02-10 01:21:00+00:00,30014.92960987225,30017.278696346908,30010.73763302272,30012.90620595361,477
2006-02-13 01:21:00+00:00,30015.20856626464,30017.65005814403,29998.344291281923,30015.248689180145,344
2006-02-16 01:21:00+00:00,30016.440304783624,30019.119138619648,29996.73533457153,30015.748816895797,313
2006-02-19 01:21:00+00:00,30015.651012790968,30027.019512255793,30015.52922212349,30015.083431220344,914
2006-02-22 01:21:00+00:00,30015.761602587878,30035.713881470783,30014.202155865023,30013.29070446667,251
2006-02-25 01:21:00+00:00,30015.388578257618,30033.439525589547,30015.13535242392,30014.95612995776,976
2006-02-28 01:21:00+00:00,30015.857433787685,30023.216518296835,30004.646983040304,30015.211072145474,585
2006-03-03 01:21:00+00:00,30016.809330630866,30031.832908187673,30005.774881842866,30018.066474887375,298
2006-03-06 01:21:00+00:00,30016.770517276193,30023.01160067405,30000.61878422652,30016.99932897635,738
2006-03-09 01:21:00+00:00,30018.242779913522,30026.038888508217,30015.218382229345,30018.528098269235,678
2006-03-12 01:21:00+00:00,30017.902354322996,30025.37289883265,30003.19412900866,30016.877997680007,369
2006-03-15 01:21:00+00:00,30018.473142807412,30023.216289563446,30013.291586358315,30017.921642141453,241
2006-03-18 01:21:00+00:00,30016.394446756593,30024.588448049548,30012.76887744661,30015.56028477275,471
2006-03-21 01:21:00+00:00,30015.787751713604,30023.951192077497,30008.80826847725,30015.425700599146,690
2006-03-24 01:21:00+00:00,30016.46489099653,30025.751432730583,30004.248300459116,30016.063922302987,882
2006-03-27 01:21:00+00:00,30014.380502256394,30022.886816825758,29995.202149376273,30013.14705394332,219
2006-03-30 01:21:00+00:00,30013.657538976637,30031.75613966445,30006.125560949313,30014.06348074523,460
2006-04-02 01:21:00+00:00,30014.216966680695,30017.84837875525,30007.410677317042,30014.29404513563,722
2006-04-05 01:21:00+00:00,30013.007224973866,30018.524057329036,30007.27501578271,30013.11069101153,938
2006-04-08 01:21:00+00:00,30013.059434674797,30016.970548572524,30010.089700255052,30013.31271268843,377
2006-04-11 01:21:00+00:00,30012.168308180444,30019.140332978743,29994.144003278638,30011.28262894391,562
2006-04-14 01:21:00+00:00,30011.547912408932,30017.06110293936,29995.946521358044,30013.923417196223,986
2006-04-17 01:21:00+00:00,30011.046001695482,30015.70707972342,29991.07745838983,30010.497567615344,471
2006-04-20 01:21:00+00:00,30009.516875778492,30019.113934165933,30005.2279462566,30009.909064589545,655
2006-04-23 01:21:00+00:00,30008.46115466437,30023.959991381475,29999.78732294621,30010.579436254226,186
2006-04-26 01:21:00+00:00,30008.878711480906,30017.178697882955,29997.413055855737,30009.058250598373,461
2006-04-29 01:21:00+00:00,30010.358919285478,30015.518305193007,30004.988786767975,30011.5903692043,353
2006-05-02 01:21:00+00:00,30010.383503731562,30019.009641477074,29999.99358081832,30011.28689361832,597
2006-05-05 01:21:00+00:00,30010.151441404527,30018.30992720715,30006.72294019783,30009.937269984555,349
2006-05-08 01:21:00+00:00,30009.79557451132,30016.17965595811,29996.092113307837,30008.704728240304,781
2006-05-11 01:21:00+00:00,30008.93809752527,30027.143650214533,29994.7537462898,30008.57164486796,199
2006-05-14 01:21:00+00:00,30010.090813771727,30017.45587022528,30002.739547884,30009.988367393304,563
2006-05-17 01:21:00+00:00,30011.012320370894,30011.448311923563,30010.897513739426,30012.809754253394,106
2006-05-20 01:21:00+00:00,30011.742536783564,30015.620385969563,30009.599963734294,30011.34708582957,672
2006-05-23 01:21:00+00:00,30012.31261518888,30031.200589869837,29998.510114186683,30014.088271832206,129
2006-05-26 01:21:00+00:00,30013.33686007957,30016.24011075125,29996.889532368354,30012.7113842999,856
2006-05-29 01:21:00+00:00,30013.865546154906,30020.97209747003,29996.90696963282,30014.057905385387,785
2006-06-01 01:21:00+00:00,30014.193015069945,30026.540513349948,30012.410535997144,30014.23710264087,647
2006-06-04 01:21:00+00:00,30014.12544985814,30026.057808770198,30009.694946957872,30013.247065745807,869
2006-06-07 01:21:00+00:00,30013.96208023155,30015.150614502767,29997.72141455958,30013.677403974438,447
2006-06-10 01:21:00+00:00,30014.88597569933,30027.3971886995,29999.488772991805,30014.45258679497,411
2006-06-13 01:21:00+00:00,30014.21732342638,30031.99177553338,30009.659139611016,30014.339001153916,701
2006-06-16 01:21:00+00:00,30013.902216293634,30020.864982756822,29994.667522503376,30015.37662520995,470
2006-06-19 01:21:00+00:00,30014.467226719593,30020.605042534033,30000.68678092719,30014.20426379599,573
2006-06-22 01:21:00+00:00,30015.167265220505,30032.562254051947,29998.719725974897,30015.209657115793,602
2006-06-25 01:21:00+00:00,30014.490117377827,30015.234246010026,30008.383091370462,30015.519019286905,305
2006-06-28 01:21:00+00:00,30014.85740716418,30029.569775760403,30008.47412275982,30015.034670642894,856
2006-07-01 01:21:00+00:00,30015.84271381256,30018.493403317992,30007.80341274442,30015.630944283366,403
2006-07-04 01:21:00+00:00,30016.60040587695,30020.042817221558,30010.54903242283,30015.90042195422,188
2006-07-07 01:21:00+00:00,30018.136675118534,30036.729031822,30013.639153363598,30018.45615571355,872
2006-07-10 01:21:00+00:00,30016.387675084778,30034.437808284532,30005.893177504237,30015.64875485686,721
2006-07-13 01:21:00+00:00,30016.207970344058,30023.172989783066,30014.24562837045,30015.42130509838,531
2006-07-16 01:21:00+00:00,30016.757332898334,30021.968662749998,30011.978480977254,30018.974185519077,277
2006-07-19 01:21:00+00:00,30016.034354318886,30035.22986173863,30009.682348553713,30016.48309812549,242
2006-07-22 01:21:00+00:00,30015.922158981248,30030.35607160343,30004.044101001557,30014.9973124179,487
2006-07-25 01:21:00+00:00,30016.918630444332,30017.941685232778,29999.692788467877,30017.922656181316,852
2006-07-28 01:21:00+00:00,30016.027527956696,30029.28452025836,30009.542048048,30015.977350288027,967
2006-07-31 01:21:00+00:00,30015.720976770135,30024.85283576504,29997.593666884455,30015.73102976853,734
2006-08-03 01:21:00+00:00,30015.65474312096,30030.427545558738,29997.656036764336,30016.116444035175,410
2006-08-06 01:21:00+00:00,30015.70240180352,30031.4817783844,30005.012000084957,30016.17255882489,491
2006-08-09 01:21:00+00:00,30017.473070233475,30027.620526784118,30017.203883946993,30016.478194792355,824
2006-08-12 01:21:00+00:00,30017.680596430368,30025.06226366123,30014.15020804994,30016.422912701953,987
2006-08-15 01:21:00+00:00,30016.763054304425,30032.482508865298,30015.1179546146,30017.725563128348,533
2006-08-18 01:21:00+00:00,30016.514084492792,30022.61126416539,30012.579331394165,30017.10169881268,973
2006-08-21 01:21:00+00:00,30016.410647936635,30035.049948916145,30014.21402705143,30015.73898383895,442
2006-08-24 01:21:00+00:00,30018.072944876374,30032.68740330461,30016.885374550504,30017.26114902641,669
2006-08-27 01:21:00+00:00,30017.848669380495,30022.273300579593,30011.08322295672,30017.94308526093,284
2006-08-30 01:21:00+00:00,30017.863234862718,30021.207491782203,30001.105831436813,30017.590827251177,465
2006-09-02 01:21:00+00:00,30017.280007480203,30027.350524640366,30015.37642123167,30016.64633098795,540
2006-09-05 01:21:00+00:00,30018.058442365316,30030.90599419992,30016.986022752226,30016.811240883584,437
2006-09-08 01:21:00+00:00,30016.321144510763,30022.574760010328,29999.22445732443,30017.823462520784,439
2006-09-11 01:21:00+00:00,30015.374307369988,30022.015950003577,30009.058004426137,30016.798627089032,238
2006-09-14 01:21:00+00:00,30015.290221235166,30021.00990635164,30000.59438328779,30015.598524895973,965
2006-09-17 01:21:00+00:00,30015.501130682253,30023.170538309798,29998.32310445904,30013.876125599058,327
2006-09-20 01:21:00+00:00,30014.32619290998,30022.475287783924,30013.7487741194,30015.36793570779,342
2006-09-23 01:21:00+00:00,30015.472748143256,30020.869831084947,30002.61058077817,30015.339979463115,703
2006-09-26 01:21:00+00:00,30015.779112845463,30018.588949036206,30014.99594621282,30016.685576318287,862
2006-09-29 01:21:00+00:00,30014.011817970648,30016.60385785721,30001.275942469212,30014.7118670083,784
2006-10-02 01:21:00+00:00,30013.756369015275,30032.749444827434,30012.154739356927,30013.34042908212,589
2006-10-05 01:21:00+00:00,30012.656748205613,30020.690870778286,30008.300014321532,30012.246996149086,770
2006-10-08 01:21:00+00:00,30012.495297049543,30014.38708412557,29995.265805631094,30011.572515039432,968
2006-10-11 01:21:00+00:00,30012.479663521022,30017.770727177463,30011.074841044425,30011.81846464686,942
2006-10-14 01:21:00+00:00,30012.792253825595,30032.584164080145,30009.66818243229,30015.91304445853,191
2006-10-17 01:21:00+00:00,30013.472863233983,30013.81587994343,30013.010333834893,30013.88161934526,300
2006-10-20 01:21:00+00:00,30012.464647471148,30021.45716610638,30000.4979649643,30012.23827645789,677
2006-10-23 01:21:00+00:00,30013.13477743709,30014.232658619163,29996.130688733432,30013.557467509127,541
2006-10-26 01:21:00+00:00,30011.335843446315,30011.44256844068,30000.91149160425,30012.133496855247,794
2006-10-29 01:21:00+00:00,30010.26812657042,30015.447150754633,29994.223536107824,30009.511756423795,917
2006-11-01 01:21:00+00:00,30009.919693339303,30020.166754347985,30003.126043262884,30010.472500068005,898
2006-11-04 01:21:00+00:00,30009.425278408868,30014.88120333396,30005.735711262507,30007.873933357743,666
2006-11-07 01:21:00+00:00,30008.128231783718,30017.89706131303,30005.968261197027,30008.361406022083,501
2006-11-10 01:21:00+00:00,30007.393888913757,30021.474431374638,30000.617032867085,30006.860122500675,499
2006-11-13 01:21:00+00:00,30007.437778466676,30014.253566996173,30001.11918886588,30007.408861558983,403
2006-11-16 01:21:00+00:00,30006.62561063399,30021.087044372085,29993.86595159866,30008.805377467976,461
2006-11-19 01:21:00+00:00,30005.696125534152,30005.899002545553,29988.238788271865,30004.509546396668,955
2006-11-22 01:21:00+00:00,30003.66871081686,30003.743438672354,29991.431261910435,30003.502530608424,232
2006-11-25 01:21:00+00:00,30004.578863068007,30017.153648405907,29997.618747068827,30003.78817635522,679
2006-11-28 01:21:00+00:00,30005.011572441806,30021.832920165867,29993.457238532774,30004.276457604232,511
2006-12-01 01:21:00+00:00,30004.19249144931,30006.710269040006,29997.886206257204,30005.858680310914,671
2006-12-04 01:21:00+00:00,30006.03717624526,30014.55762221558,30005.79620901876,30008.120341188096,957
2006-12-07 01:21:00+00:00,30007.760225250047,30013.791705534262,30001.31682106077,30007.2101795084,690
2006-12-10 01:21:00+00:00,30007.94180102028,30026.990102345557,29993.580932317167,30008.99707152506,807
2006-12-13 01:21:00+00:00,30007.42837044286,30018.040780055457,29998.515920899936,30007.732776105917,428
2006-12-16 01:21:00+00:00,30007.89991000251,30017.335993411885,29987.955908845255,30008.137443710588,674
2006-12-19 01:21:00+00:00,30007.733989093183,30016.080031397065,29989.645212795942,30006.44840444013,347
2006-12-22 01:21:00+00:00,30008.588103854687,30013.660366552656,30001.267123300695,30008.88989675589,736
2006-12-25 01:21:00+00:00,30008.477602330582,30028.241713057083,30000.176425706763,30009.39046007685,407
2006-12-28 01:21:00+00:00,30007.22289357534,30020.869919276836,29997.38194292184,30007.29098267215,219
2006-12-31 01:21:00+00:00,30006.6666221647,30016.991451095822,29989.03769867801,30006.079065941183,936
2007-01-03 01:21:00+00:00,30007.242235093625,30011.0558827022,29999.720125978183,30008.814006373876,701
2007-01-06 01:21:00+00:00,30007.908146704474,30021.230247567895,29998.09189901717,30007.671533455938,853
2007-01-09 01:21:00+00:00,30007.271203782075,30023.962452433654,30006.582885529075,30007.8866004058,135
2007-01-12 01:21:00+00:00,30006.681772370463,30016.24490287623,30002.16316043547,30007.47577818283,393
2007-01-15 01:21:00+00:00,30007.7011073142,30012.04835624498,29988.387407732294,30006.517636427347,490
2007-01-18 01:21:00+00:00,30009.191206455063,30021.477825384074,30007.806612938348,30009.40608439943,981
2007-01-21 01:21:00+00:00,30007.9175372408,30008.649589922188,29992.8396385287,30007.931906178892,225
2007-01-24 01:21:00+00:00,30008.444053012787,30017.119814855963,29990.385689135222,30008.645947930017,342
2007-01-27 01:21:00+00:00,30008.14408128898,30011.6156858905,30007.38099597978,30009.101451058636,876
2007-01-30 01:21:00+00:00,30007.819420793494,30026.654463638613,30005.464954120853,30006.467386967182,400
2007-02-02 01:21:00+00:00,30009.657633586277,30018.19227874228,30004.743965324964,30009.626465145022,603
2007-02-05 01:21:00+00:00,30010.884844099484,30024.96148257241,29994.955271573497,30009.70309459147,945
2007-02-08 01:21:00+00:00,30009.67105462534,30015.356410648932,29994.470911923887,30010.24035215422,835
2007-02-11 01:21:00+00:00,30009.044836576217,30017.88660451208,30008.024305750343,30008.461094202168,807
2007-02-14 01:21:00+00:00,30008.179412724443,30014.51355907292,29989.879883884805,30007.256749234322,743
2007-02-17 01:21:00+00:00,30008.08885961939,30008.72712002545,29997.506427141732,30009.06087934776,557
2007-02-20 01:21:00+00:00,30007.085130090374,30015.07573241815,29987.351654265083,30006.394043402524,265
2007-02-23 01:21:00+00:00,30008.610584405113,30028.38737569544,30007.440264840916,30007.287029960444,597
2007-02-26 01:21:00+00:00,30010.65339430067,30017.70350666763,30000.815812392862,30010.798314001455,315
2007-03-01 01:21:00+00:00,30010.706507981242,30016.614759393407,29995.96616297246,30011.167063087356,950
2007-03-04 01:21:00+00:00,30010.384545900284,30014.496497437496,29992.133689144066,30010.598378362003,614
2007-03-07 01:21:00+00:00,30011.26601990612,30022.902522637665,29995.338641886803,30011.48793755593,791
2007-03-10 01:21:00+00:00,30013.32775880352,30028.323132825295,29994.813275097116,30015.824638824393,341
2007-03-13 01:21:00+00:00,30013.676243205708,30027.870613306055,29998.37786853124,30015.249054975506,442
2007-03-16 01:21:00+00:00,30013.82363437983,30016.164965225536,30012.79719952906,30014.59879290023,930
2007-03-19 01:21:00+00:00,30012.61780094492,30023.49817233696,29995.633918194944,30011.647822863626,323
2007-03-22 01:21:00+00:00,30012.378179189705,30029.445444484994,29992.60764943201,30011.741404250573,986
2007-03-25 01:21:00+00:00,30012.168602475806,30016.784502401573,30010.013226491275,30011.84147931338,372
2007-03-28 01:21:00+00:00,30012.733770050465,30031.954875486128,29998.631263594976,30013.3474026053,717
2007-03-31 01:21:00+00:00,30013.937592034756,30024.479617381137,30011.81802259257,30015.329263664833,609
2007-04-03 01:21:00+00:00,30013.417122051833,30031.651341836616,29996.00952492351,30014.568760715236,327
2007-04-06 01:21:00+00:00,30014.14972176665,30025.706869885973,30011.94122766429,30014.318501967537,577
2007-04-09 01:21:00+00:00,30013.714292277444,30022.168886973148,30006.59001489876,30013.793899928463,641
2007-04-12 01:21:00+00:00,30013.29531712841,30028.699775830366,30005.25685990633,30012.57879318978,497
2007-04-15 01:21:00+00:00,30012.53727295517,30025.301643581926,29992.768777155823,30012.874985914765,932
2007-04-18 01:21:00+00:00,30014.06991460235,30028.232455733953,29998.6788194973,30013.971067160066,493
2007-04-21 01:21:00+00:00,30013.085743370404,30022.03657404599,29999.660768007376,30014.356072190898,175
2007-04-24 01:21:00+00:00,30011.997078532197,30026.695728472445,30006.642414879625,30011.81523892171,696
2007-04-27 01:21:00+00:00,30015.188535352332,30033.085755490556,30009.31926939017,30016.20823238337,508
2007-04-30 01:21:00+00:00,30014.44351321574,30018.45352978797,29998.568918048026,30014.10394407479,486
2007-05-03 01:21:00+00:00,30014.374359718597,30017.105396599374,29995.58905290155,30013.86518654554,693
2007-05-06 01:21:00+00:00,30012.943187123346,30028.714753525303,29996.284680970028,30013.30240782322,453
2007-05-09 01:21:00+00:00,30012.79209628328,30017.40566783152,30009.18435851428,30014.257300531193,741
2007-05-12 01:21:00+00:00,30012.800152700398,30032.243356906383,30001.103217351214,30014.216055772187,595
2007-05-15 01:21:00+00:00,30012.888706288046,30021.838458981936,29999.1353184502,30012.41041719199,182
2007-05-18 01:21:00+00:00,30014.027276772675,30018.009481235596,29999.177076734584,30014.788010476528,476
2007-05-21 01:21:00+00:00,30015.716229850877,30026.82184149889,30001.618433324158,30016.590073839358,598
2007-05-24 01:21:00+00:00,30014.20781130045,30033.752951538583,30012.644461014435,30013.26675049065,499
2007-05-27 01:21:00+00:00,30014.388446174642,30017.624811177306,30009.18546692263,30014.05610528181,704
2007-05-30 01:21:00+00:00,30013.726619059707,30026.930327030495,30011.2391528545,30014.13775814414,757
2007-06-02 01:21:00+00:00,30014.86537612809,30034.014083166985,30006.867937432155,30014.65581968397,135
2007-06-05 01:21:00+00:00,30016.838782995164,30033.693383927995,30015.15601208702,30018.08107796555,536
2007-06-08 01:21:00+00:00,30017.34522558792,30020.24309829224,29998.77623195808,30017.714085045394,745
2007-06-11 01:21:00+00:00,30017.49673831232,30026.368700722218,30003.744746715518,30017.67495727259,107
2007-06-14 01:21:00+00:00,30017.770185510017,30031.240101790714,30008.719014177837,30017.61076470015,947
2007-06-17 01:21:00+00:00,30017.81734893978,30035.954167108786,29999.679549462304,30018.374609760034,215
2007-06-20 01:21:00+00:00,30017.520501410763,30022.412763202276,30005.983274042337,30017.832624296265,968
2007-06-23 01:21:00+00:00,30016.710097434083,30032.07212117877,30010.178758335118,30017.844003462986,764
2007-06-26 01:21:00+00:00,30016.67485774611,30020.926885107612,30001.653153766332,30015.40896557905,973
2007-06-29 01:21:00+00:00,30016.40685898457,30020.23753018822,30016.24328160438,30015.865041059027,195
2007-07-02 01:21:00+00:00,30014.85179296299,30017.234135820992,30003.81446901404,30014.995606849665,800
2007-07-05 01:21:00+00:00,30016.349781424233,30020.925608096175,30005.38772991352,30018.740534289373,363
2007-07-08 01:21:00+00:00,30017.52692443568,30032.63515017231,29999.722054936705,30016.790939284216,951
2007-07-11 01:21:00+00:00,30018.101837565868,30028.197752623793,30007.159372851027,30018.911809055346,362
2007-07-14 01:21:00+00:00,30018.320844059024,30020.512448393336,30004.112893070225,30017.446460204672,641
2007-07-17 01:21:00+00:00,30017.544314285413,30023.522511261075,30006.911762950065,30017.217171608336,369
2007-07-20 01:21:00+00:00,30018.124159419534,30023.065035730528,30012.420455944768,30017.394817838504,616
2007-07-23 01:21:00+00:00,30018.027993242496,30031.326855414194,30001.93852657968,30017.18493888245,928
2007-07-26 01:21:00+00:00,30017.361027133986,30032.56309692114,30003.486940574992,30017.48585511502,491
2007-07-29 01:21:00+00:00,30017.491981336334,30026.40439622088,30003.094202065353,30017.03518329622,150
2007-08-01 01:21:00+00:00,30017.33188784636,30018.44657884698,30002.22068948973,30015.328023228263,360
2007-08-04 01:21:00+00:00,30016.450832957795,30031.01929209342,30000.42905308862,30015.572348381495,670
2007-08-07 01:21:00+00:00,30016.201470946544,30021.50529098604,29998.028741485465,30017.80770407188,856
2007-08-10 01:21:00+00:00,30014.966284489798,30029.635560605635,30011.426418248408,30014.563022905255,588
2007-08-13 01:21:00+00:00,30015.323533575654,30032.887213047314,30005.540480095995,30013.700823679108,525
2007-08-16 01:21:00+00:00,30015.159054524447,30022.13399087187,30007.17659645627,30015.620063880946,554
2007-08-19 01:21:00+00:00,30013.566695685466,30030.583346644635,30003.935789995998,30013.45409133312,948
2007-08-22 01:21:00+00:00,30014.050428207873,30017.282957550255,30001.796673355464,30013.15241342621,490
2007-08-25 01:21:00+00:00,30014.84308705032,30020.575327002403,30001.564173177572,30016.427413527465,480
2007-08-28 01:21:00+00:00,30014.269431629964,30034.097563709707,30011.493331828788,30013.54228709825,178
2007-08-31 01:21:00+00:00,30015.55761810534,30032.96211609063,30013.64122777233,30014.635606711785,356
2007-09-03 01:21:00+00:00,30016.45672460452,30025.614128993213,30013.619854766424,30017.023095319135,546
2007-09-06 01:21:00+00:00,30016.664424576255,30018.881199291613,30002.220958524234,30017.173759079596,892
2007-09-09 01:21:00+00:00,30016.240967895075,30027.692931513437,30013.274234118162,30016.172427592475,167
2007-09-12 01:21:00+00:00,30016.547708888364,30028.4984625763,30005.91518486565,30016.19206088984,929
2007-09-15 01:21:00+00:00,30016.904228062445,30029.568125557864,30010.121663675258,30017.126087908375,952
2007-09-18 01:21:00+00:00,30017.329523295048,30036.870383486144,30012.01235823897,30015.645398775967,720
2007-09-21 01:21:00+00:00,30016.704893295144,30019.591507782345,30014.004707931832,30015.98930094258,213
2007-09-24 01:21:00+00:00,30015.531568739756,30023.426337074518,30009.946692538473,30015.132046501727,205
2007-09-27 01:21:00+00:00,30015.456462945425,30032.453886153093,30012.32888199371,30016.480493925206,176
2007-09-30 01:21:00+00:00,30015.141433523833,30030.18530524528,30003.1072797895,30014.77862396508,515
2007-10-03 01:21:00+00:00,30017.886278609967,30029.317158361897,29999.445910718914,30016.918876093987,561
2007-10-06 01:21:00+00:00,30016.882136518685,30028.328279433023,30012.755693137107,30017.085242048208,987
2007-10-09 01:21:00+00:00,30017.419594938976,30029.508218210813,30017.019656515455,30017.184830672868,752
2007-10-12 01:21:00+00:00,30016.94485270621,30026.025975192602,30003.751623277483,30016.83431486769,564
2007-10-15 01:21:00+00:00,30016.15724382911,30026.933929556904,30009.588231968854,30016.47973236514,830
2007-10-18 01:21:00+00:00,30015.057637336246,30017.078724434672,30014.149742499514,30014.57381922615,154
2007-10-21 01:21:00+00:00,30012.565694116467,30022.163086280143,30007.44752027336,30011.706006931734,105
2007-10-24 01:21:00+00:00,30013.415863820668,30024.846510731844,30007.025226128717,30013.525323242324,273
2007-10-27 01:21:00+00:00,30013.055898664465,30017.35892658145,30007.42968838616,30012.86269154216,943
2007-10-30 01:21:00+00:00,30012.953657826063,30013.799446250596,30006.1486092027,30011.33663832965,756
2007-11-02 01:21:00+00:00,30012.53632462177,30025.515260653716,29994.539951434923,30014.176172587955,651
2007-11-05 01:21:00+00:00,30011.75535001947,30028.734915063753,30003.538629878334,30012.357320818428,887
2007-11-08 01:21:00+00:00,30010.50109060162,30015.065019879505,30010.29046439086,30012.362200573407,186
2007-11-11 01:21:00+00:00,30010.63505466982,30013.317960803077,29998.39881700434,30008.78758962354,191
2007-11-14 01:21:00+00:00,30011.05498322127,30020.366147686374,29992.278181178695,30012.00235930607,808
2007-11-17 01:21:00+00:00,30010.940441038652,30023.94832605667,30003.40979443871,30009.878153613397,332
2007-11-20 01:21:00+00:00,30010.176746050758,30016.616013202412,29998.960354621766,30010.007647722145,471
2007-11-23 01:21:00+00:00,30008.88372131898,30018.781902857427,29990.13599202692,30009.27667350577,267
2007-11-26 01:21:00+00:00,30007.129922979177,30009.737779970703,30005.6369500998,30006.90840026003,542
2007-11-29 01:21:00+00:00,30006.228495369283,30009.75599972039,29993.42770853847,30006.355921510287,822
2007-12-02 01:21:00+00:00,30007.53057920425,30016.60700350574,30000.945507854645,30009.548751362974,277
2007-12-05 01:21:00+00:00,30006.056087083467,30021.494900513564,29997.911657363307,30005.259036258503,624
2007-12-08 01:21:00+00:00,30006.950805776505,30020.88380483415,29994.9202932692,30008.47159811538,461
2007-12-11 01:21:00+00:00,30006.56005727086,30015.80805521113,29995.865247800295,30006.18521869948,706
2007-12-14 01:21:00+00:00,30008.04637699341,30016.19374346667,30002.19149499896,30008.101142014148,650
2007-12-17 01:21:00+00:00,30008.602745766857,30013.706999187332,30003.968130619858,30007.867153237523,937
2007-12-20 01:21:00+00:00,30009.930896099115,30025.852938438937,30001.90681141692,30010.0907378699,604
2007-12-23 01:21:00+00:00,30011.3794581474,30021.451955885066,30006.812290625712,30010.653549757502,793
2007-12-26 01:21:00+00:00,30011.634691696432,30030.490913881353,30005.403282947707,30011.44562806537,982
2007-12-29 01:21:00+00:00,30012.641689025986,30017.40121105684,30000.71011030686,30010.50397080394,321
2008-01-01 01:21:00+00:00,30013.63052771772,30016.589016544152,29998.566021390463,30015.966374490847,855
2008-01-04 01:21:00+00:00,30013.65048278604,30014.272154168626,30010.61695125172,30014.461498426394,169
2008-01-07 01:21:00+00:00,30013.184525676825,30023.669379412797,29995.345294588544,30013.503715877272,332
2008-01-10 01:21:00+00:00,30013.67343221107,30033.65943447535,29997.086701102988,30013.17642054329,727
2008-01-13 01:21:00+00:00,30012.501796068893,30030.26388118015,29995.06423241091,30012.695802642847,716
2008-01-16 01:21:00+00:00,30012.569912904808,30015.43871032841,29996.45038625015,30014.582189058074,328
2008-01-19 01:21:00+00:00,30012.815410026695,30014.633587825647,30001.043782420023,30013.036012453857,371
2008-01-22 01:21:00+00:00,30012.911358064906,30024.154877994475,29996.155881714403,30013.49556807315,900
2008-01-25 01:21:00+00:00,30011.576610824173,30028.882094241264,29997.22787868056,30010.648416099048,794
2008-01-28 01:21:00+00:00,30011.740118487505,30029.8132997779,29997.994352452035,30011.903114614623,416
2008-01-31 01:21:00+00:00,30011.125256110758,30017.33069357708,29994.593738957654,30010.78199284408,111
2008-02-03 01:21:00+00:00,30010.837200794565,30014.997483378556,30001.48908621993,30010.16515125393,714
2008-02-06 01:21:00+00:00,30011.634483881866,30016.56858385222,29999.32949092994,30010.241984853874,794
2008-02-09 01:21:00+00:00,30012.181119128876,30023.33258894057,29998.539737358395,30010.55391078777,320
2008-02-12 01:21:00+00:00,30013.693989567255,30028.630444473976,30010.031329533183,30015.013057834316,869
2008-02-15 01:21:00+00:00,30013.531648140874,30016.344093881395,30006.608020737407,30014.831738628607,927
2008-02-18 01:21:00+00:00,30013.585252389024,30029.826596221887,30001.309052866207,30015.028676400747,184
2008-02-21 01:21:00+00:00,30014.976868198577,30029.864256233544,30013.99464806109,30014.34357168768,599
2008-02-24 01:21:00+00:00,30015.82461619573,30025.486406209184,29996.659631472205,30014.588001076092,268
2008-02-27 01:21:00+00:00,30016.20950010253,30035.23828893832,30008.482842006637,30014.771556138323,713
2008-03-01 01:21:00+00:00,30015.980206211145,30020.227295814795,30012.145260573536,30016.78837432069,597
2008-03-04 01:21:00+00:00,30014.68037830029,30025.388661441037,30005.517839060183,30014.312947518218,467
2008-03-07 01:21:00+00:00,30015.45737499117,30033.315072543453,29995.82780417213,30014.908219553632,714
2008-03-10 01:21:00+00:00,30016.003759456245,30034.869698484017,30010.520353999527,30015.719575049923,279
2008-03-13 01:21:00+00:00,30014.9534657954,30027.261053248047,29995.689063121834,30017.077750510223,383
2008-03-16 01:21:00+00:00,30015.38125008984,30016.76240678986,30006.073906422567,30014.303967965887,946
2008-03-19 01:21:00+00:00,30015.536934216554,30021.837662269932,30014.789792261152,30018.49131299729,957
2008-03-22 01:21:00+00:00,30015.375472720334,30019.766507432956,30013.010875950098,30016.187978210313,449
2008-03-25 01:21:00+00:00,30015.59441298585,30028.858302401895,30011.232342365613,30017.431866261093,725
2008-03-28 01:21:00+00:00,30015.747528741922,30024.407086401312,30014.743510330652,30015.542884810562,429
2008-03-31 01:21:00+00:00,30016.446516248026,30023.907767690573,30006.150641701268,30017.05339275479,549
2008-04-03 01:21:00+00:00,30016.500964353414,30028.032569027713,29998.350943510577,30016.662272019184,587
2008-04-06 01:21:00+00:00,30016.29752745862,30030.638261966596,30005.138452461277,30014.77247860087,132
2008-04-09 01:21:00+00:00,30015.085243774312,30031.861010329474,29995.82150035097,30015.463089964975,407
2008-04-12 01:21:00+00:00,30015.60993944469,30034.79843000479,30005.173355749346,30017.21372473972,666
2008-04-15 01:21:00+00:00,30015.001411228237,30030.777422700965,29997.588542714624,30013.68583162528,146
2008-04-18 01:21:00+00:00,30014.487318364667,30014.846381662228,29996.61793029933,30014.733299786258,627
2008-04-21 01:21:00+00:00,30013.778211720248,30029.19213288919,30005.189706652716,30015.403565930676,335
2008-04-24 01:21:00+00:00,30015.152076489852,30034.76143077036,29995.84406279465,30015.95653468697,748
2008-04-27 01:21:00+00:00,30015.015105075076,30026.84386853526,30011.67500119978,30014.228194467974,225
2008-04-30 01:21:00+00:00,30014.49873965546,30020.034470564915,30000.490010561785,30015.09980449396,370
2008-05-03 01:21:00+00:00,30013.852139086426,30016.81514811404,30012.784720758962,30014.487921271386,737
2008-05-06 01:21:00+00:00,30014.42188998874,30029.110499339997,29995.6776660092,30014.12283856956,616
2008-05-09 01:21:00+00:00,30013.53963836768,30027.3980752579,29998.459266407575,30013.54973133437,555
2008-05-12 01:21:00+00:00,30014.519055696714,30023.01644625703,30007.906182415416,30013.365171362395,254
2008-05-15 01:21:00+00:00,30014.210270853622,30021.794722491464,29994.348218373194,30013.955549167753,638
2008-05-18 01:21:00+00:00,30013.82028438817,30026.347673601053,30009.715652072344,30013.940165526925,467
2008-05-21 01:21:00+00:00,30013.304518331995,30032.458131085772,30006.30868660295,30012.84404354439,135
2008-05-24 01:21:00+00:00,30014.084869133436,30018.870748541867,29996.282073974533,30012.391258024996,164
2008-05-27 01:21:00+00:00,30014.541824612843,30015.40888566609,30012.49830894805,30016.33603460779,320
2008-05-30 01:21:00+00:00,30014.30371666652,30033.346302253096,30008.462214140935,30015.457038812907,664
2008-06-02 01:21:00+00:00,30013.12813270528,30019.868946343933,30001.105479978847,30013.050182905365,447
2008-06-05 01:21:00+00:00,30013.315504193935,30016.320807038883,30008.39289373593,30012.70471118315,537
2008-06-08 01:21:00+00:00,30013.161470525873,30015.898082341126,30004.490069436473,30012.58274617045,569
2008-06-11 01:21:00+00:00,30015.120459546917,30028.22262426208,30007.634609264405,30013.63699913133,276
2008-06-14 01:21:00+00:00,30014.751136063194,30016.054306239374,30004.2899442589,30015.30197796915,551
2008-06-17 01:21:00+00:00,30014.672228347372,30028.09940835422,30006.363956597295,30014.717075823493,246
2008-06-20 01:21:00+00:00,30015.321209552916,30025.74938563314,30003.12821100293,30015.911197391764,970
2008-06-23 01:21:00+00:00,30014.640050270507,30019.76423561261,30001.059575719773,30016.659880033556,142
2008-06-26 01:21:00+00:00,30013.98646544956,30017.620988662962,30003.666237500453,30011.83095775197,333
2008-06-29 01:21:00+00:00,30015.28021851007,30030.105649116143,30011.895301881952,30015.84836002656,885
2008-07-02 01:21:00+00:00,30015.90961373137,30020.906432521693,30008.141676045998,30015.44767932953,834
2008-07-05 01:21:00+00:00,30016.72259151313,30023.36867148947,30002.58784475071,30016.351574111788,299
2008-07-08 01:21:00+00:00,30017.464689359225,30018.370942742586,30000.76514732716,30015.62196042611,325
2008-07-11 01:21:00+00:00,30018.67878477725,30023.681783368265,29999.162200225495,30018.993403974102,829
2008-07-14 01:21:00+00:00,30018.540557808457,30028.368612667757,30002.746149559127,30018.182571710873,332
2008-07-17 01:21:00+00:00,30018.49318663586,30022.317514570754,30014.32684002857,30017.116261354513,176
2008-07-20 01:21:00+00:00,30017.003114333565,30026.632040000044,30005.346986423552,30015.569516507447,471
2008-07-23 01:21:00+00:00,30017.887022724295,30029.514380725235,30013.07299196034,30016.989373129516,791
2008-07-26 01:21:00+00:00,30018.261654712813,30019.068625356806,30003.02063257263,30018.390220865334,696
2008-07-29 01:21:00+00:00,30017.13195677882,30029.29957283956,30012.30846578919,30017.158417540166,453
2008-08-01 01:21:00+00:00,30015.24828920289,30020.70532745312,30006.021148217467,30016.493798467338,863
2008-08-04 01:21:00+00:00,30015.198391892707,30024.14149147787,30009.110315563805,30014.77195637745,707
2008-08-07 01:21:00+00:00,30013.46634346981,30030.016801544007,30009.3560197225,30012.922115418965,663
2008-08-10 01:21:00+00:00,30013.41655406886,30015.92980535858,30008.115803937926,30011.71789956717,631
2008-08-13 01:21:00+00:00,30014.32939424161,30018.23692151156,29994.42433318024,30015.175057074342,476
2008-08-16 01:21:00+00:00,30014.09548444491,30014.465931051775,30004.20723367743,30012.74159213495,680
2008-08-19 01:21:00+00:00,30012.195984158276,30012.955215123384,30008.917196982904,30009.63227964088,225
2008-08-22 01:21:00+00:00,30013.442164403907,30023.721090776446,29995.09450927938,30014.416576334235,457
2008-08-25 01:21:00+00:00,30015.61728312851,30016.578190112014,30013.127015851536,30017.118787929827,337
2008-08-28 01:21:00+00:00,30014.59665615294,30021.268531774807,29998.405005907312,30016.3736386542,713
2008-08-31 01:21:00+00:00,30014.632418453726,30018.83221456267,29998.547050292364,30013.85767621585,541
2008-09-03 01:21:00+00:00,30016.579729712736,30034.748840507513,30012.083206630567,30016.688206478688,177
2008-09-06 01:21:00+00:00,30016.663306305487,30020.722978613103,30010.794442567723,30017.86474103033,707
2008-09-09 01:21:00+00:00,30015.613333052133,30029.093359343005,30007.259127218025,30017.676978153973,813
2008-09-12 01:21:00+00:00,30016.05382970164,30028.474687422306,30000.402347090887,30016.202966570454,791
2008-09-15 01:21:00+00:00,30014.67369015639,30033.076671787476,30000.9764578841,30014.485448453877,945
2008-09-18 01:21:00+00:00,30014.390664623115,30020.814910545196,30003.558889129894,30014.72393300057,234
2008-09-21 01:21:00+00:00,30015.474959809948,30017.488311616173,30004.878080317972,30015.375336513254,709
2008-09-24 01:21:00+00:00,30014.86247910739,30018.021491618696,30001.832075409762,30015.027448914334,432
2008-09-27 01:21:00+00:00,30014.310184182043,30026.904077109528,29995.96068981605,30013.97787100853,697
2008-09-30 01:21:00+00:00,30013.601074477334,30026.719016746392,30003.364272901577,30013.069255039376,641
2008-10-03 01:21:00+00:00,30013.025694744938,30018.18435756128,29995.884169484532,30013.131298625747,748
2008-10-06 01:21:00+00:00,30011.830586393728,30015.31507284115,30001.933800213432,30011.24822955716,798
2008-10-09 01:21:00+00:00,30010.70554083384,30022.688220628497,30006.258251774085,30012.084916362033,722
2008-10-12 01:21:00+00:00,30010.129765691676,30021.083205812938,30007.628226398843,30011.152307742654,161
2008-10-15 01:21:00+00:00,30009.54189746875,30012.8630390707,29998.501375023043,30010.34600177713,143
2008-10-18 01:21:00+00:00,30009.060479173197,30021.55875950041,30000.459412798627,30008.78056818975,507
2008-10-21 01:21:00+00:00,30008.55488389303,30014.667177482046,30000.711839646665,30008.887170708393,639
2008-10-24 01:21:00+00:00,30009.954291278846,30028.9130168657,29994.469740097233,30009.369529107607,458
2008-10-27 01:21:00+00:00,30010.184071306758,30014.769760734645,29991.818659097957,30009.99138153282,534
2008-10-30 01:21:00+00:00,30009.127666365806,30017.185250594805,29989.689937465835,30010.615520150564,972
2008-11-02 01:21:00+00:00,30008.660366562246,30024.306280613495,30003.189657010942,30009.28622366315,318
2008-11-05 01:21:00+00:00,30007.909682928515,30016.94600335411,29990.83782849531,30007.435531785828,522
2008-11-08 01:21:00+00:00,30008.45730552899,30011.723906525996,29990.60598782772,30008.326901566106,261
2008-11-11 01:21:00+00:00,30009.29726174993,30012.783215198822,30007.957602713734,30010.174012173407,797
2008-11-14 01:21:00+00:00,30008.368385110305,30017.573600711225,30005.019252445123,30010.400524881923,795
2008-11-17 01:21:00+00:00,30009.35273983866,30024.319921911567,29991.51718264875,30010.482016287348,912
2008-11-20 01:21:00+00:00,30009.756231357584,30029.68734671571,30000.75762054292,30009.636482725968,438
2008-11-23 01:21:00+00:00,30009.422723259217,30021.873580999065,29992.096896050356,30009.140049251862,105
2008-11-26 01:21:00+00:00,30009.33267548527,30026.926680016026,30004.345169583743,30008.717009944943,887
2008-11-29 01:21:00+00:00,30009.567341577913,30009.912914792763,30006.920433806157,30008.451864269293,379
2008-12-02 01:21:00+00:00,30008.310495430884,30009.18691904006,30007.74970413511,30006.96541419417,333
2008-12-05 01:21:00+00:00,30006.58445828752,30008.13693233859,29989.289921763193,30005.65575816607,707
2008-12-08 01:21:00+00:00,30007.009612773276,30019.439594637675,29995.93309528074,30007.13774063645,724
2008-12-11 01:21:00+00:00,30007.12366895833,30017.10243109879,30003.739089600957,30005.786558386873,532
2008-12-14 01:21:00+00:00,30007.9936986278,30026.35949453241,29997.75015347921,30007.592586416442,621
2008-12-17 01:21:00+00:00,30006.93145479834,30024.222333569156,29998.00878889594,30007.10641742602,772
2008-12-20 01:21:00+00:00,30007.435481422777,30016.682514356908,29997.92138579637,30007.95119144478,232
2008-12-23 01:21:00+00:00,30003.82409019591,30016.57467789132,29993.147718742137,30003.775241635478,248
2008-12-26 01:21:00+00:00,30003.2232992579,30007.77876013237,29990.157351748545,30002.566007647452,280
2008-12-29 01:21:00+00:00,30002.493514742702,30012.902365161,29987.687376358575,30002.623856193397,627
2009-01-01 01:21:00+00:00,30000.498678963417,30020.267823399245,29984.08354490374,30001.823922975032,131
2009-01-04 01:21:00+00:00,29999.96393213004,30017.190273636297,29994.754329782132,29998.645593890982,815
2009-01-07 01:21:00+00:00,29997.778218823154,30015.553954507257,29979.91357706785,29998.74768069615,601
2009-01-10 01:21:00+00:00,29998.045052437665,30017.598369894793,29996.352053880102,29997.132538104554,196
2009-01-13 01:21:00+00:00,29999.330824396206,30011.798233936453,29983.541678135618,29999.645951461735,677
2009-01-16 01:21:00+00:00,29998.15910989753,30017.387164841068,29991.070248975855,29997.33313979641,410
2009-01-19 01:21:00+00:00,29996.85359086567,30007.40970734953,29983.54974935186,29996.050144920016,118
2009-01-22 01:21:00+00:00,29996.460082689082,30013.011379179352,29986.02344401323,29996.32465323493,906
2009-01-25 01:21:00+00:00,29999.101561344472,30016.09967384591,29988.267057861918,29998.619356873216,960
2009-01-28 01:21:00+00:00,29998.547990989995,30014.482236885855,29981.764444130946,29998.482962047197,722
2009-01-31 01:21:00+00:00,29997.362058158214,30008.998058293553,29989.58253544479,29997.44628716999,445
2009-02-03 01:21:00+00:00,29997.170134134194,30004.23309996497,29994.309979386057,29997.567224851715,782
2009-02-06 01:21:00+00:00,29996.820491993305,29999.855687225998,29983.557077155292,29995.185949570106,677
2009-02-09 01:21:00+00:00,29997.73981184395,30012.63428667076,29981.138192214716,29996.443838872656,398
2009-02-12 01:21:00+00:00,29998.100672221386,30009.31132460941,29997.716073486507,29996.80007214372,367
2009-02-15 01:21:00+00:00,29997.36362673538,30011.958492038688,29982.861634584962,29996.632870481855,290
2009-02-18 01:21:00+00:00,29995.67071739727,30006.07761440791,29991.802030576662,29995.938854034674,166
2009-02-21 01:21:00+00:00,29994.905848922368,30013.95264484179,29985.665416207743,29995.685093430475,904
2009-02-24 01:21:00+00:00,29995.210406573555,30012.900251972675,29978.01213999107,29997.077662199805,123
2009-02-27 01:21:00+00:00,29996.26678133635,29998.368292693296,29992.70415825615,29997.565269918876,259
2009-03-02 01:21:00+00:00,29995.846516309008,30010.82802359139,29985.244479537392,29995.80416312492,812
2009-03-05 01:21:00+00:00,29994.198923012395,30007.40962153163,29976.1969758914,29995.056895049376,562
2009-03-08 01:21:00+00:00,29993.391234570954,29994.226686414062,29982.16156879531,29994.51874421698,789
2009-03-11 01:21:00+00:00,29993.815112453813,30011.97389898308,29982.391386353982,29992.98579862146,680
2009-03-14 01:21:00+00:00,29993.156869835657,30005.357416677423,29974.781078723383,29990.693631784772,617
2009-03-17 01:21:00+00:00,29994.562708286398,29998.03034814719,29980.168038137424,29996.074855529278,520
2009-03-20 01:21:00+00:00,29993.518621074556,30000.02292585304,29987.772609968484,29993.124624505017,789
2009-03-23 01:21:00+00:00,29994.824671871684,29997.67185199576,29986.069578572933,29994.060016923726,567
2009-03-26 01:21:00+00:00,29996.082444521075,30005.414266984775,29984.381667389145,29995.42300710863,291
2009-03-29 01:21:00+00:00,29998.28300923109,30012.675843929745,29982.476306688295,29997.97895743603,656
2009-04-01 01:21:00+00:00,30000.881343930723,30013.705000570455,29987.608949338806,30000.268796270644,604
2009-04-04 01:21:00+00:00,30001.040750953376,30009.78777300039,29994.897946724333,30000.77646269788,471
2009-04-07 01:21:00+00:00,30002.21878209761,30015.725470338246,30001.470106052137,30001.651709327067,906
2009-04-10 01:21:00+00:00,30002.797540832922,30009.516876669222,29997.70444873698,30002.80074519207,105
2009-04-13 01:21:00+00:00,30002.941955578488,30013.667907986408,29998.926845914775,30001.880890905344,907
2009-04-16 01:21:00+00:00,30001.284055054162,30010.78125289124,29996.09372899204,30001.390346629578,309
2009-04-19 01:21:00+00:00,30000.538996172018,30012.48952623421,29988.838756534697,30001.21566796488,374
2009-04-22 01:21:00+00:00,29998.750958966128,30009.991377617356,29990.97731823212,29998.953271976297,113
2009-04-25 01:21:00+00:00,29998.110145122362,30000.154814383382,29984.689940647237,29998.592431160985,428
2009-04-28 01:21:00+00:00,29997.126972949252,29998.999010792446,29985.6968500594,29996.4335181888,474
2009-05-01 01:21:00+00:00,29996.655267404956,30001.599954236965,29990.37161282885,29996.804646116925,197
2009-05-04 01:21:00+00:00,29997.475072764875,30004.757941386546,29982.28920183288,29996.852639879282,216
2009-05-07 01:21:00+00:00,29997.132136234562,30004.095630964013,29984.307218742837,29998.837051912316,608
2009-05-10 01:21:00+00:00,29998.350266356618,30001.375648609694,29993.49443021935,29997.76486241278,579
2009-05-13 01:21:00+00:00,29998.392990963617,30006.95531057986,29978.830002466093,29997.66605791513,604
2009-05-16 01:21:00+00:00,29998.935301655627,29999.85265426408,29995.73642644243,29998.7879701718,259
2009-05-19 01:21:00+00:00,29998.68991841767,29998.766896767564,29996.819675346138,29995.705193757505,269
2009-05-22 01:21:00+00:00,29998.586325417273,30008.679968856104,29988.75064817128,29999.442047901568,218
2009-05-25 01:21:00+00:00,29999.25059789862,30000.680144779028,29988.34582688861,29998.526947087048,478
2009-05-28 01:21:00+00:00,30000.66415387557,30016.70967966896,29992.546785240644,30000.068108179665,306
2009-05-31 01:21:00+00:00,29998.858924387117,30014.271846553886,29979.851843913537,29999.665282419257,812
2009-06-03 01:21:00+00:00,29998.959588378435,30016.488915660066,29994.59198187155,30000.855465230026,415
2009-06-06 01:21:00+00:00,29999.055036274163,30015.854098676784,29987.766589990795,29999.525655294514,584
2009-06-09 01:21:00+00:00,29999.393195225133,30005.86107912939,29988.05010950426,30000.174421319272,700
2009-06-12 01:21:00+00:00,30000.016522642,30018.28459118561,29985.913909428295,30001.072086038388,951
2009-06-15 01:21:00+00:00,30000.280570626404,30004.691467077362,29984.515718392024,29999.59236109145,378
2009-06-18 01:21:00+00:00,30000.5012180509,30005.029355852923,29986.826329880063,30000.939410671213,741
2009-06-21 01:21:00+00:00,30000.337265319908,30013.126211213206,29996.24673179007,30002.38640492552,989
2009-06-24 01:21:00+00:00,30000.515707870094,30017.91821798312,29998.73641673183,30001.44801581445,463
2009-06-27 01:21:00+00:00,29999.095881411828,30012.682910621414,29983.307643775428,29997.559889392425,433
2009-06-30 01:21:00+00:00,30000.602025046064,30016.091671543865,29985.741157068882,30000.830906792202,407
2009-07-03 01:21:00+00:00,30002.93627938648,30019.64452276084,29994.919680701012,30003.795210356773,157
2009-07-06 01:21:00+00:00,30003.10140899437,30015.4782969316,29989.715650701437,30002.83946692798,523
2009-07-09 01:21:00+00:00,30003.19849162139,30004.66643363879,29985.76068865167,30004.014932000693,854
2009-07-12 01:21:00+00:00,30003.151045538503,30011.865462344867,29997.47570392062,30002.81221493125,665
2009-07-15 01:21:00+00:00,30007.716029235682,30007.918734102168,29994.14839071638,30008.436680927935,672
2009-07-18 01:21:00+00:00,30006.417432518752,30018.486434794246,30003.69214724985,30006.486443141974,258
2009-07-21 01:21:00+00:00,30006.25724680959,30016.12906873477,29993.53400223695,30005.077822484585,401
2009-07-24 01:21:00+00:00,30006.565205045652,30022.031898785477,30001.065440834667,30006.00858186533,329
2009-07-27 01:21:00+00:00,30005.427684473474,30017.188989790684,29985.886329244513,30004.206437087625,525
2009-07-30 01:21:00+00:00,30005.46320055193,30007.234350985207,30003.392656180626,30006.707719182188,430
2009-08-02 01:21:00+00:00,30004.456522081215,30018.574316587623,29984.634837312795,30004.049403450856,568
2009-08-05 01:21:00+00:00,30005.6950885826,30016.45597525033,30001.988600174238,30006.60538360212,529
2009-08-08 01:21:00+00:00,30005.597037190426,30013.088995688373,29996.908511391906,30005.8642050736,932
2009-08-11 01:21:00+00:00,30005.102504936636,30020.70664637118,29987.857092490194,30003.386157246543,302
2009-08-14 01:21:00+00:00,30003.755932753644,30011.93654351928,30002.8624851937,30003.826063987453,841
2009-08-17 01:21:00+00:00,30004.365707128243,30015.841657575438,29998.42309141502,30004.191304808155,620
2009-08-20 01:21:00+00:00,30004.679945673255,30015.76249733646,29998.685253465454,30006.0217850021,358
2009-08-23 01:21:00+00:00,30005.62330116638,30021.10535858242,29998.464955812695,30005.166402885905,278
2009-08-26 01:21:00+00:00,30006.472903623362,30012.87442377033,29999.676729629995,30006.2978680112,809
2009-08-29 01:21:00+00:00,30006.353101430796,30010.775627270217,29995.325140236193,30004.79663890584,655
2009-09-01 01:21:00+00:00,30005.819370222434,30006.254538811456,30004.253343053355,30005.018338042177,236
2009-09-04 01:21:00+00:00,30003.87749727338,30010.253458252933,30002.468310455253,30004.20198505232,684
2009-09-07 01:21:00+00:00,30004.173030235143,30014.87038571722,29985.335210392746,30003.205347340863,768
2009-09-10 01:21:00+00:00,30002.20635262883,30003.533649512156,29983.976713030763,30001.42913747802,922
2009-09-13 01:21:00+00:00,30004.751262921753,30010.20414380101,29987.454368855302,30004.87925995226,296
2009-09-16 01:21:00+00:00,30005.123233904647,30012.494102151457,29988.310817559304,30005.94432801131,571
2009-09-19 01:21:00+00:00,30004.220052057546,30011.306708044216,29994.50284770844,30004.13843138138,662
2009-09-22 01:21:00+00:00,30003.05114721691,30022.688281701307,29991.842002816695,30004.218691714086,546
2009-09-25 01:21:00+00:00,30004.281522186848,30018.654014006635,30001.93583070946,30004.872275024718,131
2009-09-28 01:21:00+00:00,30004.027222919613,30011.82458092569,29993.709146600962,30005.54646809573,162
2009-10-01 01:21:00+00:00,30002.920832034066,30018.378220967796,29989.74759338401,30003.71457812975,832
2009-10-04 01:21:00+00:00,30003.616469599976,30023.033476417,29988.715933776435,30004.224729542704,652
2009-10-07 01:21:00+00:00,30004.819478890815,30009.89434943921,29992.172222677556,30005.80478904792,181
2009-10-10 01:21:00+00:00,30005.310706018892,30006.968173046465,30002.45048809963,30006.167002012364,517
2009-10-13 01:21:00+00:00,30006.20809523119,30021.26404503327,29990.883642816018,30006.695487564808,701
2009-10-16 01:21:00+00:00,30005.252052084707,30021.38876609531,29998.18426956274,30005.234151692104,720
2009-10-19 01:21:00+00:00,30005.35277685992,30007.633584335472,29986.95295792355,30007.029077180283,359
2009-10-22 01:21:00+00:00,30004.94875027916,30018.870150438102,30004.200067744703,30004.279400257306,155
2009-10-25 01:21:00+00:00,30003.55187333687,30010.209817923747,29989.296062470297,30003.877523976047,995
2009-10-28 01:21:00+00:00,30002.627862361795,30009.736796964426,30001.44745300329,30003.01436504091,911
2009-10-31 01:21:00+00:00,30003.963075257157,30019.123220216155,29988.779905024727,30005.200595870738,478
2009-11-03 01:21:00+00:00,30003.524652457043,30023.164878332806,29984.967345094254,30003.779910915764,478
2009-11-06 01:21:00+00:00,30002.125199752154,30005.490001776605,30000.76797763591,30001.725248813185,545
2009-11-09 01:21:00+00:00,30004.675958011267,30009.617163706505,30000.60824921475,30004.228654990526,674
2009-11-12 01:21:00+00:00,30004.142831093024,30009.728748000976,30003.221002630966,30003.416222101114,378
2009-11-15 01:21:00+00:00,30003.98215003772,30008.7172378073,29984.23196460442,30002.796650562614,428
2009-11-18 01:21:00+00:00,30003.221657197,30015.551889950704,30001.74460486324,30001.886609538382,873
2009-11-21 01:21:00+00:00,30003.166314557962,30022.730960587258,29989.201597479176,30004.093736055947,964
2009-11-24 01:21:00+00:00,30004.692186876106,30024.55800344114,30003.737890020275,30003.89006302665,921
2009-11-27 01:21:00+00:00,30005.20131424112,30015.16685251273,29992.575257907538,30003.966329102685,872
2009-11-30 01:21:00+00:00,30005.55861154521,30013.947054052223,29986.093801710213,30005.18917704467,880
2009-12-03 01:21:00+00:00,30005.467148895677,30017.434623010366,29989.698772689473,30006.070113256224,668
2009-12-06 01:21:00+00:00,30005.508067112623,30011.29525427712,30004.00865880458,30006.023141767026,989
2009-12-09 01:21:00+00:00,30006.44472105153,30018.528900309582,30003.8233180194,30007.951591047753,299
2009-12-12 01:21:00+00:00,30005.982868460596,30012.40276345515,30005.71174849538,30004.251543947703,116
2009-12-15 01:21:00+00:00,30006.29840698762,30020.20584004258,29992.554019629246,30005.67802261178,400
2009-12-18 01:21:00+00:00,30006.333991270774,30008.17845211588,29987.881932867127,30007.331543428394,155
2009-12-21 01:21:00+00:00,30006.178815068924,30020.843175275095,30002.756996575223,30006.16151416406,930
2009-12-24 01:21:00+00:00,30005.086786362415,30018.16167752974,29992.17873238629,30005.149222074822,620
2009-12-27 01:21:00+00:00,30005.605761377403,30015.752954958825,29993.071290307416,30005.720194744805,117
2009-12-30 01:21:00+00:00,30006.845509509632,30020.930554600927,29997.86360125326,30008.408859572006,392
2010-01-02 01:21:00+00:00,30006.908828389765,30008.271564283517,30001.54952472063,30006.8869744363,513
2010-01-05 01:21:00+00:00,30005.578636046077,30020.548427428326,29991.750854536444,30006.369149380505,791
2010-01-08 01:21:00+00:00,30007.596424922165,30011.88454135856,29997.49176904504,30007.51833922413,358
2010-01-11 01:21:00+00:00,30005.206417814476,30007.348861330225,30001.463457337628,30006.661560781664,328
2010-01-14 01:21:00+00:00,30005.571758221493,30010.305798741705,30000.01896500091,30005.867407275862,130
2010-01-17 01:21:00+00:00,30005.707071428707,30022.27158428416,29991.99278485582,30006.497116055358,933
2010-01-20 01:21:00+00:00,30006.336561403168,30014.354951223242,29989.123323666587,30006.602387881998,678
2010-01-23 01:21:00+00:00,30005.71300087839,30013.910156843347,29999.225030976802,30006.325464387122,976
2010-01-26 01:21:00+00:00,30005.486135198793,30021.90667139285,29999.330397555837,30005.800123769728,484
2010-01-29 01:21:00+00:00,30006.79005573658,30017.5108679533,30001.02956932172,30005.857374002913,394
2010-02-01 01:21:00+00:00,30007.329682858923,30024.074221137846,30001.07056511544,30007.700355117235,393
2010-02-04 01:21:00+00:00,30006.996468367928,30015.692589709855,30000.879303452362,30007.290820502236,146
2010-02-07 01:21:00+00:00,30006.535957140306,30016.730387261738,30004.412143360336,30006.49173411367,862
2010-02-10 01:21:00+00:00,30007.230123296107,30017.72920607186,29997.32528276194,30005.716946749795,479
2010-02-13 01:21:00+00:00,30008.171929912605,30022.188395670364,29991.727467506487,30009.26364481281,500
2010-02-16 01:21:00+00:00,30007.65051110851,30025.156899506466,29994.013481162932,30007.357530639492,415
2010-02-19 01:21:00+00:00,30006.116884954597,30018.306784694585,29990.45604734759,30006.771704040268,896
2010-02-22 01:21:00+00:00,30006.64590318621,30009.643643240186,30000.65991646567,30005.509477374686,972
2010-02-25 01:21:00+00:00,30006.686716481818,30010.564605569492,30000.440867892143,30005.31204619994,393
2010-02-28 01:21:00+00:00,30007.591488050817,30012.337558096096,30004.452551258786,30005.938838016362,638
2010-03-03 01:21:00+00:00,30007.61680971823,30020.367762350503,29988.1604267078,30007.232200345825,131
2010-03-06 01:21:00+00:00,30007.29649063345,30007.455036217263,29991.31744971038,30007.725072042416,425
2010-03-09 01:21:00+00:00,30006.249863016168,30020.722863117808,30005.377091601255,30007.42359893028,945
2010-03-12 01:21:00+00:00,30003.899087978305,30022.69182894859,29985.65991624044,30005.36596309901,990
2010-03-15 01:21:00+00:00,30003.069465048546,30014.85573882268,29987.252103000726,30002.97390290301,107
2010-03-18 01:21:00+00:00,30002.081853451687,30010.792897158106,29998.137152696072,30002.162866457995,162
2010-03-21 01:21:00+00:00,30002.19376667294,30002.98948251089,29983.82172101658,30001.29326901205,278
2010-03-24 01:21:00+00:00,30002.312137155168,30007.35268084715,29997.488479693107,30000.103178730486,990
2010-03-27 01:21:00+00:00,30001.99994998102,30015.945562027955,29998.35944667377,30001.304222599847,966
2010-03-30 01:21:00+00:00,30001.4927957623,30003.967569581528,29989.240277755274,30002.638317719066,994
2010-04-02 01:21:00+00:00,30002.259583046,30003.61473526163,30000.30537832792,30002.725694202807,134
2010-04-05 01:21:00+00:00,30003.65577159532,30019.1064816807,29986.63405777219,30004.319637779132,370
2010-04-08 01:21:00+00:00,30005.852791826146,30025.637727364134,29989.99524076732,30005.87908119376,569
2010-04-11 01:21:00+00:00,30008.014106075658,30017.567020668783,29991.6799336572,30008.062225836864,599
2010-04-14 01:21:00+00:00,30008.741141201812,30019.64290986304,29991.05322846486,30007.682137876138,254
2010-04-17 01:21:00+00:00,30009.19143611703,30009.293556559787,29990.145604753317,30011.140786686454,352
2010-04-20 01:21:00+00:00,30009.55305483417,30016.794195588816,30009.082363582133,30010.311638955103,505
2010-04-23 01:21:00+00:00,30007.687402384257,30022.09726822217,29992.03203230107,30007.81670262406,788
2010-04-26 01:21:00+00:00,30006.906357356147,30015.737974286272,29992.259380335378,30008.832995456534,344
2010-04-29 01:21:00+00:00,30006.846355428617,30026.05361693514,29993.127275258874,30005.089681510613,718
2010-05-02 01:21:00+00:00,30007.303805701806,30027.246204237334,29991.632525533918,30005.79303522911,777
2010-05-05 01:21:00+00:00,30007.52555196189,30007.772991971866,29993.560309007455,30009.102755296015,846
2010-05-08 01:21:00+00:00,30006.914385479788,30010.80543206054,30006.243417389134,30008.86520960879,705
2010-05-11 01:21:00+00:00,30008.261347529835,30016.281488562727,29999.53621207514,30009.203194637186,479
2010-05-14 01:21:00+00:00,30011.432407006007,30023.05948566103,29996.848996107095,30012.021560560515,603
2010-05-17 01:21:00+00:00,30011.39827833782,30014.265460819086,29996.749453349305,30011.057953455307,237
2010-05-20 01:21:00+00:00,30010.814255998066,30021.033848975152,29998.259018454402,30010.09606570085,798
2010-05-23 01:21:00+00:00,30010.44002634816,30014.031050647765,30002.364090204188,30010.544182167876,576
2010-05-26 01:21:00+00:00,30010.72121617108,30025.005247538968,30008.01896345299,30010.193133062352,733
2010-05-29 01:21:00+00:00,30011.008798832336,30027.2101793871,30000.94664404539,30010.657940360143,448
2010-06-01 01:21:00+00:00,30010.488387485606,30018.355400059045,30001.44692831247,30009.660729987074,231
2010-06-04 01:21:00+00:00,30009.66467558804,30009.94250614272,29994.772886729148,30010.095326620143,257
2010-06-07 01:21:00+00:00,30008.946209047135,30019.542894429957,30007.064835725512,30007.24495941604,495
2010-06-10 01:21:00+00:00,30009.113583221846,30018.412927441623,30000.7537381175,30008.393181271287,415
2010-06-13 01:21:00+00:00,30007.411115258084,30018.065828957817,29992.26314887814,30008.20753709822,516
2010-06-16 01:21:00+00:00,30007.686709704307,30024.677544571165,30006.786372956674,30004.975101630855,812
2010-06-19 01:21:00+00:00,30006.94647368765,30014.745410764088,29990.260378496358,30007.436330741704,790
2010-06-22 01:21:00+00:00,30007.134685533463,30017.005182132772,30003.742246294267,30008.318919884707,127
2010-06-25 01:21:00+00:00,30006.67053067795,30014.005437836688,29988.534169693132,30006.415760429758,887
2010-06-28 01:21:00+00:00,30007.214130610184,30009.50615499816,30007.101637765296,30007.731474781653,449
2010-07-01 01:21:00+00:00,30008.24109350981,30015.710868216553,29994.59007868103,30006.563055289123,662
2010-07-04 01:21:00+00:00,30008.883542319443,30014.839669878933,29993.618236039412,30007.251224256677,123
2010-07-07 01:21:00+00:00,30008.242071323457,30023.1615725248,30003.970420600534,30007.878589910302,200
2010-07-10 01:21:00+00:00,30007.54363292327,30022.319038724854,29991.504398335022,30009.290005983094,708
2010-07-13 01:21:00+00:00,30007.077011822355,30020.132041736942,29987.14602744368,30007.15704260483,756
2010-07-16 01:21:00+00:00,30007.578844550702,30009.22687328125,29995.025221526106,30006.325953321553,486
2010-07-19 01:21:00+00:00,30006.585672019246,30021.504731788125,30001.804297110757,30005.909761828,688
2010-07-22 01:21:00+00:00,30004.74202617124,30013.590733128203,30001.127522674124,30006.006412874656,333
2010-07-25 01:21:00+00:00,30004.38102491447,30005.65146224497,30002.17094465928,30003.591433614147,745
2010-07-28 01:21:00+00:00,30005.80158408782,30022.30541449951,29986.47044798277,30006.33009114481,957
2010-07-31 01:21:00+00:00,30007.01920278086,30024.644940832055,29988.276897657557,30007.457455896656,901
2010-08-03 01:21:00+00:00,30005.46742515681,30022.920999513357,30003.011078242725,30004.789979547775,838
2010-08-06 01:21:00+00:00,30004.680115403644,30011.7091196323,29993.295790092543,30005.997997176848,350
2010-08-09 01:21:00+00:00,30004.59800290377,30008.525238149497,29993.93502404153,30004.935536460835,783
2010-08-12 01:21:00+00:00,30004.497342590166,30023.751450776217,29999.138273271456,30004.06699344786,424
2010-08-15 01:21:00+00:00,30004.014359935816,30015.68905654152,30003.57238866753,30003.9536726327,829
2010-08-18 01:21:00+00:00,30003.252354650722,30017.575291440855,30001.63149319935,30002.844031855726,205
2010-08-21 01:21:00+00:00,30002.998179954262,30004.67137737223,29998.55857202171,30003.09929617456,672
2010-08-24 01:21:00+00:00,30002.396960986673,30006.688479898723,29988.17502564035,30001.463278326504,493
2010-08-27 01:21:00+00:00,30000.454612408586,30005.434525384928,29988.235917033417,30001.22880644258,933
2010-08-30 01:21:00+00:00,29999.379181840162,30016.003231402326,29983.073949080415,29998.739779768926,289
2010-09-02 01:21:00+00:00,30000.031463282266,30017.808028692998,29998.89050414587,30001.192740247086,985
2010-09-05 01:21:00+00:00,29998.48277081651,30006.73781839448,29996.313000162143,29997.201078664693,440
2010-09-08 01:21:00+00:00,29996.8515191115,30013.5736775445,29987.098530227402,29997.40797658936,250
2010-09-11 01:21:00+00:00,29994.45133322628,30000.283367650605,29983.62935839264,29994.61649606656,108
2010-09-14 01:21:00+00:00,29995.899177105857,30001.34514666204,29982.394195191242,29996.305089962818,802
2010-09-17 01:21:00+00:00,29994.639731016734,30006.219257262175,29984.817835981637,29994.397449483553,846
2010-09-20 01:21:00+00:00,29995.160317726568,30008.003381835908,29981.31566820667,29995.89536605701,397
2010-09-23 01:21:00+00:00,29994.490935238966,29995.80283024616,29975.714459955205,29994.129235906938,563
2010-09-26 01:21:00+00:00,29993.887149395385,29995.794639865562,29990.843935959754,29994.5074204186,264
2010-09-29 01:21:00+00:00,29994.696266491337,30011.76471448866,29993.036809046636,29994.709640701505,217
2010-10-02 01:21:00+00:00,29994.833264031968,30014.54474147166,29982.382772626872,29994.68180876324,492
2010-10-05 01:21:00+00:00,29996.31300043654,29996.938369489057,29988.123278929714,29997.145560494366,838
2010-10-08 01:21:00+00:00,29996.023607452342,30015.058706057604,29992.941082531965,29997.158666096366,221
2010-10-11 01:21:00+00:00,29995.03693548027,29996.566256842467,29990.5968183224,29996.729500054433,193
2010-10-14 01:21:00+00:00,29994.0179240398,30000.754924923047,29983.291291050264,29992.51778688748,237
2010-10-17 01:21:00+00:00,29994.561498585274,30008.25994355657,29982.21202643959,29995.01403886397,754
2010-10-20 01:21:00+00:00,29993.47378934925,29998.70482902481,29988.330119983264,29994.07050474054,607
2010-10-23 01:21:00+00:00,29994.180895756792,30012.39503896628,29981.074445766968,29992.259680717296,985
2010-10-26 01:21:00+00:00,29995.227200219135,30014.851453939893,29983.189861572737,29995.048509986318,755
2010-10-29 01:21:00+00:00,29994.956067672632,29994.991177882865,29978.51840244156,29994.30497280213,460
2010-11-01 01:21:00+00:00,29996.805223114203,29999.424633367053,29978.74669658106,29996.682250950525,880
2010-11-04 01:21:00+00:00,29996.464181084062,30006.08183926362,29977.329654236695,29997.98048398814,878
2010-11-07 01:21:00+00:00,29996.59593701502,30009.857638667414,29991.959125560286,29996.95013763944,642
2010-11-10 01:21:00+00:00,29995.078787924667,30010.180700549154,29980.891174467954,29993.573531223064,292
2010-11-13 01:21:00+00:00,29994.63592145162,30013.554030337298,29987.08470016838,29994.24320713683,114
2010-11-16 01:21:00+00:00,29996.24147246971,29998.722445792264,29988.352204222283,29996.384286164648,809
2010-11-19 01:21:00+00:00,29995.659545060535,30006.471815761943,29990.167089686413,29996.681789787857,980
2010-11-22 01:21:00+00:00,29995.83523001234,30006.26744344044,29984.295786184484,29996.505213915294,678
2010-11-25 01:21:00+00:00,29996.767502323688,30004.416848605186,29986.46577971281,29998.474953195702,118
2010-11-28 01:21:00+00:00,29995.258170012014,30000.788439967473,29995.07081834019,29994.691063828268,642
2010-12-01 01:21:00+00:00,29994.718048516068,30008.162734707403,29991.37633011563,29994.456150711834,719
2010-12-04 01:21:00+00:00,29993.84640395934,30009.038302470086,29990.12444132025,29993.707045564675,592
2010-12-07 01:21:00+00:00,29994.234160564767,30010.862686657045,29986.446338766156,29996.347244564113,750
2010-12-10 01:21:00+00:00,29993.277909542867,29997.797955213096,29982.458650640798,29991.742295381366,607
2010-12-13 01:21:00+00:00,29990.275382736218,29996.384632338475,29989.32027051515,29990.75287368597,389
2010-12-16 01:21:00+00:00,29990.09855304953,29993.138208250668,29989.80140353846,29988.637700767213,826
2010-12-19 01:21:00+00:00,29989.362040353855,29995.980308908987,29979.70292232199,29988.359079737733,366
2010-12-22 01:21:00+00:00,29987.73020776212,29989.956208971962,29986.05497155222,29987.434660585302,164
2010-12-25 01:21:00+00:00,29988.830510216598,30008.100223764963,29971.692935700037,29988.15808059276,430
2010-12-28 01:21:00+00:00,29989.1191826736,29991.58812790923,29976.183568283726,29989.162521664537,465
2010-12-31 01:21:00+00:00,29990.81339969206,29997.812760805544,29987.320719640054,29991.024607649466,673
2011-01-03 01:21:00+00:00,29988.23969854154,29990.33269027766,29969.016527070646,29988.76989719642,441
2011-01-06 01:21:00+00:00,29987.640288393246,29989.972473404076,29977.89845094534,29987.201057655227,887
2011-01-09 01:21:00+00:00,29986.9388145662,30003.198151390025,29985.3081389591,29987.32367013534,296
2011-01-12 01:21:00+00:00,29988.65563464936,30004.862438610653,29976.255094336466,29988.567810631746,470
2011-01-15 01:21:00+00:00,29986.727773441056,30000.595738895976,29982.309607506875,29984.722065230257,182
2011-01-18 01:21:00+00:00,29986.850295445834,29989.303903388005,29982.44449083862,29985.968530765822,938
2011-01-21 01:21:00+00:00,29985.497656839612,29989.683850898113,29980.20226571597,29983.952610568846,942
2011-01-24 01:21:00+00:00,29986.105456297733,29988.878259410794,29968.795110122326,29986.752340991497,805
2011-01-27 01:21:00+00:00,29986.681358765974,29990.413197310638,29967.225837477974,29986.8993420172,538
2011-01-30 01:21:00+00:00,29987.75524126926,29989.19803613401,29970.79413609293,29988.78272669334,386
2011-02-02 01:21:00+00:00,29988.35864227717,29994.026709873215,29981.3380410811,29988.293162006583,172
2011-02-05 01:21:00+00:00,29989.40251520109,29997.337102358364,29982.08227724579,29988.17692037125,763
2011-02-08 01:21:00+00:00,29988.76485504773,30006.02497432959,29981.544288337507,29989.02773478664,446
2011-02-11 01:21:00+00:00,29986.99149068918,29998.975225979877,29986.729406302748,29985.79686809335,923
2011-02-14 01:21:00+00:00,29987.228467134184,29998.897142952737,29974.535367525918,29986.677285769743,719
2011-02-17 01:21:00+00:00,29988.115005842203,30003.036081380524,29984.354822954312,29987.7354845605,124
2011-02-20 01:21:00+00:00,29988.60428775629,29990.75193543539,29974.19100283297,29985.51994902313,775
2011-02-23 01:21:00+00:00,29987.27038657749,29996.559465021997,29980.8173485318,29986.81905870579,682
2011-02-26 01:21:00+00:00,29987.82561673162,29998.046983393804,29982.42168385757,29987.685858697445,817
2011-03-01 01:21:00+00:00,29988.589613844786,30002.2392135117,29971.232774063625,29989.55044165901,503
2011-03-04 01:21:00+00:00,29987.82887783168,30002.82885785627,29973.62890269951,29988.578783888985,918
2011-03-07 01:21:00+00:00,29989.525094873203,30001.744788133004,29988.853436659287,29989.71064040276,997
2011-03-10 01:21:00+00:00,29989.835430052546,29991.296858754715,29978.172665956034,29989.978249731343,814
2011-03-13 01:21:00+00:00,29990.568834475074,30007.03855682987,29972.460866071648,29989.563824697278,530
2011-03-16 01:21:00+00:00,29989.74833804399,30008.13679271571,29971.472844550484,29990.296702817468,296
2011-03-19 01:21:00+00:00,29989.605962542857,30006.6612511884,29988.695925957472,29990.201213921206,167
2011-03-22 01:21:00+00:00,29990.189913291273,29994.94367371874,29980.009897389296,29988.6755182742,322
2011-03-25 01:21:00+00:00,29991.686975541124,29994.763835850456,29981.40985994722,29993.75858794457,830
2011-03-28 01:21:00+00:00,29994.237757666433,30008.865998114357,29986.83566202446,29994.288172362052,661
2011-03-31 01:21:00+00:00,29993.197809079982,29998.28080699336,29983.99404211527,29993.529912175025,928
2011-04-03 01:21:00+00:00,29991.886215119663,29996.617411985724,29978.771386562155,29991.421249821327,909
2011-04-06 01:21:00+00:00,29992.903142919135,29994.96506021896,29982.802133516503,29991.250116636325,579
2011-04-09 01:21:00+00:00,29993.958748229412,30009.93512429842,29984.690450069433,29995.65879568613,693
2011-04-12 01:21:00+00:00,29992.815091371802,29999.117856614153,29978.14043772841,29994.63870435321,259
2011-04-15 01:21:00+00:00,29993.45784904976,30008.999383548897,29993.424052947812,29992.686210107426,944
2011-04-18 01:21:00+00:00,29993.574235493863,30001.951155332143,29986.41185695671,29994.062532152948,818
2011-04-21 01:21:00+00:00,29993.010806124494,30010.33764590562,29987.94231141247,29993.172853771088,554
2011-04-24 01:21:00+00:00,29993.78419620271,30008.52040088122,29984.927235456176,29993.34303526664,418
2011-04-27 01:21:00+00:00,29993.5506270851,29999.32293487752,29980.53460903473,29993.208715684945,817
2011-04-30 01:21:00+00:00,29995.363761672364,30003.331014398493,29989.27415207359,29995.441109973046,420
2011-05-03 01:21:00+00:00,29996.164965414595,30011.783912729396,29981.249537178603,29994.172920865018,368
2011-05-06 01:21:00+00:00,29994.987545648615,29999.47934923914,29990.596607614174,29995.488748285756,198
2011-05-09 01:21:00+00:00,29997.15469051566,30004.04824388729,29977.767686580817,29997.153009733738,753
2011-05-12 01:21:00+00:00,29995.289055180023,30000.618529698197,29986.07232753788,29995.370282279513,114
2011-05-15 01:21:00+00:00,29996.40828952694,29998.378270609006,29987.92161677159,29995.15291618259,690
2011-05-18 01:21:00+00:00,29996.29573402091,30005.377481252955,29977.86199529607,29995.707628633587,743
2011-05-21 01:21:00+00:00,29996.933416565043,29997.408428347877,29993.406939636374,29996.814485673363,553
2011-05-24 01:21:00+00:00,29997.29519022624,30003.408559854182,29984.03405767359,29997.72996614208,417
2011-05-27 01:21:00+00:00,29998.61662877561,30009.192552291373,29992.14280812832,29998.541708110464,459
2011-05-30 01:21:00+00:00,29998.239885472765,30009.431596566927,29995.2256334006,29997.917005652325,451
2011-06-02 01:21:00+00:00,29997.531315220058,30001.92839064779,29993.971489087628,29996.852747603316,758
2011-06-05 01:21:00+00:00,29996.35642593482,30008.694728296123,29990.12383527932,29996.302149016785,320
2011-06-08 01:21:00+00:00,29996.729408774456,29999.97421720832,29995.435224327353,29996.537566484552,782
2011-06-11 01:21:00+00:00,29997.37140450209,30007.67544471172,29995.25069327229,29995.35958768899,791
2011-06-14 01:21:00+00:00,29999.670683323257,30015.74358175707,29983.233500812763,30000.905818864696,587
2011-06-17 01:21:00+00:00,29999.521583392958,30018.523490093783,29982.892959553297,29998.820765638364,805
2011-06-20 01:21:00+00:00,29999.48079786748,30011.580878646582,29991.9435954317,29999.30510504887,380
2011-06-23 01:21:00+00:00,29997.458570922176,30016.486829826987,29989.047700598552,29998.167624773938,250
2011-06-26 01:21:00+00:00,29996.02412351998,30004.662441844062,29995.988640082203,29995.64133190818,346
2011-06-29 01:21:00+00:00,29996.22530701728,30006.36471937737,29989.944172550993,29996.20588412843,700
2011-07-02 01:21:00+00:00,29995.754575747498,30013.5334219977,29984.30782729013,29995.654995798006,619
2011-07-05 01:21:00+00:00,29996.134476158437,30011.22018905249,29989.30685924807,29996.25468184283,932
2011-07-08 01:21:00+00:00,29996.27622881602,29998.99248081506,29977.09982289435,29996.788136948726,894
2011-07-11 01:21:00+00:00,29995.776429862075,30015.58932315495,29983.1014745678,29996.186916869272,244
2011-07-14 01:21:00+00:00,29997.584757223747,29999.765060185775,29983.005428776483,29997.539175117865,218
2011-07-17 01:21:00+00:00,29997.40620525785,30016.262752201877,29993.80180649865,29997.57042075102,447
2011-07-20 01:21:00+00:00,29998.885152501403,30015.35838457527,29996.00911492414,29998.05317316613,363
2011-07-23 01:21:00+00:00,29998.680275798553,30015.207475001807,29993.963796156888,29997.868698393086,779
2011-07-26 01:21:00+00:00,29998.422354278326,30009.77854356767,29994.096006343996,29998.071581158634,571
2011-07-29 01:21:00+00:00,29998.50114108402,30013.028284671094,29978.670392650976,29999.55953956172,533
2011-08-01 01:21:00+00:00,29999.181735883292,30004.949179014988,29997.537849872122,29998.7695401547,812
2011-08-04 01:21:00+00:00,30000.074987974378,30014.147273567596,29990.431082847877,29998.955429331632,471
2011-08-07 01:21:00+00:00,29999.382076231785,30016.89935607076,29983.420219529013,29999.5076716476,233
2011-08-10 01:21:00+00:00,30000.20779328322,30005.417979563117,29995.449628981754,30000.546916683394,610
2011-08-13 01:21:00+00:00,30000.813174588948,30020.51714818292,29983.14117881979,29999.368843848184,293
2011-08-16 01:21:00+00:00,30000.73379281257,30005.25293434764,29999.449924911605,30000.602167168203,735
2011-08-19 01:21:00+00:00,29999.37218401548,30016.924496364587,29992.97077105321,30000.826476364782,779
2011-08-22 01:21:00+00:00,30001.55686224605,30017.83994196372,29991.991786780345,30002.02862625961,293
2011-08-25 01:21:00+00:00,30001.11998233132,30020.684872605085,29981.610110657653,30003.31768056617,126
2011-08-28 01:21:00+00:00,30001.033365041432,30013.46563723146,29993.3002451567,30000.773000898644,621
2011-08-31 01:21:00+00:00,30001.078488741947,30003.23894068952,29990.717200688407,30000.771127391436,665
2011-09-03 01:21:00+00:00,30001.74295897382,30015.827789464183,29996.6016254191,30002.71518234266,879
2011-09-06 01:21:00+00:00,30001.077973156793,30010.449330608437,29984.664762734326,30001.505641590462,587
2011-09-09 01:21:00+00:00,29999.919280704675,30002.248375897474,29983.668082825196,29999.82712673186,270
2011-09-12 01:21:00+00:00,29999.233540130757,30014.146347739294,29983.435177391748,29998.570384498555,916
2011-09-15 01:21:00+00:00,29999.77893316451,30014.344874433264,29990.926941622045,29999.08794276342,269
2011-09-18 01:21:00+00:00,29999.345298920554,30000.358316177706,29996.712606638946,29999.573817282086,989
2011-09-21 01:21:00+00:00,29999.227936498355,30003.817646300602,29985.483599074167,29999.416815741708,271
2011-09-24 01:21:00+00:00,29998.449654418146,30007.442101616754,29990.191843430377,29995.992522404078,346
2011-09-27 01:21:00+00:00,29999.770602371704,30001.671182822778,29989.72570525338,29998.816547673865,793
2011-09-30 01:21:00+00:00,30000.327639096347,30009.838691559507,29994.78091394283,30000.42423089196,612
2011-10-03 01:21:00+00:00,29999.982344569773,30000.58280447988,29982.751469820374,29999.378637549766,822
2011-10-06 01:21:00+00:00,30000.73083329653,30004.798149975824,29991.99105170467,30002.075917362952,983
2011-10-09 01:21:00+00:00,29999.105507386754,30009.74801643687,29986.344953311083,29998.502803623247,723
2011-10-12 01:21:00+00:00,29995.591686581094,30014.424959966513,29985.90362073101,29996.643425157283,467
2011-10-15 01:21:00+00:00,29993.76583444759,30006.163179664032,29987.703409200378,29994.936534532746,631
2011-10-18 01:21:00+00:00,29992.684646372123,30011.58753811813,29990.070245529743,29992.3861512131,972
2011-10-21 01:21:00+00:00,29990.59474290593,30004.574483904322,29981.675365511997,29988.02717240446,711
2011-10-24 01:21:00+00:00,29989.422430670726,29995.543230877745,29972.028228444793,29988.523206739254,889
2011-10-27 01:21:00+00:00,29988.335977050207,29990.40586774264,29972.633985446188,29988.60794097782,334
2011-10-30 01:21:00+00:00,29988.994176405893,29990.79224900487,29973.26782615375,29988.82491198246,857
2011-11-02 01:21:00+00:00,29990.251535529904,29997.170009347603,29970.735931063697,29990.157884504806,183
2011-11-05 01:21:00+00:00,29988.972986895173,30007.314924424165,29970.925204617903,29988.66272561251,761
2011-11-08 01:21:00+00:00,29988.276003084487,29989.46943357159,29980.097336820163,29989.03294885794,797
2011-11-11 01:21:00+00:00,29987.713741792475,29989.81509980015,29984.033676374533,29988.14859074848,311
2011-11-14 01:21:00+00:00,29987.355627880595,29987.436974606753,29975.272828560013,29987.87970751866,330
2011-11-17 01:21:00+00:00,29986.659328565256,30004.18675510412,29975.97588613484,29985.698017863346,265
2011-11-20 01:21:00+00:00,29985.173765604046,29993.313746509128,29981.75497168806,29985.018975136627,515
2011-11-23 01:21:00+00:00,29985.285470352374,29997.949605679813,29972.16518483248,29987.16076939302,447
2011-11-26 01:21:00+00:00,29985.17010502141,29990.30438236772,29979.14875343577,29986.55445418192,880
2011-11-29 01:21:00+00:00,29984.726199632667,29995.467529158763,29973.08698948254,29982.969179115404,717
2011-12-02 01:21:00+00:00,29986.721735468745,29990.549185030864,29975.29142506127,29984.685639113144,826
2011-12-05 01:21:00+00:00,29986.50383441417,30004.992982998105,29982.613858539367,29987.339304197474,624
2011-12-08 01:21:00+00:00,29988.385882814913,30003.876440141303,29970.3012839631,29987.039079047554,417
2011-12-11 01:21:00+00:00,29988.857941019553,30007.817083688173,29980.62717578162,29989.53306987139,591
2011-12-14 01:21:00+00:00,29990.615128931775,30006.28968979705,29976.420464638817,29991.708197390442,399
2011-12-17 01:21:00+00:00,29989.905370309563,29990.498865837322,29972.867412975567,29990.56079955292,509
2011-12-20 01:21:00+00:00,29990.43972222485,29992.67394334513,29981.04141315115,29990.462492683146,171
2011-12-23 01:21:00+00:00,29989.994210163684,29993.9972875703,29986.47678470808,29989.859612435328,884
2011-12-26 01:21:00+00:00,29989.73691319488,30008.125086585595,29974.77582052707,29989.38189481111,166
2011-12-29 01:21:00+00:00,29990.138500478322,29999.020056998143,29978.593647649584,29989.314152525592,631
2012-01-01 01:21:00+00:00,29990.031137076374,30000.875304352823,29978.779569210958,29989.3324636932,898
2012-01-04 01:21:00+00:00,29989.80001147733,30005.44787497458,29981.957415815777,29988.857758561517,753
2012-01-07 01:21:00+00:00,29988.247607096837,29998.55612553704,29987.378747972867,29988.169008350393,761
2012-01-10 01:21:00+00:00,29988.42571792514,29995.08937756708,29973.269605107074,29988.96823854522,295
2012-01-13 01:21:00+00:00,29987.389097997235,29997.4718974673,29971.183224935507,29988.172615003117,368
2012-01-16 01:21:00+00:00,29988.453464579852,30007.94658610238,29986.806629658946,29988.116351825458,101
2012-01-19 01:21:00+00:00,29988.68549687086,29994.68484001626,29975.681361462746,29988.81312666274,575
2012-01-22 01:21:00+00:00,29988.882887445037,29992.195392307964,29982.26377492987,29986.87111137004,621
2012-01-25 01:21:00+00:00,29989.66575464828,29997.58433209999,29978.30060552436,29989.62511760658,943
2012-01-28 01:21:00+00:00,29989.5410431204,30000.184103762545,29974.877271740464,29989.82244588807,308
2012-01-31 01:21:00+00:00,29989.81068284028,29989.9281740605,29978.590786729626,29990.82689793061,413
2012-02-03 01:21:00+00:00,29990.681382660572,30005.172751763635,29984.29185428806,29989.84962876655,122
2012-02-06 01:21:00+00:00,29989.428139080326,29994.331198025375,29971.184019017597,29989.081497166717,226
2012-02-09 01:21:00+00:00,29988.783108041254,30003.920615460418,29978.31871596824,29988.08447380064,922
2012-02-12 01:21:00+00:00,29989.204492306373,30001.76910068075,29978.989511494052,29990.06836537826,130
2012-02-15 01:21:00+00:00,29987.259666101905,30004.025495689915,29980.764708835595,29987.10052825902,610
2012-02-18 01:21:00+00:00,29986.331454750725,29986.65182684291,29974.67338139283,29986.167383273198,632
2012-02-21 01:21:00+00:00,29986.986968022105,29989.402151143757,29986.90351288999,29986.56682414078,225
2012-02-24 01:21:00+00:00,29989.21227007365,30004.198443796053,29976.538339562307,29989.00792095444,684
2012-02-27 01:21:00+00:00,29988.600135239958,29999.286280196262,29976.08138294744,29987.444968469925,362
2012-03-01 01:21:00+00:00,29986.660359862322,30004.62525421787,29982.05502195717,29987.35045338779,349
2012-03-04 01:21:00+00:00,29987.774410667458,30004.83315581322,29970.778692071224,29987.580619886656,272
2012-03-07 01:21:00+00:00,29987.719271373273,29996.884796106206,29979.164066373305,29987.3933773304,497
2012-03-10 01:21:00+00:00,29988.59574977844,29988.901564226144,29982.3579507495,29989.194095399656,719
2012-03-13 01:21:00+00:00,29989.33835486317,30004.196948462624,29978.076109317622,29990.16818647717,483
2012-03-16 01:21:00+00:00,29989.251530278492,30004.260953486995,29986.65792837334,29988.83632814568,134
2012-03-19 01:21:00+00:00,29989.342472435794,30006.212780120193,29971.073350634964,29989.792535247983,535
2012-03-22 01:21:00+00:00,29989.714223059647,29994.18383248821,29978.428957798547,29989.73742908502,676
2012-03-25 01:21:00+00:00,29991.70152961917,30002.84997958593,29984.107597417707,29992.45610842307,132
2012-03-28 01:21:00+00:00,29993.108841189183,30003.735408478726,29979.771004468384,29993.04864800799,247
2012-03-31 01:21:00+00:00,29992.764968998486,29993.373304295365,29987.329447527525,29992.129694117662,291
2012-04-03 01:21:00+00:00,29994.258082122196,30011.349634958708,29986.736776852107,29993.822128517335,471
2012-04-06 01:21:00+00:00,29994.103599139395,29999.477559639607,29979.36690378955,29993.529171418504,938
2012-04-09 01:21:00+00:00,29995.076994749776,30001.352373962138,29980.473938118044,29993.3546484386,626
2012-04-12 01:21:00+00:00,29994.67432800141,30014.483554836912,29977.141395408195,29993.59404973566,482
2012-04-15 01:21:00+00:00,29995.150636084527,30013.262399057792,29986.632790149837,29994.945397905187,965
2012-04-18 01:21:00+00:00,29996.19730519457,29997.790892372646,29980.970444488645,29995.955301665086,804
2012-04-21 01:21:00+00:00,29997.075375291806,30014.18859426801,29982.833618716122,29997.24442097244,463
2012-04-24 01:21:00+00:00,29996.12344939252,30002.261214444785,29976.124913156695,29996.874567959305,760
2012-04-27 01:21:00+00:00,29996.10699893378,30008.882272269282,29978.75164852493,29997.848112739724,996
2012-04-30 01:21:00+00:00,29994.207122657852,30002.07484938835,29983.40395980842,29994.70951498977,130
2012-05-03 01:21:00+00:00,29993.26939835423,30002.30448108334,29985.512589160353,29990.878278879278,650
2012-05-06 01:21:00+00:00,29992.40705043015,30010.018118706546,29974.754065232744,29992.662866352544,351
2012-05-09 01:21:00+00:00,29991.95963122297,30010.62358524236,29986.12136490075,29992.02675810932,192
2012-05-12 01:21:00+00:00,29992.520297721887,29994.909871066833,29973.077948981565,29993.198411830093,675
2012-05-15 01:21:00+00:00,29992.18875380246,30010.483906287183,29974.31345575355,29992.55186459941,869
2012-05-18 01:21:00+00:00,29992.544794047477,30007.345632755318,29978.186570865153,29990.07060065826,698
2012-05-21 01:21:00+00:00,29992.830790471504,29993.71746034504,29989.148310354925,29993.788363297423,470
2012-05-24 01:21:00+00:00,29992.728853212266,30009.02612832652,29981.620528762876,29991.439151994262,766
2012-05-27 01:21:00+00:00,29992.31890486476,30009.583370741668,29986.438547074395,29993.18266092785,894
2012-05-30 01:21:00+00:00,29992.0248008006,29996.008594303035,29980.47906618442,29991.197855023875,294
2012-06-02 01:21:00+00:00,29990.528233958557,30005.37247312731,29987.712108419175,29990.375694127557,236
2012-06-05 01:21:00+00:00,29990.064702727173,30001.714984356317,29987.75965849489,29988.877800195576,529
2012-06-08 01:21:00+00:00,29990.068058486104,30004.405825336842,29975.251981924917,29989.66796402619,408
2012-06-11 01:21:00+00:00,29992.65801359858,29996.632986840123,29982.67569621338,29994.21106236899,553
2012-06-14 01:21:00+00:00,29991.535392764323,30005.974714877488,29989.47331829827,29992.664830392634,645
2012-06-17 01:21:00+00:00,29991.722193437756,30006.679879810752,29981.276002620034,29990.48328280661,705
2012-06-20 01:21:00+00:00,29990.794849008515,29990.862718887875,29971.49980368148,29990.90390820568,472
2012-06-23 01:21:00+00:00,29989.54154590872,30000.446487583933,29972.059675678905,29990.99468517628,552
2012-06-26 01:21:00+00:00,29988.960024750937,29998.2564302606,29972.587303718945,29988.460356478103,960
2012-06-29 01:21:00+00:00,29988.975663933375,30000.802323846994,29979.63517498354,29987.631956260757,494
2012-07-02 01:21:00+00:00,29989.977152429292,29994.82854977939,29971.711327566,29989.81625142231,785
2012-07-05 01:21:00+00:00,29989.397179256204,30002.642915153174,29985.005185696336,29988.66654647988,482
2012-07-08 01:21:00+00:00,29989.211098902437,29995.46744722539,29972.18728098663,29988.796443281142,724
2012-07-11 01:21:00+00:00,29989.32179501991,30001.72697810872,29969.63122515897,29988.9680943467,210
2012-07-14 01:21:00+00:00,29988.89124616585,29989.743480093268,29984.416689645295,29989.519569479027,145
2012-07-17 01:21:00+00:00,29988.79894737794,30007.791409595025,29981.928705354232,29987.41252536298,428
2012-07-20 01:21:00+00:00,29988.384594321942,29993.4896447099,29977.998585758578,29988.185693825308,547
2012-07-23 01:21:00+00:00,29988.47859115181,29997.960894728138,29978.53955075853,29987.362459443244,760
2012-07-26 01:21:00+00:00,29989.180333932734,30001.694042314226,29976.535321581097,29988.29747664981,172
2012-07-29 01:21:00+00:00,29990.01235291271,30000.239240459076,29975.138397440398,29990.241671047166,409
2012-08-01 01:21:00+00:00,29990.28809627987,29990.450829358793,29974.002269472345,29990.262900177437,541
2012-08-04 01:21:00+00:00,29992.519327351016,29996.99168766227,29981.71812345663,29992.47090750932,568
2012-08-07 01:21:00+00:00,29992.32284904604,29995.61033199227,29986.6834713735,29992.22159325444,478
2012-08-10 01:21:00+00:00,29992.629117338874,29993.832763457704,29981.196528809607,29992.809396859135,186
2012-08-13 01:21:00+00:00,29991.362934524383,30002.129394789696,29986.30182598053,29992.190585058153,459
2012-08-16 01:21:00+00:00,29989.717979329005,29989.859259119927,29987.09871027402,29990.87425992035,186
2012-08-19 01:21:00+00:00,29988.11912456268,30002.668613364312,29986.978471520648,29987.804189911407,258
2012-08-22 01:21:00+00:00,29989.02207537612,30008.655230122054,29971.583085085334,29987.740520957257,762
2012-08-25 01:21:00+00:00,29990.49382737149,29992.28630564877,29986.61631785711,29991.828965693585,618
2012-08-28 01:21:00+00:00,29989.706824601428,29992.849518429484,29985.266865346846,29992.301629290632,241
2012-08-31 01:21:00+00:00,29991.029473946557,29997.94271862828,29979.565063800525,29989.298026065808,997
2012-09-03 01:21:00+00:00,29992.026263989756,29992.24334081367,29986.417774894533,29991.376378262743,268
2012-09-06 01:21:00+00:00,29990.805583982783,30007.051240670444,29986.162494715063,29990.09059954756,637
2012-09-09 01:21:00+00:00,29990.601777838663,30006.172596790417,29971.275809388466,29989.68005311987,167
2012-09-12 01:21:00+00:00,29990.849847865422,30004.604661694415,29975.543713409355,29992.368912191218,233
2012-09-15 01:21:00+00:00,29992.337157771737,30005.580552228592,29982.00100100881,29995.368313847935,391
2012-09-18 01:21:00+00:00,29992.657844802776,30008.89411561881,29989.12821784334,29991.515480245198,230
2012-09-21 01:21:00+00:00,29994.21581547797,30007.450569617555,29985.632336095412,29993.59136115592,228
2012-09-24 01:21:00+00:00,29994.423839089497,30009.468302911657,29988.681264405986,29995.611267369113,562
2012-09-27 01:21:00+00:00,29994.402197143612,30000.930939867765,29987.30336936184,29994.247767155095,163
2012-09-30 01:21:00+00:00,29993.786355566812,30005.55019307041,29981.58672614335,29995.442869694445,523
2012-10-03 01:21:00+00:00,29994.236333649078,30001.141216026517,29987.498560367745,29994.851788238204,362
2012-10-06 01:21:00+00:00,29993.50594572715,29997.08961424917,29975.029384069232,29994.067399378142,653
2012-10-09 01:21:00+00:00,29992.806532469265,30004.67842855508,29989.28655761663,29993.70723409671,383
2012-10-12 01:21:00+00:00,29993.088598291626,29994.654297185753,29977.966006094208,29993.35579152807,671
2012-10-15 01:21:00+00:00,29992.841773162745,29997.732014835427,29980.82419111125,29993.02217197681,974
2012-10-18 01:21:00+00:00,29993.10284102102,30004.944421226544,29983.23827421974,29992.12655599634,810
2012-10-21 01:21:00+00:00,29992.811570800746,30007.555305221522,29985.73075138205,29992.606498256726,312
2012-10-24 01:21:00+00:00,29993.19103641746,30010.31015111892,29988.58262657449,29993.130478256364,613
2012-10-27 01:21:00+00:00,29993.709948207495,30010.33751991057,29979.082013280615,29994.264840238935,397
2012-10-30 01:21:00+00:00,29992.86763362848,30010.577010562392,29976.609976941527,29996.043685474066,830
2012-11-02 01:21:00+00:00,29993.79391616833,30012.27329073454,29989.785495734814,29993.804148531854,345
2012-11-05 01:21:00+00:00,29993.154006077253,29999.897769612046,29984.824621168773,29993.84424676399,770
2012-11-08 01:21:00+00:00,29992.605520074805,30004.75220667527,29985.08132075569,29993.552647192606,198
2012-11-11 01:21:00+00:00,29992.208186084925,30002.85258814099,29981.312091220934,29991.800738320664,255
2012-11-14 01:21:00+00:00,29992.366658860567,29997.239992099443,29979.39951261845,29991.88926866027,137
2012-11-17 01:21:00+00:00,29991.524391055573,29993.427819014112,29985.516942276234,29992.462600312465,212
2012-11-20 01:21:00+00:00,29990.647897884417,30008.90225143837,29982.69369467119,29990.449024487498,441
2012-11-23 01:21:00+00:00,29991.541794128174,30003.46859713855,29989.748930243175,29990.426330451115,460
2012-11-26 01:21:00+00:00,29991.287286951225,30006.58432767215,29984.490752028873,29992.29182228197,871
2012-11-29 01:21:00+00:00,29989.394029794807,29994.862108154975,29974.802161804393,29989.401042853966,143
2012-12-02 01:21:00+00:00,29988.856406768733,30007.8904854611,29988.099422785337,29987.86713945526,124
2012-12-05 01:21:00+00:00,29989.392197376914,29997.69529394254,29983.120574888417,29990.511401727854,585
2012-12-08 01:21:00+00:00,29989.647327982188,29991.486523916647,29982.960281668293,29988.416237425095,280
2012-12-11 01:21:00+00:00,29989.172732694395,30007.554607947302,29987.781154354117,29989.747464783854,628
2012-12-14 01:21:00+00:00,29991.008756991156,30007.17792690947,29976.320645962875,29989.86898190339,238
2012-12-17 01:21:00+00:00,29991.226435134333,29994.62768277942,29989.373021851723,29990.9361865517,662
2012-12-20 01:21:00+00:00,29991.240435086343,30006.04161014831,29983.176234319955,29992.51613769385,874
2012-12-23 01:21:00+00:00,29991.79801909873,29994.150537117584,29975.84966734373,29991.79785349218,699
2012-12-26 01:21:00+00:00,29992.061832949996,29998.540100797385,29983.321758793,29990.05782639269,588
2012-12-29 01:21:00+00:00,29993.58775558016,29994.62406272768,29974.053153145174,29994.033607983663,356
2013-01-01 01:21:00+00:00,29993.333485973984,30003.51942038408,29977.003742107918,29993.18310633756,671
2013-01-04 01:21:00+00:00,29991.199332414875,29993.124209408612,29977.811544848024,29992.563552646763,446
2013-01-07 01:21:00+00:00,29991.744802328583,30007.505791378862,29973.083340915055,29991.665484222387,970
2013-01-10 01:21:00+00:00,29992.41764214755,29999.015855124406,29983.237201160104,29990.269839335546,225
2013-01-13 01:21:00+00:00,29992.3250595167,30003.557311177497,29985.77020258719,29991.556452613833,986
2013-01-16 01:21:00+00:00,29992.789550125333,30008.572638782694,29986.03210328546,29992.510831597523,987
2013-01-19 01:21:00+00:00,29993.759443699808,30008.803265410996,29992.282829460193,29994.07144815054,542
2013-01-22 01:21:00+00:00,29994.539362628933,30011.990840093997,29980.222097098987,29994.76178580467,422
2013-01-25 01:21:00+00:00,29995.147680220223,30012.91800366728,29975.55448374114,29994.48692428349,816
2013-01-28 01:21:00+00:00,29994.435470374727,30005.753654487293,29981.49477468146,29995.002861184967,665
2013-01-31 01:21:00+00:00,29993.70180578851,29997.876326348218,29977.83856311076,29993.934662131996,116
2013-02-03 01:21:00+00:00,29994.31327829416,30010.27840475191,29979.857415932893,29995.219320914966,182
2013-02-06 01:21:00+00:00,29994.337434220175,30008.44452187572,29989.48716065241,29995.019826672542,143
2013-02-09 01:21:00+00:00,29996.13738397968,29996.67095107183,29984.140211938367,29997.08412483937,670
2013-02-12 01:21:00+00:00,29996.46474902108,30001.431700667832,29984.885693551798,29996.585120805034,132
2013-02-15 01:21:00+00:00,29997.001854976665,30014.9084336239,29994.01750518725,29998.553872432447,485
2013-02-18 01:21:00+00:00,29997.708620062578,30016.821811931353,29990.420416297373,29996.438328446697,501
2013-02-21 01:21:00+00:00,29997.079272548686,30005.962464695796,29992.460341219125,29999.279366001694,906
2013-02-24 01:21:00+00:00,29996.034196602293,30008.13624668024,29978.573627111095,29995.630385439625,587
2013-02-27 01:21:00+00:00,29993.72442909023,30008.441776307118,29984.624506907337,29992.726588915364,251
2013-03-02 01:21:00+00:00,29993.249058197955,30005.5265654039,29985.67688998123,29991.952464445923,236
2013-03-05 01:21:00+00:00,29994.525693138447,30010.69662375569,29977.78846252531,29994.831374968744,429
2013-03-08 01:21:00+00:00,29995.05212135443,30004.04285281382,29992.1212140241,29995.790843738294,569
2013-03-11 01:21:00+00:00,29997.0612491392,30009.61280655475,29989.71508945285,29997.083695113917,832
2013-03-14 01:21:00+00:00,29996.051709767642,30012.390314818756,29984.18740090359,29996.89213758142,830
2013-03-17 01:21:00+00:00,29995.662875977414,29996.446001836208,29981.98628059327,29996.625245611485,570
2013-03-20 01:21:00+00:00,29996.768558822318,30008.82227965593,29992.22694334753,29997.2802110595,261
2013-03-23 01:21:00+00:00,29997.301716990474,30002.701457107694,29983.897050320782,29997.52553525638,435
2013-03-26 01:21:00+00:00,29998.783284466557,30007.785617291116,29980.39898926938,29999.017568119623,838
2013-03-29 01:21:00+00:00,29998.278347352883,30007.827495092864,29986.480439188927,29997.98384154879,762
2013-04-01 01:21:00+00:00,30000.791425347346,30013.91797265639,30000.190687556355,30002.15516287308,859
2013-04-04 01:21:00+00:00,29999.40119448196,30011.626021584074,29986.89685815263,29999.370910537436,709
2013-04-07 01:21:00+00:00,30000.954266729914,30008.160444453304,30000.65831558687,30001.46229387624,168
2013-04-10 01:21:00+00:00,29999.86157216685,30009.10286969438,29990.564241941553,29998.994611709397,931
2013-04-13 01:21:00+00:00,30001.597904156006,30006.468577693475,29988.69119467329,30004.174885254342,758
2013-04-16 01:21:00+00:00,30002.8168856937,30012.72906376716,29998.466983007296,30001.848395522033,577
2013-04-19 01:21:00+00:00,30003.81069505665,30012.84620966024,30000.974299809164,30002.7386073749,776
2013-04-22 01:21:00+00:00,30002.269588444447,30003.258370335723,29996.62118932469,30002.428665030195,530
2013-04-25 01:21:00+00:00,30002.895664577125,30008.86922452528,29998.716792098025,30001.616798749466,385
2013-04-28 01:21:00+00:00,30002.185130113874,30011.468951132625,29998.91638406007,30003.318822330402,415
2013-05-01 01:21:00+00:00,30002.212308214668,30009.50188879226,29985.88750571116,30001.43798523026,436
2013-05-04 01:21:00+00:00,30002.36040249913,30012.563939505588,29986.91132687371,30002.18549565007,327
2013-05-07 01:21:00+00:00,30002.137366816558,30021.000351085568,29990.051162523923,30001.17907565951,154
2013-05-10 01:21:00+00:00,30002.11524262824,30017.639421142885,29995.49258043998,30001.590318128045,452
2013-05-13 01:21:00+00:00,30000.799126978865,30016.545649759984,29989.590983095495,30001.59481867855,297
2013-05-16 01:21:00+00:00,29999.572894193905,30004.438569327078,29979.824004240138,30000.74575320988,881
2013-05-19 01:21:00+00:00,29999.77292825868,30000.53495021446,29995.357684658815,29998.328172540278,323
2013-05-22 01:21:00+00:00,29998.38360345082,30001.335791128557,29988.24457852941,29997.72453243542,570
2013-05-25 01:21:00+00:00,29998.09310089202,30008.261139255454,29990.160034252756,30000.55020804483,847
2013-05-28 01:21:00+00:00,29998.551739242223,30016.814383719153,29996.837499074172,30000.155894585067,583
2013-05-31 01:21:00+00:00,29998.817113896665,30011.27218395796,29984.60611822707,29998.645967434262,272
2013-06-03 01:21:00+00:00,29998.306103096853,30013.285297965078,29987.97639082268,29997.80020874926,604
2013-06-06 01:21:00+00:00,29997.74604871424,30007.598933388068,29986.15466252577,29996.32754315528,663
2013-06-09 01:21:00+00:00,29998.420801407086,30004.656437084603,29986.869876587658,29998.990843705433,992
2013-06-12 01:21:00+00:00,29997.63159792695,30009.581713677126,29986.399482782123,29996.783875885663,644
2013-06-15 01:21:00+00:00,29998.410012357865,30002.26697631918,29993.567909512192,29998.33031211217,703
2013-06-18 01:21:00+00:00,29998.84781394502,30018.36776158259,29988.737183387246,29997.234492092608,233
2013-06-21 01:21:00+00:00,29997.215368903093,30002.906112537534,29996.756581313744,29997.02451930384,839
2013-06-24 01:21:00+00:00,29997.337197715562,30004.08283499737,29980.895454296464,29996.783716537153,204
2013-06-27 01:21:00+00:00,29996.144147505565,30014.218666071436,29992.44021864315,29995.83645401477,528
2013-06-30 01:21:00+00:00,29996.599576639794,29997.73274849122,29980.62565420623,29996.931746845763,194
2013-07-03 01:21:00+00:00,29997.80561444277,30010.341260776895,29984.788859469798,29999.144824416628,202
2013-07-06 01:21:00+00:00,29997.3952971887,30007.322239637346,29981.83165391928,29996.64533285696,665
2013-07-09 01:21:00+00:00,30000.028305299154,30016.296728090394,29994.51356594021,29998.284240909565,734
2013-07-12 01:21:00+00:00,29999.51807353118,30004.961171702365,29985.18478752088,30001.692355200474,265
2013-07-15 01:21:00+00:00,29998.433497938713,30015.095326653678,29982.180273768143,29999.08209714458,708
2013-07-18 01:21:00+00:00,29998.35169848734,29999.579548078847,29987.268752174085,29999.722116459336,870
2013-07-21 01:21:00+00:00,29998.89642956077,30001.209267748425,29984.894312836343,29996.555191993633,648
2013-07-24 01:21:00+00:00,29999.31837276406,30007.395597262974,29987.73336780659,29998.772317758452,869
2013-07-27 01:21:00+00:00,30000.032216954936,30018.438729634618,29994.64711431709,29999.442011910432,265
2013-07-30 01:21:00+00:00,29999.61914752834,30012.72265298024,29987.39308263987,30000.416727111337,824
2013-08-02 01:21:00+00:00,30000.054084707586,30017.53231461634,29986.91498419676,29999.723823397046,793
2013-08-05 01:21:00+00:00,29999.515640374313,30004.069112187422,29998.730984053138,29999.127158706495,296
2013-08-08 01:21:00+00:00,29999.20066317655,30001.66601559827,29983.73332644508,29999.3677249568,952
2013-08-11 01:21:00+00:00,29999.544425998854,30011.56868015133,29997.298580992567,29999.53408615415,749
2013-08-14 01:21:00+00:00,29999.4371746944,30003.331353893864,29981.07879019132,30001.744481532987,327
2013-08-17 01:21:00+00:00,30000.874820559155,30018.758456621355,29984.44215591589,30000.85194504969,613
2013-08-20 01:21:00+00:00,30000.811820116043,30011.242385883757,29987.452208944112,30000.776964216926,359
2013-08-23 01:21:00+00:00,29998.697471988045,30016.20446281565,29984.66294135771,29996.937996721626,543
2013-08-26 01:21:00+00:00,29997.93905174806,30000.04394917738,29989.17545006032,29997.26558394379,603
2013-08-29 01:21:00+00:00,29998.504377427536,30010.85701498184,29988.963407357787,30000.961167091893,899
2013-09-01 01:21:00+00:00,29996.672548544982,29997.44224856098,29988.875403491253,29996.51895007016,498
2013-09-04 01:21:00+00:00,29998.181816602173,30011.162695197974,29988.32841799179,29999.05667757043,213
2013-09-07 01:21:00+00:00,29996.2366867381,29998.663853646653,29991.40663498766,29996.557935878653,413
2013-09-10 01:21:00+00:00,29994.264168617712,29999.21366432021,29986.022727924632,29992.65014601554,480
2013-09-13 01:21:00+00:00,29994.57340035117,29995.185354258876,29988.016523406724,29993.465875963513,946
2013-09-16 01:21:00+00:00,29996.15857110457,30006.316312641506,29980.01732665652,29996.466976110238,794
2013-09-19 01:21:00+00:00,29995.45409936618,30014.582336906886,29981.05259690961,29995.474255839115,167
2013-09-22 01:21:00+00:00,29994.55989410448,30008.270464948102,29976.449710668618,29995.872179197642,414
2013-09-25 01:21:00+00:00,29993.883039408836,30005.151007955108,29988.468864271752,29994.344875676044,355
2013-09-28 01:21:00+00:00,29993.986695229058,30003.6968811639,29984.886258554798,29995.015119800835,892
2013-10-01 01:21:00+00:00,29993.114796125228,30012.817512948703,29986.404630314668,29992.67632629201,811
2013-10-04 01:21:00+00:00,29991.935685587294,30005.09486028655,29987.703426884524,29991.9630038632,878
2013-10-07 01:21:00+00:00,29993.347014520037,30000.693953446895,29982.26440886452,29992.933469006966,799
2013-10-10 01:21:00+00:00,29993.91684088877,30003.25331761169,29977.524887761756,29994.28388284278,659
2013-10-13 01:21:00+00:00,29993.68909540698,30001.081214499733,29984.940990298757,29994.724294305197,256
2013-10-16 01:21:00+00:00,29994.36169387361,29997.34347076976,29979.93593104226,29993.98311737603,860
2013-10-19 01:21:00+00:00,29995.5838011976,30004.742487152333,29989.988425051008,29997.549362640704,180
2013-10-22 01:21:00+00:00,29995.13250455277,29997.53651903665,29982.68714714973,29993.48020574162,603
2013-10-25 01:21:00+00:00,29995.136007718243,30009.009608000633,29988.575307695766,29996.228800520625,257
2013-10-28 01:21:00+00:00,29995.809740834426,30005.156629892484,29984.374273424633,29995.00864179592,370
2013-10-31 01:21:00+00:00,29995.998373598504,30002.00343544126,29991.800967627634,29997.243449520745,288
2013-11-03 01:21:00+00:00,29996.699488575166,30000.313855181987,29996.516650263668,29995.724295601525,476
2013-11-06 01:21:00+00:00,29997.125740719817,30005.408961926867,29990.068416536345,29996.366196297582,154
2013-11-09 01:21:00+00:00,29995.763105778657,30005.65986641468,29994.715142991776,29994.493186052463,128
2013-11-12 01:21:00+00:00,29996.956924561047,30008.144771233092,29983.51977910597,29997.23346470604,528
2013-11-15 01:21:00+00:00,29996.254384174234,30005.790428143468,29990.438859870872,29997.086422072865,986
2013-11-18 01:21:00+00:00,29996.63770548993,30008.263380902965,29982.859694227747,29996.51797416999,254
2013-11-21 01:21:00+00:00,29998.210571925527,30011.829643835707,29993.748029320013,29999.69703779838,664
2013-11-24 01:21:00+00:00,29996.65504862375,30007.65986548272,29985.661585979047,29997.10183147844,397
2013-11-27 01:21:00+00:00,29996.03753231913,29996.653920279892,29991.69512549841,29997.15485338903,747
2013-11-30 01:21:00+00:00,29996.407038201007,30008.37467595951,29989.075989534016,29996.818049307265,620
2013-12-03 01:21:00+00:00,29996.19741469598,29998.092208760798,29994.488038982847,29995.492982699954,459
2013-12-06 01:21:00+00:00,29996.248670919966,30002.757282089264,29988.939916737363,29994.82037036158,545
2013-12-09 01:21:00+00:00,29996.557555882006,29997.310223396933,29981.226113379722,29996.648887478485,912
2013-12-12 01:21:00+00:00,29994.177081383652,29997.271862293775,29980.057167014525,29992.413753925335,153
2013-12-15 01:21:00+00:00,29996.164106917153,30002.737603721533,29988.278822708777,29996.970143133705,972
2013-12-18 01:21:00+00:00,29997.810159851306,30006.400360771357,29992.054651166392,29998.485962805335,233
2013-12-21 01:21:00+00:00,29999.09825437276,30009.021616607442,29988.18418254999,29999.067334649837,495
2013-12-24 01:21:00+00:00,29999.651452707134,30002.28878105762,29984.90878846016,29999.045508885858,701
2013-12-27 01:21:00+00:00,29999.439203593058,30011.645312563316,29983.54776919569,29999.855494820527,593
2013-12-30 01:21:00+00:00,29997.842924885404,29997.992314747113,29984.72516835041,29996.226150153994,538
2014-01-02 01:21:00+00:00,29998.146353825807,30006.909325820365,29991.174672399356,29997.28685791001,886
2014-01-05 01:21:00+00:00,29998.612883665508,30014.05273702318,29981.865941559445,29998.510816359634,913
2014-01-08 01:21:00+00:00,29999.781912256363,30007.269600157477,29981.774046587216,30000.452179629374,475
2014-01-11 01:21:00+00:00,29999.035800018413,30018.948472922464,29996.390594601748,29999.647473373356,252
2014-01-14 01:21:00+00:00,29998.58393407144,30002.855800777743,29984.591127388467,29997.476120011448,363
2014-01-17 01:21:00+00:00,29997.396621266165,30004.81904612728,29984.40157049092,29997.766020848318,862
2014-01-20 01:21:00+00:00,29997.310953780605,29999.575798359485,29994.00491515116,29998.183676445693,801
2014-01-23 01:21:00+00:00,29997.602608890247,30003.454203531994,29983.010399479946,29996.701305051185,138
2014-01-26 01:21:00+00:00,29997.39658836398,30010.78471728579,29986.01329608,29996.93440770078,772
2014-01-29 01:21:00+00:00,29996.946017335285,30015.722794824324,29989.19406963942,29995.048679810214,920
2014-02-01 01:21:00+00:00,29997.172918141983,30006.113648044524,29990.05475561728,29995.03307574191,607
2014-02-04 01:21:00+00:00,29996.905414110002,30016.20884051585,29986.35963207535,29997.65163630128,408
2014-02-07 01:21:00+00:00,29997.091404590752,30004.257880072983,29980.550434995188,29998.413424154398,433
2014-02-10 01:21:00+00:00,29996.651803113957,30002.624027577895,29978.243649920947,29997.260789757896,335
2014-02-13 01:21:00+00:00,29995.472279412395,30012.600719086753,29977.618286629724,29996.328274795964,826
2014-02-16 01:21:00+00:00,29995.899069113355,30011.23212501181,29990.07579334508,29996.04187436085,565
2014-02-19 01:21:00+00:00,29997.865821875825,30012.36568639478,29983.651958183942,29997.45723529017,773
2014-02-22 01:21:00+00:00,29999.252894502835,29999.30513157153,29993.39781696114,29998.041936065845,672
2014-02-25 01:21:00+00:00,30000.130150865793,30015.016182253166,29984.926062456914,30000.14233993125,936
2014-02-28 01:21:00+00:00,30001.05196062075,30010.150855825086,29998.808472703477,30000.70913011516,980
2014-03-03 01:21:00+00:00,30001.392324679746,30018.50522397949,30000.66559014259,30000.175782088896,237
2014-03-06 01:21:00+00:00,30001.334772545935,30019.70124667311,29981.612609171993,30000.759129448994,295
2014-03-09 01:21:00+00:00,30001.8665167159,30014.643562852718,29995.700361329487,30002.44138565056,114
2014-03-12 01:21:00+00:00,30002.930288192387,30003.27932176306,29987.845718186207,30002.944553607293,485
2014-03-15 01:21:00+00:00,30003.98025645522,30017.511182338698,29996.74920572934,30005.34426007714,866
2014-03-18 01:21:00+00:00,30003.496821921206,30007.778402558983,29999.449828170633,30002.96241343481,177
2014-03-21 01:21:00+00:00,30004.404100637592,30015.743404741086,30001.760061354533,30003.479009998267,873
2014-03-24 01:21:00+00:00,30004.16452329395,30007.38181588937,30000.846016333813,30004.77224843463,558
2014-03-27 01:21:00+00:00,30002.262872867315,30016.24567302512,29986.812167718086,30003.50702360149,574
2014-03-30 01:21:00+00:00,30003.457450760827,30023.331007470933,29996.31407334768,30003.167531835545,526
2014-04-02 01:21:00+00:00,30002.52621810102,30009.651746980075,29997.378446853505,30002.514273683875,917
2014-04-05 01:21:00+00:00,30003.191639475728,30009.707583644453,29994.542042617595,30002.884457657277,772
2014-04-08 01:21:00+00:00,30004.395836994594,30009.628328471015,29987.827114605345,30004.283471432234,393
2014-04-11 01:21:00+00:00,30004.913462531094,30023.325774138953,29988.962675878196,30003.978605284436,476
2014-04-14 01:21:00+00:00,30004.55064239907,30019.896039444597,29985.879098819274,30005.829633701975,855
2014-04-17 01:21:00+00:00,30003.822009857933,30008.97845086247,29989.399253564363,30003.903230635504,243
2014-04-20 01:21:00+00:00,30004.73130404266,30012.85063675997,30003.585541918772,30004.43133944914,513
2014-04-23 01:21:00+00:00,30003.22432391243,30014.841063839314,29989.842082093077,30004.101844147524,325
2014-04-26 01:21:00+00:00,30005.689430419043,30023.277931082208,30000.006785150126,30004.47503298569,897
2014-04-29 01:21:00+00:00,30007.26765178872,30011.561434400694,30001.334511355082,30007.952118466303,773
2014-05-02 01:21:00+00:00,30009.44501159366,30018.65367698679,29997.854850167587,30010.8651873404,942
2014-05-05 01:21:00+00:00,30010.229326439512,30023.543353881472,29997.13981412108,30009.812756026426,290
2014-05-08 01:21:00+00:00,30008.39315889333,30014.112542056588,29996.531918599016,30007.339541615864,331
2014-05-11 01:21:00+00:00,30007.344188465293,30013.43288068746,29998.11181418461,30006.525525205343,800
2014-05-14 01:21:00+00:00,30005.880457842657,30013.786537481534,30002.426859949293,30005.015337726738,666
2014-05-17 01:21:00+00:00,30005.81233543401,30010.092428695356,29999.480229405344,30006.626423548187,318
2014-05-20 01:21:00+00:00,30004.711146564325,30016.4407610833,29997.636453394945,30004.561257601865,832
2014-05-23 01:21:00+00:00,30003.571935436245,30006.77935443242,29983.920203985184,30002.770334162593,115
2014-05-26 01:21:00+00:00,30004.38475943373,30009.318271112836,29998.954981743704,30003.77958888979,101
2014-05-29 01:21:00+00:00,30004.8752975517,30013.815344907525,30001.753544940835,30005.352162512496,451
2014-06-01 01:21:00+00:00,30005.812198163927,30006.839724911442,29991.83041455035,30005.097529663246,902
2014-06-04 01:21:00+00:00,30004.167965677556,30014.773528850325,29985.3438085116,30005.555376599757,159
2014-06-07 01:21:00+00:00,30004.98855311949,30011.45565759885,29996.318275888105,30005.11009299842,313
2014-06-10 01:21:00+00:00,30003.2487469457,30019.50887011297,29986.128032820896,30002.872508825683,925
2014-06-13 01:21:00+00:00,30003.83367855693,30015.47879370483,29994.998654817144,30004.425999714596,123
2014-06-16 01:21:00+00:00,30001.011806737377,30018.572943234296,29993.785152865945,30000.42429180837,448
2014-06-19 01:21:00+00:00,30001.68663263177,30021.26379136008,29989.889498663477,30001.2229973753,149
2014-06-22 01:21:00+00:00,30002.99183524646,30019.351794079015,29987.434523687953,30004.076363623357,792
2014-06-25 01:21:00+00:00,30004.1690789841,30005.422037343007,29999.176337555724,30003.58274326638,280
2014-06-28 01:21:00+00:00,30004.369353904058,30012.06683390696,29999.710808070748,30003.411932974625,860
2014-07-01 01:21:00+00:00,30004.717481375763,30009.32407273831,29985.52578966946,30003.610954976488,783
2014-07-04 01:21:00+00:00,30005.424429508344,30014.211190519818,30000.201417989836,30004.388777737226,130
2014-07-07 01:21:00+00:00,30007.167847326135,30012.632020813202,29995.58383085886,30009.133686834597,848
2014-07-10 01:21:00+00:00,30006.290084339464,30011.42177699879,29987.66471994609,30006.02518393058,729
2014-07-13 01:21:00+00:00,30007.595436692325,30008.763682314,29997.05450447209,30008.857490609153,507
2014-07-16 01:21:00+00:00,30005.858430299882,30019.21808413933,29988.941271664753,30007.56701195807,142
2014-07-19 01:21:00+00:00,30004.147001217636,30010.77868180332,30003.325758124134,30005.46766119051,366
2014-07-22 01:21:00+00:00,30004.15347966177,30015.61965188713,29987.2984380167,30003.243720227023,394
2014-07-25 01:21:00+00:00,30003.267983676124,30019.820543292415,29985.719624927046,30004.482762204552,969
2014-07-28 01:21:00+00:00,30003.454908755826,30005.75477516975,30002.88815673695,30004.32140989933,982
2014-07-31 01:21:00+00:00,30002.631001474627,30015.499958181397,29999.135573785225,30003.272519003716,821
2014-08-03 01:21:00+00:00,30001.92380501894,30004.325831532842,29983.07077428206,30002.832223200643,641
2014-08-06 01:21:00+00:00,30002.3049328246,30009.89105926501,29986.048101686265,30003.346236936286,349
2014-08-09 01:21:00+00:00,30003.038693951763,30005.07552395457,29984.258563216685,30002.586048518628,188
2014-08-12 01:21:00+00:00,30002.021449993958,30014.30085005825,29993.142499300255,30001.72660876287,414
2014-08-15 01:21:00+00:00,30000.989675591816,30011.647245091874,29987.359904850702,30001.659772400177,270
2014-08-18 01:21:00+00:00,30001.78054331512,30020.217101445236,29991.276088859475,30002.67366799078,691
2014-08-21 01:21:00+00:00,30002.099638631287,30010.363321695735,29983.343850768255,30002.079584059702,543
2014-08-24 01:21:00+00:00,30003.060641111042,30007.13111688131,29984.63096204267,30003.443313280917,793
2014-08-27 01:21:00+00:00,30002.771405471096,30018.695626114903,29986.289267413173,30002.573675409873,290
2014-08-30 01:21:00+00:00,30002.03704116111,30010.34232074994,29998.197246199077,30002.927617049638,467
2014-09-02 01:21:00+00:00,30003.234861509325,30007.86691528155,29991.079441886253,30004.101385205904,446
2014-09-05 01:21:00+00:00,30003.45434647507,30020.036975209863,29990.785472128267,30003.66643949712,224
2014-09-08 01:21:00+00:00,30003.472183810027,30010.605926058815,29983.61766876253,30003.177672707894,865
2014-09-11 01:21:00+00:00,30003.015357534652,30021.52837821901,29996.238311435765,30002.655848317794,888
2014-09-14 01:21:00+00:00,30003.935322371424,30021.926323934207,29998.973259149625,30004.692775653184,294
2014-09-17 01:21:00+00:00,30003.466201198473,30023.370793211154,29999.83265257803,30003.21334481154,614
2014-09-20 01:21:00+00:00,30003.21454564308,30018.81260434289,29994.17259763861,30001.66464042836,576
2014-09-23 01:21:00+00:00,30003.306457620085,30011.594437916297,29996.935512782853,30003.53009641719,551
2014-09-26 01:21:00+00:00,30000.573374355547,30004.689259879797,29999.526640322136,29998.46978523008,709
2014-09-29 01:21:00+00:00,30000.572593159013,30016.00307645841,29989.063582181447,30002.14382787856,946
2014-10-02 01:21:00+00:00,30000.303637492398,30002.73946209152,29991.409187437457,30001.656769551657,539
2014-10-05 01:21:00+00:00,30000.024611008277,30013.403762248952,29981.476561528725,30001.023077055394,411
2014-10-08 01:21:00+00:00,29999.524770287975,30006.50499466594,29985.583991996,29999.06366210173,742
2014-10-11 01:21:00+00:00,29998.03542540529,30001.805261385067,29979.769590374137,29998.29034138906,568
2014-10-14 01:21:00+00:00,29999.77675535564,30014.479954731527,29997.296347310094,29999.47780302439,969
2014-10-17 01:21:00+00:00,29999.608992289384,30011.703363293043,29985.997981089487,29999.5128188077,555
2014-10-20 01:21:00+00:00,29998.914999308538,30014.899066127276,29997.477256817983,29998.954030467354,516
2014-10-23 01:21:00+00:00,29998.339090484606,30001.157467320707,29986.672684537847,29997.750530440437,439
2014-10-26 01:21:00+00:00,29996.000438217434,30009.219406208755,29985.315371822722,29999.193138186198,209
2014-10-29 01:21:00+00:00,29994.935677293815,30012.521425362393,29987.72544330622,29993.50942776704,396
2014-11-01 01:21:00+00:00,29995.540577283537,30010.825012205863,29988.531755281638,29995.277860425405,905
2014-11-04 01:21:00+00:00,29997.74096686065,30001.674915394586,29994.854928781155,29997.759738505112,579
2014-11-07 01:21:00+00:00,29998.642279517437,30004.908612151074,29995.905706567595,29999.152829993796,275
2014-11-10 01:21:00+00:00,29998.22347381994,30008.50100824604,29984.094610511875,29996.981299085106,797
2014-11-13 01:21:00+00:00,29997.829640347834,30006.460408033923,29993.953152372527,29998.517498123576,750
2014-11-16 01:21:00+00:00,29997.43880398164,30012.478681179597,29979.851818082512,29998.341583497684,775
2014-11-19 01:21:00+00:00,29995.908761946957,30013.74257501609,29995.512903513634,29996.81929230911,838
2014-11-22 01:21:00+00:00,29996.617603493727,29996.819405833543,29988.136845619214,29998.238050401567,980
2014-11-25 01:21:00+00:00,29995.198193689193,30010.87446811827,29986.15129372851,29995.584642333502,359
2014-11-28 01:21:00+00:00,29995.888396674214,30009.105321950014,29984.79341237691,29995.88512576507,221
2014-12-01 01:21:00+00:00,29996.0652249195,30001.652566889068,29982.617109869876,29995.805590451648,173
2014-12-04 01:21:00+00:00,29994.582710849725,30009.168955136753,29981.8552431175,29995.197424454833,796
2014-12-07 01:21:00+00:00,29995.6864871738,30015.091816376662,29984.65585248904,29995.21114305998,948
2014-12-10 01:21:00+00:00,29995.92104602374,30010.256322326204,29976.196198992384,29994.88782875819,880
2014-12-13 01:21:00+00:00,29995.35771241036,30011.890945635972,29982.303165653502,29996.0435502494,409
2014-12-16 01:21:00+00:00,29994.254023503727,30010.069250298024,29977.690983274868,29993.616746277596,274
2014-12-19 01:21:00+00:00,29993.72554714418,30002.769609131647,29977.358103941093,29994.18335861943,251
2014-12-22 01:21:00+00:00,29994.68663505156,30010.835092237623,29991.4232546127,29992.536995569695,516
2014-12-25 01:21:00+00:00,29994.532826120583,29999.904173836567,29986.210091012912,29994.281191675327,386
2014-12-28 01:21:00+00:00,29992.720938421124,30000.613400648926,29974.402925010832,29993.58605569694,683
2014-12-31 01:21:00+00:00,29994.13375617185,30003.782137624443,29981.39118926937,29993.394514246,756
2015-01-03 01:21:00+00:00,29994.13159413901,30013.82453094438,29976.566339938287,29993.63255214035,972
2015-01-06 01:21:00+00:00,29993.659402613215,30011.687408312107,29985.290719752076,29994.576252734667,940
2015-01-09 01:21:00+00:00,29993.880922340304,30001.81105506124,29990.643025100635,29993.65173373024,237
2015-01-12 01:21:00+00:00,29993.4387858161,30012.858766294677,29976.103268361974,29994.17952754928,442
2015-01-15 01:21:00+00:00,29994.520546781256,30014.373592974393,29992.23140980537,29993.838752145584,291
2015-01-18 01:21:00+00:00,29994.667624857375,30005.898755645896,29975.238056957227,29992.737147915377,258
2015-01-21 01:21:00+00:00,29995.414342969518,30005.43559246521,29986.12517164402,29997.112686545395,169
2015-01-24 01:21:00+00:00,29996.09778979723,30009.18729395929,29976.795350219447,29996.24141730973,247
2015-01-27 01:21:00+00:00,29996.839243621453,30014.715030132906,29996.150706889788,29998.831984524797,482
2015-01-30 01:21:00+00:00,29996.156851850254,30015.603902807758,29993.69727595124,29995.50537491667,286
2015-02-02 01:21:00+00:00,29994.429245717696,29994.927704197507,29985.59563453037,29994.47501808726,640
2015-02-05 01:21:00+00:00,29993.291936834026,30010.77915323338,29979.113039091706,29993.32937875441,139
2015-02-08 01:21:00+00:00,29993.77229097716,30007.915543974665,29981.159144744423,29993.77798252995,820
2015-02-11 01:21:00+00:00,29993.232991082543,30002.48473190153,29992.34514366415,29994.994938808453,247
2015-02-14 01:21:00+00:00,29995.597748398708,29997.251190137955,29979.27871663344,29996.43378248316,231
2015-02-17 01:21:00+00:00,29995.300351664453,30013.543697379413,29987.25761571536,29992.40245861873,935
2015-02-20 01:21:00+00:00,29994.888390653752,30003.375904485507,29985.72607035492,29996.389848136987,887
2015-02-23 01:21:00+00:00,29993.452088835398,29998.522567683915,29984.42555701645,29992.948216713277,243
2015-02-26 01:21:00+00:00,29994.95249507631,30009.320535102022,29993.37928603371,29994.21680360576,382
2015-03-01 01:21:00+00:00,29995.53373847088,29996.935009682828,29977.833521418623,29995.10853981141,493
2015-03-04 01:21:00+00:00,29994.661926501707,30009.799805870196,29989.7564835237,29993.482370040812,655
2015-03-07 01:21:00+00:00,29995.653119810893,30003.6767653693,29993.10444644143,29994.662038308183,634
2015-03-10 01:21:00+00:00,29995.610929734095,30008.22719559849,29989.774893634047,29996.76796479396,110
2015-03-13 01:21:00+00:00,29994.368005995777,30012.16751737852,29986.430589692805,29994.781103728485,873
2015-03-16 01:21:00+00:00,29994.914014301095,30002.969256194938,29993.538248855693,29995.44919151743,976
2015-03-19 01:21:00+00:00,29994.433858243694,30006.01929893912,29993.617727689205,29992.96868798099,279
2015-03-22 01:21:00+00:00,29994.805101855476,30012.139825132268,29989.86722560061,29994.92512157515,254
2015-03-25 01:21:00+00:00,29994.15437721362,29995.547143217977,29975.851992364744,29993.285021087097,714
2015-03-28 01:21:00+00:00,29994.16845214304,30010.35672603355,29978.564236569935,29995.63395082556,499
2015-03-31 01:21:00+00:00,29995.0033094888,30006.404410086678,29981.852119195417,29995.08478594198,324
2015-04-03 01:21:00+00:00,29993.849562617143,29998.179629795588,29975.179799878573,29992.89111940097,599
2015-04-06 01:21:00+00:00,29993.853349652534,30001.307238203186,29974.42218613238,29994.850689511346,286
2015-04-09 01:21:00+00:00,29993.98535985987,29996.86957455959,29979.19904318714,29992.849526573467,886
2015-04-12 01:21:00+00:00,29993.41270476263,30010.619702045205,29978.451342651868,29993.315015134875,879
2015-04-15 01:21:00+00:00,29992.23445753339,30002.70856264366,29984.815886929573,29992.712421313663,492
2015-04-18 01:21:00+00:00,29991.030349578243,29993.58294210852,29985.316982911816,29991.275184584978,462
2015-04-21 01:21:00+00:00,29990.60879253735,30004.176856912683,29972.315647668376,29991.206878802495,726
2015-04-24 01:21:00+00:00,29990.33598045964,29996.42396160032,29972.403581087558,29990.666721236437,707
2015-04-27 01:21:00+00:00,29990.703171277593,30006.206715412918,29987.886057434793,29992.41731130045,948
2015-04-30 01:21:00+00:00,29989.329083694003,30009.19243926025,29969.993458118006,29990.122743177504,820
2015-05-03 01:21:00+00:00,29989.04547713584,30000.36859483354,29980.145486748424,29987.824399882164,666
2015-05-06 01:21:00+00:00,29989.216111666283,29998.391744291454,29975.858945042815,29989.298081405163,353
2015-05-09 01:21:00+00:00,29989.127428651278,29993.37595028639,29970.65158730652,29988.638792488204,675
2015-05-12 01:21:00+00:00,29989.729798891894,29995.766233076247,29981.443296708752,29991.6986033367,109
2015-05-15 01:21:00+00:00,29990.191747517358,30002.32385621775,29981.162800629212,29988.902581725175,424
2015-05-18 01:21:00+00:00,29990.391363920797,29993.081175055788,29988.40867278763,29989.58658285414,542
2015-05-21 01:21:00+00:00,29991.743349806533,30005.362982868097,29989.3877161458,29992.84437949637,726
2015-05-24 01:21:00+00:00,29991.48460726283,30002.974776922456,29983.487374781256,29990.789010972152,435
2015-05-27 01:21:00+00:00,29994.02313336556,30006.525454385803,29987.878002615103,29994.99305999448,478
2015-05-30 01:21:00+00:00,29994.13568631927,30009.148244396772,29977.999726502578,29994.19911514676,918
2015-06-02 01:21:00+00:00,29993.726951675042,30009.917346634666,29989.548758246336,29993.59785438116,772
2015-06-05 01:21:00+00:00,29995.186834227497,30002.751800628506,29980.134092155604,29995.771897271585,208
2015-06-08 01:21:00+00:00,29993.803076338398,29996.4766524779,29993.76755028662,29993.776565733788,809
2015-06-11 01:21:00+00:00,29994.892114928978,30007.638885932247,29987.401847866742,29994.319305387446,981
2015-06-14 01:21:00+00:00,29994.053537420026,30007.406272650253,29974.935486494986,29995.440974625482,258
2015-06-17 01:21:00+00:00,29994.66939959674,30000.10441165597,29984.659443389544,29994.015842484332,994
2015-06-20 01:21:00+00:00,29994.274937076996,30007.640657331463,29983.52024195635,29993.029874143565,842
2015-06-23 01:21:00+00:00,29994.696101376583,30000.59109542046,29989.248624033276,29995.447399583583,851
2015-06-26 01:21:00+00:00,29993.48210276562,29996.545641679542,29976.854935237046,29992.611885535924,777
2015-06-29 01:21:00+00:00,29993.12000500891,29995.90991309855,29978.976070986315,29991.901717985416,246
2015-07-02 01:21:00+00:00,29992.641925094522,30000.73866613089,29980.366990167873,29993.45689972098,270
2015-07-05 01:21:00+00:00,29993.197284599864,30012.68914941629,29985.931143416048,29994.223740827856,720
2015-07-08 01:21:00+00:00,29991.82915244529,30009.855593302957,29983.19278897786,29991.42168899192,671
2015-07-11 01:21:00+00:00,29991.6422668081,29994.721369726674,29979.436963058666,29990.517629325732,900
2015-07-14 01:21:00+00:00,29992.37151702936,29996.786591920234,29985.385006671106,29992.08012648315,901
2015-07-17 01:21:00+00:00,29993.843867440683,30002.553534462957,29976.929667069853,29993.162795238055,774
2015-07-20 01:21:00+00:00,29994.574094765838,29995.87700084557,29976.38315374734,29994.036790590504,173
2015-07-23 01:21:00+00:00,29995.217510594906,30008.581431429226,29976.476263050103,29997.101433815697,178
2015-07-26 01:21:00+00:00,29994.797178235916,29998.512466573295,29977.621482248956,29997.745317162367,531
2015-07-29 01:21:00+00:00,29994.757547706482,30009.35701150898,29977.31678494124,29994.146995584037,306
2015-08-01 01:21:00+00:00,29995.476625993568,29996.004866820942,29984.588506744323,29996.99233422084,196
2015-08-04 01:21:00+00:00,29994.27866980229,30009.27276239645,29978.502391962415,29994.49635873745,511
2015-08-07 01:21:00+00:00,29995.495106075497,30013.847654040906,29975.87214502664,29995.40581682698,513
2015-08-10 01:21:00+00:00,29996.265412219236,29999.20981650823,29982.339935460688,29993.773270382742,683
2015-08-13 01:21:00+00:00,29996.73792011411,30006.40246545286,29988.123952473296,29996.056173199595,447
2015-08-16 01:21:00+00:00,29995.834943908183,30014.168878861983,29984.764271009182,29997.133119737333,600
2015-08-19 01:21:00+00:00,29994.91982309169,30009.594753209363,29993.97848037615,29994.958223843907,516
2015-08-22 01:21:00+00:00,29994.720284167804,29997.37214143023,29993.60682852047,29994.072293650785,580
2015-08-25 01:21:00+00:00,29994.695203842326,30011.285898926686,29980.23900793547,29993.505502627686,625
2015-08-28 01:21:00+00:00,29993.615607651278,29999.14636722776,29979.87766793261,29992.375922014842,737
2015-08-31 01:21:00+00:00,29992.81049485188,30001.785487277833,29989.598942235192,29993.494388140385,909
2015-09-03 01:21:00+00:00,29990.73256581172,30010.718099271468,29987.035881337746,29991.328186135466,510
2015-09-06 01:21:00+00:00,29989.29078299568,29998.342402464696,29984.71828353916,29987.643497047142,296
2015-09-09 01:21:00+00:00,29988.968133311457,30008.465581842996,29978.769110174373,29990.095994160405,816
2015-09-12 01:21:00+00:00,29989.919005723907,29998.752295163773,29973.297646147046,29990.331912583053,491
2015-09-15 01:21:00+00:00,29988.839057116973,29993.10274167939,29972.857756364996,29989.14576952305,760
2015-09-18 01:21:00+00:00,29989.24689333092,30003.501098821795,29987.7101156201,29988.77205748851,654
2015-09-21 01:21:00+00:00,29988.623597804046,30006.507105169887,29986.876033087818,29988.280600828646,363
2015-09-24 01:21:00+00:00,29988.158557549523,30003.324556170053,29968.318552051092,29988.771951605475,144
2015-09-27 01:21:00+00:00,29988.909350983264,30006.990617923882,29974.764170570706,29989.216566936793,665
2015-09-30 01:21:00+00:00,29988.315281996252,29989.65069846956,29970.317902452527,29988.505472069293,440
2015-10-03 01:21:00+00:00,29988.19448751279,29998.597111291037,29972.42969053707,29988.716751495864,190
2015-10-06 01:21:00+00:00,29987.07283542785,30001.397271752034,29980.09811591552,29987.204616805273,702
2015-10-09 01:21:00+00:00,29986.675951716763,30004.160457154103,29981.570758510417,29985.457424793833,838
2015-10-12 01:21:00+00:00,29987.649976991743,29996.148832900046,29977.82627418415,29988.307771946602,873
2015-10-15 01:21:00+00:00,29986.651187227664,29994.249149816005,29985.341252837912,29987.517720251886,193
2015-10-18 01:21:00+00:00,29985.451373048327,30003.27923037312,29982.385284302167,29986.607352613093,577
2015-10-21 01:21:00+00:00,29985.046207665542,29996.36364165878,29970.066053204802,29983.916232528,555
2015-10-24 01:21:00+00:00,29985.78781912028,29995.23221982899,29969.917024673352,29986.710443764423,274
2015-10-27 01:21:00+00:00,29984.64396365027,29994.026296701893,29982.63714949914,29983.65883772579,126
2015-10-30 01:21:00+00:00,29983.527904900166,29995.8490902258,29974.127292460755,29981.35102291004,996
2015-11-02 01:21:00+00:00,29982.987145852905,29987.936579805024,29982.44398342525,29984.689478125823,810
2015-11-05 01:21:00+00:00,29983.06793521712,29987.529086637314,29976.866426610453,29983.143969724126,195
2015-11-08 01:21:00+00:00,29982.496275702444,29997.473594458108,29964.63196615971,29982.521540583155,431
2015-11-11 01:21:00+00:00,29982.906288231658,30000.956067180065,29980.218831268132,29982.48144257125,626
2015-11-14 01:21:00+00:00,29983.884260265015,29993.826334343885,29982.42806443906,29982.63244783015,698
2015-11-17 01:21:00+00:00,29984.089577649804,29996.62201721046,29983.106500444745,29982.37304541815,369
2015-11-20 01:21:00+00:00,29984.815295338027,29999.786185014567,29977.594702984406,29984.966710386663,417
2015-11-23 01:21:00+00:00,29985.278746577747,29998.254603958045,29983.636261304524,29985.84179245031,172
2015-11-26 01:21:00+00:00,29985.04925700418,30001.742481563935,29965.155546855724,29985.933269275243,859
2015-11-29 01:21:00+00:00,29986.201936202473,29989.566305595974,29977.769886371098,29986.6231838431,943
2015-12-02 01:21:00+00:00,29985.02280706433,30002.1694922855,29975.288535404823,29985.45679577369,849
2015-12-05 01:21:00+00:00,29984.052966405583,30002.032234512368,29977.062931176333,29982.803780759048,420
2015-12-08 01:21:00+00:00,29984.880532760224,30002.34605213666,29968.49507048471,29984.20710576146,715
2015-12-11 01:21:00+00:00,29983.43064729962,29990.271790322353,29964.863053802943,29984.199235558957,406
2015-12-14 01:21:00+00:00,29982.419269869337,30000.538182681375,29965.032958707798,29981.08745693564,884
2015-12-17 01:21:00+00:00,29983.006220189494,29996.054227447406,29971.47882262749,29981.564864259508,685
2015-12-20 01:21:00+00:00,29983.933708323366,30003.11990278699,29978.91215067501,29983.224218210926,604
2015-12-23 01:21:00+00:00,29983.126763557593,29999.887336593798,29967.922938860436,29982.812818413207,332
2015-12-26 01:21:00+00:00,29982.561155116084,30000.596905725193,29982.555999667355,29983.177825788633,135
2015-12-29 01:21:00+00:00,29983.25077313868,30001.34689889581,29974.50509790164,29984.247371053578,495
2016-01-01 01:21:00+00:00,29982.53774772874,29999.228279167284,29979.822786420882,29982.252988602846,143
2016-01-04 01:21:00+00:00,29982.75143622141,29998.775865743144,29970.24995128856,29981.34390560481,621
2016-01-07 01:21:00+00:00,29982.52593221201,29995.717159988486,29978.680100821544,29982.86159896621,340
2016-01-10 01:21:00+00:00,29983.658995854305,29991.7052323317,29977.841413615268,29982.41675612137,109
2016-01-13 01:21:00+00:00,29984.377192608306,29990.32143049163,29967.242723097093,29985.257972664913,635
2016-01-16 01:21:00+00:00,29984.79248423731,30003.83985117855,29970.488717394674,29985.40526640013,532
2016-01-19 01:21:00+00:00,29985.26032396584,29998.597124455388,29969.385328034,29985.342954276548,677
2016-01-22 01:21:00+00:00,29986.176575416503,29998.623427106588,29974.832513171736,29986.193545124097,698
2016-01-25 01:21:00+00:00,29985.043384416644,30003.842550544512,29966.959969641444,29985.930552066777,645
2016-01-28 01:21:00+00:00,29984.001441852623,29998.838251778823,29965.882573347284,29983.625388660945,226
2016-01-31 01:21:00+00:00,29984.944514669292,29994.241667550705,29982.285357974368,29985.735999168606,345
2016-02-03 01:21:00+00:00,29987.503802607025,29994.566924025457,29985.754211984167,29988.02727285974,705
2016-02-06 01:21:00+00:00,29989.269085165593,29991.48377870144,29984.370972054156,29988.759491850957,589
2016-02-09 01:21:00+00:00,29990.028023095518,30001.98341010887,29983.986871142228,29990.086078269534,121
2016-02-12 01:21:00+00:00,29990.42600231302,29996.91382126951,29978.43109123359,29990.895528585053,698
2016-02-15 01:21:00+00:00,29992.104563441255,29995.676305004654,29984.88534805561,29991.75014152374,517
2016-02-18 01:21:00+00:00,29992.92517256791,30005.932201287123,29979.578855621752,29992.817558754294,745
2016-02-21 01:21:00+00:00,29994.141157104972,30009.80805957809,29986.572811762824,29995.993934426355,739
2016-02-24 01:21:00+00:00,29994.290474912148,30001.051700405314,29990.360858929067,29993.062274932967,291
2016-02-27 01:21:00+00:00,29994.68807885547,30005.27309536054,29989.16431434567,29995.162750147098,920
2016-03-01 01:21:00+00:00,29995.361777514474,29998.136002612788,29986.958295494853,29995.176739689727,381
2016-03-04 01:21:00+00:00,29995.10684492604,29995.499488619305,29982.161488428403,29994.76562191534,837
2016-03-07 01:21:00+00:00,29995.17559925304,30003.182769896157,29980.59014016139,29996.95506101559,890
2016-03-10 01:21:00+00:00,29994.885746901717,30008.399917655046,29982.360886945404,29995.60424632725,325
2016-03-13 01:21:00+00:00,29993.431169808653,30010.416407622917,29983.544370975327,29995.35902738252,541
2016-03-16 01:21:00+00:00,29994.267119898865,30013.113452701247,29989.698388148816,29992.237856035877,334
2016-03-19 01:21:00+00:00,29993.805402662038,29995.21883924944,29991.34173607125,29994.17463507391,814
2016-03-22 01:21:00+00:00,29993.998990467848,29997.206094908983,29981.241242648517,29993.910890356692,948
2016-03-25 01:21:00+00:00,29993.492188316028,30005.011537900577,29981.334754336716,29992.56482041067,495
2016-03-28 01:21:00+00:00,29993.147284530383,30011.572065710352,29988.83134678748,29992.977705340076,491
2016-03-31 01:21:00+00:00,29994.253755919468,30010.86480441891,29975.197771750412,29992.121978241088,196
2016-04-03 01:21:00+00:00,29993.742173471546,30013.580550974184,29976.429473141114,29994.622958132983,555
2016-04-06 01:21:00+00:00,29994.057516767865,30006.232448784325,29981.086286801725,29994.39164863659,181
2016-04-09 01:21:00+00:00,29993.655444573462,29994.134552813386,29981.33958913333,29992.53039057891,647
2016-04-12 01:21:00+00:00,29994.318859727864,30010.01965434989,29986.487714796713,29993.455746833595,811
2016-04-15 01:21:00+00:00,29993.14881002321,29996.993983334738,29991.89529024454,29994.243988916016,617
2016-04-18 01:21:00+00:00,29993.962896802328,30005.234588803785,29988.233683312024,29994.603346839667,912
2016-04-21 01:21:00+00:00,29991.95137934859,30008.351315095573,29980.35453283915,29990.501560102297,111
2016-04-24 01:21:00+00:00,29989.856396290466,29992.447321131043,29974.869980616855,29989.276889734043,606
2016-04-27 01:21:00+00:00,29989.14013456275,30006.71477049844,29977.566288725404,29988.75805735922,687
2016-04-30 01:21:00+00:00,29987.883774061655,29994.702382182917,29979.655321282244,29988.289911198022,957
2016-05-03 01:21:00+00:00,29987.212089514793,29996.865238370916,29986.236672981464,29986.25222435588,544
2016-05-06 01:21:00+00:00,29987.312719979636,30004.029194331495,29968.32901710829,29987.59516267242,525
2016-05-09 01:21:00+00:00,29987.825802417734,30000.617110965428,29978.15520688463,29988.105886862224,641
2016-05-12 01:21:00+00:00,29988.177401764657,30002.617695320776,29985.9990960411,29988.26434641123,774
2016-05-15 01:21:00+00:00,29987.251806160686,29992.056410636163,29970.174689601034,29986.69042957497,308
2016-05-18 01:21:00+00:00,29987.35181110008,30007.266412145436,29972.410572887253,29987.808448539567,842
2016-05-21 01:21:00+00:00,29988.97030544362,29993.15382303774,29976.016405104878,29990.737553559058,879
2016-05-24 01:21:00+00:00,29990.554749942006,30006.256611299035,29986.560957414535,29993.100641070418,988
2016-05-27 01:21:00+00:00,29991.121938901833,29994.768175819805,29985.724239069255,29992.801582397333,574
2016-05-30 01:21:00+00:00,29990.739217376973,29997.61755977281,29986.341808238692,29990.755604973718,834
2016-06-02 01:21:00+00:00,29991.398258877998,30000.086539384087,29989.091665390406,29990.683022622135,106
2016-06-05 01:21:00+00:00,29990.855299115618,29992.185711193404,29980.694568857947,29992.40822808096,508
2016-06-08 01:21:00+00:00,29990.840047568177,30009.478777632623,29977.88399600557,29991.59645290242,286
2016-06-11 01:21:00+00:00,29990.276030918358,29991.39443895824,29979.968888752523,29991.12860305911,324
2016-06-14 01:21:00+00:00,29990.293153172348,30002.2241600144,29984.054594738594,29991.058470451095,127
2016-06-17 01:21:00+00:00,29990.070729295276,30001.1620936264,29982.91603102497,29989.90898094949,365
2016-06-20 01:21:00+00:00,29990.848628846485,30001.36906034265,29986.48719646686,29990.29274443165,631
2016-06-23 01:21:00+00:00,29991.353859079165,30001.25642343051,29981.81182186417,29991.780114574456,280
2016-06-26 01:21:00+00:00,29992.67943455299,29998.784270947774,29977.554152769328,29992.054401676633,504
2016-06-29 01:21:00+00:00,29991.021364744167,30009.05671680735,29987.78955335968,29990.46197837518,439
2016-07-02 01:21:00+00:00,29991.036343363103,30002.75224042202,29971.921429019247,29990.65976201753,632
2016-07-05 01:21:00+00:00,29990.89062255763,29997.39030888545,29976.93367822413,29989.221779741838,314
2016-07-08 01:21:00+00:00,29989.747064988136,29990.111155379767,29978.875878466628,29988.506278913865,472
2016-07-11 01:21:00+00:00,29991.01633601407,29996.799518588938,29987.656306260073,29991.181011021825,863
2016-07-14 01:21:00+00:00,29991.64715737945,30004.72574780269,29977.578314447983,29990.579320009958,387
2016-07-17 01:21:00+00:00,29990.838859874162,30005.957694132932,29985.660091887457,29990.43187215779,306
2016-07-20 01:21:00+00:00,29991.079282300798,29993.79464030904,29990.274118790814,29990.420804776186,268
2016-07-23 01:21:00+00:00,29990.58455957479,30002.129817026198,29975.49767898281,29989.700932432766,817
2016-07-26 01:21:00+00:00,29990.356148203216,30005.585111291242,29978.699324226956,29990.75224124728,421
2016-07-29 01:21:00+00:00,29991.047346810105,30006.457764631952,29979.185328988242,29989.159520862017,903
2016-08-01 01:21:00+00:00,29989.763985646296,29991.054853522128,29985.44490218959,29991.616992917945,203
2016-08-04 01:21:00+00:00,29991.03820285005,30003.664876418905,29990.342479620438,29991.636411416694,245
2016-08-07 01:21:00+00:00,29990.175479462556,29991.650065307316,29972.598779378004,29990.769958658773,795
2016-08-10 01:21:00+00:00,29988.724830254672,29989.882061508662,29979.161910980423,29989.571663588467,329
2016-08-13 01:21:00+00:00,29990.988512170326,30008.958783945734,29987.164237337016,29991.5629866229,951
2016-08-16 01:21:00+00:00,29991.63560042423,30004.327826484503,29978.9624005802,29991.46303160881,673
2016-08-19 01:21:00+00:00,29992.47735747361,29997.421859768092,29974.928096993885,29992.73490667727,315
2016-08-22 01:21:00+00:00,29992.48745591104,30000.414508727063,29975.06948721013,29991.405007908525,947
2016-08-25 01:21:00+00:00,29991.797926431773,29998.818349475743,29978.12283699485,29991.669880485762,936
2016-08-28 01:21:00+00:00,29991.52204530491,30005.46180419463,29986.073485256526,29993.10703675098,458
2016-08-31 01:21:00+00:00,29993.347780114622,29998.848037687694,29976.1676786548,29993.59694126704,213
2016-09-03 01:21:00+00:00,29994.45298935958,30005.274570228536,29975.192342538186,29994.15906445526,574
2016-09-06 01:21:00+00:00,29994.63018551749,30011.148694760646,29994.081093960496,29996.017646444976,100
2016-09-09 01:21:00+00:00,29993.655532893496,30012.01341984617,29991.712256932624,29994.615408997503,679
2016-09-12 01:21:00+00:00,29993.374527198608,29996.08106435576,29983.775168296706,29993.79491355999,160
2016-09-15 01:21:00+00:00,29991.704637469422,29999.696431227105,29983.860047679238,29992.655000997504,114
2016-09-18 01:21:00+00:00,29993.576377305097,30002.717367173012,29988.60673587066,29992.652965582223,626
2016-09-21 01:21:00+00:00,29993.458737087396,30001.680826918888,29986.037943919844,29993.707016041262,895
2016-09-24 01:21:00+00:00,29992.316364824565,29995.065606605367,29989.70764389688,29993.098571149632,801
2016-09-27 01:21:00+00:00,29994.57615671656,30000.16035241119,29977.689747106277,29993.68029401809,127
2016-09-30 01:21:00+00:00,29994.374507407854,29999.38165421735,29987.678822253914,29994.116206215516,732
2016-10-03 01:21:00+00:00,29995.569681361383,29999.348692461343,29989.781177531655,29996.084252797307,991
2016-10-06 01:21:00+00:00,29995.132610013607,30003.772267453467,29977.93283631248,29996.081642447727,746
2016-10-09 01:21:00+00:00,29995.46571580391,29996.344707057495,29977.53382948854,29995.430685831598,302
2016-10-12 01:21:00+00:00,29997.213606716825,30004.195584825702,29992.2296825945,29995.744472720755,228
2016-10-15 01:21:00+00:00,29997.24566696615,29998.388964999725,29984.83605491147,29996.564471800753,963
2016-10-18 01:21:00+00:00,29996.31224623725,29996.469725220584,29985.38587341633,29996.60013201598,426
2016-10-21 01:21:00+00:00,29996.563963464756,29998.65833268712,29985.324762117492,29996.74253763528,817
2016-10-24 01:21:00+00:00,29997.297385310583,30009.3992431979,29991.494608166588,29996.622354117648,305
2016-10-27 01:21:00+00:00,29997.3835807239,29999.61839847972,29984.117413863947,29996.169686098794,573
2016-10-30 01:21:00+00:00,29997.753559813173,30017.33979236342,29989.815165866396,29997.536007210692,392
2016-11-02 01:21:00+00:00,29995.901783809848,30001.901337250965,29987.997125665475,29996.755456603725,285
2016-11-05 01:21:00+00:00,29996.317679629923,30003.301894245724,29993.92685859957,29995.241528283277,608
2016-11-08 01:21:00+00:00,29997.90235898935,30008.131582524526,29983.37593550039,29996.67767168285,798
2016-11-11 01:21:00+00:00,29997.250705994476,30010.46400923208,29979.89643553627,29997.707498012318,801
2016-11-14 01:21:00+00:00,29996.81053763821,29999.286306901937,29984.086350284007,29998.52239662084,680
2016-11-17 01:21:00+00:00,29996.933011899844,30009.22870676732,29981.67012067571,29996.851854282602,761
2016-11-20 01:21:00+00:00,29997.518790858612,30015.30215373022,29995.463347356686,29997.12808043959,224
2016-11-23 01:21:00+00:00,29997.178685547282,30017.065118809554,29986.018032529133,29997.867542894655,614
2016-11-26 01:21:00+00:00,29997.203828551057,29999.034109927845,29995.060790184427,29997.97692330752,600
2016-11-29 01:21:00+00:00,29996.5380011249,30000.408599981052,29994.907964354403,29995.72896366376,146
2016-12-02 01:21:00+00:00,29997.621689258078,30014.57596652387,29993.167417266133,29996.864369994248,327
2016-12-05 01:21:00+00:00,29998.017301130352,30003.28497991052,29989.00544459837,29997.734927856713,143
2016-12-08 01:21:00+00:00,29999.116685768873,30018.27061597406,29997.855105457154,29997.106417536426,191
2016-12-11 01:21:00+00:00,29998.987590188648,30016.69784092132,29998.35286533146,29998.132170323468,466
2016-12-14 01:21:00+00:00,29998.46246617713,30016.103299101207,29986.325966459175,29997.644681550028,230
2016-12-17 01:21:00+00:00,29998.828994281004,30003.863479193755,29985.44266784127,29998.912848564796,250
2016-12-20 01:21:00+00:00,29998.822878021463,30005.32008768531,29980.565748135334,30000.560146467742,465
2016-12-23 01:21:00+00:00,29999.822200228926,30002.015183821717,29985.06206511864,30000.432871947596,250
2016-12-26 01:21:00+00:00,29999.298077466305,30013.61584960916,29998.27599841719,30000.08168169894,187
2016-12-29 01:21:00+00:00,29999.9190486185,30000.037185189776,29984.23485299886,30000.27561136748,409
2017-01-01 01:21:00+00:00,30000.942832265642,30013.980817339045,29983.307704107785,30001.916005019888,902
2017-01-04 01:21:00+00:00,29999.411603359153,30009.43820391908,29994.209793519138,29999.831226919618,955
2017-01-07 01:21:00+00:00,29998.805613780063,30015.06796222675,29996.843340681924,29999.46713463703,131
2017-01-10 01:21:00+00:00,29999.88043294004,30012.133939823834,29992.951882379384,30000.61339765612,390
2017-01-13 01:21:00+00:00,30000.182119887042,30004.418954034798,29992.245638064625,30000.361129352943,887
2017-01-16 01:21:00+00:00,30000.172283316715,30017.319149782565,29985.536436185303,30000.60519639814,182
2017-01-19 01:21:00+00:00,30001.301379831268,30007.08347413803,29985.84344683121,30001.862523662603,265
2017-01-22 01:21:00+00:00,30001.563395390764,30003.681788314414,29989.165247634104,30002.351940662895,421
2017-01-25 01:21:00+00:00,30002.14536861225,30011.193971222114,29983.77113480539,30001.474987281406,434
2017-01-28 01:21:00+00:00,30002.3566993524,30006.047012899147,29998.270431318608,30003.105663753297,286
2017-01-31 01:21:00+00:00,30004.201150615296,30013.360959713744,29987.24435322997,30003.315979343322,381
2017-02-03 01:21:00+00:00,30002.78953376485,30007.463324137152,29995.14889334567,30003.897028190204,345
2017-02-06 01:21:00+00:00,30001.77379918159,30002.63419175156,30000.206909281078,30001.20467002056,513
2017-02-09 01:21:00+00:00,30000.64665920104,30018.243827591486,29995.449163804693,30001.335233753303,555
2017-02-12 01:21:00+00:00,30000.70709082266,30007.13693416058,29983.230022509575,30000.286362974097,912
2017-02-15 01:21:00+00:00,30002.313735619777,30012.68307045719,29985.88988468522,30002.338628302805,188
2017-02-18 01:21:00+00:00,30003.0870560421,30008.576046882692,29999.520556287996,30004.378844892814,189
2017-02-21 01:21:00+00:00,30003.370237864496,30020.672703371572,29992.344581072106,30003.54483771019,333
2017-02-24 01:21:00+00:00,30003.325503073516,30015.063190343015,29985.726980442465,30002.167599207936,918
2017-02-27 01:21:00+00:00,30002.77366056189,30016.21465097612,29988.987818519854,30002.59433371259,598
2017-03-02 01:21:00+00:00,30002.257279223126,30012.636888034187,29993.38531110457,30004.275620665885,991
2017-03-05 01:21:00+00:00,30001.760835800258,30021.281672993708,29981.999839475386,30001.280017108922,688
2017-03-08 01:21:00+00:00,30001.307309492364,30012.14346179165,29982.123205181382,30000.48004952566,893
2017-03-11 01:21:00+00:00,30002.04385931705,30012.479169931936,29988.4404449938,30002.331829091614,133
2017-03-14 01:21:00+00:00,30002.855081276663,30009.73614081848,29989.310293152106,30004.45650312377,884
2017-03-17 01:21:00+00:00,30002.257825801073,30017.61301214847,29983.57081453468,30002.01001878188,912
2017-03-20 01:21:00+00:00,30002.507700935483,30014.93015679687,29994.370706483653,30001.407481034763,920
2017-03-23 01:21:00+00:00,30003.869877623725,30015.381254400407,29985.189992529682,30003.48104762181,292
2017-03-26 01:21:00+00:00,30001.90078832677,30002.632338110543,30001.05010561454,30002.013277074522,642
2017-03-29 01:21:00+00:00,30002.285925726694,30008.006187097573,29982.322124391354,30002.86696043193,356
2017-04-01 01:21:00+00:00,30003.865864205858,30017.948429081203,29989.304309378564,30002.7173272715,749
2017-04-04 01:21:00+00:00,30003.033747920632,30013.91743311058,29991.82017335326,30003.11468015272,603
2017-04-07 01:21:00+00:00,30002.193542430326,30014.751676780666,29982.854614828753,30002.344093375785,867
2017-04-10 01:21:00+00:00,30002.059963017608,30017.41325830512,29991.349192292568,30002.37316354032,309
2017-04-13 01:21:00+00:00,30000.87409848917,30005.81673151668,29987.350054101622,30001.4764589796,948
2017-04-16 01:21:00+00:00,29999.579401671588,30014.841572553778,29985.55154239709,29999.917932740922,717
2017-04-19 01:21:00+00:00,30001.415311476856,30010.975597163993,30000.135012625095,29999.649576099247,524
2017-04-22 01:21:00+00:00,30003.10792208218,30006.46385796538,30000.602861146057,30003.302088085504,875
2017-04-25 01:21:00+00:00,30003.318091022298,30005.10586919506,30002.47627736161,30002.19952904886,951
2017-04-28 01:21:00+00:00,30004.046922999823,30014.88140538263,29994.988524338794,30004.047201896166,354
2017-05-01 01:21:00+00:00,30002.82713700222,30003.722636098017,30001.08883367531,30002.638858996594,183
2017-05-04 01:21:00+00:00,30003.403555711793,30020.70980358587,29987.62984074148,30001.166837562774,995
2017-05-07 01:21:00+00:00,30002.582925709936,30006.562752214126,29987.268486585468,30003.774135006057,776
2017-05-10 01:21:00+00:00,30003.28249928993,30013.91780936577,29996.2109136751,30003.191682892044,328
2017-05-13 01:21:00+00:00,30004.796491921006,30006.138480954527,29991.205793482044,30003.94032637192,776
2017-05-16 01:21:00+00:00,30004.948681261892,30013.917485700928,30004.445823637274,30005.74552480505,956
2017-05-19 01:21:00+00:00,30003.939089956933,30015.500316078887,29988.554477033264,30004.508342672914,966
2017-05-22 01:21:00+00:00,30004.634457857657,30017.26185595903,30002.108377290664,30004.730450993717,714
2017-05-25 01:21:00+00:00,30004.433346920123,30023.06528191582,29984.835883654567,30003.53073354967,528
2017-05-28 01:21:00+00:00,30003.45978865692,30006.47507044654,29992.958861388197,30002.771039983127,612
2017-05-31 01:21:00+00:00,30003.846355834427,30006.668770639935,29991.768091298152,30002.7947368266,964
2017-06-03 01:21:00+00:00,30003.67083249989,30005.19157643772,29985.620674125996,30002.61612914491,413
2017-06-06 01:21:00+00:00,30002.075509563954,30006.949117192824,29991.87123448527,30002.28957516138,433
2017-06-09 01:21:00+00:00,30004.87938307284,30016.448989078068,29997.27833596427,30006.81885781757,314
2017-06-12 01:21:00+00:00,30004.401693868418,30007.7815309166,29986.496486111842,30003.386831125157,111
2017-06-15 01:21:00+00:00,30004.908526999698,30008.175387562784,30003.266379481935,30005.72134439744,977
2017-06-18 01:21:00+00:00,30004.73859636672,30024.531001931147,29986.556748340045,30004.2400218339,367
2017-06-21 01:21:00+00:00,30004.172693135228,30010.481436432387,29988.863332247427,30003.32507745018,776
2017-06-24 01:21:00+00:00,30005.378709603996,30015.978959335218,29988.272557536595,30004.073734669168,245
2017-06-27 01:21:00+00:00,30006.137050470108,30010.161154657377,30003.503938294532,30005.091306721395,133
2017-06-30 01:21:00+00:00,30006.84250965204,30019.699973944975,29997.544777452444,30008.03763259,888
2017-07-03 01:21:00+00:00,30005.691746864974,30018.87973584994,29989.63757270472,30006.387762019367,195
2017-07-06 01:21:00+00:00,30004.502149239583,30018.496232000176,30002.930857141066,30004.83519540805,711
2017-07-09 01:21:00+00:00,30003.973037680713,30019.188580601025,29987.3376552472,30005.04421596391,319
2017-07-12 01:21:00+00:00,30004.218110407146,30022.353098980944,29991.462936374133,30004.09728984504,715
2017-07-15 01:21:00+00:00,30004.24285404719,30023.62096803078,29990.75613942295,30002.295551204064,361
2017-07-18 01:21:00+00:00,30003.464692412446,30003.717046981445,29994.131808647737,30001.374051788487,498
2017-07-21 01:21:00+00:00,30002.705982600437,30019.74763377826,30001.812549552033,30001.62720134433,642
2017-07-24 01:21:00+00:00,30001.93436076103,30014.176060556765,29989.12487493039,30001.479803038485,600
2017-07-27 01:21:00+00:00,30000.92099389228,30013.233305443566,29980.975227362487,29999.825349561328,833
2017-07-30 01:21:00+00:00,30000.930599300365,30005.7516964891,29987.7494314067,30001.091424919872,369
2017-08-02 01:21:00+00:00,30003.097915197464,30014.476088066698,29993.617200939327,30003.134961495136,927
2017-08-05 01:21:00+00:00,30003.532407378323,30023.487766722366,29995.512410683812,30003.755935933823,145
2017-08-08 01:21:00+00:00,30003.837983572525,30016.59653335382,30000.411604987938,30004.390457555273,371
2017-08-11 01:21:00+00:00,30005.16630847111,30015.244032877534,29987.972947914815,30005.222560428574,758
2017-08-14 01:21:00+00:00,30004.179558120686,30011.793906687297,29988.34143257101,30006.180235829328,342
2017-08-17 01:21:00+00:00,30004.06820720669,30023.153252605192,29990.65432648975,30004.166847091645,857
2017-08-20 01:21:00+00:00,30003.67588944625,30005.174963187997,30001.417332776993,30002.94989452612,190
2017-08-23 01:21:00+00:00,30004.748432205637,30018.19704278253,30002.491944362868,30005.05525767194,849
2017-08-26 01:21:00+00:00,30005.6427719742,30013.042352464476,30003.84721075695,30007.994642471138,513
2017-08-29 01:21:00+00:00,30004.235005552793,30022.351841400818,30003.61085835351,30003.835936483054,768
2017-09-01 01:21:00+00:00,30004.740246282377,30006.72658041291,29990.9945804289,30002.777173511837,744
2017-09-04 01:21:00+00:00,30005.800414993562,30009.68171775595,29997.858102400423,30005.92229560212,570
2017-09-07 01:21:00+00:00,30003.66804095732,30012.885178966884,29993.789291255787,30001.358254143644,626
2017-09-10 01:21:00+00:00,30002.321612839118,30009.211623964482,29990.851283888587,30003.322330862386,463
2017-09-13 01:21:00+00:00,30002.594604117872,30015.951140169735,29999.766453838132,30003.659039863524,679
2017-09-16 01:21:00+00:00,30002.73420221355,30008.43154055069,29982.8584367692,30001.710399448293,775
2017-09-19 01:21:00+00:00,30004.560526816313,30008.48351078014,29992.06510165375,30004.95152925064,864
2017-09-22 01:21:00+00:00,30006.11684421028,30007.955423861767,30001.115670485404,30004.323958909496,253
2017-09-25 01:21:00+00:00,30005.561051471366,30012.60588882814,29998.55348329021,30005.437371612796,882
2017-09-28 01:21:00+00:00,30005.628051087187,30011.711587960737,29985.99827084569,30006.962163470733,655
2017-10-01 01:21:00+00:00,30006.55149355313,30022.224773692295,30003.151812560223,30007.451487443195,535
2017-10-04 01:21:00+00:00,30006.23372758511,30019.872082200876,30005.14057137083,30006.22890550532,272
2017-10-07 01:21:00+00:00,30004.494520744705,30009.576562618182,30002.3282382389,30004.791899693406,184
2017-10-10 01:21:00+00:00,30003.923861385243,30006.092962009046,29984.64241929214,30003.195482405743,467
2017-10-13 01:21:00+00:00,30004.185337895615,30006.78478815158,30003.220830725237,30003.000491732048,371
2017-10-16 01:21:00+00:00,30004.5350189957,30021.56173330641,29992.126891478267,30004.673410381147,759
2017-10-19 01:21:00+00:00,30004.980515871997,30011.717533648087,29992.20612290878,30004.836146214213,112
2017-10-22 01:21:00+00:00,30005.312263148913,30008.626502168376,29993.54168301457,30005.746926159085,882
2017-10-25 01:21:00+00:00,30005.400284934,30015.71811673856,29998.31569346651,30006.387912139522,813
2017-10-28 01:21:00+00:00,30005.068060056972,30019.029710811148,29996.846585557912,30005.825856967054,213
2017-10-31 01:21:00+00:00,30002.512338874665,30008.837469150283,29991.50533858002,30003.081138727888,506
2017-11-03 01:21:00+00:00,30003.28690593981,30008.382290985133,29986.778744975054,30002.110282473146,858
2017-11-06 01:21:00+00:00,30002.05272265729,30019.765697450362,29995.936729694626,30001.575545937903,336
2017-11-09 01:21:00+00:00,30002.932976253822,30006.89805466807,29991.289072107586,30004.740502057433,367
2017-11-12 01:21:00+00:00,30003.498776242777,30022.339233219653,29997.021468603125,30003.70426132996,469
2017-11-15 01:21:00+00:00,30004.06686020406,30007.649180269815,29990.786904413664,30001.95490692718,757
2017-11-18 01:21:00+00:00,30002.65305036238,30016.675399846867,29996.71787231143,30002.154997246103,374
2017-11-21 01:21:00+00:00,30002.251272522753,30021.408654832903,29990.238663621956,30001.414691480313,736
2017-11-24 01:21:00+00:00,30002.044552848816,30005.18886632306,30000.76444146888,30001.93312229461,450
2017-11-27 01:21:00+00:00,30000.78576810185,30009.361756426144,29994.189042944006,30001.89120733448,309
2017-11-30 01:21:00+00:00,30002.34604122619,30018.69653937194,29992.770886759296,30003.570233128678,578
2017-12-03 01:21:00+00:00,30002.790668270984,30015.75607700201,29987.276931158187,30003.89267362889,324
2017-12-06 01:21:00+00:00,30004.65039135388,30009.896152994905,29998.463792751798,30005.108012426736,944
2017-12-09 01:21:00+00:00,30003.64433439564,30004.245517216572,30000.522920516385,30002.633998582998,609
2017-12-12 01:21:00+00:00,30003.458258076877,30020.3296086274,29998.27041929521,30003.188787207142,179
2017-12-15 01:21:00+00:00,30003.448062395688,30012.384726611388,30003.168404563916,30005.121159236292,773
2017-12-18 01:21:00+00:00,30004.5846291429,30009.376802550774,30001.29321508593,30006.116639551998,256
2017-12-21 01:21:00+00:00,30003.824472844884,30017.38027140564,29991.76200529006,30004.00483856526,813
2017-12-24 01:21:00+00:00,30004.422924808947,30014.42369703148,29991.14017495585,30003.56132296818,175
2017-12-27 01:21:00+00:00,30003.742336674786,30008.558950661572,29991.07572414471,30004.202858418794,833
2017-12-30 01:21:00+00:00,30004.35824518996,30016.47766679142,29986.99880244392,30003.28598217904,220
2018-01-02 01:21:00+00:00,30003.735953224215,30004.952571644335,29988.961977805564,30003.893201979252,260
2018-01-05 01:21:00+00:00,30002.941723570137,30017.20166865742,29998.73040432081,30003.11867151306,302
2018-01-08 01:21:00+00:00,30002.208433556912,30005.16615718811,29999.003713166137,30002.982871881766,781
2018-01-11 01:21:00+00:00,30000.555087484114,30016.00507118312,30000.21805359062,30000.601138622755,162
2018-01-14 01:21:00+00:00,30000.162812470986,30006.29775231708,29991.506535808887,30000.796068360276,964
2018-01-17 01:21:00+00:00,30000.57851354757,30011.306355750727,29981.579944251625,30001.265210496025,291
2018-01-20 01:21:00+00:00,30001.386260592604,30001.781306172197,29985.852823675596,30001.39751164661,374
2018-01-23 01:21:00+00:00,30002.14391803173,30014.290775246413,29995.03362795564,30003.755962815787,730
2018-01-26 01:21:00+00:00,30001.494083220947,30008.32751583205,29992.54179047989,30001.778221146407,456
2018-01-29 01:21:00+00:00,30000.15529156501,30016.37385317105,29993.662708117074,30000.379793249343,807
2018-02-01 01:21:00+00:00,30001.61088568044,30003.7664250279,29983.130753656216,30003.026672572258,449
2018-02-04 01:21:00+00:00,30000.09207424462,30003.91845551988,29984.88681495992,29999.863596116513,601
2018-02-07 01:21:00+00:00,29998.968423923794,30017.532415112746,29983.258471507364,30000.199985219184,990
2018-02-10 01:21:00+00:00,29999.020362512423,30002.696132044664,29980.65706171905,29998.344072649033,574
2018-02-13 01:21:00+00:00,29998.02399058396,30012.356564885667,29989.815397551723,29998.02273742785,106
2018-02-16 01:21:00+00:00,29997.414118850236,30003.706655510483,29985.726135512,29997.7493218547,896
2018-02-19 01:21:00+00:00,29996.7780827529,30005.952592037975,29985.97035970928,29996.030658913794,682
2018-02-22 01:21:00+00:00,29996.98007334874,29999.174938621392,29979.726591984203,29996.75754951464,796
2018-02-25 01:21:00+00:00,29997.505390678434,30009.947351551644,29995.669225659996,29996.822242963022,927
2018-02-28 01:21:00+00:00,29996.941856301324,30003.081590329464,29977.781410612188,29995.468200560957,507
2018-03-03 01:21:00+00:00,29996.238203879384,30016.118185937572,29989.44284236882,29995.58961327031,414
2018-03-06 01:21:00+00:00,29996.92222862383,29999.232938580957,29991.531860626354,29998.595055740097,143
2018-03-09 01:21:00+00:00,29997.169116762496,30005.331838931015,29988.27409852887,29997.85608031351,513
2018-03-12 01:21:00+00:00,29996.74722636207,30009.1546819608,29982.095332407076,29997.01913662681,570
2018-03-15 01:21:00+00:00,29997.895761583597,30013.566869904742,29993.153175593696,29996.871020161183,102
2018-03-18 01:21:00+00:00,29996.93401195164,30012.040175290174,29985.407772528903,29997.851981277385,161
2018-03-21 01:21:00+00:00,29997.712741642823,30005.2756597471,29991.13596746252,29996.96196110438,686
2018-03-24 01:21:00+00:00,29996.314102108914,29997.802758779497,29995.936356711485,29996.20883579838,683
2018-03-27 01:21:00+00:00,29996.396578388878,30006.698917902206,29993.10689020191,29996.10687771573,251
2018-03-30 01:21:00+00:00,29998.19388129566,30012.93943931772,29989.98637702376,29997.886878456175,315
2018-04-02 01:21:00+00:00,29998.74212588466,30013.982669127246,29983.812497164206,29997.646081531522,615
2018-04-05 01:21:00+00:00,30000.115023312774,30012.93251008442,29986.641669026496,30000.748913211322,733
2018-04-08 01:21:00+00:00,30000.027095977035,30012.740229057737,29982.66362126929,30001.677885908768,264
2018-04-11 01:21:00+00:00,29999.08084432455,29999.631540559963,29989.958037722317,29997.393785476736,206
2018-04-14 01:21:00+00:00,29998.950067835267,30002.24709974944,29987.15836714843,29999.967031018605,281
2018-04-17 01:21:00+00:00,29998.94185946738,30009.701880183555,29985.234623773646,29999.333692449276,822
2018-04-20 01:21:00+00:00,29998.39053291722,30016.920745668474,29986.651937098843,30000.28520496177,683
2018-04-23 01:21:00+00:00,29999.470799936487,30003.470870435627,29981.248891841868,29999.953267914043,509
2018-04-26 01:21:00+00:00,30000.117521892942,30010.629472066586,29985.06416807633,29999.731120984827,889
2018-04-29 01:21:00+00:00,30000.709421850755,30018.19483369847,29991.88507451688,29999.76502110693,106
2018-05-02 01:21:00+00:00,30000.933551976043,30012.762597208733,29982.035964301813,30002.00150663939,850
2018-05-05 01:21:00+00:00,29998.68746211702,30007.125435723006,29991.075203032826,29999.713473047883,150
2018-05-08 01:21:00+00:00,29998.21879989428,30009.22047693039,29990.866265118137,29997.48321309117,992
2018-05-11 01:21:00+00:00,29998.10844463118,30011.040665920427,29995.873447659902,29998.29753054407,641
2018-05-14 01:21:00+00:00,29998.82955520286,30016.82208751742,29992.97386765892,29999.526823578937,603
2018-05-17 01:21:00+00:00,29998.672891701117,30009.807239023994,29993.14730405838,29997.521009589494,882
2018-05-20 01:21:00+00:00,29998.857295357284,29999.25860692301,29993.227447404304,30000.972531436542,600
2018-05-23 01:21:00+00:00,29999.329465380008,30010.061371619424,29993.61682839729,29999.321816553085,817
2018-05-26 01:21:00+00:00,29999.098213387908,30005.42184748312,29990.826933646058,29999.257190860128,858
2018-05-29 01:21:00+00:00,29998.882493821635,30011.12215837925,29986.838178995786,29998.066069433557,788
2018-06-01 01:21:00+00:00,29998.47084463242,30000.747176010558,29997.48687883653,29999.581532456712,495
2018-06-04 01:21:00+00:00,30000.03347668967,30001.713352686205,29985.61542055412,29999.61003462029,177
2018-06-07 01:21:00+00:00,29999.667779509982,30011.72680799853,29979.94257493833,30000.774220072628,258
2018-06-10 01:21:00+00:00,29999.090298786363,30014.333314995372,29983.223484033642,29997.972850051287,564
2018-06-13 01:21:00+00:00,29998.31124655607,30011.695225758984,29982.200103904954,29998.581700455663,224
2018-06-16 01:21:00+00:00,29999.637969490126,30014.250747993246,29995.371450970604,29998.241891423284,315
2018-06-19 01:21:00+00:00,29999.283230754336,30009.307044312754,29980.80307981054,30002.70835107355,344
2018-06-22 01:21:00+00:00,29999.083880775477,30000.137775832834,29998.696608737948,29998.667373656106,916
2018-06-25 01:21:00+00:00,30000.081068785497,30010.735288522177,29999.48948021463,30000.90957983849,285
2018-06-28 01:21:00+00:00,29998.864630882577,30008.1760673057,29982.407640257454,29997.4106227257,923
2018-07-01 01:21:00+00:00,29998.138107763494,30014.284024999793,29997.96342440004,30000.395558059965,613
2018-07-04 01:21:00+00:00,29997.02490001214,30006.41491052697,29982.124615309018,29995.91266479575,302
2018-07-07 01:21:00+00:00,29996.260399124283,30000.547643089572,29986.586739994815,29997.538458871593,787
2018-07-10 01:21:00+00:00,29995.399988513887,30002.64978553694,29980.148176451476,29994.439487782867,686
2018-07-13 01:21:00+00:00,29994.789001517744,30009.456575609667,29982.71978632402,29994.514965962906,540
2018-07-16 01:21:00+00:00,29995.114702330142,30001.78817502485,29994.364734809296,29995.649880113968,714
2018-07-19 01:21:00+00:00,29996.132217937633,30004.475974200475,29983.104455765595,29995.281299227172,583
2018-07-22 01:21:00+00:00,29995.24492532033,30011.17995730271,29979.4352620031,29997.558912511093,443
2018-07-25 01:21:00+00:00,29995.371128190898,30000.064137670386,29994.668086507332,29995.14278942632,287
2018-07-28 01:21:00+00:00,29994.96216240958,29999.71163222366,29991.098762250313,29995.153459549867,449
2018-07-31 01:21:00+00:00,29993.8690595547,29999.63294305156,29984.283337095974,29993.486245124317,618
2018-08-03 01:21:00+00:00,29992.734694112205,30000.541459235254,29985.422641299236,29994.00716987573,380
2018-08-06 01:21:00+00:00,29992.285471913172,29999.03320989783,29988.318110325086,29993.256121970615,151
2018-08-09 01:21:00+00:00,29993.359393350005,30002.649928672377,29982.108096964155,29992.25521407811,340
2018-08-12 01:21:00+00:00,29995.546308573572,30005.66853699306,29982.31035249562,29996.866763387356,978
2018-08-15 01:21:00+00:00,29993.427314104716,30003.24037231487,29988.960196421267,29993.944837498828,302
2018-08-18 01:21:00+00:00,29993.342844990533,30009.109420261844,29986.416754760772,29992.5412880512,682
2018-08-21 01:21:00+00:00,29992.958889221638,30010.621302235824,29990.24284793343,29994.110426030362,435
2018-08-24 01:21:00+00:00,29994.19338415402,30004.123933411753,29989.789523524178,29995.01614718961,143
2018-08-27 01:21:00+00:00,29993.65807846347,30009.955743314193,29986.927709210773,29995.046445881682,276
2018-08-30 01:21:00+00:00,29994.682885233568,30011.965368813922,29990.191044972216,29995.326906262944,254
2018-09-02 01:21:00+00:00,29992.675501461483,30002.560367311795,29985.251949557995,29994.319479723577,800
2018-09-05 01:21:00+00:00,29991.889153412034,30001.27358795829,29990.201934111436,29991.40370732039,456
2018-09-08 01:21:00+00:00,29990.418657643477,29995.32337025269,29970.729790815574,29991.228034042706,303
2018-09-11 01:21:00+00:00,29990.42853376913,30005.681637376667,29982.07684700832,29991.6236647038,445
2018-09-14 01:21:00+00:00,29989.296825501526,30003.996551208675,29988.385905752493,29987.260754557567,886
2018-09-17 01:21:00+00:00,29990.011959583608,30005.722286360302,29979.551515040428,29989.223980457045,472
2018-09-20 01:21:00+00:00,29989.860576301387,30003.982752659464,29984.62611390861,29988.371494632767,703
2018-09-23 01:21:00+00:00,29990.44038500837,30003.203167445434,29976.823149847995,29990.93139807097,215
2018-09-26 01:21:00+00:00,29991.244894720727,29999.40300807105,29980.367682936754,29990.99075876981,367
2018-09-29 01:21:00+00:00,29991.261516125804,29996.507756679886,29973.65521225287,29992.944002391847,915
2018-10-02 01:21:00+00:00,29993.126633066837,29995.29034164676,29976.299545536294,29993.224103106342,172
2018-10-05 01:21:00+00:00,29993.26063047037,30012.375909285012,29980.245746438395,29994.29989580793,423
2018-10-08 01:21:00+00:00,29993.690599133424,30008.81053782959,29977.58196818783,29993.69052945162,899
2018-10-11 01:21:00+00:00,29992.28606501095,30004.179768871352,29977.946766115732,29992.0469665871,867
2018-10-14 01:21:00+00:00,29992.811884683968,30012.01736652684,29986.49017831389,29993.522393287192,396
2018-10-17 01:21:00+00:00,29992.274178284562,29997.789577639393,29976.813488912732,29990.686490878074,696
2018-10-20 01:21:00+00:00,29991.15341733781,29993.16313069031,29976.198800933234,29990.88893135128,488
2018-10-23 01:21:00+00:00,29990.33630061509,30006.785969430464,29973.66735459952,29990.21289318122,117
2018-10-26 01:21:00+00:00,29989.737410989605,30009.540947085097,29979.81821190929,29989.52489740366,353
2018-10-29 01:21:00+00:00,29988.65124988348,30002.64519420502,29982.569444682653,29988.969600677112,322
2018-11-01 01:21:00+00:00,29989.26288833305,29990.717620951447,29972.188205223207,29990.3579241923,571
2018-11-04 01:21:00+00:00,29990.121429379255,29998.86594419409,29974.440554030858,29989.361686788405,451
2018-11-07 01:21:00+00:00,29989.574431830322,30005.401870043435,29985.965055759185,29989.99519563604,171
2018-11-10 01:21:00+00:00,29991.49078693871,29999.203292578677,29979.641380727015,29991.80623784592,459
2018-11-13 01:21:00+00:00,29991.449674579868,29998.214889504394,29979.222733318187,29991.53258365641,134
2018-11-16 01:21:00+00:00,29990.585956974566,29996.837251714736,29979.205759293996,29990.208509373195,357
2018-11-19 01:21:00+00:00,29988.2683856087,29994.85385025663,29985.416477995423,29988.3470575283,370
2018-11-22 01:21:00+00:00,29988.477748162895,30007.993354815866,29971.406896125325,29988.118582783787,833
2018-11-25 01:21:00+00:00,29990.96357219226,30006.242346419076,29982.782432550088,29990.718489462764,655
2018-11-28 01:21:00+00:00,29992.168700135644,29999.83388251352,29990.608909488452,29992.7909620555,441
2018-12-01 01:21:00+00:00,29991.42389850359,30000.655094082926,29987.451325054863,29991.388280714666,361
2018-12-04 01:21:00+00:00,29991.989775386086,30006.938712197156,29982.187199721455,29991.509163810846,762
2018-12-07 01:21:00+00:00,29991.481445725716,29998.707308592686,29983.00647480729,29992.20179643683,836
2018-12-10 01:21:00+00:00,29990.308896735216,29997.509296275835,29971.727005170786,29991.72592380102,553
2018-12-13 01:21:00+00:00,29991.124474821805,30003.982967956206,29971.282605463177,29989.759440137794,669
2018-12-16 01:21:00+00:00,29990.126278017124,29991.00942873194,29972.52788503237,29990.5009202851,224
2018-12-19 01:21:00+00:00,29990.056523304596,29990.15748426389,29988.326578470147,29989.530973088982,270
2018-12-22 01:21:00+00:00,29987.91309841813,29991.686727088814,29975.854769762955,29987.986543214345,891
2018-12-25 01:21:00+00:00,29988.671547774964,30001.999250237313,29976.296995047378,29987.56007893911,580
2018-12-28 01:21:00+00:00,29989.364571423674,30005.445821891717,29977.558644021316,29990.111425919855,750
2018-12-31 01:21:00+00:00,29988.522867763928,30003.868848320035,29973.994444236774,29987.83218067267,641
2019-01-03 01:21:00+00:00,29989.671062443824,30009.032035711898,29970.459344619354,29989.088710021093,977
2019-01-06 01:21:00+00:00,29992.3544420648,30006.978220636232,29988.025402219977,29993.432586633706,527
2019-01-09 01:21:00+00:00,29992.3345450268,30009.39709136748,29974.93365329792,29992.350553930035,749
2019-01-12 01:21:00+00:00,29991.980324791766,29992.675509914883,29984.950066700614,29991.823613002514,143
2019-01-15 01:21:00+00:00,29991.750767745798,29993.66395456555,29978.404966258327,29992.887418016075,818
2019-01-18 01:21:00+00:00,29990.90593844515,29999.446997102157,29974.106960924048,29990.502548218064,455
2019-01-21 01:21:00+00:00,29991.480285398226,30006.236976299457,29989.732053055788,29991.56924812073,371
2019-01-24 01:21:00+00:00,29991.78797517925,30010.49031393159,29977.601920318244,29992.345498451323,535
2019-01-27 01:21:00+00:00,29993.475980414263,29994.470825542325,29976.265716130452,29992.384845716788,737
2019-01-30 01:21:00+00:00,29992.359150010263,30004.70029653889,29976.730786920944,29991.26754018519,913
2019-02-02 01:21:00+00:00,29991.167931883618,30003.482169314164,29988.894895423462,29990.768815197647,654
2019-02-05 01:21:00+00:00,29991.328065227583,29991.812012076352,29988.357341748186,29991.69524394811,500
2019-02-08 01:21:00+00:00,29991.598119168426,30005.967436860265,29988.815126100097,29992.45849512339,453
2019-02-11 01:21:00+00:00,29990.02669787656,29991.090743863162,29980.864346381615,29990.15460642186,299
2019-02-14 01:21:00+00:00,29989.147965232718,30008.756063258366,29984.95151094545,29989.045967553902,110
2019-02-17 01:21:00+00:00,29989.962820159984,30005.951503949495,29970.426059941445,29989.9152472137,955
2019-02-20 01:21:00+00:00,29989.64743792985,30005.138264722045,29973.836179715403,29989.054154849084,697
2019-02-23 01:21:00+00:00,29990.50471866223,29993.165688329926,29972.937433686802,29990.998513447084,798
2019-02-26 01:21:00+00:00,29993.114011077447,30013.110456004382,29983.964326680398,29994.16326378631,609
2019-03-01 01:21:00+00:00,29992.492040516823,30008.68097945141,29974.789794990254,29992.921146992692,436
2019-03-04 01:21:00+00:00,29992.107845820494,30001.105173840864,29983.150906051855,29992.198973167717,326
2019-03-07 01:21:00+00:00,29992.84426656835,30011.242700248247,29984.95873807926,29992.453836717268,612
2019-03-10 01:21:00+00:00,29994.497985353857,30006.10324952965,29980.51740383336,29995.68142019136,472
2019-03-13 01:21:00+00:00,29993.799825404916,29994.26442311959,29991.736762648696,29995.27038373209,635
2019-03-16 01:21:00+00:00,29995.13173459367,30004.321981990575,29994.9682784487,29994.506187815507,823
2019-03-19 01:21:00+00:00,29995.18695890922,30011.150693852745,29991.240904614555,29995.05179989337,227
2019-03-22 01:21:00+00:00,29994.44575852129,30005.739720416233,29976.451143584884,29993.671546727677,916
2019-03-25 01:21:00+00:00,29994.593198300907,30004.569270352793,29989.33187575209,29994.123453502612,613
2019-03-28 01:21:00+00:00,29993.99687204618,30000.9753140876,29976.75847402445,29993.429215219116,380
2019-03-31 01:21:00+00:00,29993.530790781177,30010.729838132007,29990.75380599577,29994.217722035002,968
2019-04-03 01:21:00+00:00,29993.20917630764,29998.125748240265,29980.38317812976,29992.750850817498,101
2019-04-06 01:21:00+00:00,29993.95110667147,29994.18568705992,29983.54781655816,29993.591463511246,820
2019-04-09 01:21:00+00:00,29996.25315892614,29997.06196539168,29980.87157851105,29995.858587789768,506
2019-04-12 01:21:00+00:00,29997.363815608936,30001.15886876252,29987.321210318838,29996.98684687092,574
2019-04-15 01:21:00+00:00,29996.148411446986,30001.331900510806,29980.53277506976,29994.567610932365,859
2019-04-18 01:21:00+00:00,29996.998806599306,30007.129786184927,29983.119206667503,29996.871888621314,694
2019-04-21 01:21:00+00:00,29995.965561021225,30006.02611328093,29995.24495839584,29996.85983985156,840
2019-04-24 01:21:00+00:00,29998.24214737494,30012.167331274057,29979.79676133963,29997.73628659057,251
2019-04-27 01:21:00+00:00,29997.904840651783,30015.006865381933,29990.495775879313,29998.62759771221,418
2019-04-30 01:21:00+00:00,29997.457644279355,30010.363585234445,29981.061965701592,29995.480679681943,841
2019-05-03 01:21:00+00:00,29997.59647826525,30015.274772461507,29979.316981698805,29995.37956749822,830
2019-05-06 01:21:00+00:00,29998.747900872553,30003.719145467014,29990.985340309715,29997.460539260723,962
2019-05-09 01:21:00+00:00,29997.589544418657,30016.235462507277,29980.062309980633,29998.27111378029,499
2019-05-12 01:21:00+00:00,29996.902980254614,30014.70903722068,29988.53452382481,29997.042368851056,734
2019-05-15 01:21:00+00:00,29997.935643780496,30016.090189998846,29988.10267460068,29996.29971208569,250
2019-05-18 01:21:00+00:00,29998.415898864754,30010.361788439204,29987.697953638435,29998.31935520307,482
2019-05-21 01:21:00+00:00,29996.45010710911,30009.951457061725,29977.56185834884,29995.618048243075,414
2019-05-24 01:21:00+00:00,29996.43511085779,30012.29414324614,29979.927587436734,29995.931592822864,831
2019-05-27 01:21:00+00:00,29996.012148200367,30005.947955387128,29980.853231033503,29997.42710952818,845
2019-05-30 01:21:00+00:00,29996.115836914727,30002.75242542526,29991.353503601033,29996.207523911802,582
2019-06-02 01:21:00+00:00,29995.564501986424,30007.96489446177,29991.613542022526,29998.361958666144,300
2019-06-05 01:21:00+00:00,29994.826197843984,30006.682323105542,29975.081484033093,29995.674160930514,753
2019-06-08 01:21:00+00:00,29995.98724944166,30006.694969333537,29979.40852664308,29995.150853552397,653
2019-06-11 01:21:00+00:00,29996.54749526311,30011.87841486096,29987.355733725166,29996.272072775053,716
2019-06-14 01:21:00+00:00,29997.99576498964,30004.44631843211,29992.033079469013,29997.40570446025,652
2019-06-17 01:21:00+00:00,29999.11045873262,30002.27318272441,29989.487630231124,29997.905085489074,333
2019-06-20 01:21:00+00:00,30000.552589668867,30004.509886575026,29995.98260427219,29999.61693728715,581
2019-06-23 01:21:00+00:00,30000.147730394965,30001.796091588967,29994.816844396188,29999.82626845768,535
2019-06-26 01:21:00+00:00,29998.931646777575,30011.42008985443,29979.26004674555,29997.34776987996,718
2019-06-29 01:21:00+00:00,29999.816709997966,30012.86179372626,29994.299012525535,29998.759296990007,378
2019-07-02 01:21:00+00:00,29999.7598189646,30014.144779225888,29987.40623063854,30000.673988983974,152
2019-07-05 01:21:00+00:00,29998.719619689684,30011.748628098554,29991.2084126876,29997.878997795902,205
2019-07-08 01:21:00+00:00,29999.00610505828,30017.880400609352,29981.560707451106,29996.80207067147,969
2019-07-11 01:21:00+00:00,29996.691699913332,30013.72321084473,29983.001862019366,29996.797371029523,405
2019-07-14 01:21:00+00:00,29997.807921227075,30002.213041804178,29990.66457789837,29997.82371759565,841
2019-07-17 01:21:00+00:00,29996.43324045935,30013.502842898783,29988.073191771666,29996.52906442997,795
2019-07-20 01:21:00+00:00,29997.980748707094,30001.57478677478,29979.246620682083,29999.36730920432,608
2019-07-23 01:21:00+00:00,29995.839571253244,29997.08971910439,29979.927355721724,29994.312099270188,415
2019-07-26 01:21:00+00:00,29996.12418429264,30013.132554519445,29986.546624979084,29997.75656002763,825
2019-07-29 01:21:00+00:00,29999.149623006673,30008.6486830069,29983.82081165788,29999.907976890005,772
2019-08-01 01:21:00+00:00,29998.774131497543,30013.302851411812,29998.58588325987,29998.717271480946,394
2019-08-04 01:21:00+00:00,29997.79949997722,30011.885592627787,29978.194053243336,29997.81405719935,664
2019-08-07 01:21:00+00:00,29997.210410418124,30011.231426742914,29986.66718877367,29997.25133565115,609
2019-08-10 01:21:00+00:00,29997.793424685162,30001.844941721167,29989.695763995856,29999.078761067725,801
2019-08-13 01:21:00+00:00,29997.078577934728,29998.096765271453,29987.90512737021,29995.59021803655,308
2019-08-16 01:21:00+00:00,29995.5460453976,30004.123802642192,29980.82291229338,29996.02319942194,257
2019-08-19 01:21:00+00:00,29994.535462728465,30007.70743016788,29987.29988316258,29995.406616159664,419
2019-08-22 01:21:00+00:00,29993.70514882574,29995.159780078495,29987.22149563648,29993.946523202198,499
2019-08-25 01:21:00+00:00,29995.069006537557,30006.392185034172,29986.662297039078,29993.116013328294,683
2019-08-28 01:21:00+00:00,29996.737663352127,30008.218638410963,29984.900844850825,29997.880950834748,828
2019-08-31 01:21:00+00:00,29996.242569455215,30013.055186244073,29977.92279121228,29996.73174214927,187
2019-09-03 01:21:00+00:00,29995.067132633056,29995.219343533096,29979.625789538553,29995.453694543135,456
2019-09-06 01:21:00+00:00,29993.191484286686,30002.487541946408,29979.551289159284,29992.65915723109,951
2019-09-09 01:21:00+00:00,29993.55054597295,30012.05003085043,29976.208618191962,29992.539733155052,749
2019-09-12 01:21:00+00:00,29993.175727556732,30005.677388415897,29978.54725639561,29991.703241364667,877
2019-09-15 01:21:00+00:00,29993.231391959147,29993.306231496117,29984.86060689645,29992.754087226003,292
2019-09-18 01:21:00+00:00,29993.22625146482,30010.973671599313,29986.239660616404,29992.607980311634,676
2019-09-21 01:21:00+00:00,29994.64694868793,30001.15567706092,29975.044416404737,29994.27021210794,794
2019-09-24 01:21:00+00:00,29994.81510121343,29999.04468708533,29990.520920722352,29993.933620822543,495
2019-09-27 01:21:00+00:00,29995.266368360626,30012.167650209467,29986.399591790094,29995.22886271968,358
2019-09-30 01:21:00+00:00,29995.191672690038,30001.17484874956,29987.393946108266,29995.351071056375,246
2019-10-03 01:21:00+00:00,29995.574538013374,30004.358492929357,29993.566505116007,29995.307187720788,543
2019-10-06 01:21:00+00:00,29996.337342046565,30014.196732826378,29987.682112989172,29995.488162147238,958
2019-10-09 01:21:00+00:00,29996.73438623487,29997.742158491288,29984.659215267522,29997.21624434337,753
2019-10-12 01:21:00+00:00,29995.2699098245,29996.18911057057,29977.465738114126,29994.81392089365,832
2019-10-15 01:21:00+00:00,29994.451714337254,29995.287650998886,29994.315864050048,29995.135861200146,386
2019-10-18 01:21:00+00:00,29994.764906709785,30008.500496405657,29980.988954699646,29996.229792050064,382
2019-10-21 01:21:00+00:00,29995.638167492554,30009.660126233328,29981.019854903505,29996.463838378084,663
2019-10-24 01:21:00+00:00,29995.681255690026,29998.882227880727,29975.848213495196,29994.543667065547,323
2019-10-27 01:21:00+00:00,29996.511490795456,30005.492088450865,29995.652467359334,29996.20474024421,883
2019-10-30 01:21:00+00:00,29997.085527946263,30012.406741853145,29980.493440253267,29998.15249307508,403
2019-11-02 01:21:00+00:00,29996.177879091825,30003.911484938755,29977.403570497005,29996.29788943958,188
2019-11-05 01:21:00+00:00,29997.208580618175,30014.049735205685,29980.355790009242,29995.8500537203,910
2019-11-08 01:21:00+00:00,29998.027886524433,30014.701943570326,29983.78830487252,29996.706352427464,110
2019-11-11 01:21:00+00:00,29997.610042748835,30012.408406251954,29994.477815301467,29997.225453146264,132
2019-11-14 01:21:00+00:00,29999.407517915315,30014.713405770748,29981.083693955166,30000.201128864206,218
2019-11-17 01:21:00+00:00,29998.8087396426,30002.151385413803,29987.996960848763,29999.69062958485,223
2019-11-20 01:21:00+00:00,30000.033158730737,30012.4787075836,29981.914705794738,30001.321185967518,764
2019-11-23 01:21:00+00:00,30000.24489920228,30005.87272801237,29993.65998138457,30000.238050496304,597
2019-11-26 01:21:00+00:00,30001.028691362146,30004.378050377123,29999.12171977851,29999.384528425642,187
2019-11-29 01:21:00+00:00,30002.703787860348,30006.747343135798,29996.09488399335,30002.98957185486,591
2019-12-02 01:21:00+00:00,30003.525914413738,30020.100126754027,29983.579942045064,30003.27663624621,147
2019-12-05 01:21:00+00:00,30001.310103218933,30015.748209720856,29990.613198899373,30000.833680561496,933
2019-12-08 01:21:00+00:00,30001.453095303175,30015.662249698915,29999.627251093563,30000.349015925185,349
2019-12-11 01:21:00+00:00,30002.42044150301,30006.64579355937,29988.565121610143,30002.991734160016,535
2019-12-14 01:21:00+00:00,30000.38425373932,30005.14584991196,29985.1111072234,30000.536985433628,741
2019-12-17 01:21:00+00:00,29999.637072794692,30011.71305142848,29985.507379559745,29998.268376233456,797
2019-12-20 01:21:00+00:00,29999.369341745707,30001.360976213975,29996.05706882175,29996.68944248188,387
2019-12-23 01:21:00+00:00,30000.347611249457,30017.52685860063,29991.451060968684,30000.244343104114,871
2019-12-26 01:21:00+00:00,30001.74938479868,30008.176251767083,29992.679972176775,30001.84406856952,318
2019-12-29 01:21:00+00:00,30002.170594664312,30002.98697634585,29999.984895780217,30001.57750690977,332
2020-01-01 01:21:00+00:00,30002.42554401114,30010.700146745177,29985.16442806714,30001.425508489447,516
2020-01-04 01:21:00+00:00,30001.29223141098,30008.99950895957,29986.463263151516,30000.557891638826,913
2020-01-07 01:21:00+00:00,30000.62165366027,30011.138874365082,29991.64716368176,30001.579722893377,822
2020-01-10 01:21:00+00:00,29999.298650252567,30017.46366038697,29996.676928499895,29998.937111222254,992
2020-01-13 01:21:00+00:00,29998.536213088053,30002.011545996065,29994.77623544412,29999.016258613465,777
2020-01-16 01:21:00+00:00,29998.6424128992,30014.040234985136,29990.99405150527,29998.50071431145,830
2020-01-19 01:21:00+00:00,29997.16159959374,30005.24412015276,29993.307234502983,29996.351840464566,453
2020-01-22 01:21:00+00:00,29998.105142796976,30013.120606102133,29984.906189925292,29998.17142973759,339
2020-01-25 01:21:00+00:00,29997.973087980397,30004.334897511544,29979.788767630856,29997.537688298733,156
2020-01-28 01:21:00+00:00,29997.442144174856,30011.085401262215,29993.85040208535,29997.88709025701,543
2020-01-31 01:21:00+00:00,29999.055968330853,29999.800074267176,29983.93836970571,29999.560048482315,912
2020-02-03 01:21:00+00:00,29998.84310388828,30005.621910105565,29980.241200711676,29998.172817772356,208
2020-02-06 01:21:00+00:00,30000.411164175774,30008.252713767575,29989.81816710903,30000.38430528792,520
2020-02-09 01:21:00+00:00,29998.471906405197,30005.90517312305,29983.903299355043,29999.202036298164,172
2020-02-12 01:21:00+00:00,29999.566949702752,30011.849444130035,29993.450648310525,29999.853800912624,697
2020-02-15 01:21:00+00:00,29999.34527919805,30002.98620895584,29997.765949700555,29998.682267531094,787
2020-02-18 01:21:00+00:00,30000.09531165237,30001.690163225314,29996.893461069667,29998.69156152568,935
2020-02-21 01:21:00+00:00,30000.57476041694,30009.237056873768,29989.179390275644,29999.301588825805,856
2020-02-24 01:21:00+00:00,29999.332810185,30001.612544710137,29993.689143930238,29999.465696980893,410
2020-02-27 01:21:00+00:00,29999.205876647306,30000.195643296152,29986.7880103293,29999.089733720517,262
2020-03-01 01:21:00+00:00,29998.714832426234,30000.775963455082,29988.473164845884,29998.118695510864,731
2020-03-04 01:21:00+00:00,29998.96467622121,30016.79393908363,29994.20779665459,29999.940064156002,376
2020-03-07 01:21:00+00:00,29998.032846543145,30007.14135740627,29978.165138375505,29998.114944980178,349
2020-03-10 01:21:00+00:00,29998.198958840843,30003.40361058465,29984.7219717718,29998.251113330924,824
2020-03-13 01:21:00+00:00,29999.37239802782,30012.37013252636,29990.11243665387,29999.287839164066,744
2020-03-16 01:21:00+00:00,29998.129225607918,30004.971371705436,29987.034300293497,29997.92022771451,396
2020-03-19 01:21:00+00:00,29996.701214650857,29998.613750833276,29987.502506219924,29997.00950607885,151
2020-03-22 01:21:00+00:00,29995.67732431912,29996.065595531185,29976.72576128326,29993.24060367951,114
2020-03-25 01:21:00+00:00,29996.04980926858,30010.46660865291,29987.389472284634,29996.38237356478,620
2020-03-28 01:21:00+00:00,29995.6351157175,30003.532243883,29994.26879903972,29994.100115159315,643
2020-03-31 01:21:00+00:00,29994.18496917252,30006.210291451447,29992.89547898377,29992.636392013137,845
2020-04-03 01:21:00+00:00,29994.670496510604,30005.544428848847,29974.921317546992,29992.545937162202,653
2020-04-06 01:21:00+00:00,29994.138653872047,30010.36930492559,29983.296535377052,29993.93043129258,564
2020-04-09 01:21:00+00:00,29992.350473625684,29998.443189591606,29985.306748562063,29992.48380440786,698
2020-04-12 01:21:00+00:00,29993.190122376574,30001.011057235737,29984.807693711748,29993.13108931298,697
2020-04-15 01:21:00+00:00,29993.71467938043,30005.281485159485,29980.056304478956,29995.900540516024,825
2020-04-18 01:21:00+00:00,29993.804952649683,29993.814677612438,29980.683075195586,29991.24429789462,404
2020-04-21 01:21:00+00:00,29993.424111992605,29995.678770376315,29987.51037154197,29993.218663783562,643
2020-04-24 01:21:00+00:00,29993.263581367355,30001.172410531435,29993.12120784431,29992.917913713278,563
2020-04-27 01:21:00+00:00,29993.485380891743,29994.284363384675,29991.208978263003,29992.627905542053,157
2020-04-30 01:21:00+00:00,29993.339909671507,29998.927733900135,29982.033282287364,29993.74244816734,370
2020-05-03 01:21:00+00:00,29994.36743052804,30013.047252927936,29976.65817992916,29994.979889683127,199
2020-05-06 01:21:00+00:00,29994.146076261535,30009.934529934588,29980.92741486946,29994.837769307254,861
2020-05-09 01:21:00+00:00,29993.717629288527,30002.803962406157,29987.567392417695,29992.781458387624,579
2020-05-12 01:21:00+00:00,29994.743974761714,30003.010374263304,29985.491467336327,29993.283857967603,470
2020-05-15 01:21:00+00:00,29994.471553292296,30000.440889607096,29979.636644838116,29994.517719520554,829
2020-05-18 01:21:00+00:00,29993.538881519235,29999.24759909669,29978.27649763661,29995.664751816246,336
2020-05-21 01:21:00+00:00,29992.16562224018,29999.695923549876,29980.90102276292,29992.942321262697,105
2020-05-24 01:21:00+00:00,29992.703117253193,30004.54074383905,29987.41020750009,29993.885557461002,932
2020-05-27 01:21:00+00:00,29993.295307324035,30006.132060511063,29991.335106798568,29993.04587793836,836
2020-05-30 01:21:00+00:00,29994.656160988616,30008.02078845295,29976.365755797182,29995.479962590125,838
2020-06-02 01:21:00+00:00,29995.090497188525,30004.946280375807,29976.817723066906,29995.496302971238,119
2020-06-05 01:21:00+00:00,29995.678796175467,29999.016133875157,29994.641401956495,29996.598050839482,585
2020-06-08 01:21:00+00:00,29994.5169634219,30013.60631035091,29987.69014676202,29994.35755110271,826
2020-06-11 01:21:00+00:00,29993.43918248894,29998.97692764788,29990.865325807124,29993.514405574093,474
2020-06-14 01:21:00+00:00,29993.77682633792,29998.136659182135,29985.191556764727,29993.720191800163,514
2020-06-17 01:21:00+00:00,29995.366412660234,30004.419387974744,29994.135803162797,29995.645969294957,968
2020-06-20 01:21:00+00:00,29994.200252518607,30011.55802290325,29980.112485344845,29994.061453119833,340
2020-06-23 01:21:00+00:00,29995.682600927805,30004.07583845362,29981.10410096105,29995.12152566919,706
2020-06-26 01:21:00+00:00,29995.467612082502,30010.08455269909,29984.976001617826,29994.24853532323,860
2020-06-29 01:21:00+00:00,29994.943895249406,29997.009991266816,29989.790208548035,29994.54341452274,103
2020-07-02 01:21:00+00:00,29996.25436806522,29997.957324418283,29981.202742365396,29997.148964698594,642
2020-07-05 01:21:00+00:00,29996.718562144222,30008.214664788862,29984.246503129532,29996.637650478526,894
2020-07-08 01:21:00+00:00,29996.550902151535,30013.577809841558,29988.870739859092,29994.98762370195,881
2020-07-11 01:21:00+00:00,29997.09697800714,29998.91555549821,29990.15413179584,29997.33365531841,258
2020-07-14 01:21:00+00:00,29996.87152664449,30001.836522062236,29989.33874245962,29997.398187339277,175
2020-07-17 01:21:00+00:00,29995.922229673408,30001.979070254365,29994.331017415163,29996.043247379403,599
2020-07-20 01:21:00+00:00,29997.305901701187,30010.88915098004,29987.812551681127,29997.632762430567,925
2020-07-23 01:21:00+00:00,29997.633455815623,30017.213427305724,29979.399979471218,29997.41569944688,502
2020-07-26 01:21:00+00:00,29997.83681965769,30012.58131977136,29985.340936003497,29997.364695073575,643
2020-07-29 01:21:00+00:00,29998.670682544,30014.30294512327,29984.65696521371,29996.27308438012,270
2020-08-01 01:21:00+00:00,30000.424373725713,30003.89423650808,29980.444509912042,29999.966899188898,524
2020-08-04 01:21:00+00:00,30003.59298823441,30020.124505038406,29997.170550508246,30002.913263946248,829
2020-08-07 01:21:00+00:00,30003.628893372832,30020.52099175123,29985.220823048825,30002.883748329743,174
2020-08-10 01:21:00+00:00,30003.329096125733,30015.181433164576,29989.904893410367,30001.81964043851,717
2020-08-13 01:21:00+00:00,30003.630570555935,30005.510225717946,29994.810659970437,30003.795623052723,396
2020-08-16 01:21:00+00:00,30003.539209916988,30020.720078996914,30000.661556315004,30004.13331315005,654
2020-08-19 01:21:00+00:00,30003.705181966827,30006.545905880866,29998.364590326484,30003.805386283562,322
2020-08-22 01:21:00+00:00,30004.291650217456,30007.34342508397,29998.46180879285,30002.662333432636,452
2020-08-25 01:21:00+00:00,30005.71370987263,30013.14302385169,29990.06976009893,30005.91838639263,255
2020-08-28 01:21:00+00:00,30004.706925969527,30017.60236189089,29989.70765838868,30004.340816452648,791
2020-08-31 01:21:00+00:00,30004.22210594293,30004.663767978655,29990.544472070997,30004.517008133596,585
2020-09-03 01:21:00+00:00,30005.933685193006,30021.81289222441,30004.38846068275,30007.626180323707,775
2020-09-06 01:21:00+00:00,30005.69169139487,30008.738117752466,29996.122710109947,30006.210726480946,136
2020-09-09 01:21:00+00:00,30006.328746240764,30016.537257502918,29994.76263021909,30006.756146720167,463
2020-09-12 01:21:00+00:00,30005.561554264576,30018.952083291475,29997.61348977818,30005.17850452288,459
2020-09-15 01:21:00+00:00,30005.690375672977,30005.94861258934,29997.681764768127,30004.642610950887,738
2020-09-18 01:21:00+00:00,30005.357205784316,30022.5171405988,29987.88545291746,30004.21746371941,637
2020-09-21 01:21:00+00:00,30006.601278651517,30008.873470109018,29994.323921031173,30008.285552799116,906
2020-09-24 01:21:00+00:00,30008.067151549516,30008.646111113383,29994.318104528884,30008.811403147363,830
2020-09-27 01:21:00+00:00,30005.85568253449,30019.305899743722,30004.009484478353,30007.43819580805,272
2020-09-30 01:21:00+00:00,30007.178327869817,30014.562035332605,30001.714974134942,30005.165340969295,498
2020-10-03 01:21:00+00:00,30005.33145208911,30016.73238988543,29995.581596433556,30006.68955852759,129
2020-10-06 01:21:00+00:00,30004.927415559458,30016.1603783507,29987.65087961754,30005.40852320468,336
2020-10-09 01:21:00+00:00,30004.4830078875,30012.283164106684,30001.11782602162,30005.651546099845,689
2020-10-12 01:21:00+00:00,30003.239610304627,30019.434204315472,29994.743616702515,30001.93717635949,154
2020-10-15 01:21:00+00:00,30003.049658226653,30017.651208764557,29988.250789903963,30003.44157939805,767
2020-10-18 01:21:00+00:00,30002.535885625304,30005.404604190786,29998.259429619728,30003.025010492573,856
2020-10-21 01:21:00+00:00,30002.413827191387,30014.996445768626,29990.504274112587,30004.08325560132,298
2020-10-24 01:21:00+00:00,30002.56858542688,30021.28573258884,29985.273665568515,30002.80295727772,601
2020-10-27 01:21:00+00:00,30003.340582565812,30014.197298489737,29994.92363552749,30005.010537141166,174
2020-10-30 01:21:00+00:00,30003.239515788904,30010.59433079797,29996.724069790034,30004.120134759225,627
2020-11-02 01:21:00+00:00,30004.313706959132,30008.869300744856,30002.922560350453,30004.10128790112,504
2020-11-05 01:21:00+00:00,30003.122210648944,30008.387544974248,29997.097374616864,30004.803885698213,894
2020-11-08 01:21:00+00:00,30005.744900566995,30015.050355114643,29994.426134862464,30004.793777186824,455
2020-11-11 01:21:00+00:00,30005.77644832942,30010.725924246257,30005.563081035427,30004.947704972757,268
2020-11-14 01:21:00+00:00,30003.896571825448,30012.061778537245,29994.240011103535,30003.629569383724,734
2020-11-17 01:21:00+00:00,30003.37644443221,30013.04016274751,30001.714302536016,30003.18617828631,361
2020-11-20 01:21:00+00:00,30003.618879478894,30010.395120193203,29997.33638780601,30003.47483007333,813
2020-11-23 01:21:00+00:00,30003.371829816846,30017.23291985398,29999.704919048,30005.372984212834,676
2020-11-26 01:21:00+00:00,30004.063914938117,30011.412131266206,29991.888991425247,30005.27493251447,364
2020-11-29 01:21:00+00:00,30003.36323791648,30014.745500417674,29989.11539898342,30003.30675127172,696
2020-12-02 01:21:00+00:00,30001.60830190117,30015.754574524555,29994.338957450287,30003.001698817712,155
2020-12-05 01:21:00+00:00,30001.56417933143,30010.31055955831,30001.109636196186,30000.729840893473,157
2020-12-08 01:21:00+00:00,30000.563936889368,30010.422181308415,29990.39893613047,29998.04627174749,242
2020-12-11 01:21:00+00:00,30001.381930969488,30017.13922100817,29983.68581000043,30000.90021873863,217
2020-12-14 01:21:00+00:00,30000.93647543475,30008.484308034862,29999.942529900793,30000.511022962623,699
2020-12-17 01:21:00+00:00,30000.24537932203,30004.928160279636,29982.808159776305,29998.686154811854,959
2020-12-20 01:21:00+00:00,29998.72529381758,30018.612697403347,29985.91864615174,29997.951655533652,278
2020-12-23 01:21:00+00:00,29998.6162684601,30014.122090645207,29988.31420771142,29998.60575916104,929
2020-12-26 01:21:00+00:00,29998.07249235944,30014.331899938275,29980.154651478115,29997.827042222936,318
2020-12-29 01:21:00+00:00,29998.138163781055,30012.361323433932,29984.8669073018,29999.88790132736,402
2021-01-01 01:21:00+00:00,29999.096234197543,30015.24330203542,29989.61983989309,29999.12000862578,199
2021-01-04 01:21:00+00:00,29998.53666899146,30002.18127282715,29994.121290276922,29998.353293579894,356
2021-01-07 01:21:00+00:00,29997.462765456105,30000.963783625826,29989.136718002977,29997.450829080695,678
2021-01-10 01:21:00+00:00,29996.49730798327,30012.123730237516,29993.30705518127,29997.590690790326,767
2021-01-13 01:21:00+00:00,29997.54721345791,30016.951358583752,29987.342916333495,29998.697924623804,544
2021-01-16 01:21:00+00:00,29997.644210171657,30005.540178625444,29985.092553673003,29996.47682316979,171
2021-01-19 01:21:00+00:00,29996.798479582558,30008.253776353784,29977.039207509803,29996.857796715,878
2021-01-22 01:21:00+00:00,29996.747158109643,29999.88677416423,29979.3255067847,29995.705014585936,614
2021-01-25 01:21:00+00:00,29997.634794217196,29998.495273717468,29978.459855453744,29996.229555036854,310
2021-01-28 01:21:00+00:00,29997.875082046794,30006.255729958615,29990.925066978794,29999.21630157932,530
2021-01-31 01:21:00+00:00,29997.452009934295,29998.268416701707,29985.695434969326,29997.68932643931,370
2021-02-03 01:21:00+00:00,29996.62072631631,30004.25799986362,29990.818823139918,29997.056256942382,152
2021-02-06 01:21:00+00:00,29996.328194851754,30014.572437110008,29984.420248710576,29994.911160770465,189
2021-02-09 01:21:00+00:00,29996.92393864506,30016.464304245514,29986.043547597288,29997.228522358,568
2021-02-12 01:21:00+00:00,29996.292550175425,29998.096362441833,29990.363874075632,29996.163968956753,832
2021-02-15 01:21:00+00:00,29995.584985978,30006.78157067398,29983.027633544356,29995.584565365367,781
2021-02-18 01:21:00+00:00,29995.485760388998,30009.94175238437,29983.30510462562,29993.97115314088,692
2021-02-21 01:21:00+00:00,29995.605478284117,30007.749099551827,29988.875317489,29995.55491838396,471
2021-02-24 01:21:00+00:00,29996.225790064684,30008.89935175711,29980.814910179062,29998.441627672386,179
2021-02-27 01:21:00+00:00,29995.18469917143,30014.63033975177,29975.68037237176,29995.902426853856,999
2021-03-02 01:21:00+00:00,29995.612335827027,30002.676729143473,29986.691652376176,29995.452562130824,502
2021-03-05 01:21:00+00:00,29997.095802861262,30005.428583671925,29984.684737412284,29998.28316388448,982
2021-03-08 01:21:00+00:00,29998.3205187445,29999.954847056615,29993.945169610746,29998.633541916275,958
2021-03-11 01:21:00+00:00,29997.095878407814,29997.37011470847,29988.218844867446,29996.706845383178,662
2021-03-14 01:21:00+00:00,29997.322037282232,30009.640328329526,29996.81488428309,29998.764973699865,823
2021-03-17 01:21:00+00:00,29996.573525164433,30002.947964160787,29991.15374651631,29996.352564068304,632
2021-03-20 01:21:00+00:00,29996.187548889953,30014.81186911648,29994.522792007476,29996.290437931653,697
2021-03-23 01:21:00+00:00,29996.116715075663,30010.83267032395,29992.33332071823,29994.96683606314,946
2021-03-26 01:21:00+00:00,29996.370158163383,29999.21690025466,29980.700149371285,29995.69928500209,237
2021-03-29 01:21:00+00:00,29996.175393520396,30004.246458049616,29988.82599447089,29997.14671739153,982
2021-04-01 01:21:00+00:00,29996.68065079595,30006.53676958013,29992.67820211352,29997.42936547532,414
2021-04-04 01:21:00+00:00,29998.028048712935,30016.4939096115,29978.405352306145,29996.29846525212,374
2021-04-07 01:21:00+00:00,29996.76119398906,30012.488593002417,29979.955893070106,29997.264980011765,311
2021-04-10 01:21:00+00:00,29997.441724685472,30005.163630630857,29987.0604038114,29997.142220375023,603
2021-04-13 01:21:00+00:00,29998.783158295897,30015.549266622704,29983.84324137073,29997.57641990143,487
2021-04-16 01:21:00+00:00,29998.378878665288,30015.633602071706,29987.739776718023,29999.536513054307,602
2021-04-19 01:21:00+00:00,29999.877451771063,30009.040660836545,29983.35253014387,29999.778304231073,797
2021-04-22 01:21:00+00:00,29999.189364899496,30006.581923329046,29992.745553460183,29998.744678555202,175
2021-04-25 01:21:00+00:00,29999.075579048556,30017.535385612948,29989.6373786101,29997.05256666524,598
2021-04-28 01:21:00+00:00,29999.10504641183,30008.639945623487,29986.153079005442,29998.14410707086,704
2021-05-01 01:21:00+00:00,30000.254850627152,30005.234988976474,29986.171769705736,30001.902763751146,116
2021-05-04 01:21:00+00:00,30000.812856666587,30015.438389348372,29982.09331016976,30000.81580110783,532
2021-05-07 01:21:00+00:00,29999.474270719486,30014.847456599447,29983.195682311096,29998.915668179285,736
2021-05-10 01:21:00+00:00,30000.20626738238,30004.92193135267,29992.415359468465,29998.888040793434,914
2021-05-13 01:21:00+00:00,29999.145841834936,30011.3060700089,29983.908779662288,29998.31682740736,174
2021-05-16 01:21:00+00:00,29999.211568646122,30011.836455763543,29986.071293928562,29998.67417948786,519
2021-05-19 01:21:00+00:00,29999.375912169224,30007.31340463959,29980.24359257265,29998.86591489438,552
2021-05-22 01:21:00+00:00,30000.194330508995,30009.970134047446,29980.791559827678,30001.31970863936,287
2021-05-25 01:21:00+00:00,30001.11190673281,30018.534276946193,29998.334389543343,30001.81082523006,823
2021-05-28 01:21:00+00:00,30000.40723607415,30019.12095339583,29986.867375777158,29999.439660147484,665
2021-05-31 01:21:00+00:00,30000.66286980482,30009.02643026597,29996.068972304394,29997.487527667156,327
2021-06-03 01:21:00+00:00,30000.31209282871,30017.170190944275,29995.621184172494,30001.28136502091,288
2021-06-06 01:21:00+00:00,30000.71435714704,30014.347221125205,29992.78490772132,30000.074664857708,213
2021-06-09 01:21:00+00:00,30002.047204242503,30011.9726459638,30000.49872268243,30001.685372110544,464
2021-06-12 01:21:00+00:00,30001.27401988049,30009.473274949472,29991.0914926276,30001.49113015426,322
2021-06-15 01:21:00+00:00,30000.22438269541,30016.676729645813,29993.98628132389,29999.404871683295,451
2021-06-18 01:21:00+00:00,29999.105582975953,29999.85754923996,29987.186365675654,29999.05204774282,803
2021-06-21 01:21:00+00:00,29999.398672786116,30004.0343661894,29984.25608631127,30000.797935708168,968
2021-06-24 01:21:00+00:00,30000.118184334613,30016.671272535008,29987.91380120084,29999.23911809833,973
2021-06-27 01:21:00+00:00,29999.97536641834,30001.75660074472,29981.70485127286,30000.533880486317,202
2021-06-30 01:21:00+00:00,29999.929349771075,30013.903396251408,29992.65975437423,30000.090704523922,711
2021-07-03 01:21:00+00:00,29999.769672624603,30014.27150169584,29990.239677285255,29998.815047273598,566
2021-07-06 01:21:00+00:00,29998.281309261725,30009.535336141627,29990.36368965304,29998.698198266746,253
2021-07-09 01:21:00+00:00,29999.382541719253,30016.076103637086,29984.676351116006,29999.608860159733,883
2021-07-12 01:21:00+00:00,29998.933721290254,30009.601131792802,29992.453688782145,29999.337525402625,380
2021-07-15 01:21:00+00:00,30000.099249611325,30000.74337887107,29981.35398990123,29999.305394067578,476
2021-07-18 01:21:00+00:00,29998.79794865494,30008.693987594877,29990.547228383846,29998.824403914503,130
2021-07-21 01:21:00+00:00,29999.65067439733,30006.54173959927,29980.165407777033,30000.69406176265,249
2021-07-24 01:21:00+00:00,30000.183204026023,30013.36313906156,29991.63152096451,29998.243307478697,306
2021-07-27 01:21:00+00:00,30001.224877781686,30004.201962625164,29995.37433446116,30000.457825968955,477
2021-07-30 01:21:00+00:00,30001.405667624167,30008.39763170478,30001.12365746243,30003.349507052913,131
2021-08-02 01:21:00+00:00,30001.458117020466,30014.507258352874,29997.547872987427,30000.499911063696,453
2021-08-05 01:21:00+00:00,30001.815864673375,30018.572645904194,29987.514931715046,30002.51410195898,134
2021-08-08 01:21:00+00:00,30000.67382906426,30014.43492304888,29998.218363807497,29999.61602063192,812
2021-08-11 01:21:00+00:00,30003.047055952233,30019.323151278164,30001.671892625534,30002.450495183577,395
2021-08-14 01:21:00+00:00,30004.133740248864,30016.015099004733,29992.457892973984,30003.602425231933,775
2021-08-17 01:21:00+00:00,30004.84655815854,30022.328825967492,29996.478338468827,30003.037575251474,476
2021-08-20 01:21:00+00:00,30005.359831887683,30022.25631870709,29992.795209040116,30005.030905038857,773
2021-08-23 01:21:00+00:00,30006.234578595155,30011.241160880676,29994.928130308446,30005.075893553796,415
2021-08-26 01:21:00+00:00,30006.77771512265,30020.130118871086,29992.3857053428,30007.47402266364,764
2021-08-29 01:21:00+00:00,30007.74004825014,30018.096216706,30005.56765337845,30008.953928581126,664
2021-09-01 01:21:00+00:00,30008.414159113086,30021.819854480687,29992.862834377433,30007.925415749534,402
2021-09-04 01:21:00+00:00,30007.426153087043,30022.55364539602,30000.66471486468,30008.420469877085,848
2021-09-07 01:21:00+00:00,30006.325560314446,30008.10145886531,30005.07998501859,30007.27830860505,388
2021-09-10 01:21:00+00:00,30006.034289211057,30010.406932595495,29986.82294459555,30007.198772456508,980
2021-09-13 01:21:00+00:00,30006.296716565543,30018.222809279203,30001.182846594533,30005.614976316356,582
2021-09-16 01:21:00+00:00,30005.510395057467,30015.670398848117,29989.599820670384,30005.47543885661,995
2021-09-19 01:21:00+00:00,30003.35870964336,30007.70725281675,29986.02469440775,30001.08704617321,778
2021-09-22 01:21:00+00:00,30003.99189889366,30011.094544886593,29986.320796170883,30005.20190341319,321
2021-09-25 01:21:00+00:00,30002.366599185214,30012.373123110385,29985.02519975017,30002.75054183092,117
2021-09-28 01:21:00+00:00,30002.357452209537,30005.04720771357,29998.951271029782,30002.883767276515,686
2021-10-01 01:21:00+00:00,30001.847019589946,30015.626634226322,30001.256124526197,30001.024549328893,769
2021-10-04 01:21:00+00:00,30003.302624737982,30021.572870748998,29999.207711114963,30003.73267825755,650
2021-10-07 01:21:00+00:00,30002.313382612847,30020.718070653784,29992.698530363366,30002.610781098112,168
2021-10-10 01:21:00+00:00,30001.710848883693,30011.8638044614,29993.706572597683,30001.14295523244,922
2021-10-13 01:21:00+00:00,30001.560009538774,30014.955738985536,29997.790865164996,30002.59919257945,174
2021-10-16 01:21:00+00:00,30000.44857640667,30003.34773906703,29997.876886682672,29999.170495061888,631
2021-10-19 01:21:00+00:00,29999.745299521826,30000.395325602687,29995.114509284726,29999.937226418537,646
2021-10-22 01:21:00+00:00,29999.03772473657,30001.69854118712,29987.12934352846,29998.547905560416,547
2021-10-25 01:21:00+00:00,29998.35772403071,30001.247043272015,29992.590910312134,29997.058343869576,252
2021-10-28 01:21:00+00:00,29998.168087332906,29999.427551602133,29988.336219814024,29999.9727337576,171
2021-10-31 01:21:00+00:00,29998.81373138603,30017.11490690009,29994.659585617454,29998.43788914877,996
2021-11-03 01:21:00+00:00,29998.27142454427,30016.65565041632,29980.908963338632,29998.329223931396,574
2021-11-06 01:21:00+00:00,29997.718176477363,30006.62081655373,29995.998546789506,29998.59509741081,755
2021-11-09 01:21:00+00:00,29999.572470983607,30002.08508812357,29999.37562594451,29999.72599807954,646
2021-11-12 01:21:00+00:00,29999.321088633722,30000.978006286714,29982.845260362978,30001.539439575354,624
2021-11-15 01:21:00+00:00,29997.981387177464,30000.907633334948,29993.192992806707,29999.83533402066,552
2021-11-18 01:21:00+00:00,29997.493133479642,30015.929436529685,29981.48668332584,29999.157958241798,899
2021-11-21 01:21:00+00:00,29998.396014754362,30008.492154294847,29994.2385683627,29998.180839806668,786
2021-11-24 01:21:00+00:00,29997.87116461795,29999.833922442227,29986.910968591645,29997.571954347262,626
2021-11-27 01:21:00+00:00,29996.521555382402,30007.188781225468,29988.913722109304,29995.122801684152,243
2021-11-30 01:21:00+00:00,29996.105403104873,30001.64908122385,29982.58796759875,29994.88577218893,585
2021-12-03 01:21:00+00:00,29993.824130757926,30000.759457053297,29980.67197772579,29994.431325326896,430
2021-12-06 01:21:00+00:00,29991.67965287504,30008.670478967993,29987.944542931695,29990.608721241737,752
2021-12-09 01:21:00+00:00,29991.880130309204,30004.000023490767,29989.333885185297,29993.429390546557,524
2021-12-12 01:21:00+00:00,29992.211970372777,29999.722751842397,29972.620476333628,29991.746385229253,219
2021-12-15 01:21:00+00:00,29991.839796728065,30005.37224962892,29980.46319105506,29991.97604184324,763
2021-12-18 01:21:00+00:00,29991.55354376022,29993.39813726292,29975.429004117006,29991.17548733233,570
2021-12-21 01:21:00+00:00,29991.18698124254,29995.888161820407,29975.76882187922,29991.846040278975,371
2021-12-24 01:21:00+00:00,29992.507829862952,30003.19166342681,29991.682956718127,29991.666076798385,840
2021-12-27 01:21:00+00:00,29993.294724812204,29997.117411837116,29977.77272606748,29992.20952143397,949
2021-12-30 01:21:00+00:00,29993.978359281522,30011.135374188267,29990.188982018444,29993.663398776298,941
2022-01-02 01:21:00+00:00,29993.84739369371,30006.484369760252,29986.411563058115,29993.79654347629,230
2022-01-05 01:21:00+00:00,29993.696309823274,30000.279902404563,29977.983708359116,29992.187628668664,865
2022-01-08 01:21:00+00:00,29994.78206011897,30005.857339293078,29993.65995868955,29993.41207882588,402
2022-01-11 01:21:00+00:00,29996.000288902123,30008.45054650612,29987.38224826246,29996.775060700344,426
2022-01-14 01:21:00+00:00,29996.21077099662,30004.97747125752,29993.54315851256,29995.240524926787,374
2022-01-17 01:21:00+00:00,29996.555217265348,29997.814165082917,29992.363640913878,29996.12506015192,459
2022-01-20 01:21:00+00:00,29997.44149182685,29998.641434653044,29987.986776461585,29997.89490785173,688
2022-01-23 01:21:00+00:00,29996.57365308495,30013.926711343745,29978.62936702686,29997.185252777934,327
2022-01-26 01:21:00+00:00,29995.201665308225,29998.007858965408,29980.43576092574,29995.643221427377,403
2022-01-29 01:21:00+00:00,29994.62437750457,30014.41451742601,29990.531017649075,29994.432129475255,695
2022-02-01 01:21:00+00:00,29995.216658894158,30002.15231260284,29989.998384614388,29993.786637565772,249
2022-02-04 01:21:00+00:00,29996.923634557752,30016.554934154905,29984.449865751038,29996.143512786497,742
2022-02-07 01:21:00+00:00,29998.05699039739,30002.926863830024,29997.727274772486,29998.304941949376,191
2022-02-10 01:21:00+00:00,29998.604999830666,30010.36235568512,29991.57495920827,29998.888858878905,554
2022-02-13 01:21:00+00:00,29997.174293547465,30015.018685603794,29981.803054293203,29997.930139247066,167
2022-02-16 01:21:00+00:00,29995.299814457256,30012.93594421067,29982.735602328557,29995.20952769184,296
2022-02-19 01:21:00+00:00,29996.940509325203,30006.054889634925,29991.286193499567,29994.680522406714,947
2022-02-22 01:21:00+00:00,29996.48655451296,30001.390034328764,29993.40455751461,29995.944789823858,541
2022-02-25 01:21:00+00:00,29994.967332151635,29997.716428377047,29977.118816297854,29995.49845443582,744
2022-02-28 01:21:00+00:00,29995.782839256317,30006.141811608333,29991.16831644545,29995.4662591624,561
2022-03-03 01:21:00+00:00,29996.226788924658,30004.70981297915,29981.631152781287,29998.195887256577,801
2022-03-06 01:21:00+00:00,29996.542523603763,30014.93185765186,29989.747776392695,29995.388683036526,647
2022-03-09 01:21:00+00:00,29996.38936002013,30011.8456554861,29994.1739640089,29994.11362866597,280
2022-03-12 01:21:00+00:00,29995.613215221758,30010.87538691573,29981.86049808823,29994.801952723115,292
2022-03-15 01:21:00+00:00,29995.047711752573,30012.365432620412,29977.293675200614,29996.114793334615,291
2022-03-18 01:21:00+00:00,29994.978455883003,30011.696686243493,29982.37423432652,29994.1079157662,903
2022-03-21 01:21:00+00:00,29995.504891125605,30008.54592966019,29986.28215897869,29994.13384082435,472
2022-03-24 01:21:00+00:00,29995.388929823523,30013.262299095648,29977.069628448437,29994.230719169882,405
2022-03-27 01:21:00+00:00,29994.827851309718,29997.34665644161,29980.776288921876,29993.886781411635,529
2022-03-30 01:21:00+00:00,29994.418384926514,30009.231920619382,29991.473943942146,29995.504951800947,720
2022-04-02 01:21:00+00:00,29994.518689911158,30003.405722866708,29977.612183782567,29995.819110137007,710
2022-04-05 01:21:00+00:00,29994.97585221852,30010.89145374903,29981.197292515626,29996.67549637358,153
2022-04-08 01:21:00+00:00,29993.464226804244,30010.710132827775,29979.578835926524,29994.584792696536,711
2022-04-11 01:21:00+00:00,29993.84290378613,29997.768633878284,29980.666336402035,29992.015454153337,698
2022-04-14 01:21:00+00:00,29995.557859865592,30009.50835523784,29991.41289138442,29997.266502103874,876
2022-04-17 01:21:00+00:00,29994.511812401273,29998.308176276096,29979.042966436416,29994.68137239819,356
2022-04-20 01:21:00+00:00,29994.34482550228,30007.60700822688,29993.9383803803,29993.00379647957,276
2022-04-23 01:21:00+00:00,29993.62426561372,30002.0577991922,29984.823399334473,29991.693229104258,729
2022-04-26 01:21:00+00:00,29992.601703849818,30009.491975593723,29986.801959275766,29991.262797269104,385
2022-04-29 01:21:00+00:00,29994.30836656554,30000.942101443135,29983.0614975462,29995.621524469436,200
2022-05-02 01:21:00+00:00,29995.43026184002,30000.079820013023,29991.44543181729,29994.753025136015,246
2022-05-05 01:21:00+00:00,29996.95666001118,29997.049655100942,29988.083461220886,29996.7421702982,769
2022-05-08 01:21:00+00:00,29995.81932772977,30002.25731078839,29988.683277152406,29996.659502420946,165
2022-05-11 01:21:00+00:00,29997.11295239735,29999.170718931313,29986.433192404245,29997.727818225587,495
2022-05-14 01:21:00+00:00,29995.633835267814,29996.282415294434,29977.49550730518,29995.44954431981,668
2022-05-17 01:21:00+00:00,29993.775695648575,30005.252899836323,29986.60538178573,29993.940247125116,149
2022-05-20 01:21:00+00:00,29993.23679830834,29997.031045129854,29985.988139885343,29993.113938111554,743
2022-05-23 01:21:00+00:00,29991.513486133073,30003.226996062822,29986.92431066278,29991.96529215445,780
2022-05-26 01:21:00+00:00,29991.707515846876,29992.82058662754,29989.254425111394,29991.190675923008,745
2022-05-29 01:21:00+00:00,29990.680373905758,29996.339496620672,29986.558810567316,29992.50298494796,721
2022-06-01 01:21:00+00:00,29991.765824847716,29999.858065953864,29979.02247813137,29991.550195981443,126
2022-06-04 01:21:00+00:00,29991.548933560523,29996.733990289045,29990.93876170372,29991.788089772683,397
2022-06-07 01:21:00+00:00,29991.691578334452,30011.0610330483,29982.653825195808,29991.750074964766,413
2022-06-10 01:21:00+00:00,29991.317003438016,29993.956138056074,29987.168601788217,29990.560237160906,922
2022-06-13 01:21:00+00:00,29990.960684791757,29995.40793571813,29972.96115162659,29993.808571529647,467
2022-06-16 01:21:00+00:00,29991.29512288881,29994.433412909086,29974.831355871967,29988.08265731075,790
2022-06-19 01:21:00+00:00,29990.964227612872,29991.57608385583,29989.041854759063,29991.722524007542,587
2022-06-22 01:21:00+00:00,29990.43314382221,30001.400277427012,29988.118825872185,29991.135408071557,652
2022-06-25 01:21:00+00:00,29992.708768392025,30003.107325873625,29991.79573316892,29992.453568367822,800
2022-06-28 01:21:00+00:00,29994.124360416437,30008.848989652648,29992.12004199967,29993.477123151337,174
2022-07-01 01:21:00+00:00,29994.46261969103,30005.482406100207,29980.24586397559,29995.192221170048,885
2022-07-04 01:21:00+00:00,29991.969660073963,30001.112421537364,29982.897880207365,29991.705848121735,507
2022-07-07 01:21:00+00:00,29993.30972420055,30002.195818939108,29984.830307104978,29991.35398568853,136
2022-07-10 01:21:00+00:00,29994.12971669228,29996.21343827129,29975.441634195864,29993.44893973873,403
2022-07-13 01:21:00+00:00,29993.20216901728,29993.83158734305,29983.545806278606,29992.745987173064,101
2022-07-16 01:21:00+00:00,29992.603813458532,30006.584219289405,29983.179502359828,29991.425068380537,898
2022-07-19 01:21:00+00:00,29992.89896915383,30004.406939279583,29987.922854217606,29993.061252656433,591
2022-07-22 01:21:00+00:00,29991.48856211314,29992.01996147892,29984.02559798374,29992.160128777323,645
2022-07-25 01:21:00+00:00,29989.64222160362,29991.46876517652,29978.350813667796,29990.997475954482,555
2022-07-28 01:21:00+00:00,29988.579466031657,29990.41138974136,29975.044961175347,29988.206098283208,876
2022-07-31 01:21:00+00:00,29988.24903108648,29998.699798224436,29981.879857600517,29988.37812550107,561
2022-08-03 01:21:00+00:00,29988.935964457294,30001.87722119381,29976.970546698958,29989.20798569893,725
2022-08-06 01:21:00+00:00,29986.029879195452,29994.106606178862,29971.917062490826,29984.565582716856,669
2022-08-09 01:21:00+00:00,29986.038193730026,29987.043999197427,29981.150867103286,29984.993586145134,399
2022-08-12 01:21:00+00:00,29985.45631319164,29987.741050681172,29965.540734480954,29986.974246620128,279
2022-08-15 01:21:00+00:00,29984.470457445073,30003.210847531034,29979.8765547729,29984.503898819843,982
2022-08-18 01:21:00+00:00,29983.00747669651,29994.854055368323,29964.273913163826,29982.9026354726,111
2022-08-21 01:21:00+00:00,29982.727452049505,29996.361859914123,29982.52932890933,29981.469627114144,148
2022-08-24 01:21:00+00:00,29981.28562415305,29990.08742616972,29962.156959242682,29981.709146121088,194
2022-08-27 01:21:00+00:00,29978.887921214373,29993.47327632566,29959.52790721892,29978.111237866942,644
2022-08-30 01:21:00+00:00,29979.13530281389,29987.09019111825,29963.432460152526,29980.205278172376,583
2022-09-02 01:21:00+00:00,29980.132974201853,29986.44424092327,29978.72240679212,29980.20070087504,304
2022-09-05 01:21:00+00:00,29980.251758362618,29980.62384535617,29965.242255344587,29979.46563699193,613
2022-09-08 01:21:00+00:00,29979.344187945877,29982.323637821115,29974.849495744602,29981.387302470168,604
2022-09-11 01:21:00+00:00,29980.008552325773,29984.005339307838,29970.064157332472,29980.77347478325,206
2022-09-14 01:21:00+00:00,29978.98212931183,29992.844595402814,29975.94635709488,29979.753407536307,679
2022-09-17 01:21:00+00:00,29978.596811988362,29994.40102373259,29970.716104913812,29979.07375044153,829
2022-09-20 01:21:00+00:00,29979.4565718383,29985.789357930815,29976.17231918084,29979.79363428203,974
2022-09-23 01:21:00+00:00,29979.755572200924,29998.239350956588,29962.799142905806,29979.76429719926,635
2022-09-26 01:21:00+00:00,29979.235274290568,29983.71596819214,29974.656855635192,29979.616211298977,418
2022-09-29 01:21:00+00:00,29978.867686733982,29980.25125119084,29966.54336513943,29978.182081671795,709
2022-10-02 01:21:00+00:00,29979.50423016624,29997.254190806667,29976.48493879633,29977.643893953064,604
2022-10-05 01:21:00+00:00,29977.17905006562,29980.85510257903,29960.549176382316,29976.92475859708,411
2022-10-08 01:21:00+00:00,29975.991977347778,29986.736370538732,29960.156482412163,29975.765368948265,951
2022-10-11 01:21:00+00:00,29976.561887593813,29989.317290254996,29963.488361907937,29975.36215314757,216
2022-10-14 01:21:00+00:00,29976.144887456554,29992.607345334298,29963.23063372147,29974.633279752976,929
2022-10-17 01:21:00+00:00,29974.999474324097,29992.928282685207,29973.78123320522,29975.226292291944,405
2022-10-20 01:21:00+00:00,29974.641444458637,29989.724065450217,29964.831212378747,29973.735626887887,529
2022-10-23 01:21:00+00:00,29974.46554645939,29978.985668832465,29967.85330527181,29974.03981714129,743
2022-10-26 01:21:00+00:00,29972.71163001713,29985.242198690226,29966.17883259749,29971.305924538126,853
2022-10-29 01:21:00+00:00,29971.965084704112,29985.409119000324,29961.015532601334,29972.08734576635,262
2022-11-01 01:21:00+00:00,29971.00292683119,29973.97221877207,29963.199828754074,29970.08581239321,232
2022-11-04 01:21:00+00:00,29971.0173687746,29990.608669246292,29951.87790328185,29969.48185794085,823
2022-11-07 01:21:00+00:00,29971.24549546056,29978.14089683405,29961.270365326825,29969.490876062668,641
2022-11-10 01:21:00+00:00,29971.581094447385,29990.85351630159,29967.579211738997,29973.551105865703,759
2022-11-13 01:21:00+00:00,29973.6293759441,29984.89773967874,29956.463761958737,29972.33137704331,684
2022-11-16 01:21:00+00:00,29974.04638070268,29979.05621299933,29960.56953536472,29972.72026192323,345
2022-11-19 01:21:00+00:00,29976.300348179728,29982.422870022605,29961.802373387287,29976.47103897102,334
2022-11-22 01:21:00+00:00,29976.30232905783,29991.257729576402,29966.99736021987,29976.81415194045,473
2022-11-25 01:21:00+00:00,29975.883046196654,29981.33191072617,29972.169585608408,29975.89887822018,846
2022-11-28 01:21:00+00:00,29975.810321619247,29995.297588222984,29966.57171335465,29976.45099145939,505
2022-12-01 01:21:00+00:00,29975.825824994812,29990.056584700123,29964.57903054985,29977.39516520899,890
2022-12-04 01:21:00+00:00,29976.06257035392,29984.254294608883,29971.62269397504,29977.13076481039,174
2022-12-07 01:21:00+00:00,29974.155773010974,29975.529613887233,29958.22366937606,29974.06728870991,354
2022-12-10 01:21:00+00:00,29974.254038142404,29987.886615049563,29955.725996306683,29976.07301501706,890
2022-12-13 01:21:00+00:00,29975.359190693835,29980.102520960612,29965.14693604976,29975.64148171886,507
2022-12-16 01:21:00+00:00,29974.303412391426,29975.230055188247,29971.747780439542,29972.58930059253,863
2022-12-19 01:21:00+00:00,29975.597976472633,29985.61865418496,29961.10095683509,29974.202895366758,763
2022-12-22 01:21:00+00:00,29975.046911422378,29977.923067398195,29973.111921596897,29975.432741826535,702
2022-12-25 01:21:00+00:00,29975.127949154106,29987.14618215,29964.020897298375,29976.65853131126,399
2022-12-28 01:21:00+00:00,29974.468579417684,29984.30614504826,29956.819416444076,29975.33604351063,968
2022-12-31 01:21:00+00:00,29976.50384403331,29979.2429631964,29964.15771414427,29977.371355148,812
2023-01-03 01:21:00+00:00,29977.606691277164,29978.410270516422,29974.238735525672,29976.022523576292,572
2023-01-06 01:21:00+00:00,29978.101945994127,29982.687762744277,29959.181219991282,29979.211768905254,360
2023-01-09 01:21:00+00:00,29976.752727456296,29996.289870875007,29973.489891027803,29976.142676132564,595
2023-01-12 01:21:00+00:00,29976.72044868321,29986.623428471998,29967.286557071544,29977.000586345624,654
2023-01-15 01:21:00+00:00,29975.714832339894,29985.544484762177,29958.805108947916,29976.423772272898,704
2023-01-18 01:21:00+00:00,29974.768938068933,29983.85151760635,29972.40506416937,29974.756663694574,882
2023-01-21 01:21:00+00:00,29974.852426799145,29983.710761714636,29957.188878602745,29974.56272141233,637
2023-01-24 01:21:00+00:00,29975.5396295367,29992.817722345826,29971.807718279328,29976.54861751969,828
2023-01-27 01:21:00+00:00,29974.10885013048,29983.05421992825,29961.38534171018,29974.68912547748,535
2023-01-30 01:21:00+00:00,29972.734958586218,29991.504873158825,29953.673226372222,29971.919918190157,769
2023-02-02 01:21:00+00:00,29975.130230554943,29977.144767406244,29972.040037779425,29975.034160690964,114
2023-02-05 01:21:00+00:00,29975.069144379937,29979.381991990067,29957.559814583474,29974.853611363065,375
2023-02-08 01:21:00+00:00,29975.276633511985,29988.098112779666,29970.518951376,29975.311071787295,266
2023-02-11 01:21:00+00:00,29975.299666806422,29982.490367952232,29972.656800887893,29975.646287483105,793
2023-02-14 01:21:00+00:00,29973.994522186436,29977.587424643392,29970.28669716354,29973.28933761295,756
2023-02-17 01:21:00+00:00,29975.288121865022,29986.476364052396,29956.449037724327,29974.896718616685,155
2023-02-20 01:21:00+00:00,29976.4804488567,29978.046637941967,29963.070835299906,29975.108552719437,406
2023-02-23 01:21:00+00:00,29975.996616088854,29980.71728347601,29966.686396378016,29975.63184455319,907
2023-02-26 01:21:00+00:00,29977.769248435034,29980.2162396921,29973.753214334374,29977.50685189724,336
2023-03-01 01:21:00+00:00,29979.064712529234,29980.92086084106,29963.75283477679,29978.567170864084,926
2023-03-04 01:21:00+00:00,29979.29157624878,29985.50836640323,29964.68034674903,29979.631194330577,848
2023-03-07 01:21:00+00:00,29979.03789603687,29988.524851065704,29960.306858437845,29979.43983329387,421
2023-03-10 01:21:00+00:00,29977.318354608204,29979.487943180924,29977.055873784135,29977.45365927482,682
2023-03-13 01:21:00+00:00,29978.71006954885,29982.037130080946,29963.47255235844,29977.72868774033,933
2023-03-16 01:21:00+00:00,29979.52768629884,29983.893483495376,29964.49202219192,29980.520226723645,190
2023-03-19 01:21:00+00:00,29978.988202578676,29996.29612600078,29975.20138512122,29978.415873948124,362
2023-03-22 01:21:00+00:00,29979.869654666003,29992.30190228061,29967.138007422076,29980.048712745018,819
2023-03-25 01:21:00+00:00,29981.274930758573,29984.91313251031,29972.611206256035,29981.689518223444,129
2023-03-28 01:21:00+00:00,29980.691375312097,29986.20099743425,29965.032748034,29982.390555173253,989
2023-03-31 01:21:00+00:00,29981.063687346774,29988.677927070803,29970.580720531252,29980.126472252472,996
2023-04-03 01:21:00+00:00,29980.907129055366,29998.59410230667,29963.635081793516,29980.484108546494,744
2023-04-06 01:21:00+00:00,29980.885026866457,29997.21025342471,29979.28296997394,29980.637498452994,675
2023-04-09 01:21:00+00:00,29978.565946389022,29998.030632171518,29973.83629332963,29978.141370280995,560
2023-04-12 01:21:00+00:00,29978.60848102268,29978.781395216094,29963.79689962264,29978.930729803975,597
2023-04-15 01:21:00+00:00,29978.726850825115,29997.776140095517,29967.0990323966,29979.448743116052,584
2023-04-18 01:21:00+00:00,29977.88083378175,29990.33209223661,29960.314684356385,29976.265338441353,536
2023-04-21 01:21:00+00:00,29978.233305168575,29985.13380653578,29964.856543088004,29977.82011352861,550
2023-04-24 01:21:00+00:00,29977.72490822183,29992.106478728318,29967.683598633943,29977.005248389956,638
2023-04-27 01:21:00+00:00,29979.134018770685,29983.164856409774,29961.07895886147,29980.556793843818,238
2023-04-30 01:21:00+00:00,29978.50065000446,29988.336674924856,29958.894800500108,29979.081129355047,992
2023-05-03 01:21:00+00:00,29978.699248777208,29998.428280262346,29970.33638953874,29977.70290447496,758
2023-05-06 01:21:00+00:00,29979.28641932134,29979.776797972077,29962.119536569484,29979.37313453618,339
2023-05-09 01:21:00+00:00,29978.72643190356,29995.733547206655,29960.643185929202,29978.40951256887,790
2023-05-12 01:21:00+00:00,29977.72506938021,29981.67511400679,29972.711027276,29978.3739536672,757
2023-05-15 01:21:00+00:00,29979.219262650604,29988.687240928863,29965.97505749947,29980.485880827164,556
2023-05-18 01:21:00+00:00,29977.534929265275,29990.391894485187,29969.495095679322,29978.05841630694,544
2023-05-21 01:21:00+00:00,29977.47459430403,29981.318761581042,29958.74798970481,29977.398373074353,265
2023-05-24 01:21:00+00:00,29976.86664475357,29978.27126279231,29969.73796791084,29977.044712762527,467
2023-05-27 01:21:00+00:00,29976.104667250416,29984.387839153052,29963.16300890407,29977.210263834877,934
2023-05-30 01:21:00+00:00,29976.800141201227,29988.602400833584,29962.563783045644,29975.979216314165,381
2023-06-02 01:21:00+00:00,29976.869231691344,29996.23231445211,29963.547285628254,29975.616272745003,412
2023-06-05 01:21:00+00:00,29977.62803445467,29978.849931231984,29962.57977571905,29976.980631882456,765
2023-06-08 01:21:00+00:00,29976.739913999223,29977.700645712142,29972.071210687216,29977.183262181923,264
2023-06-11 01:21:00+00:00,29977.75846283272,29997.31721886913,29959.885893597926,29977.418538808306,103
2023-06-14 01:21:00+00:00,29978.340762888234,29991.531272406894,29958.386826158952,29977.5667569913,295
2023-06-17 01:21:00+00:00,29979.219337102644,29984.75860393378,29972.559779974104,29982.137210505774,429
2023-06-20 01:21:00+00:00,29980.23701397003,29985.609631787553,29964.483756929774,29982.390666687174,820
2023-06-23 01:21:00+00:00,29980.177200012953,29993.399709690868,29966.845699875106,29981.166072644803,362
2023-06-26 01:21:00+00:00,29981.47166922195,29996.375839314267,29965.512473122566,29980.478931299112,961
2023-06-29 01:21:00+00:00,29981.948291358905,29983.70124460808,29974.192890422062,29983.263452499767,154
2023-07-02 01:21:00+00:00,29981.950040090276,29991.8261568334,29972.831124448745,29981.206132082483,883
2023-07-05 01:21:00+00:00,29982.485513516775,30000.49186579817,29963.29836270834,29982.656538614705,377
2023-07-08 01:21:00+00:00,29982.477774749786,29983.436349103682,29968.03230001923,29982.82480792241,109
2023-07-11 01:21:00+00:00,29981.832437303565,30001.76391851483,29962.110832251456,29983.566357727166,219
2023-07-14 01:21:00+00:00,29981.985955852375,30001.293374529916,29962.534729177318,29982.908328006666,910
2023-07-17 01:21:00+00:00,29981.225718326317,29994.53358155511,29964.490484067308,29982.496838098057,537
2023-07-20 01:21:00+00:00,29980.30644968166,29982.16010768726,29978.509599820314,29979.96189350145,184
2023-07-23 01:21:00+00:00,29980.397248626618,29980.41596068964,29975.436376015456,29982.150345928498,297
2023-07-26 01:21:00+00:00,29980.937072836306,29995.776575768465,29961.248356669446,29982.162109900255,263
2023-07-29 01:21:00+00:00,29981.07467268025,29991.94686789204,29980.02393579812,29980.219682166644,274
2023-08-01 01:21:00+00:00,29981.98369454562,30001.912415178085,29975.428709739852,29981.80670097329,266
2023-08-04 01:21:00+00:00,29983.28011362156,29997.242758841396,29968.844031253284,29982.494158562215,408
2023-08-07 01:21:00+00:00,29983.4720052405,29992.775494531976,29977.91108042515,29982.11411312215,301
2023-08-10 01:21:00+00:00,29982.399593982493,29992.097538944363,29966.916735945433,29984.233388643497,212
2023-08-13 01:21:00+00:00,29982.23242470798,29985.87252293806,29966.629242149214,29984.21861863104,469
2023-08-16 01:21:00+00:00,29983.19908506373,30002.473974588014,29970.448149229447,29983.237324011643,704
2023-08-19 01:21:00+00:00,29983.604453642183,29994.78766661753,29972.9358244301,29984.64511172812,127
2023-08-22 01:21:00+00:00,29984.668180161458,30000.30698716219,29976.17927724428,29983.467841852627,166
2023-08-25 01:21:00+00:00,29984.549373475133,29994.297647938816,29972.735393972725,29984.867262265896,611
2023-08-28 01:21:00+00:00,29984.61760145261,29993.224716356104,29978.73976902229,29986.036882749217,504
2023-08-31 01:21:00+00:00,29984.187693751137,29994.95387165845,29971.59827685722,29984.58088646021,441
2023-09-03 01:21:00+00:00,29984.499524092753,29993.16065442212,29979.556030795335,29986.194539374486,650
2023-09-06 01:21:00+00:00,29982.994232303212,29992.90546573657,29967.570681654994,29982.116947270988,924
2023-09-09 01:21:00+00:00,29982.34385284688,29989.164165541224,29969.57483986537,29981.927211563365,851
2023-09-12 01:21:00+00:00,29980.434900212604,29993.245358040003,29978.237245339547,29980.869937087715,260
2023-09-15 01:21:00+00:00,29981.777734042,29987.513847809405,29970.466469515894,29980.607859705702,664
2023-09-18 01:21:00+00:00,29982.139839350122,29998.534395945393,29967.964179396527,29980.402527145296,302
2023-09-21 01:21:00+00:00,29982.519186370962,29985.14218239665,29966.847803826942,29983.537353768912,580
2023-09-24 01:21:00+00:00,29983.340123924667,29996.285121464123,29966.894852824786,29982.133289333735,272
2023-09-27 01:21:00+00:00,29982.927930048845,29985.0736166937,29970.046840061746,29984.926724765643,994
2023-09-30 01:21:00+00:00,29982.236866726616,29998.65468225909,29967.931926495792,29980.56816162937,539
2023-10-03 01:21:00+00:00,29981.712190405036,29997.648945000583,29978.344674657827,29982.48621487249,291
2023-10-06 01:21:00+00:00,29980.887798550997,29991.11919681171,29961.454285635242,29980.92311951227,815
2023-10-09 01:21:00+00:00,29980.266681213037,29986.047994345536,29969.90078445544,29981.46803377603,594
2023-10-12 01:21:00+00:00,29981.81203010269,29999.815702507774,29980.660987977062,29982.136644377515,457
2023-10-15 01:21:00+00:00,29981.147501515476,29981.161117203912,29972.336919873756,29983.023380222963,291
2023-10-18 01:21:00+00:00,29981.92657182242,29983.593630465508,29966.35361999123,29979.769957333054,293
2023-10-21 01:21:00+00:00,29983.269913941203,29991.5663241223,29963.55437376132,29983.554628141777,623
2023-10-24 01:21:00+00:00,29982.444910094142,29993.515232486036,29964.20513107162,29982.680924961707,905
2023-10-27 01:21:00+00:00,29981.874010589047,29990.971012498747,29970.460285297228,29981.023622898476,312
2023-10-30 01:21:00+00:00,29981.39620323243,29991.9097587856,29976.80163692315,29982.32005418241,414
2023-11-02 01:21:00+00:00,29983.89448028889,29990.35365120254,29973.267526975636,29983.88051298143,166
2023-11-05 01:21:00+00:00,29983.811470776775,29991.42970192923,29970.63826708346,29983.819930090296,265
2023-11-08 01:21:00+00:00,29983.626187171212,29993.12090734233,29968.05842207707,29986.584446909004,168
2023-11-11 01:21:00+00:00,29984.748644233794,29996.32438439594,29974.466741271466,29984.678148976156,107
2023-11-14 01:21:00+00:00,29984.65749222815,29989.145849329958,29972.514998922357,29984.80442288724,308
2023-11-17 01:21:00+00:00,29984.816969824347,29995.36287730169,29983.59435989832,29985.52870917173,886
2023-11-20 01:21:00+00:00,29984.746283155095,29985.977696478614,29980.226015542026,29984.676995929538,517
2023-11-23 01:21:00+00:00,29985.21023664745,30004.95398021312,29971.214345699133,29985.62826788728,865
2023-11-26 01:21:00+00:00,29983.975352559064,30000.656769888745,29975.878408402834,29983.101550428542,471
2023-11-29 01:21:00+00:00,29984.90994414269,30004.80313617099,29967.89960323651,29984.241968482867,328
2023-12-02 01:21:00+00:00,29983.23144629874,29995.46633485957,29972.560328623575,29983.762814063513,595
2023-12-05 01:21:00+00:00,29985.248131537985,30000.951119651687,29983.934854155486,29984.275312935242,401
2023-12-08 01:21:00+00:00,29987.709852528453,29997.537224852218,29971.11366649757,29987.870187154233,136
2023-12-11 01:21:00+00:00,29985.955877905886,29996.740207783525,29978.363598482898,29987.4990704041,891
2023-12-14 01:21:00+00:00,29984.324306278297,30000.73980424439,29971.180196916433,29982.990701322327,659
2023-12-17 01:21:00+00:00,29983.920635268532,29992.462036225577,29979.414515779205,29985.274837324847,477
2023-12-20 01:21:00+00:00,29984.370934865943,30002.14664174034,29972.696507889345,29985.201520159288,453
2023-12-23 01:21:00+00:00,29984.960660487293,29993.060522456988,29966.069372928054,29985.431386689008,537
2023-12-26 01:21:00+00:00,29984.175120633474,29989.443643105817,29981.34230287371,29984.980284441754,687
2023-12-29 01:21:00+00:00,29983.05271965102,29997.130265253683,29970.067025970584,29983.533994902326,598
2024-01-01 01:21:00+00:00,29982.14585650224,29990.185416738314,29976.566763655224,29980.68216100734,662
2024-01-04 01:21:00+00:00,29981.822259408502,30001.30076527395,29977.69461651111,29983.512280522107,476
2024-01-07 01:21:00+00:00,29981.17678533087,29991.128162759993,29976.88486045791,29982.70522435671,397
2024-01-10 01:21:00+00:00,29980.109155546164,29985.345403692343,29972.78669008587,29979.701908376093,652
2024-01-13 01:21:00+00:00,29982.156680991433,29994.06460918217,29965.017023383363,29983.651052943078,206
2024-01-16 01:21:00+00:00,29983.16326904415,29992.472179259657,29976.342707875057,29983.283894009768,235
2024-01-19 01:21:00+00:00,29985.01698477788,30003.142456221583,29977.411667355984,29984.429248546818,361
2024-01-22 01:21:00+00:00,29986.781832297907,29997.808387325356,29971.816412532695,29985.62167670516,630
2024-01-25 01:21:00+00:00,29986.073826763295,30006.053228983725,29970.500852254914,29986.724703789787,663
2024-01-28 01:21:00+00:00,29986.18272445473,29987.395265429423,29985.314374064903,29987.766852810222,746
2024-01-31 01:21:00+00:00,29986.624075987747,29994.035635749628,29982.63537240175,29986.34301421202,134
2024-02-03 01:21:00+00:00,29988.42655496258,30004.218004058024,29972.093984573174,29988.67307923752,796
2024-02-06 01:21:00+00:00,29988.863122132836,30001.23494186746,29979.3108185997,29987.912654841173,786
2024-02-09 01:21:00+00:00,29988.819794513023,30004.861577359647,29984.81032296037,29988.023741523,283
2024-02-12 01:21:00+00:00,29988.842825900963,30007.956147187346,29970.5242384282,29989.45722294624,957
2024-02-15 01:21:00+00:00,29988.425263645968,30001.672229672466,29982.816877278383,29987.661607991882,129
2024-02-18 01:21:00+00:00,29988.252877906656,30004.017867353836,29971.66691100804,29988.181963863135,975
2024-02-21 01:21:00+00:00,29988.987320423235,29999.00336062976,29973.270878487576,29989.280666885104,641
2024-02-24 01:21:00+00:00,29987.617210695837,29993.006758567866,29971.682263101735,29986.297232140034,915
2024-02-27 01:21:00+00:00,29987.715206463174,29991.971083136206,29969.216828174813,29987.538486978057,184
2024-03-01 01:21:00+00:00,29987.88928625999,29995.133143006125,29970.515933155053,29989.100440475406,241
2024-03-04 01:21:00+00:00,29988.15021893935,29993.500091342812,29984.683642831227,29987.777348065556,151
2024-03-07 01:21:00+00:00,29988.852415870555,30005.110498284845,29973.698344493787,29988.776837519043,469
2024-03-10 01:21:00+00:00,29986.78772939536,30006.04681032747,29975.627982338123,29984.300065361746,805
2024-03-13 01:21:00+00:00,29988.4049494909,30004.130745587965,29974.793012075366,29988.177980918437,932
2024-03-16 01:21:00+00:00,29989.008067936313,30002.64325226607,29988.128197431728,29989.41470424347,304
2024-03-19 01:21:00+00:00,29989.142456094425,29989.309553823834,29981.729376346764,29989.51706063392,349
2024-03-22 01:21:00+00:00,29989.52102448091,29994.24955072691,29971.80873231292,29989.878377273384,225
2024-03-25 01:21:00+00:00,29990.185361502547,30004.96421722828,29978.602802939946,29990.32675184398,193
2024-03-28 01:21:00+00:00,29990.608768665847,30010.326544080384,29974.812830609197,29991.68995086938,244
2024-03-31 01:21:00+00:00,29989.94193995011,29995.5876330888,29988.879322482004,29990.72685911347,746
2024-04-03 01:21:00+00:00,29989.95674433165,29999.61066652699,29975.39933088367,29989.260394906556,953
2024-04-06 01:21:00+00:00,29990.28307302176,30008.104926841243,29986.573479544186,29990.646763434586,468
2024-04-09 01:21:00+00:00,29989.86205238021,30003.91935835704,29971.725678512947,29989.162624235636,811
2024-04-12 01:21:00+00:00,29989.380633607958,30006.824707278036,29983.640001031526,29989.290167755647,724
2024-04-15 01:21:00+00:00,29987.423945118255,29988.613577428787,29977.773078013288,29987.554948368143,565
2024-04-18 01:21:00+00:00,29987.705149009184,29996.757661534597,29984.27697549108,29986.20752100543,770
2024-04-21 01:21:00+00:00,29988.614397908965,29997.76577760674,29978.057307495343,29988.461342379887,739
2024-04-24 01:21:00+00:00,29987.552792619765,30002.406837100294,29987.483239498106,29987.516470494284,907
2024-04-27 01:21:00+00:00,29987.556186710583,30002.985891046297,29977.93552721918,29986.10447103558,727
2024-04-30 01:21:00+00:00,29988.222703426378,30002.352721555526,29984.726392216857,29986.14256100626,242
2024-05-03 01:21:00+00:00,29987.30665390937,29997.11420586323,29985.765237457395,29986.482040131817,990
2024-05-06 01:21:00+00:00,29987.555738123876,30001.995000843854,29983.495907628203,29986.76248011221,295
2024-05-09 01:21:00+00:00,29989.13280916707,30004.031527272535,29971.303193233754,29989.925036925462,950
2024-05-12 01:21:00+00:00,29988.018708359763,29988.999905348424,29979.06098199315,29987.61740445321,730
2024-05-15 01:21:00+00:00,29986.92149349273,29999.354771535298,29967.10144381365,29988.391467999136,708
2024-05-18 01:21:00+00:00,29987.92060537502,30007.2832299588,29987.167524112192,29988.80072464145,562
2024-05-21 01:21:00+00:00,29987.03764358072,29999.55415302847,29981.58502422787,29985.913582168494,799
2024-05-24 01:21:00+00:00,29985.514229563814,29999.42327194526,29982.405070086927,29984.302644660165,292
2024-05-27 01:21:00+00:00,29985.45484518892,29993.488620983797,29974.970868706223,29986.2921256375,169
2024-05-30 01:21:00+00:00,29984.915071781415,30004.51089257403,29980.85325722275,29987.227129295476,249
2024-06-02 01:21:00+00:00,29983.358327632646,29997.727060615038,29974.66395435049,29984.296268218855,248
2024-06-05 01:21:00+00:00,29983.84574468448,29989.0404424373,29966.521412966285,29983.094972783816,319
2024-06-08 01:21:00+00:00,29984.07731861768,29999.492819853247,29971.036986607283,29983.900223682376,531
2024-06-11 01:21:00+00:00,29984.73345395852,29996.7485322856,29964.842036720052,29984.5008830962,963
2024-06-14 01:21:00+00:00,29984.899101755946,29992.196188445945,29983.491873747487,29983.65271126516,848
2024-06-17 01:21:00+00:00,29986.566567088303,29995.262158313722,29975.606662654147,29986.121364644285,684
2024-06-20 01:21:00+00:00,29987.165213615608,30003.10595582539,29980.927876190675,29987.025130890812,582
2024-06-23 01:21:00+00:00,29986.168818229427,29995.074931520558,29978.355752573734,29987.055912213975,683
2024-06-26 01:21:00+00:00,29986.16747965789,29986.698204521545,29970.77203556765,29985.821003797202,463
2024-06-29 01:21:00+00:00,29987.184216877493,30000.412990748646,29975.121286739337,29988.101870765193,650
2024-07-02 01:21:00+00:00,29988.089406574472,29998.531827614657,29981.227389719465,29988.4943048954,722
2024-07-05 01:21:00+00:00,29987.793317986077,30001.770967229313,29974.06195648456,29988.001946694825,550
2024-07-08 01:21:00+00:00,29985.816705264468,29993.10281217632,29979.656823751913,29984.35683293872,783
2024-07-11 01:21:00+00:00,29985.27842676182,29994.62000113052,29972.42866119864,29986.603767329736,973
2024-07-14 01:21:00+00:00,29985.67272566957,29995.842964069725,29970.740204013506,29985.81191643149,428
2024-07-17 01:21:00+00:00,29987.09333557501,29990.350803753183,29970.102992660206,29988.3479620131,137
2024-07-20 01:21:00+00:00,29987.831781115532,29997.42051768642,29972.12816844229,29987.934498141403,325
2024-07-23 01:21:00+00:00,29988.2709395842,29993.27481659093,29981.862940941883,29989.68676013239,532
2024-07-26 01:21:00+00:00,29989.219260188496,29994.607179677878,29985.523285742496,29989.676839069398,717
2024-07-29 01:21:00+00:00,29988.826528264814,29992.52629233565,29970.50111175026,29988.306235560187,106
2024-08-01 01:21:00+00:00,29986.860618473558,30005.202661654144,29975.26826260912,29986.590438299674,917
2024-08-04 01:21:00+00:00,29985.84683879318,29988.966575165756,29981.755433538194,29984.778557289155,229
2024-08-07 01:21:00+00:00,29987.271017528627,30006.22026959086,29984.419484168986,29986.66915750551,676
2024-08-10 01:21:00+00:00,29988.213239288027,29992.003282867267,29983.117137674726,29986.15117167552,926
2024-08-13 01:21:00+00:00,29988.689793531263,30006.919454327643,29980.26454129664,29987.594819367187,683
2024-08-16 01:21:00+00:00,29988.430855607203,29991.480400662058,29984.47097015176,29988.036874650843,857
2024-08-19 01:21:00+00:00,29988.839686207524,29992.99221828188,29970.68816875363,29989.347616082134,342
2024-08-22 01:21:00+00:00,29988.84865940651,29994.223996557488,29976.878843640843,29988.625154108995,491
2024-08-25 01:21:00+00:00,29989.03782215366,30003.384000364647,29969.4424958227,29988.779115924437,511
2024-08-28 01:21:00+00:00,29989.179638870577,29991.803474843164,29988.406354639308,29990.259672097036,514
2024-08-31 01:21:00+00:00,29989.159315037647,30001.604404460315,29973.28622986852,29988.19945291488,431
2024-09-03 01:21:00+00:00,29988.594776611713,30006.29152897502,29980.515039068912,29989.77577010669,671
2024-09-06 01:21:00+00:00,29987.581632180867,29996.363918079278,29984.343248558085,29986.744794491347,949
2024-09-09 01:21:00+00:00,29987.273402816496,30004.424364100676,29972.535332215823,29987.27356200171,872
2024-09-12 01:21:00+00:00,29986.749141972054,29999.571347191304,29985.260873005856,29987.483216391054,417
2024-09-15 01:21:00+00:00,29987.356267355815,30007.08825965373,29986.016679609307,29986.622979179105,263
2024-09-18 01:21:00+00:00,29988.818299766022,29996.731144076286,29982.355191865045,29989.56811439171,782
2024-09-21 01:21:00+00:00,29988.27104600591,29990.304036273443,29981.320804780207,29988.437996814948,349
2024-09-24 01:21:00+00:00,29988.673866843743,30004.360490450174,29976.976042571714,29988.736308663603,725
2024-09-27 01:21:00+00:00,29988.162521013444,30000.129737578416,29973.388404523645,29988.58055207204,625
2024-09-30 01:21:00+00:00,29988.493943888883,29994.579419999664,29976.290011848752,29987.825549892386,455
2024-10-03 01:21:00+00:00,29988.05508671493,30005.61289563729,29969.896492122098,29987.53084399848,785
2024-10-06 01:21:00+00:00,29987.295913105692,30004.47505715166,29972.307748112555,29989.436928871215,116
2024-10-09 01:21:00+00:00,29988.27473866822,29992.981808137018,29970.8240039837,29988.500517411405,765
2024-10-12 01:21:00+00:00,29989.03115982101,30004.327708792753,29977.43365169703,29989.04585225981,725
2024-10-15 01:21:00+00:00,29988.220789552026,29990.821365962485,29983.381589725122,29991.110963305695,460
2024-10-18 01:21:00+00:00,29989.655045398107,30000.885201954836,29976.61730943516,29988.99357436051,314
2024-10-21 01:21:00+00:00,29990.788609358475,29997.416510022194,29973.629909224965,29990.776628540472,646
2024-10-24 01:21:00+00:00,29991.407326876386,30008.90077659538,29990.937649009185,29992.778512452383,795
2024-10-27 01:21:00+00:00,29990.341302291334,30007.07447508064,29988.32987427867,29990.985925581062,225
2024-10-30 01:21:00+00:00,29990.65751326381,29999.48353575864,29983.690180877875,29991.018350895873,456
2024-11-02 01:21:00+00:00,29990.770459893785,30009.16183631753,29972.925893501702,29991.760124128756,599
2024-11-05 01:21:00+00:00,29990.851608203764,30005.436385823807,29988.948111807204,29991.79912226887,891
2024-11-08 01:21:00+00:00,29989.12578003103,30003.1861651587,29983.04947336057,29989.425297582704,277
2024-11-11 01:21:00+00:00,29989.91445072792,29994.776429030695,29970.65628020105,29991.742204102087,622
2024-11-14 01:21:00+00:00,29989.67036979707,30005.5279378739,29970.96094329133,29989.224133556818,924
2024-11-17 01:21:00+00:00,29990.77115473877,30003.514715102043,29984.79204455893,29992.476424622182,154
2024-11-20 01:21:00+00:00,29989.76670691158,29996.688539011117,29974.89190883862,29988.39669773683,589
2024-11-23 01:21:00+00:00,29988.19839594185,30005.183532713105,29982.91355860811,29989.002006395833,126
2024-11-26 01:21:00+00:00,29989.045109703435,30001.082441442206,29981.870691460146,29991.097289898662,708
2024-11-29 01:21:00+00:00,29988.2573588417,29994.158374265655,29976.044069335214,29988.321549181925,412
2024-12-02 01:21:00+00:00,29987.072391689497,30006.799283021362,29982.71424727213,29986.376049411985,440
2024-12-05 01:21:00+00:00,29986.058952918567,29991.62714020158,29982.547033977607,29987.57202500718,196
2024-12-08 01:21:00+00:00,29986.457165552536,29993.401625734554,29970.818731204916,29985.48211705376,203
2024-12-11 01:21:00+00:00,29984.780092600333,29990.232542571383,29983.045795066268,29983.807470573385,962
2024-12-14 01:21:00+00:00,29984.963625790584,29999.503050759107,29965.291575000865,29984.419662305492,895
2024-12-17 01:21:00+00:00,29985.938349845386,29996.615129111735,29967.60459988272,29986.277960752028,536
2024-12-20 01:21:00+00:00,29985.148871587753,29998.853568788698,29965.798633117312,29986.66027793096,111
2024-12-23 01:21:00+00:00,29985.163624160035,30004.753026805185,29981.07120263124,29985.765357805973,350
2024-12-26 01:21:00+00:00,29985.198192620832,30002.52130200967,29968.162810918573,29985.072766934314,564
2024-12-29 01:21:00+00:00,29985.084480184185,29999.8437419021,29977.033781600123,29984.669238087594,943
2025-01-01 01:21:00+00:00,29985.398278409222,29994.850705941917,29980.075166455288,29985.05760720222,358
2025-01-04 01:21:00+00:00,29985.453307431027,30003.439781469016,29969.17954197529,29984.234322445434,985
2025-01-07 01:21:00+00:00,29985.89815002331,29985.96576143386,29974.99094878394,29986.32586369844,837
2025-01-10 01:21:00+00:00,29985.599713468582,29998.42957189261,29981.70602372425,29986.357081782287,136
2025-01-13 01:21:00+00:00,29986.301932488976,30001.269667940735,29985.850857006943,29985.91033766329,605
2025-01-16 01:21:00+00:00,29985.221480572716,29998.221309153912,29984.98107198117,29984.69574748012,587
2025-01-19 01:21:00+00:00,29985.55381465745,29986.161080174195,29969.67451791064,29985.48196412308,843
2025-01-22 01:21:00+00:00,29984.637648155607,29991.199964105675,29975.32299823419,29984.604653854192,286
2025-01-25 01:21:00+00:00,29984.89098058823,29987.905951905926,29978.612299484757,29983.435216218015,194
2025-01-28 01:21:00+00:00,29984.50539963781,29994.098763928556,29983.163883516117,29984.166561777252,858
2025-01-31 01:21:00+00:00,29983.510794264606,29984.226967109735,29975.872227163905,29984.441023782532,730
2025-02-03 01:21:00+00:00,29983.42728758503,29984.41027988344,29968.074305227867,29982.681947186305,774
2025-02-06 01:21:00+00:00,29982.771694492574,29993.873650226735,29970.313710518767,29982.307899853247,942
2025-02-09 01:21:00+00:00,29981.203568256125,29987.939431212275,29973.42915735322,29979.708216481344,841
2025-02-12 01:21:00+00:00,29979.10982747768,29993.830649174306,29961.108028293733,29979.529767719738,602
2025-02-15 01:21:00+00:00,29980.587306796428,29995.675831930224,29965.112950346902,29980.742537837512,379
2025-02-18 01:21:00+00:00,29982.878169540905,29985.176051270988,29968.250061275878,29982.539751362634,561
2025-02-21 01:21:00+00:00,29984.025149540248,29989.367637163476,29972.229144095443,29982.534627706023,521
2025-02-24 01:21:00+00:00,29984.60140109685,30002.062218195482,29967.95751838337,29984.161908046248,446
2025-02-27 01:21:00+00:00,29985.74593939062,29993.759410307568,29979.191689638857,29986.913092860912,490
2025-03-02 01:21:00+00:00,29986.592099604608,29999.19511334125,29982.00029325837,29986.051408653053,145
2025-03-05 01:21:00+00:00,29986.737525521497,29991.995099051503,29978.07467620826,29986.34662515356,909
2025-03-08 01:21:00+00:00,29988.830178162207,30000.81649663065,29984.409721555116,29989.097909886023,425
2025-03-11 01:21:00+00:00,29990.167587001466,29990.767314007797,29972.368909094355,29991.420368609877,543
2025-03-14 01:21:00+00:00,29989.205341622746,29989.61167022119,29976.405349305776,29990.310640001066,860
2025-03-17 01:21:00+00:00,29990.775846425207,29996.93573439363,29985.424550404754,29988.75412940996,445
2025-03-20 01:21:00+00:00,29989.87195052239,29995.940699126164,29973.545385020774,29990.705691019,961
2025-03-23 01:21:00+00:00,29989.570039797454,30004.00154621859,29974.73400737447,29990.24880884002,108
2025-03-26 01:21:00+00:00,29989.30332132578,29996.991071813492,29975.9200730734,29990.60080526205,922
2025-03-29 01:21:00+00:00,29989.86045278635,30000.00083512402,29988.01117706839,29990.15817209702,605
2025-04-01 01:21:00+00:00,29990.59767167448,29999.186268474703,29981.122257313385,29990.64099700425,775
2025-04-04 01:21:00+00:00,29991.869586667293,30003.67871313168,29985.218619879444,29993.16338845188,869
2025-04-07 01:21:00+00:00,29992.64977858052,29997.80398912156,29986.53748489189,29991.74544911507,995
2025-04-10 01:21:00+00:00,29991.989676382815,29992.912104236908,29988.509303171715,29992.66457503879,136
2025-04-13 01:21:00+00:00,29992.054905518402,29994.6229300227,29989.48072718342,29991.451814289445,856
2025-04-16 01:21:00+00:00,29993.788794155138,30007.027766442632,29976.729179606773,29994.403935326787,964
2025-04-19 01:21:00+00:00,29993.43904072811,29997.087040741095,29988.20151888002,29993.171985418365,595
2025-04-22 01:21:00+00:00,29992.729346823842,30002.325502346564,29976.93404086221,29992.70807898826,530
2025-04-25 01:21:00+00:00,29993.280939550732,30010.36173679656,29976.26293919379,29991.798370372428,887
2025-04-28 01:21:00+00:00,29994.608140719894,30011.607191874795,29986.614144454805,29995.949943301526,330
2025-05-01 01:21:00+00:00,29995.483984862454,30012.563426634777,29994.255656868492,29993.697560814264,479
2025-05-04 01:21:00+00:00,29995.36284625171,30006.849237688235,29989.831670456177,29995.927998820483,183
2025-05-07 01:21:00+00:00,29995.83739549549,29996.83180986607,29982.961929836383,29995.01391855612,679
2025-05-10 01:21:00+00:00,29995.84929800012,30006.50173023469,29989.973698408285,29996.360217698137,777
