timestamp,open,high,low,close,volume
2025-04-22 16:46:00+00:00,29998.266544498245,30016.63425454252,29990.167229534043,29997.80869856494,898
2025-04-22 16:51:00+00:00,29999.11113832884,30000.749276669718,29998.11470840903,29999.21338142744,887
2025-04-22 16:56:00+00:00,29998.68040221315,30015.183237375713,29981.957043126095,29996.918177245192,563
2025-04-22 17:01:00+00:00,29997.293794431604,30006.302164300647,29983.526393108,29996.867495732797,605
2025-04-22 17:06:00+00:00,29997.497441227722,30003.954691545554,29990.649511720345,29997.306811192146,971
2025-04-22 17:11:00+00:00,29998.027819469997,30016.136115502675,29982.478670509878,29998.15741582136,941
2025-04-22 17:16:00+00:00,29997.989341893546,30010.15544264133,29994.019856069135,29997.82313831098,225
2025-04-22 17:21:00+00:00,29997.265487967707,29998.973833610264,29996.173593287425,29997.64883551358,780
2025-04-22 17:26:00+00:00,29998.271816049826,30002.210628947945,29980.656595450127,29998.737627126226,249
2025-04-22 17:31:00+00:00,29997.558112445382,30000.558227847276,29991.951909348714,29997.952993932686,986
2025-04-22 17:36:00+00:00,29998.27039929185,30013.91953465317,29992.109946657743,29996.41370819063,981
2025-04-22 17:41:00+00:00,29996.554228274792,30005.951260768677,29982.28950634115,29995.720926688136,639
2025-04-22 17:46:00+00:00,29995.92800323934,29996.38602418836,29991.595910079537,29995.469830606155,689
2025-04-22 17:51:00+00:00,29997.6595248068,30016.618454422674,29992.40249281131,29997.351869077735,289
2025-04-22 17:56:00+00:00,29997.995378417003,30012.10221083357,29996.391886559686,29996.43959493601,144
2025-04-22 18:01:00+00:00,29998.12423497527,30016.46117867361,29980.248677822015,29999.867922553865,712
2025-04-22 18:06:00+00:00,29997.19159069507,30016.59336565896,29996.77395005761,29997.238911549495,877
2025-04-22 18:11:00+00:00,29998.77410789238,30002.374198463713,29986.92978770868,29999.645772531094,633
2025-04-22 18:16:00+00:00,29997.324481447,30000.80298300904,29992.989383477034,29995.812082672797,823
2025-04-22 18:21:00+00:00,29995.80445060282,30000.526027390722,29985.205669143943,29993.342225501223,137
2025-04-22 18:26:00+00:00,29994.38504730512,29995.545100490082,29991.081698417045,29994.843839783633,360
2025-04-22 18:31:00+00:00,29993.303334845205,30011.740907353786,29976.060398933554,29992.281059651825,172
2025-04-22 18:36:00+00:00,29994.217185952613,30010.146328066803,29977.09795752,29993.78506242049,103
2025-04-22 18:41:00+00:00,29993.935649278006,30013.432189516363,29980.302091993824,29995.434340904278,318
2025-04-22 18:46:00+00:00,29994.314329838853,30011.238795158533,29980.613729729816,29995.24589506199,584
2025-04-22 18:51:00+00:00,29992.95490392323,30006.453168944638,29979.447825545798,29993.70096426675,117
2025-04-22 18:56:00+00:00,29992.922937855088,30005.765760521837,29974.249472028783,29994.46328214484,613
2025-04-22 19:01:00+00:00,29992.402134959993,30008.353945771218,29992.19580208776,29992.793182370726,915
2025-04-22 19:06:00+00:00,29992.775693717183,30005.311931574026,29985.761891020433,29993.542088181617,833
2025-04-22 19:11:00+00:00,29992.80626341729,29999.730218920315,29984.738561688828,29993.185108298818,108
2025-04-22 19:16:00+00:00,29991.25578655738,29991.301969223874,29986.022904251902,29993.19898859701,975
2025-04-22 19:21:00+00:00,29991.760509528074,30004.78817799525,29976.712478818015,29992.25534101228,258
2025-04-22 19:26:00+00:00,29990.65445353275,29996.97150015302,29976.383763360005,29990.92095429038,252
2025-04-22 19:31:00+00:00,29989.55066093102,30009.220126610722,29976.348777684467,29988.496655848612,111
2025-04-22 19:36:00+00:00,29988.836242098263,29989.960261467822,29977.775129663183,29988.618850840132,444
2025-04-22 19:41:00+00:00,29988.690757215998,29991.324611694905,29978.2806846725,29988.959608924673,737
2025-04-22 19:46:00+00:00,29987.70749813469,29991.02841701537,29986.759533087214,29989.514917296492,865
2025-04-22 19:51:00+00:00,29989.434227950398,29993.629734256614,29970.6035452957,29990.28960754906,572
2025-04-22 19:56:00+00:00,29987.963887239825,29992.376744145866,29980.63162745163,29986.52580909568,473
2025-04-22 20:01:00+00:00,29987.398577122112,29997.031545461512,29978.12325703448,29986.3779712038,531
2025-04-22 20:06:00+00:00,29987.618572663443,29999.83636550959,29984.88239779119,29988.43346562249,424
2025-04-22 20:11:00+00:00,29988.56183760982,29994.582008694848,29982.552062063853,29987.294062747707,244
2025-04-22 20:16:00+00:00,29987.148372753283,29997.93884620968,29980.763791743644,29987.822423344987,888
2025-04-22 20:21:00+00:00,29987.64588358471,29998.71952364868,29972.640818202144,29987.947545503434,889
2025-04-22 20:26:00+00:00,29986.753984438903,29992.462585895984,29975.605800080433,29985.36523935473,425
2025-04-22 20:31:00+00:00,29985.505065882113,29988.966387885313,29978.478709051597,29983.686982669402,307
2025-04-22 20:36:00+00:00,29984.73148534463,29999.682086262015,29978.84456855872,29984.4299295699,608
2025-04-22 20:41:00+00:00,29982.83701132346,29999.921630848854,29971.90042694705,29983.545093710047,992
2025-04-22 20:46:00+00:00,29981.619736242857,29982.78604707966,29974.580554516906,29982.18791229036,684
2025-04-22 20:51:00+00:00,29981.893863957408,29984.233450525408,29976.417041965775,29980.334766741966,349
2025-04-22 20:56:00+00:00,29984.167971618896,29987.51924459649,29966.837833973103,29983.574110598638,169
2025-04-22 21:01:00+00:00,29985.33177235103,29999.763641725556,29985.22630440218,29983.99292083395,641
2025-04-22 21:06:00+00:00,29986.204291510985,29998.639964191458,29979.850889863723,29987.842616617283,902
2025-04-22 21:11:00+00:00,29985.943030771967,29990.148478909254,29984.723437894012,29986.91801969323,692
2025-04-22 21:16:00+00:00,29986.404755802876,29987.151200580676,29972.947420585275,29984.723471195346,790
2025-04-22 21:21:00+00:00,29986.367003267656,30002.3049281473,29983.334150990824,29987.105251235433,633
2025-04-22 21:26:00+00:00,29986.616688349346,30002.149293390547,29981.880668576046,29986.68798887702,130
2025-04-22 21:31:00+00:00,29987.07397481222,29991.727082894253,29982.51179934564,29987.08654124191,451
2025-04-22 21:36:00+00:00,29988.144455060476,29996.10842601976,29968.19937587862,29987.76819885223,320
2025-04-22 21:41:00+00:00,29986.13231469983,29998.557533075338,29981.953795776208,29984.657004788576,668
2025-04-22 21:46:00+00:00,29987.60990750523,30006.332659506035,29976.509501087767,29988.568637609962,397
2025-04-22 21:51:00+00:00,29989.788041389053,29999.515746832014,29979.259052771387,29989.530735793865,105
2025-04-22 21:56:00+00:00,29990.655642423342,29999.026051887413,29983.859904284396,29989.783270065276,258
2025-04-22 22:01:00+00:00,29988.459182096445,29994.210617159617,29975.306106595428,29988.111009706652,690
2025-04-22 22:06:00+00:00,29988.047478893644,30006.99670899475,29976.822244019488,29987.658179608217,676
2025-04-22 22:11:00+00:00,29988.231777187375,29990.067477277644,29986.187635462607,29987.667613742833,929
2025-04-22 22:16:00+00:00,29987.258424082404,29990.730330658014,29979.178213902247,29986.665526541477,253
2025-04-22 22:21:00+00:00,29986.48740223609,30001.203557771507,29979.474657761708,29986.07800284692,964
2025-04-22 22:26:00+00:00,29984.295548283997,29995.89926113394,29965.212725814763,29983.054662708535,134
2025-04-22 22:31:00+00:00,29983.8761926126,30000.46352781226,29968.446736068963,29982.380751593686,842
2025-04-22 22:36:00+00:00,29984.31474087175,30002.96172523234,29968.29298853961,29982.812599260516,566
2025-04-22 22:41:00+00:00,29984.79056266705,29999.101896587214,29968.732354983946,29982.465072180144,101
2025-04-22 22:46:00+00:00,29984.133463239108,29999.559089178918,29979.15622262479,29984.293533648884,168
2025-04-22 22:51:00+00:00,29982.74329210271,29985.265059345325,29976.191089387812,29980.968576512525,993
2025-04-22 22:56:00+00:00,29982.55155535021,29984.790326617782,29975.877165908427,29983.511125908524,636
2025-04-22 23:01:00+00:00,29982.07363967642,29992.781261991717,29972.29283664643,29981.93136259101,921
2025-04-22 23:06:00+00:00,29982.07734907014,29982.326871155758,29969.40807742082,29982.541558622885,602
2025-04-22 23:11:00+00:00,29981.936453020986,29990.252210839004,29969.316579577386,29979.512217000945,944
2025-04-22 23:16:00+00:00,29982.22282530429,29983.724675864712,29973.864015918567,29984.215964024443,808
2025-04-22 23:21:00+00:00,29982.056445026545,29996.047204475875,29972.702716258427,29980.27497648388,696
2025-04-22 23:26:00+00:00,29983.627235210934,30003.378933099168,29969.37700081094,29983.19856517492,491
2025-04-22 23:31:00+00:00,29983.755619199896,29989.35816765405,29976.64830616257,29983.792888305245,811
2025-04-22 23:36:00+00:00,29983.442787469692,29996.007773873782,29982.61705198476,29984.11156465062,830
2025-04-22 23:41:00+00:00,29984.209783420098,29995.978268665844,29982.78785792957,29982.635521909746,992
2025-04-22 23:46:00+00:00,29983.61148345895,29995.388469891423,29975.045443438743,29983.67306221681,230
2025-04-22 23:51:00+00:00,29983.510746291155,29999.461520427187,29972.860204057994,29983.73445668184,667
2025-04-22 23:56:00+00:00,29981.942652633326,29991.760409306582,29964.500933441785,29980.874378823733,225
2025-04-23 00:01:00+00:00,29982.494602942897,29997.606952387792,29967.103908713845,29984.160787882865,130
2025-04-23 00:06:00+00:00,29982.677268691597,29986.085153762935,29968.735570045672,29983.593233708918,489
2025-04-23 00:11:00+00:00,29980.872991408785,29992.558221296673,29973.56363992366,29981.008861905782,963
2025-04-23 00:16:00+00:00,29979.17282058128,29984.34408039069,29975.193429193998,29978.11605662813,900
2025-04-23 00:21:00+00:00,29978.18198752458,29997.973714168336,29977.489705608365,29978.487920476782,843
2025-04-23 00:26:00+00:00,29978.769639705573,29997.308416150354,29966.858011839184,29978.598258904065,611
2025-04-23 00:31:00+00:00,29979.111354715566,29998.746384697013,29965.80736416401,29977.979034104595,983
2025-04-23 00:36:00+00:00,29980.17973760177,29991.77313944321,29962.34736771697,29980.082314504616,431
2025-04-23 00:41:00+00:00,29977.984481838863,29988.674997408576,29975.424003969558,29978.723797087925,317
2025-04-23 00:46:00+00:00,29979.165302826605,29982.317777864144,29960.39610454632,29979.535104532977,955
2025-04-23 00:51:00+00:00,29979.605108837735,29992.79778718188,29978.65501237207,29980.17204142132,165
2025-04-23 00:56:00+00:00,29978.772946146015,29988.6136728263,29964.511271945456,29977.694808022974,847
2025-04-23 01:01:00+00:00,29978.818162359556,29992.382859687437,29962.636304308806,29980.11138317411,545
2025-04-23 01:06:00+00:00,29979.96402551317,29984.083850553172,29965.973257368016,29979.277221919765,467
2025-04-23 01:11:00+00:00,29982.42931964566,29998.837409883497,29970.354888904065,29982.51333418515,974
2025-04-23 01:16:00+00:00,29982.321060031194,29989.81434017376,29967.631259262027,29982.857978146825,894
2025-04-23 01:21:00+00:00,29981.652865937995,29992.968806516645,29966.594075221947,29982.726603151496,828
2025-04-23 01:26:00+00:00,29982.02853394192,29983.67375894248,29966.253140155655,29983.971803689317,295
2025-04-23 01:31:00+00:00,29980.33826362881,29989.320234541578,29974.484977501743,29979.215514142732,329
2025-04-23 01:36:00+00:00,29980.584749374604,29995.625283624147,29972.264949135573,29981.516825747905,468
2025-04-23 01:41:00+00:00,29980.152522645185,29995.395594230013,29967.204987745947,29980.042143256625,475
2025-04-23 01:46:00+00:00,29981.613464610302,29995.245519662265,29967.78152353864,29981.418082011834,406
2025-04-23 01:51:00+00:00,29983.144056196823,29987.822989460296,29980.85664793421,29983.66886687426,129
2025-04-23 01:56:00+00:00,29982.33737841223,29996.771243711206,29974.13419080579,29983.927679605018,205
2025-04-23 02:01:00+00:00,29982.467764813795,29986.182082598618,29966.210373565802,29984.0204576944,626
2025-04-23 02:06:00+00:00,29982.146940786544,29997.907868738468,29967.005062172306,29981.656033622163,592
2025-04-23 02:11:00+00:00,29980.837480494418,29989.96752871171,29965.19322807117,29981.267869747844,677
2025-04-23 02:16:00+00:00,29980.670666807877,29994.879470005293,29967.48613079605,29981.24040826641,113
2025-04-23 02:21:00+00:00,29979.19497015421,29984.08247097552,29976.975065983108,29979.843755678874,427
2025-04-23 02:26:00+00:00,29980.670843388103,29996.85358218658,29979.769021199245,29980.603078342418,705
2025-04-23 02:31:00+00:00,29981.291709499368,29987.54708801073,29969.79044428245,29981.155055273553,150
2025-04-23 02:36:00+00:00,29982.957199587072,29984.268877815808,29982.081114366072,29982.049805429437,576
2025-04-23 02:41:00+00:00,29985.023662916406,29986.252194737815,29973.068951038567,29985.229743171094,591
2025-04-23 02:46:00+00:00,29985.890262615223,29994.136291920007,29982.3849172517,29986.056613452733,999
2025-04-23 02:51:00+00:00,29984.713661510035,29988.293966836827,29983.497431033862,29987.15325788046,750
2025-04-23 02:56:00+00:00,29984.191474068437,29986.01274706512,29977.618645817358,29983.126681095582,824
2025-04-23 03:01:00+00:00,29984.594654098408,30001.11056669691,29973.61556357016,29984.248825831342,170
2025-04-23 03:06:00+00:00,29983.945736732032,29987.49112934395,29978.28713096312,29984.83151470563,754
2025-04-23 03:11:00+00:00,29983.369139439255,29990.53431641228,29973.37693473584,29984.533178168174,105
2025-04-23 03:16:00+00:00,29983.376035019584,29991.074784124503,29965.408631109014,29983.447131964484,944
2025-04-23 03:21:00+00:00,29984.166546098077,29985.402067718158,29973.41480717082,29984.41477781375,372
2025-04-23 03:26:00+00:00,29983.76907849598,29994.58444026831,29981.069006695303,29982.709188928024,622
2025-04-23 03:31:00+00:00,29983.07616547445,29994.495007485137,29977.950669183607,29983.357166608952,253
2025-04-23 03:36:00+00:00,29982.44010074832,29982.596597617096,29980.905944774866,29980.493226086564,372
2025-04-23 03:41:00+00:00,29981.694441380576,29995.195939957033,29965.043488765656,29982.965752386113,725
2025-04-23 03:46:00+00:00,29981.288988169552,29985.517354063682,29980.967472203454,29981.400036068186,938
2025-04-23 03:51:00+00:00,29980.4586034308,29988.540456119226,29960.54704855261,29981.626209665767,277
2025-04-23 03:56:00+00:00,29980.966166069196,29982.05221941966,29975.74126715637,29982.448111008132,986
2025-04-23 04:01:00+00:00,29981.56774197226,29994.430595057376,29962.37171875223,29982.59091485576,297
2025-04-23 04:06:00+00:00,29981.39318185365,29981.985480972795,29976.000818940833,29980.587563436122,661
2025-04-23 04:11:00+00:00,29980.349781948975,29995.790811243976,29965.576525592,29980.73554116114,131
2025-04-23 04:16:00+00:00,29981.168647576073,29998.57069295589,29968.498545670358,29981.874215533528,332
2025-04-23 04:21:00+00:00,29980.759182190937,29981.77915152713,29976.560445033097,29979.097884411494,922
2025-04-23 04:26:00+00:00,29981.622772334405,29990.94155916548,29974.059394733864,29982.02137830124,989
2025-04-23 04:31:00+00:00,29982.205466949643,29989.49447327836,29979.510940084372,29983.525194969305,115
2025-04-23 04:36:00+00:00,29982.304029135998,29995.750252589754,29974.05199365623,29980.959719972634,195
2025-04-23 04:41:00+00:00,29981.008373648157,29995.812000831753,29961.548752023326,29981.19431070296,473
2025-04-23 04:46:00+00:00,29981.729471521918,29998.19315586724,29978.607404982267,29983.146475950496,540
2025-04-23 04:51:00+00:00,29982.665661016166,29993.503782162057,29980.98174677963,29981.09018069939,453
2025-04-23 04:56:00+00:00,29983.63247851332,29991.166179399286,29967.189762384645,29982.678031879605,929
2025-04-23 05:01:00+00:00,29982.3957588252,29988.518379371315,29977.79211693424,29982.033189440885,439
2025-04-23 05:06:00+00:00,29982.563439415768,29995.18674383171,29976.2923281843,29982.24140105934,813
2025-04-23 05:11:00+00:00,29981.398883425743,29994.877765906014,29978.390004448527,29979.87542762227,537
2025-04-23 05:16:00+00:00,29981.899063261648,29982.542032262616,29980.264739583115,29982.8065095199,249
2025-04-23 05:21:00+00:00,29981.732108269855,29991.480103440812,29980.566578906175,29982.591993142825,708
2025-04-23 05:26:00+00:00,29981.137337393393,29994.575990662408,29967.67236343743,29981.090565025454,869
2025-04-23 05:31:00+00:00,29981.945173430962,29987.683251850023,29980.97974738239,29981.478077273474,919
2025-04-23 05:36:00+00:00,29981.433272513594,29988.977551163116,29966.005433739516,29980.875946754877,172
2025-04-23 05:41:00+00:00,29980.84294762292,29997.788873049787,29968.578598084267,29981.891243673144,740
2025-04-23 05:46:00+00:00,29980.438098996266,29997.611981504837,29968.96472620167,29978.94587339135,974
2025-04-23 05:51:00+00:00,29981.158696976087,29989.67765457869,29975.875524752064,29981.877534389965,952
2025-04-23 05:56:00+00:00,29980.230276210852,29987.188936405044,29979.756255365817,29981.304341490297,475
2025-04-23 06:01:00+00:00,29980.66739045093,29996.95357968539,29972.5958046239,29980.11746209597,217
2025-04-23 06:06:00+00:00,29980.094000308738,29992.279981863147,29971.892586369388,29980.341378791123,576
2025-04-23 06:11:00+00:00,29979.31642204331,29998.931886564238,29966.077802825283,29980.290191774748,319
2025-04-23 06:16:00+00:00,29978.592035063542,29998.396167280516,29960.25376150168,29979.02762358491,228
2025-04-23 06:21:00+00:00,29979.619647051477,29991.032377822747,29961.55235021302,29979.854979878168,482
2025-04-23 06:26:00+00:00,29979.017810928854,29989.195352145052,29975.07388392664,29978.433829587557,156
2025-04-23 06:31:00+00:00,29979.585183775598,29985.49691171946,29962.6767535452,29978.41756769454,718
2025-04-23 06:36:00+00:00,29978.93087628788,29991.69747061916,29969.595354967794,29978.52049373441,930
2025-04-23 06:41:00+00:00,29979.584444630294,29989.095297103173,29970.44098409682,29979.28239757284,557
2025-04-23 06:46:00+00:00,29979.64436781497,29981.474991407646,29974.813371805445,29981.623708251263,264
2025-04-23 06:51:00+00:00,29978.79211696304,29981.87433364169,29977.044865967,29976.926152031083,663
2025-04-23 06:56:00+00:00,29978.963883082593,29998.817850357726,29973.696979335873,29980.23086490069,821
2025-04-23 07:01:00+00:00,29980.528895915755,29987.810714353887,29964.358520842714,29978.701605477665,766
2025-04-23 07:06:00+00:00,29980.318898044563,29991.663884696496,29968.424367779473,29980.9720846099,785
2025-04-23 07:11:00+00:00,29980.542048761323,29984.87341900376,29979.60221634299,29981.15848910668,783
2025-04-23 07:16:00+00:00,29980.48973486638,29983.73283203266,29963.196197441877,29980.02397423019,857
2025-04-23 07:21:00+00:00,29979.848754472627,29981.81977942481,29979.832316353866,29978.40389669101,420
2025-04-23 07:26:00+00:00,29979.322499031907,29995.677442470216,29962.09428808409,29978.78896907928,717
2025-04-23 07:31:00+00:00,29978.34366566532,29983.07665510028,29970.581637780513,29979.831142750183,864
2025-04-23 07:36:00+00:00,29978.360966502005,29993.471718138386,29976.392176761965,29977.541883947844,454
2025-04-23 07:41:00+00:00,29977.879758645275,29997.620901142473,29961.255655886078,29979.024476782393,563
2025-04-23 07:46:00+00:00,29978.08764499334,29991.34044402868,29977.127724811122,29977.19916465078,679
2025-04-23 07:51:00+00:00,29977.67934338466,29981.038780169554,29964.9425133638,29976.944783984272,642
2025-04-23 07:56:00+00:00,29978.596072113254,29996.574473849065,29973.088044305627,29978.518872850465,193
2025-04-23 08:01:00+00:00,29977.044709156813,29982.409497421366,29976.99082003607,29977.76055657604,837
2025-04-23 08:06:00+00:00,29976.860022474688,29993.136794190606,29968.44793800362,29976.50067276123,456
2025-04-23 08:11:00+00:00,29975.242408116377,29990.712995024936,29961.991314616782,29974.237563863662,573
2025-04-23 08:16:00+00:00,29976.85317751035,29993.21968078521,29957.140336582364,29976.43211957464,578
2025-04-23 08:21:00+00:00,29978.35298883433,29986.805290199976,29967.691953317226,29977.060972761985,124
2025-04-23 08:26:00+00:00,29978.410320979012,29994.80264083918,29969.26194537444,29979.132388411992,697
2025-04-23 08:31:00+00:00,29977.999647772263,29980.53538687254,29962.821993144218,29976.90626718176,795
2025-04-23 08:36:00+00:00,29977.872802382797,29992.19126933894,29967.726307675115,29978.128853271246,835
2025-04-23 08:41:00+00:00,29977.597139607948,29982.37861295993,29976.021349511586,29977.54532812076,376
2025-04-23 08:46:00+00:00,29978.058742242163,29985.248137210823,29961.811121334616,29980.190486183714,305
2025-04-23 08:51:00+00:00,29978.86695921533,29986.166827257515,29971.24549347976,29979.465642528245,898
2025-04-23 08:56:00+00:00,29977.700123578743,29995.225567713027,29965.756280576217,29977.2700629343,169
2025-04-23 09:01:00+00:00,29977.31072147382,29978.46172778584,29972.79508955819,29977.25879009257,320
2025-04-23 09:06:00+00:00,29976.761050797264,29988.043893902766,29961.02794176327,29976.556196142148,312
2025-04-23 09:11:00+00:00,29979.05594653517,29996.964965346684,29976.747760316415,29978.247861662825,111
2025-04-23 09:16:00+00:00,29977.289136466443,29991.555260915502,29960.46169594112,29978.64158602824,232
2025-04-23 09:21:00+00:00,29977.12748590586,29985.26068574323,29959.706247342878,29976.90838315381,703
2025-04-23 09:26:00+00:00,29976.675116747854,29981.110898680785,29976.442085383886,29976.803992237335,539
2025-04-23 09:31:00+00:00,29976.456414487562,29977.526254599437,29961.811267019115,29975.614534675235,914
2025-04-23 09:36:00+00:00,29977.244427243157,29983.27013922012,29966.364919002124,29977.274197917122,735
2025-04-23 09:41:00+00:00,29978.72399797452,29979.711937796932,29974.404542197306,29978.457992498446,885
2025-04-23 09:46:00+00:00,29978.044124254542,29993.148605592054,29972.660168308317,29976.787029739662,807
2025-04-23 09:51:00+00:00,29978.802324726068,29981.912020823183,29964.54152156911,29980.147616584105,808
2025-04-23 09:56:00+00:00,29977.18848370261,29978.06180735333,29959.829549660368,29977.27925415893,162
2025-04-23 10:01:00+00:00,29976.7058336748,29978.23312031447,29960.258406916437,29975.648678851237,907
2025-04-23 10:06:00+00:00,29979.391077375818,29992.401370829026,29970.504564501913,29978.929643961437,269
2025-04-23 10:11:00+00:00,29980.43405224194,29998.79401934311,29977.96566124417,29979.022642581327,164
2025-04-23 10:16:00+00:00,29979.271611642314,29986.378957512872,29971.21033738118,29977.84868315736,437
2025-04-23 10:21:00+00:00,29980.651823597123,29988.76373688813,29978.95728321934,29980.49320403343,182
2025-04-23 10:26:00+00:00,29982.627664319683,29992.658892054,29967.22344023686,29982.090477538553,939
2025-04-23 10:31:00+00:00,29981.595079861538,29984.731062046878,29971.752029551943,29983.343697225337,308
2025-04-23 10:36:00+00:00,29979.89071970511,29992.259117632377,29978.662189141087,29980.675107393836,161
2025-04-23 10:41:00+00:00,29982.30422611747,30001.872903679287,29977.580916810108,29985.122517341242,585
2025-04-23 10:46:00+00:00,29982.229756858418,29985.13055234644,29966.964299014635,29982.571911791576,249
2025-04-23 10:51:00+00:00,29980.771611886077,29983.30345384125,29975.72565015592,29980.90285758563,777
2025-04-23 10:56:00+00:00,29980.250990832,29996.366609044653,29965.213562078967,29981.13474940821,686
2025-04-23 11:01:00+00:00,29979.462409161602,29988.694920675774,29964.853020462284,29979.051602921376,916
2025-04-23 11:06:00+00:00,29979.47884272758,29985.58859453068,29970.92408439881,29979.8866872755,950
2025-04-23 11:11:00+00:00,29979.4410086915,29988.472238013015,29970.876764681474,29979.990641124557,666
2025-04-23 11:16:00+00:00,29979.36554406543,29994.731870452764,29970.89781625405,29978.409657568736,953
2025-04-23 11:21:00+00:00,29978.360531856848,29989.752360249517,29972.483653990068,29980.004791533654,862
2025-04-23 11:26:00+00:00,29977.891546590003,29984.537152730714,29965.371780481597,29976.47936867168,668
2025-04-23 11:31:00+00:00,29980.14464022602,29988.07409281305,29965.768507162626,29979.43245937458,129
2025-04-23 11:36:00+00:00,29979.642281351287,29982.77176926797,29977.954760739376,29978.130411497612,359
2025-04-23 11:41:00+00:00,29981.865769199834,29998.33040679414,29977.03239506391,29981.944371833244,481
2025-04-23 11:46:00+00:00,29982.088921916602,29983.43897394909,29972.74787301809,29982.50135158644,669
2025-04-23 11:51:00+00:00,29981.86433908601,30000.733732770088,29965.75166671348,29983.412601426764,151
2025-04-23 11:56:00+00:00,29983.498845923597,30000.66791964856,29977.542512332402,29983.921762216658,481
2025-04-23 12:01:00+00:00,29982.73663218676,29988.11109374523,29975.50438135407,29981.75723837501,962
2025-04-23 12:06:00+00:00,29981.520896764796,29982.701453511218,29976.11714413483,29982.6039622331,692
2025-04-23 12:11:00+00:00,29982.214726512375,29990.97345460755,29968.297925136856,29982.53424979023,912
2025-04-23 12:16:00+00:00,29982.602022143714,29993.565414376666,29965.200699372606,29981.298329435263,591
2025-04-23 12:21:00+00:00,29981.933904687736,29989.053679576657,29966.007655972247,29981.856680198613,111
2025-04-23 12:26:00+00:00,29982.049937624724,29988.479022562387,29973.991626097126,29982.383323414204,616
2025-04-23 12:31:00+00:00,29982.34159396668,30000.352205708987,29981.68724671975,29982.20804587604,358
2025-04-23 12:36:00+00:00,29983.028460089146,29987.53930967644,29964.686147976514,29982.218825361408,548
2025-04-23 12:41:00+00:00,29981.06260453708,29993.870141761312,29966.86947703421,29981.674628145276,661
2025-04-23 12:46:00+00:00,29979.74251610296,29984.721004451836,29970.381430648766,29981.49563610492,740
2025-04-23 12:51:00+00:00,29979.821024169272,29993.15379351951,29965.209908751916,29980.240161037884,577
2025-04-23 12:56:00+00:00,29979.84228899529,29981.013340417034,29960.383960094365,29981.04098378952,987
2025-04-23 13:01:00+00:00,29980.263722195876,29993.209981349442,29961.37105055131,29979.635992030548,805
2025-04-23 13:06:00+00:00,29981.15596027761,29995.58385457992,29967.960987565566,29980.05962846202,427
2025-04-23 13:11:00+00:00,29979.92253178909,29983.903310944213,29973.243327340737,29979.629138535634,888
2025-04-23 13:16:00+00:00,29982.133840314687,29997.496843260727,29964.585291601987,29982.652382170854,657
2025-04-23 13:21:00+00:00,29981.76653407423,29988.383980454444,29978.190536253554,29981.016911394938,336
2025-04-23 13:26:00+00:00,29981.47533140327,29993.20613235177,29967.68896422835,29982.077613035188,513
2025-04-23 13:31:00+00:00,29982.1019209471,29986.861995238858,29965.017417510488,29981.194915840122,103
2025-04-23 13:36:00+00:00,29981.658731418825,29997.792361998952,29966.263120164123,29981.83493278406,279
2025-04-23 13:41:00+00:00,29981.84506122672,29988.62183029148,29963.003866688123,29980.823327330556,252
2025-04-23 13:46:00+00:00,29980.348116730624,29984.06841475773,29964.982416449675,29980.287020751195,598
2025-04-23 13:51:00+00:00,29980.515382523066,29999.096598171265,29961.048690013406,29981.587141144224,722
2025-04-23 13:56:00+00:00,29980.473327216303,29995.32077541367,29966.19179361605,29979.888056639895,104
2025-04-23 14:01:00+00:00,29982.166852527607,30002.034302041666,29981.848782895686,29982.307504855853,640
2025-04-23 14:06:00+00:00,29981.877361572286,29989.457468889283,29977.91836734682,29982.62146697487,303
2025-04-23 14:11:00+00:00,29982.288289623706,29982.962527748325,29970.086851890723,29982.496824381768,722
2025-04-23 14:16:00+00:00,29980.722693301323,29986.02736906696,29970.71938457283,29980.405192151728,590
2025-04-23 14:21:00+00:00,29979.4445808967,29991.044654821402,29972.052521224497,29978.806566995223,348
2025-04-23 14:26:00+00:00,29980.550486626697,29986.43932687136,29970.761252236585,29980.444155128505,216
2025-04-23 14:31:00+00:00,29980.606108588123,29985.024167840744,29979.758459580127,29981.433036637143,729
2025-04-23 14:36:00+00:00,29980.412399285717,29985.37683146301,29966.726236304035,29980.72597079098,297
2025-04-23 14:41:00+00:00,29978.74160269711,29990.279671248765,29974.753702288734,29977.529676102185,927
2025-04-23 14:46:00+00:00,29979.751226821598,29997.90217506621,29968.626800761176,29979.51041590834,581
2025-04-23 14:51:00+00:00,29979.602207058615,29986.865197952524,29974.150075186113,29979.360619475305,869
2025-04-23 14:56:00+00:00,29980.2441022803,29993.928658577475,29963.491575737444,29980.77113496347,995
2025-04-23 15:01:00+00:00,29979.59420018673,29983.855085195322,29971.260203745238,29978.786703265072,292
2025-04-23 15:06:00+00:00,29980.45901352543,29983.573723348098,29967.413925592857,29981.396086510755,372
2025-04-23 15:11:00+00:00,29979.58447198454,29981.081952156008,29960.049443297434,29979.397425651558,222
2025-04-23 15:16:00+00:00,29979.9521130382,29980.471198873896,29965.08002761389,29981.02446483515,543
2025-04-23 15:21:00+00:00,29981.65024538707,29992.470059360978,29975.230482901577,29981.39929253851,424
2025-04-23 15:26:00+00:00,29982.55494387078,29983.364101329367,29970.734374547475,29982.49904966025,668
2025-04-23 15:31:00+00:00,29982.907313319083,30000.202131930175,29975.347111737625,29983.434444156643,460
2025-04-23 15:36:00+00:00,29983.146320391534,29998.86639759852,29980.159987503655,29983.574968518104,839
2025-04-23 15:41:00+00:00,29983.07692724569,29989.91563454429,29971.08981490109,29983.306924306602,369
2025-04-23 15:46:00+00:00,29984.25443497155,29990.258096109723,29976.3728180728,29984.75727253439,381
2025-04-23 15:51:00+00:00,29983.271045314174,29996.11356534977,29979.98315583651,29983.866809371146,405
2025-04-23 15:56:00+00:00,29981.36136666397,29985.075181069114,29964.183418289314,29982.79226180845,908
2025-04-23 16:01:00+00:00,29983.62404739746,29985.03932218075,29967.60143247836,29982.889958018357,829
2025-04-23 16:06:00+00:00,29983.302831322646,29986.45239521425,29975.078405157747,29983.68218428743,294
2025-04-23 16:11:00+00:00,29982.48836428721,29990.519825176492,29976.14909719671,29981.82577784339,790
2025-04-23 16:16:00+00:00,29982.68103646276,29986.07489610164,29972.754275254214,29982.7401236058,985
2025-04-23 16:21:00+00:00,29983.026618579242,30000.71957883063,29969.83710861971,29982.217124872852,423
2025-04-23 16:26:00+00:00,29982.948874670514,29996.06973572217,29981.923938370932,29983.23213130241,694
2025-04-23 16:31:00+00:00,29983.626864572132,30000.759110656352,29970.24525094658,29983.581278941656,533
2025-04-23 16:36:00+00:00,29983.105449709066,29991.265639668014,29972.282994301244,29982.371487624565,153
2025-04-23 16:41:00+00:00,29982.377338757156,29983.557616031067,29965.331338759905,29982.65157844242,474
2025-04-23 16:46:00+00:00,29981.285712379846,29998.498307537404,29972.617217281444,29981.12007821011,231
2025-04-23 16:51:00+00:00,29981.567863784556,29987.185742125515,29972.213818820022,29981.114392262396,401
2025-04-23 16:56:00+00:00,29981.787338878305,29995.852706455284,29980.797444658252,29982.533991908775,570
2025-04-23 17:01:00+00:00,29982.493078010062,29996.406337089295,29973.03915753041,29983.43402452695,346
2025-04-23 17:06:00+00:00,29982.930617134487,29983.84190699497,29974.982204054406,29983.75742933278,976
2025-04-23 17:11:00+00:00,29982.21833742825,29999.079006210148,29975.771407112024,29983.18551426798,349
2025-04-23 17:16:00+00:00,29981.131380037245,29983.274200281812,29975.27881313194,29981.71830323846,616
2025-04-23 17:21:00+00:00,29982.48119048434,29995.202467454983,29974.899503844925,29983.683658453905,776
2025-04-23 17:26:00+00:00,29983.095593932077,29997.855123290727,29976.962194504315,29982.42818855736,640
2025-04-23 17:31:00+00:00,29982.902217715346,29985.73172043389,29978.309150804715,29982.418269798854,387
2025-04-23 17:36:00+00:00,29983.78330457931,30001.86688118008,29977.248744945577,29983.31731707995,748
2025-04-23 17:41:00+00:00,29984.58482754745,29990.24098309523,29975.487060704898,29984.54383616305,222
2025-04-23 17:46:00+00:00,29983.08601923181,29989.470575434192,29965.147846863638,29983.389043032337,981
2025-04-23 17:51:00+00:00,29983.761791074703,29991.06744177612,29967.27720450959,29983.206145611653,549
2025-04-23 17:56:00+00:00,29983.81219675484,30001.878006898154,29981.308169332136,29982.273547971072,391
2025-04-23 18:01:00+00:00,29984.882545586785,29988.990448413275,29984.542460493398,29983.94047938475,359
2025-04-23 18:06:00+00:00,29984.73927077537,29997.928603471875,29977.552455680838,29984.50633767465,141
2025-04-23 18:11:00+00:00,29983.74195181697,29992.923405088175,29966.650573032926,29982.69002870058,249
2025-04-23 18:16:00+00:00,29982.725304623506,29989.41373833964,29966.3490720734,29983.19335950625,400
2025-04-23 18:21:00+00:00,29982.38712762542,29997.11856635019,29963.998995539885,29981.16943375466,226
2025-04-23 18:26:00+00:00,29983.95314981294,29998.151587271954,29971.877225124666,29982.79007193767,627
2025-04-23 18:31:00+00:00,29982.91797184818,29985.369513253696,29975.62271645957,29982.864757050877,822
2025-04-23 18:36:00+00:00,29982.26230662312,29989.937157909782,29968.34260554339,29982.288531837807,522
2025-04-23 18:41:00+00:00,29982.883957766317,29989.312512904755,29968.7347656108,29982.432774985013,516
2025-04-23 18:46:00+00:00,29981.904915871404,30000.272045321813,29963.381862506812,29982.42516007255,449
2025-04-23 18:51:00+00:00,29983.36399893471,29995.56960476602,29970.37944887694,29982.563207950778,712
2025-04-23 18:56:00+00:00,29983.1993039827,29997.624627363904,29980.537235039537,29981.501850373916,514
2025-04-23 19:01:00+00:00,29983.518458622606,29996.90714800036,29964.055163654262,29984.7144410312,169
2025-04-23 19:06:00+00:00,29984.440877734196,29997.66569201028,29980.3465150963,29984.438612041537,398
2025-04-23 19:11:00+00:00,29986.743787092044,30005.063605448195,29969.7384628128,29986.57488041145,154
2025-04-23 19:16:00+00:00,29987.052231546775,30001.3384406024,29979.011410311916,29985.978745909746,601
2025-04-23 19:21:00+00:00,29988.373872277833,30000.599756948446,29986.654321490183,29989.636264257075,157
2025-04-23 19:26:00+00:00,29986.98595493574,29996.469203106688,29986.158068100656,29987.66636536763,324
2025-04-23 19:31:00+00:00,29988.880393618656,30002.257005480096,29985.47308028663,29988.70959998214,723
2025-04-23 19:36:00+00:00,29989.149482303605,29998.383607959924,29986.04306255362,29989.05003661049,203
2025-04-23 19:41:00+00:00,29988.177678479497,29997.030894083713,29983.53723699083,29987.869972723005,556
2025-04-23 19:46:00+00:00,29988.475073550657,29990.71984864299,29975.44642848808,29989.189940573076,550
2025-04-23 19:51:00+00:00,29989.002516296598,29991.651345210987,29983.1671140528,29989.208078255782,622
2025-04-23 19:56:00+00:00,29988.91278749994,29998.78584976929,29988.775648019033,29989.59198697672,688
2025-04-23 20:01:00+00:00,29987.92469478977,29995.54390933273,29974.04294773718,29989.080125124397,312
2025-04-23 20:06:00+00:00,29988.610539233945,30004.60198327238,29974.429280314587,29989.098027990658,996
2025-04-23 20:11:00+00:00,29988.324220329505,29998.384237265876,29970.149822159703,29987.783851212764,325
2025-04-23 20:16:00+00:00,29987.63850592006,30001.616491593046,29983.902359233536,29988.685713096253,493
2025-04-23 20:21:00+00:00,29986.38116609273,29999.524340910113,29971.431604802987,29986.51873388211,716
2025-04-23 20:26:00+00:00,29986.749024707322,29989.771984681385,29983.804475583125,29986.36277416954,208
2025-04-23 20:31:00+00:00,29987.702294891602,30007.00964402353,29975.57709545948,29988.482435992293,616
2025-04-23 20:36:00+00:00,29987.840047542333,29990.844899846255,29983.614133476363,29988.990509728603,994
2025-04-23 20:41:00+00:00,29988.038739833053,30003.4336636983,29968.198607335475,29988.397983605722,541
2025-04-23 20:46:00+00:00,29987.228499159963,29990.341336001504,29971.94434423695,29987.21466955668,790
2025-04-23 20:51:00+00:00,29986.700538560985,30001.04153413247,29982.05706644004,29987.465884764406,486
2025-04-23 20:56:00+00:00,29985.32093593944,30000.10535572557,29984.897143860053,29986.265812124126,929
2025-04-23 21:01:00+00:00,29986.346625524737,29999.93308300509,29983.889455343953,29985.01181020593,342
2025-04-23 21:06:00+00:00,29987.956400437386,29996.387325597334,29979.14116978504,29988.83383342318,228
2025-04-23 21:11:00+00:00,29986.769508015866,29993.7798405325,29969.89796654896,29987.661464640158,373
2025-04-23 21:16:00+00:00,29985.76638682071,29995.150026995965,29985.151501075292,29986.997786000917,145
2025-04-23 21:21:00+00:00,29986.307157907686,29994.474937794228,29974.138283993634,29986.453069174066,874
2025-04-23 21:26:00+00:00,29987.18161716436,29992.58751273602,29985.948053669148,29986.037072095667,924
2025-04-23 21:31:00+00:00,29987.90272216557,30000.26822459889,29982.494148294416,29988.21096980977,818
2025-04-23 21:36:00+00:00,29986.461308054008,29994.51665223833,29970.89929368106,29986.77537514414,354
2025-04-23 21:41:00+00:00,29986.690200349836,29988.856532993894,29971.431755097274,29986.114242015992,631
2025-04-23 21:46:00+00:00,29987.670872066992,29992.223549003545,29976.50320550431,29986.046809491443,382
2025-04-23 21:51:00+00:00,29989.97055309296,29999.754301138153,29988.71222208333,29988.211070463174,643
2025-04-23 21:56:00+00:00,29988.69855996966,30007.323464939225,29982.48669284441,29989.453545035918,746
2025-04-23 22:01:00+00:00,29988.014947858945,29993.159849241267,29975.70329753183,29988.626200092123,413
2025-04-23 22:06:00+00:00,29988.51690938482,29999.03843524125,29985.055920374794,29988.61976105782,601
2025-04-23 22:11:00+00:00,29988.785627767254,29993.98664007844,29977.465068588815,29990.78199097658,553
2025-04-23 22:16:00+00:00,29991.255609351174,30000.844585459992,29990.189863744574,29993.74434689715,797
2025-04-23 22:21:00+00:00,29992.236540558446,30002.333032916085,29972.29223470077,29991.55211725321,619
2025-04-23 22:26:00+00:00,29991.211907751247,29993.636600811733,29977.1679792109,29990.08758127165,567
2025-04-23 22:31:00+00:00,29991.131516365058,30007.28980410031,29973.590021957105,29993.51298621321,928
2025-04-23 22:36:00+00:00,29991.1079095481,30002.944273322664,29984.045494431164,29990.953883632737,997
2025-04-23 22:41:00+00:00,29989.89129401127,30008.68560201809,29983.30198254595,29991.218563342492,600
2025-04-23 22:46:00+00:00,29991.93590318117,29992.347563723368,29981.940039437668,29994.24898617646,622
2025-04-23 22:51:00+00:00,29991.76119141669,30000.116812167504,29977.994896114727,29989.719751825887,423
2025-04-23 22:56:00+00:00,29992.341924553435,30007.08422766087,29977.542553248008,29992.376715652626,334
2025-04-23 23:01:00+00:00,29992.24855126211,30006.179456081074,29987.64426148142,29991.525283561823,533
2025-04-23 23:06:00+00:00,29991.06876369105,29991.3212613539,29988.689890767968,29991.44609018769,694
2025-04-23 23:11:00+00:00,29990.832073466754,30010.734867651012,29985.44240975023,29991.896486396552,473
2025-04-23 23:16:00+00:00,29990.482838951346,30004.66211722342,29970.55995400063,29990.81548886878,455
2025-04-23 23:21:00+00:00,29992.876981632257,29999.377451363947,29991.86214009532,29991.51668428603,601
2025-04-23 23:26:00+00:00,29991.828207891533,29999.632696941477,29979.032527161413,29994.042184076076,550
2025-04-23 23:31:00+00:00,29992.212665965097,30009.456040797646,29975.31379256216,29990.856857131774,222
2025-04-23 23:36:00+00:00,29992.127281363897,30005.37422792158,29981.890817782118,29993.112686567514,800
2025-04-23 23:41:00+00:00,29990.922306208464,30001.12473708428,29984.437431785347,29988.785159294235,408
2025-04-23 23:46:00+00:00,29992.54949372105,30011.490794624406,29976.946999827233,29994.188231466444,741
2025-04-23 23:51:00+00:00,29994.219738406515,30004.29563667409,29978.809652218388,29994.378964591393,546
2025-04-23 23:56:00+00:00,29994.50329137263,30011.714997140636,29991.50508934682,29995.745514860664,103
2025-04-24 00:01:00+00:00,29994.25810755122,30008.58467978654,29982.94479024396,29993.92934961144,213
2025-04-24 00:06:00+00:00,29994.012419657334,29995.078464355785,29983.62843739802,29993.824063895416,564
2025-04-24 00:11:00+00:00,29994.023758206607,29995.08230094091,29977.22638914637,29995.224551818013,171
2025-04-24 00:16:00+00:00,29994.62102882895,30005.356584994654,29976.37315790474,29995.00596931276,565
2025-04-24 00:21:00+00:00,29995.165056045997,30011.16742418406,29977.477518435055,29996.55033908013,538
2025-04-24 00:26:00+00:00,29994.857333873933,29995.498038254682,29974.937969684313,29992.77129707748,441
2025-04-24 00:31:00+00:00,29995.452549639434,30004.0193053589,29981.64478523271,29995.540861051595,812
2025-04-24 00:36:00+00:00,29995.98567606997,29998.207677360526,29992.749920596627,29997.032544501595,509
2025-04-24 00:41:00+00:00,29998.56545319677,30018.03034791579,29994.90382572809,29998.86494646634,558
2025-04-24 00:46:00+00:00,30000.19498862512,30006.67297153623,29982.275183703758,29999.332226474435,923
2025-04-24 00:51:00+00:00,30000.391355793156,30008.52423792029,29996.618656035083,30000.5819526966,772
2025-04-24 00:56:00+00:00,30000.282736587833,30013.804560022563,29986.40042499771,30002.625562590463,574
2025-04-24 01:01:00+00:00,30001.990067691033,30017.156932956328,29985.734887891624,30002.377682444585,853
2025-04-24 01:06:00+00:00,30002.055795285203,30013.84623157545,29991.154894807,30002.4512611696,987
2025-04-24 01:11:00+00:00,30001.786981393023,30017.62844061725,29984.566754480486,30001.977822825847,759
2025-04-24 01:16:00+00:00,30001.65743465325,30007.85849991311,29983.266988539213,30001.64948911139,413
2025-04-24 01:21:00+00:00,30002.356692244866,30017.71725569358,29984.967011311783,30002.232819471392,307
2025-04-24 01:26:00+00:00,30001.79667950587,30004.992059268865,29989.97593748388,30001.53247432869,770
2025-04-24 01:31:00+00:00,30001.837718733655,30008.839012658744,29985.469788439674,30000.760526853264,951
2025-04-24 01:36:00+00:00,30001.458055004903,30018.404266736456,30001.39583969009,30001.037602057957,473
2025-04-24 01:41:00+00:00,30000.906161689447,30013.60900188515,29994.015798360695,30002.05315569486,703
2025-04-24 01:46:00+00:00,30001.12536774017,30020.852142333548,29989.73801376178,30001.92397586763,641
2025-04-24 01:51:00+00:00,29999.953995460415,30013.768417087762,29992.917979794376,29999.926198854777,498
2025-04-24 01:56:00+00:00,30001.847213415404,30011.060112969088,29995.23267041751,30002.795425159053,334
2025-04-24 02:01:00+00:00,30002.00310607799,30009.678735061392,29982.732090982816,30001.836138439452,660
2025-04-24 02:06:00+00:00,30000.00088070269,30010.23420390554,29984.079703208696,29998.052150675154,586
2025-04-24 02:11:00+00:00,30000.944481414084,30013.312900884946,29983.086402402692,30001.592841443173,354
2025-04-24 02:16:00+00:00,30001.4308685692,30013.13890348095,29995.269603677913,30002.66010189807,479
2025-04-24 02:21:00+00:00,30001.116497347128,30006.595241335857,29981.952933436787,30001.25219703846,980
2025-04-24 02:26:00+00:00,30000.98655577646,30010.49084269453,29994.707277810143,30000.892141461885,884
2025-04-24 02:31:00+00:00,30001.30634817603,30005.494329535817,29989.948879636075,30000.970558157576,348
2025-04-24 02:36:00+00:00,30001.8677818884,30019.480679349395,29990.06858342013,30001.088283990557,472
2025-04-24 02:41:00+00:00,30001.02031696721,30003.943115759288,29993.410619727307,30001.684168844004,189
2025-04-24 02:46:00+00:00,30002.0866192598,30020.271960668877,29993.22934356495,30002.475182165752,832
2025-04-24 02:51:00+00:00,30000.9686208291,30010.50697626617,30000.459040200312,30001.080491330576,616
2025-04-24 02:56:00+00:00,30000.822716760333,30008.809688475914,29989.969141416772,29999.68860917249,257
2025-04-24 03:01:00+00:00,30001.19129079519,30009.503205707322,29999.44793873984,30001.83281640432,815
2025-04-24 03:06:00+00:00,29999.9677440741,30014.914391615115,29990.498320382212,29999.69396219955,560
2025-04-24 03:11:00+00:00,29999.744297240533,30016.63658114599,29990.135350377415,29998.61838082296,942
2025-04-24 03:16:00+00:00,29999.87876147903,29999.970560779526,29984.190568486894,29999.421955247017,760
2025-04-24 03:21:00+00:00,30000.69760341136,30010.842632485186,29994.261532712073,30001.186429672747,976
2025-04-24 03:26:00+00:00,30001.530305799002,30020.31335755902,30000.206700791787,30002.02928139674,270
2025-04-24 03:31:00+00:00,30000.61200800221,30004.75509880463,29990.515548233536,30000.98317360785,347
2025-04-24 03:36:00+00:00,30000.648830611965,30012.3585630597,29998.25099641782,30000.480568093088,100
2025-04-24 03:41:00+00:00,30001.522093391275,30009.29407992972,29998.76142563729,30001.105866615824,373
2025-04-24 03:46:00+00:00,30002.637664707556,30007.519524241387,29998.45146914099,30002.661840971563,813
2025-04-24 03:51:00+00:00,30002.482775471624,30007.221351297972,29986.65215900337,30002.58110198786,331
2025-04-24 03:56:00+00:00,30003.575034135192,30022.531983096873,29994.395236845234,30001.202290935344,519
2025-04-24 04:01:00+00:00,30002.32878828707,30012.80708289803,29983.315629296227,30002.109778455484,887
2025-04-24 04:06:00+00:00,30004.620587280107,30022.274699709462,29996.593018761778,30004.212229372362,534
2025-04-24 04:11:00+00:00,30005.60777594986,30008.71307950154,29999.26714952012,30004.25304896166,635
2025-04-24 04:16:00+00:00,30005.220983633815,30011.061673320335,29997.665382479423,30006.18011564569,360
2025-04-24 04:21:00+00:00,30005.56820404382,30020.696749626026,29991.11763326352,30006.86843340522,479
2025-04-24 04:26:00+00:00,30005.173039541554,30012.399750720793,30001.119290188963,30003.554660388385,209
2025-04-24 04:31:00+00:00,30004.520335565576,30021.606524636936,29996.24913796953,30003.847786180973,483
2025-04-24 04:36:00+00:00,30005.003559083696,30022.584530655076,29998.636485277868,30003.81578560616,768
2025-04-24 04:41:00+00:00,30003.369310429407,30019.333680112784,29984.131896682964,30003.72287295342,294
2025-04-24 04:46:00+00:00,30000.619870475926,30018.814621034555,29989.120342339214,30001.590705276158,798
2025-04-24 04:51:00+00:00,30000.945402360252,30010.736140052588,29985.84661896207,30001.34621819806,769
2025-04-24 04:56:00+00:00,30002.095251573304,30011.040842784987,29992.39882402412,30004.189903517174,393
2025-04-24 05:01:00+00:00,30002.034240140212,30018.330131468178,29993.362919539322,30001.36918907456,696
2025-04-24 05:06:00+00:00,30002.02830223441,30004.78549871159,29993.003510787534,30004.210220975325,994
2025-04-24 05:11:00+00:00,30001.745065975094,30003.217352734748,29996.698469377592,30000.88075772072,147
2025-04-24 05:16:00+00:00,30002.035191001138,30009.493291262075,30000.573655968583,30002.149337749408,994
2025-04-24 05:21:00+00:00,30001.68163672692,30019.993052977472,29997.00840925032,30001.71160995313,490
2025-04-24 05:26:00+00:00,29999.81606589051,30001.447449484003,29997.52017943898,29998.82371507108,170
2025-04-24 05:31:00+00:00,30001.083624149847,30002.456003559255,29983.254623492245,30001.073673596467,212
2025-04-24 05:36:00+00:00,30002.637904106283,30016.109128504453,29987.03442203655,30002.55670963348,887
2025-04-24 05:41:00+00:00,30003.110239936985,30021.358059229282,29990.683142202863,30002.752976489,729
2025-04-24 05:46:00+00:00,30005.235684716397,30016.328773828987,30000.154006197983,30004.52170240335,200
2025-04-24 05:51:00+00:00,30005.17806688218,30006.838528420314,29993.275148807737,30003.136554192024,942
2025-04-24 05:56:00+00:00,30005.157059994883,30014.41275832617,29988.65534323762,30004.58471839018,591
2025-04-24 06:01:00+00:00,30006.95680873785,30024.9494918052,29994.336438543443,30006.35330646924,873
2025-04-24 06:06:00+00:00,30008.0006797037,30026.969049002397,29989.30709981563,30007.565249787225,931
2025-04-24 06:11:00+00:00,30007.785783122632,30020.606284377558,30002.41268072275,30008.14459306694,916
2025-04-24 06:16:00+00:00,30005.899698904115,30013.09496626902,29994.282113868296,30004.649506755326,375
2025-04-24 06:21:00+00:00,30005.32253060388,30011.653531811586,30003.505223350476,30004.06781888636,859
2025-04-24 06:26:00+00:00,30005.982486969406,30017.599509094845,29988.46296163561,30006.196957172455,936
2025-04-24 06:31:00+00:00,30006.90256444034,30012.048455313427,30006.66768489166,30006.2086552386,268
2025-04-24 06:36:00+00:00,30006.871264083093,30013.675499004414,29997.834618306442,30005.39885585852,737
2025-04-24 06:41:00+00:00,30008.031232129633,30025.86734256156,30004.032862221364,30007.09117555304,681
2025-04-24 06:46:00+00:00,30008.789596435745,30014.416256760873,29998.129205747442,30008.835853364442,349
2025-04-24 06:51:00+00:00,30010.344204874622,30011.847629974283,29997.761408332466,30010.48895148557,391
2025-04-24 06:56:00+00:00,30010.134893276125,30016.005628352825,30009.902001239832,30010.0152262734,782
2025-04-24 07:01:00+00:00,30010.914696198593,30027.466112280446,30002.989010012196,30011.353090302673,743
2025-04-24 07:06:00+00:00,30009.628887397663,30014.86279109175,29992.49223208729,30010.100675774276,353
2025-04-24 07:11:00+00:00,30010.247184263775,30026.10307619819,30006.816214830604,30010.3461154977,855
2025-04-24 07:16:00+00:00,30010.691366742034,30025.228559718627,29993.144810765745,30009.190015184566,564
2025-04-24 07:21:00+00:00,30011.031588338483,30012.17839875226,29996.456680173083,30010.075542831597,722
2025-04-24 07:26:00+00:00,30010.21271076824,30014.942037526933,30004.914933237134,30010.178837138516,384
2025-04-24 07:31:00+00:00,30009.305652061772,30011.686210012795,30000.10993392817,30009.055014749887,891
2025-04-24 07:36:00+00:00,30009.349222365952,30024.074295343296,29990.757631513807,30009.39074938249,928
2025-04-24 07:41:00+00:00,30009.201174856073,30012.140754778356,30006.49948469712,30009.992134513286,883
2025-04-24 07:46:00+00:00,30009.817991057545,30014.46863403383,30006.98833678703,30008.666261018243,572
2025-04-24 07:51:00+00:00,30009.764733144675,30014.428418720792,29993.914360138933,30008.47312845507,619
2025-04-24 07:56:00+00:00,30010.260156511573,30016.973969862633,30001.53440699512,30009.417377420603,909
2025-04-24 08:01:00+00:00,30011.548943635826,30015.758173299513,30010.984109897545,30012.031679352218,220
2025-04-24 08:06:00+00:00,30011.379823600764,30028.561654411544,29992.763304264823,30011.007589573535,471
2025-04-24 08:11:00+00:00,30011.953653506283,30012.80614063101,29995.30442754011,30011.482961429487,410
2025-04-24 08:16:00+00:00,30013.64350182506,30033.081793093388,30000.636020815607,30015.014013974633,846
2025-04-24 08:21:00+00:00,30012.151514983805,30012.588226566466,30005.297478906952,30012.038576933115,461
2025-04-24 08:26:00+00:00,30013.871760966656,30019.59427648636,30003.07702881979,30015.34544058239,520
2025-04-24 08:31:00+00:00,30012.708241676828,30031.525436058753,30005.62862114399,30012.90535260106,208
2025-04-24 08:36:00+00:00,30014.39635425077,30024.425443092387,29998.593226860226,30013.938780010183,888
2025-04-24 08:41:00+00:00,30014.043800259085,30030.400316756622,29995.178393141166,30011.95183456478,575
2025-04-24 08:46:00+00:00,30014.535977168867,30018.882353999896,29997.164318031915,30013.55793447275,345
2025-04-24 08:51:00+00:00,30015.377227113855,30032.325429940833,30014.156699535655,30014.69964065577,597
2025-04-24 08:56:00+00:00,30015.474278431182,30023.825350154297,30004.381413535175,30016.662776910965,237
2025-04-24 09:01:00+00:00,30015.666443237897,30030.09916256691,30013.857964331164,30016.818985721504,873
2025-04-24 09:06:00+00:00,30017.04055712033,30027.13953713227,30001.596806028654,30017.738164639115,317
2025-04-24 09:11:00+00:00,30016.64392752345,30026.306102803144,30008.38464796913,30017.13744405283,873
2025-04-24 09:16:00+00:00,30017.64007306912,30035.79461424495,30010.461779457448,30018.324355389304,451
2025-04-24 09:21:00+00:00,30018.568944918203,30033.406474374402,30003.621926575648,30018.818477350396,835
2025-04-24 09:26:00+00:00,30019.045383403103,30025.224143990126,30004.620771036494,30019.318750229955,787
2025-04-24 09:31:00+00:00,30019.21998997545,30036.143268098967,30012.36462243879,30020.521823106832,644
2025-04-24 09:36:00+00:00,30019.401281300452,30021.465220370428,30005.560275412605,30019.267611807274,441
2025-04-24 09:41:00+00:00,30020.602774732277,30032.853232246125,30004.98228507717,30021.25164177866,456
2025-04-24 09:46:00+00:00,30020.444025772016,30030.446445562877,30018.949387553144,30019.995894004933,600
2025-04-24 09:51:00+00:00,30020.161205770397,30021.81961456453,30015.947759868788,30020.18747801746,559
2025-04-24 09:56:00+00:00,30018.597290729987,30025.288012216093,30009.675460468286,30016.505433007947,123
2025-04-24 10:01:00+00:00,30019.35261908026,30020.385724134398,30011.211058333658,30016.709521541296,264
2025-04-24 10:06:00+00:00,30019.95628284662,30026.105181260522,30015.778421433894,30020.632248362883,706
2025-04-24 10:11:00+00:00,30020.03891486346,30029.669068410774,30017.074784420154,30019.864629987005,547
2025-04-24 10:16:00+00:00,30021.300420294945,30027.5059288617,30001.812708834113,30022.32307617528,109
2025-04-24 10:21:00+00:00,30020.699877748262,30026.26161092951,30016.45069055703,30022.690126334703,197
2025-04-24 10:26:00+00:00,30020.508101226795,30031.678136119514,30018.12396725797,30020.08516072881,411
2025-04-24 10:31:00+00:00,30019.33474222536,30022.008579944108,30014.602286545687,30020.216865274848,686
2025-04-24 10:36:00+00:00,30019.44445260129,30022.25149900448,30008.688411698855,30019.41676215191,983
2025-04-24 10:41:00+00:00,30018.455192371446,30020.057641714924,30013.195356713568,30020.05106139389,673
2025-04-24 10:46:00+00:00,30016.479899932943,30020.647971084738,30010.661299799205,30016.866880374,874
2025-04-24 10:51:00+00:00,30014.823141389505,30023.910394841732,30001.011973119388,30015.843278694916,670
2025-04-24 10:56:00+00:00,30014.367326880187,30030.387384555455,30002.101717255624,30013.7462496037,289
2025-04-24 11:01:00+00:00,30014.80743911417,30022.99106539897,30000.27142613482,30014.611091557297,353
2025-04-24 11:06:00+00:00,30012.137858360205,30015.203888079795,29993.36381030702,30013.34838240246,699
2025-04-24 11:11:00+00:00,30011.323755090976,30022.709579173403,29997.120943978585,30012.292408361613,630
2025-04-24 11:16:00+00:00,30011.59348953887,30028.40590533417,29992.93837215807,30011.134539547846,877
2025-04-24 11:21:00+00:00,30010.382989033988,30017.69486787235,29997.790768509894,30008.47854354835,929
2025-04-24 11:26:00+00:00,30011.86916024917,30014.622561520584,30010.357839017994,30013.0864639903,934
2025-04-24 11:31:00+00:00,30012.05841434584,30020.40263471639,30000.045113025102,30011.301296740083,741
2025-04-24 11:36:00+00:00,30012.053201658448,30025.26413815635,30002.4323060556,30012.24629079553,732
2025-04-24 11:41:00+00:00,30011.54494360268,30028.21200667197,30005.105261638662,30011.469349699855,874
2025-04-24 11:46:00+00:00,30013.145553615945,30031.301884361063,29998.119337730375,30013.49790128108,952
2025-04-24 11:51:00+00:00,30014.524993593674,30015.82496336262,30007.13204092705,30014.652832727144,842
2025-04-24 11:56:00+00:00,30012.71797172831,30029.330557809877,30000.118496261595,30014.419764000733,513
2025-04-24 12:01:00+00:00,30012.487767454837,30015.08949945299,30000.527058116055,30014.332353722406,554
2025-04-24 12:06:00+00:00,30012.798650063807,30030.562490960336,30012.242621467878,30011.964499201342,344
2025-04-24 12:11:00+00:00,30013.57750262541,30027.741056032188,30011.6676966188,30014.187926502713,193
2025-04-24 12:16:00+00:00,30013.706047983655,30028.928971608497,30000.83252747092,30012.69674784872,978
2025-04-24 12:21:00+00:00,30015.235200662428,30021.73729308977,30003.623359643432,30014.851211662295,308
2025-04-24 12:26:00+00:00,30016.274114951546,30018.97006506503,30005.752075828812,30016.43903626402,568
2025-04-24 12:31:00+00:00,30016.628708697808,30029.49697718005,30011.508090546435,30015.086851263954,957
2025-04-24 12:36:00+00:00,30017.701771942167,30034.89204914078,30013.014440421284,30016.95652642624,917
2025-04-24 12:41:00+00:00,30018.05811843717,30030.46073858267,30001.71712375077,30018.50602490332,214
2025-04-24 12:46:00+00:00,30017.535836589246,30031.409642521972,30006.914116021173,30017.59750868297,340
2025-04-24 12:51:00+00:00,30016.97532146702,30034.232932772273,30002.38762557979,30017.61948071374,380
2025-04-24 12:56:00+00:00,30016.957605485448,30018.40480447176,30016.60937963216,30017.35849865405,426
2025-04-24 13:01:00+00:00,30018.07936789417,30026.18123610794,30013.077478372372,30017.491808024453,339
2025-04-24 13:06:00+00:00,30018.856205508844,30035.21940452052,29999.693627482717,30018.19631681351,872
2025-04-24 13:11:00+00:00,30018.253066740435,30021.206280188693,30018.07254611377,30019.77704155289,548
2025-04-24 13:16:00+00:00,30017.73928006196,30033.039702430073,30005.090681820242,30018.629369389273,916
2025-04-24 13:21:00+00:00,30017.445439654122,30032.12555380829,29998.64653016321,30016.22378532158,934
2025-04-24 13:26:00+00:00,30016.906474602314,30027.51152263323,30001.913145012288,30015.651411066206,629
2025-04-24 13:31:00+00:00,30017.631466511957,30031.692479588037,30002.495400237178,30017.71722407512,267
2025-04-24 13:36:00+00:00,30017.933870582394,30037.00561666346,30017.676055565993,30016.30324055212,268
2025-04-24 13:41:00+00:00,30018.05827439617,30029.302036957208,30006.40983029628,30019.032291228603,591
2025-04-24 13:46:00+00:00,30018.035849716773,30037.72900469028,30009.579470017554,30017.489068100862,544
2025-04-24 13:51:00+00:00,30018.444511439422,30034.12067236671,29999.68607971489,30019.017327868514,477
2025-04-24 13:56:00+00:00,30018.587159672203,30033.29865652959,29999.635653601563,30019.056956046596,659
2025-04-24 14:01:00+00:00,30017.793261802657,30020.037735446072,30012.898064624755,30018.220436587482,123
2025-04-24 14:06:00+00:00,30019.48380294613,30033.06715081982,29999.99253561905,30020.976091965505,201
2025-04-24 14:11:00+00:00,30018.453953569206,30036.857095697884,30002.186458411823,30019.355473432675,515
2025-04-24 14:16:00+00:00,30018.878345407047,30034.498869549996,30008.63434043561,30018.182650957573,668
2025-04-24 14:21:00+00:00,30017.890001240063,30023.98541095069,30015.188870075803,30018.38823538638,795
2025-04-24 14:26:00+00:00,30018.660319092247,30031.4946652503,30014.004893431764,30020.33237912251,100
2025-04-24 14:31:00+00:00,30018.329578633056,30024.697041079788,29998.381857324854,30018.645404772815,170
2025-04-24 14:36:00+00:00,30016.858867767405,30020.653379297764,30000.776484046448,30016.46974805829,782
2025-04-24 14:41:00+00:00,30016.96895433618,30027.961426818278,30007.96821079491,30017.113776831517,908
2025-04-24 14:46:00+00:00,30016.71619784778,30017.850371453937,30001.296897875847,30017.928467081616,749
2025-04-24 14:51:00+00:00,30016.127820772766,30033.747211293125,30014.733021860724,30016.62692572461,849
2025-04-24 14:56:00+00:00,30016.532332703948,30018.33288543793,30004.84525426081,30015.38722776452,564
2025-04-24 15:01:00+00:00,30017.91259700719,30028.619282835138,30014.370399018444,30017.44527685695,423
2025-04-24 15:06:00+00:00,30017.41466656627,30030.52368871493,30007.572324619567,30016.05668645323,548
2025-04-24 15:11:00+00:00,30018.609094964253,30028.714149157517,30006.454189497676,30018.701355604255,975
2025-04-24 15:16:00+00:00,30017.60603744463,30037.498108808813,30005.5184369764,30016.236631506305,568
2025-04-24 15:21:00+00:00,30018.195127238923,30023.865831074887,30010.810189086536,30017.060476220657,144
2025-04-24 15:26:00+00:00,30016.398126018827,30024.74175286238,30004.286469492075,30016.947893621178,460
2025-04-24 15:31:00+00:00,30016.85718550501,30034.566924502436,30004.514501667847,30017.65659366586,385
2025-04-24 15:36:00+00:00,30017.047809535674,30026.605959710723,30005.23982138363,30016.416217476097,861
2025-04-24 15:41:00+00:00,30017.74010777392,30034.262043278693,30000.865908749536,30017.51150350783,873
2025-04-24 15:46:00+00:00,30018.129252290317,30021.41844325011,30014.730567080296,30018.499073957177,769
2025-04-24 15:51:00+00:00,30018.55577863151,30028.37896678014,30000.400056266528,30018.63063474005,360
2025-04-24 15:56:00+00:00,30017.713198555994,30032.304388631448,30002.77824535727,30018.267335501332,855
2025-04-24 16:01:00+00:00,30017.411726252387,30034.109635650682,30002.124176935387,30018.33441849023,466
2025-04-24 16:06:00+00:00,30016.978238886495,30020.64581541658,30013.020863725287,30016.864979340404,978
2025-04-24 16:11:00+00:00,30016.571968915938,30032.47418582038,30002.619644920527,30017.960649671953,391
2025-04-24 16:16:00+00:00,30016.60051524096,30022.375385540912,30011.023036839466,30016.83385636608,120
2025-04-24 16:21:00+00:00,30016.468270587255,30028.129233999756,29999.24598249016,30017.084418111746,328
2025-04-24 16:26:00+00:00,30017.968582081558,30030.40820330311,30004.820145136146,30017.680676629556,632
2025-04-24 16:31:00+00:00,30016.518907441805,30021.52417225299,30008.059663610977,30016.10562083628,655
2025-04-24 16:36:00+00:00,30015.616363571782,30021.269743709716,30001.082141456816,30015.534377115433,404
2025-04-24 16:41:00+00:00,30013.301404192258,30026.65281354696,29995.692158686918,30013.30563170262,548
2025-04-24 16:46:00+00:00,30013.813512938897,30025.622687612766,30005.037428132797,30015.862400218353,852
2025-04-24 16:51:00+00:00,30014.55372746107,30027.876776990197,29997.173728068134,30014.16522689732,622
2025-04-24 16:56:00+00:00,30016.06530886394,30019.173408213137,30014.138592500258,30014.742968618673,118
2025-04-24 17:01:00+00:00,30014.980712147233,30030.062751469533,30013.033125276255,30015.17248661219,968
2025-04-24 17:06:00+00:00,30014.49588350988,30027.49573808238,30012.65704793856,30015.722326231775,650
2025-04-24 17:11:00+00:00,30015.889421002386,30029.686813369586,30013.419447834887,30016.979075929296,702
2025-04-24 17:16:00+00:00,30015.526735775562,30030.79789084758,29997.108210395418,30014.026040440654,257
2025-04-24 17:21:00+00:00,30016.450388418452,30023.51993965662,30014.552542288133,30015.992420957053,380
2025-04-24 17:26:00+00:00,30016.04129030875,30032.771741823137,30013.388953780104,30016.57885763972,118
2025-04-24 17:31:00+00:00,30014.546308866487,30024.033752273703,30007.526872619743,30014.498186098044,912
2025-04-24 17:36:00+00:00,30014.784767194993,30020.007885490977,30002.555284433325,30014.08998474531,468
2025-04-24 17:41:00+00:00,30015.712817548265,30020.716802569124,30015.578879193254,30015.65240023008,823
2025-04-24 17:46:00+00:00,30014.799281023516,30028.229184869935,29996.67229063113,30013.975496741616,839
2025-04-24 17:51:00+00:00,30015.582139932627,30017.71386644101,30011.099331469162,30015.922781684738,116
2025-04-24 17:56:00+00:00,30015.730299433304,30017.88645863686,30012.105302289518,30015.167982561143,727
2025-04-24 18:01:00+00:00,30015.766651700687,30020.63336205631,29999.149178841828,30015.154620553603,873
2025-04-24 18:06:00+00:00,30015.08488803517,30023.755186964503,30003.18513914568,30014.030776232477,691
2025-04-24 18:11:00+00:00,30014.408073980427,30016.376436355742,29995.302143834946,30014.415278032797,591
2025-04-24 18:16:00+00:00,30014.45483701481,30032.927881300955,29994.624121730474,30014.626426648538,498
2025-04-24 18:21:00+00:00,30015.72685230409,30023.249878731804,30007.458340858342,30015.097299798505,672
2025-04-24 18:26:00+00:00,30015.783887273792,30022.686310777415,30014.124646522145,30015.618230651537,888
2025-04-24 18:31:00+00:00,30015.11096181517,30021.612882989633,30004.806533276118,30015.872654157127,762
2025-04-24 18:36:00+00:00,30015.98693633841,30029.722299255005,30003.624018276965,30016.084006409088,666
2025-04-24 18:41:00+00:00,30015.64572228356,30026.554434676855,30000.477580636994,30015.711632479415,402
2025-04-24 18:46:00+00:00,30014.969889611733,30015.079729719328,30008.645392761733,30015.9284291863,942
2025-04-24 18:51:00+00:00,30013.31340537568,30017.506082746477,30003.373381726557,30013.456209270433,821
2025-04-24 18:56:00+00:00,30014.26734454896,30028.797027623725,30012.618062651207,30015.1433356687,402
2025-04-24 19:01:00+00:00,30014.265078554537,30033.36956053764,29995.2340090148,30013.49266281523,775
2025-04-24 19:06:00+00:00,30013.642579514544,30030.479928910223,30005.175652510155,30013.777282739462,325
2025-04-24 19:11:00+00:00,30013.943055244566,30028.18516125376,30013.422689055617,30012.300404721947,817
2025-04-24 19:16:00+00:00,30015.060337285067,30020.340350351766,29995.835665185165,30014.161463045406,719
2025-04-24 19:21:00+00:00,30015.4578623049,30017.628128274344,29997.330256731253,30015.569353775452,155
2025-04-24 19:26:00+00:00,30015.432615607348,30033.237491491644,29996.503258719426,30013.77185906952,556
2025-04-24 19:31:00+00:00,30015.868012915194,30020.19386080073,30008.048301032155,30016.532843276844,384
2025-04-24 19:36:00+00:00,30016.035222842685,30026.493019679205,30012.81592182378,30016.365854231513,985
2025-04-24 19:41:00+00:00,30014.77952227144,30031.484016582126,30005.69110323785,30014.004826627057,768
2025-04-24 19:46:00+00:00,30015.669120991555,30032.895972046903,29997.671594887757,30017.16857499609,284
2025-04-24 19:51:00+00:00,30014.7756415455,30019.606408565192,29998.377965034764,30015.75450877246,281
2025-04-24 19:56:00+00:00,30013.162317458096,30031.92795765704,30002.657483970463,30014.325130804827,483
2025-04-24 20:01:00+00:00,30012.3654650919,30031.87573556235,29993.49988860733,30012.35849354214,229
2025-04-24 20:06:00+00:00,30012.308714531344,30024.947597084025,29994.132168610242,30014.012182943512,534
2025-04-24 20:11:00+00:00,30013.606172791806,30024.445839235046,29993.685311651258,30013.13781411846,172
2025-04-24 20:16:00+00:00,30012.817567161237,30019.823345253328,29999.84975195903,30014.617716155128,927
2025-04-24 20:21:00+00:00,30012.893697350602,30018.99390782105,30000.33749647887,30013.681169156476,540
2025-04-24 20:26:00+00:00,30013.59193026413,30024.22600399499,30003.731196093744,30015.654012773717,196
2025-04-24 20:31:00+00:00,30015.446651561953,30023.26272428156,30011.409558716685,30015.296337497086,867
2025-04-24 20:36:00+00:00,30014.52907229488,30017.033876370057,29999.423754255036,30015.467529194553,766
2025-04-24 20:41:00+00:00,30015.099069579694,30016.360683390867,30006.950922041648,30015.41667477471,897
2025-04-24 20:46:00+00:00,30015.01785160534,30031.62528101228,30008.59570547311,30015.13460290997,332
2025-04-24 20:51:00+00:00,30013.51397882001,30032.016165527362,30009.05398542972,30013.811442419687,957
2025-04-24 20:56:00+00:00,30014.67096060038,30016.345200077038,30011.16357552219,30016.119653190253,121
2025-04-24 21:01:00+00:00,30015.6396629966,30028.973713265757,30009.494741775994,30016.875875742295,791
2025-04-24 21:06:00+00:00,30016.762604466454,30031.63881048097,30015.911194808945,30018.51416247254,232
2025-04-24 21:11:00+00:00,30016.452105956665,30023.216456005197,30005.465766980764,30015.57845526574,513
2025-04-24 21:16:00+00:00,30015.4409480535,30034.902058974003,30007.101109119118,30015.457769514403,898
2025-04-24 21:21:00+00:00,30014.30285706417,30033.763509254775,30000.789377960195,30014.700999762015,395
2025-04-24 21:26:00+00:00,30014.366453339193,30027.89776033151,30002.30028103412,30014.684809846305,593
2025-04-24 21:31:00+00:00,30014.342401173744,30033.99366139524,30012.543430024987,30013.547170002304,152
2025-04-24 21:36:00+00:00,30015.21383384414,30024.15500932079,30009.51061077118,30017.57745012311,621
2025-04-24 21:41:00+00:00,30015.424669125492,30019.241414685126,29997.833978574643,30015.312218240546,700
2025-04-24 21:46:00+00:00,30014.597513913333,30017.57219476035,30011.03554365791,30014.393926678687,779
2025-04-24 21:51:00+00:00,30013.247872551474,30013.287533055827,30002.466486861755,30013.026799374813,601
2025-04-24 21:56:00+00:00,30013.34328821132,30018.252772872802,30012.300147989492,30014.056970408936,747
2025-04-24 22:01:00+00:00,30012.91970805801,30022.56933523864,29999.328797481478,30011.371348879547,746
2025-04-24 22:06:00+00:00,30013.585979335243,30029.8208731774,30005.100391499058,30013.65789962685,383
2025-04-24 22:11:00+00:00,30013.027454182156,30019.934069141906,29999.631832049534,30012.657930533496,698
2025-04-24 22:16:00+00:00,30011.684308064578,30011.71777212374,30006.533653627048,30010.627683968632,851
2025-04-24 22:21:00+00:00,30010.895969888876,30026.03704725568,29998.108228828725,30011.13689232819,813
2025-04-24 22:26:00+00:00,30009.998835042938,30021.813561901243,29998.352356196374,30011.25101760512,167
2025-04-24 22:31:00+00:00,30010.210193245664,30013.828649346644,30002.936418978523,30010.118245471946,542
2025-04-24 22:36:00+00:00,30009.67704698293,30014.168537385813,30006.22164406738,30008.396894874804,252
2025-04-24 22:41:00+00:00,30009.286900933188,30020.54003262423,30008.527435701333,30010.67140502349,537
2025-04-24 22:46:00+00:00,30009.243175294705,30015.424000558553,30000.504223758842,30009.448082555304,369
2025-04-24 22:51:00+00:00,30008.242913781018,30017.690556200178,29999.663871656492,30009.45072840165,248
2025-04-24 22:56:00+00:00,30007.63009775621,30012.84237272995,29995.343184454592,30007.90929938085,721
2025-04-24 23:01:00+00:00,30007.98227892957,30018.44159485291,30007.714789866674,30008.685136196953,587
2025-04-24 23:06:00+00:00,30008.33573902206,30017.699879068383,29996.942443280164,30007.266306614456,409
2025-04-24 23:11:00+00:00,30008.541561794354,30019.847561302628,29993.08309540298,30008.249581919124,814
2025-04-24 23:16:00+00:00,30007.973854909214,30014.750532058202,30001.631766448434,30006.55798814135,217
2025-04-24 23:21:00+00:00,30007.43349218249,30023.78637599043,29992.43854115338,30009.03551507949,841
2025-04-24 23:26:00+00:00,30009.790435313655,30016.719091301795,29998.366391865922,30010.151759271022,988
2025-04-24 23:31:00+00:00,30010.763314971966,30024.601696329384,29999.220864792784,30011.220964904835,377
2025-04-24 23:36:00+00:00,30011.247964032344,30019.777562038038,30005.163836224277,30010.98023562533,537
2025-04-24 23:41:00+00:00,30010.516878526778,30025.261049270845,29999.88853590791,30010.388193572202,424
2025-04-24 23:46:00+00:00,30013.860960830934,30026.395454027654,30003.44525630761,30013.721279619826,328
2025-04-24 23:51:00+00:00,30013.031438510297,30020.568938597047,29996.390545303795,30012.823227167763,433
2025-04-24 23:56:00+00:00,30014.39094475935,30021.130167423835,29997.37767750089,30014.80785269215,397
2025-04-25 00:01:00+00:00,30014.904103869547,30020.958420275863,30007.49099648167,30014.665248691348,283
2025-04-25 00:06:00+00:00,30016.315775741812,30034.309078403254,30001.38138935341,30016.83857668605,863
2025-04-25 00:11:00+00:00,30016.851709105227,30018.87027633065,29998.673315725533,30015.220378190756,679
2025-04-25 00:16:00+00:00,30017.22342683226,30032.532679885633,30010.78548135329,30016.65927192528,566
2025-04-25 00:21:00+00:00,30015.945010790114,30019.86478820342,30001.4308450667,30014.674321615865,856
2025-04-25 00:26:00+00:00,30016.21545221739,30018.035979329576,29997.32922666779,30016.91833490435,197
2025-04-25 00:31:00+00:00,30018.196520905625,30025.379948971866,30009.552866760845,30018.447545643485,996
2025-04-25 00:36:00+00:00,30018.331009476235,30034.137755293636,30018.12361529604,30018.51182975201,789
2025-04-25 00:41:00+00:00,30017.696407869214,30037.594899353793,30016.81151986151,30015.93865744348,937
2025-04-25 00:46:00+00:00,30016.88037876157,30033.42553162922,30008.83087504533,30017.112722605918,146
2025-04-25 00:51:00+00:00,30017.67789138433,30021.044682230462,30012.222820910156,30017.399941719817,796
2025-04-25 00:56:00+00:00,30017.10400319327,30030.709648546905,30003.9433370521,30017.481353497984,906
2025-04-25 01:01:00+00:00,30018.545177323456,30025.089963089024,30014.11142891778,30017.56330388657,709
2025-04-25 01:06:00+00:00,30019.440035183135,30039.330976177116,30001.49945253058,30019.938278736547,818
2025-04-25 01:11:00+00:00,30020.10993853725,30033.909111900746,30014.656268708834,30020.067409343468,354
2025-04-25 01:16:00+00:00,30020.275859004378,30026.28001527064,30013.98802229154,30019.648989002464,527
2025-04-25 01:21:00+00:00,30019.541789326315,30020.48272597546,30016.37820561345,30020.286577179548,473
2025-04-25 01:26:00+00:00,30019.650011605965,30028.791817108042,30003.18606069003,30019.197428481537,374
2025-04-25 01:31:00+00:00,30019.928802666698,30038.66749063445,30003.163227710247,30020.40989481783,507
2025-04-25 01:36:00+00:00,30019.993066357238,30022.682460836008,30012.704607760796,30020.100445548258,821
2025-04-25 01:41:00+00:00,30019.69474954627,30022.47239434402,30001.901396505433,30017.867030263867,737
2025-04-25 01:46:00+00:00,30019.58313985407,30035.73426264137,30007.370748743073,30017.923071963676,902
2025-04-25 01:51:00+00:00,30019.17191316829,30021.159638097386,30013.3314834131,30019.883189693537,349
2025-04-25 01:56:00+00:00,30018.00459393078,30029.978697594834,30010.452384483757,30018.31532335365,121
2025-04-25 02:01:00+00:00,30017.73066707711,30024.276393542532,30007.49422945833,30018.698985665444,824
2025-04-25 02:06:00+00:00,30017.541370718467,30023.835284075696,29997.89028268216,30017.849838238082,275
2025-04-25 02:11:00+00:00,30016.589550902067,30024.145919916766,30012.52669367839,30017.93566160583,207
2025-04-25 02:16:00+00:00,30014.838250725625,30023.146413282557,30001.50448651921,30013.007871530903,385
2025-04-25 02:21:00+00:00,30016.092072898176,30035.99545101644,30012.42976096245,30016.121675668906,651
2025-04-25 02:26:00+00:00,30017.626134759343,30037.203742840255,30017.21969811368,30017.724509778374,729
2025-04-25 02:31:00+00:00,30019.51537334611,30038.19727305003,30015.69241298536,30020.496930181802,843
2025-04-25 02:36:00+00:00,30019.6881396815,30035.11297600978,30000.411510773265,30019.813187592714,829
2025-04-25 02:41:00+00:00,30020.120983952693,30026.11863983845,30004.67922354224,30019.981020387055,991
2025-04-25 02:46:00+00:00,30020.20820708503,30027.19510664437,30011.651459691253,30020.55745395269,881
2025-04-25 02:51:00+00:00,30021.85588987394,30032.013484141084,30021.038403919025,30023.439220437438,547
2025-04-25 02:56:00+00:00,30022.209100125903,30028.40582318854,30019.722016750016,30021.368705898996,408
2025-04-25 03:01:00+00:00,30021.4465652671,30031.037777369653,30002.60816441855,30022.775669874893,344
2025-04-25 03:06:00+00:00,30020.708236186812,30038.826851463633,30020.065923652746,30020.441430803698,291
2025-04-25 03:11:00+00:00,30020.258229378924,30029.340217636156,30004.586022383894,30019.581257342797,754
2025-04-25 03:16:00+00:00,30020.135093300665,30036.767658465367,30012.947957873268,30020.919378820778,255
2025-04-25 03:21:00+00:00,30020.128075951157,30021.9326763825,30008.18792219867,30018.972577283155,448
2025-04-25 03:26:00+00:00,30021.02475178071,30035.192905062348,30001.025827492773,30020.991399310773,395
2025-04-25 03:31:00+00:00,30020.588359623514,30027.26187318272,30017.37098876392,30021.14276737527,244
2025-04-25 03:36:00+00:00,30021.82892493777,30036.714312736396,30012.07007839688,30021.631458081793,159
2025-04-25 03:41:00+00:00,30022.339496347162,30028.01831174888,30018.917844144475,30021.41929360552,947
2025-04-25 03:46:00+00:00,30023.46102254269,30027.196050001934,30005.318124295864,30023.362757770654,978
2025-04-25 03:51:00+00:00,30023.417659269424,30024.717093875537,30011.1363086596,30022.357353033636,204
2025-04-25 03:56:00+00:00,30023.727714292705,30028.32336539906,30019.449667798377,30023.082876771354,731
2025-04-25 04:01:00+00:00,30023.51187323898,30024.65834948302,30014.7676718312,30022.220018179145,654
2025-04-25 04:06:00+00:00,30024.43564472209,30030.436100271458,30014.860274173265,30025.71135024358,933
2025-04-25 04:11:00+00:00,30024.99101244761,30040.201290160243,30020.531574076995,30027.21291435337,885
2025-04-25 04:16:00+00:00,30023.858107232507,30042.736809283837,30016.201683400028,30024.778244601188,911
2025-04-25 04:21:00+00:00,30024.32995129361,30040.4748242661,30012.799793102546,30024.892719559233,363
2025-04-25 04:26:00+00:00,30024.313375257985,30039.960497054504,30010.831352341145,30024.47727496389,148
2025-04-25 04:31:00+00:00,30024.426405983813,30043.854863640587,30015.248989153173,30025.418681776493,338
2025-04-25 04:36:00+00:00,30022.138831821194,30035.84243097179,30004.49946597687,30022.076742239016,971
2025-04-25 04:41:00+00:00,30020.996579990788,30025.50021629831,30002.661851142304,30021.932271944646,417
2025-04-25 04:46:00+00:00,30017.91557952989,30035.92638631986,30001.221585063402,30018.539969447655,436
2025-04-25 04:51:00+00:00,30018.85215722555,30036.65080767679,30018.133471535613,30018.385026854816,476
2025-04-25 04:56:00+00:00,30019.27073967663,30037.157952546393,30013.502086185475,30018.18305201818,886
2025-04-25 05:01:00+00:00,30019.43897653347,30031.294180023546,30005.30498239538,30019.712251071745,912
2025-04-25 05:06:00+00:00,30018.48882720289,30035.657229218283,30015.29138735804,30017.986467961047,782
2025-04-25 05:11:00+00:00,30019.93252705918,30020.059288312714,30000.695237983557,30018.194218064782,549
2025-04-25 05:16:00+00:00,30020.03815777262,30028.72297152829,30017.960509036886,30020.08782626449,575
2025-04-25 05:21:00+00:00,30019.416536535406,30027.567717983984,30003.031415430956,30018.59590053422,123
2025-04-25 05:26:00+00:00,30020.323962264418,30037.286401531444,30008.22901482953,30020.354780362184,242
2025-04-25 05:31:00+00:00,30021.719875037743,30024.141460588555,30020.350768494292,30022.156810652672,159
2025-04-25 05:36:00+00:00,30022.238079519502,30029.423639819386,30009.18637893788,30023.366126476587,403
2025-04-25 05:41:00+00:00,30023.273490733805,30042.152101752497,30018.75955545996,30024.13081458837,586
2025-04-25 05:46:00+00:00,30024.358137117542,30031.309883039205,30011.978683077716,30024.11213887191,265
2025-04-25 05:51:00+00:00,30026.491488466345,30042.941285442852,30024.900351934455,30027.318538312833,539
2025-04-25 05:56:00+00:00,30028.2228672955,30043.904854082484,30026.448804274893,30028.628436844923,326
2025-04-25 06:01:00+00:00,30028.76713362086,30042.06065237869,30014.87034664544,30028.154690575462,257
2025-04-25 06:06:00+00:00,30028.70437046036,30031.517673938753,30026.64461387659,30027.174503598653,933
2025-04-25 06:11:00+00:00,30028.386882179093,30044.275302161648,30010.335414582234,30027.82234116921,493
2025-04-25 06:16:00+00:00,30029.719323463767,30036.594025287104,30015.476846434853,30030.10337457117,102
2025-04-25 06:21:00+00:00,30027.19191553083,30043.919852718253,30011.970297602846,30025.42770171478,844
2025-04-25 06:26:00+00:00,30026.052514993815,30045.229771426042,30018.39989380601,30025.22049121257,288
2025-04-25 06:31:00+00:00,30024.653577634323,30032.606893774242,30019.243512109388,30023.904979713046,450
2025-04-25 06:36:00+00:00,30025.773043572,30033.858269126868,30008.346164940416,30025.73225718436,574
2025-04-25 06:41:00+00:00,30025.951013570757,30033.037802538678,30024.986123236104,30024.472198346786,647
2025-04-25 06:46:00+00:00,30027.08042618762,30041.58548044391,30023.896252990216,30025.653233108253,137
2025-04-25 06:51:00+00:00,30023.904749793168,30031.935985335054,30018.126857131243,30023.834523366284,334
2025-04-25 06:56:00+00:00,30023.966319720043,30024.63649817035,30023.19645220751,30023.5976214898,851
2025-04-25 07:01:00+00:00,30023.482399124474,30025.327909132084,30004.266670028963,30022.662128103933,712
2025-04-25 07:06:00+00:00,30020.72132372606,30040.06812170412,30004.319287108687,30018.47116647053,590
2025-04-25 07:11:00+00:00,30022.485975526914,30041.203902329024,30006.303262510177,30021.733596097834,407
2025-04-25 07:16:00+00:00,30021.651750874764,30033.03451638831,30009.583227182706,30022.0759732299,936
2025-04-25 07:21:00+00:00,30023.653015527387,30028.581602608876,30016.69653090203,30023.30336899584,691
2025-04-25 07:26:00+00:00,30024.25311451509,30026.34711478192,30017.206011645783,30023.76706858987,727
2025-04-25 07:31:00+00:00,30024.425395012524,30038.079640620053,30020.127843643917,30023.892903801385,764
2025-04-25 07:36:00+00:00,30025.91882022532,30039.090163468853,30019.60986164934,30025.703524053915,475
2025-04-25 07:41:00+00:00,30026.630718950106,30045.869341001082,30010.78854271891,30030.414403348892,317
2025-04-25 07:46:00+00:00,30026.167901264504,30044.698485400375,30014.482047034424,30026.472430819253,859
2025-04-25 07:51:00+00:00,30026.307173145036,30027.579762281395,30019.311403691936,30026.784001166416,171
2025-04-25 07:56:00+00:00,30026.325136714007,30032.977592083156,30006.761410574905,30028.729543819536,197
2025-04-25 08:01:00+00:00,30027.23365498775,30035.24000432193,30025.21670249061,30026.92254217119,335
2025-04-25 08:06:00+00:00,30026.814689124047,30035.656249178,30016.65081949164,30026.147174350306,183
2025-04-25 08:11:00+00:00,30028.968969334004,30033.79464819837,30024.241412309402,30027.325007851294,677
2025-04-25 08:16:00+00:00,30028.734753952107,30031.9697672626,30018.355860886604,30027.07825239968,294
2025-04-25 08:21:00+00:00,30029.041166296167,30034.72004648792,30024.524062472603,30029.47454782652,207
2025-04-25 08:26:00+00:00,30030.361502015716,30041.505788672377,30012.3513824512,30029.743235088186,536
2025-04-25 08:31:00+00:00,30031.42781155241,30036.810374927598,30011.62048279873,30032.975800585165,601
2025-04-25 08:36:00+00:00,30031.42950883793,30031.656902301496,30029.795606893214,30033.619577360667,859
2025-04-25 08:41:00+00:00,30032.308943881464,30049.642270625616,30013.781518080243,30033.14021734241,622
2025-04-25 08:46:00+00:00,30030.087573780354,30043.090709614324,30019.603102178775,30030.524240054405,473
2025-04-25 08:51:00+00:00,30029.89200990478,30048.150123898362,30029.462657404816,30028.744364442013,165
2025-04-25 08:56:00+00:00,30029.238144222647,30045.735466330712,30022.714307546026,30030.212530896504,123
2025-04-25 09:01:00+00:00,30028.61973633457,30035.848827002435,30016.91992436067,30028.69633703802,343
2025-04-25 09:06:00+00:00,30028.017059588252,30036.655644325234,30014.97770441107,30026.389439827148,904
2025-04-25 09:11:00+00:00,30026.013422310047,30038.795925352013,30011.942880821378,30025.47220884828,179
2025-04-25 09:16:00+00:00,30024.360315414935,30025.110876554463,30017.498727471844,30025.291716510514,580
2025-04-25 09:21:00+00:00,30024.893117261512,30042.741142255774,30020.074550799018,30023.812203917565,817
2025-04-25 09:26:00+00:00,30022.697641388902,30041.95900890179,30021.634491310324,30022.27089400781,917
2025-04-25 09:31:00+00:00,30022.31842728746,30032.9276904754,30002.907519845183,30021.42376289264,198
2025-04-25 09:36:00+00:00,30023.218178588333,30031.93439825755,30022.122138793526,30022.222873822288,214
2025-04-25 09:41:00+00:00,30023.42156927284,30035.736416017167,30020.12623952556,30024.999634771582,458
2025-04-25 09:46:00+00:00,30024.69929401418,30024.923746932796,30005.96608683746,30025.06726867673,292
2025-04-25 09:51:00+00:00,30023.251272294692,30026.43344623366,30019.725692595395,30022.417213816218,139
2025-04-25 09:56:00+00:00,30023.667408396635,30031.13252061877,30006.06110364112,30025.1163695056,163
2025-04-25 10:01:00+00:00,30025.026211652184,30043.196502197785,30005.94485991952,30025.719297315103,297
2025-04-25 10:06:00+00:00,30026.852908117075,30036.722366957474,30017.61537886767,30028.686288767596,781
2025-04-25 10:11:00+00:00,30026.201913253888,30041.318729009417,30008.990347503073,30028.414351423162,471
2025-04-25 10:16:00+00:00,30028.395369405753,30031.094581653193,30014.415988900913,30028.47348212767,273
2025-04-25 10:21:00+00:00,30030.109584588132,30042.716283085934,30026.19119968681,30028.944409612228,861
2025-04-25 10:26:00+00:00,30030.5929808953,30031.800503485472,30012.535976311894,30029.965252673253,935
2025-04-25 10:31:00+00:00,30028.982741744225,30034.42999013446,30014.10793594046,30030.232989368895,797
2025-04-25 10:36:00+00:00,30027.343900319876,30031.23525897083,30023.857640731894,30026.666816468434,468
2025-04-25 10:41:00+00:00,30027.263469065107,30035.620769269306,30022.259321483125,30027.733239728168,792
2025-04-25 10:46:00+00:00,30028.42516526004,30030.489058890376,30025.798960341843,30028.032894244145,490
2025-04-25 10:51:00+00:00,30028.69992538903,30047.347810373187,30014.5314757622,30029.47762018537,396
2025-04-25 10:56:00+00:00,30028.792778425523,30029.577021880577,30020.012169265552,30030.190534601395,142
2025-04-25 11:01:00+00:00,30030.117063528116,30044.726013757445,30028.563267154295,30031.254596813622,581
2025-04-25 11:06:00+00:00,30032.186086471756,30044.95180721723,30032.004608192972,30032.418208209627,192
2025-04-25 11:11:00+00:00,30032.3310510326,30033.77671759586,30019.348739941914,30032.388816764036,579
2025-04-25 11:16:00+00:00,30030.7563446882,30050.52168864333,30025.624898553455,30032.097814803656,256
2025-04-25 11:21:00+00:00,30029.418712941457,30044.615879781115,30013.692683284855,30030.68628714826,170
2025-04-25 11:26:00+00:00,30029.99949174158,30037.716509337806,30028.709844702476,30030.714330745817,256
2025-04-25 11:31:00+00:00,30029.305308636525,30035.222780347955,30015.71698135445,30030.81464900312,713
2025-04-25 11:36:00+00:00,30029.657594707758,30033.150448099786,30018.160153654204,30029.143614710858,930
2025-04-25 11:41:00+00:00,30029.608482521235,30036.654175169675,30020.07303882706,30029.31333898626,920
2025-04-25 11:46:00+00:00,30029.61717242598,30038.304876846436,30011.29608057312,30029.21817223005,472
2025-04-25 11:51:00+00:00,30028.379994822073,30034.514552292363,30010.675241413377,30025.32084806393,554
2025-04-25 11:56:00+00:00,30028.878373984255,30041.114032043122,30017.473636738967,30031.233386842447,257
2025-04-25 12:01:00+00:00,30027.67919805693,30046.377722273108,30027.40763353277,30028.40426904233,531
2025-04-25 12:06:00+00:00,30028.090579617525,30033.925520371973,30018.89485401644,30026.49823327742,574
2025-04-25 12:11:00+00:00,30028.933251414277,30032.86805787229,30028.2206928182,30028.17234155367,495
2025-04-25 12:16:00+00:00,30028.533415703918,30033.252179060808,30013.776143726667,30027.7713526203,519
2025-04-25 12:21:00+00:00,30027.834096090195,30029.01495039007,30017.199468583098,30027.533008596325,509
2025-04-25 12:26:00+00:00,30027.85522857233,30035.0367408343,30026.656243974416,30025.720148234333,743
2025-04-25 12:31:00+00:00,30025.408547724586,30039.896859496144,30021.106179738937,30024.189180845766,683
2025-04-25 12:36:00+00:00,30025.494316085205,30045.136523672456,30011.268737031674,30026.674319214235,696
2025-04-25 12:41:00+00:00,30026.61764222512,30032.401762279016,30017.091663784584,30027.16775849771,194
2025-04-25 12:46:00+00:00,30027.470807449565,30030.478586488625,30014.35422806455,30028.428634854263,359
2025-04-25 12:51:00+00:00,30025.588294781417,30041.36426139017,30012.835566125555,30025.027952657805,120
2025-04-25 12:56:00+00:00,30026.28189716236,30028.540432880698,30011.628333253484,30026.532657480773,337
2025-04-25 13:01:00+00:00,30025.800606381603,30033.420138615595,30025.574554564733,30027.656166946068,443
2025-04-25 13:06:00+00:00,30026.766458715923,30032.56776948969,30007.229778735942,30027.353429649764,633
2025-04-25 13:11:00+00:00,30025.778889641217,30027.744542567776,30018.082693003755,30026.27604889264,144
2025-04-25 13:16:00+00:00,30024.965760019073,30042.314155788525,30006.747119558855,30024.10230398841,950
2025-04-25 13:21:00+00:00,30025.132779181287,30033.661468240418,30007.214280050604,30024.564331286976,368
2025-04-25 13:26:00+00:00,30022.777264438766,30026.896606964703,30019.34732438842,30023.38240305996,928
2025-04-25 13:31:00+00:00,30023.382398779857,30039.749980188863,30006.27503911926,30022.9294711134,533
2025-04-25 13:36:00+00:00,30024.305810071346,30032.991442149185,30017.94979509602,30023.749305233006,995
2025-04-25 13:41:00+00:00,30026.96677008443,30043.63968562697,30025.823570554207,30027.398175344963,896
2025-04-25 13:46:00+00:00,30027.144152955323,30043.211048153134,30012.436466202245,30026.045563726057,434
2025-04-25 13:51:00+00:00,30026.371600208855,30035.161908501832,30020.836864261102,30024.171135208337,945
2025-04-25 13:56:00+00:00,30026.7875690968,30030.07608255499,30022.539666216006,30024.62944596314,912
2025-04-25 14:01:00+00:00,30026.92372945778,30039.222207028295,30015.48433865251,30025.382115747172,456
2025-04-25 14:06:00+00:00,30027.9893994299,30030.800537996587,30009.17720651261,30028.534788074867,466
2025-04-25 14:11:00+00:00,30026.026767220003,30035.883512621913,30008.888972303735,30026.378247346907,316
2025-04-25 14:16:00+00:00,30024.582905683117,30039.89812457065,30010.455560916023,30023.561308182714,328
2025-04-25 14:21:00+00:00,30024.222873978568,30039.86599017817,30021.387796899162,30024.722822702923,513
2025-04-25 14:26:00+00:00,30023.21687319409,30031.102494139912,30014.59645891722,30023.58788839053,957
2025-04-25 14:31:00+00:00,30024.290314093014,30036.32527538681,30005.137246148148,30023.837308676873,688
2025-04-25 14:36:00+00:00,30025.56927794459,30041.84321111161,30019.644830044053,30025.717390973834,669
2025-04-25 14:41:00+00:00,30026.093210399322,30035.482876198806,30008.313007668792,30025.27438659542,715
2025-04-25 14:46:00+00:00,30026.103596925943,30045.212734985744,30010.36382031456,30026.203333491958,541
2025-04-25 14:51:00+00:00,30025.799321635805,30030.96051096383,30022.05665001948,30027.47018067232,240
2025-04-25 14:56:00+00:00,30025.924951529552,30037.966528345063,30020.395664503387,30026.069268963394,290
2025-04-25 15:01:00+00:00,30025.441940922563,30033.412881650533,30005.641098927324,30024.95590395201,981
2025-04-25 15:06:00+00:00,30024.760576487093,30031.95101648252,30018.653539984523,30025.13059517229,818
2025-04-25 15:11:00+00:00,30024.337502562415,30038.862861842674,30013.0766091262,30023.98907069272,273
2025-04-25 15:16:00+00:00,30024.076794878827,30029.033011663578,30021.847613839083,30023.5906364339,465
2025-04-25 15:21:00+00:00,30024.1532628302,30040.43596679909,30018.81618812146,30023.261205791307,941
2025-04-25 15:26:00+00:00,30024.650508267223,30042.99214165751,30021.092884295376,30025.835179873797,432
2025-04-25 15:31:00+00:00,30024.691799440483,30030.39900417183,30017.199785887326,30024.078374544682,540
2025-04-25 15:36:00+00:00,30026.818270909534,30043.4227933586,30017.879191514345,30026.879745053626,212
2025-04-25 15:41:00+00:00,30026.169454838662,30032.867974133358,30017.685354048357,30026.532645758736,443
2025-04-25 15:46:00+00:00,30027.087724436413,30033.16449537103,30011.712526960237,30025.901710896767,306
2025-04-25 15:51:00+00:00,30026.901776292565,30028.224742979848,30018.143198646703,30028.320295598554,681
2025-04-25 15:56:00+00:00,30025.495295968874,30040.806222800682,30007.27050798948,30025.417577139142,830
2025-04-25 16:01:00+00:00,30026.389593313324,30028.066877608733,30007.968798121252,30025.210754286985,463
2025-04-25 16:06:00+00:00,30026.490116882676,30036.446572630088,30010.859862431378,30027.351424101977,132
2025-04-25 16:11:00+00:00,30028.113622054818,30047.33290808274,30012.708814095913,30027.206990398747,762
2025-04-25 16:16:00+00:00,30027.370470151975,30034.33079481855,30016.550473320403,30028.662476473062,454
2025-04-25 16:21:00+00:00,30027.863027530584,30040.60183259398,30019.73999177409,30027.46602152147,945
2025-04-25 16:26:00+00:00,30028.07472526261,30031.473025338837,30012.849296279433,30026.284762969528,625
2025-04-25 16:31:00+00:00,30028.232826625703,30046.020641752762,30024.030236637733,30026.714981911457,634
2025-04-25 16:36:00+00:00,30027.056911072108,30030.715513119638,30017.705915612118,30028.468502791173,295
2025-04-25 16:41:00+00:00,30027.089907231024,30034.963618184116,30008.445743156677,30026.75518906166,886
2025-04-25 16:46:00+00:00,30030.440521365716,30048.036418867505,30028.019030192856,30032.038778529844,301
2025-04-25 16:51:00+00:00,30031.529627798038,30042.739649913157,30019.185621240606,30032.520802885505,605
2025-04-25 16:56:00+00:00,30031.342963341805,30049.30518242331,30029.319040094837,30031.168850752412,342
2025-04-25 17:01:00+00:00,30030.529202185837,30034.98010647195,30019.17178739922,30030.85567739658,228
2025-04-25 17:06:00+00:00,30030.853661965928,30045.912711007542,30019.803766851946,30031.704496002887,684
2025-04-25 17:11:00+00:00,30032.146067603113,30045.155341887352,30031.42023799454,30031.63707478042,127
2025-04-25 17:16:00+00:00,30032.3669417961,30045.565443745585,30016.496049021353,30032.04833799977,462
2025-04-25 17:21:00+00:00,30030.96168229177,30038.140258222928,30011.10130975199,30031.789895433194,496
2025-04-25 17:26:00+00:00,30030.70266734104,30038.10937856997,30023.71397290737,30031.42240451977,783
2025-04-25 17:31:00+00:00,30030.096789247425,30044.06427870602,30022.831353316575,30031.759153521783,677
2025-04-25 17:36:00+00:00,30030.18633027672,30031.25900658005,30027.210643773025,30029.715029629537,723
2025-04-25 17:41:00+00:00,30031.193160092,30038.806676987868,30018.854224075447,30031.94361023059,356
2025-04-25 17:46:00+00:00,30030.83556112909,30042.67510690046,30013.167490097603,30033.68959487381,891
2025-04-25 17:51:00+00:00,30030.76058935887,30047.395461606648,30025.041878935965,30029.585028015998,215
2025-04-25 17:56:00+00:00,30030.312510510943,30038.897065557918,30023.719914560577,30029.736262324575,495
2025-04-25 18:01:00+00:00,30030.606477766716,30037.87064218041,30015.5076968108,30032.147483230667,380
2025-04-25 18:06:00+00:00,30030.502645037148,30033.134949911942,30015.959816607534,30028.85044169766,456
2025-04-25 18:11:00+00:00,30028.82782347342,30030.88213442245,30013.23140794658,30026.419737354598,661
2025-04-25 18:16:00+00:00,30030.129721087324,30034.753314402034,30025.817020049053,30030.36588467561,471
2025-04-25 18:21:00+00:00,30029.993067674946,30033.750611678548,30025.572617119604,30030.44030039404,749
2025-04-25 18:26:00+00:00,30029.34663914741,30047.37980162935,30012.72624183725,30029.336454659897,439
2025-04-25 18:31:00+00:00,30029.562973291697,30043.095670385093,30016.03912606004,30029.283134227077,686
2025-04-25 18:36:00+00:00,30029.57479918473,30039.522424747258,30025.991128597976,30031.38106485705,508
2025-04-25 18:41:00+00:00,30028.265023371303,30046.068014705055,30016.693350090984,30027.989970868988,148
2025-04-25 18:46:00+00:00,30027.944988844924,30032.76111655477,30012.8136564287,30029.21244560648,531
2025-04-25 18:51:00+00:00,30027.382345917034,30040.617441524337,30020.664190584554,30026.49880470954,931
2025-04-25 18:56:00+00:00,30026.805491412775,30034.871530046945,30011.677685863524,30027.92007853418,544
2025-04-25 19:01:00+00:00,30025.5967979046,30034.699610532964,30013.577394362153,30026.443356920685,672
2025-04-25 19:06:00+00:00,30024.607932744533,30033.258377687074,30011.499580757158,30025.164280954403,388
2025-04-25 19:11:00+00:00,30025.56804671394,30034.941613884614,30006.75212094867,30024.202852434584,113
2025-04-25 19:16:00+00:00,30026.476589865968,30037.795608926648,30008.057771891024,30025.4342182656,255
2025-04-25 19:21:00+00:00,30027.205411658946,30035.423364187744,30008.105371123267,30027.19104165911,872
2025-04-25 19:26:00+00:00,30027.476022138668,30040.645624502584,30026.85863967448,30027.328362769393,843
2025-04-25 19:31:00+00:00,30029.1797801848,30032.298100443782,30016.181794422493,30026.932865124953,563
2025-04-25 19:36:00+00:00,30028.533314496286,30039.16600569385,30009.18442888852,30028.724707455258,150
2025-04-25 19:41:00+00:00,30030.116980416584,30030.400460321573,30029.88585040857,30028.696728328097,246
2025-04-25 19:46:00+00:00,30032.659646371092,30034.133578176432,30031.667035110044,30031.91138790632,575
2025-04-25 19:51:00+00:00,30031.592166847215,30038.925700854914,30014.368665930542,30031.08433084196,732
2025-04-25 19:56:00+00:00,30032.378847070606,30037.50857082556,30028.75496146756,30034.116950527765,618
2025-04-25 20:01:00+00:00,30032.391510651076,30044.69937399061,30013.625701398378,30032.02602445368,641
2025-04-25 20:06:00+00:00,30031.53121716696,30047.696817481534,30017.475583178064,30031.386139350336,566
2025-04-25 20:11:00+00:00,30030.67468807626,30047.17757331351,30013.478685167876,30031.349083942594,730
2025-04-25 20:16:00+00:00,30030.22716872435,30045.176187320976,30016.03265129543,30031.64142869723,417
2025-04-25 20:21:00+00:00,30030.05832681676,30032.25704309977,30012.11087824032,30030.000555948194,102
2025-04-25 20:26:00+00:00,30029.237639851224,30040.58967500252,30016.158539232547,30030.12611054784,471
2025-04-25 20:31:00+00:00,30027.46539316735,30044.791213550514,30027.342176927028,30028.385545814846,413
2025-04-25 20:36:00+00:00,30027.015277361726,30030.624344687643,30010.61733950147,30025.40049173273,331
2025-04-25 20:41:00+00:00,30027.696519172714,30043.663300501383,30013.288028509458,30026.116447225577,310
2025-04-25 20:46:00+00:00,30029.06108126832,30031.887344110037,30021.991166899596,30029.161553922226,355
2025-04-25 20:51:00+00:00,30029.557834421495,30042.89369863637,30016.490943679353,30030.478868213926,398
2025-04-25 20:56:00+00:00,30026.954557544166,30034.658564498917,30019.72645225123,30027.32423451833,191
2025-04-25 21:01:00+00:00,30025.68593722716,30045.252761333286,30018.29653127279,30025.006365964742,251
2025-04-25 21:06:00+00:00,30026.545504883787,30032.603439737744,30007.971503408517,30026.02587068921,241
2025-04-25 21:11:00+00:00,30027.052731885058,30031.97249350358,30023.742174511255,30028.370856525653,767
2025-04-25 21:16:00+00:00,30028.315879108883,30045.084804512444,30020.793417608915,30028.232174665576,119
2025-04-25 21:21:00+00:00,30028.707414632332,30044.52993009922,30025.08948429377,30028.408037465102,331
2025-04-25 21:26:00+00:00,30030.43569882367,30033.715504081512,30023.459411329244,30030.378842502003,584
2025-04-25 21:31:00+00:00,30031.031092015488,30037.567770946287,30018.297435699238,30031.92690186591,274
2025-04-25 21:36:00+00:00,30030.683339236875,30040.429698241456,30019.024878826564,30031.535464768513,772
2025-04-25 21:41:00+00:00,30030.702889855744,30044.96953626882,30028.617920673612,30032.736197505226,234
2025-04-25 21:46:00+00:00,30029.935247473815,30033.204061921704,30013.48728906247,30029.423705783724,293
2025-04-25 21:51:00+00:00,30029.703601410492,30040.62226631967,30018.18306266377,30029.565156105487,899
2025-04-25 21:56:00+00:00,30029.913527661272,30036.43882384896,30011.515881453677,30029.868400942414,869
2025-04-25 22:01:00+00:00,30029.36122849427,30042.482305293997,30022.925045984623,30029.914415546733,163
2025-04-25 22:06:00+00:00,30030.755298369328,30041.466978369834,30017.220996413882,30031.241411472292,850
2025-04-25 22:11:00+00:00,30029.380791052972,30044.32776155661,30010.61064701274,30029.47282929883,221
2025-04-25 22:16:00+00:00,30029.636293492877,30036.358391038062,30026.011406639944,30030.594802442847,435
2025-04-25 22:21:00+00:00,30030.92739378834,30046.99845884653,30018.43130153398,30031.780413398927,436
2025-04-25 22:26:00+00:00,30030.083759414552,30035.40976409258,30017.640901279894,30030.5116182637,290
2025-04-25 22:31:00+00:00,30031.60871306189,30048.784422639346,30014.096133156327,30031.220747430085,616
2025-04-25 22:36:00+00:00,30030.177752660074,30033.886250523276,30024.6260571489,30029.662141970348,493
2025-04-25 22:41:00+00:00,30030.652573480376,30034.629358258255,30026.760719637048,30030.53691850627,469
2025-04-25 22:46:00+00:00,30027.946332409803,30029.992371494467,30013.08078573333,30029.238281562815,955
2025-04-25 22:51:00+00:00,30027.583368501135,30038.708491822825,30015.215293188663,30028.064939459942,314
2025-04-25 22:56:00+00:00,30026.850785054976,30045.06862429836,30024.392081691243,30026.283348623085,457
2025-04-25 23:01:00+00:00,30028.556206938145,30042.155188541714,30009.862599791915,30027.287191632357,121
2025-04-25 23:06:00+00:00,30027.948359991336,30028.883637905306,30025.75293301674,30027.19396885672,970
2025-04-25 23:11:00+00:00,30028.5801674191,30044.547786293748,30009.181680915954,30029.263451949813,862
2025-04-25 23:16:00+00:00,30028.17314936079,30037.18287692748,30010.382500653217,30028.032834442143,259
2025-04-25 23:21:00+00:00,30030.188105985737,30038.031553336074,30022.52172981813,30031.658558957213,794
2025-04-25 23:26:00+00:00,30031.218465592898,30045.127530387865,30013.16025997729,30031.19036618325,556
2025-04-25 23:31:00+00:00,30030.010829956238,30046.479985437316,30028.44326974112,30029.183773171928,193
2025-04-25 23:36:00+00:00,30031.824366737008,30033.36749254448,30015.950255040723,30031.554486932877,391
2025-04-25 23:41:00+00:00,30031.971554823038,30038.57689344358,30019.803052198098,30031.998328514557,183
2025-04-25 23:46:00+00:00,30030.787447159008,30042.380050986394,30012.94157208234,30031.925987681407,462
2025-04-25 23:51:00+00:00,30029.911264233917,30041.83192265606,30012.717118308614,30029.536492499086,251
2025-04-25 23:56:00+00:00,30029.80460934036,30031.369696123398,30020.74268447309,30029.459002856154,624
2025-04-26 00:01:00+00:00,30030.3854930971,30030.605592722088,30025.77700605911,30033.272645604735,180
2025-04-26 00:06:00+00:00,30030.13655641252,30038.486518657224,30011.225945525413,30030.826672390856,135
2025-04-26 00:11:00+00:00,30031.834139368228,30038.311695204542,30027.98138949465,30031.530462505998,295
2025-04-26 00:16:00+00:00,30032.476104865724,30033.830978058715,30028.588206885674,30031.996193599567,111
2025-04-26 00:21:00+00:00,30033.307200985142,30048.53956534954,30024.013488376382,30032.441152716536,944
2025-04-26 00:26:00+00:00,30033.773295671013,30038.375810189827,30030.62109288554,30033.82837911505,661
2025-04-26 00:31:00+00:00,30032.68446277945,30040.840171693202,30028.45915836119,30031.99600454857,935
2025-04-26 00:36:00+00:00,30032.917816969097,30051.665660925588,30013.488736943276,30030.879954798816,725
2025-04-26 00:41:00+00:00,30032.70535945163,30047.820184641027,30016.71928377615,30033.446477991118,364
2025-04-26 00:46:00+00:00,30034.080443732913,30042.76632498589,30016.864403071548,30035.19937267477,416
2025-04-26 00:51:00+00:00,30033.949729748685,30036.023912416433,30023.186285259624,30033.78103639754,572
2025-04-26 00:56:00+00:00,30034.28917741573,30034.411111345144,30020.30296772086,30033.558008228694,460
2025-04-26 01:01:00+00:00,30034.82494072503,30042.935886748415,30032.59659424992,30033.665377584763,280
2025-04-26 01:06:00+00:00,30035.700826767796,30045.659810906756,30029.745367514704,30034.386659979842,690
2025-04-26 01:11:00+00:00,30035.902044225604,30045.247900255818,30026.48130449946,30037.013969053954,427
2025-04-26 01:16:00+00:00,30032.9519771024,30035.745065247716,30024.227646178097,30032.780083410307,139
2025-04-26 01:21:00+00:00,30034.547305168093,30043.70554542998,30027.239695150518,30035.715464134777,826
2025-04-26 01:26:00+00:00,30035.448052648855,30052.449114718107,30035.117358409116,30034.627304956193,872
2025-04-26 01:31:00+00:00,30035.399774955986,30048.77852025183,30033.47780675873,30035.24792801478,403
2025-04-26 01:36:00+00:00,30036.269676190583,30050.148071364256,30030.040659682316,30035.240083607812,628
2025-04-26 01:41:00+00:00,30035.677481232422,30041.327530152954,30022.258196552222,30034.260383643057,332
2025-04-26 01:46:00+00:00,30036.358926240213,30036.573041653763,30018.572253128725,30036.68018011934,679
2025-04-26 01:51:00+00:00,30035.110731499262,30039.218322015207,30028.883621153498,30034.03394959884,146
2025-04-26 01:56:00+00:00,30035.741020309055,30044.309117291275,30021.445021840274,30034.798473587405,194
2025-04-26 02:01:00+00:00,30036.995243937756,30051.314463397637,30025.43853484014,30036.931945672884,810
2025-04-26 02:06:00+00:00,30037.554116140902,30049.613293668317,30030.342596180224,30035.99748654595,583
2025-04-26 02:11:00+00:00,30038.721878595232,30040.053207552955,30031.499398883112,30039.785730896085,604
2025-04-26 02:16:00+00:00,30038.143093682556,30045.79100362891,30020.90795675868,30038.66401574612,442
2025-04-26 02:21:00+00:00,30040.812539730847,30043.88766671399,30027.657861269567,30041.776506922346,926
2025-04-26 02:26:00+00:00,30041.342355021916,30041.426983310557,30032.57599805296,30039.656662101876,500
2025-04-26 02:31:00+00:00,30040.703902530528,30048.014836299502,30029.722443062932,30041.094302605045,622
2025-04-26 02:36:00+00:00,30042.4335847247,30059.751031189408,30037.509069390835,30042.765279856263,152
2025-04-26 02:41:00+00:00,30043.945023140193,30045.835819555137,30028.207371869197,30042.705657618084,315
2025-04-26 02:46:00+00:00,30042.0992851642,30056.640388019037,30034.775254572367,30041.777138216446,497
2025-04-26 02:51:00+00:00,30040.379195041518,30043.848792703648,30020.61360895273,30041.255766673865,655
2025-04-26 02:56:00+00:00,30040.90116035174,30050.440382763965,30025.7084831369,30040.251488243477,475
2025-04-26 03:01:00+00:00,30040.6284837971,30050.546094148507,30027.86682968057,30039.088910179198,706
2025-04-26 03:06:00+00:00,30042.284052245475,30052.63618981206,30033.540264729025,30042.04404623597,593
2025-04-26 03:11:00+00:00,30042.471364502413,30045.5204105943,30023.52518679484,30040.935052213965,401
2025-04-26 03:16:00+00:00,30043.696752114916,30049.425037019293,30036.38367610238,30043.095753603575,821
2025-04-26 03:21:00+00:00,30044.48005707086,30063.604654402166,30025.053807772234,30044.83604426729,988
2025-04-26 03:26:00+00:00,30044.01046264947,30061.598798041967,30029.23035130284,30044.833005674816,768
2025-04-26 03:31:00+00:00,30043.087907063535,30044.116791784098,30039.09152310544,30042.409308515496,788
2025-04-26 03:36:00+00:00,30041.765895251312,30052.435411935923,30035.71854331954,30041.916231920997,325
2025-04-26 03:41:00+00:00,30040.77632081234,30058.71891115278,30034.65956234034,30040.311401930943,701
2025-04-26 03:46:00+00:00,30041.748165616395,30051.245509389508,30039.75230215388,30041.704161938418,529
2025-04-26 03:51:00+00:00,30041.693623413765,30057.445024404395,30033.84443836947,30042.783383954295,879
2025-04-26 03:56:00+00:00,30043.0330197232,30055.305046052647,30031.604662865822,30042.90228739116,611
2025-04-26 04:01:00+00:00,30043.073144864902,30060.063751823123,30036.224093284352,30043.796768241333,408
2025-04-26 04:06:00+00:00,30041.847718006877,30055.976318573576,30027.56498877978,30041.241249631716,610
2025-04-26 04:11:00+00:00,30041.585587803398,30053.325114272488,30024.79454933617,30041.982276850384,485
2025-04-26 04:16:00+00:00,30041.87498796404,30047.17641965427,30031.166607111183,30041.928618119866,491
2025-04-26 04:21:00+00:00,30041.56827670699,30057.898887652354,30023.444897502253,30042.050975586222,204
2025-04-26 04:26:00+00:00,30041.61592131796,30057.524686595698,30041.452243369804,30042.927406674513,536
2025-04-26 04:31:00+00:00,30041.161092646744,30060.039490912794,30038.39643169314,30040.504492070748,233
2025-04-26 04:36:00+00:00,30042.803233754104,30045.882485634553,30023.1495144425,30042.244617472377,190
2025-04-26 04:41:00+00:00,30043.101750114354,30058.093613793648,30030.927217072207,30043.13588870535,294
2025-04-26 04:46:00+00:00,30043.00164298938,30047.947161867258,30039.399019812452,30043.593739039075,966
2025-04-26 04:51:00+00:00,30042.62307302108,30062.191486216194,30033.086936439115,30042.712380428682,303
2025-04-26 04:56:00+00:00,30043.003209251176,30054.490596556854,30025.674131839965,30043.553193509248,388
2025-04-26 05:01:00+00:00,30043.881593754577,30060.831258016642,30037.372085580995,30043.270198053506,201
2025-04-26 05:06:00+00:00,30043.565394039222,30055.037104846127,30035.835074592756,30043.035629962684,246
2025-04-26 05:11:00+00:00,30044.43967075886,30056.515485050717,30028.824871679743,30043.707529088075,769
2025-04-26 05:16:00+00:00,30045.84195458153,30052.925786894186,30026.020691546026,30047.339127692452,720
2025-04-26 05:21:00+00:00,30043.842466361744,30061.672985377452,30039.370623506547,30044.477760704707,360
2025-04-26 05:26:00+00:00,30042.800457131307,30052.430318992465,30026.512965500333,30043.426132388344,200
2025-04-26 05:31:00+00:00,30041.575665471286,30042.528250583095,30026.41536359564,30041.99734417696,619
2025-04-26 05:36:00+00:00,30041.25823067361,30060.888244538193,30025.31470620618,30041.254247650828,640
2025-04-26 05:41:00+00:00,30041.787773550288,30060.717055440844,30023.496484000403,30040.66808244668,248
2025-04-26 05:46:00+00:00,30040.76900841401,30057.46437701158,30023.80486661481,30040.31998179155,476
2025-04-26 05:51:00+00:00,30039.606979716973,30055.994345700183,30019.84256159691,30038.5762831446,750
2025-04-26 05:56:00+00:00,30039.36530811936,30059.126037010436,30028.424051727525,30039.069707029896,392
2025-04-26 06:01:00+00:00,30039.213507058907,30041.517492943072,30034.947113778886,30039.627876365503,319
2025-04-26 06:06:00+00:00,30039.987269888443,30054.345986976103,30037.98165437795,30039.35423489878,210
2025-04-26 06:11:00+00:00,30040.800970775614,30045.729965508286,30024.25446266481,30039.516005547288,395
2025-04-26 06:16:00+00:00,30041.310422885195,30059.026700956452,30028.76097182367,30041.133347072722,445
2025-04-26 06:21:00+00:00,30042.583277985937,30050.548273653167,30034.69105009594,30041.762416457514,494
2025-04-26 06:26:00+00:00,30042.0120629481,30057.815280806888,30023.61998783207,30041.854645017644,552
2025-04-26 06:31:00+00:00,30039.822331601772,30042.379100053036,30038.42574998605,30039.48747853783,813
2025-04-26 06:36:00+00:00,30040.37319982869,30048.286963213384,30025.637830355867,30041.310766181574,350
2025-04-26 06:41:00+00:00,30040.71076266755,30041.2963005272,30040.159758589372,30040.735750605738,578
2025-04-26 06:46:00+00:00,30042.524705707026,30042.87733193018,30038.413606588594,30043.043047509564,301
2025-04-26 06:51:00+00:00,30042.55476320707,30050.17036514849,30030.15832620283,30044.109396736614,207
2025-04-26 06:56:00+00:00,30042.370958542782,30045.867092384968,30032.16753122168,30044.109827206,821
2025-04-26 07:01:00+00:00,30040.566541777105,30040.88078199048,30022.436520291034,30041.59800202729,341
2025-04-26 07:06:00+00:00,30039.78551162994,30044.330547224352,30026.976075108414,30039.16603284416,299
2025-04-26 07:11:00+00:00,30039.160235361855,30044.014617635068,30019.834405682857,30040.244275161687,158
2025-04-26 07:16:00+00:00,30038.700314259535,30041.28847331828,30029.173027511348,30038.62468507228,168
2025-04-26 07:21:00+00:00,30038.818986855407,30043.06044028971,30022.96292117084,30039.245718803813,460
2025-04-26 07:26:00+00:00,30039.66281603808,30056.7059296234,30026.362030279008,30040.048667061987,453
2025-04-26 07:31:00+00:00,30036.944206234763,30042.75939489603,30023.564487854877,30035.972246875375,240
2025-04-26 07:36:00+00:00,30037.048281026175,30041.4617948219,30033.75147055539,30037.92747657871,677
2025-04-26 07:41:00+00:00,30036.883966023484,30054.118368742482,30029.19994252843,30039.210343912808,897
2025-04-26 07:46:00+00:00,30035.671834625922,30045.540778755247,30023.492235971462,30035.97281402788,189
2025-04-26 07:51:00+00:00,30036.1592661402,30046.89859871066,30028.957831257303,30035.44128647236,903
2025-04-26 07:56:00+00:00,30034.909207082685,30043.177604476135,30019.549154674696,30034.961050481405,340
2025-04-26 08:01:00+00:00,30034.02331582037,30050.68513330159,30016.629000228502,30033.630441532718,466
2025-04-26 08:06:00+00:00,30032.78278175936,30036.53007059963,30028.569516072024,30033.059227883827,517
2025-04-26 08:11:00+00:00,30033.89178665417,30050.02638816655,30021.343261611313,30032.785104835693,379
2025-04-26 08:16:00+00:00,30033.71177790851,30047.82012386251,30024.60699682216,30034.39562832948,246
2025-04-26 08:21:00+00:00,30033.638605449116,30049.538108760036,30023.452185804977,30032.689372470697,619
2025-04-26 08:26:00+00:00,30031.845910876065,30032.436120113747,30017.983238476878,30030.45594326631,461
2025-04-26 08:31:00+00:00,30032.840098239194,30044.208350989706,30014.33379205875,30035.31532428401,995
2025-04-26 08:36:00+00:00,30033.927946957832,30051.461759552163,30020.745451642044,30034.991072798763,809
2025-04-26 08:41:00+00:00,30033.282593042728,30039.53192238586,30018.9110691087,30033.385209233915,811
2025-04-26 08:46:00+00:00,30031.514621298713,30038.141840869797,30020.797567804988,30031.29567603349,997
2025-04-26 08:51:00+00:00,30031.065639695873,30034.189849298895,30021.78630765025,30029.301827390722,415
2025-04-26 08:56:00+00:00,30030.650241437714,30035.253361072224,30030.156264129888,30030.639332281764,353
2025-04-26 09:01:00+00:00,30030.2616413929,30037.82043482809,30010.975291089482,30030.552462109164,631
2025-04-26 09:06:00+00:00,30031.29705862253,30047.43183214011,30014.887979153533,30030.522528086014,730
2025-04-26 09:11:00+00:00,30030.641284099685,30036.653847896243,30016.76520060607,30032.80183284735,698
2025-04-26 09:16:00+00:00,30030.120122214164,30041.98221184005,30028.3552247658,30031.104871297215,155
2025-04-26 09:21:00+00:00,30028.999008836527,30038.909058232974,30014.00169199317,30027.78029050846,750
2025-04-26 09:26:00+00:00,30028.813957224997,30029.30727638953,30011.924822873898,30028.28063869365,770
2025-04-26 09:31:00+00:00,30028.314186977022,30034.027750847807,30011.238503874138,30028.198436967807,363
2025-04-26 09:36:00+00:00,30029.117018892437,30032.91304090386,30012.72094493497,30029.13328104223,865
2025-04-26 09:41:00+00:00,30030.262168511752,30046.35682283686,30022.731492338844,30031.76841677092,980
2025-04-26 09:46:00+00:00,30030.649376036454,30040.7637636873,30013.78641606126,30030.531544472375,963
2025-04-26 09:51:00+00:00,30030.102085543338,30032.7814401528,30026.986497176902,30031.29046476612,347
2025-04-26 09:56:00+00:00,30029.84707785209,30041.723233938937,30025.420802304845,30028.673599208283,921
2025-04-26 10:01:00+00:00,30029.982344215936,30038.620973478482,30014.05752137996,30030.554127535124,758
2025-04-26 10:06:00+00:00,30030.94213442596,30041.089664801428,30019.821954040413,30030.860716774743,492
2025-04-26 10:11:00+00:00,30029.430974556155,30044.609466325757,30019.158754213448,30029.887459928377,271
2025-04-26 10:16:00+00:00,30029.701819258993,30042.971979661175,30026.99119390444,30030.63734859374,404
2025-04-26 10:21:00+00:00,30031.25407487541,30038.591962366718,30030.269518734192,30031.386946906656,332
2025-04-26 10:26:00+00:00,30032.873624781092,30052.56516252812,30029.385400968138,30034.843202147946,867
2025-04-26 10:31:00+00:00,30033.989251402716,30051.99813117111,30027.290562111513,30033.8650359122,936
2025-04-26 10:36:00+00:00,30034.00764210995,30047.27670587205,30031.846743659615,30035.731068029483,437
2025-04-26 10:41:00+00:00,30033.06772127045,30049.13688577928,30021.002029050553,30031.414381025254,891
2025-04-26 10:46:00+00:00,30033.01277946372,30037.58982552966,30018.8969657397,30033.553949059486,340
2025-04-26 10:51:00+00:00,30033.125105118484,30050.983230929553,30020.935803788423,30032.8364708888,492
2025-04-26 10:56:00+00:00,30033.414859097047,30051.109781026164,30029.457711865794,30033.22598115191,512
2025-04-26 11:01:00+00:00,30033.967093513136,30048.139269770956,30033.45642321719,30033.73249529984,777
2025-04-26 11:06:00+00:00,30034.197609405353,30044.75546094683,30018.1588435729,30035.07041398564,914
2025-04-26 11:11:00+00:00,30036.039976496766,30052.884217803552,30027.549029268248,30037.153926371095,345
2025-04-26 11:16:00+00:00,30036.784080827863,30041.626027182872,30018.87126297532,30037.59760529322,506
2025-04-26 11:21:00+00:00,30037.8958286347,30038.973945919883,30032.098747596294,30038.386657089977,882
2025-04-26 11:26:00+00:00,30037.202567961016,30048.797467233973,30023.395318508836,30036.252361787192,507
2025-04-26 11:31:00+00:00,30036.789763936995,30044.25507159697,30034.319781199796,30036.536446725797,764
2025-04-26 11:36:00+00:00,30037.239938580224,30052.953964163415,30023.590403060734,30037.71529147576,686
2025-04-26 11:41:00+00:00,30037.492407843427,30056.430461077063,30037.378063738935,30038.18724769842,335
2025-04-26 11:46:00+00:00,30038.38894126002,30048.253291967227,30035.87007154376,30038.449935733817,435
2025-04-26 11:51:00+00:00,30039.258428029236,30054.226432680713,30034.939117041242,30038.64281380836,817
2025-04-26 11:56:00+00:00,30041.650473332553,30057.988271524686,30040.691029724683,30041.43855289221,151
2025-04-26 12:01:00+00:00,30041.31532141557,30049.030931576955,30023.14868517707,30043.2017882941,988
2025-04-26 12:06:00+00:00,30041.16341619522,30042.333755367723,30038.345728607837,30038.510582527655,980
2025-04-26 12:11:00+00:00,30041.032964029804,30060.84217869025,30034.14890187973,30041.039551902482,702
2025-04-26 12:16:00+00:00,30038.574058194128,30046.355765242188,30028.900648553663,30037.680420046112,344
2025-04-26 12:21:00+00:00,30040.246429859853,30050.82011770195,30034.348733372703,30040.27548495726,714
2025-04-26 12:26:00+00:00,30040.97461318737,30055.43816923616,30028.054651612278,30040.155863609092,947
2025-04-26 12:31:00+00:00,30041.589720101332,30060.518642894975,30037.03754423251,30040.563034522598,207
2025-04-26 12:36:00+00:00,30042.982928787136,30053.709735443736,30032.449899880543,30043.440075565475,693
2025-04-26 12:41:00+00:00,30043.02132358009,30057.484367992736,30038.034033107324,30043.924641771788,334
2025-04-26 12:46:00+00:00,30044.02036885364,30063.529342486014,30024.995270730567,30042.654687295937,246
2025-04-26 12:51:00+00:00,30043.598259913106,30045.743854198317,30040.745526606926,30043.214363912935,430
2025-04-26 12:56:00+00:00,30044.448768513088,30049.033567562376,30026.729982803034,30044.893679304856,140
2025-04-26 13:01:00+00:00,30044.26188914046,30053.49828967535,30026.61617483794,30042.658231566504,551
2025-04-26 13:06:00+00:00,30045.331445504948,30050.53745576007,30031.027065613813,30043.511348435724,516
2025-04-26 13:11:00+00:00,30043.964265155562,30049.7523736785,30035.673036280594,30044.637017428304,538
2025-04-26 13:16:00+00:00,30043.473853927062,30053.099822858192,30034.035779486094,30043.1929840045,543
2025-04-26 13:21:00+00:00,30044.97925017112,30052.927787469278,30042.310291720496,30044.584262707805,578
2025-04-26 13:26:00+00:00,30046.966862251742,30054.52644828348,30043.451786784288,30045.396283628757,911
2025-04-26 13:31:00+00:00,30046.06856478345,30046.112502997024,30034.802520578505,30046.23741128006,190
2025-04-26 13:36:00+00:00,30046.185880568617,30058.60471138532,30038.462135192756,30045.277034416453,310
2025-04-26 13:41:00+00:00,30045.695842451496,30053.978566742084,30041.785849596192,30047.43685070532,883
2025-04-26 13:46:00+00:00,30044.957414151802,30062.84668232144,30040.736607029747,30045.111608010346,281
2025-04-26 13:51:00+00:00,30044.87569717001,30056.52415869352,30031.030473724833,30045.074688448796,194
2025-04-26 13:56:00+00:00,30045.72802124371,30051.963614750766,30043.343665856013,30045.40898274125,883
2025-04-26 14:01:00+00:00,30045.577094626777,30058.01691187806,30029.48101045763,30045.85292820262,190
2025-04-26 14:06:00+00:00,30044.6108046695,30058.911935032014,30040.709954686467,30044.39144235836,809
2025-04-26 14:11:00+00:00,30043.263540816344,30044.875735031477,30036.550988934756,30042.679663240426,639
2025-04-26 14:16:00+00:00,30042.844432112128,30059.545282997136,30023.72228361476,30043.979351442696,770
2025-04-26 14:21:00+00:00,30042.86075960684,30059.80307851456,30027.74297319563,30041.991721433158,920
2025-04-26 14:26:00+00:00,30041.20116223704,30047.94551505969,30025.569503941344,30042.482962637027,652
2025-04-26 14:31:00+00:00,30041.81900260907,30048.88100098102,30027.957245048874,30040.236898053583,436
2025-04-26 14:36:00+00:00,30041.033257207186,30054.70402847862,30024.237790080973,30040.728256217124,634
2025-04-26 14:41:00+00:00,30040.39235029377,30044.349604539926,30027.894295175192,30040.496991699754,572
2025-04-26 14:46:00+00:00,30039.11345328625,30050.084978761588,30027.73147508756,30040.056247104494,437
2025-04-26 14:51:00+00:00,30039.48476997645,30048.479500793004,30033.950471181113,30040.03091712048,770
2025-04-26 14:56:00+00:00,30040.229607148518,30059.40051944548,30024.226606255,30041.392937646608,959
2025-04-26 15:01:00+00:00,30040.397733256756,30051.369880703565,30030.524137998982,30040.49687471391,838
2025-04-26 15:06:00+00:00,30038.24622778788,30047.031506314397,30037.6542566418,30040.061413830506,515
2025-04-26 15:11:00+00:00,30037.18189536376,30048.274817394446,30036.64039019636,30037.276516339738,412
2025-04-26 15:16:00+00:00,30037.747528061722,30053.54338264866,30023.48721887149,30038.211511409,336
2025-04-26 15:21:00+00:00,30038.332899399586,30043.981145590045,30027.8836476566,30038.82407341442,721
2025-04-26 15:26:00+00:00,30037.421533939054,30056.813368910214,30029.610984707677,30037.267150972846,261
2025-04-26 15:31:00+00:00,30037.007704325744,30044.933272949307,30021.029571882817,30035.73297405497,592
2025-04-26 15:36:00+00:00,30037.214766665635,30043.08290368132,30036.383552259784,30039.386137219655,977
2025-04-26 15:41:00+00:00,30038.43708928353,30048.186587158103,30021.075731281067,30038.1228601651,385
2025-04-26 15:46:00+00:00,30037.591137530464,30046.558782508808,30024.920304574665,30037.928649088797,557
2025-04-26 15:51:00+00:00,30036.626130175537,30054.74955486326,30035.14969156643,30036.014999629326,661
2025-04-26 15:56:00+00:00,30036.796385874994,30038.266873182416,30033.485922520427,30035.992361080127,139
2025-04-26 16:01:00+00:00,30036.814319232286,30051.993806776667,30032.94650246668,30036.393968155237,516
2025-04-26 16:06:00+00:00,30037.06919397927,30040.283182915868,30018.841678041445,30038.30760486789,415
2025-04-26 16:11:00+00:00,30037.067325770076,30040.618890685335,30028.80226919863,30038.76203715682,849
2025-04-26 16:16:00+00:00,30037.664835334028,30051.488524669025,30025.317214902407,30039.209961636647,177
2025-04-26 16:21:00+00:00,30036.19817752637,30047.12771399208,30034.106791981165,30036.754851991172,638
2025-04-26 16:26:00+00:00,30036.82588003816,30048.51478622171,30029.381019086326,30036.28829579722,778
2025-04-26 16:31:00+00:00,30038.374532208476,30050.30855001231,30025.45235562307,30038.741918256517,116
2025-04-26 16:36:00+00:00,30038.072135726008,30045.30906914628,30022.001737226154,30039.374134450827,625
2025-04-26 16:41:00+00:00,30037.126424640894,30049.777895353134,30037.09297357845,30035.70406957947,895
2025-04-26 16:46:00+00:00,30037.607451711745,30047.385820200485,30028.307431519923,30035.39438864191,938
2025-04-26 16:51:00+00:00,30037.124127788906,30041.31413560876,30027.00512156472,30036.647896712428,431
2025-04-26 16:56:00+00:00,30035.94774184975,30047.69859222218,30025.21906080393,30036.469919096682,767
2025-04-26 17:01:00+00:00,30036.02098310598,30041.529651563666,30028.909648049666,30034.698971367063,125
2025-04-26 17:06:00+00:00,30036.166019980174,30046.889437335452,30021.441240600918,30034.69428085592,563
2025-04-26 17:11:00+00:00,30037.116636480583,30041.596214028934,30017.167341502784,30038.163059444418,727
2025-04-26 17:16:00+00:00,30037.791214769633,30050.857020658987,30031.774046929393,30037.904007506088,108
2025-04-26 17:21:00+00:00,30035.709452650775,30039.33050484642,30026.848251381896,30035.16052088494,640
2025-04-26 17:26:00+00:00,30036.389241399454,30045.33157312358,30023.780744331118,30035.090811048278,720
2025-04-26 17:31:00+00:00,30036.132241164,30044.002981007783,30025.77835335826,30036.27727874672,182
2025-04-26 17:36:00+00:00,30036.83262872145,30039.802753739466,30029.110632274216,30034.809740157147,522
2025-04-26 17:41:00+00:00,30036.738826500856,30054.63545203012,30032.703258821082,30037.406283151668,462
2025-04-26 17:46:00+00:00,30036.392209617406,30048.071797607692,30019.346065112022,30036.183650972234,176
2025-04-26 17:51:00+00:00,30035.10534857291,30046.489555362674,30032.598514197274,30034.39772257404,906
2025-04-26 17:56:00+00:00,30036.29699887413,30052.752778745238,30020.51625058395,30036.80081666904,633
2025-04-26 18:01:00+00:00,30037.21225462876,30049.2462165034,30032.739443028146,30036.01107612223,800
2025-04-26 18:06:00+00:00,30039.139728405302,30044.406534727084,30020.79868114423,30040.07855542773,286
2025-04-26 18:11:00+00:00,30040.465088334662,30046.82887140309,30030.162426454477,30039.911867396622,459
2025-04-26 18:16:00+00:00,30040.46272386717,30059.614107932448,30022.946453751167,30041.34159281929,996
2025-04-26 18:21:00+00:00,30041.4702089804,30042.684924925165,30028.368455921507,30042.808792127853,703
2025-04-26 18:26:00+00:00,30040.138673218327,30041.526654565874,30023.140987623487,30041.160510463196,298
2025-04-26 18:31:00+00:00,30038.64711398034,30042.41455202523,30020.102600427213,30038.599809426032,470
2025-04-26 18:36:00+00:00,30040.745193663402,30059.85810032209,30024.356002359527,30040.765299414586,151
2025-04-26 18:41:00+00:00,30040.236302770576,30040.412350937717,30027.69359335127,30039.553644472406,350
2025-04-26 18:46:00+00:00,30041.064722579267,30060.2037833874,30031.644636247354,30040.790082084975,998
2025-04-26 18:51:00+00:00,30042.00167061561,30061.76244403419,30027.630895863294,30041.504785018944,430
2025-04-26 18:56:00+00:00,30040.566330229787,30048.47445715548,30022.924362007045,30039.310317533775,200
2025-04-26 19:01:00+00:00,30040.7196950531,30055.35378838379,30022.122347658522,30038.219537971752,549
2025-04-26 19:06:00+00:00,30040.606625875076,30051.009400395742,30034.309639891108,30038.376404828632,802
2025-04-26 19:11:00+00:00,30040.092451735974,30041.127114029237,30025.36715250899,30039.850080752334,165
2025-04-26 19:16:00+00:00,30039.92576602916,30045.120894824096,30033.43566168533,30039.436624355414,870
2025-04-26 19:21:00+00:00,30039.853160536786,30049.83023041544,30034.913533252686,30040.177579154326,100
2025-04-26 19:26:00+00:00,30039.187966004847,30040.870212353308,30027.69790340296,30039.369233132005,617
2025-04-26 19:31:00+00:00,30039.29522491482,30055.165950234546,30031.793543763208,30037.856501069364,829
2025-04-26 19:36:00+00:00,30039.17449086774,30040.94099794834,30022.077582738468,30039.796360640485,324
2025-04-26 19:41:00+00:00,30040.189243908346,30040.609681609836,30032.173007746027,30039.654952481178,427
2025-04-26 19:46:00+00:00,30040.301453572585,30050.510626089068,30034.670353428774,30040.177947847587,596
2025-04-26 19:51:00+00:00,30039.78953382117,30055.649803891843,30022.901213967132,30038.496537166335,718
2025-04-26 19:56:00+00:00,30041.092503305685,30043.108207431815,30032.109944008134,30039.197690638233,173
2025-04-26 20:01:00+00:00,30040.778639925742,30045.234482728814,30023.61607808778,30039.78241265547,595
2025-04-26 20:06:00+00:00,30041.760769367378,30048.761614763156,30029.05702209028,30042.855961167657,311
2025-04-26 20:11:00+00:00,30041.104909000882,30049.307938313796,30030.41978475695,30040.796195342857,156
2025-04-26 20:16:00+00:00,30039.319543286092,30047.80712966819,30021.906655964638,30039.966970188263,257
2025-04-26 20:21:00+00:00,30039.500610786003,30040.49384423875,30022.653743991526,30039.938380397078,128
2025-04-26 20:26:00+00:00,30039.316162611165,30056.307026475566,30022.14353773367,30036.8892443893,928
2025-04-26 20:31:00+00:00,30039.845131911516,30043.947600651798,30024.216656718494,30040.81208748861,626
2025-04-26 20:36:00+00:00,30040.329103957294,30052.961563810117,30038.550593397482,30040.9157678972,810
2025-04-26 20:41:00+00:00,30039.724144084754,30059.180612052067,30026.197812845065,30040.31224406599,719
2025-04-26 20:46:00+00:00,30040.63258714819,30046.971204016736,30033.0310054131,30040.7287745788,714
2025-04-26 20:51:00+00:00,30041.164327675982,30053.369958437466,30036.789467463124,30039.638493542698,263
2025-04-26 20:56:00+00:00,30038.93894745501,30042.346903531376,30021.70689990772,30038.391894662065,683
2025-04-26 21:01:00+00:00,30039.084320911203,30057.552759518265,30019.239249934442,30038.15502350007,317
2025-04-26 21:06:00+00:00,30038.944661898375,30044.964174232653,30031.94678985873,30038.93428158717,748
2025-04-26 21:11:00+00:00,30037.673545430276,30040.816888543588,30031.831176598564,30037.4437507779,982
2025-04-26 21:16:00+00:00,30038.848633764752,30052.084748294594,30029.21725569445,30038.868230912914,895
2025-04-26 21:21:00+00:00,30039.473709263464,30056.169334097147,30032.732498095793,30040.35316972349,221
2025-04-26 21:26:00+00:00,30040.81908886179,30045.171956881793,30025.620340627815,30038.556285544808,638
2025-04-26 21:31:00+00:00,30041.26589652176,30057.490130509424,30027.67138913235,30039.183295785933,210
2025-04-26 21:36:00+00:00,30042.867719107624,30057.863029604425,30023.900569468726,30044.868312590028,532
2025-04-26 21:41:00+00:00,30041.855073149185,30043.746844807203,30030.641854736998,30042.8528673674,640
2025-04-26 21:46:00+00:00,30042.775415022155,30049.56150022902,30023.126731915494,30042.314646653533,278
2025-04-26 21:51:00+00:00,30042.40584938967,30055.685249159604,30040.209592137526,30044.1084478818,734
2025-04-26 21:56:00+00:00,30042.967001907244,30053.994441253177,30033.15024582376,30042.491056516348,789
2025-04-26 22:01:00+00:00,30043.991633185342,30044.835059162484,30027.685238425238,30045.29476182747,290
2025-04-26 22:06:00+00:00,30039.904378444575,30048.83020928012,30028.46209572995,30039.131936460733,892
2025-04-26 22:11:00+00:00,30040.137011654504,30053.062760787867,30038.56667003717,30042.01219889496,716
2025-04-26 22:16:00+00:00,30039.538471106232,30046.446222849485,30030.129060204337,30039.96232440716,604
2025-04-26 22:21:00+00:00,30039.809424954074,30054.386916438212,30030.710648007574,30038.754935902485,288
2025-04-26 22:26:00+00:00,30041.03267435993,30058.59630899695,30021.513072957427,30040.31981024907,518
2025-04-26 22:31:00+00:00,30040.837990368625,30043.883162133916,30034.503130573157,30042.106658123183,444
2025-04-26 22:36:00+00:00,30041.110305828748,30053.179819488403,30036.837679056815,30040.334313571082,576
2025-04-26 22:41:00+00:00,30040.708423816537,30059.667444055332,30031.715108214023,30038.218944639877,977
2025-04-26 22:46:00+00:00,30039.299594465996,30052.36417271474,30021.658959967153,30040.65278227779,803
2025-04-26 22:51:00+00:00,30037.828541883624,30040.333472909064,30023.094218800143,30036.654443822896,941
2025-04-26 22:56:00+00:00,30038.1164013569,30040.23786872696,30024.29169340502,30038.0301312328,167
2025-04-26 23:01:00+00:00,30036.772849331814,30056.297452202536,30027.118347606523,30038.726168353372,151
2025-04-26 23:06:00+00:00,30037.69097584524,30045.512116014834,30033.362144971434,30035.51146360433,379
2025-04-26 23:11:00+00:00,30036.35693911224,30046.4235339792,30018.113843287174,30035.303623603966,325
2025-04-26 23:16:00+00:00,30036.904972305194,30046.297739460748,30028.082146575747,30037.894675607873,935
2025-04-26 23:21:00+00:00,30037.34441072274,30047.09736588674,30027.43415751973,30036.46866735756,808
2025-04-26 23:26:00+00:00,30037.587985488244,30047.444697334737,30027.57039667635,30039.08046760578,646
2025-04-26 23:31:00+00:00,30036.84946749204,30038.559614489037,30034.88650957891,30037.140372060225,122
2025-04-26 23:36:00+00:00,30036.5153437535,30039.827485521273,30025.752822513405,30035.92374665325,393
2025-04-26 23:41:00+00:00,30036.507306651143,30037.062517883835,30033.147364288714,30034.224112903816,121
2025-04-26 23:46:00+00:00,30035.71648170261,30042.09053361605,30033.040354448145,30035.763369342247,273
2025-04-26 23:51:00+00:00,30037.51174571781,30056.717762416672,30037.19083607938,30037.199710621033,690
2025-04-26 23:56:00+00:00,30036.85547042349,30054.441218182998,30027.032041505812,30037.04782212043,201
2025-04-27 00:01:00+00:00,30038.15034318895,30052.127402704784,30018.249313381883,30038.680013416535,987
2025-04-27 00:06:00+00:00,30037.891537397023,30041.032689914566,30023.61031822427,30037.80090706551,615
2025-04-27 00:11:00+00:00,30040.010230347478,30040.446325676498,30034.04327869138,30039.715891858083,424
2025-04-27 00:16:00+00:00,30039.58944538153,30051.604704875637,30033.45410171516,30038.91467620148,983
2025-04-27 00:21:00+00:00,30038.818515188035,30044.797020048733,30025.529333403338,30039.30788285284,687
2025-04-27 00:26:00+00:00,30036.854360351314,30041.95768878109,30018.257642475204,30038.189698813345,792
2025-04-27 00:31:00+00:00,30037.404692528027,30054.8610103109,30017.623516974378,30039.505668652382,711
2025-04-27 00:36:00+00:00,30037.212625874698,30052.960425226378,30033.8145850629,30035.63369962425,181
2025-04-27 00:41:00+00:00,30038.464399230194,30046.39083722534,30029.308926290993,30039.190314597414,965
2025-04-27 00:46:00+00:00,30037.269793836764,30039.75263739111,30035.0419909789,30036.5308594624,623
2025-04-27 00:51:00+00:00,30037.204171235415,30050.2790921032,30032.364604172584,30036.621637459968,858
2025-04-27 00:56:00+00:00,30036.371377127096,30050.277407359787,30024.29692820109,30035.46417481848,236
2025-04-27 01:01:00+00:00,30037.098733045037,30047.843796832847,30037.035197170895,30035.94663453922,808
2025-04-27 01:06:00+00:00,30035.772913576475,30040.456481329205,30023.666564504056,30033.79874922081,441
2025-04-27 01:11:00+00:00,30036.209808434287,30042.313891880985,30034.359048988663,30035.66962983592,496
2025-04-27 01:16:00+00:00,30035.031300693714,30051.848002086186,30034.032168043617,30034.370459144004,526
2025-04-27 01:21:00+00:00,30035.347491196168,30038.32625567476,30035.12346665211,30036.345835611377,186
2025-04-27 01:26:00+00:00,30036.999331843595,30041.53745086328,30026.486760580054,30037.134455761596,766
2025-04-27 01:31:00+00:00,30036.77436948635,30043.689283566153,30030.888151878306,30036.199829019635,349
2025-04-27 01:36:00+00:00,30037.929204935874,30045.356453927678,30024.467472194432,30037.260093920417,739
2025-04-27 01:41:00+00:00,30037.54492624339,30057.07070187958,30032.06485581188,30038.20522285462,445
2025-04-27 01:46:00+00:00,30035.812063258843,30036.04434823193,30018.95050430374,30035.431417423188,408
2025-04-27 01:51:00+00:00,30035.268147500046,30053.199534195584,30018.90217383152,30035.990623067304,181
2025-04-27 01:56:00+00:00,30036.241484967275,30052.939157604298,30016.551899979204,30035.45397718192,979
2025-04-27 02:01:00+00:00,30036.747593037053,30042.310655188176,30019.194014985296,30036.628806953842,227
2025-04-27 02:06:00+00:00,30035.35120109168,30040.099570331207,30018.68935901205,30033.8225156846,355
2025-04-27 02:11:00+00:00,30035.558332793986,30045.22448380415,30033.391621479335,30033.264546673065,507
2025-04-27 02:16:00+00:00,30033.85248773345,30043.892649540652,30016.83678980635,30034.420455893032,838
2025-04-27 02:21:00+00:00,30033.75370124352,30042.127400854824,30027.547887495148,30037.366084194855,126
2025-04-27 02:26:00+00:00,30034.371275828664,30053.49441513568,30019.05203359864,30034.23562261862,780
2025-04-27 02:31:00+00:00,30034.94317713498,30046.93633650105,30032.260580287053,30034.97371210218,505
2025-04-27 02:36:00+00:00,30032.989949339073,30046.987262933166,30025.505921448585,30032.33799958394,548
2025-04-27 02:41:00+00:00,30032.933586672876,30034.68350187594,30022.10733816974,30034.14280608008,325
2025-04-27 02:46:00+00:00,30033.133497454135,30048.363266816435,30022.691632741888,30033.406647351745,787
2025-04-27 02:51:00+00:00,30032.461961536454,30034.381385966914,30024.205479121974,30033.049928402903,514
2025-04-27 02:56:00+00:00,30033.030944921276,30050.73682980151,30018.962180573795,30033.832842865275,287
2025-04-27 03:01:00+00:00,30034.149711088518,30040.315269545303,30015.356211373328,30034.88783193767,672
2025-04-27 03:06:00+00:00,30034.525606003677,30037.47107035697,30026.214926320885,30034.279038016728,942
2025-04-27 03:11:00+00:00,30034.020556453834,30040.78330098886,30028.960146351445,30033.388530546283,165
2025-04-27 03:16:00+00:00,30034.439271056683,30036.795915415285,30021.60728550211,30033.33890032246,643
2025-04-27 03:21:00+00:00,30034.346058292496,30041.191855453453,30023.977341710295,30033.898879275155,660
2025-04-27 03:26:00+00:00,30034.587648353045,30038.263312665673,30032.516705894166,30034.416465432576,296
2025-04-27 03:31:00+00:00,30037.113524651715,30045.808930723324,30020.27522885712,30036.825771835014,493
2025-04-27 03:36:00+00:00,30038.78159668933,30056.398497184025,30026.041737909072,30037.600616324933,859
2025-04-27 03:41:00+00:00,30037.014338805544,30044.908124939295,30033.819449794948,30037.16905750071,154
2025-04-27 03:46:00+00:00,30035.617999288766,30054.44669901843,30026.854761882212,30034.484492412175,719
2025-04-27 03:51:00+00:00,30036.353800187713,30041.83212221396,30018.76778726406,30036.885430038332,772
2025-04-27 03:56:00+00:00,30036.12507077811,30037.768085888336,30031.986660928353,30038.278764350445,889
2025-04-27 04:01:00+00:00,30034.961560103166,30044.90099040714,30019.546381241955,30035.546237503746,501
2025-04-27 04:06:00+00:00,30034.455162828064,30039.67151624042,30032.930125665796,30033.75112892489,832
2025-04-27 04:11:00+00:00,30033.884292856896,30035.049609173864,30020.757567401863,30035.265034633114,510
2025-04-27 04:16:00+00:00,30033.05613302795,30050.033002592816,30015.93457710162,30033.0221131383,961
2025-04-27 04:21:00+00:00,30034.309719108518,30043.45527816906,30014.981688239783,30034.74231480629,465
2025-04-27 04:26:00+00:00,30033.207290060844,30041.18459435597,30014.91554461148,30035.481851309643,957
2025-04-27 04:31:00+00:00,30032.36570724338,30049.43725895725,30021.201657796053,30031.484917834463,701
2025-04-27 04:36:00+00:00,30033.81875676215,30038.908583203403,30029.590199388014,30033.679814224368,854
2025-04-27 04:41:00+00:00,30034.463414403126,30039.390009314277,30017.70264993707,30033.954320467063,707
2025-04-27 04:46:00+00:00,30034.511967864426,30045.424927066888,30017.819385497816,30035.226056060194,915
2025-04-27 04:51:00+00:00,30035.249529145924,30039.27687517439,30022.769737842675,30036.55268219546,164
2025-04-27 04:56:00+00:00,30036.450938230082,30036.816273392913,30032.67403060838,30035.851057776115,553
2025-04-27 05:01:00+00:00,30037.227682472818,30041.55222380071,30024.879049824292,30036.137714946875,534
2025-04-27 05:06:00+00:00,30037.6936226496,30042.464076291,30025.949954916214,30037.908146720452,214
2025-04-27 05:11:00+00:00,30039.05021251834,30051.469091538413,30025.292226807953,30038.869165420158,975
2025-04-27 05:16:00+00:00,30038.00496607734,30042.811653789842,30019.07117115718,30037.17260290891,338
2025-04-27 05:21:00+00:00,30037.371182614006,30047.00733478654,30028.409256335894,30037.24315609241,845
2025-04-27 05:26:00+00:00,30037.66224349391,30040.754584236653,30034.132698341837,30036.69143856699,791
2025-04-27 05:31:00+00:00,30037.149192422057,30042.776584049087,30034.634178880176,30038.54478408182,112
2025-04-27 05:36:00+00:00,30037.207284928303,30054.127992399746,30023.94388559469,30037.484535090014,495
2025-04-27 05:41:00+00:00,30037.921001434814,30046.569812406047,30037.625286760027,30037.628372420677,935
2025-04-27 05:46:00+00:00,30039.215916435987,30051.61080580683,30023.15013363063,30038.842529300066,663
2025-04-27 05:51:00+00:00,30039.506671470965,30046.785938272013,30029.6528998566,30041.662942433773,791
2025-04-27 05:56:00+00:00,30037.19680535056,30045.062496521205,30032.218795493573,30036.10969769658,851
2025-04-27 06:01:00+00:00,30037.271775403664,30052.470094236178,30025.952291498124,30037.6797571026,152
2025-04-27 06:06:00+00:00,30036.45525250758,30052.745570327523,30029.69684444183,30036.172162708157,302
2025-04-27 06:11:00+00:00,30035.757869255107,30038.07279364172,30034.79984164363,30035.14759466963,430
2025-04-27 06:16:00+00:00,30035.69883948057,30046.548126481022,30016.638195218795,30036.154120281844,960
2025-04-27 06:21:00+00:00,30037.2432454948,30046.950628487866,30023.386664308462,30037.522223697924,810
2025-04-27 06:26:00+00:00,30037.896254918232,30054.796289474874,30021.168792188964,30038.381116104207,921
2025-04-27 06:31:00+00:00,30039.575692810067,30045.69227738745,30028.114462745903,30038.5833360353,730
2025-04-27 06:36:00+00:00,30039.27116617247,30058.285745177975,30030.540215507088,30037.475091976765,991
2025-04-27 06:41:00+00:00,30040.27334458606,30053.936320690605,30021.220056885544,30040.940301419403,512
2025-04-27 06:46:00+00:00,30039.703396508834,30050.802694785187,30026.280072823723,30040.120403621462,292
2025-04-27 06:51:00+00:00,30040.02425741063,30041.377901112857,30039.1433673401,30036.991377543578,986
2025-04-27 06:56:00+00:00,30039.815931620793,30048.590840689896,30024.48165819156,30040.289534388736,689
2025-04-27 07:01:00+00:00,30040.821895910554,30041.829799660787,30030.609964846954,30041.371452465817,965
2025-04-27 07:06:00+00:00,30040.54766980989,30043.06990928314,30031.996837263654,30041.826470992728,552
2025-04-27 07:11:00+00:00,30039.31688003095,30044.931087846257,30022.75406734537,30038.883068629468,854
2025-04-27 07:16:00+00:00,30039.436068742616,30053.60363375475,30024.831277329096,30040.571929953425,222
2025-04-27 07:21:00+00:00,30038.030190044505,30041.830857048048,30035.94955572309,30036.24135276412,521
2025-04-27 07:26:00+00:00,30040.001305728394,30057.20619508233,30032.951309598076,30040.93662915504,848
2025-04-27 07:31:00+00:00,30039.29712214747,30043.12889873548,30026.276850804254,30039.133451268855,581
2025-04-27 07:36:00+00:00,30040.254149190958,30050.34955281515,30037.44612287569,30040.94746987132,400
2025-04-27 07:41:00+00:00,30039.770612139604,30049.482396265386,30034.648256968932,30039.180537315584,838
2025-04-27 07:46:00+00:00,30038.25216188534,30041.489781301,30028.0434957077,30038.994930691108,588
2025-04-27 07:51:00+00:00,30037.53757494075,30052.103237735962,30019.408007116202,30036.817893137388,690
2025-04-27 07:56:00+00:00,30036.721856344357,30043.369707953643,30023.169526360296,30037.087590982086,231
2025-04-27 08:01:00+00:00,30036.392449626037,30055.088810554458,30025.553910256524,30035.686074067275,826
2025-04-27 08:06:00+00:00,30033.92964836528,30048.428950382207,30022.483272927642,30033.588179708837,710
2025-04-27 08:11:00+00:00,30031.536519581274,30038.361915670313,30014.146104185085,30031.76562270936,102
2025-04-27 08:16:00+00:00,30031.15560172791,30046.052335593628,30013.204391047308,30032.457792996207,142
2025-04-27 08:21:00+00:00,30030.959828712734,30050.0633691815,30017.877955554497,30031.408418430605,774
2025-04-27 08:26:00+00:00,30032.120909166424,30050.660197963494,30023.559653784625,30029.941715947334,909
2025-04-27 08:31:00+00:00,30030.720904406553,30034.073961123806,30020.650977605783,30031.094749472213,276
2025-04-27 08:36:00+00:00,30031.666488712617,30043.872387773015,30026.561960735577,30031.355186606368,882
2025-04-27 08:41:00+00:00,30033.056928956015,30051.10868342272,30032.199150725006,30032.794310801462,713
2025-04-27 08:46:00+00:00,30031.872783823623,30050.608673020684,30015.17639612994,30031.81195309919,892
2025-04-27 08:51:00+00:00,30033.278165447613,30052.055488049216,30029.72126777075,30033.58742292998,938
2025-04-27 08:56:00+00:00,30034.00309608445,30048.650337022744,30024.73069101895,30033.017310367584,858
2025-04-27 09:01:00+00:00,30034.632216987913,30052.081310436934,30033.526002613355,30033.513470028935,579
2025-04-27 09:06:00+00:00,30035.582204910374,30044.920082819885,30021.010839577957,30036.78132738415,884
2025-04-27 09:11:00+00:00,30035.29934585138,30041.422690308344,30021.05108556586,30036.37564122843,310
2025-04-27 09:16:00+00:00,30035.9935122156,30042.57127242642,30030.067025722372,30036.277951318734,188
2025-04-27 09:21:00+00:00,30036.778763110342,30038.694455049193,30028.805349177062,30036.58225396075,701
2025-04-27 09:26:00+00:00,30036.00572633542,30046.856772352927,30026.251145175163,30036.81191818768,113
2025-04-27 09:31:00+00:00,30035.180808706038,30035.90900697593,30021.862747428637,30036.20648698732,860
2025-04-27 09:36:00+00:00,30034.413713499205,30052.562993799686,30019.191637585354,30035.359681613907,291
2025-04-27 09:41:00+00:00,30033.787336513717,30044.94324708613,30019.09730632959,30033.02323521669,216
2025-04-27 09:46:00+00:00,30034.837325025226,30038.047493289745,30025.862975641885,30033.216139184966,680
2025-04-27 09:51:00+00:00,30034.419416642235,30049.61751357438,30026.49887074889,30034.931189122683,464
2025-04-27 09:56:00+00:00,30035.412407595675,30046.87360884251,30032.35334917495,30035.223619256958,284
2025-04-27 10:01:00+00:00,30035.263922536553,30037.285302421664,30023.71355955079,30036.10293840553,965
2025-04-27 10:06:00+00:00,30037.325583039143,30046.460307662037,30033.482290418833,30037.53319624169,833
2025-04-27 10:11:00+00:00,30036.723053861784,30036.868532346594,30032.34693925551,30037.171209439017,627
2025-04-27 10:16:00+00:00,30036.66722375606,30048.29766246543,30035.299899635214,30036.670002331488,362
2025-04-27 10:21:00+00:00,30035.33979523614,30044.690567659025,30022.322145077596,30035.87472656732,697
2025-04-27 10:26:00+00:00,30035.169918452513,30042.210132667675,30022.13584504514,30035.324779699535,877
2025-04-27 10:31:00+00:00,30037.296236718656,30054.58222792213,30027.984347578564,30038.302565813734,888
2025-04-27 10:36:00+00:00,30036.017980762557,30039.436719865935,30028.656034219246,30034.911998462576,206
2025-04-27 10:41:00+00:00,30036.537681611848,30054.25896786193,30023.97262861581,30037.850152410225,550
2025-04-27 10:46:00+00:00,30036.732402434398,30037.03692351762,30032.50981290669,30036.064975677822,970
2025-04-27 10:51:00+00:00,30037.785965314823,30047.58201337506,30025.603229910656,30037.670248986222,501
2025-04-27 10:56:00+00:00,30038.471530683506,30054.9892878247,30036.3007871519,30038.464656095006,647
2025-04-27 11:01:00+00:00,30040.429766577523,30046.06427817206,30030.788328192328,30040.319812828817,936
2025-04-27 11:06:00+00:00,30039.764033074196,30059.141636574303,30033.65905583061,30039.90888161755,510
2025-04-27 11:11:00+00:00,30039.599115112134,30046.78069989358,30027.961244734124,30037.566268457893,669
2025-04-27 11:16:00+00:00,30038.484782505224,30039.063542236214,30020.357212127437,30037.811401842297,714
2025-04-27 11:21:00+00:00,30038.989441622594,30046.81990985721,30023.28509339827,30040.29481567636,421
2025-04-27 11:26:00+00:00,30039.16267130369,30043.65389998877,30029.177905089517,30038.20051686388,455
2025-04-27 11:31:00+00:00,30039.300417718023,30048.21005490662,30021.68911343163,30040.88239303199,332
2025-04-27 11:36:00+00:00,30039.167906121573,30055.49626095934,30024.087483154624,30039.664595696056,646
2025-04-27 11:41:00+00:00,30039.144193369917,30053.869837612983,30024.234233908475,30039.986305926992,995
2025-04-27 11:46:00+00:00,30039.56106545803,30056.36958136152,30029.129382080027,30039.004200596104,354
2025-04-27 11:51:00+00:00,30039.120288251645,30054.630938958082,30036.57334248087,30038.807596508683,732
2025-04-27 11:56:00+00:00,30038.95308474136,30045.995719221035,30035.867639822536,30038.77361709531,636
2025-04-27 12:01:00+00:00,30038.17988311791,30056.55838615183,30035.258753410133,30037.836965753242,815
2025-04-27 12:06:00+00:00,30037.175261586573,30047.44730043572,30028.834994544228,30037.409267346506,573
2025-04-27 12:11:00+00:00,30038.72217150578,30051.41225226246,30031.31563894619,30038.125968290155,655
2025-04-27 12:16:00+00:00,30038.102405234917,30040.366067356958,30035.62899414995,30038.769740906122,365
2025-04-27 12:21:00+00:00,30037.613694396823,30054.538435122442,30021.398259941412,30039.38074466545,956
2025-04-27 12:26:00+00:00,30037.54400273417,30053.108057664078,30026.51687692606,30037.295993007603,597
2025-04-27 12:31:00+00:00,30039.073862516885,30058.545419815182,30034.092094651412,30041.670579107624,612
2025-04-27 12:36:00+00:00,30039.33440480427,30040.88290658686,30029.498958872788,30040.972642148867,752
2025-04-27 12:41:00+00:00,30039.962334895445,30049.18244410148,30033.602770865167,30038.58270183631,198
2025-04-27 12:46:00+00:00,30041.505439402725,30058.846076442598,30031.303738945007,30041.707572271804,565
2025-04-27 12:51:00+00:00,30040.551801526035,30057.524169451895,30027.342863404676,30038.93371720279,329
2025-04-27 12:56:00+00:00,30041.849652841007,30059.68943809308,30022.431997316453,30042.15990771778,671
2025-04-27 13:01:00+00:00,30041.091565215214,30048.057861469075,30033.587719804993,30039.86952802139,111
2025-04-27 13:06:00+00:00,30042.4531645775,30044.81512949809,30027.081594126812,30040.281204198003,136
2025-04-27 13:11:00+00:00,30041.161223809333,30043.663573866128,30028.39807698731,30042.204427917455,677
2025-04-27 13:16:00+00:00,30041.611628172956,30056.99478488025,30041.237894413556,30043.389143572236,107
2025-04-27 13:21:00+00:00,30042.216904566263,30058.107299187046,30029.392516803884,30041.59537566384,248
2025-04-27 13:26:00+00:00,30042.64004264499,30060.015762822444,30038.146490638093,30042.83216769144,648
2025-04-27 13:31:00+00:00,30042.495862494936,30053.425642142454,30041.48061753419,30042.102610232705,217
2025-04-27 13:36:00+00:00,30043.422368250394,30053.391268256295,30030.078105540993,30043.53552672937,485
2025-04-27 13:41:00+00:00,30043.260182966427,30051.903113147753,30033.862826160374,30042.794076518272,212
2025-04-27 13:46:00+00:00,30043.810634413236,30047.034245588835,30025.151575813692,30042.400174254704,571
2025-04-27 13:51:00+00:00,30044.375814854113,30045.17726016909,30029.428077703302,30046.005613250523,939
2025-04-27 13:56:00+00:00,30043.580308015382,30057.028708801547,30037.926309430502,30044.116568853733,873
2025-04-27 14:01:00+00:00,30045.57615428006,30056.51419415495,30028.847428745146,30046.035389544282,548
2025-04-27 14:06:00+00:00,30046.853522049827,30058.80601478922,30044.019947256336,30046.177292357923,179
2025-04-27 14:11:00+00:00,30045.505173503432,30061.499171405787,30035.653586900207,30046.418251163188,736
2025-04-27 14:16:00+00:00,30044.768251861784,30049.92999439719,30035.10003429508,30045.37503511941,855
2025-04-27 14:21:00+00:00,30044.412394076502,30061.881099676233,30037.148897490468,30044.730241122867,243
2025-04-27 14:26:00+00:00,30045.651369491767,30055.863486628503,30031.04899699399,30047.36488497964,224
2025-04-27 14:31:00+00:00,30044.859713407248,30062.654604794494,30043.524136611042,30046.334059701898,128
2025-04-27 14:36:00+00:00,30044.59252948789,30058.370553968794,30037.78780942213,30044.614798696097,108
2025-04-27 14:41:00+00:00,30043.279932194764,30060.46569440477,30032.7047737246,30043.938968833074,600
2025-04-27 14:46:00+00:00,30041.17926208642,30058.511314129915,30036.01164258566,30039.185852192244,260
2025-04-27 14:51:00+00:00,30040.21104306225,30056.250048775186,30034.30297670625,30039.489412276103,829
2025-04-27 14:56:00+00:00,30037.870692394532,30044.31016711847,30037.255925193294,30035.678881846863,968
2025-04-27 15:01:00+00:00,30039.27113193153,30043.642448689177,30021.420073803543,30039.82278327409,400
2025-04-27 15:06:00+00:00,30039.55732814944,30044.919103336262,30037.490990688624,30040.044943192966,380
2025-04-27 15:11:00+00:00,30040.893885160713,30053.23609111338,30021.34800717238,30040.19579377135,524
2025-04-27 15:16:00+00:00,30041.295379223626,30051.902302417082,30037.45522919562,30042.614653815042,973
2025-04-27 15:21:00+00:00,30039.8225717843,30043.359507069727,30025.27790260949,30040.28470801502,815
2025-04-27 15:26:00+00:00,30039.423147223486,30058.72080182906,30022.24984366236,30039.791382390817,946
2025-04-27 15:31:00+00:00,30037.949462106033,30041.298612003167,30023.20701873929,30038.025879688277,197
2025-04-27 15:36:00+00:00,30037.401804899957,30043.42051652958,30028.114455672283,30036.014131348453,484
2025-04-27 15:41:00+00:00,30038.840039348263,30049.477750894694,30034.934274996987,30040.18899622135,782
2025-04-27 15:46:00+00:00,30038.534845655537,30054.814452941424,30028.76061370127,30038.190888153684,831
2025-04-27 15:51:00+00:00,30039.543487739284,30059.06044296587,30027.989948422965,30039.304441727207,467
2025-04-27 15:56:00+00:00,30039.162457881037,30055.215526813907,30026.981695331076,30040.088219366768,641
2025-04-27 16:01:00+00:00,30038.765991697343,30053.543035575338,30032.42060292401,30038.074322824843,694
2025-04-27 16:06:00+00:00,30039.07300493335,30046.48838626438,30022.677715516784,30039.871143026474,906
2025-04-27 16:11:00+00:00,30039.40566330387,30044.572590716336,30036.581885796142,30041.078564167885,239
2025-04-27 16:16:00+00:00,30038.83843553421,30055.651241890686,30036.140539139273,30039.474221369357,289
2025-04-27 16:21:00+00:00,30039.378900761552,30049.769230643607,30020.071760563922,30038.555018970234,608
2025-04-27 16:26:00+00:00,30039.073845612016,30056.33924426003,30035.776285938773,30041.18542716903,192
2025-04-27 16:31:00+00:00,30038.916373708,30057.387784127313,30028.142215569307,30039.110680256174,675
2025-04-27 16:36:00+00:00,30040.808556907374,30046.270794999647,30033.449802911135,30039.103500509358,132
2025-04-27 16:41:00+00:00,30042.612473947916,30060.172184724517,30036.105527452582,30044.263216541545,747
2025-04-27 16:46:00+00:00,30042.9864406829,30054.317629387915,30023.024802527914,30042.141762162566,595
2025-04-27 16:51:00+00:00,30042.431122069258,30059.36525706593,30029.45937279285,30041.78098938776,210
2025-04-27 16:56:00+00:00,30041.929259584995,30049.481223402137,30025.322311368305,30041.582073440575,286
2025-04-27 17:01:00+00:00,30040.8663828283,30059.201706658896,30023.246022217012,30041.244864759774,333
2025-04-27 17:06:00+00:00,30042.09708423929,30048.64974206548,30041.59613168805,30042.031124019795,451
2025-04-27 17:11:00+00:00,30040.255807763635,30043.064443832238,30020.651669945957,30040.564419549726,644
2025-04-27 17:16:00+00:00,30040.38511549263,30041.402044972056,30032.80361883465,30039.895478049828,981
2025-04-27 17:21:00+00:00,30040.555865477872,30053.56650675031,30023.236722939142,30041.830006976168,238
2025-04-27 17:26:00+00:00,30039.65326874402,30054.459746585286,30037.57850255987,30037.951213324788,843
2025-04-27 17:31:00+00:00,30038.89084798984,30043.316288611466,30020.11345899605,30038.572849927023,613
2025-04-27 17:36:00+00:00,30038.845987989178,30041.47650444958,30037.083028428082,30039.596167019292,265
2025-04-27 17:41:00+00:00,30038.709646062438,30048.982035793906,30022.40178710526,30038.25960763119,489
2025-04-27 17:46:00+00:00,30039.324877394018,30049.61878754249,30037.198319601033,30039.675170445124,418
2025-04-27 17:51:00+00:00,30039.17024883929,30054.31080753985,30032.943127440154,30040.96795983828,648
2025-04-27 17:56:00+00:00,30037.915660674327,30043.36455382447,30033.398766030845,30038.029431208495,568
2025-04-27 18:01:00+00:00,30037.81450595632,30053.90782164935,30033.90153227838,30038.988335178845,167
2025-04-27 18:06:00+00:00,30037.827877036525,30043.047039598758,30035.63996341967,30040.48286005554,369
2025-04-27 18:11:00+00:00,30039.303362351722,30054.645686815547,30035.44649104449,30039.57293078837,845
2025-04-27 18:16:00+00:00,30039.584896761626,30052.42733180157,30020.94012484472,30038.642556300605,771
2025-04-27 18:21:00+00:00,30039.68205451516,30052.090772272066,30023.069814043498,30040.325108009278,901
2025-04-27 18:26:00+00:00,30039.894860138607,30055.73169227376,30022.96280271753,30039.364327030482,838
2025-04-27 18:31:00+00:00,30039.050679435917,30056.40467534316,30021.38817559635,30041.614977570283,375
2025-04-27 18:36:00+00:00,30037.98821369559,30039.5129683054,30028.606184002892,30036.386790716755,706
2025-04-27 18:41:00+00:00,30039.378751519114,30058.325033701865,30029.95677014384,30040.099029490953,346
2025-04-27 18:46:00+00:00,30038.043619868695,30045.21356534241,30021.63695486213,30038.29198279738,878
2025-04-27 18:51:00+00:00,30037.74845745577,30046.698949960493,30034.28350234873,30037.605901963423,976
2025-04-27 18:56:00+00:00,30037.41847220077,30040.740901081183,30024.492022162372,30036.78035055468,265
2025-04-27 19:01:00+00:00,30038.359496581794,30040.818695027945,30034.27634101228,30037.723818593717,605
2025-04-27 19:06:00+00:00,30036.14789107112,30051.936905727638,30025.65228262066,30035.03943630815,721
2025-04-27 19:11:00+00:00,30037.046162961175,30051.06013658349,30030.802149281906,30035.814679956984,587
2025-04-27 19:16:00+00:00,30037.438454122297,30049.007806494585,30024.7702115806,30038.32287506091,306
2025-04-27 19:21:00+00:00,30038.893142128774,30054.77091869443,30038.754317785402,30037.97742022062,416
2025-04-27 19:26:00+00:00,30039.503882260382,30055.53623809336,30037.00238702734,30039.256568646808,897
2025-04-27 19:31:00+00:00,30040.594897920902,30056.03626237926,30026.641215416297,30041.243548615897,747
2025-04-27 19:36:00+00:00,30042.214901355237,30055.461227419837,30037.23807404216,30043.426455894773,389
2025-04-27 19:41:00+00:00,30041.38153648577,30052.90068997172,30023.833504345967,30041.864467518815,994
2025-04-27 19:46:00+00:00,30040.893169100505,30060.26776543356,30026.9230859821,30041.06409007829,559
2025-04-27 19:51:00+00:00,30040.363272312294,30040.886127508347,30020.931436843748,30038.103374516264,200
2025-04-27 19:56:00+00:00,30040.326569457513,30059.689708051534,30022.628712623995,30041.57887041059,270
2025-04-27 20:01:00+00:00,30040.129533359024,30046.87530579838,30029.068095363546,30039.90305025303,721
2025-04-27 20:06:00+00:00,30038.924035409644,30051.178828461245,30032.566808305353,30041.293710176957,976
2025-04-27 20:11:00+00:00,30039.03748639705,30043.11017232763,30020.548877412795,30038.72872159056,364
2025-04-27 20:16:00+00:00,30039.09415495411,30050.938041653735,30023.139175861088,30039.441850507385,548
2025-04-27 20:21:00+00:00,30039.203023325354,30055.036496132965,30020.902562978532,30038.900061123208,245
2025-04-27 20:26:00+00:00,30038.9072725693,30057.61435858425,30034.983337816335,30038.704110713537,193
2025-04-27 20:31:00+00:00,30037.338944927007,30042.281720131603,30025.076916612714,30036.09408595783,560
2025-04-27 20:36:00+00:00,30038.419154813397,30054.12021131712,30031.72206380232,30037.582269204057,699
2025-04-27 20:41:00+00:00,30040.205552014995,30053.57248394263,30024.995582587977,30040.709569204068,934
2025-04-27 20:46:00+00:00,30041.909840580673,30058.23180009896,30040.280653519807,30042.435024661776,150
2025-04-27 20:51:00+00:00,30042.099730692593,30047.42481387095,30030.7046980482,30040.33776820991,286
2025-04-27 20:56:00+00:00,30043.175326330078,30061.376119011173,30038.05452320382,30042.80262838568,863
2025-04-27 21:01:00+00:00,30043.326192017117,30054.295137922803,30042.135962192187,30042.50688859781,827
2025-04-27 21:06:00+00:00,30042.545132168678,30051.142295538888,30038.926896655375,30044.37525070702,281
2025-04-27 21:11:00+00:00,30042.358389728473,30055.129577313546,30038.581221724406,30042.82500683172,712
2025-04-27 21:16:00+00:00,30041.366041028738,30048.820605569366,30033.135792559526,30041.65211586724,753
2025-04-27 21:21:00+00:00,30040.53493458998,30050.616937551607,30029.27608703484,30041.626374478597,440
2025-04-27 21:26:00+00:00,30040.239092493575,30045.330990077375,30021.357122354042,30040.5215850746,526
2025-04-27 21:31:00+00:00,30038.98814384834,30053.71434206163,30020.604307136848,30039.398990173315,812
2025-04-27 21:36:00+00:00,30038.547702314678,30040.766554539452,30038.135224451522,30039.029834607336,880
2025-04-27 21:41:00+00:00,30040.409413326306,30043.89669543216,30022.82494743953,30039.60380074316,634
2025-04-27 21:46:00+00:00,30039.286555212304,30039.42450730479,30029.84303260813,30038.463657764565,246
2025-04-27 21:51:00+00:00,30038.41573008577,30045.25927400185,30026.88553895967,30038.916467410396,323
2025-04-27 21:56:00+00:00,30037.136223078214,30049.598287620232,30018.57507833015,30036.99274660952,642
2025-04-27 22:01:00+00:00,30036.362025859682,30049.313426813565,30018.033649292385,30035.771787106547,137
2025-04-27 22:06:00+00:00,30036.77668022075,30040.75040434143,30022.197180586918,30035.29645207555,479
2025-04-27 22:11:00+00:00,30036.581568583722,30048.561248938753,30023.941348606677,30037.478241227956,326
2025-04-27 22:16:00+00:00,30037.135808058716,30040.381702612227,30026.810999645662,30037.606098869463,630
2025-04-27 22:21:00+00:00,30037.918294334035,30045.480458723072,30022.83344701341,30038.17986643432,497
2025-04-27 22:26:00+00:00,30036.59689565369,30044.875240562367,30032.87614346191,30037.70560781145,327
2025-04-27 22:31:00+00:00,30036.62292752995,30039.605320120674,30034.253872284866,30035.40944675082,167
2025-04-27 22:36:00+00:00,30036.636861979972,30051.2099230045,30023.295355530412,30036.47890107139,606
2025-04-27 22:41:00+00:00,30036.17427643319,30047.26290368969,30032.61326661022,30036.853706568992,229
2025-04-27 22:46:00+00:00,30036.627456563157,30056.372274749134,30027.487309662592,30037.941343921593,919
2025-04-27 22:51:00+00:00,30036.54535366816,30051.413455402915,30023.172413100154,30034.769550869336,142
2025-04-27 22:56:00+00:00,30037.13694855715,30038.423122281973,30031.641646124557,30037.718427888125,230
2025-04-27 23:01:00+00:00,30035.61517835963,30046.319414333622,30026.66447318003,30035.864174778897,320
2025-04-27 23:06:00+00:00,30033.996363986415,30052.635653737114,30021.221188570664,30035.729503118917,332
2025-04-27 23:11:00+00:00,30033.359814011255,30034.678092749145,30033.29637277825,30032.646995388437,321
2025-04-27 23:16:00+00:00,30033.65396127816,30038.477726039277,30014.0011600547,30033.59558642402,223
2025-04-27 23:21:00+00:00,30034.02145739872,30035.222511235745,30015.53194186096,30033.879761805136,575
2025-04-27 23:26:00+00:00,30034.037642009513,30041.38830825001,30020.798072448775,30033.572040764695,882
2025-04-27 23:31:00+00:00,30035.094554185016,30052.10358906333,30035.069627731682,30033.92461140961,563
2025-04-27 23:36:00+00:00,30036.6772342785,30045.963128691892,30019.77312638416,30036.20864990078,463
2025-04-27 23:41:00+00:00,30036.650985403467,30044.945075040985,30022.666321284352,30037.962503166305,256
2025-04-27 23:46:00+00:00,30036.026610643232,30055.59226980769,30025.98315640035,30035.58321085877,765
2025-04-27 23:51:00+00:00,30037.769631107036,30050.268277784977,30034.663471663647,30036.749409150998,701
2025-04-27 23:56:00+00:00,30038.155354646733,30049.36136437569,30026.688424779768,30038.15698374932,914
2025-04-28 00:01:00+00:00,30037.415491288266,30040.838071085116,30022.44516250032,30038.90321259499,182
2025-04-28 00:06:00+00:00,30036.643615921246,30054.923889604943,30027.378261138416,30036.438992400843,794
2025-04-28 00:11:00+00:00,30035.734787414294,30044.6555762476,30029.976395500584,30035.778701381096,520
2025-04-28 00:16:00+00:00,30037.199222142444,30051.274001042595,30019.100740430655,30037.750948164605,298
2025-04-28 00:21:00+00:00,30038.161893352626,30045.993204083785,30034.933540505543,30039.2781050259,379
2025-04-28 00:26:00+00:00,30038.29257085405,30041.92730813655,30024.283432760454,30037.272798316426,926
2025-04-28 00:31:00+00:00,30039.87291612216,30052.538321860862,30022.447621278952,30037.95699557491,671
2025-04-28 00:36:00+00:00,30040.77305109289,30055.3233486127,30026.965843047867,30041.85351635514,483
2025-04-28 00:41:00+00:00,30040.492598620032,30046.13695571926,30038.951822670286,30040.641426190283,530
2025-04-28 00:46:00+00:00,30041.67231733042,30046.98507593894,30038.1315520114,30042.24150970291,754
2025-04-28 00:51:00+00:00,30042.415030597786,30058.491755708925,30026.430671885988,30040.633987515634,505
2025-04-28 00:56:00+00:00,30044.144165648202,30060.978106793948,30030.52261871164,30043.47970389283,308
2025-04-28 01:01:00+00:00,30044.858325748606,30048.381612298785,30038.384121552495,30047.430581266995,590
2025-04-28 01:06:00+00:00,30044.21136722478,30062.112654805675,30037.9925505276,30043.319633792387,206
2025-04-28 01:11:00+00:00,30044.829888585096,30063.02971440776,30038.83389541114,30044.225511286346,917
2025-04-28 01:16:00+00:00,30043.351861291132,30049.147124058116,30026.83661416904,30043.96375142371,575
2025-04-28 01:21:00+00:00,30043.601367551357,30059.56931818534,30026.303183953623,30044.737595771287,379
2025-04-28 01:26:00+00:00,30044.97617496571,30052.53989102097,30028.12747241292,30046.11947257236,432
2025-04-28 01:31:00+00:00,30045.401029038443,30053.19094114631,30044.413632453583,30046.035007710452,642
2025-04-28 01:36:00+00:00,30045.005656772304,30063.00443383343,30040.263018380323,30044.56686483049,147
2025-04-28 01:41:00+00:00,30045.78438877125,30055.378276754745,30029.463745685298,30045.232300563257,205
2025-04-28 01:46:00+00:00,30046.40712309503,30048.588324923894,30036.196164520858,30046.54740015587,507
2025-04-28 01:51:00+00:00,30046.330843887645,30047.28947965278,30043.578879848013,30045.331508022504,668
2025-04-28 01:56:00+00:00,30045.525763072383,30053.929895783964,30041.118309575544,30047.00829012509,495
2025-04-28 02:01:00+00:00,30046.23585343025,30056.639572267693,30031.093965542845,30046.020007575207,473
2025-04-28 02:06:00+00:00,30046.0619775859,30050.50287349711,30033.64579606267,30045.033212196726,179
2025-04-28 02:11:00+00:00,30045.674839169762,30048.878117084067,30032.334019552356,30045.144129400174,121
2025-04-28 02:16:00+00:00,30045.385351834862,30051.182834318064,30034.761971406715,30045.318805423667,666
2025-04-28 02:21:00+00:00,30046.441592186748,30057.772764377587,30041.89474534173,30044.809728401226,766
2025-04-28 02:26:00+00:00,30045.878141323185,30063.837384136703,30044.114607774765,30046.165201759355,796
2025-04-28 02:31:00+00:00,30045.69502399901,30056.345818855876,30040.179207968555,30045.80838531887,410
2025-04-28 02:36:00+00:00,30045.001356042074,30045.99412861663,30042.470209219908,30045.073919520437,225
2025-04-28 02:41:00+00:00,30045.789255750373,30056.260571466188,30043.096175484738,30044.287669243156,603
2025-04-28 02:46:00+00:00,30045.591527348035,30046.014451935407,30044.556096091943,30045.728125864844,701
2025-04-28 02:51:00+00:00,30043.221626277424,30046.239708496054,30031.541489179708,30043.660726001133,644
2025-04-28 02:56:00+00:00,30044.12468045583,30054.78101211772,30031.650722296854,30044.78181595117,783
2025-04-28 03:01:00+00:00,30043.340891010062,30050.44006521536,30037.523113920968,30044.33105969194,527
2025-04-28 03:06:00+00:00,30042.027396904017,30051.163145825376,30041.872845923328,30041.50448411626,246
2025-04-28 03:11:00+00:00,30043.188823073862,30051.980773545085,30028.044000725793,30043.841472378295,779
2025-04-28 03:16:00+00:00,30042.317435741053,30044.623683701822,30031.253976880373,30042.859161965273,488
2025-04-28 03:21:00+00:00,30040.697079093334,30045.922732262323,30023.10263307531,30040.22461934341,460
2025-04-28 03:26:00+00:00,30040.238915125425,30054.695163710803,30026.83077359563,30039.294359360254,906
2025-04-28 03:31:00+00:00,30039.36588557853,30052.30744609027,30037.144787830206,30041.01009514702,895
2025-04-28 03:36:00+00:00,30038.617712860472,30049.834429007027,30032.021285123978,30038.372378158427,578
2025-04-28 03:41:00+00:00,30038.3378958241,30041.70582601906,30037.905816893683,30038.637254292804,714
2025-04-28 03:46:00+00:00,30038.45244187401,30040.56360559071,30037.715280003427,30039.32444133181,876
2025-04-28 03:51:00+00:00,30036.940330100082,30040.99677698897,30026.847424746786,30038.477597086327,973
2025-04-28 03:56:00+00:00,30037.878672450413,30042.87769473061,30037.68257492562,30036.097344725342,329
2025-04-28 04:01:00+00:00,30039.562930978434,30052.362450578414,30031.13898032213,30040.592847016826,650
2025-04-28 04:06:00+00:00,30039.375982240643,30039.902218195683,30026.110599953525,30041.57207833311,329
2025-04-28 04:11:00+00:00,30038.754793088992,30057.934421329657,30038.74739109881,30038.034334192416,480
2025-04-28 04:16:00+00:00,30039.323468952643,30053.41416687605,30029.624301109292,30039.28067055158,745
2025-04-28 04:21:00+00:00,30039.575500539177,30050.37501610429,30030.260989853334,30039.43835246955,779
2025-04-28 04:26:00+00:00,30039.79234683398,30052.581028863708,30037.110406319614,30041.066428257112,177
2025-04-28 04:31:00+00:00,30038.839011246284,30057.458078867647,30032.750060913,30040.2360226358,513
2025-04-28 04:36:00+00:00,30039.189402043703,30040.532349012334,30033.102383807218,30038.945027656762,324
2025-04-28 04:41:00+00:00,30038.790260794118,30042.190434680513,30038.164848964643,30038.700669083024,404
2025-04-28 04:46:00+00:00,30037.489626108658,30049.585095863793,30023.57085902354,30037.751590003758,546
2025-04-28 04:51:00+00:00,30038.17529762035,30039.310804366778,30019.122616995985,30037.68207679679,667
2025-04-28 04:56:00+00:00,30038.155997900103,30048.183150757108,30022.47110436257,30039.022996078133,519
2025-04-28 05:01:00+00:00,30037.156147312533,30052.409495299,30018.261746906323,30037.052044225788,364
2025-04-28 05:06:00+00:00,30036.974330792505,30039.36637700965,30025.388890376154,30037.875004314155,599
2025-04-28 05:11:00+00:00,30035.348178597804,30044.401726696375,30017.657394140537,30034.373658586745,284
2025-04-28 05:16:00+00:00,30033.752498566984,30034.194445237696,30014.284253604917,30034.445691378114,297
2025-04-28 05:21:00+00:00,30033.307973602907,30047.30668082598,30032.879474662943,30032.765968955224,619
2025-04-28 05:26:00+00:00,30033.890744235458,30039.77896067658,30014.99716090508,30034.323995971066,220
2025-04-28 05:31:00+00:00,30033.65570727914,30035.839915559947,30016.2642544102,30033.236121047394,328
2025-04-28 05:36:00+00:00,30033.47911437553,30049.16629777604,30019.029811717002,30034.459334110783,397
2025-04-28 05:41:00+00:00,30035.61213587443,30042.574848957905,30030.553964851202,30035.612925017344,192
2025-04-28 05:46:00+00:00,30035.858586930426,30042.249997314448,30033.034905150213,30034.64322381497,177
2025-04-28 05:51:00+00:00,30034.650425296226,30053.031162938165,30021.648201614902,30035.884058587017,661
2025-04-28 05:56:00+00:00,30034.879475919344,30044.163128604472,30023.773168113825,30035.125988839034,425
2025-04-28 06:01:00+00:00,30036.75933548192,30046.186472222245,30021.843323425197,30037.923684498084,429
2025-04-28 06:06:00+00:00,30035.731412156,30040.9751000415,30033.424549346484,30035.025544001986,359
2025-04-28 06:11:00+00:00,30035.575634888075,30049.751410991415,30031.708895274332,30033.73871562903,719
2025-04-28 06:16:00+00:00,30035.97509106225,30046.036184552486,30029.833004474604,30036.414712223377,943
2025-04-28 06:21:00+00:00,30034.84063897779,30053.90693997874,30031.887334769603,30032.681871292178,331
2025-04-28 06:26:00+00:00,30034.79368538266,30042.43148298325,30020.304550548826,30034.563253146633,604
2025-04-28 06:31:00+00:00,30033.986500467265,30044.105180515824,30022.281112064964,30034.26259625342,793
2025-04-28 06:36:00+00:00,30034.85611991597,30052.396129602497,30021.046612221715,30035.168945347275,105
2025-04-28 06:41:00+00:00,30035.200962774135,30045.628800817445,30028.546795436607,30034.892311886255,398
2025-04-28 06:46:00+00:00,30035.754545576467,30045.78951655257,30024.081770455065,30036.407835374277,216
2025-04-28 06:51:00+00:00,30036.743838953753,30050.663649535734,30026.800636105298,30036.867046275882,533
2025-04-28 06:56:00+00:00,30036.89025076447,30042.044011077603,30034.030629680434,30037.445226853106,362
2025-04-28 07:01:00+00:00,30037.40569452233,30055.579537054404,30024.157588539627,30037.876893394772,544
2025-04-28 07:06:00+00:00,30037.937983802156,30045.217166604096,30018.943706026526,30038.485550719914,449
2025-04-28 07:11:00+00:00,30037.65338668122,30044.557180113523,30029.8839921157,30038.302214097206,819
2025-04-28 07:16:00+00:00,30037.395796861303,30057.098448419438,30034.9197813888,30038.758638884166,741
2025-04-28 07:21:00+00:00,30038.638123605317,30049.534439065774,30020.506201574484,30039.415597991643,320
2025-04-28 07:26:00+00:00,30035.932174672806,30045.800448271177,30034.04135917704,30036.78601367381,813
2025-04-28 07:31:00+00:00,30036.657220063735,30047.160293319368,30031.405450306745,30036.746383458376,750
2025-04-28 07:36:00+00:00,30038.272479574298,30046.536297557966,30023.271809786034,30037.128881176002,755
2025-04-28 07:41:00+00:00,30039.49963040174,30047.851235187147,30030.223930029246,30038.64411023152,947
2025-04-28 07:46:00+00:00,30039.275008625787,30043.038645260243,30023.598257979753,30037.997201892213,704
2025-04-28 07:51:00+00:00,30039.072484300206,30040.970031743203,30029.951799551753,30039.535119310087,109
2025-04-28 07:56:00+00:00,30037.911713335372,30051.566158266392,30020.764419115723,30039.598021510097,116
2025-04-28 08:01:00+00:00,30035.90846151094,30048.17885752884,30035.33446753789,30036.21589138201,263
2025-04-28 08:06:00+00:00,30036.588110141958,30051.01883705727,30029.42906637488,30035.203606610372,851
2025-04-28 08:11:00+00:00,30035.510781993842,30043.24600347509,30021.976072446305,30035.519750129766,325
2025-04-28 08:16:00+00:00,30034.691010205403,30045.554563958805,30025.543386734207,30036.41213187341,711
2025-04-28 08:21:00+00:00,30033.5793472193,30038.024570608915,30014.133228861898,30033.983591581975,500
2025-04-28 08:26:00+00:00,30033.97227189618,30047.16488401325,30023.438325960098,30033.43202838571,962
2025-04-28 08:31:00+00:00,30034.284040925562,30044.14886781047,30027.08835944975,30034.511572928943,239
2025-04-28 08:36:00+00:00,30034.999995335715,30051.867322748625,30021.402035024625,30035.141588157316,215
2025-04-28 08:41:00+00:00,30034.066289684128,30050.285274807997,30022.89234601662,30036.64843689715,729
2025-04-28 08:46:00+00:00,30033.33242769839,30039.58304886231,30027.985652292406,30035.32865041951,442
2025-04-28 08:51:00+00:00,30033.222908335643,30043.39617381201,30025.330473995833,30032.855652505346,897
2025-04-28 08:56:00+00:00,30032.494054567887,30039.51808179089,30026.267312087755,30032.08753277244,498
2025-04-28 09:01:00+00:00,30031.255737484244,30040.54525960141,30018.271769446696,30031.913914633886,928
2025-04-28 09:06:00+00:00,30029.947249268585,30047.763786025742,30019.159381401823,30030.07210528063,254
2025-04-28 09:11:00+00:00,30030.66226618851,30045.078034856568,30012.256221520318,30029.933025601167,563
2025-04-28 09:16:00+00:00,30032.8498214621,30038.201039606956,30031.085429282826,30033.331409023052,136
2025-04-28 09:21:00+00:00,30033.150341091325,30047.837085311767,30026.510309885296,30033.8425391261,251
2025-04-28 09:26:00+00:00,30033.6427259316,30050.46160410199,30030.99022060824,30034.403891208945,998
2025-04-28 09:31:00+00:00,30034.05441616998,30040.38722897783,30026.91571771674,30035.432339389405,361
2025-04-28 09:36:00+00:00,30034.710135072834,30043.887067884167,30032.77860135003,30034.601414359433,963
2025-04-28 09:41:00+00:00,30033.635504316386,30052.72818091944,30017.904557890448,30034.02391093748,577
2025-04-28 09:46:00+00:00,30032.4855368243,30044.31890590949,30022.17595447714,30031.791592170026,378
2025-04-28 09:51:00+00:00,30031.913403598344,30047.2026397003,30029.307381696497,30031.758703932162,922
2025-04-28 09:56:00+00:00,30031.334841105625,30050.209472846123,30020.836174759137,30030.917390114897,297
2025-04-28 10:01:00+00:00,30031.085510994188,30039.38951733479,30019.53871111186,30030.013060050307,502
2025-04-28 10:06:00+00:00,30030.04810292221,30035.812580095993,30012.866527346647,30030.266385337305,312
2025-04-28 10:11:00+00:00,30029.70930743046,30046.32856597009,30027.143798789777,30030.184836688328,148
2025-04-28 10:16:00+00:00,30030.84258972514,30050.331303227424,30030.82273457696,30030.547609393634,282
2025-04-28 10:21:00+00:00,30029.67865198834,30038.210682454497,30013.266010280455,30028.36207617908,749
2025-04-28 10:26:00+00:00,30030.86167029667,30040.61125677971,30023.193444212266,30029.803100706507,491
2025-04-28 10:31:00+00:00,30032.288248365792,30034.75603974598,30013.778920895955,30031.774663288357,931
2025-04-28 10:36:00+00:00,30032.777297956825,30045.821306134443,30020.293637010996,30033.48922485858,202
2025-04-28 10:41:00+00:00,30030.87656790404,30037.538014308284,30017.54646388273,30031.341775619745,141
2025-04-28 10:46:00+00:00,30033.208164565942,30052.918269282618,30023.385048589662,30033.039119548976,138
2025-04-28 10:51:00+00:00,30031.84489320422,30048.60949507737,30014.490835425528,30032.06240741416,202
2025-04-28 10:56:00+00:00,30034.130081084266,30034.21443755322,30030.123858250972,30033.504081908402,437
2025-04-28 11:01:00+00:00,30033.199088304325,30051.191425427012,30030.63590604334,30032.15708908108,670
2025-04-28 11:06:00+00:00,30033.72541218799,30049.714776376866,30014.440527659473,30032.878608654304,900
2025-04-28 11:11:00+00:00,30034.946359900718,30044.51590807662,30025.710933814607,30035.031736788565,868
2025-04-28 11:16:00+00:00,30033.02989424463,30046.160619338712,30018.830405412373,30032.82872070311,874
2025-04-28 11:21:00+00:00,30033.45922576549,30049.24962842261,30017.952924449983,30033.64337735915,473
2025-04-28 11:26:00+00:00,30034.90189985933,30035.07331015719,30016.854727258346,30033.701388496247,802
2025-04-28 11:31:00+00:00,30035.67854520624,30038.39954221595,30027.839175075853,30036.569347143282,842
2025-04-28 11:36:00+00:00,30035.53100837076,30051.251914190507,30016.293472403297,30035.65874490148,775
2025-04-28 11:41:00+00:00,30035.240161255133,30039.262780592257,30016.355998642106,30035.447208767742,305
2025-04-28 11:46:00+00:00,30035.295707984526,30046.392966102092,30020.404821499094,30036.81030525349,302
2025-04-28 11:51:00+00:00,30034.166418884906,30052.782016672547,30015.39929754594,30033.864156872125,883
2025-04-28 11:56:00+00:00,30033.62994353008,30048.52830045976,30033.5119417461,30033.316669156677,251
2025-04-28 12:01:00+00:00,30035.137904933352,30044.63898984129,30028.668080812404,30035.824508239297,829
2025-04-28 12:06:00+00:00,30036.1108849728,30038.557083594897,30016.385689033916,30037.762759252775,418
2025-04-28 12:11:00+00:00,30035.96876363055,30036.136335619492,30017.363457039384,30035.73331123358,344
2025-04-28 12:16:00+00:00,30034.782115089514,30052.981306917824,30027.920146007746,30033.715665296495,915
2025-04-28 12:21:00+00:00,30035.71792914048,30049.31410489057,30022.9827162095,30035.28288910383,267
2025-04-28 12:26:00+00:00,30036.939811600154,30042.790279020173,30022.85703367291,30037.979923976647,125
2025-04-28 12:31:00+00:00,30037.938233302997,30043.363963340293,30037.38660883267,30038.082889445748,497
2025-04-28 12:36:00+00:00,30036.56149952447,30042.993701496864,30018.244020188424,30037.069032451873,840
2025-04-28 12:41:00+00:00,30035.78335059682,30042.43556656082,30034.06354030724,30036.15741983762,417
2025-04-28 12:46:00+00:00,30035.490928811887,30055.00464772911,30020.153679574032,30035.510509008724,918
2025-04-28 12:51:00+00:00,30034.693078399465,30041.994598669862,30031.858198174396,30033.533811833186,296
2025-04-28 12:56:00+00:00,30035.547567131478,30048.512624485844,30018.826440175177,30036.149837943733,316
2025-04-28 13:01:00+00:00,30035.046101670672,30046.836819625274,30020.64762376012,30033.87654124694,593
2025-04-28 13:06:00+00:00,30035.018599516166,30048.529571411502,30017.80603993402,30035.165904928173,903
2025-04-28 13:11:00+00:00,30034.076355281304,30035.314683802517,30022.80914926963,30032.362738955493,309
2025-04-28 13:16:00+00:00,30034.181331923086,30048.715140024768,30024.944112582223,30033.265528587937,718
2025-04-28 13:21:00+00:00,30035.415396929136,30051.429145664002,30027.424567164428,30036.842999323348,610
2025-04-28 13:26:00+00:00,30034.47801458597,30036.96219016556,30023.262474028536,30035.95771138028,886
2025-04-28 13:31:00+00:00,30035.522548634577,30038.54009169026,30027.89333895237,30036.36708136093,405
2025-04-28 13:36:00+00:00,30035.925565306163,30036.251916936686,30029.14163688304,30035.933330360447,298
2025-04-28 13:41:00+00:00,30035.635452153594,30046.978365545987,30034.427631093728,30035.093916339745,256
2025-04-28 13:46:00+00:00,30035.04104074886,30050.731631844767,30026.818319020193,30035.84262822388,531
2025-04-28 13:51:00+00:00,30035.404611431335,30045.00721201997,30031.969242314997,30035.381236599318,115
2025-04-28 13:56:00+00:00,30036.04132784509,30043.69651196336,30021.730700169075,30034.83864768653,946
2025-04-28 14:01:00+00:00,30037.698285975235,30040.038832315986,30024.425911110065,30038.543343258556,122
2025-04-28 14:06:00+00:00,30038.452261623792,30054.653385190188,30032.995508055177,30037.704911722656,858
2025-04-28 14:11:00+00:00,30038.567147845697,30040.72152874025,30033.434320407003,30036.336106058905,670
2025-04-28 14:16:00+00:00,30039.4867850199,30059.11214516743,30019.715267333726,30040.058483655455,147
2025-04-28 14:21:00+00:00,30039.260025108695,30052.738531807598,30025.95793524887,30038.939408731516,623
2025-04-28 14:26:00+00:00,30038.56691973223,30048.90401903648,30028.315643302078,30037.573792829317,656
2025-04-28 14:31:00+00:00,30040.038900944663,30059.007409043297,30039.686745307372,30040.658214419487,575
2025-04-28 14:36:00+00:00,30041.642103530183,30061.311192793088,30022.47252769245,30042.134650627842,410
2025-04-28 14:41:00+00:00,30039.81626964505,30054.02806592099,30022.62327635897,30039.78681921578,765
2025-04-28 14:46:00+00:00,30039.056894930778,30040.38699610248,30035.224904886512,30039.099007898832,682
2025-04-28 14:51:00+00:00,30037.929464850356,30053.086433651577,30020.83666982295,30038.57727732921,802
2025-04-28 14:56:00+00:00,30037.143023694924,30040.304900259685,30026.24915465764,30036.7040918946,158
2025-04-28 15:01:00+00:00,30037.508288648096,30048.52960912957,30035.71302977197,30035.403129101778,386
2025-04-28 15:06:00+00:00,30037.2813633586,30038.27485464518,30019.69256572842,30036.426713643064,134
2025-04-28 15:11:00+00:00,30036.042554267013,30050.608624990393,30027.42878646274,30037.12311816459,935
2025-04-28 15:16:00+00:00,30036.821622252653,30055.468531981605,30027.304795387467,30035.188594866304,537
2025-04-28 15:21:00+00:00,30037.16535673765,30043.884884834097,30020.17770065439,30036.970460083478,504
2025-04-28 15:26:00+00:00,30037.872564277408,30045.847712279345,30020.53291664116,30038.27345093532,334
2025-04-28 15:31:00+00:00,30038.934786371956,30058.066285876208,30026.79664504965,30038.872956944873,242
2025-04-28 15:36:00+00:00,30037.844866104588,30046.30453811222,30019.14188142341,30037.000608673578,155
2025-04-28 15:41:00+00:00,30038.265553766247,30048.142524950596,30028.146304719994,30039.540132263493,735
2025-04-28 15:46:00+00:00,30036.962378165266,30056.64037019985,30023.534865888974,30036.435795889996,339
2025-04-28 15:51:00+00:00,30037.510937038514,30051.604681470395,30035.680122451846,30037.518138530275,855
2025-04-28 15:56:00+00:00,30038.45865279684,30048.615888606335,30022.12370160429,30037.46257410596,990
2025-04-28 16:01:00+00:00,30038.180074708605,30041.16721566407,30035.45620667388,30037.02131583486,950
2025-04-28 16:06:00+00:00,30037.89814467479,30053.833144517957,30022.270452940516,30037.185117020694,688
2025-04-28 16:11:00+00:00,30038.95591865922,30039.82460681045,30027.277311733953,30039.06440901624,560
2025-04-28 16:16:00+00:00,30040.106517093016,30042.841924261164,30031.781342334943,30040.780106656475,135
2025-04-28 16:21:00+00:00,30041.421366953302,30057.688251010815,30037.673327619876,30041.03425768664,792
2025-04-28 16:26:00+00:00,30042.596523446595,30051.381838368743,30030.870122716282,30043.47935985771,866
2025-04-28 16:31:00+00:00,30041.219948210703,30053.596183204052,30038.11336272153,30040.119333861225,147
2025-04-28 16:36:00+00:00,30041.273185564492,30046.035379926798,30027.0518189276,30040.300669301338,465
2025-04-28 16:41:00+00:00,30041.70334500143,30051.519737034647,30029.844224847544,30041.86591998597,617
2025-04-28 16:46:00+00:00,30041.207752734896,30047.0024615712,30029.50819942004,30039.651697143505,771
2025-04-28 16:51:00+00:00,30040.498751198236,30052.34487686885,30039.963119633136,30040.77063853515,294
2025-04-28 16:56:00+00:00,30039.866325437968,30055.493189073408,30025.955040749355,30040.941092575347,871
2025-04-28 17:01:00+00:00,30038.709868723574,30049.265489750465,30018.725527908784,30038.20674683607,804
2025-04-28 17:06:00+00:00,30038.415479171763,30049.75668602622,30027.260889603815,30040.091456721446,992
2025-04-28 17:11:00+00:00,30037.058044157257,30056.66454673698,30017.47659477953,30038.59878756971,812
2025-04-28 17:16:00+00:00,30037.235231293707,30043.027102309297,30020.25740269666,30037.76875616897,238
2025-04-28 17:21:00+00:00,30038.036523809817,30041.239922935238,30023.118660569893,30038.271263207087,930
2025-04-28 17:26:00+00:00,30039.209227916937,30041.87853793251,30034.18799723553,30037.015570643955,324
2025-04-28 17:31:00+00:00,30039.50705982876,30056.892718765233,30030.655108400784,30039.31433677923,289
2025-04-28 17:36:00+00:00,30040.45229935375,30042.703561835322,30029.337641109774,30041.97729274044,641
2025-04-28 17:41:00+00:00,30038.86354922682,30051.67274361865,30037.065043990162,30037.296411591233,618
2025-04-28 17:46:00+00:00,30040.8749407858,30056.281653458627,30029.307571437872,30039.804474135428,338
2025-04-28 17:51:00+00:00,30040.737806522495,30048.75086046102,30033.935424750965,30041.637374029364,664
2025-04-28 17:56:00+00:00,30043.459926791573,30057.105743425913,30037.784312133732,30044.333849352523,379
2025-04-28 18:01:00+00:00,30045.03064793903,30049.355333276642,30041.484095784825,30044.702343574885,408
2025-04-28 18:06:00+00:00,30045.070398701337,30049.403911377238,30035.471521061565,30044.757112452484,347
2025-04-28 18:11:00+00:00,30045.857607115697,30062.046557501526,30033.604481719773,30047.02270493447,395
2025-04-28 18:16:00+00:00,30045.003794068012,30053.05446298343,30039.750044015647,30044.523078806542,840
2025-04-28 18:21:00+00:00,30044.2555055711,30051.23763763878,30038.951630567717,30044.86609996066,157
2025-04-28 18:26:00+00:00,30043.644578901258,30051.447913161945,30024.480973847905,30042.294217241328,559
2025-04-28 18:31:00+00:00,30043.200065309684,30055.3468102443,30042.90363030063,30042.126251775888,901
2025-04-28 18:36:00+00:00,30044.86541663096,30048.93814336795,30033.99893707426,30043.63439419411,189
2025-04-28 18:41:00+00:00,30044.891212292303,30049.21140694667,30037.901609094115,30043.724183652106,440
2025-04-28 18:46:00+00:00,30045.070205482236,30045.88419916722,30035.217768005656,30043.784280171607,662
2025-04-28 18:51:00+00:00,30046.174975777736,30056.705371398093,30043.783827541847,30044.668667134214,693
2025-04-28 18:56:00+00:00,30045.569576069534,30053.37174640001,30030.704190547367,30046.27085695044,626
2025-04-28 19:01:00+00:00,30046.538873611793,30052.58717159122,30031.045559929644,30046.90539018916,758
2025-04-28 19:06:00+00:00,30045.163687745917,30046.01176458642,30038.213123291254,30046.49171190672,395
2025-04-28 19:11:00+00:00,30046.49645705961,30055.598853443822,30032.021661962593,30046.801912278755,574
2025-04-28 19:16:00+00:00,30046.043086734004,30058.86392365717,30033.030912033923,30045.895590086468,637
2025-04-28 19:21:00+00:00,30045.328851772647,30056.077121086575,30042.041292043752,30046.48727039853,338
2025-04-28 19:26:00+00:00,30045.76126607323,30058.518810449248,30038.415498115086,30045.374436630525,432
2025-04-28 19:31:00+00:00,30044.70753429993,30048.702478954616,30033.573169805713,30044.098362848115,291
2025-04-28 19:36:00+00:00,30043.58771389949,30048.36758072787,30025.505954690027,30043.14731904962,200
2025-04-28 19:41:00+00:00,30043.26587059061,30059.184746405605,30036.726855675075,30042.610047842532,160
2025-04-28 19:46:00+00:00,30043.791379519433,30057.442595214525,30042.00036075539,30044.10927628457,242
2025-04-28 19:51:00+00:00,30044.25616823903,30048.849224572474,30035.50026023109,30043.522194167945,721
2025-04-28 19:56:00+00:00,30044.48769935328,30056.043528960217,30038.457075866987,30045.524884552517,467
2025-04-28 20:01:00+00:00,30044.113256899465,30060.499838324078,30024.210903683645,30044.288273734197,130
2025-04-28 20:06:00+00:00,30045.044408416037,30047.873449311628,30042.71674080639,30044.22478717682,191
2025-04-28 20:11:00+00:00,30044.605890400017,30050.548575523608,30025.444511627837,30044.855892936244,143
2025-04-28 20:16:00+00:00,30046.747803616097,30062.774177077215,30036.70242325974,30046.103684503516,875
2025-04-28 20:21:00+00:00,30045.941124239074,30061.67559155966,30039.790928057297,30044.62755962822,843
2025-04-28 20:26:00+00:00,30045.92020677714,30053.777769464832,30026.581836970232,30045.203493950678,880
2025-04-28 20:31:00+00:00,30044.88714219991,30050.174660229244,30044.27026063705,30045.03815470982,947
2025-04-28 20:36:00+00:00,30046.903060539404,30056.87149607778,30039.263534529553,30048.406623061368,254
2025-04-28 20:41:00+00:00,30046.31152719618,30058.873359612302,30034.085622629937,30047.857774317352,366
2025-04-28 20:46:00+00:00,30046.3625383073,30050.93832032698,30036.00123739224,30048.86242091684,524
2025-04-28 20:51:00+00:00,30047.574236855868,30055.585387783747,30032.73878108016,30047.538366231263,898
2025-04-28 20:56:00+00:00,30046.611135761843,30060.629321860306,30039.1672770991,30045.918031707275,592
2025-04-28 21:01:00+00:00,30046.63008989345,30055.112902722925,30030.04666159277,30047.727281290634,667
2025-04-28 21:06:00+00:00,30048.49716724466,30056.613154176484,30044.826845327847,30048.9508636825,675
2025-04-28 21:11:00+00:00,30047.095399639606,30059.001859894775,30034.91433778118,30047.797996324836,170
2025-04-28 21:16:00+00:00,30047.497831187695,30050.100766548876,30044.1045025853,30047.810068809933,434
2025-04-28 21:21:00+00:00,30048.610366061628,30058.318962535563,30033.71255271113,30048.357468390488,663
2025-04-28 21:26:00+00:00,30049.975840160158,30056.768902027146,30045.091783132553,30049.381820116338,618
2025-04-28 21:31:00+00:00,30048.3275605468,30063.10511090449,30047.0329041817,30048.36523578144,413
2025-04-28 21:36:00+00:00,30048.19430089717,30053.10876251161,30032.753181377106,30048.27075753513,594
2025-04-28 21:41:00+00:00,30049.01831082588,30061.319265598144,30036.98434046056,30049.122730216015,838
2025-04-28 21:46:00+00:00,30049.42387632223,30061.163757829378,30045.680651135408,30050.11352618708,664
2025-04-28 21:51:00+00:00,30048.945146287933,30052.22136980541,30035.929278484655,30048.23966445517,202
2025-04-28 21:56:00+00:00,30048.822751188203,30060.670855417826,30034.39413611102,30047.955446638887,183
2025-04-28 22:01:00+00:00,30047.51582281691,30063.4475836234,30037.762152071246,30046.854159001192,766
2025-04-28 22:06:00+00:00,30048.256722291182,30060.856408355008,30041.707562442814,30047.236914251454,982
2025-04-28 22:11:00+00:00,30049.490726935685,30052.36497458292,30038.444600296887,30049.134804574358,829
2025-04-28 22:16:00+00:00,30049.220515667377,30050.343017071667,30031.228156649144,30049.410608224447,694
2025-04-28 22:21:00+00:00,30048.925688920957,30060.252637371676,30032.718154863433,30048.38298512983,898
2025-04-28 22:26:00+00:00,30047.475066482322,30053.373988463263,30039.68729307482,30048.699288816166,715
2025-04-28 22:31:00+00:00,30048.275595733758,30059.779100250715,30037.776902520152,30049.0582929013,911
2025-04-28 22:36:00+00:00,30047.63500827184,30048.242286205044,30032.424962242298,30047.288180811254,183
2025-04-28 22:41:00+00:00,30047.47554664836,30059.934600064174,30047.3742629603,30047.08637275891,236
2025-04-28 22:46:00+00:00,30047.426330273294,30059.6645236956,30033.84610184022,30047.242160274887,577
2025-04-28 22:51:00+00:00,30048.908842236615,30053.135923746842,30048.43433443888,30048.80521287635,681
2025-04-28 22:56:00+00:00,30051.394572710215,30062.753019554326,30036.716831002585,30051.98650293297,291
2025-04-28 23:01:00+00:00,30051.321580847456,30066.419037400956,30044.86870873741,30050.891474362626,365
2025-04-28 23:06:00+00:00,30052.451814688055,30053.054609741277,30037.4217285724,30052.043511453074,822
2025-04-28 23:11:00+00:00,30052.86466928821,30060.452056099086,30039.357914283308,30053.114131755898,888
2025-04-28 23:16:00+00:00,30051.52384846466,30061.77696530077,30036.40608545242,30051.312691405154,842
2025-04-28 23:21:00+00:00,30051.062022442195,30054.482380270125,30042.564548923034,30050.851772554877,611
2025-04-28 23:26:00+00:00,30050.4200197551,30068.23586564346,30030.88652667311,30051.698365788678,551
2025-04-28 23:31:00+00:00,30051.556853314105,30053.514664286504,30033.39801739119,30051.640644925414,421
2025-04-28 23:36:00+00:00,30050.785462676347,30064.592749545234,30046.614887835607,30050.654448165864,124
2025-04-28 23:41:00+00:00,30051.93216774709,30067.838437998216,30042.54961348674,30054.202111097402,370
2025-04-28 23:46:00+00:00,30051.4508739951,30067.895301485416,30037.173557761947,30052.17445831649,773
2025-04-28 23:51:00+00:00,30052.23219445794,30066.37838170656,30050.628345551784,30052.80935455102,245
2025-04-28 23:56:00+00:00,30051.825843412324,30063.990850266982,30036.47819181095,30051.49749182339,709
2025-04-29 00:01:00+00:00,30050.837506840428,30066.585237170504,30036.951295864015,30050.159510609938,265
2025-04-29 00:06:00+00:00,30050.506801307285,30057.538144948037,30035.488814175143,30050.34759752091,329
2025-04-29 00:11:00+00:00,30050.606798540157,30063.330115060846,30048.759077266608,30051.35729888903,793
2025-04-29 00:16:00+00:00,30049.594761379343,30055.383862500974,30041.04872908609,30049.693665255305,204
2025-04-29 00:21:00+00:00,30049.047544139852,30068.976070045155,30033.176823736074,30048.04777051592,389
2025-04-29 00:26:00+00:00,30050.13584478172,30059.631423728155,30035.666536551733,30047.80502904885,482
2025-04-29 00:31:00+00:00,30048.584746752756,30059.191772639282,30038.21243173642,30046.91162925101,624
2025-04-29 00:36:00+00:00,30048.677065032683,30060.10846516597,30047.82752916765,30047.86566636871,307
2025-04-29 00:41:00+00:00,30049.921491101348,30061.28103465154,30041.433863714403,30050.66668285089,896
2025-04-29 00:46:00+00:00,30050.367087298204,30061.51288355205,30031.296698446124,30048.75082008286,743
2025-04-29 00:51:00+00:00,30050.357465742007,30063.712965497507,30032.97362918077,30050.926513965864,261
2025-04-29 00:56:00+00:00,30051.34028287271,30059.67543297837,30043.251999080723,30055.187335925904,684
2025-04-29 01:01:00+00:00,30051.139490263005,30058.42730192061,30048.591394364274,30050.421376802326,457
2025-04-29 01:06:00+00:00,30051.55710960095,30065.914408568413,30038.02745735863,30049.91495668696,492
2025-04-29 01:11:00+00:00,30052.85119339072,30068.279805783033,30041.094982768427,30054.06246750648,380
2025-04-29 01:16:00+00:00,30052.47318477353,30071.772785790723,30046.06683904648,30054.474143627147,159
2025-04-29 01:21:00+00:00,30051.271054294866,30051.83282504259,30042.628521647188,30051.33110774468,765
2025-04-29 01:26:00+00:00,30049.35202526188,30057.63181627801,30038.386237786905,30050.36741383557,828
2025-04-29 01:31:00+00:00,30048.818643731916,30061.630425598458,30037.345159849083,30047.630145458337,180
2025-04-29 01:36:00+00:00,30046.799682331934,30054.45461346716,30042.98784323294,30045.422965295154,415
2025-04-29 01:41:00+00:00,30046.109020056865,30064.40076309087,30031.582915424573,30045.37537129119,788
2025-04-29 01:46:00+00:00,30047.019926287332,30062.92012259365,30034.548243906524,30045.8445351615,720
2025-04-29 01:51:00+00:00,30047.414334932317,30061.058381945157,30045.939387782713,30045.11172625729,238
2025-04-29 01:56:00+00:00,30047.979536835617,30048.591951462553,30047.140179258018,30048.215651336643,713
2025-04-29 02:01:00+00:00,30047.208744685868,30062.504254431162,30033.891942090217,30048.267669976914,747
2025-04-29 02:06:00+00:00,30048.518611954663,30050.11774420604,30041.336237674393,30049.44220511936,933
2025-04-29 02:11:00+00:00,30047.98495829071,30057.404594197935,30030.706015632048,30047.675366465784,772
2025-04-29 02:16:00+00:00,30047.906347672197,30066.608809093774,30036.780520362667,30048.19812268036,464
2025-04-29 02:21:00+00:00,30044.99410992015,30049.86828296109,30036.40525450864,30046.948992833597,723
2025-04-29 02:26:00+00:00,30044.791109752732,30060.400437232005,30026.320709768635,30045.74623857951,363
2025-04-29 02:31:00+00:00,30045.178192742183,30064.277787887586,30042.51486395284,30045.451113113704,601
2025-04-29 02:36:00+00:00,30044.88793231544,30048.078918833326,30035.47461955642,30044.678576866252,895
2025-04-29 02:41:00+00:00,30045.126016838418,30061.01919456809,30043.521593904876,30042.195559244356,141
2025-04-29 02:46:00+00:00,30045.276460287827,30049.557123459028,30038.39232344647,30047.259687263628,265
2025-04-29 02:51:00+00:00,30044.844207714148,30046.717267156586,30036.896640943007,30043.844497334,456
2025-04-29 02:56:00+00:00,30043.070284121754,30048.30468765522,30035.099798683692,30043.483584012654,892
2025-04-29 03:01:00+00:00,30043.21656879559,30059.313535007754,30038.069426416598,30042.565166046956,343
2025-04-29 03:06:00+00:00,30041.853071194128,30061.48027089652,30025.962377404852,30040.507443176048,502
2025-04-29 03:11:00+00:00,30041.641845137852,30043.510749997145,30035.163612379274,30040.72099870464,881
2025-04-29 03:16:00+00:00,30040.4413205534,30046.55964720045,30025.941610535498,30041.44630721685,581
2025-04-29 03:21:00+00:00,30041.27212837923,30053.916862317044,30029.3854500437,30042.837015418827,270
2025-04-29 03:26:00+00:00,30040.136436844226,30051.689047691052,30020.228398395837,30042.2713730173,934
2025-04-29 03:31:00+00:00,30041.892154907044,30059.289237036704,30038.558864630893,30041.437997614663,776
2025-04-29 03:36:00+00:00,30042.676693111152,30057.8361065078,30027.23534165207,30044.36175745313,642
2025-04-29 03:41:00+00:00,30042.584317436944,30048.538298031664,30030.806446583425,30044.528475094834,345
2025-04-29 03:46:00+00:00,30041.79875632914,30043.73864805571,30022.69307502129,30039.87352224698,472
2025-04-29 03:51:00+00:00,30039.136846831094,30040.98261441711,30033.847513170607,30039.71611948655,588
2025-04-29 03:56:00+00:00,30039.966819798392,30040.36446181209,30035.301110052336,30039.801968825614,157
2025-04-29 04:01:00+00:00,30039.123362226008,30041.29596936545,30028.764135350342,30038.546348922442,948
2025-04-29 04:06:00+00:00,30039.276200653483,30049.13157853711,30029.95865772437,30040.349318098404,310
2025-04-29 04:11:00+00:00,30040.11515681002,30046.68421057759,30020.28873111889,30039.266285590744,980
2025-04-29 04:16:00+00:00,30040.159644295985,30049.922825194517,30027.96464392615,30038.684920772692,105
2025-04-29 04:21:00+00:00,30040.56682454215,30060.007114105465,30031.775135647396,30037.019762446365,870
2025-04-29 04:26:00+00:00,30040.56510411039,30048.833674134446,30026.817389000884,30038.658225533432,417
2025-04-29 04:31:00+00:00,30040.343548580444,30056.410293341756,30021.99367018334,30040.59951962662,735
2025-04-29 04:36:00+00:00,30040.214375767173,30056.73513442832,30022.47441651443,30042.008482145153,522
2025-04-29 04:41:00+00:00,30041.35848452797,30051.202246049976,30031.69005297457,30041.346959061266,718
2025-04-29 04:46:00+00:00,30039.914074184395,30047.09952173932,30023.281759449594,30041.502320461546,775
2025-04-29 04:51:00+00:00,30039.510871731753,30042.422715699184,30038.179147091458,30040.212396387833,988
2025-04-29 04:56:00+00:00,30040.313912221158,30044.093004428385,30023.62200591788,30040.50048640472,117
2025-04-29 05:01:00+00:00,30039.921977169186,30059.774252346862,30035.883164283085,30040.109446855025,683
2025-04-29 05:06:00+00:00,30038.155977610928,30057.049880696446,30020.071723028093,30036.335891426505,425
2025-04-29 05:11:00+00:00,30036.93411508192,30040.595791811997,30018.334324002328,30036.523232194442,266
2025-04-29 05:16:00+00:00,30038.209479605106,30048.302737335383,30034.3859061672,30038.18035172787,614
2025-04-29 05:21:00+00:00,30038.77181926043,30047.294716852408,30024.303530404206,30037.742670270207,247
2025-04-29 05:26:00+00:00,30038.555816255222,30042.50464614095,30021.3387416559,30039.228836073227,740
2025-04-29 05:31:00+00:00,30036.71382196851,30056.30494842922,30027.865851429844,30036.929044999066,742
2025-04-29 05:36:00+00:00,30037.255929620394,30045.93252619147,30017.772793115837,30037.14793962312,951
2025-04-29 05:41:00+00:00,30035.97607989757,30053.697671190464,30017.48205280749,30034.909181636496,784
2025-04-29 05:46:00+00:00,30037.34899072245,30038.941983662087,30037.08770821574,30036.644950979047,452
2025-04-29 05:51:00+00:00,30037.171287881116,30046.39975809818,30024.069855154183,30035.127417667125,383
2025-04-29 05:56:00+00:00,30038.08690431311,30053.046647837178,30024.755209557083,30038.365663388024,698
2025-04-29 06:01:00+00:00,30037.667598271673,30047.875084842693,30034.05113595922,30038.439228283354,198
2025-04-29 06:06:00+00:00,30038.170870802485,30051.46434514737,30034.494408044524,30037.125060045895,307
2025-04-29 06:11:00+00:00,30038.05476428524,30051.537635414847,30019.986716282383,30038.246693324465,384
2025-04-29 06:16:00+00:00,30037.58637812786,30053.331318899298,30023.072644642052,30035.3785937155,764
2025-04-29 06:21:00+00:00,30038.641799495566,30048.599390093754,30023.403400682935,30036.916654456825,488
2025-04-29 06:26:00+00:00,30040.315117262213,30043.211980384833,30022.472807428352,30040.69932781668,984
2025-04-29 06:31:00+00:00,30040.45492796258,30041.629307560357,30039.72132408511,30040.677809397905,381
2025-04-29 06:36:00+00:00,30039.707920924775,30058.266021490963,30032.830589243094,30038.785026694924,841
2025-04-29 06:41:00+00:00,30038.135297348403,30041.92303229118,30037.897657777405,30039.785920641483,882
2025-04-29 06:46:00+00:00,30036.06226178834,30037.898064414683,30018.927185125143,30035.33916105567,844
2025-04-29 06:51:00+00:00,30037.010624568757,30046.43817884007,30031.52423030989,30038.11086168979,245
2025-04-29 06:56:00+00:00,30036.6254718331,30038.977282513606,30025.254313391913,30036.713262794605,699
2025-04-29 07:01:00+00:00,30037.02581473719,30040.984866095852,30020.180931514897,30038.43742257306,860
2025-04-29 07:06:00+00:00,30037.50123839763,30048.583073771963,30023.776973239306,30036.892001790857,361
2025-04-29 07:11:00+00:00,30037.66210799472,30043.11222707326,30022.672248776984,30036.908586122026,147
2025-04-29 07:16:00+00:00,30038.71501346061,30048.666729725122,30034.2543274295,30039.062270316866,495
2025-04-29 07:21:00+00:00,30039.17159496786,30040.304265833896,30033.00207382598,30038.488181711833,678
2025-04-29 07:26:00+00:00,30040.487368587954,30040.489671723688,30029.269323571134,30040.3725014207,787
2025-04-29 07:31:00+00:00,30041.155850937666,30060.052933506693,30024.24093027539,30041.90148669726,637
2025-04-29 07:36:00+00:00,30041.285290065312,30043.633223008117,30035.383606718406,30041.39103011149,904
2025-04-29 07:41:00+00:00,30041.350432109943,30052.550053467763,30039.401827284913,30040.83574503544,568
2025-04-29 07:46:00+00:00,30041.269439591582,30049.645936967274,30021.57901374439,30041.100879711874,563
2025-04-29 07:51:00+00:00,30040.735019447395,30052.605986495837,30022.681006175717,30039.888318722675,563
2025-04-29 07:56:00+00:00,30040.91381627053,30045.330645010457,30038.239710155238,30039.201041445103,467
2025-04-29 08:01:00+00:00,30040.25575269993,30057.174817334206,30025.414890441007,30040.346071214153,442
2025-04-29 08:06:00+00:00,30041.44430010907,30059.46457707344,30029.40500906237,30043.312769873144,485
2025-04-29 08:11:00+00:00,30042.402293974556,30056.470446556417,30022.91932478993,30041.767338388967,513
2025-04-29 08:16:00+00:00,30041.0955781273,30046.94615737144,30023.624220567202,30041.85590024249,297
2025-04-29 08:21:00+00:00,30040.96544906124,30058.43165727175,30030.483711089695,30041.70847196875,810
2025-04-29 08:26:00+00:00,30040.603570026782,30059.437144174666,30039.920381433883,30040.886515734146,724
2025-04-29 08:31:00+00:00,30042.1856090313,30050.717393756713,30041.11520204487,30042.447884853893,956
2025-04-29 08:36:00+00:00,30042.03317500692,30053.578101041283,30027.34030784066,30041.52392696863,230
2025-04-29 08:41:00+00:00,30043.238950349827,30055.727981991622,30031.950865146748,30042.651465152623,852
2025-04-29 08:46:00+00:00,30043.259651252476,30060.030832344186,30026.897856037423,30044.462420151052,639
2025-04-29 08:51:00+00:00,30043.736065813802,30052.54376022653,30035.159197274497,30043.468154792194,360
2025-04-29 08:56:00+00:00,30044.12843366013,30060.552235830346,30033.787852835572,30043.28618797755,867
2025-04-29 09:01:00+00:00,30044.886116804013,30061.298836337057,30031.591378998986,30043.83784134774,622
2025-04-29 09:06:00+00:00,30046.62155935171,30064.83378373577,30031.143009339157,30045.167652010205,104
2025-04-29 09:11:00+00:00,30046.710679051226,30054.045334172355,30029.479674094076,30048.804938085097,224
2025-04-29 09:16:00+00:00,30047.126390748574,30059.679706886596,30027.25470402229,30048.363471196142,423
2025-04-29 09:21:00+00:00,30048.03353091391,30050.03466038965,30031.150421481827,30047.578739736826,861
2025-04-29 09:26:00+00:00,30047.752172823286,30049.422106762755,30039.0687311454,30048.15056743366,549
2025-04-29 09:31:00+00:00,30046.17250089425,30055.03952846258,30042.745577082253,30044.534419691525,816
2025-04-29 09:36:00+00:00,30045.00647387594,30049.638669286647,30029.239423235955,30043.5808016112,821
2025-04-29 09:41:00+00:00,30044.218186933846,30061.19760525305,30028.222214581776,30043.628069545004,998
2025-04-29 09:46:00+00:00,30044.232893309134,30055.244315619002,30033.840408676962,30044.389464029267,495
2025-04-29 09:51:00+00:00,30043.511559292125,30046.658456616948,30032.677370327296,30043.137332728755,609
2025-04-29 09:56:00+00:00,30043.803670619236,30047.052461327065,30032.107587239025,30043.473816002348,417
2025-04-29 10:01:00+00:00,30044.302816440795,30059.07516028089,30025.557445715236,30045.65095724652,920
2025-04-29 10:06:00+00:00,30044.718712108996,30044.937249138675,30036.21085511265,30045.204598192555,220
2025-04-29 10:11:00+00:00,30045.196906753634,30059.444203282797,30025.88212811002,30045.312515621714,772
2025-04-29 10:16:00+00:00,30043.835998762068,30050.967208719198,30032.381164299328,30043.581557137466,495
2025-04-29 10:21:00+00:00,30045.078925241218,30051.62928362892,30043.851796022627,30042.538950892696,577
2025-04-29 10:26:00+00:00,30044.81026628332,30061.63655279781,30025.470028325115,30045.241755254698,775
2025-04-29 10:31:00+00:00,30044.303320215047,30060.75234956219,30032.149360818163,30044.367246230955,257
2025-04-29 10:36:00+00:00,30044.02485003566,30055.736819134043,30037.108251895494,30043.749931953575,131
2025-04-29 10:41:00+00:00,30044.458977854847,30051.696829512457,30041.472197877803,30042.29154794091,285
2025-04-29 10:46:00+00:00,30045.100135107503,30050.315889099063,30044.667916468436,30044.340802640185,921
2025-04-29 10:51:00+00:00,30045.538255017516,30046.825380752787,30041.36256490547,30045.917770028587,493
2025-04-29 10:56:00+00:00,30046.719620728596,30050.044399612838,30035.796955342306,30046.467721845853,782
2025-04-29 11:01:00+00:00,30046.768538587265,30056.253434580336,30043.519262982612,30046.826814182394,685
2025-04-29 11:06:00+00:00,30048.052014667945,30050.55205681689,30039.63045001732,30049.297949263102,655
2025-04-29 11:11:00+00:00,30048.36420645133,30056.4768906313,30039.830473826718,30048.417600116525,148
2025-04-29 11:16:00+00:00,30048.57792421749,30065.71576337026,30042.525069006653,30048.942293375872,595
2025-04-29 11:21:00+00:00,30048.82111125131,30059.702525849418,30029.247417692182,30046.61554565531,260
2025-04-29 11:26:00+00:00,30049.2086036503,30067.798700068797,30029.744807522944,30049.76157101773,365
2025-04-29 11:31:00+00:00,30049.187415046712,30052.97865562597,30036.968617005685,30048.35735257679,741
2025-04-29 11:36:00+00:00,30048.32761183572,30048.719972648843,30034.07663767473,30048.771572359856,805
2025-04-29 11:41:00+00:00,30049.065134105327,30050.19682422413,30036.890852083165,30049.58182835489,977
2025-04-29 11:46:00+00:00,30049.955296280477,30068.50084057568,30033.675866479156,30051.206597099776,989
2025-04-29 11:51:00+00:00,30049.46276956858,30059.397082501855,30041.452272666556,30049.9568532889,865
2025-04-29 11:56:00+00:00,30049.910125983784,30053.325043485624,30049.0965541461,30049.48089994505,514
2025-04-29 12:01:00+00:00,30051.120953230016,30060.455803154993,30035.28908694119,30052.48399090722,769
2025-04-29 12:06:00+00:00,30050.698618329472,30051.46589167167,30039.573874987407,30050.983700829256,709
2025-04-29 12:11:00+00:00,30051.769061585677,30053.76008301374,30037.55355791826,30052.76148053798,747
2025-04-29 12:16:00+00:00,30050.852745169566,30068.482985248822,30033.936887571177,30049.201715870116,926
2025-04-29 12:21:00+00:00,30049.13020643151,30053.5449502368,30033.307371615163,30048.4970944786,334
2025-04-29 12:26:00+00:00,30049.948527765195,30054.71071261515,30042.339486540943,30049.749711126493,601
2025-04-29 12:31:00+00:00,30048.04705083075,30054.081942194924,30035.111584283666,30049.841888680563,250
2025-04-29 12:36:00+00:00,30047.120457197514,30057.690164541928,30040.04429091229,30045.983109050976,981
2025-04-29 12:41:00+00:00,30048.05460054574,30050.754716254003,30042.779262090695,30046.049515108924,981
2025-04-29 12:46:00+00:00,30049.616092744734,30064.08857630214,30030.088449344337,30049.16230064438,914
2025-04-29 12:51:00+00:00,30049.064933086,30056.054137510942,30042.126314254092,30050.349610849695,217
2025-04-29 12:56:00+00:00,30048.524499311734,30065.076580215744,30035.598903291473,30047.213193540865,158
2025-04-29 13:01:00+00:00,30049.016951733534,30061.517844492228,30036.748828712374,30050.773311112098,348
2025-04-29 13:06:00+00:00,30049.741051157576,30064.631827689132,30040.169131948795,30048.406841363896,714
2025-04-29 13:11:00+00:00,30050.329216277427,30053.968109196467,30048.39111817664,30051.846459002554,468
2025-04-29 13:16:00+00:00,30050.283985420116,30063.04956426265,30032.218108870962,30049.817515974304,591
2025-04-29 13:21:00+00:00,30051.09486167104,30054.794827664544,30032.65560760455,30050.55146456368,736
2025-04-29 13:26:00+00:00,30052.032833918,30066.63815322296,30037.608300938882,30052.660481754836,455
2025-04-29 13:31:00+00:00,30051.7658768896,30055.166739740867,30050.89679079254,30050.200361706535,156
2025-04-29 13:36:00+00:00,30052.504289381264,30057.1704561542,30035.518435507427,30052.054200389524,455
2025-04-29 13:41:00+00:00,30052.721811654246,30055.025667747723,30043.487289664925,30052.77489024588,730
2025-04-29 13:46:00+00:00,30052.65075593656,30056.628464670423,30041.277040915178,30051.43627321062,250
2025-04-29 13:51:00+00:00,30052.090978445747,30071.82077253843,30032.23056938551,30053.093527255365,690
2025-04-29 13:56:00+00:00,30051.81408544049,30056.879052382996,30036.192389651744,30050.633328517117,842
2025-04-29 14:01:00+00:00,30051.561212522312,30055.28528103457,30036.598193750855,30051.88343960285,639
2025-04-29 14:06:00+00:00,30050.42990836573,30065.57988040993,30031.219724200015,30051.59594740753,297
2025-04-29 14:11:00+00:00,30050.72134538544,30066.96421773148,30045.69765140127,30050.35248151985,804
2025-04-29 14:16:00+00:00,30052.096065482237,30065.83043367239,30038.262644986204,30051.362447689484,648
2025-04-29 14:21:00+00:00,30051.17499140801,30063.069210069683,30049.065670516487,30052.87058912826,167
2025-04-29 14:26:00+00:00,30051.29794407986,30056.961329151352,30035.86526469534,30052.461232051668,954
2025-04-29 14:31:00+00:00,30050.54382397812,30054.490671946518,30040.516445888516,30051.658113117068,946
2025-04-29 14:36:00+00:00,30050.691187890818,30065.704359240022,30048.263948043375,30050.229842032753,154
2025-04-29 14:41:00+00:00,30050.18530537965,30054.901742342434,30030.204280698254,30049.414657221554,563
2025-04-29 14:46:00+00:00,30050.708721356,30063.219270614172,30049.02123053398,30048.946800725254,816
2025-04-29 14:51:00+00:00,30051.353633392006,30070.43848558185,30050.811897638774,30052.155023554962,675
2025-04-29 14:56:00+00:00,30053.285950002515,30069.049276764454,30036.790024483595,30055.92820074236,737
2025-04-29 15:01:00+00:00,30054.025842547275,30062.19565991044,30051.68921155759,30054.186674560402,205
2025-04-29 15:06:00+00:00,30054.334976683385,30062.140399720876,30044.32444869375,30054.72877242209,454
2025-04-29 15:11:00+00:00,30051.491895370884,30070.099419901653,30041.47803499275,30050.553968402754,530
2025-04-29 15:16:00+00:00,30053.022410120302,30058.354816503735,30040.721139702866,30054.979355678755,559
2025-04-29 15:21:00+00:00,30052.568557998206,30066.041972306746,30042.189864216212,30052.216762735894,863
2025-04-29 15:26:00+00:00,30050.3002843592,30060.836641884478,30049.370558044866,30051.869727250254,812
2025-04-29 15:31:00+00:00,30050.586156209993,30059.828611812965,30032.576921853637,30050.180371579212,747
2025-04-29 15:36:00+00:00,30051.184118288536,30066.443562829292,30035.178038401376,30051.499722259363,668
2025-04-29 15:41:00+00:00,30051.379915318335,30070.870907547855,30050.155649509627,30051.498730749725,286
2025-04-29 15:46:00+00:00,30050.062864554595,30069.342060584135,30042.625009799263,30049.15894664268,528
2025-04-29 15:51:00+00:00,30049.445316134963,30068.517904810527,30037.608560471053,30047.369877612084,175
2025-04-29 15:56:00+00:00,30049.245952648933,30060.137582488915,30029.675590272614,30048.858624778717,738
2025-04-29 16:01:00+00:00,30048.55973808142,30051.691208995002,30039.384329880613,30048.602945013197,991
2025-04-29 16:06:00+00:00,30049.571609986655,30050.72909865344,30029.704561436934,30050.34613197539,253
2025-04-29 16:11:00+00:00,30049.730398802996,30061.56200167601,30042.93530884132,30050.114747291977,953
2025-04-29 16:16:00+00:00,30049.4045750942,30062.60836879157,30045.524905677645,30048.682307260486,240
2025-04-29 16:21:00+00:00,30047.641085259653,30052.687930532134,30032.242574691732,30046.701380983228,994
2025-04-29 16:26:00+00:00,30048.99414454016,30061.355321854757,30038.50510797313,30049.678549965203,523
2025-04-29 16:31:00+00:00,30047.836035524146,30064.75333701537,30045.624128243388,30047.693386460975,577
2025-04-29 16:36:00+00:00,30048.788366274417,30059.28459785059,30030.357292402874,30049.7272088226,243
2025-04-29 16:41:00+00:00,30049.459797976913,30055.956134353088,30048.48997275786,30049.150344736812,812
2025-04-29 16:46:00+00:00,30049.40833926419,30059.21718031589,30030.31290264117,30050.143272286146,513
2025-04-29 16:51:00+00:00,30048.890162513257,30059.160729658048,30031.694417854145,30048.517227926346,195
2025-04-29 16:56:00+00:00,30046.68688444998,30060.109262016547,30030.715555939983,30046.663226937057,116
2025-04-29 17:01:00+00:00,30046.659023688397,30048.30155052167,30041.114825605142,30047.2570287097,530
2025-04-29 17:06:00+00:00,30045.81635251576,30065.14064671987,30036.17270703506,30047.77498116484,637
2025-04-29 17:11:00+00:00,30045.72946320339,30058.88304011217,30036.498646176577,30044.84012748466,901
2025-04-29 17:16:00+00:00,30047.691356024166,30054.88981316116,30040.686421875987,30047.34357998129,739
2025-04-29 17:21:00+00:00,30046.79462965056,30055.53874231689,30038.364706769047,30046.828028005202,438
2025-04-29 17:26:00+00:00,30046.23689807027,30051.949861411555,30040.420469077955,30045.438031223697,789
2025-04-29 17:31:00+00:00,30046.69874982352,30048.654973864523,30042.632226548212,30046.67529587434,366
2025-04-29 17:36:00+00:00,30048.378503932443,30063.882463252947,30046.581720649036,30049.42651757827,915
2025-04-29 17:41:00+00:00,30049.95884080889,30053.732322489504,30035.561950506537,30049.61692414733,381
2025-04-29 17:46:00+00:00,30050.358638323076,30067.973901736164,30030.635108131064,30048.73927050755,412
2025-04-29 17:51:00+00:00,30051.438281559578,30056.370483174596,30039.00281207236,30051.44495270436,345
2025-04-29 17:56:00+00:00,30051.965084863008,30056.18026309996,30048.631352731958,30051.897988665896,481
2025-04-29 18:01:00+00:00,30052.846230780917,30056.05082577206,30037.29390594648,30052.77004705582,247
2025-04-29 18:06:00+00:00,30053.265167111374,30062.219497094236,30052.931633933822,30052.4710036483,814
2025-04-29 18:11:00+00:00,30051.17884487018,30061.440417023376,30040.227740153892,30049.637047428376,187
2025-04-29 18:16:00+00:00,30052.34388924684,30053.89427768385,30040.057620025626,30052.486273208135,569
2025-04-29 18:21:00+00:00,30052.950438453605,30061.133216960312,30042.696530410023,30052.323199098606,493
2025-04-29 18:26:00+00:00,30052.365033393562,30054.245408972067,30039.971004263796,30054.079015796553,284
2025-04-29 18:31:00+00:00,30054.208807869425,30067.577810649294,30036.43288418747,30053.79205466966,384
2025-04-29 18:36:00+00:00,30054.18160959456,30068.022855229196,30049.762390579792,30054.23369495434,484
2025-04-29 18:41:00+00:00,30052.95309845948,30064.551753766387,30050.820515708358,30053.46626036705,385
2025-04-29 18:46:00+00:00,30052.42344791259,30061.99486727723,30049.756512025,30051.263288918013,709
2025-04-29 18:51:00+00:00,30051.688884572763,30063.52829599369,30044.691857191552,30050.91624434888,204
2025-04-29 18:56:00+00:00,30051.07300820577,30070.385329133926,30050.74687118853,30051.677152547432,654
2025-04-29 19:01:00+00:00,30052.5624439051,30070.42123512942,30047.717428306318,30054.134564937598,185
2025-04-29 19:06:00+00:00,30051.31777590177,30052.336462439016,30048.272452748522,30050.256408518588,211
2025-04-29 19:11:00+00:00,30050.77865235926,30055.631365236586,30049.15496800141,30050.513181733062,111
2025-04-29 19:16:00+00:00,30049.604789093464,30066.523186091283,30035.72749290678,30048.035856675222,210
2025-04-29 19:21:00+00:00,30049.488999240544,30063.321245124782,30048.524802977015,30050.159539836848,122
2025-04-29 19:26:00+00:00,30050.01589184047,30055.771928924263,30031.241461064885,30051.55917220402,218
2025-04-29 19:31:00+00:00,30050.319675164887,30055.75679910553,30042.08626640805,30049.803058308655,654
2025-04-29 19:36:00+00:00,30050.572467405273,30062.011848429855,30034.115655284146,30050.547936439703,877
2025-04-29 19:41:00+00:00,30050.117972222528,30068.695482637704,30042.049970911048,30049.850765911095,950
2025-04-29 19:46:00+00:00,30049.967772975175,30054.708899720583,30048.328133977266,30050.64891811048,598
2025-04-29 19:51:00+00:00,30048.539089291262,30060.39478884837,30040.898248108766,30049.1664040158,231
2025-04-29 19:56:00+00:00,30048.866542559306,30067.527449402594,30043.50523826548,30049.56163269532,532
2025-04-29 20:01:00+00:00,30048.346492275115,30058.16007407044,30038.71741102614,30049.293018644643,346
2025-04-29 20:06:00+00:00,30046.714422139754,30046.798851958167,30046.69121376455,30044.44631664517,663
2025-04-29 20:11:00+00:00,30045.8239956314,30055.26356508368,30040.789730558896,30045.70316850058,857
2025-04-29 20:16:00+00:00,30045.300734624365,30058.517503650248,30038.723311288886,30045.66470583806,357
2025-04-29 20:21:00+00:00,30045.33453757068,30051.988495582526,30034.01902900369,30046.574740686065,600
2025-04-29 20:26:00+00:00,30044.983633280728,30060.00802445726,30031.3068873137,30046.71015773254,584
2025-04-29 20:31:00+00:00,30044.88181329566,30045.387669385113,30029.264637878772,30046.37911100649,723
2025-04-29 20:36:00+00:00,30046.012098943916,30062.13348554085,30040.83106791723,30047.04021833348,172
2025-04-29 20:41:00+00:00,30046.134970245803,30057.724030648325,30031.925918879773,30045.62351942795,684
2025-04-29 20:46:00+00:00,30045.56755776644,30048.869485422045,30039.753224801287,30045.895233217678,683
2025-04-29 20:51:00+00:00,30045.075150918357,30048.401955179153,30043.50980739652,30044.424250888598,219
2025-04-29 20:56:00+00:00,30046.596693048657,30064.289261956248,30036.738564244282,30047.042744682174,749
2025-04-29 21:01:00+00:00,30048.754754816793,30063.880640635318,30029.897435542556,30049.225769090575,469
2025-04-29 21:06:00+00:00,30048.928620421128,30059.80133253212,30047.67732611718,30050.571490060636,467
2025-04-29 21:11:00+00:00,30047.819550625856,30058.07032417464,30034.655681912194,30049.48474499459,386
2025-04-29 21:16:00+00:00,30047.52290057876,30066.430099312653,30030.33172383559,30047.265801472207,506
2025-04-29 21:21:00+00:00,30048.03864061412,30048.46777746468,30043.25103088045,30046.915611072323,858
2025-04-29 21:26:00+00:00,30046.761837463873,30061.26188539172,30034.859375823784,30046.747081913876,235
2025-04-29 21:31:00+00:00,30047.090773347052,30058.775463191778,30037.0665637379,30046.985069871724,834
2025-04-29 21:36:00+00:00,30045.808376882393,30056.447002058278,30040.38556966786,30045.718642795666,818
2025-04-29 21:41:00+00:00,30045.8682357776,30048.820401073706,30032.424317878387,30044.081034580784,756
2025-04-29 21:46:00+00:00,30045.5587196465,30053.41825251905,30033.534196497956,30046.428509105368,937
2025-04-29 21:51:00+00:00,30046.78691834747,30050.281690258795,30036.339636203393,30047.696949113684,921
2025-04-29 21:56:00+00:00,30045.33627507408,30047.932651392326,30038.37110921874,30043.61434496664,997
2025-04-29 22:01:00+00:00,30046.312706696375,30065.24855558978,30045.137310273796,30046.210528529566,594
2025-04-29 22:06:00+00:00,30047.366908536518,30057.904324904564,30038.623687858653,30046.768898738323,378
2025-04-29 22:11:00+00:00,30047.270584310038,30055.874429105177,30033.60385858979,30046.658489674166,589
2025-04-29 22:16:00+00:00,30047.945749609236,30065.70811042584,30028.622255381615,30048.80962734937,568
2025-04-29 22:21:00+00:00,30048.03210287579,30059.92916141785,30030.21478361346,30049.299970697582,389
2025-04-29 22:26:00+00:00,30045.841890787993,30057.331822856282,30038.048145029028,30045.809537560828,423
2025-04-29 22:31:00+00:00,30045.193610922564,30056.629879829055,30034.021514117438,30045.776379467858,950
2025-04-29 22:36:00+00:00,30045.3302334909,30057.34407394238,30039.845178189644,30043.7037492741,783
2025-04-29 22:41:00+00:00,30044.7226250684,30054.40742135935,30039.07120367769,30045.568789012625,197
2025-04-29 22:46:00+00:00,30043.792859528716,30044.644642501822,30025.29804383035,30043.975813810488,754
2025-04-29 22:51:00+00:00,30041.968033773996,30046.25974010986,30025.184437961878,30041.202171875193,419
2025-04-29 22:56:00+00:00,30041.251768969116,30049.13054330123,30040.364286155043,30042.208516743627,976
2025-04-29 23:01:00+00:00,30043.171048886794,30056.30639881147,30024.240884656934,30043.325047122158,792
2025-04-29 23:06:00+00:00,30042.923238812808,30060.244307631656,30039.250732530032,30043.354611922194,420
2025-04-29 23:11:00+00:00,30042.900538542974,30061.503232016956,30028.1123016005,30042.742476224073,908
2025-04-29 23:16:00+00:00,30042.37290562671,30054.451270323887,30040.059327367228,30042.552274569454,219
2025-04-29 23:21:00+00:00,30042.49776942141,30046.699896711132,30036.744951740697,30042.83837456348,797
2025-04-29 23:26:00+00:00,30042.38527457113,30053.392000947493,30028.4588215137,30042.047036581775,230
2025-04-29 23:31:00+00:00,30044.220481967433,30054.301130763608,30037.47869326855,30044.551882361462,453
2025-04-29 23:36:00+00:00,30045.944174959,30064.92512913907,30029.290617646162,30046.286271954694,491
2025-04-29 23:41:00+00:00,30044.952204429846,30044.959591239178,30027.85149058541,30044.95991912946,905
2025-04-29 23:46:00+00:00,30045.362248785983,30060.113910648903,30041.844253536954,30045.46886556763,424
2025-04-29 23:51:00+00:00,30044.54521054727,30046.061175169587,30035.801866847898,30044.954851084367,981
2025-04-29 23:56:00+00:00,30043.332293583753,30059.053659887333,30030.841439709537,30044.806745783997,911
2025-04-30 00:01:00+00:00,30042.682328807165,30050.987164908045,30038.864092586304,30042.4866164389,498
2025-04-30 00:06:00+00:00,30044.38163149576,30059.294257830483,30036.76806669303,30043.63375852369,460
2025-04-30 00:11:00+00:00,30043.352283607568,30052.008516074293,30026.407874526994,30043.56070603089,229
2025-04-30 00:16:00+00:00,30042.893830984245,30059.973501383898,30039.276075519192,30041.126336752022,355
2025-04-30 00:21:00+00:00,30043.758122609383,30052.973540117073,30038.41567215036,30044.25458135066,309
2025-04-30 00:26:00+00:00,30043.986293770406,30056.452415848635,30040.166928908995,30043.618890884612,197
2025-04-30 00:31:00+00:00,30044.273651837073,30060.589343920925,30038.91600478462,30043.272259695248,388
2025-04-30 00:36:00+00:00,30044.737237998354,30049.579165119067,30043.95710195371,30043.05595550582,416
2025-04-30 00:41:00+00:00,30045.33331063701,30049.28337296548,30033.55050901892,30044.006146665826,412
2025-04-30 00:46:00+00:00,30046.26055874636,30065.136136488603,30026.511473087983,30046.44272367336,305
2025-04-30 00:51:00+00:00,30044.47397701104,30051.400590689893,30043.107440193824,30044.975952941208,398
2025-04-30 00:56:00+00:00,30044.97241526124,30063.339868968338,30036.956909238543,30045.166728079115,629
2025-04-30 01:01:00+00:00,30045.59241199743,30047.542700923423,30044.714622113093,30044.041136234377,171
2025-04-30 01:06:00+00:00,30045.93365282109,30065.564878805522,30043.377632477772,30044.948396554602,980
2025-04-30 01:11:00+00:00,30045.254824285374,30050.969070845247,30043.602422078744,30045.52075778153,887
2025-04-30 01:16:00+00:00,30043.69829385132,30060.757246155295,30024.361563984687,30044.53892563844,765
2025-04-30 01:21:00+00:00,30043.678153877037,30048.812656876555,30024.253955197943,30043.904505806662,817
2025-04-30 01:26:00+00:00,30041.123963646714,30049.831114373694,30039.258554149586,30041.445669921304,266
2025-04-30 01:31:00+00:00,30040.869529140233,30048.63220041833,30024.34633492056,30043.972230463907,942
2025-04-30 01:36:00+00:00,30041.28927613964,30049.184456979787,30025.987931914635,30041.30836090877,884
2025-04-30 01:41:00+00:00,30041.980384545608,30047.14391466097,30031.610042607783,30041.798856735888,251
2025-04-30 01:46:00+00:00,30042.9394543385,30052.82304955255,30034.37489549544,30041.782265001362,511
2025-04-30 01:51:00+00:00,30042.3206388812,30050.980543147158,30032.404590420047,30040.79050177585,898
2025-04-30 01:56:00+00:00,30041.776503399982,30044.38044261181,30021.913434516508,30042.631782682227,334
2025-04-30 02:01:00+00:00,30041.616864464217,30053.85704923373,30032.376116294574,30041.286771512954,761
2025-04-30 02:06:00+00:00,30040.661988479154,30051.63436747107,30035.774700022328,30041.107513675124,467
2025-04-30 02:11:00+00:00,30040.00454081021,30059.42378232298,30039.404762457467,30041.995172685318,130
2025-04-30 02:16:00+00:00,30040.749159259765,30041.64049356679,30037.547325403477,30041.57101721077,990
2025-04-30 02:21:00+00:00,30040.717999243527,30052.425746303325,30022.93896461032,30042.559277918994,331
2025-04-30 02:26:00+00:00,30041.95990633183,30055.783933131115,30029.31756600102,30042.702377699465,654
2025-04-30 02:31:00+00:00,30042.771658812835,30046.619675113612,30042.545933508147,30042.54017139749,772
2025-04-30 02:36:00+00:00,30042.506932153574,30056.51196211259,30033.08828597411,30043.089998354855,963
2025-04-30 02:41:00+00:00,30043.031381884728,30062.612153310143,30023.256488910058,30043.4265079709,883
2025-04-30 02:46:00+00:00,30043.151127540157,30050.33444608674,30025.07353566787,30043.283322827603,259
2025-04-30 02:51:00+00:00,30044.739748391712,30060.994817174094,30037.540418479228,30043.6165443963,517
2025-04-30 02:56:00+00:00,30045.600300236645,30054.171513168934,30037.444746127534,30046.613208447514,825
2025-04-30 03:01:00+00:00,30045.496124544912,30059.624100738965,30028.196327398546,30045.793872235725,451
2025-04-30 03:06:00+00:00,30044.87283639228,30057.693418742907,30041.275183508107,30046.962318229624,652
2025-04-30 03:11:00+00:00,30045.06642574069,30050.62675360375,30038.76317091012,30045.487050960095,998
2025-04-30 03:16:00+00:00,30045.38836807943,30064.67744228676,30042.962392608104,30044.511782509177,559
2025-04-30 03:21:00+00:00,30046.54529052029,30057.639114704114,30045.702031060355,30046.851345437975,823
2025-04-30 03:26:00+00:00,30045.555230018115,30057.710002784377,30029.194819180368,30046.682860460554,523
2025-04-30 03:31:00+00:00,30045.940955813505,30055.87507005321,30039.620345328785,30044.426531639598,501
2025-04-30 03:36:00+00:00,30046.19045990814,30050.839643057374,30036.91256339085,30047.83236655916,520
2025-04-30 03:41:00+00:00,30047.131291302216,30064.195026784444,30029.268568240248,30045.42316683338,648
2025-04-30 03:46:00+00:00,30046.930151019922,30048.344772556407,30030.819538880278,30045.589532177695,289
2025-04-30 03:51:00+00:00,30045.693021586678,30064.437956056732,30041.306186125872,30046.28107490486,610
2025-04-30 03:56:00+00:00,30044.544271991454,30058.05934485495,30031.4865402563,30044.052611253734,170
2025-04-30 04:01:00+00:00,30044.609651705818,30048.88572414832,30040.609218926922,30044.941090490232,665
2025-04-30 04:06:00+00:00,30044.466687229513,30048.995301859002,30025.142031609015,30044.289285045434,552
2025-04-30 04:11:00+00:00,30043.644415634382,30049.26842953048,30025.894622663815,30042.992532195916,565
2025-04-30 04:16:00+00:00,30043.848032568945,30051.252183090903,30041.70561535474,30043.391375444484,825
2025-04-30 04:21:00+00:00,30045.52744321249,30047.968853095623,30034.117058074993,30044.948289519074,693
2025-04-30 04:26:00+00:00,30044.01364273449,30060.09444337451,30028.332956713573,30044.37237648959,958
2025-04-30 04:31:00+00:00,30046.70218361831,30059.24236026959,30032.913226109973,30045.9211065792,392
2025-04-30 04:36:00+00:00,30048.011342653062,30064.140795620937,30044.300467082285,30048.538120511017,816
2025-04-30 04:41:00+00:00,30046.36401276375,30054.74868439516,30026.75066487861,30045.222105924204,987
2025-04-30 04:46:00+00:00,30046.903260971318,30055.845918627132,30028.356170818784,30045.915527658504,743
2025-04-30 04:51:00+00:00,30046.80239333506,30058.87950445865,30045.60464667578,30048.286912303884,753
2025-04-30 04:56:00+00:00,30046.32782787547,30050.35659229782,30036.827288292992,30047.01459608655,579
2025-04-30 05:01:00+00:00,30046.355382631424,30059.192925437972,30043.31952357748,30047.607201280232,169
2025-04-30 05:06:00+00:00,30046.477094856302,30060.059965491455,30042.58061561055,30046.34949832088,463
2025-04-30 05:11:00+00:00,30046.348419884245,30046.61947453345,30035.68423459154,30047.232131907404,790
2025-04-30 05:16:00+00:00,30046.63791294641,30057.74544591841,30043.25383654775,30047.374715044476,931
2025-04-30 05:21:00+00:00,30046.230046958342,30064.397038404524,30046.21024950062,30046.60453699702,981
2025-04-30 05:26:00+00:00,30046.53269301403,30064.31233886142,30035.086475616634,30046.47095088686,763
2025-04-30 05:31:00+00:00,30045.92024869209,30049.806093991825,30034.732877418373,30045.000958189106,622
2025-04-30 05:36:00+00:00,30047.200172353165,30051.845007891014,30040.728429564402,30048.369956949442,259
2025-04-30 05:41:00+00:00,30046.874288773233,30052.053037678816,30030.892319764003,30047.173658940468,626
2025-04-30 05:46:00+00:00,30046.576330607393,30059.799079738987,30032.785671598573,30048.67374780319,589
2025-04-30 05:51:00+00:00,30046.029701600073,30061.924150172083,30042.615993604522,30046.15758535596,938
2025-04-30 05:56:00+00:00,30043.7061449382,30058.550684984257,30033.052249502107,30043.170479063574,518
2025-04-30 06:01:00+00:00,30044.686419830545,30048.34061914656,30028.55188081782,30044.805806491328,564
2025-04-30 06:06:00+00:00,30045.87025297393,30065.64194536048,30038.770457429953,30046.021417976594,700
2025-04-30 06:11:00+00:00,30044.957906191496,30051.661669004734,30025.764414878504,30044.319081494126,142
2025-04-30 06:16:00+00:00,30047.603443678818,30067.252504601154,30027.868710915274,30048.617805779333,970
2025-04-30 06:21:00+00:00,30047.45812964406,30052.7961284705,30033.97940221193,30047.528206734787,110
2025-04-30 06:26:00+00:00,30047.322652706065,30064.1824389135,30041.857107778014,30046.431514691012,839
2025-04-30 06:31:00+00:00,30046.650049324326,30054.437563757518,30037.578181063967,30047.438524338406,431
2025-04-30 06:36:00+00:00,30046.333683808673,30065.339571730176,30035.46123585357,30047.428357997404,639
2025-04-30 06:41:00+00:00,30046.59746706275,30055.04904295112,30034.779068672728,30045.780769115645,195
2025-04-30 06:46:00+00:00,30044.474940423457,30058.96547492604,30032.72537476721,30044.16948303429,346
2025-04-30 06:51:00+00:00,30044.953217058803,30054.472545226123,30037.745263491262,30045.859168178093,934
2025-04-30 06:56:00+00:00,30045.888565034198,30059.51294956709,30028.530565032594,30046.092283054273,327
2025-04-30 07:01:00+00:00,30043.90090243535,30047.01473233058,30031.9445501065,30043.353852910594,569
2025-04-30 07:06:00+00:00,30043.42105451247,30060.417094304834,30039.923022045936,30041.924628180434,393
2025-04-30 07:11:00+00:00,30043.660699057647,30046.813008799738,30035.356212461054,30043.021440536093,513
2025-04-30 07:16:00+00:00,30045.75973855971,30055.70335156484,30040.325260277114,30046.877838497465,872
2025-04-30 07:21:00+00:00,30043.497449456983,30054.214389025536,30033.120684480586,30044.6253422499,944
2025-04-30 07:26:00+00:00,30042.420918962835,30054.22670455218,30032.129788775863,30042.51832677888,164
2025-04-30 07:31:00+00:00,30041.034938717632,30049.449735603677,30036.175811727546,30040.962651446196,641
2025-04-30 07:36:00+00:00,30041.80705888713,30042.698987607066,30032.45723536028,30043.15062328863,848
2025-04-30 07:41:00+00:00,30040.226354827795,30052.893826730364,30020.75743609156,30040.464748740458,325
2025-04-30 07:46:00+00:00,30038.910170204468,30039.237392139035,30019.620745019885,30039.785147070925,725
2025-04-30 07:51:00+00:00,30039.18100383943,30042.42970849151,30036.673277850667,30038.830616688145,924
2025-04-30 07:56:00+00:00,30038.544902735648,30047.74969308827,30038.296035041454,30037.615314596973,987
2025-04-30 08:01:00+00:00,30038.063108101247,30038.279009312493,30030.357645510234,30038.942622361887,652
2025-04-30 08:06:00+00:00,30037.606966532403,30040.311592957412,30026.321216022094,30039.32043623005,448
2025-04-30 08:11:00+00:00,30038.236083178956,30044.166213384644,30037.113191969205,30039.886848109472,528
2025-04-30 08:16:00+00:00,30038.193530274984,30039.669130549788,30031.21464213388,30037.172443750827,458
2025-04-30 08:21:00+00:00,30040.427665459178,30045.64882300273,30037.989562353756,30040.85636094328,160
2025-04-30 08:26:00+00:00,30039.352363851056,30045.915487014576,30036.036457704235,30040.486595385748,163
2025-04-30 08:31:00+00:00,30037.974933869435,30054.11631772673,30035.813549652972,30037.814182571638,810
2025-04-30 08:36:00+00:00,30038.612005150426,30040.356065834865,30033.28403070086,30038.460924296513,598
2025-04-30 08:41:00+00:00,30037.536250844034,30053.306140146087,30023.404814646194,30036.44698796487,925
2025-04-30 08:46:00+00:00,30038.044763981092,30051.12960970484,30018.759368138988,30038.300277555114,378
2025-04-30 08:51:00+00:00,30038.709464434603,30039.578611627396,30021.985484559067,30039.030609348694,935
2025-04-30 08:56:00+00:00,30039.421660782496,30045.156907421017,30034.813464708397,30039.3329780375,102
2025-04-30 09:01:00+00:00,30038.99053936351,30052.668043135556,30019.87670728118,30037.08953249512,920
2025-04-30 09:06:00+00:00,30038.053583018755,30055.663083220024,30031.06675596914,30037.21723385632,528
2025-04-30 09:11:00+00:00,30038.95344612284,30054.728442951833,30031.362014092236,30037.38455670326,354
2025-04-30 09:16:00+00:00,30038.46375176618,30038.472737342814,30032.80393049877,30039.15863312759,295
2025-04-30 09:21:00+00:00,30037.072101433114,30043.3120174396,30026.56801004876,30037.43240070123,523
2025-04-30 09:26:00+00:00,30037.924343459374,30044.0444471853,30018.505947101214,30037.23566279165,778
2025-04-30 09:31:00+00:00,30038.62916869433,30040.25154619015,30035.089281466328,30037.932464193316,417
2025-04-30 09:36:00+00:00,30039.657282980694,30056.882144032603,30034.888529211956,30040.92497222105,932
2025-04-30 09:41:00+00:00,30038.63518060163,30055.2874845888,30018.736103117804,30038.37989046166,272
2025-04-30 09:46:00+00:00,30039.018637962938,30040.201600568576,30038.27549707077,30040.226846458077,869
2025-04-30 09:51:00+00:00,30040.051192414736,30058.02379931039,30033.566141957876,30041.48957535112,622
2025-04-30 09:56:00+00:00,30039.688257772843,30047.675607526256,30024.332128826838,30039.150590709516,944
2025-04-30 10:01:00+00:00,30039.232045020348,30048.55146824882,30028.01349162981,30039.78582612301,378
2025-04-30 10:06:00+00:00,30038.535428432733,30052.698995329843,30022.80214844481,30037.126148183168,550
2025-04-30 10:11:00+00:00,30038.622269468837,30044.755053756253,30023.877091055216,30038.396800011524,531
2025-04-30 10:16:00+00:00,30039.246275831803,30040.266580022046,30023.361881814348,30038.645771025505,400
2025-04-30 10:21:00+00:00,30038.086318287023,30057.91724667216,30034.47518163851,30035.961177235928,415
2025-04-30 10:26:00+00:00,30037.780355424853,30046.7941416825,30033.01660851961,30037.918906395604,682
2025-04-30 10:31:00+00:00,30038.877327722097,30058.72105677417,30036.381534602333,30039.73633779349,512
2025-04-30 10:36:00+00:00,30038.843342129192,30041.74388590313,30037.25173303258,30040.640395835253,239
2025-04-30 10:41:00+00:00,30038.93091646139,30057.534268274907,30030.458775889063,30038.99625899716,780
2025-04-30 10:46:00+00:00,30039.572677168326,30057.01813134905,30029.88382006132,30040.640141448876,530
2025-04-30 10:51:00+00:00,30040.463846813225,30050.844401363305,30031.642196306944,30041.02969729965,855
2025-04-30 10:56:00+00:00,30039.185448940734,30039.74183405153,30034.59822148127,30039.0164260462,637
2025-04-30 11:01:00+00:00,30039.033021935324,30039.25047903027,30031.987080734183,30039.18446380285,734
2025-04-30 11:06:00+00:00,30038.658864545563,30042.973260635365,30034.778771085872,30039.720667872065,746
2025-04-30 11:11:00+00:00,30038.6984149658,30042.123824020728,30038.518621337098,30038.173545653397,277
2025-04-30 11:16:00+00:00,30039.671646409923,30049.127831010534,30034.532691509354,30039.80363561946,508
2025-04-30 11:21:00+00:00,30038.50618242713,30042.26310512267,30033.83051615356,30038.506359840554,336
2025-04-30 11:26:00+00:00,30039.52161330925,30046.198168570292,30026.111371295607,30038.73413349266,788
2025-04-30 11:31:00+00:00,30040.86781201001,30043.209070935747,30033.66571792807,30040.254422176167,483
2025-04-30 11:36:00+00:00,30042.896754303772,30044.554170599535,30023.024713844465,30042.691142280466,328
2025-04-30 11:41:00+00:00,30043.25498529352,30056.669927757233,30032.834120853797,30043.36650524808,346
2025-04-30 11:46:00+00:00,30044.882733332102,30064.59250730448,30037.788755487963,30046.046465209885,436
2025-04-30 11:51:00+00:00,30045.35460453763,30055.876846092524,30034.121127391114,30045.812104403438,151
2025-04-30 11:56:00+00:00,30045.84346890544,30059.034654095132,30039.628407200922,30048.566010913644,173
2025-04-30 12:01:00+00:00,30045.67137937357,30059.10826217434,30039.104863330238,30046.83184125091,613
2025-04-30 12:06:00+00:00,30046.250963928847,30061.898941127667,30045.426026134068,30045.186339611977,300
2025-04-30 12:11:00+00:00,30046.233322086435,30048.07606212372,30032.855829612825,30045.039726394658,369
2025-04-30 12:16:00+00:00,30046.566612566166,30046.607334701275,30027.266059544458,30046.063887954177,389
2025-04-30 12:21:00+00:00,30047.342506841964,30062.172496771767,30042.627092603598,30046.727200343674,867
2025-04-30 12:26:00+00:00,30047.75247340993,30067.36829518022,30044.002756304926,30046.28184732802,958
2025-04-30 12:31:00+00:00,30048.433034008598,30066.03876863393,30039.477464079497,30047.6188223894,858
2025-04-30 12:36:00+00:00,30049.256922764234,30054.679342284904,30048.984870572425,30049.53719914591,357
2025-04-30 12:41:00+00:00,30047.075985001433,30061.757816185996,30035.52103445996,30046.057227842462,712
2025-04-30 12:46:00+00:00,30046.80661419724,30054.07397319956,30043.981423565318,30048.248631083687,672
2025-04-30 12:51:00+00:00,30047.83262483938,30063.63698963057,30028.404613279417,30047.519839251665,877
2025-04-30 12:56:00+00:00,30048.793275578653,30056.85455412215,30036.549718271403,30048.805418096024,217
2025-04-30 13:01:00+00:00,30049.499803140643,30051.569214857926,30031.33576532715,30049.168008828554,910
2025-04-30 13:06:00+00:00,30049.128136792882,30067.13098997815,30045.614102515945,30049.550311307947,644
2025-04-30 13:11:00+00:00,30050.09984957829,30064.86899743301,30034.013694748843,30051.775319310498,668
2025-04-30 13:16:00+00:00,30050.50176561734,30065.046175038486,30045.058739514127,30049.821299017975,511
2025-04-30 13:21:00+00:00,30050.036230083766,30064.595376949565,30031.67075349962,30050.51600612788,172
2025-04-30 13:26:00+00:00,30048.87512282401,30051.465961089285,30047.262723405755,30048.38777679649,392
2025-04-30 13:31:00+00:00,30049.37609794893,30055.41162592316,30040.48598114669,30047.851135215908,251
2025-04-30 13:36:00+00:00,30048.99311099336,30063.445022960223,30039.292863220537,30048.32607449453,337
2025-04-30 13:41:00+00:00,30049.4845656409,30050.89778820964,30035.332981916345,30050.75847282965,289
2025-04-30 13:46:00+00:00,30050.591949012753,30062.951285329593,30040.374674252715,30050.477251729717,389
2025-04-30 13:51:00+00:00,30049.970028514825,30068.36755082799,30046.79110886752,30049.455779086024,985
2025-04-30 13:56:00+00:00,30050.67564725657,30066.079188636337,30040.463024323606,30047.542506873488,688
2025-04-30 14:01:00+00:00,30050.270680889353,30067.450315821974,30031.133586548196,30050.40951904468,140
2025-04-30 14:06:00+00:00,30050.26928582709,30054.47146913084,30045.415504682253,30050.13660800928,652
2025-04-30 14:11:00+00:00,30050.923394798065,30060.81146315648,30045.77603303047,30050.752912314812,798
2025-04-30 14:16:00+00:00,30050.909279723965,30060.047623095965,30048.007870805108,30049.45676292776,650
2025-04-30 14:21:00+00:00,30052.75989951504,30068.33785823867,30037.758426938988,30053.309639361592,498
2025-04-30 14:26:00+00:00,30052.32653907228,30070.00155628832,30033.533193897623,30051.839366431974,244
2025-04-30 14:31:00+00:00,30052.470289976853,30065.466628246133,30046.718835158463,30054.027386808724,700
2025-04-30 14:36:00+00:00,30050.5370972758,30060.927217709064,30034.056738413135,30051.324209088016,685
2025-04-30 14:41:00+00:00,30050.27159746585,30057.38705089872,30039.880467933715,30049.940282848544,979
2025-04-30 14:46:00+00:00,30050.49299787138,30068.531645292354,30049.08579118604,30051.152549567854,977
2025-04-30 14:51:00+00:00,30051.795076954353,30066.576344876456,30033.31351497363,30052.683610051252,970
2025-04-30 14:56:00+00:00,30050.39924582366,30056.99612856357,30044.957799179476,30049.463311136642,549
2025-04-30 15:01:00+00:00,30049.817224154238,30065.70053847371,30040.541729179316,30048.978606937213,403
2025-04-30 15:06:00+00:00,30051.392393604303,30052.36066132386,30033.78266740298,30052.052473956563,955
2025-04-30 15:11:00+00:00,30052.373268393614,30059.38039338055,30043.4441071248,30052.783819920405,196
2025-04-30 15:16:00+00:00,30052.504594446433,30067.12318719061,30050.66869515403,30051.48011740616,873
2025-04-30 15:21:00+00:00,30053.72850606888,30064.999037354344,30045.75725116282,30054.740418972284,871
2025-04-30 15:26:00+00:00,30055.15942751068,30069.843388792473,30050.55831614327,30056.18559584817,460
2025-04-30 15:31:00+00:00,30055.34343699272,30072.26584670423,30035.56265804151,30055.617018728386,878
2025-04-30 15:36:00+00:00,30056.19304815809,30064.16313648964,30037.232749986146,30057.468834747408,446
2025-04-30 15:41:00+00:00,30055.891500515787,30072.885569338283,30040.283280099233,30054.954801065123,306
2025-04-30 15:46:00+00:00,30056.49269423625,30063.860014366266,30047.39134481825,30056.288948841324,447
2025-04-30 15:51:00+00:00,30058.612329331307,30069.545310330388,30039.453389417453,30059.135820733347,596
2025-04-30 15:56:00+00:00,30057.768599158575,30071.47923165598,30046.403190217683,30056.44957372465,838
2025-04-30 16:01:00+00:00,30057.114894613118,30076.03818206721,30044.078338246272,30055.462775974214,998
2025-04-30 16:06:00+00:00,30057.65653238615,30061.90948613823,30042.209703719705,30057.400911529498,379
2025-04-30 16:11:00+00:00,30056.5928282924,30061.70793812366,30041.001772856165,30057.57451530475,562
2025-04-30 16:16:00+00:00,30057.997812874673,30076.421394056702,30047.593348323222,30058.234913257176,977
2025-04-30 16:21:00+00:00,30058.278831078296,30072.273255419866,30056.815248161154,30056.854050699738,288
2025-04-30 16:26:00+00:00,30056.791883962367,30066.47175735232,30042.461075588548,30056.043820069106,322
2025-04-30 16:31:00+00:00,30057.18304551385,30069.273621894386,30046.587585809484,30057.667150973062,227
2025-04-30 16:36:00+00:00,30057.305102702536,30067.255898074378,30046.903162515096,30056.164073456417,651
2025-04-30 16:41:00+00:00,30055.93540906286,30074.684584104845,30036.128680267462,30055.973986753103,196
2025-04-30 16:46:00+00:00,30056.48571919229,30066.02575708465,30055.53850716671,30056.395250323814,614
2025-04-30 16:51:00+00:00,30055.59414464442,30067.317262780918,30055.281927733344,30057.488525126755,432
2025-04-30 16:56:00+00:00,30054.52326574883,30068.55961666681,30048.304550219647,30053.739675136734,883
2025-04-30 17:01:00+00:00,30055.434456394058,30062.838658104563,30050.347320799185,30058.027658795556,210
2025-04-30 17:06:00+00:00,30055.267229104044,30066.110513828542,30048.046058095748,30052.63127056328,115
2025-04-30 17:11:00+00:00,30054.493548255727,30074.24719030911,30050.621501347774,30057.036369321355,260
2025-04-30 17:16:00+00:00,30054.80361561342,30063.115946516453,30046.208588448804,30053.417091982727,291
2025-04-30 17:21:00+00:00,30055.32820810097,30068.80840768191,30048.096523650944,30054.89948708243,145
2025-04-30 17:26:00+00:00,30055.685857119992,30063.913120302845,30048.972868460125,30054.597572174058,199
2025-04-30 17:31:00+00:00,30054.600460428726,30068.691257095103,30040.0878519164,30054.583467671306,533
2025-04-30 17:36:00+00:00,30054.3366899747,30063.596908944346,30045.714284121786,30053.416197546154,797
2025-04-30 17:41:00+00:00,30054.04059740468,30058.10810859216,30049.998180298982,30053.01823275831,712
2025-04-30 17:46:00+00:00,30054.058516817935,30064.649985435382,30038.134221203316,30053.91707325476,152
2025-04-30 17:51:00+00:00,30053.481131700402,30055.183715386174,30034.253403193597,30053.203363817312,798
2025-04-30 17:56:00+00:00,30052.326844175048,30065.371057208216,30052.0243024424,30050.003551316608,236
2025-04-30 18:01:00+00:00,30052.588360177728,30059.607315550224,30036.51078174151,30054.198338688955,379
2025-04-30 18:06:00+00:00,30053.702581932434,30057.344769489755,30038.146221503834,30053.127811755417,236
2025-04-30 18:11:00+00:00,30053.574200407656,30063.668239720508,30045.970903199242,30052.95687472592,583
2025-04-30 18:16:00+00:00,30053.651295917636,30059.611094871714,30045.757215464513,30054.37050680481,336
2025-04-30 18:21:00+00:00,30052.4797735931,30071.026055628357,30052.477315161977,30050.951944415738,875
2025-04-30 18:26:00+00:00,30050.74124561779,30069.597932282395,30037.826842219198,30049.760630611087,748
2025-04-30 18:31:00+00:00,30051.126455864156,30064.530746553177,30036.277943025638,30050.829916337567,917
2025-04-30 18:36:00+00:00,30050.703261718463,30062.23769030942,30033.239478804673,30050.556588424643,655
2025-04-30 18:41:00+00:00,30051.71489319609,30069.548125275494,30050.543271223258,30054.213554378162,629
2025-04-30 18:46:00+00:00,30053.102889942747,30065.801309340484,30033.12844897644,30052.29509495762,265
2025-04-30 18:51:00+00:00,30053.809851605478,30071.030374561407,30041.805578574105,30053.996770641308,275
2025-04-30 18:56:00+00:00,30051.857276498882,30062.630324463535,30041.549505780345,30050.698796302484,182
2025-04-30 19:01:00+00:00,30052.063056469287,30061.017255193787,30037.467975354277,30050.209833418616,736
2025-04-30 19:06:00+00:00,30053.70794889897,30061.296037734224,30046.38666219107,30053.33985045763,928
2025-04-30 19:11:00+00:00,30053.93215779636,30060.08564686325,30047.890107944386,30055.249115440693,960
2025-04-30 19:16:00+00:00,30052.870540762287,30058.013206810905,30043.67019781663,30051.680996955925,202
2025-04-30 19:21:00+00:00,30052.902130913833,30058.20292792942,30049.2411121159,30052.70011159041,446
2025-04-30 19:26:00+00:00,30053.868477848504,30059.860212293428,30052.890854176872,30052.68637648803,118
2025-04-30 19:31:00+00:00,30053.533698338873,30068.88488285662,30036.482070137412,30051.218745356968,555
2025-04-30 19:36:00+00:00,30052.72325214741,30071.044556595887,30042.956569139784,30051.405445930177,309
2025-04-30 19:41:00+00:00,30051.541336964146,30062.80447105251,30034.32849798487,30053.41694113287,268
2025-04-30 19:46:00+00:00,30049.810299778463,30065.734709390454,30043.259761287703,30051.379554279527,160
2025-04-30 19:51:00+00:00,30051.603821692966,30070.351379542528,30042.46458637644,30052.06817203552,135
2025-04-30 19:56:00+00:00,30051.678412745314,30069.22345339128,30049.04337755363,30053.1066302305,515
2025-04-30 20:01:00+00:00,30051.520116445376,30059.57446940767,30041.4942277675,30051.93920956754,973
2025-04-30 20:06:00+00:00,30050.96084941109,30067.581854386222,30037.46575646643,30052.765209572644,436
2025-04-30 20:11:00+00:00,30048.931812629937,30053.397881792258,30037.207746489374,30049.917648235292,525
2025-04-30 20:16:00+00:00,30049.415879907392,30051.691927359167,30038.551620045357,30048.040907768867,810
2025-04-30 20:21:00+00:00,30049.09616819361,30057.30158184806,30040.031828722273,30048.37113651471,665
2025-04-30 20:26:00+00:00,30050.243625114348,30068.94818442437,30039.712067385877,30050.53649542207,772
2025-04-30 20:31:00+00:00,30049.31177013846,30057.93499068306,30040.119526326824,30049.648510000814,889
2025-04-30 20:36:00+00:00,30048.215047878617,30052.988709420602,30031.09407817231,30049.36918552193,561
2025-04-30 20:41:00+00:00,30048.097857853772,30050.691506966738,30034.58073945661,30050.29124063794,277
2025-04-30 20:46:00+00:00,30047.88296838824,30062.654218303407,30047.59406006228,30047.399093627388,584
2025-04-30 20:51:00+00:00,30048.39569122822,30053.629998386354,30042.679007331677,30048.364130851704,258
2025-04-30 20:56:00+00:00,30047.46130342681,30055.106389915843,30042.182163445705,30048.26111187333,565
2025-04-30 21:01:00+00:00,30047.219648729708,30049.696034035445,30037.210311003106,30047.9916357498,957
2025-04-30 21:06:00+00:00,30046.635295548942,30051.98334536061,30037.00386928668,30045.894391161957,529
2025-04-30 21:11:00+00:00,30047.22982989827,30052.802426490663,30043.010318299515,30046.971857306904,575
2025-04-30 21:16:00+00:00,30048.152345827166,30049.245709287963,30042.14676684371,30049.67119486281,607
2025-04-30 21:21:00+00:00,30048.848506305105,30051.603729050417,30048.003790036084,30047.714930720464,329
2025-04-30 21:26:00+00:00,30049.5427619939,30052.7065167568,30047.312699406244,30051.4306176935,209
2025-04-30 21:31:00+00:00,30048.666946422254,30067.91881511414,30029.94157008374,30049.495565573205,371
2025-04-30 21:36:00+00:00,30049.82867995913,30063.660340236525,30047.12256031941,30048.429836669096,699
2025-04-30 21:41:00+00:00,30049.664681557162,30050.186511672175,30030.562857914025,30048.81024953846,592
2025-04-30 21:46:00+00:00,30049.588258112108,30065.859505760865,30044.327453157028,30048.223163743176,705
2025-04-30 21:51:00+00:00,30049.73024468639,30060.760180988775,30033.712165958088,30048.413502497897,642
2025-04-30 21:56:00+00:00,30048.057550612975,30050.523662377655,30031.299531523553,30046.733261821315,868
2025-04-30 22:01:00+00:00,30049.51484748478,30064.75033234378,30048.76549855992,30049.64024555603,745
2025-04-30 22:06:00+00:00,30049.992851132985,30062.671108740207,30046.390171385872,30048.696413423677,660
2025-04-30 22:11:00+00:00,30050.511656168463,30062.85821684931,30033.72888435377,30050.718949711438,651
2025-04-30 22:16:00+00:00,30049.590449849155,30054.715884049092,30030.345791503438,30048.441998141756,353
2025-04-30 22:21:00+00:00,30050.349710828996,30053.924645673716,30043.307636461082,30050.672992172407,361
2025-04-30 22:26:00+00:00,30049.631589636978,30052.228346395816,30047.43488947935,30048.627578285574,710
2025-04-30 22:31:00+00:00,30049.62542816744,30054.554723644796,30047.43179604039,30049.326153091697,542
2025-04-30 22:36:00+00:00,30048.400832752974,30057.939436925757,30039.346763357742,30047.39226448224,430
2025-04-30 22:41:00+00:00,30049.342305022918,30049.808884152906,30045.311166043335,30049.48581277321,794
2025-04-30 22:46:00+00:00,30048.72586392005,30062.38988006529,30038.979065941734,30049.204632965866,321
2025-04-30 22:51:00+00:00,30047.526147155713,30053.458645440423,30032.342140367833,30049.816469664747,780
2025-04-30 22:56:00+00:00,30048.40274300478,30063.188184465365,30046.911029828418,30048.486799030215,808
2025-04-30 23:01:00+00:00,30047.898609689597,30050.642874867226,30041.203645885656,30047.500231656908,252
2025-04-30 23:06:00+00:00,30047.768157663555,30048.46897845063,30033.139607738667,30048.858244275187,225
2025-04-30 23:11:00+00:00,30049.52716440835,30058.927692929257,30033.345929944415,30049.49966180432,558
2025-04-30 23:16:00+00:00,30050.2837789303,30055.100879708232,30046.214839722936,30051.969556528657,371
2025-04-30 23:21:00+00:00,30050.884509714502,30061.601569469844,30040.471801118,30051.77907621374,625
2025-04-30 23:26:00+00:00,30049.539407782086,30068.66587219434,30044.713352604485,30049.58336699309,822
2025-04-30 23:31:00+00:00,30049.08529860795,30060.124503504372,30048.372252159978,30049.898812825697,693
2025-04-30 23:36:00+00:00,30049.34738533115,30052.774370353083,30034.29045131654,30050.240407670382,151
2025-04-30 23:41:00+00:00,30048.30967399094,30064.471240124145,30041.466011096123,30047.532832175446,319
2025-04-30 23:46:00+00:00,30048.968906760187,30053.36758222822,30040.724487889027,30049.205905259467,307
2025-04-30 23:51:00+00:00,30048.724417242604,30053.220413158448,30046.588561557484,30048.118542763554,564
2025-04-30 23:56:00+00:00,30048.80006298764,30050.980110601522,30040.97467466952,30049.983214714845,162
2025-05-01 00:01:00+00:00,30049.824780412906,30050.66660633261,30038.983019819287,30051.360887800587,234
2025-05-01 00:06:00+00:00,30048.347456293857,30052.22319897567,30044.53878133555,30047.68211354318,689
2025-05-01 00:11:00+00:00,30049.184327416515,30067.700841851714,30032.521221591105,30050.670606902346,968
2025-05-01 00:16:00+00:00,30049.19538193554,30066.62074704666,30039.857937936267,30047.515958352018,721
2025-05-01 00:21:00+00:00,30049.410323236378,30058.94119980817,30030.358648894213,30047.9253116353,980
2025-05-01 00:26:00+00:00,30049.961949522363,30067.898811422998,30038.163240143356,30049.45574672828,807
2025-05-01 00:31:00+00:00,30050.45404516842,30050.64837449841,30040.00064659425,30049.731479847876,337
2025-05-01 00:36:00+00:00,30049.67149216076,30066.01789762767,30034.67519975712,30047.643245338648,471
2025-05-01 00:41:00+00:00,30049.29798521475,30061.13588556049,30042.457411833413,30048.771579834487,783
2025-05-01 00:46:00+00:00,30048.798125111112,30062.691260363892,30036.821424189617,30049.536795308584,621
2025-05-01 00:51:00+00:00,30048.915171705077,30055.266570615368,30041.789769329236,30049.99093503934,680
2025-05-01 00:56:00+00:00,30049.847147427707,30060.32837832394,30043.523092374962,30050.22866277938,106
2025-05-01 01:01:00+00:00,30049.56886025528,30058.346175511295,30037.79729891431,30050.478587220205,470
2025-05-01 01:06:00+00:00,30050.74738282089,30060.104604809494,30038.78598263028,30050.149561654776,356
2025-05-01 01:11:00+00:00,30051.81273475938,30052.350057369466,30040.299492505845,30051.3456940943,302
2025-05-01 01:16:00+00:00,30051.147250518065,30051.915718389348,30032.72276021354,30049.93941594362,535
2025-05-01 01:21:00+00:00,30051.641521251306,30066.299434502085,30039.25898602535,30052.049962937854,725
2025-05-01 01:26:00+00:00,30050.98237138885,30060.875070438917,30050.7500633334,30051.757980926184,690
2025-05-01 01:31:00+00:00,30050.263214640923,30062.15090187741,30048.276685240206,30049.660423830395,529
2025-05-01 01:36:00+00:00,30049.832948242412,30054.176588024937,30049.143382230748,30049.42413514288,722
2025-05-01 01:41:00+00:00,30050.436799812418,30064.723990527535,30045.54409016254,30049.69958785252,342
2025-05-01 01:46:00+00:00,30052.343174453043,30061.479786252115,30051.45599553444,30051.761697603702,710
2025-05-01 01:51:00+00:00,30052.376982019745,30060.962303333577,30048.35845913529,30050.420586824875,944
2025-05-01 01:56:00+00:00,30053.10111976524,30055.037746361268,30038.65091157154,30052.231438368348,947
2025-05-01 02:01:00+00:00,30051.409749687857,30065.995601461327,30038.453979161346,30049.770329906376,805
2025-05-01 02:06:00+00:00,30051.472358362473,30059.873073289178,30048.19916687459,30051.905096008337,917
2025-05-01 02:11:00+00:00,30050.32440794399,30069.14241471904,30042.72775154989,30050.620692483742,345
2025-05-01 02:16:00+00:00,30051.535028393046,30071.03928657696,30038.755665172648,30052.048060060148,339
2025-05-01 02:21:00+00:00,30048.940203987884,30058.253605150046,30047.821132406436,30047.794839220292,838
2025-05-01 02:26:00+00:00,30049.03027199819,30061.41875391899,30034.905716356476,30049.861532806626,735
2025-05-01 02:31:00+00:00,30049.31693688962,30062.295343558653,30035.097154180417,30048.510082577643,822
2025-05-01 02:36:00+00:00,30050.556703966602,30065.204500304735,30047.07516522213,30049.798634868133,772
2025-05-01 02:41:00+00:00,30048.77265719411,30064.889784218118,30035.312068590545,30049.875858895175,301
2025-05-01 02:46:00+00:00,30049.245394189762,30057.75433320666,30042.733558198153,30049.713237491138,483
2025-05-01 02:51:00+00:00,30050.474477765903,30050.90312925616,30048.166527562513,30052.143496991208,710
2025-05-01 02:56:00+00:00,30051.358290635704,30060.197538794437,30038.185649165967,30053.95178913578,358
2025-05-01 03:01:00+00:00,30051.28770396656,30065.67680801971,30031.803121595633,30051.474122414947,220
2025-05-01 03:06:00+00:00,30051.687465373238,30061.59608733057,30032.42095904902,30050.660115256498,352
2025-05-01 03:11:00+00:00,30051.539790111863,30056.498725415135,30049.112237311943,30050.627055371016,911
2025-05-01 03:16:00+00:00,30050.486479879663,30051.263857828297,30046.22116478342,30049.5728333447,578
2025-05-01 03:21:00+00:00,30051.525159735935,30063.646091902247,30036.096103226133,30050.594141347075,972
2025-05-01 03:26:00+00:00,30051.652549820075,30063.816248603933,30039.479353320326,30052.528858559617,591
2025-05-01 03:31:00+00:00,30051.058551818373,30061.121698970073,30041.739935203346,30051.72221825323,863
2025-05-01 03:36:00+00:00,30048.630957876314,30053.112578519198,30030.017354371255,30049.087360191297,617
2025-05-01 03:41:00+00:00,30046.939697219135,30060.96815088377,30038.41493959626,30047.164911279284,918
2025-05-01 03:46:00+00:00,30045.944377835473,30047.025648882114,30044.820853087233,30045.76404951592,830
2025-05-01 03:51:00+00:00,30044.185672560125,30044.584939312466,30041.242563836986,30044.925774975385,884
2025-05-01 03:56:00+00:00,30043.677996072867,30059.75164625386,30027.30403056344,30042.008811700467,693
2025-05-01 04:01:00+00:00,30043.28461086298,30059.771519087382,30042.57773934817,30042.778833262917,933
2025-05-01 04:06:00+00:00,30041.961180683396,30048.7027775183,30025.24980749807,30042.821794240754,422
2025-05-01 04:11:00+00:00,30041.22379984428,30052.32852230776,30022.357423074096,30040.564795678994,520
2025-05-01 04:16:00+00:00,30041.772916155966,30045.94034986964,30040.999857505576,30041.339773971024,138
2025-05-01 04:21:00+00:00,30041.40217886891,30055.626710253422,30021.726676751045,30042.615414240423,903
2025-05-01 04:26:00+00:00,30042.49287534848,30048.428306620805,30042.087572077115,30041.32815016903,526
2025-05-01 04:31:00+00:00,30040.86577566689,30050.049434939712,30038.675686475373,30040.750725157817,717
2025-05-01 04:36:00+00:00,30042.47519949582,30054.05826394859,30030.26549667999,30042.844774057834,937
2025-05-01 04:41:00+00:00,30043.544145748045,30059.610837292374,30035.236375287986,30043.445393159556,687
2025-05-01 04:46:00+00:00,30042.820158530612,30044.175608402486,30037.99611412241,30043.100954413276,340
2025-05-01 04:51:00+00:00,30043.111733920075,30045.200535179807,30025.293036114406,30044.229731839547,609
2025-05-01 04:56:00+00:00,30041.425626974746,30045.520860647383,30028.333252817218,30041.114250309343,184
2025-05-01 05:01:00+00:00,30042.95676060129,30060.18393796916,30023.744837947113,30042.934171754485,324
2025-05-01 05:06:00+00:00,30043.07349032224,30057.983942624276,30033.456399297454,30042.12868477144,218
2025-05-01 05:11:00+00:00,30042.781824556787,30053.970815849996,30036.372504699975,30043.51645141475,722
2025-05-01 05:16:00+00:00,30041.511425825207,30056.776351390792,30032.147097600347,30040.944938367997,691
2025-05-01 05:21:00+00:00,30041.203190752054,30042.17002441721,30028.280337169206,30040.56463188102,783
2025-05-01 05:26:00+00:00,30041.37497975523,30047.54796295294,30037.502911219573,30041.52616362392,706
2025-05-01 05:31:00+00:00,30041.31487644091,30052.449907297632,30037.112268151155,30039.868465534855,375
2025-05-01 05:36:00+00:00,30039.350215048686,30042.346135175896,30031.229456519883,30037.891114947455,870
2025-05-01 05:41:00+00:00,30038.397524385247,30045.063638312557,30033.648092087937,30038.030000112594,334
2025-05-01 05:46:00+00:00,30040.13566106735,30058.316864940978,30029.290890552435,30040.13247159186,100
2025-05-01 05:51:00+00:00,30038.34168281105,30057.785194053595,30037.780422461103,30036.37722567633,630
2025-05-01 05:56:00+00:00,30038.786288099916,30046.235664332355,30035.40405126215,30039.792518178278,136
2025-05-01 06:01:00+00:00,30038.230723814235,30056.333610117137,30034.998443351855,30038.963459248458,576
2025-05-01 06:06:00+00:00,30038.603435265042,30054.250667366894,30030.39198967964,30037.88737197847,575
2025-05-01 06:11:00+00:00,30038.0732325159,30054.715834542185,30028.82151383265,30038.899549666483,918
2025-05-01 06:16:00+00:00,30039.40098326526,30051.189755048094,30024.227975642705,30037.96659613929,750
2025-05-01 06:21:00+00:00,30038.387413320423,30043.143353035855,30034.961208760382,30037.549521154953,949
2025-05-01 06:26:00+00:00,30039.391626157678,30055.33114237524,30036.448189981293,30036.77952167176,424
2025-05-01 06:31:00+00:00,30038.889690296575,30058.30121630997,30027.51369791204,30037.7216159039,677
2025-05-01 06:36:00+00:00,30039.29733767106,30045.655692071738,30031.191346493717,30038.954047003524,528
2025-05-01 06:41:00+00:00,30040.955760147524,30041.655186677744,30039.413895003367,30042.16742197293,212
2025-05-01 06:46:00+00:00,30040.614888734784,30051.48994385082,30023.203704032847,30041.894605986294,439
2025-05-01 06:51:00+00:00,30039.298661802164,30051.089961667727,30026.31813828595,30040.012444614582,987
2025-05-01 06:56:00+00:00,30038.64180547928,30054.664857860265,30033.50504450683,30039.498221599395,948
2025-05-01 07:01:00+00:00,30037.39131835118,30040.49967032077,30034.245552213262,30037.808171662633,259
2025-05-01 07:06:00+00:00,30039.166289407345,30048.620443160777,30023.957418749473,30040.438625113173,925
2025-05-01 07:11:00+00:00,30040.736800465274,30054.03541927639,30030.308362633015,30041.322866010752,199
2025-05-01 07:16:00+00:00,30042.886181098726,30054.3757361384,30038.008182397098,30043.52285102123,966
2025-05-01 07:21:00+00:00,30042.14983714873,30045.26615194585,30036.07227007152,30042.60787476824,588
2025-05-01 07:26:00+00:00,30042.24228589588,30061.360114511623,30029.443866086116,30042.14652970668,318
2025-05-01 07:31:00+00:00,30043.01427473802,30057.886289068243,30024.828161041456,30042.52952685892,890
2025-05-01 07:36:00+00:00,30040.83848164796,30049.828837801993,30022.789551592163,30040.93114172386,552
2025-05-01 07:41:00+00:00,30040.98148312903,30048.625919327857,30031.745557559316,30040.076528363374,851
2025-05-01 07:46:00+00:00,30042.237093642685,30061.954712902014,30027.330510500262,30041.482961683454,314
2025-05-01 07:51:00+00:00,30043.63894994445,30048.225845139863,30036.80509002583,30045.56523501895,767
2025-05-01 07:56:00+00:00,30042.954552812986,30045.86702229637,30025.91774858964,30042.460399377953,494
2025-05-01 08:01:00+00:00,30043.478253368943,30061.387616400072,30037.813586829954,30043.71206432047,881
2025-05-01 08:06:00+00:00,30041.610326816444,30051.39721823992,30032.730659490033,30041.063558592625,494
2025-05-01 08:11:00+00:00,30041.50199897705,30046.796113197146,30024.178471449428,30040.745785247607,643
2025-05-01 08:16:00+00:00,30040.146009118478,30049.67142786876,30020.407214847026,30042.501962646937,677
2025-05-01 08:21:00+00:00,30039.91294419242,30048.698922310065,30025.42721064627,30038.264312426898,549
2025-05-01 08:26:00+00:00,30042.25541310855,30053.866628567197,30033.28344609191,30042.753972013626,681
2025-05-01 08:31:00+00:00,30041.978564593028,30052.48669652136,30030.39220600103,30041.227585501045,691
2025-05-01 08:36:00+00:00,30040.556220055216,30044.86685819196,30031.41920903318,30039.928053676333,398
2025-05-01 08:41:00+00:00,30042.47472595579,30059.97536240386,30037.236924462188,30042.09308907761,109
2025-05-01 08:46:00+00:00,30043.90054795291,30058.21311925341,30041.8531938487,30044.798481749876,151
2025-05-01 08:51:00+00:00,30044.081246318136,30044.555022006327,30025.789554941366,30045.034679406046,174
2025-05-01 08:56:00+00:00,30045.54759756809,30050.524305923296,30035.90348395084,30044.536989519278,913
2025-05-01 09:01:00+00:00,30043.234526899567,30047.13003629961,30041.988172131878,30041.559136686057,340
2025-05-01 09:06:00+00:00,30043.823272318376,30052.304285416707,30029.55570777259,30042.66259766097,810
2025-05-01 09:11:00+00:00,30044.029853520544,30057.05560318177,30025.13788955292,30045.275522809716,280
2025-05-01 09:16:00+00:00,30044.449057056747,30056.233159675085,30031.64681547245,30044.352776836917,473
2025-05-01 09:21:00+00:00,30046.69921364438,30057.859071458515,30036.962938137316,30048.40429286315,531
2025-05-01 09:26:00+00:00,30046.541457787214,30054.752990771707,30046.18088014336,30047.11463975166,758
2025-05-01 09:31:00+00:00,30045.709715089746,30061.51950864363,30029.377147527524,30045.78203373475,627
2025-05-01 09:36:00+00:00,30045.845464502112,30051.952472731544,30038.18087557624,30046.4574982916,420
2025-05-01 09:41:00+00:00,30044.13411198078,30061.248903668937,30043.384307608263,30042.356162935357,428
2025-05-01 09:46:00+00:00,30044.436764772992,30050.084151295625,30029.105001085944,30044.806877175233,335
2025-05-01 09:51:00+00:00,30045.017405365732,30046.07183843568,30036.765357322376,30046.263127424358,484
2025-05-01 09:56:00+00:00,30045.160711525572,30047.911225225722,30040.889330233607,30045.171164826606,629
2025-05-01 10:01:00+00:00,30043.797817006627,30053.601002176878,30043.070362146467,30042.38664721405,997
2025-05-01 10:06:00+00:00,30043.756377161062,30053.36882957231,30027.972626599767,30044.760522184155,601
2025-05-01 10:11:00+00:00,30043.407531768178,30045.987038379993,30032.220978084624,30042.378680467307,932
2025-05-01 10:16:00+00:00,30042.69858755433,30047.182212966425,30031.347316690164,30043.71576743853,792
2025-05-01 10:21:00+00:00,30042.785108159398,30057.062136171597,30031.513314123695,30043.70688917226,445
2025-05-01 10:26:00+00:00,30041.66082485485,30053.20440927147,30023.788787326495,30039.927837572577,371
2025-05-01 10:31:00+00:00,30041.886145609995,30047.843309335487,30035.345377805592,30041.788482843218,297
2025-05-01 10:36:00+00:00,30042.616809189876,30046.51556210209,30028.309733277078,30043.934844481555,292
2025-05-01 10:41:00+00:00,30042.723835606765,30043.527778975436,30027.258174684477,30043.907307156824,627
2025-05-01 10:46:00+00:00,30043.574543930165,30053.370161364757,30035.754258761986,30045.25914791316,583
2025-05-01 10:51:00+00:00,30045.275354582707,30051.466723375608,30041.516485866356,30048.46074483292,507
2025-05-01 10:56:00+00:00,30045.95800736991,30051.763710679294,30036.570994770507,30046.328220242274,996
2025-05-01 11:01:00+00:00,30045.216681615297,30060.10959518975,30038.389835319307,30045.671278102,841
2025-05-01 11:06:00+00:00,30044.180965616426,30063.911848141845,30028.39227090782,30043.91620674953,901
2025-05-01 11:11:00+00:00,30047.03926761388,30058.9555571118,30038.62884514855,30048.339485190554,602
2025-05-01 11:16:00+00:00,30046.250711310142,30051.054753276658,30043.00567792968,30045.872959914886,144
2025-05-01 11:21:00+00:00,30045.96846751205,30060.105312671483,30033.419139386577,30045.645292713794,652
2025-05-01 11:26:00+00:00,30045.451512864038,30061.415350941115,30027.237078683505,30045.07667200241,153
2025-05-01 11:31:00+00:00,30045.382720779846,30062.636672949404,30041.04325063986,30045.926576818503,607
2025-05-01 11:36:00+00:00,30046.310016792748,30064.12395517132,30043.82876456947,30048.334715974066,416
2025-05-01 11:41:00+00:00,30046.626717787927,30051.742401010262,30032.320506740012,30046.95040607943,916
2025-05-01 11:46:00+00:00,30046.165540976002,30064.61911908572,30036.073025871756,30046.390649276236,657
2025-05-01 11:51:00+00:00,30046.68077316659,30060.944643822095,30045.781846582482,30047.732952531027,414
2025-05-01 11:56:00+00:00,30047.559517768295,30057.151214954876,30038.5131382096,30048.523131191396,393
2025-05-01 12:01:00+00:00,30048.30088187364,30051.559854486328,30035.775718327714,30048.230953554772,503
2025-05-01 12:06:00+00:00,30049.760037341694,30056.425132418262,30030.333180163496,30050.168881641002,609
2025-05-01 12:11:00+00:00,30048.725134985365,30062.106921774015,30043.890417843046,30046.389466022658,647
2025-05-01 12:16:00+00:00,30048.620120235308,30056.194161443727,30043.98574157043,30048.925169304,551
2025-05-01 12:21:00+00:00,30050.117203000078,30058.59359338211,30046.44787676969,30049.668729546665,221
2025-05-01 12:26:00+00:00,30049.375203114745,30053.121513230242,30047.92487727731,30047.893890865584,581
2025-05-01 12:31:00+00:00,30049.629282224414,30054.992119435552,30042.420320991165,30049.051866234895,660
2025-05-01 12:36:00+00:00,30052.07852754951,30069.694901929666,30050.32465723399,30053.57871779262,372
2025-05-01 12:41:00+00:00,30054.26172310518,30065.181209257233,30039.210627358974,30054.73489231573,330
2025-05-01 12:46:00+00:00,30055.348921806642,30068.031786223557,30054.739581233043,30056.292417636847,804
2025-05-01 12:51:00+00:00,30055.088310958694,30073.392131506647,30044.736920141615,30054.5885081992,949
2025-05-01 12:56:00+00:00,30052.41970781547,30061.707396915597,30033.33344672135,30052.299107610692,880
2025-05-01 13:01:00+00:00,30052.971586189025,30063.999996195336,30042.41575944272,30053.3289408658,949
2025-05-01 13:06:00+00:00,30054.40899309193,30055.43693217277,30050.601832961296,30054.55333070028,269
2025-05-01 13:11:00+00:00,30055.127745400485,30061.614331533663,30046.184741970374,30054.527955026497,404
2025-05-01 13:16:00+00:00,30055.59859238375,30069.58090681987,30051.6139910504,30055.851723921,395
2025-05-01 13:21:00+00:00,30054.967348526927,30066.04380056587,30049.822167319708,30055.011746250286,638
2025-05-01 13:26:00+00:00,30055.54375017391,30060.478860796138,30055.04143893805,30055.746039466292,137
2025-05-01 13:31:00+00:00,30053.86171540929,30071.839461612682,30043.985251034646,30054.403809146374,696
2025-05-01 13:36:00+00:00,30054.172253951274,30073.6805268306,30047.510034831233,30054.03440124869,553
2025-05-01 13:41:00+00:00,30054.59158517613,30069.76880070581,30040.54987156934,30055.139629289737,414
2025-05-01 13:46:00+00:00,30053.536067029305,30065.768506934568,30046.25780361333,30052.072311285014,857
2025-05-01 13:51:00+00:00,30053.464183855693,30067.07653372862,30039.122021967887,30052.812983491476,299
2025-05-01 13:56:00+00:00,30053.37427744163,30072.19504301102,30045.78800798719,30051.772116584696,868
2025-05-01 14:01:00+00:00,30054.273632474393,30070.651984172666,30039.845011539885,30054.318317597194,804
2025-05-01 14:06:00+00:00,30053.57421771081,30064.595977016987,30040.054618754046,30054.63381719393,487
2025-05-01 14:11:00+00:00,30053.20652949859,30058.50880874704,30036.434372488413,30052.581085872636,707
2025-05-01 14:16:00+00:00,30053.524783731842,30062.099762036516,30039.677046186272,30054.148676782672,920
2025-05-01 14:21:00+00:00,30054.6851442303,30060.746053322306,30051.42442580376,30053.013287357397,621
2025-05-01 14:26:00+00:00,30053.41949943577,30072.566630983874,30041.10411354152,30053.530194206647,550
2025-05-01 14:31:00+00:00,30053.38434110025,30062.10618881525,30044.507474388938,30053.862719375666,112
2025-05-01 14:36:00+00:00,30055.04170939492,30073.603301777108,30047.035283508583,30056.42753049907,736
2025-05-01 14:41:00+00:00,30055.343559453395,30062.63629008976,30040.14034718321,30055.317975487385,352
2025-05-01 14:46:00+00:00,30056.255588545344,30066.363254974327,30043.675126028993,30056.407670227534,349
2025-05-01 14:51:00+00:00,30054.986547751196,30058.643878822062,30043.881244051205,30054.893171415075,174
2025-05-01 14:56:00+00:00,30055.52336311393,30065.9768185339,30043.08217413429,30055.27159024961,277
2025-05-01 15:01:00+00:00,30055.11319623982,30068.31585599697,30036.586342939656,30055.073684499228,482
2025-05-01 15:06:00+00:00,30055.963958918524,30066.33711049051,30053.258320399927,30054.13992893393,328
2025-05-01 15:11:00+00:00,30055.187253245735,30060.704034426737,30053.14081183661,30056.2680433664,274
2025-05-01 15:16:00+00:00,30054.052934381896,30069.972145253407,30040.810236039695,30054.68995401209,741
2025-05-01 15:21:00+00:00,30055.062118106332,30064.23249727513,30038.669845941175,30054.088506488657,455
2025-05-01 15:26:00+00:00,30055.043001135662,30057.316809659344,30054.411739598047,30055.380526571505,136
2025-05-01 15:31:00+00:00,30054.46603028588,30056.698983261456,30040.695317309906,30056.066244314025,226
2025-05-01 15:36:00+00:00,30054.719848575485,30068.453367892984,30048.346488822783,30055.868173253508,446
2025-05-01 15:41:00+00:00,30055.95777361815,30065.94894419483,30053.198929456663,30056.55405564193,140
2025-05-01 15:46:00+00:00,30055.714436087936,30067.161286613755,30044.61275376479,30057.77435688012,437
2025-05-01 15:51:00+00:00,30054.198612453918,30068.35369139795,30052.414984873252,30054.37232026736,472
2025-05-01 15:56:00+00:00,30054.99043899734,30069.323093858504,30049.572495173557,30055.13150906214,245
2025-05-01 16:01:00+00:00,30055.28984900767,30065.442364537907,30046.705200218617,30056.062182523918,811
2025-05-01 16:06:00+00:00,30054.53924665389,30071.09805371016,30054.035104836734,30053.617786678176,754
2025-05-01 16:11:00+00:00,30055.685270401176,30060.79760239137,30050.504765487873,30054.404336639505,910
2025-05-01 16:16:00+00:00,30056.62744822059,30058.69184411741,30053.5059782758,30056.700783715958,923
2025-05-01 16:21:00+00:00,30054.157408293788,30073.621868845457,30050.160996635685,30053.897343361583,848
2025-05-01 16:26:00+00:00,30054.553975978306,30066.20539196353,30047.803865279875,30055.05383050966,982
2025-05-01 16:31:00+00:00,30056.06074838751,30073.449633409164,30048.78811398061,30055.4762313641,548
2025-05-01 16:36:00+00:00,30056.462836577084,30060.824118992492,30037.64270129024,30057.110548078268,332
2025-05-01 16:41:00+00:00,30056.891909882426,30075.451332308665,30038.031541268494,30058.566769759505,262
2025-05-01 16:46:00+00:00,30057.65830069718,30058.286979115877,30049.05395849638,30057.66682852855,175
2025-05-01 16:51:00+00:00,30059.584037090593,30060.824051177486,30050.269797901063,30059.785899366067,883
2025-05-01 16:56:00+00:00,30058.139369247667,30062.36664192694,30057.27214679337,30056.356304870053,425
2025-05-01 17:01:00+00:00,30060.64201875929,30067.350689814044,30053.984904264104,30060.54023083446,409
2025-05-01 17:06:00+00:00,30060.032682291934,30065.262090040047,30048.354316055353,30059.744810248627,515
2025-05-01 17:11:00+00:00,30059.55340108198,30078.333973826047,30048.039216598732,30058.34736849496,651
2025-05-01 17:16:00+00:00,30058.972513875535,30065.642976230196,30052.604989169646,30056.377237991146,215
2025-05-01 17:21:00+00:00,30058.667220397543,30072.819155627683,30051.883260100054,30058.612149001503,903
2025-05-01 17:26:00+00:00,30059.694719584204,30060.802255366703,30057.657860694297,30060.280121955442,808
2025-05-01 17:31:00+00:00,30058.259524417565,30074.525130635677,30043.719509188144,30056.84315127488,415
2025-05-01 17:36:00+00:00,30057.774198846957,30074.393927478337,30038.514950272485,30058.62677660007,619
2025-05-01 17:41:00+00:00,30059.613961422096,30068.009659787545,30058.587783636784,30058.475570822215,207
2025-05-01 17:46:00+00:00,30059.446668180666,30067.59963719163,30039.889846903734,30060.231642435625,388
2025-05-01 17:51:00+00:00,30057.713554497415,30065.423638280172,30047.5608398889,30057.441444445376,356
2025-05-01 17:56:00+00:00,30057.66167966202,30063.787975297266,30045.51496661927,30059.482206940374,460
2025-05-01 18:01:00+00:00,30056.811665572855,30076.506595248,30044.446962580372,30056.269081025133,797
2025-05-01 18:06:00+00:00,30057.870321804377,30059.669287556866,30057.80044267402,30058.35772546714,327
2025-05-01 18:11:00+00:00,30059.470592857742,30076.008439610898,30046.930789283633,30059.231074352447,531
2025-05-01 18:16:00+00:00,30058.362359478993,30075.855883444514,30046.592602980454,30058.64711141541,160
2025-05-01 18:21:00+00:00,30059.073144805247,30066.10861328404,30051.429198790735,30059.425934611325,956
2025-05-01 18:26:00+00:00,30059.440204323084,30074.173112520966,30048.810835257384,30058.994748956076,444
2025-05-01 18:31:00+00:00,30058.785253068647,30064.749334593074,30045.343428629498,30057.138861638337,977
2025-05-01 18:36:00+00:00,30060.250941540933,30066.8328189155,30045.504904964146,30060.141527048017,407
2025-05-01 18:41:00+00:00,30060.406071348913,30074.168917406663,30053.186629027903,30060.951185258607,747
2025-05-01 18:46:00+00:00,30059.58145478218,30061.855453584252,30043.115194318267,30059.12520739285,849
2025-05-01 18:51:00+00:00,30059.918587255557,30070.473743069197,30042.143263130834,30062.42966716132,104
2025-05-01 18:56:00+00:00,30059.919032790516,30078.658721024207,30056.627850783567,30058.495558744497,696
2025-05-01 19:01:00+00:00,30059.01940306139,30073.83191000359,30045.52706094405,30059.45447165115,268
2025-05-01 19:06:00+00:00,30058.393013253743,30075.37473676073,30055.420053085385,30060.220163797378,360
2025-05-01 19:11:00+00:00,30059.615194184964,30075.032815019942,30049.360168506995,30060.046918108426,930
2025-05-01 19:16:00+00:00,30059.862859777688,30071.35533434842,30049.2777649604,30061.02287218942,325
2025-05-01 19:21:00+00:00,30059.78111980125,30077.866279031296,30049.95824420547,30060.06030209542,228
2025-05-01 19:26:00+00:00,30058.661102338352,30073.18778428088,30047.119395893056,30059.57350971032,389
2025-05-01 19:31:00+00:00,30058.047288535865,30070.081726755358,30043.5778441884,30056.588532822716,289
2025-05-01 19:36:00+00:00,30058.52185740912,30059.160615322347,30043.49057832717,30057.571604990575,428
2025-05-01 19:41:00+00:00,30057.10694790626,30068.24466083151,30047.729369944154,30057.623556055656,136
2025-05-01 19:46:00+00:00,30056.129670317034,30069.974556838384,30044.229004445602,30056.14228396904,576
2025-05-01 19:51:00+00:00,30055.69590804283,30066.155736098677,30049.81939458951,30055.79976152359,899
2025-05-01 19:56:00+00:00,30057.25430851923,30067.73393970029,30042.72170310041,30055.64353693434,723
2025-05-01 20:01:00+00:00,30056.964957282224,30074.544573093743,30052.972890791087,30056.467135095183,359
2025-05-01 20:06:00+00:00,30058.572366420467,30073.741195380462,30042.04019672319,30056.953312609123,878
2025-05-01 20:11:00+00:00,30059.207331561553,30072.823342537195,30043.382604032628,30058.354203376013,534
2025-05-01 20:16:00+00:00,30058.19617457478,30068.64772896389,30052.88328833942,30058.246156814253,532
2025-05-01 20:21:00+00:00,30058.178320057126,30071.646739849646,30056.607840022105,30059.68140099672,525
2025-05-01 20:26:00+00:00,30056.446696813342,30071.4719926963,30043.18470117856,30056.7419582572,775
2025-05-01 20:31:00+00:00,30056.46163057469,30060.12839024765,30040.870328709458,30058.151898119508,264
2025-05-01 20:36:00+00:00,30055.60506787623,30059.086789069348,30053.97855158694,30057.35860041603,275
2025-05-01 20:41:00+00:00,30056.317521311106,30061.70073893549,30037.120735304554,30057.70963751445,136
2025-05-01 20:46:00+00:00,30054.90015322105,30067.435604447623,30036.689760601945,30055.854527663916,661
2025-05-01 20:51:00+00:00,30054.155206651285,30073.565466795946,30035.962209382706,30052.818608773778,395
2025-05-01 20:56:00+00:00,30054.766160720443,30061.851768850123,30050.42456249611,30052.319413480825,890
2025-05-01 21:01:00+00:00,30054.597265239878,30072.654940249457,30053.23831444037,30054.273646287627,864
2025-05-01 21:06:00+00:00,30054.05546786224,30056.427080172747,30037.102587272897,30051.604494550043,294
2025-05-01 21:11:00+00:00,30054.099978314738,30072.276009810084,30041.06545178305,30053.689246706377,790
2025-05-01 21:16:00+00:00,30053.615708753583,30067.088345351603,30036.59147451798,30052.76354685898,694
2025-05-01 21:21:00+00:00,30054.3432474246,30054.406113499168,30036.95124721289,30053.352080564448,900
2025-05-01 21:26:00+00:00,30055.125844406477,30055.658157248174,30045.376299080453,30054.41325991617,876
2025-05-01 21:31:00+00:00,30056.954815345714,30059.545454837073,30050.66119956802,30057.79787606513,767
2025-05-01 21:36:00+00:00,30056.06978249778,30066.285215901233,30037.476249370677,30055.89046654174,976
2025-05-01 21:41:00+00:00,30056.071541980866,30064.64442936515,30050.331451379945,30057.215940840157,202
2025-05-01 21:46:00+00:00,30056.966920157098,30065.31391496594,30040.27876581682,30054.54715168921,327
2025-05-01 21:51:00+00:00,30057.3404695675,30073.21131504275,30044.518529436264,30058.85910344471,940
2025-05-01 21:56:00+00:00,30057.024562266226,30071.04131531871,30042.363186317936,30058.143917120135,131
2025-05-01 22:01:00+00:00,30057.71886622299,30068.68010576385,30052.09792417079,30057.513768598357,136
2025-05-01 22:06:00+00:00,30057.238145825013,30070.977254334663,30044.580877831726,30056.668853388295,126
2025-05-01 22:11:00+00:00,30057.14752437797,30074.72678031508,30037.280798334847,30057.482265858795,266
2025-05-01 22:16:00+00:00,30058.683771676995,30059.65972251646,30046.37849177877,30057.020014683156,469
2025-05-01 22:21:00+00:00,30058.622547129544,30073.968049452153,30051.91252281482,30058.582039264038,361
2025-05-01 22:26:00+00:00,30059.619883605174,30078.710773024613,30056.00540534944,30059.61234489379,169
2025-05-01 22:31:00+00:00,30061.180959869613,30061.53752802301,30043.630534879336,30062.247570369862,470
2025-05-01 22:36:00+00:00,30062.00701325078,30079.304903035605,30053.580595130297,30062.6851079968,599
2025-05-01 22:41:00+00:00,30062.482931162845,30070.924849585033,30059.27016751221,30063.17004634148,410
2025-05-01 22:46:00+00:00,30063.61259557604,30064.376860659733,30044.916008087355,30063.255511757066,509
2025-05-01 22:51:00+00:00,30062.53366425408,30064.017167070666,30061.080194410617,30063.11234767089,227
2025-05-01 22:56:00+00:00,30062.458233895537,30070.04399558812,30042.635618796365,30063.08723600908,279
2025-05-01 23:01:00+00:00,30062.97573000685,30075.486068075574,30054.082816540886,30062.74995080501,876
2025-05-01 23:06:00+00:00,30063.93961829693,30068.180670865455,30060.403702740565,30065.145861772173,899
2025-05-01 23:11:00+00:00,30063.072261837802,30069.85863980672,30059.116681781048,30063.310420218328,648
2025-05-01 23:16:00+00:00,30061.625752777836,30078.898949641447,30046.340674561437,30062.395191855507,201
2025-05-01 23:21:00+00:00,30062.507565297576,30065.84335072991,30045.758102836935,30063.541898445845,805
2025-05-01 23:26:00+00:00,30063.368862510702,30078.072592705732,30057.724890215122,30064.376386222208,312
2025-05-01 23:31:00+00:00,30062.821930823884,30067.809326992032,30059.341692431928,30063.328662684442,639
2025-05-01 23:36:00+00:00,30063.449933889253,30081.272256652006,30061.457395124024,30063.493412024898,351
2025-05-01 23:41:00+00:00,30063.002095946467,30075.13734031672,30046.77211927056,30065.257753074584,440
2025-05-01 23:46:00+00:00,30063.961963717426,30072.43676958149,30047.79010811126,30063.821999667936,921
2025-05-01 23:51:00+00:00,30064.47333149424,30081.680809581183,30059.026226798618,30065.252476580186,813
2025-05-01 23:56:00+00:00,30063.646365133915,30077.430330982585,30044.730699989446,30063.404661596916,463
2025-05-02 00:01:00+00:00,30063.923717451664,30079.32471837354,30058.92140576819,30062.177169866758,567
2025-05-02 00:06:00+00:00,30065.148057987433,30068.3614176434,30053.75106678791,30064.22460913105,987
2025-05-02 00:11:00+00:00,30064.547456999124,30067.735177376606,30058.540541725823,30064.27054484244,708
2025-05-02 00:16:00+00:00,30065.13654175956,30071.329296004733,30052.861797186873,30064.6588109807,812
2025-05-02 00:21:00+00:00,30064.476348779095,30078.233414133152,30055.552016211335,30062.74678731279,380
2025-05-02 00:26:00+00:00,30063.97080814782,30068.613449683857,30058.833290617324,30064.89676801786,823
2025-05-02 00:31:00+00:00,30062.897545526692,30067.302416962488,30051.442654750415,30062.9236728195,862
2025-05-02 00:36:00+00:00,30063.25136151572,30071.903859155816,30056.015357661767,30063.988247608046,271
2025-05-02 00:41:00+00:00,30063.463671710768,30079.62778546988,30054.05445486102,30064.26862401958,246
2025-05-02 00:46:00+00:00,30063.458500912173,30069.55784593866,30061.125003230078,30062.679290484357,499
2025-05-02 00:51:00+00:00,30062.959859411705,30074.46237981798,30057.066182919567,30065.435805943343,234
2025-05-02 00:56:00+00:00,30063.103007330817,30066.22437401676,30052.046087841944,30064.034153490153,807
2025-05-02 01:01:00+00:00,30062.502429878718,30073.77989410121,30043.410126487754,30062.369674694997,658
2025-05-02 01:06:00+00:00,30062.951927272057,30064.593584434617,30047.43469100647,30063.36429394568,805
2025-05-02 01:11:00+00:00,30063.024234217046,30072.996999804764,30055.542061259664,30062.416601013025,288
2025-05-02 01:16:00+00:00,30063.805850254044,30066.1347462789,30046.879960951435,30063.682056959493,536
2025-05-02 01:21:00+00:00,30061.847000332225,30076.619080752378,30059.1120349409,30061.663645056437,830
2025-05-02 01:26:00+00:00,30061.43061603615,30081.368858037138,30044.436124323045,30060.710190748963,390
2025-05-02 01:31:00+00:00,30061.715117785418,30079.609508365324,30050.110189097395,30063.01636274118,636
2025-05-02 01:36:00+00:00,30062.993665150236,30065.571183271753,30048.722928490937,30063.422235485024,396
2025-05-02 01:41:00+00:00,30063.594314231992,30072.447394375235,30046.091992216494,30064.583309305133,869
2025-05-02 01:46:00+00:00,30061.903371650933,30069.412793975807,30056.842385754702,30062.329977641402,550
2025-05-02 01:51:00+00:00,30062.97072724829,30063.990122337407,30060.61036532634,30063.5989101458,450
2025-05-02 01:56:00+00:00,30063.343459075317,30078.318022145093,30048.427822372563,30063.29337743728,900
2025-05-02 02:01:00+00:00,30064.96980549281,30072.830239108513,30055.23051465688,30065.095605601684,278
2025-05-02 02:06:00+00:00,30065.676604753524,30082.237240081562,30059.459766590648,30066.75927907409,623
2025-05-02 02:11:00+00:00,30065.2802344655,30080.887919207657,30062.105368398476,30065.38259056826,749
2025-05-02 02:16:00+00:00,30064.10195548568,30075.558534168802,30050.992394442328,30065.31467627613,437
2025-05-02 02:21:00+00:00,30065.154199869423,30084.591721626148,30058.12461608969,30064.57737956317,582
2025-05-02 02:26:00+00:00,30067.0579759208,30082.56617522825,30066.74589995463,30067.29870949207,922
2025-05-02 02:31:00+00:00,30068.978148313166,30081.805375589684,30055.623384473183,30070.185312483485,464
2025-05-02 02:36:00+00:00,30070.13391091775,30086.04116103778,30065.30965138593,30068.83244632413,259
2025-05-02 02:41:00+00:00,30069.322214748645,30082.149949779032,30050.689831733718,30068.68710950728,287
2025-05-02 02:46:00+00:00,30071.132410953764,30072.643216716937,30064.326249556412,30070.244202900434,650
2025-05-02 02:51:00+00:00,30072.32259699618,30084.85104069097,30053.394605371,30071.283024837074,941
2025-05-02 02:56:00+00:00,30074.285771970703,30079.611605894035,30057.326995317686,30075.66831393532,465
2025-05-02 03:01:00+00:00,30073.616142574087,30083.599852342602,30071.49296456244,30074.297434502685,484
2025-05-02 03:06:00+00:00,30075.047446064942,30079.5208143084,30056.756386398865,30074.76081905056,663
2025-05-02 03:11:00+00:00,30075.294657656435,30083.46884326048,30055.467580521476,30075.339508666933,598
2025-05-02 03:16:00+00:00,30074.86394842166,30092.066992300628,30060.243916863223,30075.53714600195,545
2025-05-02 03:21:00+00:00,30074.143619055976,30076.559768279167,30073.625567995972,30073.596518478582,401
2025-05-02 03:26:00+00:00,30075.08125214884,30083.341520401922,30066.482508454636,30076.085824876787,993
2025-05-02 03:31:00+00:00,30076.57920494304,30088.012113585293,30070.748214617786,30075.44959532705,275
2025-05-02 03:36:00+00:00,30077.413072662985,30079.04802487149,30059.04578330243,30077.128985916577,273
2025-05-02 03:41:00+00:00,30078.185547139026,30096.047155155527,30077.00187528666,30079.234968603112,998
2025-05-02 03:46:00+00:00,30078.012316445063,30090.814818808132,30066.662683666775,30079.368326496973,138
2025-05-02 03:51:00+00:00,30079.30741159788,30082.276863626837,30067.122988025898,30079.593970662114,121
2025-05-02 03:56:00+00:00,30079.981987544415,30087.894923416174,30065.09878311874,30078.891674771436,625
2025-05-02 04:01:00+00:00,30080.83914777435,30094.950488314964,30064.548413223518,30081.095161623212,287
2025-05-02 04:06:00+00:00,30081.088957244297,30095.07376050709,30064.333525875885,30083.016119748976,847
2025-05-02 04:11:00+00:00,30080.38808879078,30098.63486677018,30072.30141162109,30079.704059656426,898
2025-05-02 04:16:00+00:00,30079.438944248832,30090.224870407543,30078.21234010934,30079.514188192854,739
2025-05-02 04:21:00+00:00,30080.29206072635,30095.63685428452,30067.37750664323,30082.412496971443,584
2025-05-02 04:26:00+00:00,30079.061140650578,30098.03799004913,30069.79062753592,30079.3562330255,736
2025-05-02 04:31:00+00:00,30080.976974759073,30086.1922505106,30061.461302663,30081.514247215746,792
2025-05-02 04:36:00+00:00,30081.235842485836,30086.379782980854,30061.688427169447,30080.053523255872,493
2025-05-02 04:41:00+00:00,30083.165511062132,30083.696165294343,30075.99247345708,30082.690006657176,961
2025-05-02 04:46:00+00:00,30083.82181460011,30086.11480833647,30065.692143712553,30084.76147767509,652
2025-05-02 04:51:00+00:00,30082.93666179513,30095.367469511886,30063.528763889888,30084.966430119803,107
2025-05-02 04:56:00+00:00,30082.124121601646,30082.60520999886,30064.32356739806,30081.992603621242,284
2025-05-02 05:01:00+00:00,30082.180354414588,30098.901622639907,30070.860239940404,30081.092012427987,249
2025-05-02 05:06:00+00:00,30082.242924208218,30094.57339610675,30072.335590979335,30082.98323074024,487
2025-05-02 05:11:00+00:00,30080.68571257256,30095.20892972602,30080.1505858329,30081.95175815361,761
2025-05-02 05:16:00+00:00,30080.103813362075,30091.8009227314,30076.898227759164,30079.544561103623,715
2025-05-02 05:21:00+00:00,30081.073831565667,30098.506452522113,30070.523372065076,30080.49995165014,782
2025-05-02 05:26:00+00:00,30081.329786717964,30085.010927619853,30078.52148164585,30082.397244221207,785
2025-05-02 05:31:00+00:00,30081.697220307222,30083.063140414502,30065.637149423525,30082.76726549427,837
2025-05-02 05:36:00+00:00,30081.72465289201,30095.06596768922,30076.17100565965,30078.98546449852,270
2025-05-02 05:41:00+00:00,30081.527134114822,30088.289209163144,30070.50296851339,30081.15859475956,923
2025-05-02 05:46:00+00:00,30080.361590125372,30090.984196323072,30072.827666797442,30081.506810555253,261
2025-05-02 05:51:00+00:00,30081.292748707176,30098.00966086156,30061.754184442583,30080.120032555005,546
2025-05-02 05:56:00+00:00,30080.20417063353,30088.22139610131,30061.785816427655,30080.50775037047,788
2025-05-02 06:01:00+00:00,30079.35346396391,30087.86347619775,30072.648165852766,30076.803510009944,741
2025-05-02 06:06:00+00:00,30080.190773851395,30082.80088606914,30061.50671844725,30079.21850158619,890
2025-05-02 06:11:00+00:00,30080.04965891281,30087.195366414784,30072.145783567295,30079.46956014108,742
2025-05-02 06:16:00+00:00,30081.906029576807,30095.70401801996,30068.434826755765,30082.257539595754,742
2025-05-02 06:21:00+00:00,30082.93636275794,30093.77747857076,30075.142053758154,30083.227390861233,608
2025-05-02 06:26:00+00:00,30084.098387714308,30086.05231749669,30067.376429703825,30084.436790154417,326
2025-05-02 06:31:00+00:00,30084.425562819393,30088.298997609145,30072.06659111807,30084.530250281467,184
2025-05-02 06:36:00+00:00,30084.49938275441,30099.371640434536,30067.64938233446,30084.197529707133,290
2025-05-02 06:41:00+00:00,30084.03051940426,30087.58240708323,30078.394929441904,30083.39584324976,880
2025-05-02 06:46:00+00:00,30085.397060158382,30103.80722197473,30070.76393372097,30086.398782698685,365
2025-05-02 06:51:00+00:00,30085.3582966287,30099.19920538777,30074.38805561659,30083.957898262262,265
2025-05-02 06:56:00+00:00,30086.323400283265,30090.20977803739,30069.027243171597,30086.745683454228,393
2025-05-02 07:01:00+00:00,30086.851259291667,30105.811081058167,30084.90249832568,30086.711645483127,145
2025-05-02 07:06:00+00:00,30088.340444577432,30102.34104826838,30080.255498812112,30086.93900746742,754
2025-05-02 07:11:00+00:00,30087.558541455102,30096.938520789536,30080.619695832625,30088.088971062774,423
2025-05-02 07:16:00+00:00,30089.164187469305,30092.696048942173,30085.88699771117,30088.699165776132,355
2025-05-02 07:21:00+00:00,30089.670316285297,30092.75742052178,30073.32626870803,30089.843860031167,157
2025-05-02 07:26:00+00:00,30091.480268077317,30102.145414638606,30075.277908138993,30090.063139113667,342
2025-05-02 07:31:00+00:00,30091.175438135702,30098.518102605725,30078.114891095374,30091.699584367743,104
2025-05-02 07:36:00+00:00,30092.402375893496,30111.123685011597,30083.177932588238,30093.048993885244,228
2025-05-02 07:41:00+00:00,30093.233493324504,30100.787394795258,30091.03992609714,30092.8817043248,724
2025-05-02 07:46:00+00:00,30092.757424609124,30093.01455911064,30085.376318002,30090.539919254337,739
2025-05-02 07:51:00+00:00,30093.18721904445,30108.151602963266,30088.263803016096,30094.011683439327,781
2025-05-02 07:56:00+00:00,30092.948686800002,30107.45858593903,30074.196265544226,30093.09799630295,339
2025-05-02 08:01:00+00:00,30092.85574873871,30111.409650574315,30090.758561363124,30092.679934052703,390
2025-05-02 08:06:00+00:00,30094.312402337157,30111.263220047473,30078.242622597776,30096.22287212217,346
2025-05-02 08:11:00+00:00,30094.332815859878,30112.91873464684,30091.162211098756,30092.660986235107,318
2025-05-02 08:16:00+00:00,30092.964487216024,30104.34963459847,30077.11483317021,30092.24779425901,257
2025-05-02 08:21:00+00:00,30095.737723182137,30113.81087630433,30086.66248851624,30094.545968288465,460
2025-05-02 08:26:00+00:00,30096.646010567787,30109.41976679751,30082.948524928084,30098.20120898013,594
2025-05-02 08:31:00+00:00,30096.201198295163,30102.449362700976,30078.39921680503,30093.767334825126,891
2025-05-02 08:36:00+00:00,30096.870129888917,30100.28136222732,30088.358624014276,30099.794203380683,492
2025-05-02 08:41:00+00:00,30097.009266569614,30103.114730970046,30093.74894519938,30096.581810007418,799
2025-05-02 08:46:00+00:00,30097.324727272662,30112.93421488535,30084.780746950062,30097.783446335747,716
2025-05-02 08:51:00+00:00,30096.399797089365,30102.30847898563,30089.872780951788,30094.938434425672,883
2025-05-02 08:56:00+00:00,30098.10719275697,30109.56069441953,30079.645100242833,30096.95562447678,891
2025-05-02 09:01:00+00:00,30098.083752806717,30111.47535564645,30081.322282619985,30096.89906271337,279
2025-05-02 09:06:00+00:00,30098.24727020177,30107.31613168827,30094.831140526298,30098.258353110374,447
2025-05-02 09:11:00+00:00,30097.70179607484,30104.29989390628,30078.322997506584,30097.33481886001,191
2025-05-02 09:16:00+00:00,30098.29521963826,30113.343664592638,30086.21904489468,30096.74321754135,690
2025-05-02 09:21:00+00:00,30098.007360736596,30099.377948729394,30090.05996624608,30097.730118128664,675
2025-05-02 09:26:00+00:00,30096.563886590324,30098.71121112986,30085.083637608743,30097.65817692165,131
2025-05-02 09:31:00+00:00,30095.723513393314,30107.81683531644,30088.554982028574,30094.614822493997,155
2025-05-02 09:36:00+00:00,30095.516735583402,30114.739307558688,30094.497327525653,30095.624664224255,688
2025-05-02 09:41:00+00:00,30094.95510885109,30109.839628653073,30080.64038490049,30093.485641372386,520
2025-05-02 09:46:00+00:00,30095.174357033407,30095.955148074463,30080.791848951518,30095.710319490958,933
2025-05-02 09:51:00+00:00,30095.939161533155,30099.64358444768,30081.66899625389,30094.433958769478,504
2025-05-02 09:56:00+00:00,30096.084986084785,30102.467229070688,30094.209065643045,30097.23330667701,834
2025-05-02 10:01:00+00:00,30094.483372837214,30099.1456029508,30075.683981024707,30092.908984733953,713
2025-05-02 10:06:00+00:00,30093.127853836002,30101.66357362122,30082.092565640538,30093.785268888845,808
2025-05-02 10:11:00+00:00,30092.54682051507,30102.616874111267,30082.724235874426,30093.24765044089,853
2025-05-02 10:16:00+00:00,30092.130527770074,30098.578758969576,30085.013592230735,30091.79216012845,964
2025-05-02 10:21:00+00:00,30090.936803228862,30107.06853497055,30085.46490777471,30092.10584185006,787
2025-05-02 10:26:00+00:00,30088.63433895638,30097.250118435568,30073.39280934208,30088.837171213803,311
2025-05-02 10:31:00+00:00,30089.535816556345,30095.55938009231,30081.125225751206,30088.815750855923,210
2025-05-02 10:36:00+00:00,30088.834344092294,30092.89030788863,30080.316656451603,30088.948350110273,853
2025-05-02 10:41:00+00:00,30088.889404984675,30105.67176047096,30080.53447063467,30088.839023694632,139
2025-05-02 10:46:00+00:00,30089.024423104693,30102.31893058066,30086.96956215889,30088.43785704483,892
2025-05-02 10:51:00+00:00,30088.853850980136,30089.485186788013,30078.643264141734,30087.885401210224,174
2025-05-02 10:56:00+00:00,30089.216228793535,30098.45526866762,30075.93209516033,30090.202377337537,302
2025-05-02 11:01:00+00:00,30088.984118750563,30096.6890247468,30088.90287916238,30088.757259190206,504
2025-05-02 11:06:00+00:00,30089.750055728193,30095.880692123224,30077.510185151663,30090.055931227766,284
2025-05-02 11:11:00+00:00,30090.447518843193,30095.06186356653,30089.617034756586,30091.32572537891,249
2025-05-02 11:16:00+00:00,30089.775213556637,30105.81186255893,30075.072027723894,30089.44826576633,167
2025-05-02 11:21:00+00:00,30089.494785406816,30107.487069689927,30069.556409541874,30090.011758042805,597
2025-05-02 11:26:00+00:00,30090.004880587323,30095.022186977247,30070.31477996596,30089.013270474836,554
2025-05-02 11:31:00+00:00,30092.220899422628,30097.137104288067,30073.8285681381,30091.931433935555,118
2025-05-02 11:36:00+00:00,30093.133180775385,30108.58550171765,30073.955857704288,30092.487728664782,938
2025-05-02 11:41:00+00:00,30093.640942157763,30110.850760358182,30080.35300017452,30093.37489342103,794
2025-05-02 11:46:00+00:00,30094.210389080752,30111.243819773204,30089.891563177098,30093.513919355366,565
2025-05-02 11:51:00+00:00,30092.708087953335,30109.601479315184,30084.558552296767,30093.710139473293,273
2025-05-02 11:56:00+00:00,30093.8453341118,30100.50133821256,30076.945720573258,30093.431301688466,502
2025-05-02 12:01:00+00:00,30093.01116276313,30099.14659520639,30090.994784757764,30092.418151377984,241
2025-05-02 12:06:00+00:00,30092.23427890499,30101.78358060059,30081.5944065823,30091.400142831488,956
2025-05-02 12:11:00+00:00,30091.69145438282,30095.369891143608,30080.401268836693,30090.8806526556,538
2025-05-02 12:16:00+00:00,30091.19978963892,30108.481189680046,30083.661414861566,30092.42694113055,148
2025-05-02 12:21:00+00:00,30090.985235730328,30110.675407768565,30073.513794940314,30089.164919645464,426
2025-05-02 12:26:00+00:00,30093.33602174487,30108.99518134096,30073.708749398695,30093.957264262128,203
2025-05-02 12:31:00+00:00,30094.765301329313,30111.530733875017,30076.1842889874,30094.171907599393,904
2025-05-02 12:36:00+00:00,30093.512203906514,30112.616992982494,30091.475098808252,30093.084773273593,248
2025-05-02 12:41:00+00:00,30093.405045581552,30094.954785776634,30077.397189341984,30094.364571607824,578
2025-05-02 12:46:00+00:00,30093.172067478845,30101.950184769197,30077.812136699595,30095.218825974032,558
2025-05-02 12:51:00+00:00,30094.66055526941,30108.24493342188,30091.095973599055,30094.404897862463,329
2025-05-02 12:56:00+00:00,30094.306758498988,30111.025238467326,30074.502910747506,30096.105279934913,930
2025-05-02 13:01:00+00:00,30094.270424434046,30101.98411700334,30077.873673837625,30094.331237136095,751
2025-05-02 13:06:00+00:00,30093.9423605899,30098.241809125284,30088.924064234372,30096.039939157068,487
2025-05-02 13:11:00+00:00,30094.09863212391,30101.626382729755,30083.282697615177,30092.988210138225,188
2025-05-02 13:16:00+00:00,30094.289475995036,30095.306908005758,30088.123849365893,30094.472550074905,389
2025-05-02 13:21:00+00:00,30092.838796062213,30106.360712159505,30090.409532817535,30093.927665156327,500
2025-05-02 13:26:00+00:00,30093.17229533032,30100.031356981624,30075.486747170326,30092.672187428696,548
2025-05-02 13:31:00+00:00,30095.145992067566,30106.06862733293,30083.925185330445,30096.031981653687,836
2025-05-02 13:36:00+00:00,30095.60063271967,30095.63219221456,30084.165072771833,30095.40922873891,295
2025-05-02 13:41:00+00:00,30096.641392620942,30104.99050790209,30087.18130193366,30096.045822606426,377
2025-05-02 13:46:00+00:00,30097.595143793584,30097.810490166055,30091.524204462716,30096.32584895338,349
2025-05-02 13:51:00+00:00,30098.553706777107,30107.634719708818,30091.356000661424,30097.739192509987,822
2025-05-02 13:56:00+00:00,30097.7914129558,30104.59455874834,30080.761730002014,30097.09198544573,723
2025-05-02 14:01:00+00:00,30097.275264069496,30110.029016320263,30095.955769454344,30097.81287181138,865
2025-05-02 14:06:00+00:00,30098.460772715956,30109.372742000785,30097.365465350005,30097.04863638136,721
2025-05-02 14:11:00+00:00,30100.230592662003,30113.658334853484,30099.16469754695,30100.43639501567,253
2025-05-02 14:16:00+00:00,30101.661845227703,30112.14158428185,30097.580521857963,30101.26944023561,996
2025-05-02 14:21:00+00:00,30101.6867524189,30113.99580889365,30085.770112622715,30101.786958372864,494
2025-05-02 14:26:00+00:00,30099.36872201508,30104.505741736815,30087.568135618723,30099.302836856696,181
2025-05-02 14:31:00+00:00,30098.84625449777,30103.482768746242,30088.877210649305,30097.974711000486,850
2025-05-02 14:36:00+00:00,30097.8164051933,30105.55876099067,30092.8781931271,30097.961618655383,142
2025-05-02 14:41:00+00:00,30096.960682401445,30113.558015950202,30080.085964251488,30097.280313271007,936
2025-05-02 14:46:00+00:00,30097.694854601912,30109.30786360973,30091.62740598784,30097.101778529897,215
2025-05-02 14:51:00+00:00,30095.939397705537,30101.28509475051,30095.526103157943,30096.758906393614,961
2025-05-02 14:56:00+00:00,30095.392545755356,30100.321589587435,30082.14743710554,30093.771123634182,364
2025-05-02 15:01:00+00:00,30094.70251061054,30106.234930257804,30085.99473612015,30095.169632168734,629
2025-05-02 15:06:00+00:00,30093.822666289085,30095.751695767194,30074.506438472745,30092.165848898338,519
2025-05-02 15:11:00+00:00,30093.313167276647,30106.88769016529,30084.682550808935,30093.10931249743,385
2025-05-02 15:16:00+00:00,30094.785341678242,30111.989979408176,30084.625044756285,30093.62345370754,624
2025-05-02 15:21:00+00:00,30094.332607139295,30104.275355878926,30085.606189349754,30092.589346600016,166
2025-05-02 15:26:00+00:00,30094.192203724375,30107.40925946112,30078.28394548407,30093.53027156933,930
2025-05-02 15:31:00+00:00,30093.39071610313,30108.879768672043,30082.290911257038,30093.862315103568,130
2025-05-02 15:36:00+00:00,30094.33306864361,30106.870697039274,30086.94959100598,30095.108902166034,545
2025-05-02 15:41:00+00:00,30094.220873574814,30104.644722879777,30091.88878767361,30094.040246565055,206
2025-05-02 15:46:00+00:00,30093.691730234757,30096.882262164185,30078.86242109577,30094.212165908306,964
2025-05-02 15:51:00+00:00,30093.846820365645,30109.310997655655,30078.412222616993,30093.925149355822,806
2025-05-02 15:56:00+00:00,30094.76414438186,30108.66881899657,30091.958179385227,30094.819055684038,158
2025-05-02 16:01:00+00:00,30094.275318405555,30105.711673240523,30081.374799878326,30092.82448074364,909
2025-05-02 16:06:00+00:00,30091.944761852395,30092.177937795557,30074.964852647223,30092.892180440984,933
2025-05-02 16:11:00+00:00,30091.817918812012,30109.47848029959,30082.4595750138,30091.182232638166,379
2025-05-02 16:16:00+00:00,30090.393112651647,30100.345129719477,30086.227032297487,30090.3036519114,488
2025-05-02 16:21:00+00:00,30089.89295489393,30099.056480667376,30082.91179947245,30089.509651670178,434
2025-05-02 16:26:00+00:00,30089.82921279299,30099.981396202358,30074.09367453677,30089.645798964448,921
2025-05-02 16:31:00+00:00,30089.328765122387,30108.99273638882,30085.096773881516,30090.35380756864,825
2025-05-02 16:36:00+00:00,30089.781434043325,30101.931424546405,30089.081681866952,30087.367668125597,190
2025-05-02 16:41:00+00:00,30090.669231422853,30101.80751752419,30083.058386388064,30091.011565357454,759
2025-05-02 16:46:00+00:00,30091.781001924224,30108.196831812766,30088.415308760414,30091.285212950315,899
2025-05-02 16:51:00+00:00,30093.032555941285,30105.6464646101,30084.670673435463,30092.64951365373,488
2025-05-02 16:56:00+00:00,30090.928043608532,30104.49646733821,30076.578836211123,30090.23037334389,282
2025-05-02 17:01:00+00:00,30090.283152881653,30098.88906973791,30089.09057385145,30090.391547960775,146
2025-05-02 17:06:00+00:00,30089.783077657856,30096.844753964626,30083.318541434593,30090.63201930185,281
2025-05-02 17:11:00+00:00,30088.191064873477,30097.969698157023,30080.05309927448,30087.383155422594,361
2025-05-02 17:16:00+00:00,30086.877329915682,30102.75744849818,30080.661954834544,30087.269486335423,147
2025-05-02 17:21:00+00:00,30087.386809933025,30107.343315577342,30083.113041323606,30086.301642349295,863
2025-05-02 17:26:00+00:00,30086.929201826268,30095.058316418355,30084.815854193377,30086.290682023773,825
2025-05-02 17:31:00+00:00,30087.53366563786,30088.225963891044,30083.52395882637,30086.466035301837,650
2025-05-02 17:36:00+00:00,30087.473973300956,30107.185703321422,30070.746201919086,30085.73670718603,349
2025-05-02 17:41:00+00:00,30088.487467575695,30093.98080680034,30073.074247956683,30090.524732052243,274
2025-05-02 17:46:00+00:00,30088.589209498885,30092.226948723222,30076.896020497596,30086.447992915477,363
2025-05-02 17:51:00+00:00,30088.007420519705,30101.911363205727,30077.392101229394,30088.36244475985,165
2025-05-02 17:56:00+00:00,30086.79611291739,30089.08809168102,30071.225368799525,30086.23750908914,175
2025-05-02 18:01:00+00:00,30087.64413005017,30096.490870270554,30074.837608367547,30087.3469043108,336
2025-05-02 18:06:00+00:00,30087.78025246483,30104.452433479513,30081.46705494175,30090.043224394558,803
2025-05-02 18:11:00+00:00,30086.39290546186,30098.531924434865,30070.98445879899,30087.118868340785,650
2025-05-02 18:16:00+00:00,30087.405458739308,30093.107752421867,30087.247627265417,30088.450205366014,429
2025-05-02 18:21:00+00:00,30087.226451790324,30102.20089088703,30078.236661575396,30086.629347468097,233
2025-05-02 18:26:00+00:00,30086.81271419266,30100.359322112654,30073.440074767394,30087.507359644223,289
2025-05-02 18:31:00+00:00,30086.000478106354,30102.891548689953,30078.063213539157,30086.820396838033,230
2025-05-02 18:36:00+00:00,30085.646215402965,30093.00790599075,30080.783575401892,30083.78398146786,714
2025-05-02 18:41:00+00:00,30087.586545337414,30093.681570063298,30081.42488508742,30087.46739361029,680
2025-05-02 18:46:00+00:00,30084.883343612928,30097.80781716623,30064.98499650006,30083.803990625504,610
2025-05-02 18:51:00+00:00,30083.74564726805,30092.538682115177,30064.509763002934,30082.9441988545,295
2025-05-02 18:56:00+00:00,30084.54940324967,30096.15552100282,30065.305315850666,30084.58516721335,321
2025-05-02 19:01:00+00:00,30084.591217653277,30087.135605455875,30079.497317136782,30083.38895597205,308
2025-05-02 19:06:00+00:00,30085.740026878626,30088.860650912316,30083.243091125172,30087.102810905457,969
2025-05-02 19:11:00+00:00,30086.43961508042,30104.806090685666,30072.03773904419,30086.27099970743,953
2025-05-02 19:16:00+00:00,30084.26479309359,30090.359702345777,30078.961897119698,30083.18604344763,861
2025-05-02 19:21:00+00:00,30081.39688607096,30096.475203764872,30073.13502404646,30081.131726025604,479
2025-05-02 19:26:00+00:00,30081.21632736626,30096.469873974518,30067.091084112573,30081.127500832124,394
2025-05-02 19:31:00+00:00,30079.409647759832,30086.391573210985,30070.17420248808,30080.628873205627,292
2025-05-02 19:36:00+00:00,30079.38381008375,30085.80821554329,30070.340759206792,30077.85089806793,523
2025-05-02 19:41:00+00:00,30079.781048568402,30098.263243784608,30065.994258620856,30080.4576560194,524
2025-05-02 19:46:00+00:00,30079.962218291916,30093.971151087353,30069.701498002752,30079.938639978533,804
2025-05-02 19:51:00+00:00,30080.903382420744,30092.991238588475,30063.692134187924,30079.54890071857,351
2025-05-02 19:56:00+00:00,30082.09064495978,30088.092687440774,30076.632481501725,30081.479047905596,410
2025-05-02 20:01:00+00:00,30081.821144031237,30092.644538958095,30071.955412808333,30083.486941940457,627
2025-05-02 20:06:00+00:00,30081.33379326561,30090.22991547526,30063.444914332445,30080.158826790335,386
2025-05-02 20:11:00+00:00,30079.876925417433,30080.986113913747,30065.403803924382,30080.649515940422,409
2025-05-02 20:16:00+00:00,30078.88180292607,30090.529301129107,30074.863914051984,30078.896870392757,312
2025-05-02 20:21:00+00:00,30078.681618276387,30087.866529274805,30062.445044869124,30080.29331037656,737
2025-05-02 20:26:00+00:00,30078.217595778162,30085.626257405696,30058.48575219769,30077.26555559481,835
2025-05-02 20:31:00+00:00,30076.97263748136,30079.217322029595,30076.90123704239,30079.145070402003,587
2025-05-02 20:36:00+00:00,30077.431945870176,30096.031622073795,30064.00026079062,30077.848149332123,483
2025-05-02 20:41:00+00:00,30076.84418079778,30091.598661742373,30060.66572800015,30075.853499044093,199
2025-05-02 20:46:00+00:00,30076.19199916737,30080.390926947857,30068.792344962752,30075.596065933358,186
2025-05-02 20:51:00+00:00,30075.739130659265,30080.12987181816,30069.80859174372,30076.01768051884,896
2025-05-02 20:56:00+00:00,30074.08673129458,30089.43652764538,30070.598942516066,30072.969521447147,758
2025-05-02 21:01:00+00:00,30073.884738678273,30086.448440514076,30068.008947545975,30073.14577484965,473
2025-05-02 21:06:00+00:00,30072.863150299232,30090.033330403403,30067.78323462961,30071.633141946073,480
2025-05-02 21:11:00+00:00,30071.891767855574,30091.077178263593,30055.505694511918,30071.905036159944,993
2025-05-02 21:16:00+00:00,30072.067319973034,30086.306821509803,30062.980808716624,30071.988698898862,874
2025-05-02 21:21:00+00:00,30071.722596571897,30074.49356757383,30058.050131294553,30071.760659704043,352
2025-05-02 21:26:00+00:00,30071.45910586091,30082.697715108276,30065.046912447822,30073.022133117982,509
2025-05-02 21:31:00+00:00,30071.277969714218,30079.271798792714,30051.699272139762,30070.64496784533,204
2025-05-02 21:36:00+00:00,30071.8564172558,30078.77597791889,30057.530397840965,30072.136713005788,109
2025-05-02 21:41:00+00:00,30070.03768733222,30075.056763023586,30066.05756925179,30070.47701015622,785
2025-05-02 21:46:00+00:00,30068.43026382086,30080.852738418555,30057.771324670164,30068.02680658033,313
2025-05-02 21:51:00+00:00,30068.29690287269,30070.611796406072,30052.194276991733,30067.321656946635,944
2025-05-02 21:56:00+00:00,30070.118924546987,30089.276058568554,30065.09355630599,30069.878354317363,594
2025-05-02 22:01:00+00:00,30069.609444615347,30071.4395796063,30058.833929327637,30069.77607293189,484
2025-05-02 22:06:00+00:00,30068.67248655233,30072.17130776563,30067.67770990069,30069.775469381973,366
2025-05-02 22:11:00+00:00,30067.647628208906,30073.4668175195,30055.179316114107,30068.736171111836,168
2025-05-02 22:16:00+00:00,30067.743245098754,30076.836548148218,30058.35206371033,30068.422940599532,150
2025-05-02 22:21:00+00:00,30068.331532810822,30083.35737861331,30055.648011366564,30069.52052723761,745
2025-05-02 22:26:00+00:00,30067.78595975024,30067.99138835424,30060.815881992654,30066.320365158033,265
2025-05-02 22:31:00+00:00,30069.411487006066,30083.101930336703,30051.61631060562,30070.43727155308,311
2025-05-02 22:36:00+00:00,30068.00425417848,30073.323377820467,30067.043596950207,30067.894455184396,126
2025-05-02 22:41:00+00:00,30068.537175394278,30077.573670836566,30053.94491739181,30066.23983712509,826
2025-05-02 22:46:00+00:00,30068.679006586244,30082.88881160085,30064.245433530643,30068.27705920441,880
2025-05-02 22:51:00+00:00,30068.151512494947,30082.671832598746,30056.45697480864,30067.42924918302,434
2025-05-02 22:56:00+00:00,30067.52877897173,30081.567485075382,30049.5514896697,30067.97904641298,829
2025-05-02 23:01:00+00:00,30067.164408370536,30079.32493135783,30059.973394894758,30067.094607392042,809
2025-05-02 23:06:00+00:00,30066.28379683173,30083.286557476124,30059.834944363338,30066.557214241562,883
2025-05-02 23:11:00+00:00,30063.25512148825,30064.709430446215,30048.27303470821,30062.78707908496,982
2025-05-02 23:16:00+00:00,30064.451505973608,30084.069627876946,30047.15591949454,30065.24133654617,100
2025-05-02 23:21:00+00:00,30063.84485321816,30070.85443642134,30047.251470798885,30064.91788372853,169
2025-05-02 23:26:00+00:00,30062.107026445072,30063.37811323171,30054.532219461795,30061.17134078341,711
2025-05-02 23:31:00+00:00,30062.866326871757,30079.87487730832,30059.32816701291,30063.113771921762,937
2025-05-02 23:36:00+00:00,30062.37648395061,30072.053549770484,30053.30313279165,30062.534224356037,597
2025-05-02 23:41:00+00:00,30065.096973249747,30070.902911571757,30064.915312692086,30065.676994093952,596
2025-05-02 23:46:00+00:00,30065.223962952954,30075.5165986149,30054.427434784415,30066.278485122144,633
2025-05-02 23:51:00+00:00,30063.659332996653,30064.903859656737,30044.064349021774,30064.38216393825,203
2025-05-02 23:56:00+00:00,30064.129033412155,30072.25428536521,30052.246799980876,30064.678780866005,574
2025-05-03 00:01:00+00:00,30063.855036932713,30079.133214337806,30051.65646051253,30064.25193408301,509
2025-05-03 00:06:00+00:00,30064.12367710413,30073.38198138429,30054.138628687797,30064.341090075774,153
2025-05-03 00:11:00+00:00,30064.03364821148,30080.34761570964,30047.021246108514,30062.849963392193,804
2025-05-03 00:16:00+00:00,30064.352525078444,30071.341678239576,30046.958431880983,30064.93208248947,104
2025-05-03 00:21:00+00:00,30063.790502470278,30069.33336527798,30046.647521028037,30065.120545295584,943
2025-05-03 00:26:00+00:00,30062.79848445047,30073.53984586169,30057.265567866405,30063.081084883735,566
2025-05-03 00:31:00+00:00,30062.278987926347,30071.147136436735,30048.250607445814,30062.704590771216,972
2025-05-03 00:36:00+00:00,30061.356139431722,30068.942824637674,30049.680305014295,30061.787183012264,263
2025-05-03 00:41:00+00:00,30061.56687790987,30080.866013838935,30057.618196820684,30062.052578377607,921
2025-05-03 00:46:00+00:00,30059.979333836563,30069.020851766607,30050.7394888047,30059.744136277666,827
2025-05-03 00:51:00+00:00,30060.563635284627,30064.326243368694,30043.83734469986,30062.184702810675,669
2025-05-03 00:56:00+00:00,30059.980874775283,30060.28228663378,30043.500879477237,30060.551519124157,506
2025-05-03 01:01:00+00:00,30058.979983937737,30064.306758952196,30052.5126137018,30059.914777898834,453
2025-05-03 01:06:00+00:00,30057.91772478782,30066.74648181929,30040.905516237464,30059.74174518951,193
2025-05-03 01:11:00+00:00,30058.426664221624,30064.714022814063,30045.752291898072,30059.17999421275,546
2025-05-03 01:16:00+00:00,30057.366067607494,30072.1579838476,30040.73384460966,30058.316898168352,663
2025-05-03 01:21:00+00:00,30058.057078875398,30072.132309994315,30044.67967003339,30059.31103954591,585
2025-05-03 01:26:00+00:00,30058.731269312175,30070.392872383756,30039.818088133365,30057.51521378851,983
2025-05-03 01:31:00+00:00,30057.99036315107,30072.552397000007,30040.47249259986,30057.749106972802,575
2025-05-03 01:36:00+00:00,30059.05219417134,30076.265278813626,30050.291627666007,30058.00318677215,158
2025-05-03 01:41:00+00:00,30058.98855711985,30061.383727528442,30048.019862160214,30059.25312506593,340
2025-05-03 01:46:00+00:00,30059.074084345655,30078.45718765649,30040.249899283757,30058.18399815619,157
2025-05-03 01:51:00+00:00,30057.73431688367,30061.961250940833,30043.19009769494,30056.35339433921,391
2025-05-03 01:56:00+00:00,30057.653396675403,30076.089345484685,30047.172128143204,30058.251191481195,447
2025-05-03 02:01:00+00:00,30057.595991360187,30071.7114949298,30050.480198577952,30056.11341608336,975
2025-05-03 02:06:00+00:00,30057.650930979617,30067.511569319904,30041.50906321743,30055.615552735006,328
2025-05-03 02:11:00+00:00,30059.664475892292,30063.943103021058,30052.760088254145,30060.120617867302,605
2025-05-03 02:16:00+00:00,30060.477483541174,30078.634428555113,30041.386171281705,30062.82143474756,171
2025-05-03 02:21:00+00:00,30059.47136348055,30077.611498927636,30046.408557345323,30060.14602997504,261
2025-05-03 02:26:00+00:00,30059.07852593698,30078.659981901365,30055.535206516637,30057.017218994664,836
2025-05-03 02:31:00+00:00,30060.428965492098,30074.031164923308,30055.172320703965,30058.79206752494,557
2025-05-03 02:36:00+00:00,30059.98807480734,30068.166465613787,30053.672944903377,30059.439277777223,104
2025-05-03 02:41:00+00:00,30060.27103052223,30074.341584577996,30058.149990287424,30063.300303667995,704
2025-05-03 02:46:00+00:00,30060.81064751884,30072.261515891954,30057.746388114392,30061.073564988495,920
2025-05-03 02:51:00+00:00,30060.092772584547,30073.385004467375,30052.788293758527,30060.242594293886,896
2025-05-03 02:56:00+00:00,30058.469252230443,30067.75242950093,30048.14563740034,30058.683900666827,789
2025-05-03 03:01:00+00:00,30060.695935309064,30064.42465812563,30056.471880377507,30060.892082243365,421
2025-05-03 03:06:00+00:00,30061.535153210356,30071.08290625802,30059.013459473674,30060.471967420744,563
2025-05-03 03:11:00+00:00,30061.177955570864,30079.098834694465,30054.72072940985,30062.123394434177,519
2025-05-03 03:16:00+00:00,30061.304795559532,30061.359529886467,30051.48381107312,30062.47719623624,233
2025-05-03 03:21:00+00:00,30060.71515493247,30062.422782693367,30055.385095338872,30061.28486639827,922
2025-05-03 03:26:00+00:00,30060.926161216074,30062.02890584428,30041.461146166406,30062.237474204747,267
2025-05-03 03:31:00+00:00,30058.60135269272,30067.918553239942,30043.120923772298,30059.68310908589,252
2025-05-03 03:36:00+00:00,30059.900723032275,30075.0146567273,30049.897970863327,30060.690156552624,680
2025-05-03 03:41:00+00:00,30059.941438928134,30074.147763204503,30045.93559883548,30059.723643837056,481
2025-05-03 03:46:00+00:00,30060.323748338382,30075.079211142704,30042.742905151994,30061.158823575595,264
2025-05-03 03:51:00+00:00,30060.621558318555,30076.72871164751,30055.104093703485,30063.297544169414,755
2025-05-03 03:56:00+00:00,30061.08490456773,30076.976724913045,30046.27480379444,30060.974895156567,129
2025-05-03 04:01:00+00:00,30060.576749167405,30080.34777750504,30053.13191983028,30061.007739995974,575
2025-05-03 04:06:00+00:00,30060.042918268107,30074.246405645597,30055.197505981476,30061.66291199059,373
2025-05-03 04:11:00+00:00,30060.30937895514,30061.366154359923,30060.040691377744,30060.254378762682,547
2025-05-03 04:16:00+00:00,30060.031757889185,30076.58142085387,30043.241256853667,30058.935149349352,563
2025-05-03 04:21:00+00:00,30059.3569466002,30070.49212975007,30049.19536894211,30057.497484055362,316
2025-05-03 04:26:00+00:00,30059.768932146864,30062.782685747698,30057.50104187571,30059.146255847165,826
2025-05-03 04:31:00+00:00,30060.90709482163,30063.239728198718,30057.77421680801,30060.384596714463,813
2025-05-03 04:36:00+00:00,30060.483206564983,30060.598306309534,30045.174002204443,30061.097664103978,609
2025-05-03 04:41:00+00:00,30060.171653893467,30065.94388232465,30052.713243289665,30060.619675806214,320
2025-05-03 04:46:00+00:00,30061.054594081073,30072.256761397963,30057.813036687814,30063.029934539838,980
2025-05-03 04:51:00+00:00,30061.425373667895,30069.05177692288,30046.81286871344,30061.612855191775,701
2025-05-03 04:56:00+00:00,30058.920847627858,30071.30944365112,30039.599598393543,30059.29831568948,850
2025-05-03 05:01:00+00:00,30059.890922498256,30078.343625306563,30053.686892773047,30059.97845327464,670
2025-05-03 05:06:00+00:00,30059.84795847229,30060.018197967598,30050.478199446716,30059.667004350773,392
2025-05-03 05:11:00+00:00,30058.605534480306,30067.05235820286,30053.679912698502,30060.24171750102,323
2025-05-03 05:16:00+00:00,30057.298901747454,30075.533807292995,30045.04388682173,30057.500770890285,751
2025-05-03 05:21:00+00:00,30056.831247604183,30070.846315478317,30050.910139747113,30056.717370813087,104
2025-05-03 05:26:00+00:00,30055.562526854897,30069.93007150474,30041.10653795745,30054.78093072084,272
2025-05-03 05:31:00+00:00,30054.904583647934,30059.899640408887,30047.17335338629,30054.343255907526,165
2025-05-03 05:36:00+00:00,30053.780002190066,30071.33255611408,30034.799713790486,30053.739762217792,351
2025-05-03 05:41:00+00:00,30053.16447054993,30056.22406620297,30048.738547700406,30053.71599072369,557
2025-05-03 05:46:00+00:00,30053.584001016523,30053.755620469277,30052.356022405835,30052.124962654227,409
2025-05-03 05:51:00+00:00,30054.433491439435,30072.465013120276,30045.564314831732,30052.90401520933,981
2025-05-03 05:56:00+00:00,30056.311143524257,30068.12873428396,30043.296366903243,30057.818697014853,531
2025-05-03 06:01:00+00:00,30055.825784387733,30063.953708491328,30042.979900652885,30057.602765128504,744
2025-05-03 06:06:00+00:00,30055.534134664398,30069.49738211555,30051.866846451692,30056.331581829272,262
2025-05-03 06:11:00+00:00,30053.460375449453,30059.562656055958,30048.956894551717,30053.476744463504,558
2025-05-03 06:16:00+00:00,30052.49333135318,30068.63035809325,30051.31221326254,30050.855646127515,868
2025-05-03 06:21:00+00:00,30052.17927383446,30067.557152497433,30045.150636288887,30052.96784131233,854
2025-05-03 06:26:00+00:00,30051.73058288372,30070.04957403347,30041.33752199911,30051.588106612297,540
2025-05-03 06:31:00+00:00,30051.704361781627,30066.995361840298,30046.545000897782,30051.58047742438,243
2025-05-03 06:36:00+00:00,30051.27238521103,30055.41298150905,30049.73180106235,30050.6037715111,501
2025-05-03 06:41:00+00:00,30050.654958893323,30053.66699611652,30046.315356357805,30051.496078014905,791
2025-05-03 06:46:00+00:00,30051.579015825937,30054.170672069125,30032.593290109176,30051.813054420145,852
2025-05-03 06:51:00+00:00,30051.301861565884,30066.636411468753,30044.428656285178,30052.19056819256,688
2025-05-03 06:56:00+00:00,30050.970278349174,30056.837392849415,30047.339678291493,30051.584963686455,968
2025-05-03 07:01:00+00:00,30052.228933420323,30054.606519255816,30043.975368911637,30051.350272177475,686
2025-05-03 07:06:00+00:00,30050.039016209503,30069.267351709506,30038.658696434657,30050.881323480295,304
2025-05-03 07:11:00+00:00,30050.239800938794,30057.504768999708,30043.906945443698,30049.685895801846,349
2025-05-03 07:16:00+00:00,30052.34360712053,30058.933298533826,30035.58959719784,30053.589574274098,409
2025-05-03 07:21:00+00:00,30053.95411570162,30055.574533264673,30053.512575604185,30053.016754431465,338
2025-05-03 07:26:00+00:00,30053.628580302033,30071.360015829887,30046.01148462713,30053.208952009158,273
2025-05-03 07:31:00+00:00,30054.593131915935,30065.668526757094,30043.71351521482,30055.31070772704,937
2025-05-03 07:36:00+00:00,30053.82165383062,30073.204693752607,30049.304725288646,30053.612299039254,379
2025-05-03 07:41:00+00:00,30055.25945281147,30070.607528006854,30038.89622325417,30056.348701150793,444
2025-05-03 07:46:00+00:00,30056.38296759744,30069.775793836474,30054.139769987974,30057.392436260394,367
2025-05-03 07:51:00+00:00,30055.703267066467,30062.01940459436,30037.62626399499,30056.229474811982,934
2025-05-03 07:56:00+00:00,30055.89733580911,30059.191307586334,30035.898854737763,30057.575245037508,463
2025-05-03 08:01:00+00:00,30054.339322337375,30070.768427848554,30040.120665604278,30054.33932628181,911
2025-05-03 08:06:00+00:00,30051.799960197295,30065.169464573068,30051.382778107672,30051.633045557257,174
2025-05-03 08:11:00+00:00,30049.454112447493,30059.285376221334,30031.712364273248,30049.01056295351,364
2025-05-03 08:16:00+00:00,30050.28550256998,30051.698700962574,30035.973479607786,30050.328148492572,593
2025-05-03 08:21:00+00:00,30051.15126460364,30068.653769025554,30036.068459250266,30051.83646491104,651
2025-05-03 08:26:00+00:00,30052.47169929391,30058.711855216807,30047.61431069593,30052.19318166071,556
2025-05-03 08:31:00+00:00,30053.186682464275,30072.077176902112,30033.93658032079,30053.56979300887,351
2025-05-03 08:36:00+00:00,30054.348775333885,30054.720443077545,30042.422258308852,30053.670623596878,586
2025-05-03 08:41:00+00:00,30055.657440656025,30057.802080275946,30042.594328817842,30057.230403322992,209
2025-05-03 08:46:00+00:00,30055.255417006094,30060.960554911653,30054.655064850034,30055.46166012848,851
2025-05-03 08:51:00+00:00,30055.15958776663,30059.056235108004,30046.0030367785,30057.128993204216,597
2025-05-03 08:56:00+00:00,30052.84344313946,30053.549347231583,30038.074778916794,30053.10150011383,458
2025-05-03 09:01:00+00:00,30053.79382179346,30057.491202781785,30052.071847029518,30053.854268954175,925
2025-05-03 09:06:00+00:00,30053.59754127555,30066.834317753102,30041.561621882433,30053.10905492755,209
2025-05-03 09:11:00+00:00,30053.32170985422,30064.248311672687,30036.78383211787,30053.003780289015,587
2025-05-03 09:16:00+00:00,30051.63685155852,30065.269972496124,30048.69872843974,30051.266165231027,994
2025-05-03 09:21:00+00:00,30050.778035678057,30051.27799110134,30034.33604273533,30051.58488209404,454
2025-05-03 09:26:00+00:00,30050.353561701642,30063.014347746197,30048.63717596438,30048.400441241887,368
2025-05-03 09:31:00+00:00,30050.787159358795,30068.66916874826,30035.19454516871,30051.290455147857,984
2025-05-03 09:36:00+00:00,30052.310459161923,30071.262193337738,30050.87131642915,30051.772474328987,139
2025-05-03 09:41:00+00:00,30053.43495210494,30071.933794251014,30039.335462813666,30054.402345232622,977
2025-05-03 09:46:00+00:00,30052.894664258052,30062.122038508707,30048.90769160007,30051.95057529112,565
2025-05-03 09:51:00+00:00,30053.13427999831,30055.32708565166,30039.434954819466,30054.6212112102,767
2025-05-03 09:56:00+00:00,30054.8636341172,30070.56524850462,30038.242774060614,30053.440448209378,120
2025-05-03 10:01:00+00:00,30056.479997799517,30060.376544367686,30050.466960235564,30054.791349093855,808
2025-05-03 10:06:00+00:00,30055.448587863095,30057.310939526415,30040.612941937292,30055.087200693233,713
2025-05-03 10:11:00+00:00,30055.69626246576,30067.09327068083,30035.882590678775,30053.787043110784,560
2025-05-03 10:16:00+00:00,30056.02214484293,30064.293069318057,30047.347136713135,30055.981609727653,246
2025-05-03 10:21:00+00:00,30054.825536624852,30063.62267336968,30054.14520961569,30054.813897428598,348
2025-05-03 10:26:00+00:00,30054.842851102116,30059.33674323066,30038.119233684836,30053.35850541471,807
2025-05-03 10:31:00+00:00,30056.863357571186,30058.7618232125,30045.112499636372,30057.32404615893,696
2025-05-03 10:36:00+00:00,30057.954342853256,30064.874301554428,30050.99511159993,30057.77767344357,501
2025-05-03 10:41:00+00:00,30056.851190385205,30075.462736859397,30046.304080483576,30056.9894639972,769
2025-05-03 10:46:00+00:00,30058.254959986687,30060.67157093224,30045.39260041553,30060.72554862383,537
2025-05-03 10:51:00+00:00,30055.63190388235,30075.459210316654,30041.026726619817,30055.803519825007,241
2025-05-03 10:56:00+00:00,30053.705825626905,30058.007759008207,30041.65209873675,30052.60354216406,574
2025-05-03 11:01:00+00:00,30053.861976653192,30067.210437316673,30046.68877259445,30055.041794863013,153
2025-05-03 11:06:00+00:00,30055.07545808633,30074.076710889633,30039.64472495924,30055.317994337292,917
2025-05-03 11:11:00+00:00,30056.181032391476,30064.46598451849,30037.753368181915,30056.133363538156,916
2025-05-03 11:16:00+00:00,30055.456452002258,30061.9271489547,30040.355492449293,30054.616790082287,827
2025-05-03 11:21:00+00:00,30054.62772518221,30068.743299126636,30051.30065090748,30055.335325188687,582
2025-05-03 11:26:00+00:00,30054.055164404406,30057.779753843643,30052.219795147634,30053.280756366657,814
2025-05-03 11:31:00+00:00,30053.173152078078,30057.129550295445,30040.720183111942,30052.534763911477,335
2025-05-03 11:36:00+00:00,30051.64069769924,30070.23717436291,30046.172941466175,30052.24076807647,169
2025-05-03 11:41:00+00:00,30051.37879903406,30051.546946387713,30040.281650283814,30050.532699561623,588
2025-05-03 11:46:00+00:00,30052.160062052255,30069.356960403522,30049.418016108448,30052.873161861837,936
2025-05-03 11:51:00+00:00,30053.24539756069,30062.552043495496,30047.92868178159,30053.030527582625,235
2025-05-03 11:56:00+00:00,30054.63655894722,30070.729965938317,30053.753846645945,30054.276741308448,140
2025-05-03 12:01:00+00:00,30054.79468028203,30068.113978105815,30052.127361933322,30054.087809020984,450
2025-05-03 12:06:00+00:00,30055.606275296424,30057.951782842843,30044.88105490871,30055.9983033988,617
2025-05-03 12:11:00+00:00,30055.28973041947,30075.051779752168,30047.524068043498,30055.052719757812,314
2025-05-03 12:16:00+00:00,30055.943197021912,30064.317045026168,30051.03391730804,30055.85188762673,463
2025-05-03 12:21:00+00:00,30057.12707042961,30065.546139984363,30042.440968926592,30057.102498468485,670
2025-05-03 12:26:00+00:00,30058.243133919772,30075.921780471825,30046.64157310784,30057.384995943277,448
2025-05-03 12:31:00+00:00,30058.078994483716,30065.30488407962,30053.45490892705,30058.973894353872,756
2025-05-03 12:36:00+00:00,30059.016894026736,30068.828478897907,30046.252516638033,30058.105111169985,404
2025-05-03 12:41:00+00:00,30060.126442197845,30069.07699732697,30049.839953392333,30060.028486807667,590
2025-05-03 12:46:00+00:00,30059.916404047763,30076.731883282133,30056.88276265809,30059.342159760443,712
2025-05-03 12:51:00+00:00,30060.21534944785,30061.058285597617,30043.2190249103,30059.038409707817,429
2025-05-03 12:56:00+00:00,30059.48419122111,30076.018080212987,30047.51376333978,30057.9844667802,520
2025-05-03 13:01:00+00:00,30058.984983747123,30065.575465372567,30040.227273094242,30060.722288133828,793
2025-05-03 13:06:00+00:00,30057.977595395245,30063.116285531218,30050.7823715448,30059.449752414395,413
2025-05-03 13:11:00+00:00,30057.969841466966,30072.310042231446,30053.888744029322,30056.964536629694,922
2025-05-03 13:16:00+00:00,30057.22229469286,30069.596413645042,30039.9004690025,30058.174130586012,809
2025-05-03 13:21:00+00:00,30057.371853561883,30063.50338462473,30049.679237295884,30057.19684054637,608
2025-05-03 13:26:00+00:00,30056.53808863238,30061.841108016033,30048.028372685316,30056.940363490918,341
2025-05-03 13:31:00+00:00,30055.390172092553,30059.73771441528,30054.798067853364,30054.99497941882,966
2025-05-03 13:36:00+00:00,30056.772919876985,30059.738573204442,30047.115644518923,30056.418350062104,785
2025-05-03 13:41:00+00:00,30056.543273526207,30067.66568318664,30038.952345564117,30058.43600543918,472
2025-05-03 13:46:00+00:00,30055.309577662407,30057.74864863513,30048.22246328698,30055.931629805378,633
2025-05-03 13:51:00+00:00,30054.443666190735,30057.12638320774,30043.490286924403,30053.778984139157,935
2025-05-03 13:56:00+00:00,30053.72463515914,30073.20434695163,30042.919668901723,30053.857149535306,214
2025-05-03 14:01:00+00:00,30054.943735352725,30064.289804824213,30044.374497728902,30056.10121348194,428
2025-05-03 14:06:00+00:00,30054.313784702677,30071.661168921833,30035.909969238528,30054.977762888542,326
2025-05-03 14:11:00+00:00,30054.105319947586,30066.533472160907,30041.24305865354,30052.896642857817,488
2025-05-03 14:16:00+00:00,30054.2026777419,30067.23737342184,30049.077335753398,30052.491691189876,129
2025-05-03 14:21:00+00:00,30053.8007450042,30057.270955084372,30038.22484615846,30053.344062469663,683
2025-05-03 14:26:00+00:00,30054.094986204527,30069.340955220014,30035.306339820192,30055.237904482823,462
2025-05-03 14:31:00+00:00,30053.72594311195,30065.388115267113,30052.314098198865,30054.370379706615,866
2025-05-03 14:36:00+00:00,30054.76674368717,30055.04273022682,30038.789511608098,30055.3051138269,958
2025-05-03 14:41:00+00:00,30054.23008621692,30072.1051405489,30038.109569065517,30054.431989187317,243
2025-05-03 14:46:00+00:00,30055.82479057945,30069.52240141896,30046.630543627994,30056.988307266867,723
2025-05-03 14:51:00+00:00,30055.758318549,30062.03005006887,30039.03540826221,30055.525664524044,945
2025-05-03 14:56:00+00:00,30055.962185818462,30067.842701092755,30037.8996877899,30056.221835572785,483
2025-05-03 15:01:00+00:00,30056.063597170833,30061.735238844365,30052.79166092303,30056.557136547417,882
2025-05-03 15:06:00+00:00,30057.00141921064,30071.704445732405,30044.735853205544,30055.92466499235,859
2025-05-03 15:11:00+00:00,30057.043597341097,30070.671676869086,30049.806727709754,30056.81871059562,298
2025-05-03 15:16:00+00:00,30054.86918712778,30063.912750059917,30038.073792375802,30056.24291285456,977
2025-05-03 15:21:00+00:00,30056.06468457823,30071.948941206443,30055.202367269263,30057.25906266938,736
2025-05-03 15:26:00+00:00,30055.044818826904,30073.752757481572,30042.61244981472,30054.741996509016,709
2025-05-03 15:31:00+00:00,30056.064601614657,30066.037190405572,30042.051301830066,30054.297295623084,894
2025-05-03 15:36:00+00:00,30054.804942850744,30072.7946611419,30044.002817590503,30055.001621692965,387
2025-05-03 15:41:00+00:00,30055.47607560372,30056.035754990553,30054.07694527559,30055.02379346157,189
2025-05-03 15:46:00+00:00,30058.324003398346,30061.83039070842,30043.189281220104,30059.974258456896,348
2025-05-03 15:51:00+00:00,30059.2282682589,30066.51132363634,30050.539119422465,30057.52172730152,486
2025-05-03 15:56:00+00:00,30060.1942857288,30064.98466114934,30058.129886289647,30059.07020176419,831
2025-05-03 16:01:00+00:00,30059.571361565002,30059.804615718775,30053.052358921515,30060.169312405586,671
2025-05-03 16:06:00+00:00,30059.948278711196,30072.774154015293,30044.99711434524,30060.547508245596,482
2025-05-03 16:11:00+00:00,30058.962899348655,30076.911519543963,30039.118700823856,30059.73753856378,216
2025-05-03 16:16:00+00:00,30058.8335811037,30069.29479821586,30053.025326669227,30059.91858377481,828
2025-05-03 16:21:00+00:00,30058.887619360296,30066.244454012474,30046.992000541908,30058.95652148162,320
2025-05-03 16:26:00+00:00,30059.223368910258,30059.64130783666,30042.31178222861,30058.687534235953,558
2025-05-03 16:31:00+00:00,30059.09919603271,30075.106571670425,30050.406496790994,30059.706076361912,653
2025-05-03 16:36:00+00:00,30057.26994458984,30058.977770741876,30055.417353561894,30057.28380331342,962
2025-05-03 16:41:00+00:00,30056.942894881206,30057.88675399462,30051.47476583605,30057.75496081801,450
2025-05-03 16:46:00+00:00,30056.824990052406,30075.44342779716,30053.652948572417,30057.40823160277,508
2025-05-03 16:51:00+00:00,30056.512408910818,30074.492353023197,30037.823980135017,30056.756392725958,789
2025-05-03 16:56:00+00:00,30056.339288493564,30063.64034939729,30049.34296788664,30056.088008796745,644
2025-05-03 17:01:00+00:00,30056.715139102547,30063.92482418726,30053.973831463194,30055.974744682226,699
2025-05-03 17:06:00+00:00,30056.096478707674,30061.02537895744,30037.390883226286,30055.743238316005,864
2025-05-03 17:11:00+00:00,30054.730515459516,30071.79399114095,30040.987968604804,30053.97892528154,363
2025-05-03 17:16:00+00:00,30054.708808480977,30055.050542157333,30051.354515577543,30053.795976571302,211
2025-05-03 17:21:00+00:00,30054.233090837144,30071.433951710052,30038.24742257261,30055.270090012535,350
2025-05-03 17:26:00+00:00,30054.358537509685,30057.297286707435,30052.209763952753,30054.23244317711,309
2025-05-03 17:31:00+00:00,30054.884171736627,30056.74210705168,30048.305573367823,30055.610036110415,818
2025-05-03 17:36:00+00:00,30057.96980672124,30068.489462249105,30046.540099338843,30056.62445170877,159
2025-05-03 17:41:00+00:00,30058.178850075896,30074.319792260652,30045.86903649092,30058.0269109504,638
2025-05-03 17:46:00+00:00,30059.893978027965,30071.287193617405,30044.72667592765,30058.56257740622,618
2025-05-03 17:51:00+00:00,30059.81791590376,30070.034867519822,30053.78577279815,30060.334069735112,415
2025-05-03 17:56:00+00:00,30059.883562538136,30072.306405072442,30042.47266879104,30060.9795882695,313
2025-05-03 18:01:00+00:00,30059.52631628082,30061.221294495925,30043.283829863827,30060.470486632763,674
2025-05-03 18:06:00+00:00,30059.694051171482,30064.750675444986,30058.978067725144,30057.827967049718,496
2025-05-03 18:11:00+00:00,30060.30364853553,30072.612975352436,30049.773729914195,30060.72038588546,292
2025-05-03 18:16:00+00:00,30059.935032213212,30060.162855230235,30041.565015608598,30059.056607369257,997
2025-05-03 18:21:00+00:00,30057.731290555563,30068.108546714517,30043.000823239792,30058.77832451453,526
2025-05-03 18:26:00+00:00,30057.466455746395,30064.861267564418,30051.30610193841,30055.672734141666,515
2025-05-03 18:31:00+00:00,30058.974418231366,30074.983188237744,30047.16238454161,30059.45101868548,604
2025-05-03 18:36:00+00:00,30059.774307424083,30071.39897661282,30053.429405507486,30059.264757015902,579
2025-05-03 18:41:00+00:00,30058.24909170308,30064.18101274631,30050.332872749874,30059.790324916128,102
2025-05-03 18:46:00+00:00,30058.487808003498,30078.389125601425,30049.904485448547,30059.06449720081,334
2025-05-03 18:51:00+00:00,30058.77668791694,30074.727941905912,30039.015350453246,30057.753154905356,497
2025-05-03 18:56:00+00:00,30059.306530738653,30068.114590095418,30050.638907078304,30059.638078699034,174
2025-05-03 19:01:00+00:00,30061.436867039232,30070.124274932947,30044.02807958548,30061.59632387093,642
2025-05-03 19:06:00+00:00,30061.66724299891,30074.02138712588,30052.910332311254,30063.52181641219,355
2025-05-03 19:11:00+00:00,30064.141204616153,30083.5917265227,30062.199448312458,30064.370974005506,512
2025-05-03 19:16:00+00:00,30065.92486847415,30068.429460553532,30051.17396294401,30064.745296089648,564
2025-05-03 19:21:00+00:00,30068.566634145416,30081.03265971155,30068.16680986853,30068.239741367834,778
2025-05-03 19:26:00+00:00,30068.520992734742,30069.250828683253,30054.27857620728,30068.476887102795,417
2025-05-03 19:31:00+00:00,30069.63201460548,30073.37719094652,30052.924241304983,30070.228429324372,460
2025-05-03 19:36:00+00:00,30070.360899933217,30070.94610499486,30055.09794060885,30069.65008025454,246
2025-05-03 19:41:00+00:00,30069.81250137813,30070.65621926592,30059.94207503012,30070.1087962095,799
2025-05-03 19:46:00+00:00,30070.668199554413,30082.762287291436,30059.7491486296,30070.806480203508,800
2025-05-03 19:51:00+00:00,30071.14584710297,30085.63623580795,30071.04134425284,30071.247988386207,972
2025-05-03 19:56:00+00:00,30070.761798916177,30080.36687437574,30051.86623495156,30070.878933402353,257
2025-05-03 20:01:00+00:00,30070.320930023285,30083.123678664786,30054.682219186892,30070.58271776525,585
2025-05-03 20:06:00+00:00,30069.150491288405,30086.02992170906,30058.49360211172,30069.270956068372,616
2025-05-03 20:11:00+00:00,30070.174123342884,30074.614649123683,30056.989767237697,30070.345464330054,685
2025-05-03 20:16:00+00:00,30068.88015482866,30070.787836740248,30054.288070908893,30068.591228290723,207
2025-05-03 20:21:00+00:00,30067.554145496437,30074.67123335786,30053.554879485815,30068.747134146088,277
2025-05-03 20:26:00+00:00,30066.60499163562,30079.741475122424,30050.627695937525,30067.00233057005,406
2025-05-03 20:31:00+00:00,30068.126184676654,30083.261385586233,30060.41578902727,30069.47567074058,500
2025-05-03 20:36:00+00:00,30068.702305545685,30084.75253619698,30065.404000017727,30069.33327872345,431
2025-05-03 20:41:00+00:00,30069.32737127917,30084.93325412298,30056.164227650326,30070.56332839952,144
2025-05-03 20:46:00+00:00,30067.529007094476,30077.21796348754,30066.494856159337,30066.253340566494,967
2025-05-03 20:51:00+00:00,30066.759678114973,30082.028336970034,30062.422054747585,30069.248069801637,437
2025-05-03 20:56:00+00:00,30067.953016619867,30087.027279281123,30050.254611671797,30067.105183485754,981
2025-05-03 21:01:00+00:00,30069.420454735166,30071.52799428777,30066.313011551665,30067.315721589624,430
2025-05-03 21:06:00+00:00,30070.166417273507,30085.41935979353,30056.961363563445,30069.23307856859,690
2025-05-03 21:11:00+00:00,30071.080308928464,30091.054464591896,30068.101933858015,30068.84398160223,515
2025-05-03 21:16:00+00:00,30070.456212009136,30071.879209733528,30062.94853240298,30070.35729388849,590
2025-05-03 21:21:00+00:00,30069.136196121555,30076.569197017216,30055.50603304121,30068.8297613703,880
2025-05-03 21:26:00+00:00,30069.239089975996,30085.74784472401,30054.55953031955,30067.58692680418,209
2025-05-03 21:31:00+00:00,30069.76149314975,30072.491623068,30051.651542048683,30069.654517877505,380
2025-05-03 21:36:00+00:00,30068.536623024367,30077.02862202942,30060.865019339202,30067.62589363214,551
2025-05-03 21:41:00+00:00,30069.5054184481,30077.71424157517,30066.493094721598,30068.67860663708,108
2025-05-03 21:46:00+00:00,30069.40655955338,30079.92428639844,30053.886999861512,30070.231136112987,779
2025-05-03 21:51:00+00:00,30069.71627144664,30083.47413403078,30060.906674927763,30070.185217931074,525
2025-05-03 21:56:00+00:00,30068.841002289166,30071.522845075517,30054.013203759456,30068.31162012078,859
2025-05-03 22:01:00+00:00,30068.369319300175,30077.120893937896,30058.760960583513,30068.338620509683,142
2025-05-03 22:06:00+00:00,30069.813383660592,30079.99143071606,30068.25407500566,30070.26936244271,749
2025-05-03 22:11:00+00:00,30069.856192471278,30080.304890905318,30056.96547858108,30070.789533877138,561
2025-05-03 22:16:00+00:00,30070.297930601264,30086.336833949437,30062.4815751492,30068.563271208066,546
2025-05-03 22:21:00+00:00,30068.381197587332,30070.356915643373,30049.738402515588,30070.183623519246,276
2025-05-03 22:26:00+00:00,30068.78991718639,30075.877638659604,30053.885031579866,30068.855429669144,259
2025-05-03 22:31:00+00:00,30068.21483330247,30076.566931209072,30050.11402806851,30067.751798140922,161
2025-05-03 22:36:00+00:00,30067.0709841089,30067.24139494347,30057.31869648997,30067.884958442817,635
2025-05-03 22:41:00+00:00,30067.05730484194,30068.49698551141,30048.158674410897,30067.506133926516,277
2025-05-03 22:46:00+00:00,30068.006095122328,30076.66922161115,30061.75681512076,30068.226132846463,745
2025-05-03 22:51:00+00:00,30068.717393378978,30075.047849456838,30050.25981929492,30068.975156785895,949
2025-05-03 22:56:00+00:00,30067.901635785696,30079.597908080093,30064.12153900768,30067.853937729353,680
2025-05-03 23:01:00+00:00,30066.56041883575,30066.834539273572,30054.659433706718,30066.371672483718,619
2025-05-03 23:06:00+00:00,30067.276027809206,30076.907939313092,30062.45079875602,30066.062562926512,521
2025-05-03 23:11:00+00:00,30066.652974535114,30085.566579752915,30060.25194689087,30066.855817656688,385
2025-05-03 23:16:00+00:00,30066.97680406343,30080.605659117577,30049.41428671434,30066.750749336275,216
2025-05-03 23:21:00+00:00,30067.010120683964,30078.08968343876,30059.3285132848,30067.531094610058,394
2025-05-03 23:26:00+00:00,30066.90003669285,30068.669559952614,30054.681807441506,30066.253904230223,489
2025-05-03 23:31:00+00:00,30067.377525383858,30076.08188189008,30061.61349882918,30068.50941915228,263
2025-05-03 23:36:00+00:00,30067.89550567789,30069.70992202566,30062.15049762926,30070.238619569052,928
2025-05-03 23:41:00+00:00,30067.494342920185,30071.966425308958,30067.101445032997,30066.96028721135,588
2025-05-03 23:46:00+00:00,30069.058825812837,30076.97548843376,30062.478479684174,30068.46846217299,295
2025-05-03 23:51:00+00:00,30067.463800906025,30071.154823860652,30047.568288668313,30066.74310936934,448
2025-05-03 23:56:00+00:00,30066.998093010614,30085.99824923134,30051.051074499843,30065.41739852011,788
2025-05-04 00:01:00+00:00,30067.359150142325,30085.03507232044,30065.359721120705,30066.77788796292,189
2025-05-04 00:06:00+00:00,30067.664741120956,30079.746533153182,30058.42155404321,30067.826532518095,996
2025-05-04 00:11:00+00:00,30067.91468263202,30087.908064307794,30060.0583770601,30066.514885219298,254
2025-05-04 00:16:00+00:00,30066.819261289245,30085.68241325698,30056.20555633033,30066.426551664546,323
2025-05-04 00:21:00+00:00,30066.35063795622,30073.712338456367,30056.480804050327,30067.121476754863,793
2025-05-04 00:26:00+00:00,30065.700717137217,30083.80843890153,30059.48669296334,30062.64877289802,695
2025-05-04 00:31:00+00:00,30066.627493625103,30082.64556502608,30054.526513269,30066.128188153474,593
2025-05-04 00:36:00+00:00,30065.359688100154,30083.714313445016,30048.53200853087,30065.051114012782,582
2025-05-04 00:41:00+00:00,30064.834757471344,30078.790718993852,30061.14877129887,30062.983134631333,834
2025-05-04 00:46:00+00:00,30064.867467522912,30070.47840799745,30047.047717592635,30064.273793174132,723
2025-05-04 00:51:00+00:00,30066.704570791368,30083.49189234319,30051.535838295014,30066.620687586517,580
2025-05-04 00:56:00+00:00,30065.17707207504,30076.08488324824,30047.243886293483,30063.38846922633,148
2025-05-04 01:01:00+00:00,30065.515304184588,30066.911467202346,30059.225732178096,30065.757489114647,360
2025-05-04 01:06:00+00:00,30065.258397199428,30083.20388154855,30054.528938728457,30065.536442040746,789
2025-05-04 01:11:00+00:00,30064.956583121937,30070.90361340532,30053.47031054933,30064.968107191366,388
2025-05-04 01:16:00+00:00,30065.89170876449,30084.48706386784,30052.262696924336,30064.95165764768,355
2025-05-04 01:21:00+00:00,30064.78069913858,30070.471858763023,30055.303229049547,30065.117970871313,822
2025-05-04 01:26:00+00:00,30065.361002845682,30069.356731138952,30064.07977062967,30065.394349670016,188
2025-05-04 01:31:00+00:00,30065.731938633555,30066.23610394792,30052.944610749524,30065.71427102632,177
2025-05-04 01:36:00+00:00,30064.554299227064,30067.383192831414,30049.34893312336,30064.22328843318,302
2025-05-04 01:41:00+00:00,30062.792659696548,30067.676620873124,30054.72330966881,30062.169080366,346
2025-05-04 01:46:00+00:00,30064.260594749943,30073.024272287737,30053.442546891387,30063.02913454595,968
2025-05-04 01:51:00+00:00,30063.747661134927,30082.5647732887,30058.377244095576,30064.47404275641,194
2025-05-04 01:56:00+00:00,30061.76448879293,30070.135056162635,30060.284947643042,30061.180331888772,270
2025-05-04 02:01:00+00:00,30063.471989241854,30068.95222003285,30057.463112573292,30063.72891011429,230
2025-05-04 02:06:00+00:00,30063.717215845652,30073.418042436064,30056.800918793942,30064.241273502306,997
2025-05-04 02:11:00+00:00,30063.09811154788,30082.256998337692,30056.645387138302,30063.681066291843,985
2025-05-04 02:16:00+00:00,30062.788487364054,30079.676805798135,30047.269167908198,30061.70889379257,135
2025-05-04 02:21:00+00:00,30063.118464127914,30066.258610036508,30058.966002476725,30063.793625642218,540
2025-05-04 02:26:00+00:00,30061.854542659283,30061.883282766852,30056.726839994593,30063.945028724247,199
2025-05-04 02:31:00+00:00,30062.3965409142,30072.025326928557,30059.379355587665,30063.70010355537,349
2025-05-04 02:36:00+00:00,30061.466296729785,30063.097290011483,30051.28769809692,30059.549491469283,581
2025-05-04 02:41:00+00:00,30061.943909462694,30078.62964902511,30046.828290342146,30060.853677308056,903
2025-05-04 02:46:00+00:00,30063.39745183778,30075.60664724381,30061.33136503224,30064.700514652213,588
2025-05-04 02:51:00+00:00,30064.06856617368,30080.317688280567,30051.53060143515,30062.722116958696,174
2025-05-04 02:56:00+00:00,30065.139701648903,30083.48099537939,30045.57147191711,30066.742466543627,770
2025-05-04 03:01:00+00:00,30065.154586523644,30075.55914913325,30057.752834378625,30064.902199669352,793
2025-05-04 03:06:00+00:00,30066.090868864976,30083.443630047455,30057.83106983918,30067.454392356358,333
2025-05-04 03:11:00+00:00,30066.719021137884,30082.17376425219,30055.644729738484,30067.105501226844,961
2025-05-04 03:16:00+00:00,30067.961613880318,30070.218689604975,30065.57963007627,30067.59371095367,720
2025-05-04 03:21:00+00:00,30067.165633388304,30067.213538704284,30055.044494704423,30065.978874954915,143
2025-05-04 03:26:00+00:00,30067.41245368757,30080.21256817768,30059.77756456446,30068.269080914295,845
2025-05-04 03:31:00+00:00,30066.73536656106,30068.403039438912,30066.261360703673,30067.291530027196,781
2025-05-04 03:36:00+00:00,30067.13058734026,30069.353449820886,30065.542574236806,30068.892472661195,596
2025-05-04 03:41:00+00:00,30067.88562288475,30087.104510865815,30063.237869821314,30066.87884072392,188
2025-05-04 03:46:00+00:00,30066.983084002302,30071.23291445891,30055.806683886105,30066.23982903111,399
2025-05-04 03:51:00+00:00,30067.864366706865,30075.011587886598,30063.043056235176,30068.26809801408,275
2025-05-04 03:56:00+00:00,30068.46951869184,30086.16660023863,30055.37904340235,30068.408861377873,339
2025-05-04 04:01:00+00:00,30069.740451334103,30072.408380144123,30061.72667796164,30069.849618702385,681
2025-05-04 04:06:00+00:00,30070.326108543206,30083.971878172288,30061.713148194955,30071.26657141341,241
2025-05-04 04:11:00+00:00,30070.099775552124,30087.261665812857,30069.7033162407,30069.557664410193,145
2025-05-04 04:16:00+00:00,30070.426068902478,30080.75649192367,30069.400682235693,30070.652535816345,176
2025-05-04 04:21:00+00:00,30069.90698232768,30076.514080262652,30068.886965554702,30070.247155960467,469
2025-05-04 04:26:00+00:00,30069.831171481743,30088.536003744095,30056.11916824637,30068.449720404893,170
2025-05-04 04:31:00+00:00,30069.157940082016,30075.21156376954,30058.22081089143,30069.028933026235,497
2025-05-04 04:36:00+00:00,30069.369836937578,30082.286925048684,30050.245646680825,30068.89988015223,850
2025-05-04 04:41:00+00:00,30069.88978544078,30088.5748372661,30062.546617345044,30070.954032568105,166
2025-05-04 04:46:00+00:00,30070.874598716113,30090.293958425747,30065.77243979633,30068.425058045923,506
2025-05-04 04:51:00+00:00,30070.19561189317,30089.94332113854,30059.443584972825,30069.40620623915,837
2025-05-04 04:56:00+00:00,30071.104450249048,30086.400850138976,30062.42993765433,30070.52545785577,268
2025-05-04 05:01:00+00:00,30071.628162233173,30089.261980709045,30053.565865533845,30070.190377798153,771
2025-05-04 05:06:00+00:00,30072.513772977538,30074.290164040194,30060.181124376333,30071.41887433266,472
2025-05-04 05:11:00+00:00,30074.04597725524,30083.975855816087,30067.19142971397,30073.88778721205,427
2025-05-04 05:16:00+00:00,30074.41317484608,30092.51944389342,30065.09875722982,30074.055107195636,857
2025-05-04 05:21:00+00:00,30075.541737348813,30094.191204397837,30067.37265493171,30075.80940060703,912
2025-05-04 05:26:00+00:00,30073.20529797387,30078.49139576257,30054.78115759382,30073.63666577078,582
2025-05-04 05:31:00+00:00,30073.843797285273,30081.956519348718,30068.46575854,30075.062721769915,129
2025-05-04 05:36:00+00:00,30074.03195491705,30075.416492635057,30055.051801733196,30074.025369759005,282
2025-05-04 05:41:00+00:00,30072.835027956422,30089.00457392712,30066.46525828326,30072.68877622717,303
2025-05-04 05:46:00+00:00,30073.70630262632,30086.408412762277,30054.7076715317,30074.948896430767,753
2025-05-04 05:51:00+00:00,30073.729933443636,30081.03154117074,30066.912247724173,30075.232230501886,308
2025-05-04 05:56:00+00:00,30074.56919458317,30092.70699788519,30069.958290835253,30075.53523512756,185
2025-05-04 06:01:00+00:00,30074.61231793027,30080.154874186017,30069.710490494384,30075.681472124124,372
2025-05-04 06:06:00+00:00,30075.523338539206,30092.06251536392,30056.01703269655,30076.92858120798,528
2025-05-04 06:11:00+00:00,30075.181520150534,30094.556052736953,30072.566630531303,30076.846048080388,848
2025-05-04 06:16:00+00:00,30074.740371546777,30091.153202645368,30063.728500584126,30073.660356418965,385
2025-05-04 06:21:00+00:00,30073.68885515843,30090.171788702395,30060.37795827755,30072.633551823124,524
2025-05-04 06:26:00+00:00,30073.980680502595,30075.03873268291,30055.159845864557,30074.598584782067,983
2025-05-04 06:31:00+00:00,30072.4209906287,30084.600409053877,30067.69847391591,30072.23638856794,913
2025-05-04 06:36:00+00:00,30072.53498485274,30083.173619883415,30064.150375280704,30071.025038858097,920
2025-05-04 06:41:00+00:00,30071.72563055928,30085.190439847207,30070.54086968349,30071.230939998262,286
2025-05-04 06:46:00+00:00,30072.148921467222,30088.32528972997,30062.323475458168,30071.07043635297,209
2025-05-04 06:51:00+00:00,30072.50587192411,30080.65585840915,30069.76406048556,30073.531910758433,609
2025-05-04 06:56:00+00:00,30072.9324078804,30091.06835502692,30070.58039707346,30072.01382273273,476
2025-05-04 07:01:00+00:00,30073.006510077583,30079.01224663672,30057.32490158209,30072.94705078284,690
2025-05-04 07:06:00+00:00,30072.58276682416,30078.976497266227,30066.58329908375,30071.8035343234,740
2025-05-04 07:11:00+00:00,30072.138104149042,30080.9532026659,30062.730723748715,30071.577029979584,931
2025-05-04 07:16:00+00:00,30071.5433535814,30073.702966848643,30058.197696014086,30070.75638042221,561
2025-05-04 07:21:00+00:00,30071.785700011005,30091.456403888384,30066.71685399447,30071.129305321636,487
2025-05-04 07:26:00+00:00,30070.779379342577,30080.11005740104,30051.95113308234,30069.235923619424,882
2025-05-04 07:31:00+00:00,30069.64913635115,30089.209061272377,30055.28431393637,30070.00905816375,899
2025-05-04 07:36:00+00:00,30070.554290048498,30076.274156132764,30056.76149727479,30071.33308394489,103
2025-05-04 07:41:00+00:00,30069.811055802144,30077.114076096113,30058.222448136068,30070.18650795931,843
2025-05-04 07:46:00+00:00,30069.24757768978,30083.507763177753,30049.913734965783,30068.29540343079,647
2025-05-04 07:51:00+00:00,30068.141057074576,30074.836101058205,30049.65221649745,30066.44662464992,724
2025-05-04 07:56:00+00:00,30069.120060786016,30076.051328241807,30066.00895918863,30070.8959870798,400
2025-05-04 08:01:00+00:00,30070.956667023074,30071.81776064055,30070.177534236725,30071.730361144262,987
2025-05-04 08:06:00+00:00,30071.12756097321,30084.85093411146,30068.94358680142,30072.735854904106,827
2025-05-04 08:11:00+00:00,30072.2837509761,30085.007831213148,30053.45289260736,30073.62372117232,175
2025-05-04 08:16:00+00:00,30073.326107138346,30079.677242668626,30058.505063280052,30073.34103990859,459
2025-05-04 08:21:00+00:00,30074.019090049944,30089.456560772913,30065.524492133794,30073.51712025343,161
2025-05-04 08:26:00+00:00,30073.43747958013,30082.412940203994,30061.822907411748,30075.2657438202,905
2025-05-04 08:31:00+00:00,30074.21591640888,30091.38543313364,30069.179365288,30075.82292932315,928
2025-05-04 08:36:00+00:00,30074.90785207336,30086.54063738182,30073.982407034855,30074.366772109344,163
2025-05-04 08:41:00+00:00,30075.632650192347,30078.46519642721,30060.303847063853,30076.739627262697,207
2025-05-04 08:46:00+00:00,30074.23738024919,30080.421682798922,30064.741035970008,30073.85147247614,382
2025-05-04 08:51:00+00:00,30074.177293346158,30083.766052074378,30057.0587472376,30074.554510269765,504
2025-05-04 08:56:00+00:00,30073.119871147675,30085.60547906261,30072.202047895174,30072.31435573205,678
2025-05-04 09:01:00+00:00,30074.971384968572,30078.70394544165,30063.046937663643,30074.79250962398,707
2025-05-04 09:06:00+00:00,30073.86411238939,30083.979991987006,30055.902626537903,30075.659522133144,439
2025-05-04 09:11:00+00:00,30073.63322078539,30079.66951414001,30057.7448952368,30072.899830097136,430
2025-05-04 09:16:00+00:00,30073.451479081228,30088.199791160067,30066.465065957036,30073.397187622504,285
2025-05-04 09:21:00+00:00,30075.167081395146,30093.035328890426,30055.285429704672,30074.987974243268,831
2025-05-04 09:26:00+00:00,30074.776218327253,30091.9818478157,30068.099376208815,30073.909533692346,281
2025-05-04 09:31:00+00:00,30074.415388119254,30080.159156415764,30058.48628864469,30073.796520123906,247
2025-05-04 09:36:00+00:00,30075.081388104627,30078.690930734345,30063.742781903868,30076.27867533499,995
2025-05-04 09:41:00+00:00,30074.18976536217,30079.98005698064,30054.857540854475,30073.958507670824,348
2025-05-04 09:46:00+00:00,30071.508315108396,30076.162632370975,30062.74360159547,30073.042172356025,492
2025-05-04 09:51:00+00:00,30070.386976106165,30075.381429271583,30060.109758824772,30069.495509035878,563
2025-05-04 09:56:00+00:00,30069.89225345564,30071.41148985587,30054.947876586346,30069.516767461562,188
2025-05-04 10:01:00+00:00,30069.136533686673,30076.9973949595,30065.154281450676,30070.16454503412,723
2025-05-04 10:06:00+00:00,30068.740591986865,30071.768089061738,30049.1829772653,30069.17284618526,871
2025-05-04 10:11:00+00:00,30069.996977663934,30083.682839287252,30069.818816081588,30069.991401352458,107
2025-05-04 10:16:00+00:00,30070.227190020632,30084.254747471306,30069.99155392972,30069.682946147466,501
2025-05-04 10:21:00+00:00,30070.82139288295,30086.48449126879,30066.838651184862,30069.996856996346,749
2025-05-04 10:26:00+00:00,30072.134177670796,30076.357264502993,30053.152015502154,30071.756218263876,782
2025-05-04 10:31:00+00:00,30070.517735969792,30074.974179306973,30068.39605422515,30069.25539370205,106
2025-05-04 10:36:00+00:00,30070.56362244642,30081.61326475384,30064.638075220693,30071.909482390558,280
2025-05-04 10:41:00+00:00,30070.929386612854,30075.524556346558,30060.850861310933,30070.98413514977,549
2025-05-04 10:46:00+00:00,30070.776312804803,30078.015670246223,30062.9027738738,30071.670035026968,192
2025-05-04 10:51:00+00:00,30070.41927994107,30071.595863496546,30069.555631155872,30068.114642684854,876
2025-05-04 10:56:00+00:00,30071.451724961953,30076.154326547392,30065.127695095784,30072.447241577593,964
2025-05-04 11:01:00+00:00,30071.777698801525,30077.163584288843,30059.20954713176,30072.67764889894,844
2025-05-04 11:06:00+00:00,30071.620153425185,30082.90265957329,30065.806061472187,30071.368689201947,451
2025-05-04 11:11:00+00:00,30072.46493317324,30084.790909992927,30071.59121412235,30072.942017068483,357
2025-05-04 11:16:00+00:00,30070.344950752784,30078.454568859033,30058.358302119246,30070.40096724353,172
2025-05-04 11:21:00+00:00,30069.017602117892,30085.55969324069,30061.269578786294,30069.416781159085,876
2025-05-04 11:26:00+00:00,30069.78065763766,30084.80520336112,30052.110932652584,30070.297506513267,909
2025-05-04 11:31:00+00:00,30070.134469369423,30089.49166416249,30059.57315908583,30070.892636993092,305
2025-05-04 11:36:00+00:00,30068.70033613966,30084.493449779602,30051.362704723048,30069.191801840323,394
2025-05-04 11:41:00+00:00,30069.44227957839,30084.807889128835,30056.825015656996,30069.479151708572,267
2025-05-04 11:46:00+00:00,30068.539441746532,30087.244085301216,30049.94372441798,30068.340436800187,580
2025-05-04 11:51:00+00:00,30069.267565965914,30079.811147980716,30067.110513141284,30068.247522299687,742
2025-05-04 11:56:00+00:00,30070.5619288987,30076.873087911987,30056.993196347208,30069.900462670685,747
2025-05-04 12:01:00+00:00,30071.442778279103,30086.513116759175,30058.858346107063,30072.275772648332,780
2025-05-04 12:06:00+00:00,30070.89153635641,30072.976541277567,30066.83768322866,30071.47720992371,726
2025-05-04 12:11:00+00:00,30070.97037891129,30083.58293545953,30068.66125418724,30071.24245646367,654
2025-05-04 12:16:00+00:00,30069.801180067458,30085.620207312753,30061.823272033813,30071.321914273274,271
2025-05-04 12:21:00+00:00,30069.579333279307,30084.432791866384,30050.947411621142,30067.663400435868,246
2025-05-04 12:26:00+00:00,30069.528390889354,30070.501668437333,30061.212766895518,30070.257088388724,252
2025-05-04 12:31:00+00:00,30070.52288940917,30076.67799902279,30065.13523923714,30071.083669466338,504
2025-05-04 12:36:00+00:00,30070.437414014745,30079.426477519613,30055.147240080496,30069.6545885127,411
2025-05-04 12:41:00+00:00,30069.998241945683,30089.10906359469,30050.761520904343,30070.040569300476,298
2025-05-04 12:46:00+00:00,30070.216663349784,30085.279301492734,30060.97446899241,30069.427944980987,355
2025-05-04 12:51:00+00:00,30069.9834776609,30086.405837840346,30054.287708055443,30070.51212013334,241
2025-05-04 12:56:00+00:00,30069.9902073126,30075.596099735063,30055.562409460526,30069.467446146755,944
2025-05-04 13:01:00+00:00,30069.97670753123,30084.641888781025,30057.64753490293,30068.782762849678,210
2025-05-04 13:06:00+00:00,30068.691475968957,30071.046030698973,30050.68369155879,30070.975203488673,524
2025-05-04 13:11:00+00:00,30068.847011107537,30075.73038893685,30059.68893259612,30068.231778356185,909
2025-05-04 13:16:00+00:00,30068.44008259643,30079.034851118235,30061.330794426627,30066.76203865846,924
2025-05-04 13:21:00+00:00,30069.08972573669,30081.722913806927,30062.731944875246,30068.444735855097,820
2025-05-04 13:26:00+00:00,30068.999301251493,30080.99236062839,30058.775589131565,30068.696033068733,734
2025-05-04 13:31:00+00:00,30069.98281863114,30072.473108128932,30056.709415540055,30070.415772593602,187
2025-05-04 13:36:00+00:00,30069.145872395966,30076.9398431118,30056.66854453909,30067.294680864703,428
2025-05-04 13:41:00+00:00,30070.35848931662,30079.009690916893,30051.56298413965,30069.29979949238,320
2025-05-04 13:46:00+00:00,30071.270185540136,30087.993788453372,30056.07746765682,30071.777374261754,552
2025-05-04 13:51:00+00:00,30071.37373326653,30091.084914923846,30067.414979051846,30071.338041262337,764
2025-05-04 13:56:00+00:00,30071.303058999118,30079.00719082673,30062.096639004292,30071.208154327334,645
2025-05-04 14:01:00+00:00,30070.81665429682,30078.207174158066,30055.28981489159,30070.661589938743,579
2025-05-04 14:06:00+00:00,30071.023705423493,30090.57337946903,30058.610482245687,30071.30907618955,237
2025-05-04 14:11:00+00:00,30070.067388742485,30082.09492974209,30068.400184762173,30071.49321035758,875
2025-05-04 14:16:00+00:00,30071.27734719213,30072.96811831186,30066.271707861448,30070.875464925266,164
2025-05-04 14:21:00+00:00,30072.290595393042,30079.47314177599,30068.90324351288,30073.51558374235,991
2025-05-04 14:26:00+00:00,30070.58613198021,30086.03779275409,30051.860111663904,30070.43007438412,147
2025-05-04 14:31:00+00:00,30070.288144996874,30089.884201231427,30054.67822781915,30071.080721825267,319
2025-05-04 14:36:00+00:00,30072.38533871254,30079.360345082932,30069.972482690282,30071.865333523598,543
2025-05-04 14:41:00+00:00,30072.782747231,30078.825391115442,30061.707760040368,30074.572090166283,816
2025-05-04 14:46:00+00:00,30073.763114737267,30090.839069912174,30060.36290507352,30075.18820323617,203
2025-05-04 14:51:00+00:00,30072.407090856217,30074.241792846988,30064.8755433504,30072.564465799976,678
2025-05-04 14:56:00+00:00,30072.224480712746,30089.423522684585,30069.32653043341,30072.382926187467,276
2025-05-04 15:01:00+00:00,30069.871063481958,30082.264080447738,30050.074433642716,30068.268797875782,395
2025-05-04 15:06:00+00:00,30067.21053337579,30085.492401432526,30061.831652481622,30066.138452485462,406
2025-05-04 15:11:00+00:00,30067.63297157227,30087.372911528008,30054.935673809767,30066.29738884284,689
2025-05-04 15:16:00+00:00,30067.37429684751,30080.734713712893,30048.745195879113,30067.1264263772,922
2025-05-04 15:21:00+00:00,30069.064220867418,30078.024456176652,30055.302442866156,30069.57296555761,428
2025-05-04 15:26:00+00:00,30069.916594355094,30070.98706970972,30063.55457136146,30069.879424367886,256
2025-05-04 15:31:00+00:00,30071.987019197353,30078.599345009163,30064.350464518433,30072.23078794625,367
2025-05-04 15:36:00+00:00,30070.79426544161,30084.95750266794,30060.435571798746,30069.154661413842,428
2025-05-04 15:41:00+00:00,30071.962535051003,30085.904846057623,30054.26776167059,30071.99102661085,966
2025-05-04 15:46:00+00:00,30072.17037393964,30086.30881663608,30057.751909346785,30071.852321658793,883
2025-05-04 15:51:00+00:00,30071.82962569239,30073.965527994387,30056.958550860236,30072.361380405706,137
2025-05-04 15:56:00+00:00,30071.91075274185,30080.082828933995,30057.44165417001,30073.381231779545,325
2025-05-04 16:01:00+00:00,30072.254145946492,30087.156371816676,30069.414848876124,30072.827002480644,630
2025-05-04 16:06:00+00:00,30073.772150705518,30076.296498771284,30054.367068590203,30072.832122241474,389
2025-05-04 16:11:00+00:00,30074.3199250288,30083.585474970314,30072.50203552918,30074.707873061787,488
2025-05-04 16:16:00+00:00,30073.768714106136,30082.910974567912,30063.957184178747,30071.762247169812,368
2025-05-04 16:21:00+00:00,30072.765174960405,30076.80284228506,30056.14169544812,30071.995845819372,896
2025-05-04 16:26:00+00:00,30074.186099710983,30075.598880171852,30067.10217733348,30074.37669300415,280
2025-05-04 16:31:00+00:00,30074.578583631726,30076.117725083655,30056.439943448597,30075.016003209985,865
2025-05-04 16:36:00+00:00,30075.823425194027,30082.958037424392,30060.276222782642,30075.841339406397,624
2025-05-04 16:41:00+00:00,30075.552045596705,30089.276085707745,30061.27180817015,30076.079464435486,709
2025-05-04 16:46:00+00:00,30076.47243559206,30077.230683897906,30071.164325011974,30076.62039271704,447
2025-05-04 16:51:00+00:00,30077.569778034707,30086.12592016467,30062.47105464413,30078.87558828996,139
2025-05-04 16:56:00+00:00,30078.631720816004,30092.205968878967,30066.792825580353,30078.653658865656,482
2025-05-04 17:01:00+00:00,30080.295712179402,30087.901379559764,30061.47069507854,30079.586624147254,522
2025-05-04 17:06:00+00:00,30079.73653226436,30095.914887846593,30076.802558216903,30080.48362163879,373
2025-05-04 17:11:00+00:00,30079.735196144404,30095.78383156453,30079.167255366134,30079.29574770171,306
2025-05-04 17:16:00+00:00,30080.256441130456,30097.83680961995,30061.413387700497,30079.152268849397,102
2025-05-04 17:21:00+00:00,30079.877062696454,30097.53561394941,30068.114738325225,30080.976049553898,294
2025-05-04 17:26:00+00:00,30079.39494365071,30087.81701722319,30074.73443866758,30079.71493669267,722
2025-05-04 17:31:00+00:00,30081.522128857865,30095.370403753597,30075.23099411088,30082.611775715694,956
2025-05-04 17:36:00+00:00,30081.680402991147,30086.91218554715,30072.443089478464,30080.694624378204,431
2025-05-04 17:41:00+00:00,30081.90405847173,30096.27793408666,30067.80749901377,30082.385427821588,344
2025-05-04 17:46:00+00:00,30082.421988753285,30091.743361119654,30080.607680537367,30081.848643696285,530
2025-05-04 17:51:00+00:00,30082.97249372561,30096.87690517238,30064.911802052757,30082.97140930018,446
2025-05-04 17:56:00+00:00,30083.505829753547,30095.32020468277,30067.71907448287,30084.13031661128,289
2025-05-04 18:01:00+00:00,30083.445629014393,30102.52330763133,30063.636613420567,30081.866535874764,192
2025-05-04 18:06:00+00:00,30083.135587384782,30095.66794139087,30080.75612386821,30083.33138607983,495
2025-05-04 18:11:00+00:00,30083.872308609578,30089.591672043298,30079.77554280778,30083.709734533604,216
2025-05-04 18:16:00+00:00,30082.47711510057,30092.27133643384,30079.056100291542,30081.803387462704,677
2025-05-04 18:21:00+00:00,30081.53201817744,30084.964997915384,30070.41630416582,30080.322529794023,395
2025-05-04 18:26:00+00:00,30081.366627682608,30087.388302902556,30068.14616490255,30082.17386357767,965
2025-05-04 18:31:00+00:00,30081.603430451967,30089.854453067994,30066.70126013788,30079.93978069357,568
2025-05-04 18:36:00+00:00,30081.396317275245,30097.883250985193,30064.83226037835,30082.194584588404,408
2025-05-04 18:41:00+00:00,30082.280640367717,30091.07577482087,30072.255413307194,30081.39188096263,872
2025-05-04 18:46:00+00:00,30082.928471766063,30088.846080441977,30072.07747733147,30083.64013876944,417
2025-05-04 18:51:00+00:00,30082.31208978617,30082.723162116876,30076.710923608483,30084.390965293493,914
2025-05-04 18:56:00+00:00,30082.2468360551,30101.388493800638,30066.188444795753,30082.308396155706,598
2025-05-04 19:01:00+00:00,30085.385794784655,30102.79059873005,30074.204557612324,30086.553244259285,893
2025-05-04 19:06:00+00:00,30084.0756154661,30084.65333911997,30071.22852979694,30083.991207308125,978
2025-05-04 19:11:00+00:00,30084.43881031394,30090.7328800115,30064.717992262504,30085.28849969955,605
2025-05-04 19:16:00+00:00,30084.696398347707,30088.049170394283,30077.445698997162,30085.14257413368,534
2025-05-04 19:21:00+00:00,30083.745174071526,30098.609145780163,30069.104076163603,30083.726966078888,769
2025-05-04 19:26:00+00:00,30083.009097876322,30086.949940943578,30067.495306936395,30083.218035291116,556
2025-05-04 19:31:00+00:00,30084.062013482664,30093.607642753806,30070.33286110434,30082.37216383525,944
2025-05-04 19:36:00+00:00,30083.794618377273,30092.326686703746,30071.782310433944,30083.78053497557,938
2025-05-04 19:41:00+00:00,30085.47134228856,30091.061660097435,30066.662472021326,30085.59381680944,206
2025-05-04 19:46:00+00:00,30084.518299135518,30093.84861996312,30071.998553306228,30082.753100046095,750
2025-05-04 19:51:00+00:00,30085.332655422815,30086.35139030192,30083.81326992344,30085.19534903774,166
2025-05-04 19:56:00+00:00,30086.75943257276,30094.45057829638,30067.020878605465,30086.555275702984,621
2025-05-04 20:01:00+00:00,30086.284723890454,30092.7942500998,30068.71607867611,30085.491735534964,204
2025-05-04 20:06:00+00:00,30087.380949399885,30089.01972823068,30068.09499988736,30090.022608351577,422
2025-05-04 20:11:00+00:00,30087.71712397879,30092.93343651888,30073.4009929233,30087.228504613944,825
2025-05-04 20:16:00+00:00,30085.864490554733,30090.967425663013,30075.227643034166,30083.960282476164,287
2025-05-04 20:21:00+00:00,30085.084372699675,30089.236223087653,30071.338651485486,30083.791083060947,746
2025-05-04 20:26:00+00:00,30085.29306042409,30092.891465542445,30076.47531353696,30085.393935817876,773
2025-05-04 20:31:00+00:00,30085.07828703099,30101.145438826417,30067.27391444484,30084.817217801006,215
2025-05-04 20:36:00+00:00,30084.06926442195,30089.4088396818,30073.258624402748,30084.43805887764,605
2025-05-04 20:41:00+00:00,30082.126248661538,30095.4145011184,30071.689704816505,30082.942922986316,961
2025-05-04 20:46:00+00:00,30081.563617616812,30090.461280141968,30068.455715941756,30081.011643091522,545
2025-05-04 20:51:00+00:00,30083.121203493945,30099.57979632188,30069.220674232165,30083.15487505299,486
2025-05-04 20:56:00+00:00,30084.757666027675,30093.480335679546,30067.90382786073,30085.67968851628,711
2025-05-04 21:01:00+00:00,30085.721103956148,30094.035397296695,30078.00796805713,30084.642287228246,580
2025-05-04 21:06:00+00:00,30085.98516846859,30090.177528320222,30070.293422565246,30086.855191965464,344
2025-05-04 21:11:00+00:00,30084.47777671199,30091.03865542762,30084.445464536628,30084.120568188697,935
2025-05-04 21:16:00+00:00,30083.80544001698,30091.1493846204,30068.691015399374,30082.7100816729,929
2025-05-04 21:21:00+00:00,30083.82934343323,30091.032462482577,30080.40208615502,30085.450175916656,895
2025-05-04 21:26:00+00:00,30084.765557283703,30088.193127338087,30083.491228308176,30084.463487822668,118
2025-05-04 21:31:00+00:00,30084.1617681117,30090.060492906337,30073.760513193283,30084.64955993751,712
2025-05-04 21:36:00+00:00,30082.369783674534,30096.461544625305,30063.516322463467,30082.339588282604,440
2025-05-04 21:41:00+00:00,30082.785659912814,30094.400275206204,30069.9903088971,30080.940853244683,533
2025-05-04 21:46:00+00:00,30082.900236849156,30100.604348793477,30064.06443022864,30084.977877781486,739
2025-05-04 21:51:00+00:00,30082.7394789173,30097.962370785222,30063.829209015727,30084.064980311592,489
2025-05-04 21:56:00+00:00,30082.45538352055,30090.64118903254,30065.701464485566,30081.99824469623,327
2025-05-04 22:01:00+00:00,30083.61673607291,30103.437843680484,30078.39863852881,30085.186027343505,148
2025-05-04 22:06:00+00:00,30083.530838542083,30095.082828878443,30064.955885823776,30084.834321541355,178
2025-05-04 22:11:00+00:00,30085.04152738535,30090.516976115792,30082.56415709677,30084.486606884995,721
2025-05-04 22:16:00+00:00,30084.787022880955,30094.827558704317,30078.457878637062,30084.182991988582,436
2025-05-04 22:21:00+00:00,30083.347288895726,30088.77106655016,30069.056478638664,30082.814406720583,640
2025-05-04 22:26:00+00:00,30083.276425560813,30090.537032402273,30080.016660991692,30084.15711340261,930
2025-05-04 22:31:00+00:00,30083.125179585044,30101.195064209962,30079.41717722342,30082.354576489724,570
2025-05-04 22:36:00+00:00,30082.286105421183,30086.255254318065,30068.966450434677,30081.36706309652,541
2025-05-04 22:41:00+00:00,30082.187274853277,30088.93355132108,30072.55165221502,30081.118715103126,510
2025-05-04 22:46:00+00:00,30082.578025108527,30084.12742091409,30074.15610669881,30083.10183392455,538
2025-05-04 22:51:00+00:00,30082.87203838399,30102.64626875536,30070.040682543593,30081.206791145098,274
2025-05-04 22:56:00+00:00,30082.115953862558,30091.489735509145,30063.00790089891,30082.327313135906,953
2025-05-04 23:01:00+00:00,30080.399742215075,30098.019244879182,30065.625355090535,30079.69413453138,162
2025-05-04 23:06:00+00:00,30081.422649518576,30097.72545339344,30063.01874890592,30082.381858836812,802
2025-05-04 23:11:00+00:00,30082.640599373757,30097.576744723254,30080.089012892644,30082.78801814103,535
2025-05-04 23:16:00+00:00,30082.705515301208,30084.176647554355,30068.590823621897,30084.24973654936,232
2025-05-04 23:21:00+00:00,30083.307822343882,30091.226976854156,30070.156159946222,30083.98699750872,961
2025-05-04 23:26:00+00:00,30082.670905145493,30090.883443942374,30064.534162821878,30082.60037661582,390
2025-05-04 23:31:00+00:00,30081.024249404403,30085.742882580387,30074.3581420246,30081.095220299492,548
2025-05-04 23:36:00+00:00,30082.506516649504,30094.730160247756,30063.513647889387,30083.040537774596,823
2025-05-04 23:41:00+00:00,30082.565055847448,30102.54683637343,30078.05362378899,30081.993024629137,403
2025-05-04 23:46:00+00:00,30079.51208115579,30098.749774382213,30067.593187853163,30079.311020573285,161
2025-05-04 23:51:00+00:00,30079.638000167994,30096.686304267005,30071.679718281313,30078.724613223607,652
2025-05-04 23:56:00+00:00,30080.79512260585,30086.09747757093,30080.615989840586,30079.802754256634,599
2025-05-05 00:01:00+00:00,30080.17629938395,30082.57646433781,30077.34801160004,30078.428330390667,615
2025-05-05 00:06:00+00:00,30080.10219174472,30092.986863699498,30062.513037124685,30080.04139506134,652
2025-05-05 00:11:00+00:00,30080.532600720177,30093.533904051572,30063.091528819652,30082.385305095944,118
2025-05-05 00:16:00+00:00,30079.959825857364,30084.20342198798,30073.588078923327,30079.04228642747,369
2025-05-05 00:21:00+00:00,30078.6261783766,30093.961986984752,30062.195147303428,30076.82930882924,897
2025-05-05 00:26:00+00:00,30077.364717460605,30089.426783833253,30060.338701560533,30078.10883005487,845
2025-05-05 00:31:00+00:00,30076.719889008145,30081.600422336996,30064.43889522606,30078.02853637218,388
2025-05-05 00:36:00+00:00,30076.03094400193,30085.372065839118,30059.435951321364,30075.627432266996,727
2025-05-05 00:41:00+00:00,30076.8715237371,30095.189580171904,30062.817441193165,30075.96577829596,822
2025-05-05 00:46:00+00:00,30075.619534888603,30076.25735271197,30060.11864226683,30077.152827529688,930
2025-05-05 00:51:00+00:00,30075.433945797995,30080.67499536578,30074.26285903019,30075.956192741563,168
2025-05-05 00:56:00+00:00,30075.460062875507,30091.53973290056,30067.555893689485,30074.206411338742,637
2025-05-05 01:01:00+00:00,30076.958951778182,30082.093282869886,30068.855892287294,30075.83157950153,583
2025-05-05 01:06:00+00:00,30076.991147798966,30080.61005858419,30062.01970637141,30076.93273879146,682
2025-05-05 01:11:00+00:00,30076.722987660327,30083.67178410085,30059.70805112823,30077.797505652776,636
2025-05-05 01:16:00+00:00,30079.545316239997,30092.46606815416,30062.311034766888,30079.53522885689,195
2025-05-05 01:21:00+00:00,30079.576627478385,30088.24977480592,30067.79736881126,30078.801782340466,460
2025-05-05 01:26:00+00:00,30079.09980175881,30080.633916638373,30066.92937217139,30079.671292429564,506
2025-05-05 01:31:00+00:00,30079.197566835894,30087.400867318647,30076.66184091065,30079.48589108823,753
2025-05-05 01:36:00+00:00,30079.08899181959,30084.740442493603,30064.511092908102,30079.73135197371,221
2025-05-05 01:41:00+00:00,30078.392509392783,30089.0307134717,30060.17711989704,30078.389752857238,663
2025-05-05 01:46:00+00:00,30078.39243674137,30085.980768985264,30077.626728614592,30078.5749114234,978
2025-05-05 01:51:00+00:00,30080.249444643712,30096.35784800476,30060.574635137153,30079.697363531577,373
2025-05-05 01:56:00+00:00,30079.72138927763,30080.14358670424,30076.72967242276,30079.898097919133,670
2025-05-05 02:01:00+00:00,30079.925487514538,30099.88395541016,30065.681774387733,30081.49512665085,173
2025-05-05 02:06:00+00:00,30078.676157804603,30078.8386083097,30077.075584963757,30079.852555907477,360
2025-05-05 02:11:00+00:00,30079.606369318022,30082.015268138344,30067.93924806182,30080.80760545774,733
2025-05-05 02:16:00+00:00,30080.10713528861,30085.10078782027,30062.363853064136,30080.867213740185,642
2025-05-05 02:21:00+00:00,30081.060549140984,30084.693314903707,30063.48035543361,30083.521467001046,580
2025-05-05 02:26:00+00:00,30082.19550243756,30082.328673725493,30064.08685525811,30082.092043510933,861
2025-05-05 02:31:00+00:00,30083.83374112191,30094.28747978972,30071.85161561261,30085.39047935831,427
2025-05-05 02:36:00+00:00,30083.333622156362,30089.118981816115,30081.64270584009,30084.178375333042,726
2025-05-05 02:41:00+00:00,30083.467164886377,30090.353710274318,30074.43895518505,30084.30878187712,469
2025-05-05 02:46:00+00:00,30083.481572047487,30094.849972306143,30080.07163242888,30084.280652494752,466
2025-05-05 02:51:00+00:00,30083.762543603603,30090.11904714568,30078.371147524937,30084.187680429503,991
2025-05-05 02:56:00+00:00,30083.988785187074,30096.453308474425,30080.235674062395,30084.870637166052,713
2025-05-05 03:01:00+00:00,30083.183392632625,30084.25103532441,30065.319584364017,30082.56865681062,856
2025-05-05 03:06:00+00:00,30081.89120243,30098.14990853183,30070.2119777019,30082.394603108034,930
2025-05-05 03:11:00+00:00,30081.6599914429,30082.126555459403,30070.510600593607,30082.778426230998,468
2025-05-05 03:16:00+00:00,30081.89962180103,30092.939231299886,30067.252032501194,30082.812952760432,557
2025-05-05 03:21:00+00:00,30082.935164815983,30096.904506460814,30080.415911149637,30083.175639662193,624
2025-05-05 03:26:00+00:00,30082.153775115457,30095.457808130355,30069.802538993525,30081.131576585438,262
2025-05-05 03:31:00+00:00,30081.969146780495,30100.060864046656,30077.05633193834,30083.034304448272,467
2025-05-05 03:36:00+00:00,30080.77071520458,30086.184712899034,30073.589975533523,30080.70287178885,434
2025-05-05 03:41:00+00:00,30079.530861012845,30090.519136924362,30067.94351408155,30079.361453014473,205
2025-05-05 03:46:00+00:00,30081.19909998579,30097.813667782502,30078.367519035237,30082.638985326204,296
2025-05-05 03:51:00+00:00,30082.03355818497,30092.4204848711,30079.22947596741,30083.69729368875,939
2025-05-05 03:56:00+00:00,30083.55022006894,30087.007520901167,30064.207456286233,30082.219548566638,106
2025-05-05 04:01:00+00:00,30083.03168313697,30092.25134630326,30067.44856934964,30083.78638379985,211
2025-05-05 04:06:00+00:00,30083.231935535998,30084.443209786175,30064.460855216665,30083.987197139228,527
2025-05-05 04:11:00+00:00,30082.961855153575,30098.939980290073,30080.091315214475,30082.528747815275,525
2025-05-05 04:16:00+00:00,30080.75910022627,30088.862355810637,30065.571345738503,30080.840048677528,843
2025-05-05 04:21:00+00:00,30079.12482946043,30094.08271133474,30072.869350393736,30076.94625267284,281
2025-05-05 04:26:00+00:00,30078.601583774973,30093.965611003365,30073.119536624523,30076.85799365561,176
2025-05-05 04:31:00+00:00,30078.33008375277,30081.119293695818,30065.1019741692,30076.674282623586,204
2025-05-05 04:36:00+00:00,30078.199167977382,30082.608090085665,30062.758011103142,30078.260576493456,943
2025-05-05 04:41:00+00:00,30079.406297386337,30095.523822403993,30067.289948942496,30079.57343599248,349
2025-05-05 04:46:00+00:00,30080.890049378377,30096.980200156995,30078.781541746564,30079.950637512768,828
2025-05-05 04:51:00+00:00,30081.11635068402,30097.995081104484,30064.653400369134,30082.354058419172,705
2025-05-05 04:56:00+00:00,30081.502554905117,30085.919365641068,30070.996131789114,30081.120530086595,824
2025-05-05 05:01:00+00:00,30080.605146845064,30087.73416669995,30072.050553168792,30081.486922959364,234
2025-05-05 05:06:00+00:00,30080.40754058113,30083.46308073146,30065.36108823234,30082.54254465683,107
2025-05-05 05:11:00+00:00,30079.263880152834,30093.03122742981,30064.452840658527,30079.044504453093,595
2025-05-05 05:16:00+00:00,30078.734534181676,30080.6720268473,30069.600415221492,30078.76473474211,923
2025-05-05 05:21:00+00:00,30077.34002341497,30092.08474370701,30061.50154544667,30078.026604923034,519
2025-05-05 05:26:00+00:00,30078.30847866712,30093.961727912494,30070.2002090598,30078.475659764532,620
2025-05-05 05:31:00+00:00,30077.830560759856,30091.29156789134,30067.92741220368,30078.540274005576,739
2025-05-05 05:36:00+00:00,30076.991543056247,30093.924469108813,30059.641375990803,30077.11198178508,704
2025-05-05 05:41:00+00:00,30077.944626937686,30079.0369445734,30061.353229662316,30076.956860130787,928
2025-05-05 05:46:00+00:00,30078.0029859242,30097.532019245067,30069.962719359417,30076.829617587173,757
2025-05-05 05:51:00+00:00,30079.60700536145,30098.08844610753,30070.152631470453,30080.68365922861,481
2025-05-05 05:56:00+00:00,30080.780794457758,30099.64193242404,30065.39999522048,30079.729965306302,535
2025-05-05 06:01:00+00:00,30081.67455735631,30096.856762026382,30069.670235103058,30081.289051582313,195
2025-05-05 06:06:00+00:00,30081.520791108316,30088.551630179423,30075.738690079408,30082.33416880191,546
2025-05-05 06:11:00+00:00,30080.99835754202,30099.806067360463,30070.09348877692,30079.754818139816,721
2025-05-05 06:16:00+00:00,30081.13795459524,30097.616126872323,30062.416389740636,30081.401539531696,371
2025-05-05 06:21:00+00:00,30082.059183199624,30098.159498794437,30072.10421833284,30083.234089807156,378
2025-05-05 06:26:00+00:00,30083.064735897548,30086.85117024209,30077.059921009408,30083.913496780944,331
2025-05-05 06:31:00+00:00,30083.72642280662,30089.082218425163,30066.233160077896,30082.927163532888,830
2025-05-05 06:36:00+00:00,30083.38480781053,30093.04641077438,30071.87781820124,30083.46762748774,283
2025-05-05 06:41:00+00:00,30083.860781502797,30103.6666527458,30079.109429027107,30083.337516664833,851
2025-05-05 06:46:00+00:00,30084.179434508555,30089.999134955935,30074.5721439025,30085.61437886015,214
2025-05-05 06:51:00+00:00,30081.79070133432,30087.420116472782,30079.175431467407,30081.35471182823,957
2025-05-05 06:56:00+00:00,30081.94333861556,30082.783195220458,30081.18373151969,30080.938405116118,603
2025-05-05 07:01:00+00:00,30081.29284099546,30089.791203639037,30077.243179857138,30082.61182771359,955
2025-05-05 07:06:00+00:00,30083.21777275651,30084.269862223136,30077.572626493482,30082.405182135124,818
2025-05-05 07:11:00+00:00,30083.39362964557,30088.109505204146,30071.876179569597,30082.767372343664,864
2025-05-05 07:16:00+00:00,30083.22612717968,30100.517667060496,30082.74391364381,30083.76719161806,700
2025-05-05 07:21:00+00:00,30084.44976823113,30096.55778063664,30074.02186290322,30085.90268831289,804
2025-05-05 07:26:00+00:00,30084.52271699714,30088.782500154408,30077.096856305187,30086.353208702272,313
2025-05-05 07:31:00+00:00,30084.168304430183,30102.090173245884,30078.0740216617,30086.094752185578,558
2025-05-05 07:36:00+00:00,30083.882943567878,30101.39648117234,30068.95207882892,30085.200546766744,166
2025-05-05 07:41:00+00:00,30083.569694965332,30093.890945325267,30068.95038493761,30084.551872577766,242
2025-05-05 07:46:00+00:00,30086.252452582296,30097.133493904093,30077.628571253943,30086.732537715594,529
2025-05-05 07:51:00+00:00,30085.28576922101,30089.851640835954,30072.106532477235,30085.31480451242,314
2025-05-05 07:56:00+00:00,30084.985929381022,30096.6250676307,30068.818357359974,30083.65334311485,399
2025-05-05 08:01:00+00:00,30086.12593252087,30098.39831826289,30085.307342171993,30084.588417349885,986
2025-05-05 08:06:00+00:00,30085.390059363104,30103.21606293128,30084.814050414006,30083.280741511626,119
2025-05-05 08:11:00+00:00,30088.074811380397,30099.93021386284,30085.561166979416,30088.892191331382,193
2025-05-05 08:16:00+00:00,30088.111779637882,30092.09391772267,30082.255002731123,30087.83680999356,914
2025-05-05 08:21:00+00:00,30089.39243853235,30097.14081542067,30078.13379580488,30090.975490111312,513
2025-05-05 08:26:00+00:00,30089.9387374473,30106.075287272495,30082.72308347516,30089.698414715065,302
2025-05-05 08:31:00+00:00,30088.311851187576,30103.3331190088,30081.883532071355,30088.392128346688,724
2025-05-05 08:36:00+00:00,30088.715847568765,30096.658581691336,30078.29067578708,30089.40957894291,239
2025-05-05 08:41:00+00:00,30088.91132315879,30104.73108078804,30076.90948639104,30087.5908721619,975
2025-05-05 08:46:00+00:00,30087.963909820373,30095.917701229915,30087.18990266998,30087.732918324742,753
2025-05-05 08:51:00+00:00,30087.804750576906,30100.01205245352,30080.326298605552,30088.216806525717,220
2025-05-05 08:56:00+00:00,30088.309474374855,30099.297205638624,30081.93475321291,30087.928209217924,734
2025-05-05 09:01:00+00:00,30088.044257981895,30097.295519861593,30074.74538021571,30086.485537638917,297
2025-05-05 09:06:00+00:00,30087.990495799164,30101.806011721823,30084.52673019347,30088.229509925128,262
2025-05-05 09:11:00+00:00,30085.101918470962,30094.11263324855,30068.994567153364,30086.549619181296,846
2025-05-05 09:16:00+00:00,30082.896703119997,30098.897863036353,30067.297933027796,30082.334345550116,451
2025-05-05 09:21:00+00:00,30082.692875169603,30090.589610501036,30070.13711466156,30081.077657667898,369
2025-05-05 09:26:00+00:00,30082.32556091009,30085.977916060237,30067.614059330732,30081.836429764477,728
2025-05-05 09:31:00+00:00,30083.826017123807,30098.746680217213,30068.52942155711,30085.252536628028,144
2025-05-05 09:36:00+00:00,30084.61757012471,30101.740081786862,30072.847801749856,30084.698404719526,877
2025-05-05 09:41:00+00:00,30085.764908127403,30103.53985637143,30085.16331802323,30085.055186277696,721
2025-05-05 09:46:00+00:00,30087.19647623518,30088.237812382464,30073.570597179627,30087.92916365541,532
2025-05-05 09:51:00+00:00,30086.792744627364,30104.651992697694,30080.982200338825,30087.42532026312,762
2025-05-05 09:56:00+00:00,30086.117786841787,30099.206332066737,30082.967257725173,30086.926000838608,752
2025-05-05 10:01:00+00:00,30085.99282258443,30096.095052091405,30078.97469640512,30084.60118346094,142
2025-05-05 10:06:00+00:00,30086.242911448357,30101.779701400472,30076.11037877817,30084.344900718315,518
2025-05-05 10:11:00+00:00,30087.066290367977,30095.426563692432,30085.937064625374,30087.398006108444,401
2025-05-05 10:16:00+00:00,30087.465037297527,30103.77015011546,30076.284157228718,30087.863842371324,120
2025-05-05 10:21:00+00:00,30086.975344127826,30103.900595596857,30084.412868460564,30087.325692620212,596
2025-05-05 10:26:00+00:00,30087.332009897935,30104.61598351379,30079.93920369732,30086.448858988766,137
2025-05-05 10:31:00+00:00,30087.52772226127,30097.9946038088,30085.6397543585,30087.380806522644,219
2025-05-05 10:36:00+00:00,30087.883399362818,30092.529165189386,30082.588969696666,30089.385741283648,946
2025-05-05 10:41:00+00:00,30087.844630502434,30094.215151627504,30083.00138281369,30087.957167395976,165
2025-05-05 10:46:00+00:00,30087.21690924664,30106.785629798473,30083.30593003122,30087.256500805375,110
2025-05-05 10:51:00+00:00,30088.187844857417,30097.368386448175,30072.041083414057,30088.51089241815,602
2025-05-05 10:56:00+00:00,30088.35779620162,30100.728302290285,30070.098370635893,30088.373251291636,122
2025-05-05 11:01:00+00:00,30087.79410859302,30091.4122314864,30068.508574346193,30087.330971934276,144
2025-05-05 11:06:00+00:00,30088.55815182039,30094.26399730795,30082.05319428673,30087.986938767906,970
2025-05-05 11:11:00+00:00,30087.86711269124,30094.829579422436,30086.705353982386,30087.108508470417,595
2025-05-05 11:16:00+00:00,30085.566144779088,30096.5969221979,30069.13610729454,30085.186076606908,558
2025-05-05 11:21:00+00:00,30085.67516335503,30102.93973474731,30074.363898331274,30086.055197874277,450
2025-05-05 11:26:00+00:00,30086.730719409283,30094.34578660584,30070.655221009074,30087.884421489194,306
2025-05-05 11:31:00+00:00,30087.059813524884,30089.80950067211,30085.51990577059,30088.12529972298,613
2025-05-05 11:36:00+00:00,30088.299035988803,30103.784286187754,30084.578400098326,30088.057934190496,572
2025-05-05 11:41:00+00:00,30089.013627517663,30096.449847099557,30086.195737167996,30089.68129561738,826
2025-05-05 11:46:00+00:00,30089.919398447695,30101.71171960597,30088.85327646738,30090.332864151227,478
2025-05-05 11:51:00+00:00,30090.04678137038,30092.726320325528,30079.08725505897,30089.624619318212,703
2025-05-05 11:56:00+00:00,30089.435993155705,30095.96802922152,30084.860303522448,30087.948359283862,993
2025-05-05 12:01:00+00:00,30089.290725314993,30101.302500181122,30084.10515697594,30087.776277251625,606
2025-05-05 12:06:00+00:00,30090.135790755307,30102.98832015913,30075.199581695582,30090.155646129824,450
2025-05-05 12:11:00+00:00,30089.260431108098,30098.489965838686,30079.836603844033,30088.74034277299,835
2025-05-05 12:16:00+00:00,30089.172013030955,30095.140926300865,30071.10412861249,30089.612968726924,884
2025-05-05 12:21:00+00:00,30088.371966189927,30099.708608912875,30080.0251367751,30087.61532158399,958
2025-05-05 12:26:00+00:00,30088.508749235014,30098.150207102546,30070.02947838672,30087.90268186121,123
2025-05-05 12:31:00+00:00,30089.07673263521,30089.31108311962,30083.33969076252,30088.33874027363,375
2025-05-05 12:36:00+00:00,30087.755669665537,30090.86864364734,30085.07122545722,30087.890325988385,912
2025-05-05 12:41:00+00:00,30087.176899650327,30092.4770390642,30075.268148875235,30087.497749749095,935
2025-05-05 12:46:00+00:00,30087.830898442302,30090.59661202582,30071.155478279303,30087.542833571286,380
2025-05-05 12:51:00+00:00,30087.710683762085,30105.541113628537,30078.913523376224,30088.95362951338,411
2025-05-05 12:56:00+00:00,30086.960160853458,30099.31294154253,30084.782049015022,30085.99005792001,676
2025-05-05 13:01:00+00:00,30088.145681521673,30089.804278574724,30087.57544507299,30088.320328079724,741
2025-05-05 13:06:00+00:00,30089.595476675357,30109.219603527385,30083.547248030536,30090.939275114964,428
2025-05-05 13:11:00+00:00,30090.500605605597,30099.804621785537,30074.5947201111,30091.582937468123,389
2025-05-05 13:16:00+00:00,30088.452671493367,30100.057594805035,30082.39523671796,30088.36503917141,177
2025-05-05 13:21:00+00:00,30089.34195736983,30091.155137552014,30080.693525489787,30090.013771523958,265
2025-05-05 13:26:00+00:00,30090.5139758586,30102.55625694784,30076.13261310424,30090.738483130095,540
2025-05-05 13:31:00+00:00,30090.065570241473,30099.521828564073,30072.184437675616,30090.018976693664,722
2025-05-05 13:36:00+00:00,30092.289333666486,30096.869101257522,30082.169406008714,30091.797332469367,347
2025-05-05 13:41:00+00:00,30093.226138518043,30100.83969178923,30086.887233106776,30093.266807935866,852
2025-05-05 13:46:00+00:00,30092.538998528024,30108.051232027705,30088.12848922234,30091.859714273607,144
2025-05-05 13:51:00+00:00,30092.64078428578,30096.026421148967,30089.841529785474,30093.288017100916,790
2025-05-05 13:56:00+00:00,30092.254733734015,30095.594344876783,30084.62580044109,30092.04753101383,301
2025-05-05 14:01:00+00:00,30091.430934446835,30099.87649832779,30076.560369125797,30091.51074245616,563
2025-05-05 14:06:00+00:00,30092.31807856175,30098.741830116163,30080.813197962576,30091.239689329173,888
2025-05-05 14:11:00+00:00,30092.25251042843,30095.677750279894,30077.15106513837,30093.227180551665,756
2025-05-05 14:16:00+00:00,30092.15834636379,30107.219391032515,30088.22478166407,30091.459147005262,409
2025-05-05 14:21:00+00:00,30091.960133801476,30097.30314229556,30075.663311316664,30090.932723524995,149
2025-05-05 14:26:00+00:00,30090.995786679086,30093.651335078044,30088.871300185598,30091.251164716155,478
2025-05-05 14:31:00+00:00,30089.93919893556,30108.936090308613,30071.441822431047,30091.730410068067,203
2025-05-05 14:36:00+00:00,30089.731877609254,30108.14081574551,30083.227091150853,30089.58470853043,704
2025-05-05 14:41:00+00:00,30087.839487552246,30095.36022585438,30078.38352014557,30086.937736640026,677
2025-05-05 14:46:00+00:00,30087.14932933212,30099.64781159554,30082.427199581798,30087.70850368606,455
2025-05-05 14:51:00+00:00,30088.209984764933,30091.535679122047,30071.322263126873,30088.735239528618,407
2025-05-05 14:56:00+00:00,30089.04080868927,30092.662761674335,30083.463790618654,30089.534767000878,847
2025-05-05 15:01:00+00:00,30088.18467887432,30102.663613796674,30084.273519824765,30089.19175502006,641
2025-05-05 15:06:00+00:00,30089.18298661981,30102.41022021157,30071.270189647086,30089.92636780121,960
2025-05-05 15:11:00+00:00,30087.84522137229,30088.3903518825,30071.527475159677,30087.117334468134,401
2025-05-05 15:16:00+00:00,30088.432598673247,30094.56912561016,30078.889641598955,30088.29318147821,104
2025-05-05 15:21:00+00:00,30089.9396180076,30106.409941809838,30081.353883251788,30090.98333614314,121
2025-05-05 15:26:00+00:00,30089.464806398002,30101.23398873298,30088.849161312082,30089.41991754562,116
2025-05-05 15:31:00+00:00,30089.19064510164,30107.30862186602,30084.51801643762,30088.968499636692,904
2025-05-05 15:36:00+00:00,30089.845938090722,30096.7052028943,30073.97240316219,30088.998282907192,813
2025-05-05 15:41:00+00:00,30089.479829402007,30096.389209439905,30082.95674100745,30089.46725456344,110
2025-05-05 15:46:00+00:00,30090.53389023889,30109.48814015511,30088.17089520151,30090.111768038052,511
2025-05-05 15:51:00+00:00,30089.335972422596,30106.671711102994,30069.570225990843,30088.591744024212,686
2025-05-05 15:56:00+00:00,30088.682861243116,30096.161470387564,30072.350207412957,30087.97668571416,519
2025-05-05 16:01:00+00:00,30088.780927804022,30105.9584598709,30084.636850994317,30088.825632999728,317
2025-05-05 16:06:00+00:00,30089.391643932013,30096.003553291026,30078.27815180193,30090.472601074085,944
2025-05-05 16:11:00+00:00,30088.468541635335,30090.980787029708,30073.971134171643,30086.906866328525,397
2025-05-05 16:16:00+00:00,30087.45600501618,30089.21987917155,30087.046772846188,30088.44484071163,201
2025-05-05 16:21:00+00:00,30086.733818543176,30088.383135212596,30068.23810635453,30089.048523840913,722
2025-05-05 16:26:00+00:00,30088.98462109355,30102.345184589227,30073.880610507447,30088.35039332711,802
2025-05-05 16:31:00+00:00,30088.13382574697,30100.506421214515,30078.004736027196,30087.843214042015,783
2025-05-05 16:36:00+00:00,30088.797049547924,30090.193456663677,30079.71324799423,30087.928832806243,827
2025-05-05 16:41:00+00:00,30089.08562060167,30106.09197323571,30073.604029232596,30090.56852660552,145
2025-05-05 16:46:00+00:00,30089.006542447205,30092.898584474293,30069.038178016424,30088.99629064464,256
2025-05-05 16:51:00+00:00,30089.021469074534,30090.404364990944,30072.780360260258,30089.37128762387,685
2025-05-05 16:56:00+00:00,30089.03857936559,30089.86667772887,30069.600865644505,30088.810958882903,140
2025-05-05 17:01:00+00:00,30090.198640541807,30109.907457580357,30075.370914296946,30088.092323431425,297
2025-05-05 17:06:00+00:00,30090.87849953928,30106.57993172925,30076.069600204417,30091.835805116494,450
2025-05-05 17:11:00+00:00,30092.70693588853,30106.734549002744,30087.06711652692,30092.37347806012,451
2025-05-05 17:16:00+00:00,30092.78925553424,30109.876580992877,30083.78624238139,30092.79936991102,970
2025-05-05 17:21:00+00:00,30093.17778304603,30095.150586028936,30093.113189833464,30092.663320894517,853
2025-05-05 17:26:00+00:00,30093.68991333263,30107.4687234811,30080.060762812856,30092.89692549805,607
2025-05-05 17:31:00+00:00,30094.315152299823,30096.797272530956,30092.0157766944,30094.976065920597,493
2025-05-05 17:36:00+00:00,30092.76317270296,30107.23879382986,30074.430559768756,30094.006999568606,367
2025-05-05 17:41:00+00:00,30093.741938786283,30106.26951950396,30083.943203247036,30094.002386487588,248
2025-05-05 17:46:00+00:00,30092.711754603883,30102.540601630673,30081.87861672186,30093.898046352962,702
2025-05-05 17:51:00+00:00,30092.246992682925,30103.948391825423,30083.534417671683,30090.443413871875,646
2025-05-05 17:56:00+00:00,30093.95514768699,30106.322803920597,30077.072463380653,30093.248261827608,204
2025-05-05 18:01:00+00:00,30094.453045614046,30101.64691181417,30090.598917869604,30095.33815832558,111
2025-05-05 18:06:00+00:00,30093.424837352366,30104.723027889668,30080.607337700854,30093.65899663504,124
2025-05-05 18:11:00+00:00,30093.993282168314,30112.447615838686,30077.10143066859,30094.982775387733,191
2025-05-05 18:16:00+00:00,30092.59635577936,30104.56820636905,30077.77286629729,30092.960269526448,602
2025-05-05 18:21:00+00:00,30093.03568146803,30106.142461957996,30085.02385536865,30091.688284758566,972
2025-05-05 18:26:00+00:00,30093.657559533876,30096.22583083284,30081.952416322096,30094.240355819027,371
2025-05-05 18:31:00+00:00,30095.373086401054,30105.293527284066,30079.748448881797,30094.672095783408,141
2025-05-05 18:36:00+00:00,30094.665368459366,30099.340985208735,30088.05368064993,30095.00769754418,684
2025-05-05 18:41:00+00:00,30093.137755061824,30112.617616220174,30088.12667033687,30094.50685454502,602
2025-05-05 18:46:00+00:00,30093.541453217822,30113.501819867404,30093.086868397826,30093.06745779812,760
2025-05-05 18:51:00+00:00,30093.656593776024,30101.970759900563,30083.45293795405,30093.278694200388,856
2025-05-05 18:56:00+00:00,30093.64045545924,30107.577613631875,30088.480774454983,30093.69028672819,601
2025-05-05 19:01:00+00:00,30095.26318685196,30097.837410214914,30076.09250111823,30095.223353407917,844
2025-05-05 19:06:00+00:00,30093.302527980606,30098.603620452966,30081.106326818062,30092.677791833023,801
2025-05-05 19:11:00+00:00,30094.50430595909,30097.94021960819,30091.845326724906,30093.920675599347,321
2025-05-05 19:16:00+00:00,30094.388389664306,30106.779695829304,30075.822992765246,30095.621848741044,268
2025-05-05 19:21:00+00:00,30096.234381091028,30114.808427238626,30092.684992215258,30096.82391142959,404
2025-05-05 19:26:00+00:00,30094.79040384119,30108.3867380473,30077.13813514539,30094.064890053032,558
2025-05-05 19:31:00+00:00,30095.321530610418,30095.4507117288,30092.339107322856,30095.69693841114,153
2025-05-05 19:36:00+00:00,30094.857901368126,30099.13587847257,30075.409347230936,30094.012067198673,274
2025-05-05 19:41:00+00:00,30094.489498711202,30106.208336601154,30075.849098423398,30093.099771568177,228
2025-05-05 19:46:00+00:00,30095.8463644554,30106.164550624606,30080.378772128803,30098.218599640655,169
2025-05-05 19:51:00+00:00,30096.93439909169,30112.10959722842,30080.632856439555,30096.410351191236,622
2025-05-05 19:56:00+00:00,30096.5487843114,30107.76279588887,30087.63634386888,30098.235795341112,458
2025-05-05 20:01:00+00:00,30096.25528319478,30106.729417967526,30087.093302932706,30096.331013079063,392
2025-05-05 20:06:00+00:00,30094.939726538396,30104.903283296673,30082.04770447784,30095.807501985688,189
2025-05-05 20:11:00+00:00,30095.619776570788,30105.55908145713,30090.158450763727,30095.676701879,782
2025-05-05 20:16:00+00:00,30097.14701641818,30115.93239812348,30085.73000954439,30098.576772902514,277
2025-05-05 20:21:00+00:00,30097.926139499734,30102.11011727855,30087.422455728363,30097.479447412486,695
2025-05-05 20:26:00+00:00,30098.690615565178,30114.157112979723,30081.769628773323,30099.28101740916,321
2025-05-05 20:31:00+00:00,30099.692468795012,30109.907409977357,30082.460949969678,30099.93171443839,580
2025-05-05 20:36:00+00:00,30097.565723611784,30108.60170049905,30078.312471745478,30097.676110849825,567
2025-05-05 20:41:00+00:00,30098.11559716378,30100.209206230185,30083.093881941786,30098.83964359535,860
2025-05-05 20:46:00+00:00,30097.270543220802,30099.43089843366,30094.321691639554,30096.54178222057,498
2025-05-05 20:51:00+00:00,30097.04743414234,30103.621876556594,30089.616490577864,30096.250154720812,466
2025-05-05 20:56:00+00:00,30097.952677982255,30108.024248948983,30095.993274881028,30097.09659595292,651
2025-05-05 21:01:00+00:00,30098.878382089806,30101.616270692866,30089.550359231373,30100.410863185396,567
2025-05-05 21:06:00+00:00,30098.728771141676,30115.373354433832,30082.66607651031,30098.86082106066,646
2025-05-05 21:11:00+00:00,30097.247900802136,30109.201315474536,30080.95869793781,30097.98036192753,576
2025-05-05 21:16:00+00:00,30097.518232291255,30115.08135172709,30077.84508723762,30097.357286131595,837
2025-05-05 21:21:00+00:00,30096.86508023719,30099.534691135304,30083.924258366256,30096.428179073966,988
2025-05-05 21:26:00+00:00,30097.10452931872,30108.69756579161,30082.89129355157,30098.449695771935,608
2025-05-05 21:31:00+00:00,30097.450640360756,30097.839149047686,30081.28012266489,30096.15108751754,138
2025-05-05 21:36:00+00:00,30097.65961544071,30103.285444993886,30078.249377472803,30095.871253269594,343
2025-05-05 21:41:00+00:00,30098.06511740775,30099.835520557343,30090.292144093466,30098.439188440938,274
2025-05-05 21:46:00+00:00,30100.430935826425,30104.047000528477,30100.09653528989,30101.505698561334,162
2025-05-05 21:51:00+00:00,30101.074924680986,30120.783479381676,30086.420522537766,30102.394791560557,775
2025-05-05 21:56:00+00:00,30100.800212180562,30108.54098278801,30098.526949253912,30099.922963175515,265
2025-05-05 22:01:00+00:00,30101.77393479184,30108.844509128838,30090.3614551943,30101.850059873832,876
2025-05-05 22:06:00+00:00,30100.761956551287,30115.295843975164,30094.758492416113,30102.845337327417,547
2025-05-05 22:11:00+00:00,30101.769158703562,30105.52689546667,30090.63336652744,30101.467408567773,865
2025-05-05 22:16:00+00:00,30102.568731644482,30116.022860830297,30084.77213922121,30103.918739419307,964
2025-05-05 22:21:00+00:00,30101.739239466697,30110.788030907213,30096.829725078638,30102.007759024506,755
2025-05-05 22:26:00+00:00,30101.079060550113,30117.793931178305,30084.801730906856,30101.013215383813,110
2025-05-05 22:31:00+00:00,30103.246073925948,30107.16350399389,30085.042167164363,30104.642486780605,972
2025-05-05 22:36:00+00:00,30103.964206716526,30108.897265394146,30086.011923360318,30103.73067869836,555
2025-05-05 22:41:00+00:00,30102.407382694695,30117.835285904835,30091.31370045901,30101.371720133317,312
2025-05-05 22:46:00+00:00,30102.93793368193,30105.758928846837,30083.62368330583,30104.435681081257,678
2025-05-05 22:51:00+00:00,30102.58290458684,30112.21852138514,30096.068708313014,30102.591540196703,596
2025-05-05 22:56:00+00:00,30102.88809754146,30112.942938065804,30097.35440659611,30104.457598629644,464
2025-05-05 23:01:00+00:00,30102.268631222323,30102.589164435412,30096.417092238225,30102.64408052638,353
2025-05-05 23:06:00+00:00,30101.819461116036,30107.78371923738,30082.109092260456,30103.076572766025,532
2025-05-05 23:11:00+00:00,30100.854001095322,30114.93805145748,30089.952428294568,30102.30208639274,619
2025-05-05 23:16:00+00:00,30101.063380344036,30101.68302317977,30094.394009610623,30099.72785724434,725
2025-05-05 23:21:00+00:00,30100.782860397365,30119.48906462873,30088.893485149794,30099.057910700707,261
2025-05-05 23:26:00+00:00,30102.021133515882,30103.803336394863,30086.32995223256,30101.269404041817,458
2025-05-05 23:31:00+00:00,30101.96697261365,30117.226598686324,30086.75879419582,30104.996410088286,873
2025-05-05 23:36:00+00:00,30101.74396085685,30102.536796257624,30088.412804564214,30102.76940412218,915
2025-05-05 23:41:00+00:00,30103.814959100284,30105.40825261642,30086.44674821456,30103.531545040667,398
2025-05-05 23:46:00+00:00,30103.786083392035,30117.2615506085,30089.841299251715,30099.30392191375,538
2025-05-05 23:51:00+00:00,30102.670785256858,30116.01026345855,30089.129961300136,30104.749626491815,510
2025-05-05 23:56:00+00:00,30104.72684706564,30119.341465637164,30099.637888151134,30104.73794988912,669
2025-05-06 00:01:00+00:00,30103.592716477193,30111.84467342391,30091.654504225018,30103.479931523678,251
2025-05-06 00:06:00+00:00,30103.300699540046,30113.432448232023,30101.787810090398,30103.487150488643,756
2025-05-06 00:11:00+00:00,30104.369911244485,30120.542763943824,30094.424021543353,30105.483702767753,183
2025-05-06 00:16:00+00:00,30104.522947964466,30111.943792814942,30086.03404634135,30105.692462135296,647
2025-05-06 00:21:00+00:00,30105.284832343958,30123.301639706548,30105.265232330636,30105.47967912743,992
2025-05-06 00:26:00+00:00,30103.879223210046,30123.364411308183,30098.03231469497,30104.655155762634,662
2025-05-06 00:31:00+00:00,30104.948643500564,30114.58614226424,30094.80483315891,30104.05559101412,299
2025-05-06 00:36:00+00:00,30105.159619342547,30120.92988202564,30088.488544208,30106.510083258694,213
2025-05-06 00:41:00+00:00,30106.162835802825,30120.842659525537,30090.257952726777,30105.406432373464,142
2025-05-06 00:46:00+00:00,30107.122279175823,30108.469187847593,30093.960352782735,30108.151293241735,136
2025-05-06 00:51:00+00:00,30107.237005657058,30119.912482065454,30104.667440902645,30106.258759872595,473
2025-05-06 00:56:00+00:00,30106.638302310326,30117.132423385996,30092.875383218226,30106.119892819723,515
2025-05-06 01:01:00+00:00,30105.80803113235,30109.981472299325,30093.132134781037,30106.876869734304,142
2025-05-06 01:06:00+00:00,30105.494728675134,30119.96620065493,30091.541585059444,30106.57008296755,559
2025-05-06 01:11:00+00:00,30104.744723426396,30121.763103985108,30096.038150268072,30103.962547380816,166
2025-05-06 01:16:00+00:00,30103.848479606964,30107.70643088153,30093.994980612515,30103.840313408047,427
2025-05-06 01:21:00+00:00,30104.369126208785,30121.401483225465,30087.90710506801,30103.840115400846,226
2025-05-06 01:26:00+00:00,30104.476656482544,30110.240688679103,30090.489898617878,30103.802080032023,145
2025-05-06 01:31:00+00:00,30105.022199046383,30120.2673943513,30092.03724931285,30105.737981352766,700
2025-05-06 01:36:00+00:00,30104.723293184048,30123.780103866386,30093.724943940215,30106.651839105383,142
2025-05-06 01:41:00+00:00,30103.607734213838,30119.464300385906,30088.421857557358,30103.20978325998,314
2025-05-06 01:46:00+00:00,30104.985547896853,30111.36273541732,30099.137636581017,30105.65532720364,445
2025-05-06 01:51:00+00:00,30104.134603148803,30113.56572031127,30090.09544350092,30103.648019732937,378
2025-05-06 01:56:00+00:00,30102.934887301846,30115.956133046326,30085.010549061015,30104.126223845105,148
2025-05-06 02:01:00+00:00,30102.503227484587,30105.376581351862,30085.276415726545,30103.394768791044,929
2025-05-06 02:06:00+00:00,30101.927960452773,30112.545958562077,30094.255731373847,30101.530774578638,458
2025-05-06 02:11:00+00:00,30101.166208978433,30116.657295280696,30088.722792029883,30098.85941854938,909
2025-05-06 02:16:00+00:00,30102.441565339737,30120.779047779968,30089.862728719174,30101.91959628135,509
2025-05-06 02:21:00+00:00,30101.50824164976,30106.766330800114,30084.85505448656,30101.61169245971,440
2025-05-06 02:26:00+00:00,30099.25135978068,30106.09274641205,30097.96968605356,30098.510959843945,859
2025-05-06 02:31:00+00:00,30097.395720992758,30107.487997183343,30081.740687937505,30097.621229262186,760
2025-05-06 02:36:00+00:00,30096.25542714185,30111.988771791002,30076.637799371045,30095.853064580435,248
2025-05-06 02:41:00+00:00,30096.043958792172,30098.60729045333,30077.390560962318,30094.64872089057,164
2025-05-06 02:46:00+00:00,30095.234995201612,30103.963948852484,30094.12973742367,30095.723945455724,578
2025-05-06 02:51:00+00:00,30095.41262967007,30109.3866071479,30086.58896717872,30094.571921172337,131
2025-05-06 02:56:00+00:00,30095.48070144599,30101.22831123542,30080.570978239663,30095.584920753627,957
2025-05-06 03:01:00+00:00,30096.46340301621,30097.045502219422,30096.296190857043,30096.886390704505,913
2025-05-06 03:06:00+00:00,30096.09878552811,30100.658689915184,30079.67800043843,30097.854496689677,309
2025-05-06 03:11:00+00:00,30093.532071637306,30102.725158168352,30077.621152630367,30091.938245101835,956
2025-05-06 03:16:00+00:00,30093.703416180466,30110.454511642954,30088.681996032177,30093.989970467454,531
2025-05-06 03:21:00+00:00,30093.12242749235,30093.159673548496,30084.471091525164,30094.982760099378,372
2025-05-06 03:26:00+00:00,30094.372774589778,30109.032096681196,30090.588996366234,30093.49671318524,444
2025-05-06 03:31:00+00:00,30093.177675152743,30104.163594858062,30083.662585904207,30093.35274581712,127
2025-05-06 03:36:00+00:00,30092.955327618372,30101.561060056065,30085.51644199396,30092.003600631608,776
2025-05-06 03:41:00+00:00,30093.76193791964,30101.198352250467,30077.134820888252,30092.410980723827,766
2025-05-06 03:46:00+00:00,30093.15202196955,30100.945596526224,30081.660952094644,30094.621747829035,353
2025-05-06 03:51:00+00:00,30092.433759736505,30110.850651713044,30084.31914913073,30092.61521499802,742
2025-05-06 03:56:00+00:00,30093.17344330545,30109.083847113132,30086.16453833577,30093.081434898115,433
2025-05-06 04:01:00+00:00,30093.795514507583,30098.308812270716,30093.069026050525,30094.344457135958,671
2025-05-06 04:06:00+00:00,30093.30311448318,30102.25071640888,30074.113519346745,30093.82507311064,802
2025-05-06 04:11:00+00:00,30092.746482252223,30100.85007030319,30090.569783144787,30094.281662725964,475
2025-05-06 04:16:00+00:00,30092.75242631224,30108.20862363471,30079.827793541823,30093.86526539556,119
2025-05-06 04:21:00+00:00,30091.67710746453,30103.320447098216,30085.146416711825,30092.147873582773,939
2025-05-06 04:26:00+00:00,30092.732274118236,30097.445915589557,30083.569828974578,30092.460223035137,890
2025-05-06 04:31:00+00:00,30091.514857093145,30103.077514410634,30082.419194222093,30090.591983932034,535
2025-05-06 04:36:00+00:00,30092.81094912934,30105.97814529958,30080.62597687625,30091.568721809763,838
2025-05-06 04:41:00+00:00,30092.29608260496,30108.97753259465,30083.705973407406,30092.86221469294,912
2025-05-06 04:46:00+00:00,30091.119237353225,30098.784528329536,30077.133588492285,30089.684023389997,416
2025-05-06 04:51:00+00:00,30090.028074963153,30094.9095372874,30084.51312690138,30091.69090360297,459
2025-05-06 04:56:00+00:00,30091.023351950233,30092.143187293517,30089.064626609186,30091.899372430562,707
2025-05-06 05:01:00+00:00,30092.49568776777,30102.259252750293,30078.496345312713,30091.218722081154,650
2025-05-06 05:06:00+00:00,30091.19740688855,30106.7500264773,30081.185022290854,30090.687741372836,665
2025-05-06 05:11:00+00:00,30092.154505586263,30094.010394622146,30081.73797184521,30091.87771526763,800
2025-05-06 05:16:00+00:00,30093.25102511419,30111.839598372502,30092.646617680806,30092.463613077223,897
2025-05-06 05:21:00+00:00,30091.47923850402,30091.586507624674,30091.29598339415,30089.5739333567,765
2025-05-06 05:26:00+00:00,30093.326192681634,30095.488781171127,30073.80578739489,30094.65581029275,832
2025-05-06 05:31:00+00:00,30092.78027852765,30110.9743976109,30082.62035253114,30092.64142303683,141
2025-05-06 05:36:00+00:00,30092.867483234346,30092.963085425992,30076.642956278814,30093.551812278667,194
2025-05-06 05:41:00+00:00,30094.416776491085,30100.25091619238,30074.702358673454,30094.53400870907,601
2025-05-06 05:46:00+00:00,30095.781292401884,30111.237406865588,30093.916704987852,30096.806623688655,988
2025-05-06 05:51:00+00:00,30095.24240823014,30101.90001958164,30079.003730323675,30095.813095883306,453
2025-05-06 05:56:00+00:00,30095.41643782101,30105.83391960544,30092.280747205168,30095.246012876796,769
2025-05-06 06:01:00+00:00,30096.56127781977,30097.04431956375,30092.749790823444,30095.78972551551,415
2025-05-06 06:06:00+00:00,30095.748348702375,30099.66112869547,30093.717535316824,30096.37181901224,415
2025-05-06 06:11:00+00:00,30096.070229353296,30104.88032328452,30082.81865736434,30096.33880879422,268
2025-05-06 06:16:00+00:00,30097.911503918804,30101.283253376387,30081.047580522125,30097.302586725415,541
2025-05-06 06:21:00+00:00,30097.012891624207,30099.73324330473,30079.495382090245,30094.697963540377,136
2025-05-06 06:26:00+00:00,30097.464411233614,30113.448138172604,30097.062857007193,30098.24538322948,643
2025-05-06 06:31:00+00:00,30097.51438021072,30101.130310281722,30097.36437876215,30097.243875020562,642
2025-05-06 06:36:00+00:00,30097.153811654454,30116.3708178014,30088.348408551174,30097.14525446151,895
2025-05-06 06:41:00+00:00,30098.811452466336,30111.135705916124,30079.436146141816,30098.190631000816,382
2025-05-06 06:46:00+00:00,30099.224067187446,30110.112110181337,30084.085551774246,30099.968518543807,360
2025-05-06 06:51:00+00:00,30099.434931740332,30102.940742819563,30083.613094765777,30100.019548242875,453
2025-05-06 06:56:00+00:00,30098.34621364445,30108.193540908673,30090.23697160267,30096.649349290925,163
2025-05-06 07:01:00+00:00,30098.43720947955,30107.67800382932,30098.298000109902,30098.283286507412,194
2025-05-06 07:06:00+00:00,30098.453843585783,30114.40864403151,30086.074736217823,30099.02663424849,545
2025-05-06 07:11:00+00:00,30097.652982846637,30101.13156586284,30090.476191348847,30098.262441325056,365
2025-05-06 07:16:00+00:00,30097.137515679962,30112.958060327768,30088.256420473215,30097.42939792997,996
2025-05-06 07:21:00+00:00,30096.93952936675,30114.532100409695,30085.95454853379,30097.62546809197,253
2025-05-06 07:26:00+00:00,30094.707949688567,30095.20555546396,30084.56304798732,30094.736325325946,533
2025-05-06 07:31:00+00:00,30093.428133315665,30101.77133098693,30089.62365507708,30092.488802867116,988
2025-05-06 07:36:00+00:00,30093.466344176613,30095.604473338346,30080.67309579805,30095.503713572987,509
2025-05-06 07:41:00+00:00,30092.762666015617,30101.476442166946,30077.5903984492,30092.192179460853,454
2025-05-06 07:46:00+00:00,30091.253052513002,30093.006733065005,30084.018750758554,30089.25238409972,800
2025-05-06 07:51:00+00:00,30092.66356780132,30096.12358850137,30084.887300598497,30091.96516557423,880
2025-05-06 07:56:00+00:00,30092.813375352227,30110.815576347435,30075.238739923247,30094.098745278003,755
2025-05-06 08:01:00+00:00,30091.896058935505,30102.5444390186,30082.820978778644,30090.544852474002,131
2025-05-06 08:06:00+00:00,30092.732909880764,30111.910479572034,30079.66255978018,30092.0185316264,189
2025-05-06 08:11:00+00:00,30093.041921594668,30102.66994963267,30090.11704109486,30092.743423717682,802
2025-05-06 08:16:00+00:00,30093.700028361527,30099.481778234054,30083.41369553088,30093.261202053753,130
2025-05-06 08:21:00+00:00,30094.361056734368,30100.003722847105,30094.00440564911,30095.879530551276,227
2025-05-06 08:26:00+00:00,30095.665996567543,30110.16819134736,30081.4337347788,30095.21591966435,664
2025-05-06 08:31:00+00:00,30095.431990176145,30106.748724785917,30078.96791408222,30095.331623494872,715
2025-05-06 08:36:00+00:00,30094.18810997469,30106.36544178159,30090.406883102907,30093.953597787622,137
2025-05-06 08:41:00+00:00,30093.664346115642,30110.470828687863,30086.266053018076,30094.25505610552,224
2025-05-06 08:46:00+00:00,30093.209928830598,30099.218251199338,30074.7315555846,30090.801221329475,319
2025-05-06 08:51:00+00:00,30093.07731337885,30103.965390296853,30085.522269447858,30091.371489214765,297
2025-05-06 08:56:00+00:00,30094.205794431604,30100.619886286117,30074.652898899847,30093.64140758881,847
2025-05-06 09:01:00+00:00,30095.268445054164,30110.61986275323,30085.21546935611,30094.598336349205,391
2025-05-06 09:06:00+00:00,30094.187858071204,30110.953267403136,30089.503737147683,30095.65434705257,601
2025-05-06 09:11:00+00:00,30092.81927432874,30100.61996080515,30088.529857319565,30092.99013822294,853
2025-05-06 09:16:00+00:00,30091.670667369926,30111.024813711385,30075.15234917294,30091.570380570705,111
2025-05-06 09:21:00+00:00,30090.839318516104,30101.496056995522,30085.25404557131,30092.56404357482,195
2025-05-06 09:26:00+00:00,30091.439445404634,30095.065715649354,30073.855198023502,30091.919332130583,459
2025-05-06 09:31:00+00:00,30092.91742604697,30104.769630463546,30077.703548189682,30093.897831732145,121
2025-05-06 09:36:00+00:00,30092.250924158903,30108.41000351694,30089.253620362262,30091.478022929987,249
2025-05-06 09:41:00+00:00,30091.761873690488,30111.096450805893,30077.88640405895,30091.682052106677,853
2025-05-06 09:46:00+00:00,30091.408137785227,30107.82849456086,30084.977155909626,30090.882570114,142
2025-05-06 09:51:00+00:00,30091.455896089512,30098.994131671796,30083.575556331736,30092.399802550688,110
2025-05-06 09:56:00+00:00,30093.591522143426,30111.958897768858,30073.592765536432,30094.22986569501,828
2025-05-06 10:01:00+00:00,30094.58690551179,30113.985648137954,30087.484457308194,30094.894889207706,152
2025-05-06 10:06:00+00:00,30092.282349849214,30102.28310532148,30084.00491419761,30091.985904038873,292
2025-05-06 10:11:00+00:00,30093.33585495532,30100.061253623655,30079.62452101323,30092.231362771134,661
2025-05-06 10:16:00+00:00,30092.994133066222,30106.107655208616,30075.373340672362,30092.704601716116,534
2025-05-06 10:21:00+00:00,30092.06572158359,30102.89315046164,30074.048855260986,30092.061146195105,655
2025-05-06 10:26:00+00:00,30092.579871871003,30106.082790179553,30072.992515829625,30092.00793600345,495
2025-05-06 10:31:00+00:00,30092.752903579676,30109.686176019317,30078.301144712415,30090.683456624814,494
2025-05-06 10:36:00+00:00,30093.13962054975,30112.810366381684,30080.400239889972,30092.677515027146,115
2025-05-06 10:41:00+00:00,30093.564890305115,30103.30330084778,30090.538755557835,30093.89947390112,656
2025-05-06 10:46:00+00:00,30092.408238907763,30096.867917116,30077.469359872815,30093.079505038575,780
2025-05-06 10:51:00+00:00,30091.521866114526,30108.93516676194,30087.76036981842,30091.978734898395,138
2025-05-06 10:56:00+00:00,30092.26690166914,30092.720255232744,30085.333502104448,30090.648420716745,649
2025-05-06 11:01:00+00:00,30093.37537539369,30106.90891753613,30080.00450542105,30091.953768292296,585
2025-05-06 11:06:00+00:00,30092.3986825633,30106.293671869847,30082.68184263773,30091.17682463972,435
2025-05-06 11:11:00+00:00,30092.984396391566,30101.60116030897,30092.079169622837,30093.60502043129,934
2025-05-06 11:16:00+00:00,30095.401954471094,30096.221139014182,30076.750515302585,30095.789723281203,799
2025-05-06 11:21:00+00:00,30095.639228846325,30101.292351379052,30093.01818260855,30095.537689249966,705
2025-05-06 11:26:00+00:00,30095.319513166472,30102.064390938976,30085.677448435377,30094.677672208065,608
2025-05-06 11:31:00+00:00,30094.803462039035,30104.39623368001,30086.993018145164,30095.3258077451,635
2025-05-06 11:36:00+00:00,30094.596124943302,30103.432487243364,30077.207830123043,30094.71246018549,299
2025-05-06 11:41:00+00:00,30093.767791694965,30100.216880486307,30089.312336982144,30092.757312764195,320
2025-05-06 11:46:00+00:00,30094.247091178502,30098.788939026526,30076.11504653016,30094.064929059874,244
2025-05-06 11:51:00+00:00,30093.73087740736,30096.732001000488,30080.994499439326,30094.55072183118,128
2025-05-06 11:56:00+00:00,30092.574773954646,30097.92315155755,30087.373189409875,30092.749915038257,217
2025-05-06 12:01:00+00:00,30092.664724680282,30102.499690391225,30083.723010312147,30094.29104926444,438
2025-05-06 12:06:00+00:00,30093.52331045476,30095.006096149955,30074.160483936528,30093.44866199201,841
2025-05-06 12:11:00+00:00,30093.058410545018,30104.400191347155,30083.246651624875,30092.082451762464,621
2025-05-06 12:16:00+00:00,30094.95147230891,30106.355123192978,30089.201585682396,30095.824383681414,937
2025-05-06 12:21:00+00:00,30096.397091294508,30114.677204631735,30085.169691366413,30097.067017213754,781
2025-05-06 12:26:00+00:00,30095.702687257042,30104.06234008601,30085.16838013551,30093.451245575387,752
2025-05-06 12:31:00+00:00,30096.39300254092,30113.176520027235,30095.827311081724,30095.995487799206,199
2025-05-06 12:36:00+00:00,30095.723341954737,30108.225721558745,30088.232759628045,30095.025265437034,904
2025-05-06 12:41:00+00:00,30095.034264755643,30101.740507376173,30087.837976824674,30094.28207045961,196
2025-05-06 12:46:00+00:00,30094.8292704321,30097.965803156716,30082.06766599692,30093.31247703521,429
2025-05-06 12:51:00+00:00,30094.748145434878,30107.173437754078,30092.929313748686,30093.753051459724,139
2025-05-06 12:56:00+00:00,30093.971821515985,30110.268090518748,30089.73723227964,30094.770111187692,528
2025-05-06 13:01:00+00:00,30094.190079660882,30112.304029610368,30087.505855488314,30093.916298736094,906
2025-05-06 13:06:00+00:00,30094.08211908139,30105.3221560446,30079.77232345431,30095.66159139632,662
2025-05-06 13:11:00+00:00,30091.85562530658,30105.098687344016,30089.6609111111,30091.971898452197,414
2025-05-06 13:16:00+00:00,30090.96643818998,30109.198975100724,30074.339155688842,30090.656780049303,433
2025-05-06 13:21:00+00:00,30088.8564259618,30106.3212668533,30086.210784941413,30087.411919103353,708
2025-05-06 13:26:00+00:00,30088.37857828222,30096.370609169368,30082.021727003783,30088.047496685518,422
2025-05-06 13:31:00+00:00,30088.494456861008,30093.294248916707,30080.115729237925,30088.09558500368,915
2025-05-06 13:36:00+00:00,30087.831132884436,30092.321344353983,30071.133439545283,30087.622165998062,120
2025-05-06 13:41:00+00:00,30086.94140451901,30105.776544406952,30082.916724460214,30087.926608290814,357
2025-05-06 13:46:00+00:00,30086.965651638784,30094.69267249539,30073.02154754729,30086.11672882907,740
2025-05-06 13:51:00+00:00,30086.901656973776,30092.68074848778,30078.499828017128,30088.227438831393,243
2025-05-06 13:56:00+00:00,30086.773022249763,30087.10807782251,30079.339184052336,30088.165224175285,524
2025-05-06 14:01:00+00:00,30086.74571554313,30101.033084125458,30069.645865679282,30085.194064084117,282
2025-05-06 14:06:00+00:00,30087.14986144439,30099.31891763201,30077.289683867904,30087.466536756776,401
2025-05-06 14:11:00+00:00,30086.24575845045,30101.681167624312,30074.282682931233,30086.13510344306,160
2025-05-06 14:16:00+00:00,30086.936040195098,30088.084379812073,30069.759015087926,30088.675140166848,749
2025-05-06 14:21:00+00:00,30086.782730471572,30093.714659900565,30069.859565011084,30087.032370162415,764
2025-05-06 14:26:00+00:00,30086.587893065105,30097.08230918944,30078.28786615716,30086.528636656734,282
2025-05-06 14:31:00+00:00,30087.326112059534,30093.694299058305,30069.248292739685,30086.34706865433,207
2025-05-06 14:36:00+00:00,30086.084526015213,30089.307324903275,30077.85570868294,30084.71143055158,176
2025-05-06 14:41:00+00:00,30084.620786065323,30090.337683922935,30076.6681051159,30084.72212492664,439
2025-05-06 14:46:00+00:00,30087.65301145077,30092.246714132812,30068.576586075193,30088.778105008714,251
2025-05-06 14:51:00+00:00,30087.326098032023,30091.294262056537,30079.456477132637,30087.09841735317,727
2025-05-06 14:56:00+00:00,30088.100201126672,30096.156330767448,30070.92038907656,30091.016785013762,608
2025-05-06 15:01:00+00:00,30086.724669397383,30101.188552125343,30079.647702859165,30086.185104159475,560
2025-05-06 15:06:00+00:00,30086.482678775374,30104.957440451293,30069.28965162544,30086.28566604138,901
2025-05-06 15:11:00+00:00,30084.914174594658,30094.12686936656,30065.75180309586,30084.74479366106,717
2025-05-06 15:16:00+00:00,30086.02883607947,30086.56748545437,30074.501937122437,30083.833376124545,582
2025-05-06 15:21:00+00:00,30086.820469296395,30089.246129911826,30080.9107344436,30087.805624304605,852
2025-05-06 15:26:00+00:00,30087.492617043954,30099.05387206281,30085.79178170698,30087.249289762403,712
2025-05-06 15:31:00+00:00,30089.480990099502,30091.545177426644,30075.12705403391,30090.561300454025,732
2025-05-06 15:36:00+00:00,30090.31805625033,30091.27960813149,30072.587591584605,30091.17183575929,820
2025-05-06 15:41:00+00:00,30090.231506841636,30106.56236292348,30087.258301528655,30091.520161066368,582
2025-05-06 15:46:00+00:00,30088.136656602273,30104.818416965285,30087.075340148476,30089.440979720177,813
2025-05-06 15:51:00+00:00,30088.108031199587,30104.40147004463,30079.329327873103,30089.288886212576,712
2025-05-06 15:56:00+00:00,30087.300153711618,30096.01921124032,30077.404327072214,30086.42674201355,110
2025-05-06 16:01:00+00:00,30087.863695880493,30107.832634454247,30080.456575474433,30087.006356271308,787
2025-05-06 16:06:00+00:00,30087.169533810862,30102.318554105925,30067.709988290815,30087.958300971768,603
2025-05-06 16:11:00+00:00,30086.84429249286,30092.03978554869,30074.623555488077,30086.49207353845,729
2025-05-06 16:16:00+00:00,30087.56565714962,30094.755647456746,30073.02261452177,30088.08907415609,432
2025-05-06 16:21:00+00:00,30088.280546490172,30107.197801691607,30076.994293491287,30089.671776113624,421
2025-05-06 16:26:00+00:00,30089.665932604952,30093.212561153836,30074.46861079342,30090.42036125894,168
2025-05-06 16:31:00+00:00,30089.447957538603,30103.375660984533,30077.03682324868,30087.97166698344,934
2025-05-06 16:36:00+00:00,30088.81420688713,30091.004256553937,30074.178904232453,30089.036076352542,890
2025-05-06 16:41:00+00:00,30087.252234194693,30096.459238987045,30085.89819093915,30086.435820132847,710
2025-05-06 16:46:00+00:00,30086.803769523813,30093.59849056378,30081.20559979571,30086.527596420427,361
2025-05-06 16:51:00+00:00,30087.205649681608,30104.42528252892,30079.877070981765,30088.527699195656,284
2025-05-06 16:56:00+00:00,30087.008026429477,30097.53745083192,30069.984509015274,30085.00490602249,780
2025-05-06 17:01:00+00:00,30086.741001481383,30089.4842536658,30069.918734686893,30087.402317541386,222
2025-05-06 17:06:00+00:00,30088.368708274666,30088.982218817662,30081.804638456968,30086.969295105555,276
2025-05-06 17:11:00+00:00,30089.25099610105,30105.13877978328,30089.044987068883,30089.353020408405,161
2025-05-06 17:16:00+00:00,30088.246403172045,30090.09654174738,30085.045574803153,30088.202377086673,484
2025-05-06 17:21:00+00:00,30087.538100378097,30107.318347170563,30084.272347705755,30090.82958594447,595
2025-05-06 17:26:00+00:00,30088.03477999774,30103.870199549456,30073.261956593124,30086.341502675714,546
2025-05-06 17:31:00+00:00,30087.411830904293,30089.898670518854,30068.122768763318,30086.332071751596,443
2025-05-06 17:36:00+00:00,30088.329077141334,30097.245417975402,30087.20124655522,30088.005514016546,949
2025-05-06 17:41:00+00:00,30086.046665851198,30097.280372490502,30070.117511431545,30084.440636182688,836
2025-05-06 17:46:00+00:00,30085.500652825594,30089.384020851478,30085.42429625903,30085.734056072997,837
2025-05-06 17:51:00+00:00,30086.149032179164,30092.12367124352,30072.66467297103,30085.23222643473,748
2025-05-06 17:56:00+00:00,30085.447229661906,30103.923943578422,30075.6201525707,30086.211682788286,962
2025-05-06 18:01:00+00:00,30085.608160762644,30093.81163571881,30076.922502293623,30086.59129903858,452
2025-05-06 18:06:00+00:00,30086.618164654676,30092.82592052603,30079.99800630915,30086.603800531182,597
2025-05-06 18:11:00+00:00,30086.065413851626,30091.216543883096,30079.9710728318,30087.792096000045,447
2025-05-06 18:16:00+00:00,30086.02397460214,30096.869730116072,30069.177299915376,30085.689011578714,656
2025-05-06 18:21:00+00:00,30086.843745129332,30101.63710287918,30073.869391038195,30086.41127211513,876
2025-05-06 18:26:00+00:00,30088.0313067538,30093.472528305123,30068.484924372457,30086.46480058561,921
2025-05-06 18:31:00+00:00,30087.99977178469,30098.84372025807,30074.037974684346,30087.67799221215,872
2025-05-06 18:36:00+00:00,30089.915940330167,30101.829813178923,30076.38252485851,30089.5802353978,464
2025-05-06 18:41:00+00:00,30090.143212176372,30106.057962726256,30080.42745652799,30092.241396914633,362
2025-05-06 18:46:00+00:00,30091.16335253006,30092.52162299415,30090.782823379075,30091.23073199041,865
2025-05-06 18:51:00+00:00,30089.09731169288,30107.249323561762,30085.512383254016,30089.615228929284,275
2025-05-06 18:56:00+00:00,30088.28617050345,30103.584631705315,30082.764196050826,30090.383205888862,516
2025-05-06 19:01:00+00:00,30086.814419987713,30106.13891054099,30072.36796934023,30085.587385234092,561
2025-05-06 19:06:00+00:00,30086.667863093582,30094.638044248295,30067.80816484066,30087.76106851434,112
2025-05-06 19:11:00+00:00,30086.284376495907,30086.408127682236,30081.51105507404,30086.0076333474,829
2025-05-06 19:16:00+00:00,30085.497398016258,30101.35222584325,30072.47243653951,30087.628398087887,949
2025-05-06 19:21:00+00:00,30086.265193156665,30102.9508121406,30070.409825380197,30085.693807484637,353
2025-05-06 19:26:00+00:00,30086.896851311896,30106.729496495136,30083.24539521403,30086.52537463457,258
2025-05-06 19:31:00+00:00,30087.58202812619,30098.85956660553,30086.057243390023,30088.8297062533,478
2025-05-06 19:36:00+00:00,30087.001397360527,30093.310822141986,30073.562566822322,30087.55846451484,175
2025-05-06 19:41:00+00:00,30085.651497668896,30104.704255573128,30068.59887104593,30086.182495982233,611
2025-05-06 19:46:00+00:00,30085.852705527886,30095.996059112982,30074.488055728056,30087.187855818887,972
2025-05-06 19:51:00+00:00,30084.95990519581,30095.789352724376,30074.934185632745,30085.567254170743,822
2025-05-06 19:56:00+00:00,30085.351463385534,30093.66419202254,30073.987597183685,30086.160495870263,588
2025-05-06 20:01:00+00:00,30086.34988177056,30099.315181031343,30076.18963192717,30087.196197056677,808
2025-05-06 20:06:00+00:00,30086.00436120719,30092.997362974736,30069.74027554335,30086.400397948473,219
2025-05-06 20:11:00+00:00,30084.99784168786,30099.844140475903,30067.591266116026,30084.811837575267,379
2025-05-06 20:16:00+00:00,30085.411707122115,30104.719572929855,30083.71520092116,30086.377940227016,335
2025-05-06 20:21:00+00:00,30084.66896403915,30102.686309900448,30076.795119573682,30086.017947736425,765
2025-05-06 20:26:00+00:00,30084.37309639362,30087.885985389403,30072.905059253815,30084.99968571217,634
2025-05-06 20:31:00+00:00,30085.258698964804,30100.19678809229,30081.759391527623,30085.10428828004,395
2025-05-06 20:36:00+00:00,30085.38427481155,30101.39170010954,30069.95494314125,30084.294763213846,227
2025-05-06 20:41:00+00:00,30086.393409861008,30094.171030378708,30068.430491542695,30086.646009095344,183
2025-05-06 20:46:00+00:00,30085.11953323309,30096.571927780722,30069.702274188112,30083.701763163113,134
2025-05-06 20:51:00+00:00,30084.600134519613,30086.07984036939,30065.357783539337,30086.253623778994,627
2025-05-06 20:56:00+00:00,30082.922114373705,30088.89239136411,30070.95030935847,30083.38189988327,169
2025-05-06 21:01:00+00:00,30083.43046113363,30087.620207855354,30080.288064119184,30083.225457585657,331
2025-05-06 21:06:00+00:00,30081.853060527803,30092.39456832306,30073.92375595519,30080.917577145647,780
2025-05-06 21:11:00+00:00,30081.959170302805,30091.126328908507,30073.90350127834,30079.504333124758,540
2025-05-06 21:16:00+00:00,30080.698648158294,30092.724474887767,30063.523013375325,30079.81492656897,879
2025-05-06 21:21:00+00:00,30081.079264713928,30092.578178694243,30068.51318283539,30079.884441019003,107
2025-05-06 21:26:00+00:00,30081.605265616403,30095.8814826853,30074.31996463782,30082.72674983533,604
2025-05-06 21:31:00+00:00,30081.365592305574,30090.55263390434,30074.854862498203,30081.634062556685,332
2025-05-06 21:36:00+00:00,30082.015192469535,30089.321810190242,30076.972318211458,30083.082083172158,161
2025-05-06 21:41:00+00:00,30083.035181488678,30100.301007249353,30064.259363745048,30083.64959667882,810
2025-05-06 21:46:00+00:00,30083.20744317979,30092.124219354762,30079.577836764387,30083.263412685857,913
2025-05-06 21:51:00+00:00,30081.484320626365,30099.645405397667,30071.30566004099,30081.226633158272,421
2025-05-06 21:56:00+00:00,30080.91908073731,30094.739920297856,30062.490963863922,30079.918126454635,508
2025-05-06 22:01:00+00:00,30080.94416158536,30097.389109151452,30067.644603879606,30079.822551817804,630
2025-05-06 22:06:00+00:00,30080.48908887025,30089.90007851807,30068.489307893597,30082.092103743682,416
2025-05-06 22:11:00+00:00,30079.89474933379,30087.881191837765,30070.214420820812,30081.990862090854,550
2025-05-06 22:16:00+00:00,30078.22861694468,30081.200580598474,30062.784910944803,30076.679668493554,870
2025-05-06 22:21:00+00:00,30079.1653306434,30081.821337076242,30065.27084297802,30078.80506991218,844
2025-05-06 22:26:00+00:00,30076.734702451588,30082.150850614908,30075.848920087832,30075.785746369962,359
2025-05-06 22:31:00+00:00,30076.093738218577,30095.35938266021,30063.597317714895,30074.94006993078,213
2025-05-06 22:36:00+00:00,30075.88358648754,30093.20777005386,30059.84558103324,30077.036169091312,693
2025-05-06 22:41:00+00:00,30075.68194653119,30091.20964151511,30062.20123651805,30076.738807783473,278
2025-05-06 22:46:00+00:00,30076.854074981908,30096.200004366263,30064.46989428166,30077.93049394057,987
2025-05-06 22:51:00+00:00,30077.998984982667,30078.556714920567,30073.567279527186,30078.076513256354,846
2025-05-06 22:56:00+00:00,30078.61182729772,30089.378276323823,30063.390713536934,30078.249299126444,108
2025-05-06 23:01:00+00:00,30077.500414410522,30085.394870551667,30059.09787112123,30077.843829019854,502
2025-05-06 23:06:00+00:00,30077.37246728151,30082.809710224683,30058.817406132304,30076.701185182006,685
2025-05-06 23:11:00+00:00,30076.855145135338,30093.556531957573,30071.055407907665,30076.29728059623,318
2025-05-06 23:16:00+00:00,30076.62670735726,30079.53384609916,30071.12821016914,30075.94667192316,481
2025-05-06 23:21:00+00:00,30076.428213636005,30083.793627496318,30065.29645064548,30076.35064623327,908
2025-05-06 23:26:00+00:00,30076.558711200272,30079.59252862101,30068.82720448485,30076.185829856433,477
2025-05-06 23:31:00+00:00,30074.651546087942,30085.653791977355,30067.952194090132,30074.5077723114,550
2025-05-06 23:36:00+00:00,30074.30436736809,30090.06495276318,30072.181431204815,30075.38612210713,163
2025-05-06 23:41:00+00:00,30074.96362351996,30085.072100601075,30064.4274989332,30074.005742630652,498
2025-05-06 23:46:00+00:00,30073.30789293245,30080.948971536145,30055.264171964205,30074.46933443998,792
2025-05-06 23:51:00+00:00,30073.99079811697,30080.895825161424,30065.433499201896,30074.167268886857,599
2025-05-06 23:56:00+00:00,30074.60040527364,30085.864079817165,30064.992690808882,30073.627057305755,764
2025-05-07 00:01:00+00:00,30074.732993477017,30089.054555556355,30061.09686362548,30075.129896806513,150
2025-05-07 00:06:00+00:00,30075.743229694275,30078.411877308467,30060.575087261186,30076.4027103574,851
2025-05-07 00:11:00+00:00,30073.655797233194,30077.567362202895,30065.263778120003,30073.294313532686,694
2025-05-07 00:16:00+00:00,30071.946813200266,30086.552970921566,30053.78423342403,30071.264776759028,265
2025-05-07 00:21:00+00:00,30073.08913169647,30087.22059208832,30061.44977189104,30073.29609120903,363
2025-05-07 00:26:00+00:00,30073.544784639384,30080.311268138354,30057.19199580819,30074.32312076851,751
2025-05-07 00:31:00+00:00,30075.14932800474,30082.51588207831,30059.475310967344,30074.374823300088,617
2025-05-07 00:36:00+00:00,30076.540749105647,30094.03613264457,30066.30594516665,30077.40888698744,388
2025-05-07 00:41:00+00:00,30075.659419651925,30093.956898644705,30068.3981210618,30077.265717515562,806
2025-05-07 00:46:00+00:00,30075.600314367723,30089.883134952448,30064.486661571453,30074.024268659363,122
2025-05-07 00:51:00+00:00,30075.959561583502,30079.669261971736,30073.992558791593,30074.510340077304,193
2025-05-07 00:56:00+00:00,30076.836626445936,30083.512980930645,30057.136888001143,30077.600401480955,131
2025-05-07 01:01:00+00:00,30077.25474367797,30093.35669998699,30058.01307188915,30076.86030515256,219
2025-05-07 01:06:00+00:00,30077.02140078837,30089.488132374656,30069.97457450956,30076.935535297333,388
2025-05-07 01:11:00+00:00,30076.498059602272,30094.063989845487,30057.011031947575,30075.848872032002,977
2025-05-07 01:16:00+00:00,30075.95980344691,30092.9535652484,30073.311474819096,30076.487455272814,576
2025-05-07 01:21:00+00:00,30076.233580234264,30094.876200029932,30064.670516071285,30077.00805440539,277
2025-05-07 01:26:00+00:00,30076.235505749875,30085.876484240354,30057.481652979815,30077.00962537026,642
2025-05-07 01:31:00+00:00,30078.574273540227,30084.790883816713,30071.43870460835,30076.59332978251,277
2025-05-07 01:36:00+00:00,30078.552844823327,30081.54655176487,30070.21725397868,30078.314488440323,588
2025-05-07 01:41:00+00:00,30077.369825414466,30082.513250535638,30062.619478403438,30077.629192767035,159
2025-05-07 01:46:00+00:00,30078.50020286319,30083.35930914144,30073.056383995558,30078.85670065362,645
2025-05-07 01:51:00+00:00,30077.210081618578,30083.69452024967,30075.32902406303,30077.42633764633,781
2025-05-07 01:56:00+00:00,30077.43767058015,30097.07023292816,30067.063404366454,30076.67213722617,237
2025-05-07 02:01:00+00:00,30078.654227901054,30094.376223427073,30077.7338978891,30079.247245387272,396
2025-05-07 02:06:00+00:00,30081.00101919605,30093.712361708367,30061.894733971163,30080.019444686535,600
2025-05-07 02:11:00+00:00,30081.275563860414,30089.500205966127,30070.166885487848,30079.797521117864,275
2025-05-07 02:16:00+00:00,30081.449495313744,30083.73178821256,30073.264551487806,30080.674812241086,460
2025-05-07 02:21:00+00:00,30080.429410251818,30089.42262993179,30067.80042929998,30080.12135308771,951
2025-05-07 02:26:00+00:00,30081.343948024558,30096.28287354887,30064.95479542126,30082.057213593424,336
2025-05-07 02:31:00+00:00,30080.884118132923,30097.659504346077,30076.313678446524,30081.35167471669,210
2025-05-07 02:36:00+00:00,30079.233579213862,30093.896253310933,30066.289791428673,30078.311618163905,739
2025-05-07 02:41:00+00:00,30080.58692231819,30094.319316455472,30077.037206984107,30079.666541618783,649
2025-05-07 02:46:00+00:00,30080.94679878313,30086.901334832837,30063.96940054909,30083.445557102594,371
2025-05-07 02:51:00+00:00,30081.258792793607,30095.852788372253,30075.596739629178,30080.93641562292,228
2025-05-07 02:56:00+00:00,30081.54566168917,30089.884670003736,30069.587687013493,30080.116795174265,766
2025-05-07 03:01:00+00:00,30081.838250148587,30082.274039520922,30074.394282776553,30081.249429305048,963
2025-05-07 03:06:00+00:00,30080.65404958551,30084.347485274575,30063.303481672163,30081.269578707514,510
2025-05-07 03:11:00+00:00,30081.48162157837,30094.152655949496,30074.638009894672,30082.655812931847,169
2025-05-07 03:16:00+00:00,30082.32182023648,30091.1969339456,30079.69311843119,30082.093540854145,909
2025-05-07 03:21:00+00:00,30082.526619979843,30100.633729271547,30068.300055733813,30083.112898601386,690
2025-05-07 03:26:00+00:00,30080.584761492046,30097.858912500527,30064.87046119098,30079.44892414159,870
2025-05-07 03:31:00+00:00,30081.3014059466,30082.829149703874,30074.315200822555,30081.092374552012,323
2025-05-07 03:36:00+00:00,30081.29789688992,30089.881284285217,30081.2927939185,30081.590746777743,188
2025-05-07 03:41:00+00:00,30080.308722804853,30087.524541614548,30071.625279421027,30080.23571418697,780
2025-05-07 03:46:00+00:00,30081.214799122943,30088.114370192692,30072.507771943765,30081.011553220236,741
2025-05-07 03:51:00+00:00,30081.20321068609,30095.619787165313,30071.55129122557,30083.157351404163,983
2025-05-07 03:56:00+00:00,30081.002148263055,30086.56604393536,30069.229184374664,30082.233590203006,548
2025-05-07 04:01:00+00:00,30082.09222810616,30091.098682051597,30077.598696802354,30081.831357365634,202
2025-05-07 04:06:00+00:00,30082.39412111313,30088.859088776433,30068.036435848422,30082.533327549863,299
2025-05-07 04:11:00+00:00,30083.40354505167,30101.9289144881,30072.055197036832,30084.17102315618,307
2025-05-07 04:16:00+00:00,30083.22003584068,30095.063305767027,30064.20081936727,30083.884473295268,558
2025-05-07 04:21:00+00:00,30083.87000424131,30085.044318539774,30070.129312705645,30083.451803753997,921
2025-05-07 04:26:00+00:00,30082.611823490643,30100.42856373125,30068.246638723904,30083.35066259588,227
2025-05-07 04:31:00+00:00,30083.052846828534,30090.399906127535,30071.02854747524,30082.037067200534,772
2025-05-07 04:36:00+00:00,30082.666938955474,30101.76963162683,30067.525577118435,30082.768769531416,598
2025-05-07 04:41:00+00:00,30083.267257955926,30089.06645050207,30080.576202154156,30081.814944765792,269
2025-05-07 04:46:00+00:00,30082.232591866858,30091.85615331195,30073.703896526666,30080.880324277987,860
2025-05-07 04:51:00+00:00,30081.960952520923,30085.31673916111,30070.305603743698,30084.834621690577,109
2025-05-07 04:56:00+00:00,30082.70763089158,30094.415336804042,30079.812338224936,30083.54627432384,576
2025-05-07 05:01:00+00:00,30081.56252940694,30083.499053402305,30079.519810942587,30081.876958420722,894
2025-05-07 05:06:00+00:00,30083.49250836216,30098.300883344808,30075.624911273648,30084.129597069623,494
2025-05-07 05:11:00+00:00,30082.624889859424,30093.13280525918,30065.253800926617,30080.71646041811,391
2025-05-07 05:16:00+00:00,30082.62028010174,30098.2157873042,30065.59576141902,30083.639663379727,800
2025-05-07 05:21:00+00:00,30083.365733759056,30102.364722957864,30077.705979527767,30084.36580333922,317
2025-05-07 05:26:00+00:00,30083.847961891195,30089.15068286476,30072.23056952328,30082.838870593176,786
2025-05-07 05:31:00+00:00,30086.339518559944,30097.066752444374,30068.698414437615,30087.718889683358,743
2025-05-07 05:36:00+00:00,30086.51895482399,30094.00921822923,30076.708232476714,30087.764598024758,566
2025-05-07 05:41:00+00:00,30087.628024105506,30090.506821447503,30071.123380295827,30085.95697224664,630
2025-05-07 05:46:00+00:00,30086.04452658149,30086.670605976564,30077.949131806152,30086.72698860767,323
2025-05-07 05:51:00+00:00,30085.82784709111,30099.16653654829,30080.281270067455,30086.06873298022,101
2025-05-07 05:56:00+00:00,30085.658013766842,30099.80668403642,30076.321644155476,30085.890912338622,712
2025-05-07 06:01:00+00:00,30085.893384523177,30104.51829159038,30074.69124718163,30086.00686176137,743
2025-05-07 06:06:00+00:00,30086.520432642603,30093.525189115124,30077.49353905407,30086.524726352895,150
2025-05-07 06:11:00+00:00,30086.21781576968,30100.051496955788,30083.652079412463,30087.12591183661,153
2025-05-07 06:16:00+00:00,30084.9118041117,30103.43990745992,30077.88955077648,30083.99415737452,911
2025-05-07 06:21:00+00:00,30084.959990655014,30085.395719353786,30081.863333915368,30085.09733529896,767
2025-05-07 06:26:00+00:00,30084.472167159984,30084.85841756405,30079.540110016715,30082.649456881027,679
2025-05-07 06:31:00+00:00,30084.430789382033,30094.818923332365,30067.244047415774,30083.918314341474,599
2025-05-07 06:36:00+00:00,30084.843782126314,30097.056540466587,30082.56889167203,30085.30262568973,443
2025-05-07 06:41:00+00:00,30084.550234496575,30090.655897966062,30067.555260025212,30083.64799477648,211
2025-05-07 06:46:00+00:00,30085.96161393827,30104.789769221596,30076.040497647326,30087.803906165045,305
2025-05-07 06:51:00+00:00,30085.524593927395,30103.226853987886,30067.061872700033,30084.726922617836,596
2025-05-07 06:56:00+00:00,30085.258204178856,30095.52144638577,30081.05572545348,30087.331417955906,809
2025-05-07 07:01:00+00:00,30085.28412219401,30095.191169159938,30066.631137407046,30086.197773003565,208
2025-05-07 07:06:00+00:00,30084.663816321572,30103.8259134923,30082.633800827196,30086.02107184396,330
2025-05-07 07:11:00+00:00,30085.86913222013,30090.60017730827,30081.22894498636,30085.664186634447,885
2025-05-07 07:16:00+00:00,30085.7185163,30099.110210030023,30082.335695277616,30085.736089255093,648
2025-05-07 07:21:00+00:00,30086.048956423037,30102.50874865972,30082.88313256595,30087.195326210764,114
2025-05-07 07:26:00+00:00,30085.07012628556,30093.385909050998,30068.788896613885,30086.824854538783,371
2025-05-07 07:31:00+00:00,30085.256071551317,30090.070241408786,30067.141090568442,30085.185161728674,418
2025-05-07 07:36:00+00:00,30083.82468732956,30084.753643728724,30066.99691980341,30083.648541748647,504
2025-05-07 07:41:00+00:00,30083.466405423176,30094.764486455697,30069.489112076615,30085.368197560118,441
2025-05-07 07:46:00+00:00,30083.548272632037,30095.864052435558,30069.12372982481,30083.327424146853,435
2025-05-07 07:51:00+00:00,30082.631487747465,30093.72482295015,30064.779217947427,30083.139531719535,196
2025-05-07 07:56:00+00:00,30080.687233584227,30081.641171213163,30064.672422810843,30081.42822054894,661
2025-05-07 08:01:00+00:00,30079.502893582143,30087.043633400197,30075.225704532444,30078.243749863574,461
2025-05-07 08:06:00+00:00,30077.660063841824,30096.13161332959,30064.665031299628,30077.159234750376,100
2025-05-07 08:11:00+00:00,30077.21719912956,30077.55945161673,30066.66482145613,30075.89270321259,610
2025-05-07 08:16:00+00:00,30076.839837318388,30084.373212284947,30076.5669181763,30077.425287083966,798
2025-05-07 08:21:00+00:00,30079.377086149943,30089.651300209058,30078.739937419206,30080.257861207465,560
2025-05-07 08:26:00+00:00,30076.9518215673,30090.425542061876,30076.177129048807,30076.186908826327,385
2025-05-07 08:31:00+00:00,30076.901622882575,30081.34875291894,30067.047698560073,30077.38289650626,336
2025-05-07 08:36:00+00:00,30076.56207662476,30094.488287837594,30060.590163155935,30075.19564367459,852
2025-05-07 08:41:00+00:00,30077.61763307663,30093.700016887113,30060.361527913865,30077.492725895703,411
2025-05-07 08:46:00+00:00,30079.14276745062,30082.487709037956,30062.34982740544,30077.890783180548,343
2025-05-07 08:51:00+00:00,30080.731821184338,30097.075443538783,30073.195608564325,30078.511378650608,864
2025-05-07 08:56:00+00:00,30080.597041539175,30084.38760572218,30068.225996086057,30080.83602341612,671
2025-05-07 09:01:00+00:00,30080.021955021624,30087.07012248172,30065.998469454513,30080.830435750286,877
2025-05-07 09:06:00+00:00,30079.101215620227,30088.834301946914,30064.201932732358,30078.384256652014,600
2025-05-07 09:11:00+00:00,30077.38578774623,30090.51718874431,30057.783793630748,30077.202226323727,636
2025-05-07 09:16:00+00:00,30075.626154853937,30084.11448662353,30060.636235709066,30076.668908484524,619
2025-05-07 09:21:00+00:00,30075.03447424847,30087.499968030632,30065.82027129576,30073.67666596075,873
2025-05-07 09:26:00+00:00,30074.887941957364,30093.33794385305,30059.302752604493,30075.699344773646,526
2025-05-07 09:31:00+00:00,30073.1468098061,30073.21374987942,30064.548118563645,30072.646068013346,717
2025-05-07 09:36:00+00:00,30074.23409488205,30089.30833899562,30063.554747201953,30072.02554853744,723
2025-05-07 09:41:00+00:00,30073.696231637423,30086.67654435033,30072.283184242417,30074.382874841118,138
2025-05-07 09:46:00+00:00,30075.26110888933,30085.570987408388,30060.536200250895,30076.569509014982,180
2025-05-07 09:51:00+00:00,30075.767104770304,30082.79608235811,30071.49997579327,30074.62123697705,164
2025-05-07 09:56:00+00:00,30077.339264338367,30094.04672321771,30068.077577534594,30078.125701191355,212
2025-05-07 10:01:00+00:00,30077.256724076804,30091.79527587387,30058.616741011487,30077.47376877099,521
2025-05-07 10:06:00+00:00,30078.06945274831,30086.284235805382,30058.072426466675,30079.144986173997,997
2025-05-07 10:11:00+00:00,30076.782008806633,30091.632656425867,30073.99352312808,30076.314451315084,121
2025-05-07 10:16:00+00:00,30077.443687461357,30092.812922929203,30063.02169476405,30076.53845010774,224
2025-05-07 10:21:00+00:00,30076.264430584408,30088.78423641637,30068.7850574941,30076.31683605588,179
2025-05-07 10:26:00+00:00,30075.677720478066,30081.686103596578,30071.965259726956,30075.87257300741,575
2025-05-07 10:31:00+00:00,30075.652883982897,30094.64114318313,30069.495786741383,30076.442283356635,703
2025-05-07 10:36:00+00:00,30074.738177137668,30093.994631662816,30058.69184023477,30076.52314066755,475
2025-05-07 10:41:00+00:00,30073.149307129817,30078.346177217132,30059.71828086728,30074.56171091019,554
2025-05-07 10:46:00+00:00,30072.970405848282,30075.381185075792,30057.280676835322,30072.35941421247,929
2025-05-07 10:51:00+00:00,30075.176838283634,30083.997139884214,30069.924327998706,30076.447479905713,318
2025-05-07 10:56:00+00:00,30076.080218201212,30076.34949209455,30065.02792393313,30078.19726742615,689
2025-05-07 11:01:00+00:00,30076.98787384233,30078.68731938955,30076.626348269365,30076.526017748434,376
2025-05-07 11:06:00+00:00,30077.763853574877,30091.03834799484,30074.263768209043,30076.593769341962,923
2025-05-07 11:11:00+00:00,30078.137019306883,30092.08886862485,30067.52600392452,30077.251132011395,199
2025-05-07 11:16:00+00:00,30078.144767535876,30083.607223166586,30060.711416304548,30078.94204143173,471
2025-05-07 11:21:00+00:00,30079.288117341755,30098.699933946336,30066.26752810774,30078.820861302953,649
2025-05-07 11:26:00+00:00,30077.027059634376,30091.825743916303,30073.061499271433,30077.73954418555,371
2025-05-07 11:31:00+00:00,30077.793069105235,30080.332224575202,30073.111671267652,30076.597133504587,292
2025-05-07 11:36:00+00:00,30078.6755165035,30085.098371140863,30070.94655484839,30077.467615130565,322
2025-05-07 11:41:00+00:00,30078.50003691458,30097.324260405352,30060.95516175802,30079.139925901654,504
2025-05-07 11:46:00+00:00,30079.196607152844,30097.227249567444,30076.805799351117,30078.91195589265,253
2025-05-07 11:51:00+00:00,30078.015199844638,30080.945613366788,30077.725392482742,30078.01444475121,409
2025-05-07 11:56:00+00:00,30078.341290523516,30097.789509838374,30073.641793398812,30077.424306849432,779
2025-05-07 12:01:00+00:00,30078.586918361245,30090.375675191633,30075.32689435583,30078.71877166584,665
2025-05-07 12:06:00+00:00,30079.130129599598,30085.420206226663,30073.957272002717,30079.22147949081,996
2025-05-07 12:11:00+00:00,30079.378315159967,30094.51376293917,30076.875042718064,30079.128004278162,364
2025-05-07 12:16:00+00:00,30079.64859629376,30079.994868955935,30061.23771903354,30079.76372313441,307
2025-05-07 12:21:00+00:00,30078.189443973366,30090.326747023028,30073.52287120995,30079.052544905335,295
2025-05-07 12:26:00+00:00,30077.579096991616,30095.48213354695,30064.204880117042,30076.33463896049,976
2025-05-07 12:31:00+00:00,30077.658257014293,30080.586923058734,30066.92123796127,30076.759473053593,256
2025-05-07 12:36:00+00:00,30076.212141346507,30089.71159757199,30062.526360427753,30076.342078588892,224
2025-05-07 12:41:00+00:00,30077.73530137737,30094.45742874087,30075.577031274286,30078.218336652702,407
2025-05-07 12:46:00+00:00,30078.13994292611,30097.36950656212,30072.25519428368,30078.788218602956,686
2025-05-07 12:51:00+00:00,30076.393199099904,30080.543488764863,30059.87418628713,30076.014753394968,814
2025-05-07 12:56:00+00:00,30076.897613941368,30082.12630305584,30073.54113408704,30077.033235717037,487
2025-05-07 13:01:00+00:00,30079.181639146533,30089.521761600336,30062.911094397008,30079.899704009502,379
2025-05-07 13:06:00+00:00,30078.40446559429,30090.070740377123,30062.408250298777,30079.53216995412,744
2025-05-07 13:11:00+00:00,30078.805654126983,30090.961616332384,30074.041383457567,30078.362439927892,346
2025-05-07 13:16:00+00:00,30079.707572029733,30080.635744739604,30061.920738937144,30079.367109287785,283
2025-05-07 13:21:00+00:00,30079.587325384677,30085.537342579646,30059.739539086197,30077.84327549136,665
2025-05-07 13:26:00+00:00,30080.153041462614,30088.617339109027,30075.63770270758,30079.87649159161,366
2025-05-07 13:31:00+00:00,30078.592689917772,30078.596892049787,30072.36690443235,30077.75434247198,791
2025-05-07 13:36:00+00:00,30078.77341593584,30092.144958255823,30059.46466810231,30078.28730687199,629
2025-05-07 13:41:00+00:00,30078.004780898314,30092.362283184917,30062.72027930189,30075.11666347195,464
2025-05-07 13:46:00+00:00,30078.848249767285,30084.07093165887,30072.724703936976,30079.78932521619,323
2025-05-07 13:51:00+00:00,30079.28197942443,30090.119539906187,30076.219740890356,30079.019030923686,287
2025-05-07 13:56:00+00:00,30077.560079928728,30095.98042892094,30069.004118767065,30077.561252974014,735
2025-05-07 14:01:00+00:00,30078.25267618776,30095.692369580287,30066.029018281995,30078.705573343013,461
2025-05-07 14:06:00+00:00,30077.531264974685,30095.38704172466,30067.04235824968,30075.763445532837,343
2025-05-07 14:11:00+00:00,30077.941815322192,30090.057651086547,30069.766647213495,30076.315094572354,922
2025-05-07 14:16:00+00:00,30079.840055013014,30097.32229142683,30066.168132040402,30079.3933229886,943
2025-05-07 14:21:00+00:00,30079.12828677881,30098.803428911153,30070.830361813558,30079.144417126663,194
2025-05-07 14:26:00+00:00,30078.189718927948,30086.293185527447,30061.615508835202,30077.028278182857,209
2025-05-07 14:31:00+00:00,30077.221537099525,30078.587321907948,30072.314736699704,30076.39638796063,843
2025-05-07 14:36:00+00:00,30078.147008908185,30082.91951394979,30076.613133700892,30078.528259382863,596
2025-05-07 14:41:00+00:00,30078.960576995974,30096.46404173217,30078.8624448328,30077.86146923324,421
2025-05-07 14:46:00+00:00,30078.906573522567,30080.78604705045,30074.012218270564,30078.044690068302,650
2025-05-07 14:51:00+00:00,30080.16305859712,30082.05784613832,30078.239710845097,30079.659197737597,288
2025-05-07 14:56:00+00:00,30081.712145070527,30089.528880301128,30064.057534533942,30082.21252321643,388
2025-05-07 15:01:00+00:00,30081.167515077617,30088.570343949614,30074.215576533814,30081.633075245867,367
2025-05-07 15:06:00+00:00,30080.92714626666,30093.569253324004,30066.572230425976,30079.997599284892,506
2025-05-07 15:11:00+00:00,30079.9365182537,30099.9252963792,30066.181627905713,30078.562718807225,407
2025-05-07 15:16:00+00:00,30081.91312851457,30085.746350023546,30064.33301750023,30082.061619898468,391
2025-05-07 15:21:00+00:00,30081.333118442326,30090.131287503584,30066.831349546923,30082.577162171143,947
2025-05-07 15:26:00+00:00,30081.22253869642,30097.38758814119,30073.893451512507,30080.441976958315,990
2025-05-07 15:31:00+00:00,30081.410158033123,30092.036444573303,30077.092658940182,30080.16525856041,131
2025-05-07 15:36:00+00:00,30081.904306928333,30094.631076897218,30072.920866503315,30083.055306259197,482
2025-05-07 15:41:00+00:00,30081.322503929143,30089.588121623634,30081.218672492763,30082.265613009833,546
2025-05-07 15:46:00+00:00,30082.029519402655,30084.16483025385,30071.84920200233,30082.46676926462,797
2025-05-07 15:51:00+00:00,30080.79260068767,30081.58548570701,30071.908499988393,30082.218786244943,303
2025-05-07 15:56:00+00:00,30080.936782661276,30093.58724068586,30076.517497654557,30080.59989525293,978
2025-05-07 16:01:00+00:00,30077.644801395323,30090.522206357182,30068.223004328847,30077.388562413485,491
2025-05-07 16:06:00+00:00,30075.62382345318,30081.222544688157,30059.739621339555,30074.37829957697,821
2025-05-07 16:11:00+00:00,30075.51437320527,30077.386440882194,30058.05087125,30075.836420620362,162
2025-05-07 16:16:00+00:00,30075.00778013796,30086.204104670356,30072.782254996313,30073.481390888977,507
2025-05-07 16:21:00+00:00,30076.143610582054,30088.802008305687,30067.748739868493,30075.61229049846,904
2025-05-07 16:26:00+00:00,30076.522643988854,30086.742910308123,30057.372413198937,30076.747633473293,956
2025-05-07 16:31:00+00:00,30075.46589362595,30088.113862131497,30065.836774594292,30074.69139103594,394
2025-05-07 16:36:00+00:00,30074.549309608614,30090.42872952576,30068.705926136663,30075.466489878567,811
2025-05-07 16:41:00+00:00,30074.705253955544,30092.740664686793,30061.841395515796,30076.854231272497,454
2025-05-07 16:46:00+00:00,30074.901362124772,30077.757926751394,30068.98073418465,30074.749491789324,850
2025-05-07 16:51:00+00:00,30073.788876657778,30093.079290012287,30059.97242186775,30072.475440567796,231
2025-05-07 16:56:00+00:00,30072.48157178109,30083.576681778803,30060.045025985324,30070.682072581218,787
2025-05-07 17:01:00+00:00,30072.133118798913,30087.068749332502,30064.18383187881,30072.007122398587,679
2025-05-07 17:06:00+00:00,30072.392146192313,30080.27778082419,30063.660751726693,30072.061243646807,502
2025-05-07 17:11:00+00:00,30073.22759439294,30081.39990937855,30060.58747568255,30072.807393333755,932
2025-05-07 17:16:00+00:00,30074.184468017535,30092.200321546097,30072.03050367607,30073.955433079343,529
2025-05-07 17:21:00+00:00,30075.45911607677,30079.451854698655,30067.670363859135,30076.012320929724,290
2025-05-07 17:26:00+00:00,30074.221900918677,30086.051479491194,30068.333193697963,30074.48441246792,469
2025-05-07 17:31:00+00:00,30073.24466291242,30088.34842490749,30053.35086995731,30073.292140929396,747
2025-05-07 17:36:00+00:00,30073.263613766867,30088.25489419055,30070.11758673142,30073.215233511768,266
2025-05-07 17:41:00+00:00,30074.010377524442,30078.853454569195,30067.445187004443,30073.14624640675,482
2025-05-07 17:46:00+00:00,30074.597269311063,30088.47938313154,30061.99347622047,30073.66330451773,289
2025-05-07 17:51:00+00:00,30074.756029710497,30078.170233357367,30062.214184581542,30073.89702770025,509
2025-05-07 17:56:00+00:00,30073.718335428875,30085.483816061907,30073.539289947967,30073.423084440972,156
2025-05-07 18:01:00+00:00,30074.291581249057,30075.61933594275,30057.06228732205,30075.39516099693,205
2025-05-07 18:06:00+00:00,30075.303464022054,30084.5699867584,30068.50647671786,30075.62158705366,747
2025-05-07 18:11:00+00:00,30075.63653928359,30084.41244086077,30071.274803151795,30075.49833424589,833
2025-05-07 18:16:00+00:00,30075.792171443798,30092.72582283169,30062.43634846621,30076.501165258884,547
2025-05-07 18:21:00+00:00,30076.917453809994,30095.340730437856,30059.560028665852,30077.667166835334,850
2025-05-07 18:26:00+00:00,30077.379400897706,30085.592679576563,30069.635905568968,30076.673891981623,411
2025-05-07 18:31:00+00:00,30075.955122516207,30080.372073213253,30068.370588521317,30075.72832727457,111
2025-05-07 18:36:00+00:00,30076.499923834905,30084.687627175626,30073.842925244473,30077.82312507138,510
2025-05-07 18:41:00+00:00,30077.240100867475,30093.7375171589,30058.91323830152,30079.671603091603,566
2025-05-07 18:46:00+00:00,30075.621329171714,30084.74466915945,30058.75639224498,30075.739084065463,479
2025-05-07 18:51:00+00:00,30073.779619931975,30077.221692163264,30062.99842281514,30073.800654922437,413
2025-05-07 18:56:00+00:00,30073.589699527813,30082.219583740698,30067.937422291587,30074.6623268336,608
2025-05-07 19:01:00+00:00,30072.4524366966,30075.649668960665,30052.97516841158,30071.588134120986,943
2025-05-07 19:06:00+00:00,30074.16316518034,30088.58152932536,30065.702922042903,30073.783026679273,382
2025-05-07 19:11:00+00:00,30072.92770813153,30083.164335276488,30061.89889065532,30072.909374872877,162
2025-05-07 19:16:00+00:00,30072.924880674618,30089.79279761763,30071.467808074103,30073.440642512687,252
2025-05-07 19:21:00+00:00,30074.257366353235,30089.08467422203,30064.760307770906,30073.086159547016,220
2025-05-07 19:26:00+00:00,30074.234380062124,30082.807999755743,30066.236105772496,30074.8113660075,742
2025-05-07 19:31:00+00:00,30075.386206532705,30091.284340326918,30073.484018426865,30074.20143846975,459
2025-05-07 19:36:00+00:00,30076.33265392542,30078.232129138967,30062.560740863442,30078.03949877682,309
2025-05-07 19:41:00+00:00,30077.19045259543,30086.757799696814,30075.609636865396,30076.035395068007,152
2025-05-07 19:46:00+00:00,30077.47758105464,30087.00586340247,30063.72971537452,30077.107602731958,978
2025-05-07 19:51:00+00:00,30080.239327186126,30082.577166925574,30064.19029844018,30080.160573845904,209
2025-05-07 19:56:00+00:00,30080.54683222126,30093.932110833503,30074.537170815718,30079.383449568995,343
2025-05-07 20:01:00+00:00,30077.44178296979,30085.148890618442,30076.555419388515,30078.664964232343,362
2025-05-07 20:06:00+00:00,30078.287848491014,30093.97070274351,30059.293235444195,30079.19659398042,760
2025-05-07 20:11:00+00:00,30078.90948267816,30097.693663350994,30065.058462263725,30078.99568028554,727
2025-05-07 20:16:00+00:00,30077.77331825998,30091.823276951174,30070.3982536404,30077.463150438365,186
2025-05-07 20:21:00+00:00,30076.950084298005,30079.84495775907,30067.28688458077,30076.635937481387,243
2025-05-07 20:26:00+00:00,30074.819824844937,30082.390312490672,30056.16819321488,30077.332406056204,248
2025-05-07 20:31:00+00:00,30073.580033214403,30076.378159260334,30072.716846942996,30074.227642805177,945
2025-05-07 20:36:00+00:00,30073.89015008914,30088.065115572674,30060.295201308658,30074.903109917737,559
2025-05-07 20:41:00+00:00,30072.76482474522,30080.56414340089,30066.173931947327,30073.074133615526,836
2025-05-07 20:46:00+00:00,30073.17201974436,30079.31288601841,30061.199411260306,30073.637227296258,999
2025-05-07 20:51:00+00:00,30072.177022233474,30085.21949104762,30066.159737912756,30072.94885515874,803
2025-05-07 20:56:00+00:00,30072.381738143857,30089.887282581814,30058.377593414392,30073.376893079454,793
2025-05-07 21:01:00+00:00,30072.472763286994,30081.040329069438,30059.945446088645,30071.50043372708,237
2025-05-07 21:06:00+00:00,30072.15511020742,30092.05594134149,30072.005992665767,30071.911523198283,569
2025-05-07 21:11:00+00:00,30071.01875322598,30088.223294121308,30062.090854402475,30071.56163462923,661
2025-05-07 21:16:00+00:00,30068.75716922808,30072.709418297156,30060.6901068713,30067.60082202651,599
2025-05-07 21:21:00+00:00,30069.466116809926,30084.11824709376,30063.723910562676,30068.206080060132,708
2025-05-07 21:26:00+00:00,30070.47865775083,30082.572797681783,30061.29140829971,30070.867585055566,466
2025-05-07 21:31:00+00:00,30069.764337277178,30079.165175745333,30059.474581876508,30069.042608963035,384
2025-05-07 21:36:00+00:00,30069.325634889392,30072.469143332593,30061.40245927584,30069.61222174895,654
2025-05-07 21:41:00+00:00,30069.440661250654,30074.285633358046,30067.75250696735,30069.391790083664,604
2025-05-07 21:46:00+00:00,30069.201368299302,30074.480495285796,30052.236175841965,30068.453743442515,386
2025-05-07 21:51:00+00:00,30068.061690584782,30075.03321481085,30067.3667225979,30067.884854427266,804
2025-05-07 21:56:00+00:00,30065.60638822014,30078.899982140625,30049.709749324167,30065.496795237523,126
2025-05-07 22:01:00+00:00,30065.28468145466,30070.77792276554,30052.40855006977,30063.490095072706,945
2025-05-07 22:06:00+00:00,30065.006063023375,30075.1332294381,30049.381823400705,30063.46908672006,543
2025-05-07 22:11:00+00:00,30066.39606300709,30085.47687857971,30064.090656454777,30066.588417366675,895
2025-05-07 22:16:00+00:00,30067.634202941405,30084.270318264887,30060.940639069813,30067.807209090002,432
2025-05-07 22:21:00+00:00,30067.212492173257,30079.8173450499,30065.119327635257,30068.309247535934,381
2025-05-07 22:26:00+00:00,30066.913610310134,30082.49611409218,30052.192178806476,30065.420188554224,857
2025-05-07 22:31:00+00:00,30066.067436026126,30067.795601392972,30047.00965794452,30067.98450435252,489
2025-05-07 22:36:00+00:00,30065.3295894801,30079.981093392675,30056.851435855242,30066.30479127266,425
2025-05-07 22:41:00+00:00,30065.606327598663,30065.956986385234,30061.059346752583,30063.775410583054,211
2025-05-07 22:46:00+00:00,30067.026504482128,30078.884982459072,30065.52331966749,30067.011892494134,522
2025-05-07 22:51:00+00:00,30067.046777978925,30077.75795218393,30066.215000521726,30066.851653469737,299
2025-05-07 22:56:00+00:00,30066.264872848406,30079.604924157444,30048.673018243066,30066.403788759868,187
2025-05-07 23:01:00+00:00,30065.67551600345,30069.94325646367,30063.4102569291,30065.252652409497,950
2025-05-07 23:06:00+00:00,30064.634480973717,30078.461866252328,30058.420186501113,30065.238305787178,540
2025-05-07 23:11:00+00:00,30063.231622903233,30067.832388535302,30061.6448613487,30064.40258433837,325
2025-05-07 23:16:00+00:00,30064.347589068537,30074.545048843134,30054.645401809794,30064.88835029038,697
2025-05-07 23:21:00+00:00,30065.305253883624,30068.636127881713,30050.325868567954,30065.35088294689,275
2025-05-07 23:26:00+00:00,30067.815881341554,30085.025430207916,30057.795024509487,30068.975569917046,743
2025-05-07 23:31:00+00:00,30069.919750841247,30080.693502328722,30064.40695241873,30069.823868563093,777
2025-05-07 23:36:00+00:00,30068.16277007785,30077.365519854684,30064.619791032696,30068.155260147534,410
2025-05-07 23:41:00+00:00,30067.8410776575,30083.227414128636,30063.20923995054,30067.56441479841,332
2025-05-07 23:46:00+00:00,30066.51965923686,30077.0471791772,30058.129727754826,30065.731116415176,693
2025-05-07 23:51:00+00:00,30066.6557411519,30085.92045120961,30064.148559265843,30067.833162678904,735
2025-05-07 23:56:00+00:00,30066.124024992525,30070.85447440393,30065.316240998185,30065.587407559702,430
2025-05-08 00:01:00+00:00,30066.003471637592,30071.833190830013,30049.90438068849,30066.390962174322,784
2025-05-08 00:06:00+00:00,30066.645608714796,30073.070972663696,30050.894814645344,30066.934800977426,652
2025-05-08 00:11:00+00:00,30065.01647183942,30077.57656606417,30049.349613706396,30063.621754183485,919
2025-05-08 00:16:00+00:00,30066.44528306503,30067.393397595406,30060.667625709153,30067.272472494293,738
2025-05-08 00:21:00+00:00,30066.935600813813,30078.43619498495,30061.212016048095,30069.55479138224,719
2025-05-08 00:26:00+00:00,30065.871817456973,30083.005342183595,30062.308064379715,30064.12762308436,108
2025-05-08 00:31:00+00:00,30066.348049846678,30067.945252303434,30057.04147341639,30067.24221918349,419
2025-05-08 00:36:00+00:00,30065.789805278517,30066.119460040634,30051.94752729086,30066.091417464675,631
2025-05-08 00:41:00+00:00,30064.994637798532,30082.685353732206,30045.418327802487,30066.250088166256,136
2025-05-08 00:46:00+00:00,30065.954202298522,30072.634433608207,30054.69670886802,30066.024235016466,471
2025-05-08 00:51:00+00:00,30065.1149538771,30077.325920097963,30062.902578628295,30064.763366278723,882
2025-05-08 00:56:00+00:00,30065.648101760267,30073.966767411748,30064.26939088691,30064.769425707043,680
2025-05-08 01:01:00+00:00,30065.27848503706,30084.20258141203,30061.570869677773,30064.5225262302,942
2025-05-08 01:06:00+00:00,30063.22910591407,30071.942474632087,30045.164520520604,30062.303103704908,520
2025-05-08 01:11:00+00:00,30064.674136635578,30079.377762108434,30047.490037624844,30063.399665478857,764
2025-05-08 01:16:00+00:00,30065.932925924953,30074.48707419309,30052.52383149985,30066.95619781504,442
2025-05-08 01:21:00+00:00,30066.074300665998,30076.079902601006,30047.73514330867,30068.570409616423,408
2025-05-08 01:26:00+00:00,30066.845576770887,30068.84070293562,30060.593587213963,30067.883051308712,379
2025-05-08 01:31:00+00:00,30064.40523123283,30078.934482412013,30055.6935215504,30064.53144841636,918
2025-05-08 01:36:00+00:00,30063.193266639384,30080.674923946313,30044.573816741417,30063.980798514018,458
2025-05-08 01:41:00+00:00,30063.758163695515,30073.147186043112,30050.146296448645,30066.70840974157,876
2025-05-08 01:46:00+00:00,30064.07373017448,30083.296264795903,30050.306151251934,30064.06771921178,897
2025-05-08 01:51:00+00:00,30063.873989330306,30067.69364820365,30052.24251127133,30065.3850421583,887
2025-05-08 01:56:00+00:00,30063.61509004514,30083.130920270174,30061.728198344146,30064.278845906178,451
2025-05-08 02:01:00+00:00,30063.621320258284,30065.499394153616,30050.45014738163,30063.72095361324,502
2025-05-08 02:06:00+00:00,30064.40136236985,30077.61030256694,30059.61503730644,30065.7296923227,568
2025-05-08 02:11:00+00:00,30065.307290064135,30074.14970547088,30049.043476602303,30066.457786502,931
2025-05-08 02:16:00+00:00,30063.80157341893,30066.894534390012,30057.651882444978,30063.370528809784,153
2025-05-08 02:21:00+00:00,30064.34346983148,30071.17213579621,30047.07190370076,30063.978292304186,342
2025-05-08 02:26:00+00:00,30064.996825007438,30072.88285956956,30058.374528170483,30063.07749803844,949
2025-05-08 02:31:00+00:00,30065.54391198263,30074.394904611952,30051.464938583566,30065.18691913371,713
2025-05-08 02:36:00+00:00,30064.875136652507,30066.530683086447,30062.77758296285,30064.335689046493,530
2025-05-08 02:41:00+00:00,30064.94898471648,30073.90683419517,30063.453993056377,30064.552840026732,283
2025-05-08 02:46:00+00:00,30065.250716111164,30079.02605562379,30054.65465061885,30063.939322136735,796
2025-05-08 02:51:00+00:00,30065.726353069946,30084.67182590979,30062.330554442655,30065.535421186254,137
2025-05-08 02:56:00+00:00,30065.31351385847,30072.80374569673,30057.987473839687,30065.247191280505,997
2025-05-08 03:01:00+00:00,30065.42837862354,30073.73931919938,30063.92185652744,30065.947727572824,919
2025-05-08 03:06:00+00:00,30065.12760756854,30077.8670064038,30057.375700824403,30065.457087199236,835
2025-05-08 03:11:00+00:00,30064.489897036296,30076.565990289604,30051.089436934188,30065.246207855245,970
2025-05-08 03:16:00+00:00,30064.53253234526,30084.397269932004,30044.75242710046,30064.265394045593,322
2025-05-08 03:21:00+00:00,30063.692326401833,30068.45517892646,30053.924216364274,30061.90860635725,689
2025-05-08 03:26:00+00:00,30066.193761999497,30073.365691612085,30066.058110761605,30065.873194316693,527
2025-05-08 03:31:00+00:00,30065.28559335416,30068.488948092778,30064.500369179164,30065.033799954293,125
2025-05-08 03:36:00+00:00,30064.951655874054,30081.54372851813,30059.178971889825,30064.13349454728,846
2025-05-08 03:41:00+00:00,30063.045400608036,30071.850863679,30052.1489464886,30062.021110919795,319
2025-05-08 03:46:00+00:00,30060.733242333765,30080.29217466633,30053.627978650544,30061.85269622784,467
2025-05-08 03:51:00+00:00,30060.885538502076,30078.15117675068,30057.9531170622,30061.119618600045,514
2025-05-08 03:56:00+00:00,30059.786214960368,30079.348770844434,30058.726331235204,30058.81760028118,503
2025-05-08 04:01:00+00:00,30061.246429794828,30062.642997169078,30060.835177245182,30062.64244350125,490
2025-05-08 04:06:00+00:00,30062.434274551317,30064.63760058844,30051.69590347189,30063.283856556925,588
2025-05-08 04:11:00+00:00,30062.527330146626,30078.358349738002,30056.80105425537,30062.226041332156,173
2025-05-08 04:16:00+00:00,30063.405919747594,30076.4144630748,30048.463311763277,30063.668866934197,987
2025-05-08 04:21:00+00:00,30063.27474458512,30073.66962398769,30058.526152003007,30063.160388858145,959
2025-05-08 04:26:00+00:00,30062.875502035135,30069.941949508106,30050.120123472632,30063.228612824827,924
2025-05-08 04:31:00+00:00,30063.77425171836,30069.782783752198,30054.188650006017,30063.657952431542,937
2025-05-08 04:36:00+00:00,30062.400154729083,30079.871639646008,30061.360156528244,30064.194570937754,370
2025-05-08 04:41:00+00:00,30061.71646189354,30064.809103182168,30051.91666952583,30061.41043488306,450
2025-05-08 04:46:00+00:00,30062.07155404451,30069.184065771442,30059.079490266933,30061.630947367416,404
2025-05-08 04:51:00+00:00,30062.33392622359,30063.21449793711,30058.451732741254,30062.05642988142,255
2025-05-08 04:56:00+00:00,30062.25956804165,30079.724802118,30060.61982157172,30061.279495346498,955
2025-05-08 05:01:00+00:00,30063.967051265598,30064.64847550052,30048.28248598202,30062.802353409952,948
2025-05-08 05:06:00+00:00,30064.58202388661,30080.062109808674,30061.041172713743,30065.009668448445,610
2025-05-08 05:11:00+00:00,30063.003086218083,30071.743160361737,30054.854529210188,30062.85350676456,574
2025-05-08 05:16:00+00:00,30062.367677128597,30072.152113106655,30042.762438498205,30061.62898916218,884
2025-05-08 05:21:00+00:00,30061.41021142186,30073.958908567194,30059.670155149382,30062.772898807852,635
2025-05-08 05:26:00+00:00,30062.239962869517,30069.26887364774,30050.49153829705,30060.59313878621,177
2025-05-08 05:31:00+00:00,30062.490320074572,30080.838806587853,30052.779308549525,30061.71528692604,210
2025-05-08 05:36:00+00:00,30062.263402907658,30081.338039539827,30061.303777750953,30061.992083490426,385
2025-05-08 05:41:00+00:00,30060.09563328619,30079.537738874977,30054.307839768666,30060.463417950697,936
2025-05-08 05:46:00+00:00,30060.120819501073,30063.366344732647,30054.352351546375,30061.168509645147,990
2025-05-08 05:51:00+00:00,30059.44325681845,30063.10353816717,30051.95057849279,30060.719223710035,223
2025-05-08 05:56:00+00:00,30060.10436037253,30065.768483133223,30051.067924132658,30060.73154472628,491
2025-05-08 06:01:00+00:00,30060.130726183404,30070.865671942945,30058.01378554249,30058.470076884718,280
2025-05-08 06:06:00+00:00,30060.40091647225,30078.082081983088,30048.663378405756,30061.85302442934,462
2025-05-08 06:11:00+00:00,30059.712210689486,30078.535891332656,30055.12503760651,30058.91637350624,369
2025-05-08 06:16:00+00:00,30060.689210707536,30066.57756637552,30048.289290362565,30060.409790235193,634
2025-05-08 06:21:00+00:00,30061.3481742635,30076.86304473478,30053.11585269879,30060.503363100022,859
2025-05-08 06:26:00+00:00,30061.910719880085,30065.869492689584,30059.710854581106,30063.690626133,423
2025-05-08 06:31:00+00:00,30062.188186215782,30077.814563473385,30054.632105456276,30063.125235429827,476
2025-05-08 06:36:00+00:00,30063.331404013144,30079.47004194858,30048.35237411838,30064.332477796717,205
2025-05-08 06:41:00+00:00,30061.812822712272,30063.80726210862,30057.194412105382,30060.867683582816,346
2025-05-08 06:46:00+00:00,30062.057047430797,30076.420046796746,30053.090781671974,30061.082416679434,475
2025-05-08 06:51:00+00:00,30062.37152001716,30069.73868797645,30058.53292621807,30063.482727424667,588
2025-05-08 06:56:00+00:00,30063.24914184852,30065.669581479095,30062.547614377316,30062.42179862614,299
2025-05-08 07:01:00+00:00,30064.039434885948,30071.71518912769,30051.376939016507,30063.542255492684,694
2025-05-08 07:06:00+00:00,30063.911726478844,30080.100614448445,30046.795895081734,30064.167389445513,547
2025-05-08 07:11:00+00:00,30065.165924722223,30077.60327166459,30062.671582256306,30065.51670669077,542
2025-05-08 07:16:00+00:00,30062.86304011735,30063.681039360465,30046.785705736474,30063.42992900585,771
2025-05-08 07:21:00+00:00,30063.035864084886,30071.426262224584,30046.42689863473,30064.73702967787,434
2025-05-08 07:26:00+00:00,30060.661785899396,30075.993249778618,30043.614254293567,30061.76040677878,407
2025-05-08 07:31:00+00:00,30059.081346015504,30077.359800080496,30047.708700527437,30058.50946787098,274
2025-05-08 07:36:00+00:00,30058.922481902457,30064.604475284654,30058.730125047787,30058.494792133708,424
2025-05-08 07:41:00+00:00,30057.591594731315,30065.89311247151,30056.43068815303,30057.387224228823,767
2025-05-08 07:46:00+00:00,30057.9872162722,30060.682740543085,30044.28758538331,30057.982864521426,546
2025-05-08 07:51:00+00:00,30058.268292977256,30062.275266040342,30053.816417392864,30058.25811493795,964
2025-05-08 07:56:00+00:00,30058.872552699344,30061.34285315383,30046.631057318464,30057.294833570195,949
2025-05-08 08:01:00+00:00,30060.015588927126,30064.07154617689,30052.05481521652,30060.192370752644,477
2025-05-08 08:06:00+00:00,30058.790196594127,30066.542180822675,30043.729143059576,30057.83108923109,761
2025-05-08 08:11:00+00:00,30059.30920201649,30069.17615205509,30045.210331488695,30059.33402942548,257
2025-05-08 08:16:00+00:00,30060.087886796347,30067.326335801205,30050.448106104872,30061.154495028026,924
2025-05-08 08:21:00+00:00,30059.7966572608,30071.74302180456,30053.056252554994,30061.386527241502,883
2025-05-08 08:26:00+00:00,30057.916775869675,30063.4762212919,30039.061590406312,30058.195432987486,256
2025-05-08 08:31:00+00:00,30057.320960329096,30061.800980835247,30046.191648566575,30056.968806059915,875
2025-05-08 08:36:00+00:00,30056.89675914289,30070.903734941247,30050.494580541235,30057.66037011789,987
2025-05-08 08:41:00+00:00,30059.081786703646,30074.091897523373,30051.3353062355,30058.41714480706,163
2025-05-08 08:46:00+00:00,30057.876325916623,30074.709570540264,30045.25206008947,30059.01969752318,943
2025-05-08 08:51:00+00:00,30055.994979353243,30063.323605443024,30050.15216281942,30056.59684337161,360
2025-05-08 08:56:00+00:00,30055.12853131375,30063.40156300608,30048.249316980637,30055.377174248377,815
2025-05-08 09:01:00+00:00,30053.386696390608,30065.125493230196,30035.424746284498,30055.793874393945,849
2025-05-08 09:06:00+00:00,30053.562610868466,30062.47094024709,30053.106139564614,30054.545086678114,824
2025-05-08 09:11:00+00:00,30054.453457230724,30069.737898914227,30035.51034397376,30054.420104225246,145
2025-05-08 09:16:00+00:00,30053.413685585852,30071.857546903466,30049.609989152177,30051.885451901635,301
2025-05-08 09:21:00+00:00,30052.67295119616,30056.00561806529,30052.42928897327,30052.355980824508,756
2025-05-08 09:26:00+00:00,30051.021578211752,30060.772825798027,30042.21730620391,30050.525828574795,518
2025-05-08 09:31:00+00:00,30051.121188318237,30057.065566285888,30040.73593751957,30051.44581267255,280
2025-05-08 09:36:00+00:00,30050.27487144046,30052.330739789264,30045.398135687123,30049.908410703636,417
2025-05-08 09:41:00+00:00,30051.29774116719,30058.399649556537,30046.107193981847,30051.737132478105,226
2025-05-08 09:46:00+00:00,30051.336829807464,30064.215734684447,30044.453654109122,30051.229356262695,258
2025-05-08 09:51:00+00:00,30050.500796270666,30062.124946071184,30033.99537401739,30048.251064717984,905
2025-05-08 09:56:00+00:00,30051.585772834427,30051.91441293557,30047.19749570947,30052.72265977777,322
2025-05-08 10:01:00+00:00,30052.398978766152,30052.43234497571,30047.671357039082,30050.65303286169,782
2025-05-08 10:06:00+00:00,30052.395979569264,30055.70879824582,30049.651821687818,30053.740964791672,345
2025-05-08 10:11:00+00:00,30054.530601799397,30062.646025309332,30045.1017147806,30053.888902265604,557
2025-05-08 10:16:00+00:00,30055.38499655399,30061.980316528483,30045.174959869615,30053.42272432752,403
2025-05-08 10:21:00+00:00,30054.900069276493,30060.150335477447,30054.610343342698,30056.230041457115,798
2025-05-08 10:26:00+00:00,30053.02978018278,30068.454281291015,30048.026348656713,30052.614238665366,458
2025-05-08 10:31:00+00:00,30053.118239067484,30070.724011930324,30035.38297844103,30052.362405526976,859
2025-05-08 10:36:00+00:00,30053.923009313086,30057.156822670855,30037.91201013761,30052.804128762087,289
2025-05-08 10:41:00+00:00,30053.94702861365,30063.127133383896,30040.65792742293,30052.49385446034,838
2025-05-08 10:46:00+00:00,30052.157020981893,30058.518130782926,30051.67994657305,30053.0168283257,642
2025-05-08 10:51:00+00:00,30051.422661235247,30061.084708923634,30043.129186031114,30052.395376988967,803
2025-05-08 10:56:00+00:00,30051.652059917044,30057.68244329706,30032.82158528642,30052.699065228702,742
2025-05-08 11:01:00+00:00,30051.695623251144,30062.08136347335,30034.886654003432,30052.021054516445,527
2025-05-08 11:06:00+00:00,30053.008597815377,30068.370523989717,30040.94795281793,30052.393215643413,507
2025-05-08 11:11:00+00:00,30053.093919660732,30068.340854066493,30046.66054192732,30052.77603184805,391
2025-05-08 11:16:00+00:00,30052.350326250707,30072.323630994713,30052.092639075727,30052.73150835169,124
2025-05-08 11:21:00+00:00,30051.576449640514,30056.020671596852,30039.095895459213,30050.774852647046,508
2025-05-08 11:26:00+00:00,30052.742555507408,30066.950753839137,30033.465090541038,30051.014317816305,847
2025-05-08 11:31:00+00:00,30050.183194119767,30064.91079950562,30034.38308782376,30050.71769469692,917
2025-05-08 11:36:00+00:00,30049.2369952229,30054.256699544698,30037.467790807525,30050.486160645425,203
2025-05-08 11:41:00+00:00,30049.50473296195,30058.27384762756,30041.549677317522,30050.42868915619,787
2025-05-08 11:46:00+00:00,30048.608401829224,30050.16848842281,30042.828553183306,30047.381926555103,604
2025-05-08 11:51:00+00:00,30048.447742130702,30058.375759917315,30038.311815290937,30048.470754583544,516
2025-05-08 11:56:00+00:00,30048.971718784465,30062.10937725388,30036.20810520645,30048.078828784863,853
2025-05-08 12:01:00+00:00,30049.197315557114,30049.95148076427,30034.739150682257,30049.77073513685,832
2025-05-08 12:06:00+00:00,30048.79132664054,30057.70317480766,30032.40888729885,30048.045857656467,560
2025-05-08 12:11:00+00:00,30050.154619801848,30060.748484867992,30048.620845921134,30050.597116356945,481
2025-05-08 12:16:00+00:00,30050.486464576337,30069.872955061423,30036.019243973733,30049.27003499796,448
2025-05-08 12:21:00+00:00,30050.060201345317,30064.216468912437,30041.820529933626,30049.060914712416,181
2025-05-08 12:26:00+00:00,30049.388035612094,30066.840807049426,30033.479084874536,30051.163752308003,397
2025-05-08 12:31:00+00:00,30047.985290400833,30052.527972284795,30035.858651489143,30047.667907724357,722
2025-05-08 12:36:00+00:00,30048.100092672736,30050.05971185928,30047.559358555096,30046.651126340283,427
2025-05-08 12:41:00+00:00,30047.6698745845,30060.965141943532,30045.387360036722,30046.609091014263,262
2025-05-08 12:46:00+00:00,30046.896768279235,30057.38682651672,30037.788197238486,30046.92445656046,980
2025-05-08 12:51:00+00:00,30047.035104105173,30063.921426913752,30027.96401683196,30047.513915912903,796
2025-05-08 12:56:00+00:00,30046.14288115088,30049.185382607688,30042.168376072157,30046.08965399276,527
2025-05-08 13:01:00+00:00,30045.24396570946,30056.53123115079,30028.94603230153,30044.217362012674,637
2025-05-08 13:06:00+00:00,30045.300550116193,30053.221540924278,30033.783946590742,30044.864548085676,116
2025-05-08 13:11:00+00:00,30044.919407498393,30056.700371456594,30036.801217538392,30042.68203021915,936
2025-05-08 13:16:00+00:00,30045.60747506685,30057.793675267152,30028.23978551036,30046.503317035815,270
2025-05-08 13:21:00+00:00,30044.97996000151,30047.500247596636,30040.419958344955,30043.965663623763,949
2025-05-08 13:26:00+00:00,30045.720023409336,30049.49748037587,30038.453211871856,30046.091980387537,615
2025-05-08 13:31:00+00:00,30046.481254195238,30049.534910433802,30041.0817630494,30047.33604276782,646
2025-05-08 13:36:00+00:00,30046.185690847324,30058.299808739142,30031.832600962036,30047.69281620188,237
2025-05-08 13:41:00+00:00,30045.663129697838,30059.78558712218,30041.327519290964,30045.212706504124,587
2025-05-08 13:46:00+00:00,30046.193324289285,30050.79123929416,30028.60853974899,30046.384814621928,294
2025-05-08 13:51:00+00:00,30046.200603659192,30065.063611305774,30042.278221111505,30047.612187200364,402
2025-05-08 13:56:00+00:00,30045.104993888384,30053.183232075153,30029.20331463355,30044.335428542043,267
2025-05-08 14:01:00+00:00,30043.929419610584,30056.001500087008,30031.155366538525,30044.35626996893,643
2025-05-08 14:06:00+00:00,30042.264165562865,30056.564880989994,30037.016808451786,30043.980601813488,392
2025-05-08 14:11:00+00:00,30040.840501318547,30048.711190679376,30029.24129462645,30039.283852722678,935
2025-05-08 14:16:00+00:00,30042.044477857515,30050.07944601691,30030.198190041083,30044.05531068273,692
2025-05-08 14:21:00+00:00,30040.684852910465,30047.835606058812,30023.42673782242,30041.403370268035,802
2025-05-08 14:26:00+00:00,30041.414494845783,30046.798364695762,30024.154566871475,30042.707813980855,103
2025-05-08 14:31:00+00:00,30040.494158101916,30051.839925670574,30025.738133560015,30040.26285477189,834
2025-05-08 14:36:00+00:00,30039.314642916765,30042.048400874493,30030.190790445147,30040.15265775703,960
2025-05-08 14:41:00+00:00,30037.157331003196,30052.54603677472,30026.257301350342,30035.28994209345,715
2025-05-08 14:46:00+00:00,30035.4918675188,30054.590521452395,30026.58432457755,30036.57427432867,834
2025-05-08 14:51:00+00:00,30035.17744687452,30040.539819776222,30024.96432720234,30036.62598060261,451
2025-05-08 14:56:00+00:00,30036.86417788009,30052.58871242353,30030.539148355398,30035.97617695222,611
2025-05-08 15:01:00+00:00,30037.692432686064,30040.405823887686,30018.845813751715,30036.793814266217,278
2025-05-08 15:06:00+00:00,30037.117949453834,30048.437162133945,30029.854181898598,30035.509940223223,422
2025-05-08 15:11:00+00:00,30036.623066913304,30040.446695123028,30016.69443925332,30037.43003346457,797
2025-05-08 15:16:00+00:00,30035.94328251509,30037.52658298504,30033.47045680543,30036.642369053752,582
2025-05-08 15:21:00+00:00,30036.198173523997,30047.416246324145,30019.922036659067,30036.02589114397,727
2025-05-08 15:26:00+00:00,30034.920110750354,30039.314139905196,30023.731642213028,30033.807277429296,805
2025-05-08 15:31:00+00:00,30035.375710185366,30038.463434763293,30026.651443084418,30036.610073216478,467
2025-05-08 15:36:00+00:00,30034.925538243235,30048.454250599087,30016.322835667434,30035.636299776386,255
2025-05-08 15:41:00+00:00,30034.099567048605,30036.01640764657,30024.88191600825,30035.767455129113,488
2025-05-08 15:46:00+00:00,30033.92140720211,30047.054605678914,30030.852924265007,30034.354314735083,153
2025-05-08 15:51:00+00:00,30034.14439019565,30034.286113763108,30032.12633216024,30033.4674729286,432
2025-05-08 15:56:00+00:00,30033.891296069563,30049.72001176869,30028.399686176006,30034.361375638044,336
2025-05-08 16:01:00+00:00,30033.812480841312,30042.938413461772,30016.709400728094,30033.567778095225,986
2025-05-08 16:06:00+00:00,30033.706639101452,30053.158202314742,30026.911463182612,30032.921489201726,605
2025-05-08 16:11:00+00:00,30034.582460237776,30053.17852607062,30026.7979724661,30034.601433891665,843
2025-05-08 16:16:00+00:00,30033.34763832862,30033.809976514465,30031.88634051438,30034.338763157684,772
2025-05-08 16:21:00+00:00,30033.22047195865,30034.73791442641,30017.478252492365,30030.87253295209,696
2025-05-08 16:26:00+00:00,30033.776659625688,30034.362662539177,30032.244533487785,30033.204164126408,625
2025-05-08 16:31:00+00:00,30033.780094754828,30049.93265294482,30024.588135554262,30034.07382105479,124
2025-05-08 16:36:00+00:00,30033.775741659952,30040.888570862706,30031.065464795636,30032.219570842313,170
2025-05-08 16:41:00+00:00,30033.237441451667,30053.068797245614,30026.634159367135,30035.101216837258,891
2025-05-08 16:46:00+00:00,30033.26770274394,30034.41962076663,30021.15571238955,30033.156133926976,244
2025-05-08 16:51:00+00:00,30031.89113291414,30038.37098044587,30029.52698369098,30032.12363938985,564
2025-05-08 16:56:00+00:00,30032.471571577036,30047.471961872605,30032.267001319666,30033.43450478847,244
2025-05-08 17:01:00+00:00,30031.176972237176,30041.520280723023,30018.636898485547,30030.59913969075,153
2025-05-08 17:06:00+00:00,30031.547325884017,30034.255395311546,30029.122708969655,30029.781233981757,455
2025-05-08 17:11:00+00:00,30032.060920387932,30042.33622901392,30031.058066337027,30031.180901422515,964
2025-05-08 17:16:00+00:00,30030.567766783704,30044.782817947555,30030.12466999927,30030.405133221633,479
2025-05-08 17:21:00+00:00,30031.016885760215,30038.434962479387,30025.389277582282,30029.79373959795,132
2025-05-08 17:26:00+00:00,30031.534293161592,30034.0866047048,30014.543977430403,30031.816152590003,873
2025-05-08 17:31:00+00:00,30031.806588514337,30045.607699242973,30023.880891156245,30031.8063020567,859
2025-05-08 17:36:00+00:00,30031.916776855003,30049.895370499205,30026.111473682126,30031.717487890066,134
2025-05-08 17:41:00+00:00,30031.24686028836,30048.202927533825,30028.217483307595,30030.830593342474,809
2025-05-08 17:46:00+00:00,30029.916969351736,30036.973240710373,30027.439321091697,30029.501003193644,947
2025-05-08 17:51:00+00:00,30030.632218096056,30041.83477028996,30015.31944133743,30029.97643931183,556
2025-05-08 17:56:00+00:00,30029.141095906343,30044.19939176179,30012.63235097229,30027.935793730212,876
2025-05-08 18:01:00+00:00,30028.89441203998,30042.069515248688,30011.85794602491,30027.121714046807,157
2025-05-08 18:06:00+00:00,30029.345366870828,30031.788592846246,30023.25354530293,30029.556194526653,158
2025-05-08 18:11:00+00:00,30028.658791907143,30032.46992694473,30015.660215426753,30029.069929506695,572
2025-05-08 18:16:00+00:00,30029.604851226944,30036.48303286512,30016.297103258472,30029.386427884805,625
2025-05-08 18:21:00+00:00,30030.248084646108,30031.888277313756,30026.179523355204,30031.348427619814,608
2025-05-08 18:26:00+00:00,30031.019918326703,30047.432464049536,30022.025534464687,30029.084051364716,276
2025-05-08 18:31:00+00:00,30030.79309675655,30049.972088334653,30013.0319241468,30031.622456054025,560
2025-05-08 18:36:00+00:00,30031.359547180382,30047.625166257938,30015.07913700961,30030.85694634422,372
2025-05-08 18:41:00+00:00,30031.803435907048,30033.759647161685,30023.761715296154,30031.67505008341,179
2025-05-08 18:46:00+00:00,30032.433582798487,30049.03826931042,30020.08069471564,30033.053649897138,772
2025-05-08 18:51:00+00:00,30032.929164971854,30034.10042053381,30014.156836933584,30032.852993980527,757
2025-05-08 18:56:00+00:00,30034.445517792752,30046.84883641082,30020.38114302318,30036.353382869722,282
2025-05-08 19:01:00+00:00,30034.771177841038,30054.288941866773,30032.130920222375,30034.590722491695,628
2025-05-08 19:06:00+00:00,30035.270944079406,30045.52130701678,30023.44204755658,30036.625393927236,372
2025-05-08 19:11:00+00:00,30034.077113367308,30052.400015963365,30015.562760218596,30034.438725678792,918
2025-05-08 19:16:00+00:00,30034.512544813788,30035.35622979272,30015.898074200628,30033.095983662854,682
2025-05-08 19:21:00+00:00,30033.56515544536,30035.63697290155,30033.25190653215,30032.736310094115,485
2025-05-08 19:26:00+00:00,30034.370428863956,30037.287697766616,30027.261214689104,30034.110555818235,565
2025-05-08 19:31:00+00:00,30034.548381532528,30038.66657627658,30027.27251162791,30033.913965276213,463
2025-05-08 19:36:00+00:00,30034.797033031577,30051.37733843022,30020.611540556973,30035.0426254354,898
2025-05-08 19:41:00+00:00,30034.482693755217,30047.16893518207,30027.719430820736,30033.940925302337,334
2025-05-08 19:46:00+00:00,30036.504696621963,30044.767867745817,30022.82842430606,30037.119659141736,561
2025-05-08 19:51:00+00:00,30034.609263175644,30041.432751358807,30027.41927050374,30034.353663759503,133
2025-05-08 19:56:00+00:00,30035.107695511502,30035.179578187097,30025.510851246767,30033.295891940255,605
2025-05-08 20:01:00+00:00,30035.874447007558,30055.216581817294,30021.421696404715,30037.067322800347,168
2025-05-08 20:06:00+00:00,30036.31282607283,30052.4733808559,30029.194364749623,30037.572576276314,536
2025-05-08 20:11:00+00:00,30037.31124308694,30055.23223346518,30037.0534665541,30039.113981125083,663
2025-05-08 20:16:00+00:00,30038.120460149516,30049.210498608652,30035.30466834979,30038.23956147511,135
2025-05-08 20:21:00+00:00,30035.607130299526,30040.1277774998,30019.72185800168,30035.63242737796,481
2025-05-08 20:26:00+00:00,30035.872130315907,30039.508376215184,30028.51650679275,30036.32618777052,397
2025-05-08 20:31:00+00:00,30036.309982493818,30048.904337639582,30035.08608214197,30037.221520435018,758
2025-05-08 20:36:00+00:00,30033.975203601272,30035.193866415513,30024.956687849983,30033.76606633444,911
2025-05-08 20:41:00+00:00,30036.626495700417,30039.075580416637,30016.787683420596,30036.548662563782,864
2025-05-08 20:46:00+00:00,30037.689896139927,30041.73630332901,30035.107525677322,30035.979128367293,416
2025-05-08 20:51:00+00:00,30037.543531198815,30040.526976680183,30033.207944905043,30039.34403618739,570
2025-05-08 20:56:00+00:00,30037.577408278572,30055.795560977385,30018.900158020875,30036.052984145557,580
2025-05-08 21:01:00+00:00,30037.509589185014,30051.042092414405,30033.77506271516,30038.02757113233,935
2025-05-08 21:06:00+00:00,30037.182825765474,30043.148581734557,30027.035551315923,30036.383669830502,308
2025-05-08 21:11:00+00:00,30037.069112142824,30041.042620732584,30036.224506509505,30037.482269610802,222
2025-05-08 21:16:00+00:00,30036.804699724646,30037.6470940323,30020.256118610712,30036.45708426055,140
2025-05-08 21:21:00+00:00,30035.627883062687,30042.322551132365,30030.111814627806,30035.809981012513,809
2025-05-08 21:26:00+00:00,30036.43679458101,30043.552362359624,30020.443161271065,30035.882014847433,179
2025-05-08 21:31:00+00:00,30037.952227941834,30054.45690070052,30024.119293145755,30038.92278773661,722
2025-05-08 21:36:00+00:00,30038.28658945537,30050.715271284706,30026.936314354673,30038.639982640594,215
2025-05-08 21:41:00+00:00,30038.032494954477,30050.96302387048,30036.86212784323,30035.673678363266,996
2025-05-08 21:46:00+00:00,30036.96767747718,30039.259471643105,30025.13630882437,30037.61297819704,797
2025-05-08 21:51:00+00:00,30036.16532477034,30047.450989971032,30019.295400540585,30033.91645020789,123
2025-05-08 21:56:00+00:00,30035.006026244744,30041.856494892294,30021.36055259943,30035.432424970295,907
2025-05-08 22:01:00+00:00,30032.62630898502,30043.21942351743,30028.80108298804,30031.994363290723,577
2025-05-08 22:06:00+00:00,30032.307960821476,30049.29869496334,30023.80204499882,30032.44204343849,779
2025-05-08 22:11:00+00:00,30031.61343495263,30031.66032815491,30030.79059974729,30032.15419378444,809
2025-05-08 22:16:00+00:00,30033.002941617393,30037.603926369273,30028.404962554163,30034.354819180677,739
2025-05-08 22:21:00+00:00,30033.435711990816,30036.816166798253,30015.74664990999,30032.629704544306,592
2025-05-08 22:26:00+00:00,30034.57070088709,30053.167197297127,30032.30643685424,30033.246297425478,456
2025-05-08 22:31:00+00:00,30034.773518039285,30051.173337058637,30026.326586261057,30035.69783449196,477
2025-05-08 22:36:00+00:00,30033.71819363393,30049.28356035421,30027.981159061597,30032.307457343624,795
2025-05-08 22:41:00+00:00,30033.50376661386,30043.59358117705,30019.460175441312,30033.235594134138,785
2025-05-08 22:46:00+00:00,30033.273851588085,30037.582260810235,30028.20877345842,30034.8551508461,355
2025-05-08 22:51:00+00:00,30033.97266481822,30046.291357860897,30032.144037765953,30034.18507686671,886
2025-05-08 22:56:00+00:00,30034.71593545446,30054.55456658025,30015.250938420777,30034.812704351276,631
2025-05-08 23:01:00+00:00,30033.451527910194,30045.574441360906,30030.926544917376,30033.641403418398,905
2025-05-08 23:06:00+00:00,30033.783121629316,30050.62531228884,30020.426600744875,30034.071941385744,204
2025-05-08 23:11:00+00:00,30031.401655167563,30033.850340843463,30031.056851870457,30031.895893709436,580
2025-05-08 23:16:00+00:00,30031.26824201944,30049.63509379505,30025.3072257615,30032.783056124797,830
2025-05-08 23:21:00+00:00,30030.91052905206,30044.437614143288,30021.98681643966,30029.804915660476,527
2025-05-08 23:26:00+00:00,30029.793209515698,30040.694448415783,30026.762408528815,30028.334011190265,575
2025-05-08 23:31:00+00:00,30029.450803355034,30030.539599379677,30020.906463248793,30029.311202789904,200
2025-05-08 23:36:00+00:00,30029.35718242258,30030.765400767166,30013.09844803808,30028.356919435082,452
2025-05-08 23:41:00+00:00,30029.238468251886,30043.198750015454,30025.250787822522,30030.16066973308,298
2025-05-08 23:46:00+00:00,30030.067596205663,30031.881790433938,30020.860911049673,30030.06471964922,270
2025-05-08 23:51:00+00:00,30029.33337254896,30047.297188170407,30016.609405578623,30030.172418513837,542
2025-05-08 23:56:00+00:00,30027.86438183736,30036.18655472467,30012.03417494157,30026.880763802114,622
2025-05-09 00:01:00+00:00,30028.110502170864,30038.22230376309,30028.077651973617,30028.645082225066,631
2025-05-09 00:06:00+00:00,30027.296092366807,30044.17225697796,30023.381032743844,30026.649957900183,878
2025-05-09 00:11:00+00:00,30027.448273920883,30045.32534226078,30008.809769088046,30026.661898124323,200
2025-05-09 00:16:00+00:00,30027.74262783392,30043.252740760643,30023.3720447081,30028.46147535468,868
2025-05-09 00:21:00+00:00,30027.635425093784,30034.20733695974,30016.4547224633,30027.484977251104,191
2025-05-09 00:26:00+00:00,30030.284315152105,30041.186130045815,30028.74099023733,30030.066601532355,523
2025-05-09 00:31:00+00:00,30030.786129015985,30048.949830435547,30012.406003116837,30030.110337025646,581
2025-05-09 00:36:00+00:00,30031.24888169974,30048.314247199127,30029.609821401333,30032.28767347105,714
2025-05-09 00:41:00+00:00,30031.89035139955,30044.418389252412,30014.950825479187,30030.553589704905,754
2025-05-09 00:46:00+00:00,30031.29632564627,30034.07987530928,30030.115126086544,30031.884628713076,490
2025-05-09 00:51:00+00:00,30032.2819241445,30035.750287180894,30018.42374763476,30033.56430395082,195
2025-05-09 00:56:00+00:00,30030.94880368344,30042.1176835066,30015.02094944858,30029.437477048017,892
2025-05-09 01:01:00+00:00,30030.756665794557,30035.832054123806,30014.741664214915,30031.022625890782,122
2025-05-09 01:06:00+00:00,30033.265591460964,30051.38381090067,30020.70206684752,30032.831661545188,190
2025-05-09 01:11:00+00:00,30035.271279883505,30052.55234030729,30019.58009952472,30036.513622117724,257
2025-05-09 01:16:00+00:00,30034.49183109935,30034.921182436537,30032.10463483377,30034.542569074118,678
2025-05-09 01:21:00+00:00,30034.763223831356,30050.28588715272,30017.45712052965,30037.233571513887,848
2025-05-09 01:26:00+00:00,30036.34610464395,30041.844957222413,30019.93035054766,30034.78943184308,859
2025-05-09 01:31:00+00:00,30036.4624568517,30054.66201052793,30033.43452196581,30035.099534520683,608
2025-05-09 01:36:00+00:00,30036.16337961032,30037.287344430304,30032.945999104024,30036.31983053943,855
2025-05-09 01:41:00+00:00,30037.758237458296,30047.31775181974,30030.501633328342,30037.082983911856,328
2025-05-09 01:46:00+00:00,30038.126299079217,30041.563411524116,30025.49767442358,30035.090846171166,397
2025-05-09 01:51:00+00:00,30037.45271921911,30050.213154025547,30021.222109246424,30035.898720557074,832
2025-05-09 01:56:00+00:00,30036.13129719687,30048.43893508051,30027.360808152833,30036.760936136012,504
2025-05-09 02:01:00+00:00,30036.519826768632,30042.744720447652,30029.25512847076,30037.134751913472,793
2025-05-09 02:06:00+00:00,30035.964596696926,30037.63060291622,30031.056437237436,30035.66204356359,645
2025-05-09 02:11:00+00:00,30035.588393320748,30041.264450921695,30019.22132046207,30035.155362537957,809
2025-05-09 02:16:00+00:00,30036.0457005728,30053.644887773866,30019.52956028724,30035.78194547643,445
2025-05-09 02:21:00+00:00,30034.127705928688,30044.5848068581,30020.49599422851,30034.97699578373,127
2025-05-09 02:26:00+00:00,30035.280973870795,30042.102501335587,30022.336193573632,30036.90405974225,400
2025-05-09 02:31:00+00:00,30034.26031133726,30051.07916666715,30023.195501764803,30033.33404008867,892
2025-05-09 02:36:00+00:00,30035.07946796257,30039.375876877322,30034.924369301654,30035.092910634077,893
2025-05-09 02:41:00+00:00,30034.118233975787,30041.16926830575,30021.362675592438,30034.099648222636,213
2025-05-09 02:46:00+00:00,30032.401740950503,30040.126651711435,30025.970361245778,30032.28568930628,322
2025-05-09 02:51:00+00:00,30032.31295357911,30048.61466005382,30022.974002076247,30033.51558399425,890
2025-05-09 02:56:00+00:00,30031.843833946936,30035.808576122927,30017.34060658451,30032.99060284462,558
2025-05-09 03:01:00+00:00,30031.08112334907,30048.85003117642,30022.669109124407,30032.975002838157,526
2025-05-09 03:06:00+00:00,30030.5031269985,30034.271603935173,30029.960919453482,30030.2161232114,795
2025-05-09 03:11:00+00:00,30032.522872430105,30041.315495812352,30018.075768250335,30032.89235445782,852
2025-05-09 03:16:00+00:00,30034.636238583807,30049.918895698484,30020.432686617412,30033.089449017098,437
2025-05-09 03:21:00+00:00,30033.59288214671,30053.134695046752,30027.12563340559,30032.85556281745,545
2025-05-09 03:26:00+00:00,30034.31249320058,30044.86252796391,30025.68228182099,30034.370854411714,828
2025-05-09 03:31:00+00:00,30034.321991682507,30046.526834687313,30027.318440812745,30034.298595967393,901
2025-05-09 03:36:00+00:00,30034.493536583785,30038.995051321628,30030.9525016197,30035.58035358293,189
2025-05-09 03:41:00+00:00,30034.052736133897,30041.070279882733,30032.79207710458,30035.14091735943,245
2025-05-09 03:46:00+00:00,30035.350323282895,30038.955035327283,30031.305653995572,30035.74405550456,176
2025-05-09 03:51:00+00:00,30035.720555916294,30047.554309692077,30024.098441280305,30036.143678032262,428
2025-05-09 03:56:00+00:00,30035.03177046112,30048.492252908014,30020.487362776166,30035.56950084689,174
2025-05-09 04:01:00+00:00,30034.863481806708,30049.868695497575,30018.350629879606,30033.35514088525,487
2025-05-09 04:06:00+00:00,30034.463816667914,30045.898168204254,30016.639437257,30034.717915251877,615
2025-05-09 04:11:00+00:00,30034.709177523397,30039.271534339172,30034.615217961433,30037.53052601643,655
2025-05-09 04:16:00+00:00,30036.52300838282,30051.94582179099,30017.660112475758,30035.230181689185,546
2025-05-09 04:21:00+00:00,30037.334125628382,30047.35435885957,30022.0732763795,30036.79275803237,447
2025-05-09 04:26:00+00:00,30036.783561289005,30055.13234281207,30023.513423989283,30037.70433242008,132
2025-05-09 04:31:00+00:00,30035.739824350705,30044.520528505822,30032.014846644233,30036.733739834664,719
2025-05-09 04:36:00+00:00,30037.699078130103,30054.24691756477,30029.910530529596,30037.338203129657,364
2025-05-09 04:41:00+00:00,30036.236036799233,30053.855649610327,30028.10400120431,30035.626725020735,310
2025-05-09 04:46:00+00:00,30035.48603966877,30035.76887716597,30028.999800195266,30035.449297677915,572
2025-05-09 04:51:00+00:00,30032.692126034755,30039.037229010526,30023.392319481074,30032.91838852844,126
2025-05-09 04:56:00+00:00,30032.578327545158,30042.98078032405,30026.27577868733,30031.278653510934,182
2025-05-09 05:01:00+00:00,30031.232559828026,30045.468212851716,30011.31262322067,30031.256687401255,868
2025-05-09 05:06:00+00:00,30030.69433586668,30047.87586649203,30027.52032446472,30031.83407211442,837
2025-05-09 05:11:00+00:00,30029.836792878443,30035.29052032929,30025.141858643165,30029.684790092862,922
2025-05-09 05:16:00+00:00,30031.324979002282,30043.227667655945,30012.01062383297,30031.270226080895,493
2025-05-09 05:21:00+00:00,30031.74319638378,30049.4846451639,30015.616371113876,30032.808939884766,633
2025-05-09 05:26:00+00:00,30031.2441677754,30045.806435595743,30015.2004560368,30030.380075041554,231
2025-05-09 05:31:00+00:00,30031.47914300938,30043.20104256887,30030.421357937867,30031.40661808976,420
2025-05-09 05:36:00+00:00,30031.845306626103,30041.078370932697,30026.840134503702,30031.70088402385,780
2025-05-09 05:41:00+00:00,30031.609105523534,30042.174940502708,30018.395234242973,30033.52765845797,573
2025-05-09 05:46:00+00:00,30031.04701005095,30044.250346883913,30014.430033605164,30030.839928734713,233
2025-05-09 05:51:00+00:00,30030.75018563427,30034.63636992615,30014.735118208067,30031.51799589352,433
2025-05-09 05:56:00+00:00,30031.087163660144,30044.165729530458,30018.871426666552,30029.226346332744,374
2025-05-09 06:01:00+00:00,30032.366426373042,30051.573127897747,30025.01720993245,30031.1351027628,731
2025-05-09 06:06:00+00:00,30032.793682576677,30052.28078469849,30024.645386605363,30032.03038319171,646
2025-05-09 06:11:00+00:00,30032.19391553861,30041.86333750946,30017.950259292673,30032.22019220412,328
2025-05-09 06:16:00+00:00,30031.877604882666,30035.28113209686,30021.583754271276,30029.89108581293,920
2025-05-09 06:21:00+00:00,30031.509159522644,30036.51349417047,30012.266665408835,30032.33210450816,511
2025-05-09 06:26:00+00:00,30031.348073009078,30042.159712708042,30017.23015656481,30031.60389853152,418
2025-05-09 06:31:00+00:00,30030.920850316343,30034.547913974082,30015.48527612698,30029.771003272526,225
2025-05-09 06:36:00+00:00,30031.17790661389,30040.37870672107,30030.400544496013,30032.631173053698,526
2025-05-09 06:41:00+00:00,30030.989404272845,30042.095591821708,30028.3807511696,30031.199878408832,912
2025-05-09 06:46:00+00:00,30029.511312894156,30031.837845998638,30019.034038183934,30029.23601235868,318
2025-05-09 06:51:00+00:00,30029.885312764618,30031.804564374692,30018.741700301238,30031.01273759219,593
2025-05-09 06:56:00+00:00,30028.658376266772,30047.932942784002,30011.10562248554,30029.740202811532,384
2025-05-09 07:01:00+00:00,30029.720706519023,30044.54027221127,30026.44697243126,30031.400231548134,919
2025-05-09 07:06:00+00:00,30030.400325549555,30033.012054244267,30024.193255606464,30030.142080827813,522
2025-05-09 07:11:00+00:00,30031.398081962165,30037.283598328773,30013.415564258557,30032.16368240182,257
2025-05-09 07:16:00+00:00,30033.60678652808,30050.407352764003,30029.07485822013,30032.842954644246,742
2025-05-09 07:21:00+00:00,30035.93354438605,30037.108819012905,30025.81901318984,30035.99057778518,736
2025-05-09 07:26:00+00:00,30036.932834755316,30044.73348005257,30023.835132169268,30036.379779087347,880
2025-05-09 07:31:00+00:00,30036.956938131676,30049.681435379884,30023.896652421157,30038.292125453845,409
2025-05-09 07:36:00+00:00,30037.65993001718,30054.3371213096,30021.496485722124,30037.49769481057,312
2025-05-09 07:41:00+00:00,30039.55523903003,30055.972822104824,30032.203936903505,30040.665285428313,787
2025-05-09 07:46:00+00:00,30039.92794481505,30041.295356347113,30037.31754056174,30039.370749473444,342
2025-05-09 07:51:00+00:00,30039.28975405609,30039.689103809447,30032.963904945147,30038.3563654194,969
2025-05-09 07:56:00+00:00,30038.219585297637,30048.72766019956,30025.33457315529,30037.401379856496,544
2025-05-09 08:01:00+00:00,30036.523143248345,30045.907377034735,30030.119365214145,30036.894057865913,642
2025-05-09 08:06:00+00:00,30037.888556298218,30056.505257364093,30036.63941770069,30037.61276136319,861
2025-05-09 08:11:00+00:00,30036.740410641338,30039.859551680354,30023.3919781845,30037.424490757672,238
2025-05-09 08:16:00+00:00,30036.71808466801,30045.134239256,30021.615054023867,30036.75786512348,119
2025-05-09 08:21:00+00:00,30036.978353308124,30052.312121385876,30022.273552993065,30036.565018234185,726
2025-05-09 08:26:00+00:00,30037.09518309765,30051.883609536697,30030.768325847526,30035.507975348573,518
2025-05-09 08:31:00+00:00,30036.960373652797,30040.443966722087,30022.595391860734,30037.474577606084,647
2025-05-09 08:36:00+00:00,30036.25003761922,30047.66944405688,30034.428918199443,30037.964671226273,454
2025-05-09 08:41:00+00:00,30036.18242523511,30050.51440357364,30031.225507416726,30035.575367144633,226
2025-05-09 08:46:00+00:00,30037.593451981655,30053.469949740236,30026.80915524465,30037.2184246416,601
2025-05-09 08:51:00+00:00,30037.417442375394,30050.33898230195,30036.039898960404,30037.74335726394,455
2025-05-09 08:56:00+00:00,30038.287042543507,30039.127072573967,30036.01307454518,30039.09782246818,684
2025-05-09 09:01:00+00:00,30037.99400084964,30047.219053337023,30035.094319838066,30035.99186041679,660
2025-05-09 09:06:00+00:00,30039.95006949574,30048.910988670912,30021.85912545843,30038.638516335093,453
2025-05-09 09:11:00+00:00,30039.44451220414,30054.86024936943,30022.511123997294,30037.428320794523,962
2025-05-09 09:16:00+00:00,30039.214183197895,30047.550507876596,30035.30177246674,30039.16984020897,993
2025-05-09 09:21:00+00:00,30039.241722042156,30042.183973595525,30034.187978893206,30041.268769608443,914
2025-05-09 09:26:00+00:00,30038.448951222785,30042.007456418793,30019.2663605068,30038.50260165681,901
2025-05-09 09:31:00+00:00,30036.02231307789,30054.90889412254,30023.83439740163,30035.532536429993,935
2025-05-09 09:36:00+00:00,30036.243917468415,30046.733009683812,30027.764591090356,30036.185230221403,605
2025-05-09 09:41:00+00:00,30036.999224927447,30038.51151516369,30024.384344878352,30035.69398654944,577
2025-05-09 09:46:00+00:00,30034.403465707917,30052.627909735897,30025.550353603518,30033.18031255448,143
2025-05-09 09:51:00+00:00,30035.528665236867,30045.590049781604,30023.34216566045,30035.236502691674,565
2025-05-09 09:56:00+00:00,30035.537697345382,30053.680507316836,30027.709115368525,30035.458537585382,354
2025-05-09 10:01:00+00:00,30036.92358437466,30048.05276675683,30018.784299715066,30036.58034136335,397
2025-05-09 10:06:00+00:00,30037.138800872217,30047.91707299241,30036.32388584139,30036.483620816678,957
2025-05-09 10:11:00+00:00,30038.72371325677,30047.684396501307,30027.84435662433,30038.551193097388,321
2025-05-09 10:16:00+00:00,30038.62137015884,30046.194136916674,30027.628427998872,30039.721177790598,395
2025-05-09 10:21:00+00:00,30039.028245530135,30043.4280866996,30030.44421303669,30038.29081533822,735
2025-05-09 10:26:00+00:00,30038.77036529015,30048.928755210956,30026.116738163248,30040.895504693435,154
2025-05-09 10:31:00+00:00,30037.71662822128,30050.62633071015,30020.240262198728,30040.10002108321,549
2025-05-09 10:36:00+00:00,30037.87977055606,30046.658163125725,30031.726607607652,30038.80543452487,737
2025-05-09 10:41:00+00:00,30036.386873091484,30041.405238719773,30027.053405860457,30037.176725092173,993
2025-05-09 10:46:00+00:00,30035.653099370742,30053.802719096966,30018.699953651274,30036.889923910247,467
2025-05-09 10:51:00+00:00,30036.021734683232,30050.91970659478,30020.94431596686,30034.5607096713,194
2025-05-09 10:56:00+00:00,30035.689430628514,30043.575492382988,30028.394673064286,30033.80189894933,667
2025-05-09 11:01:00+00:00,30037.73185822685,30057.19867940254,30022.618599086058,30036.83537522053,758
2025-05-09 11:06:00+00:00,30038.461890485196,30039.328384988807,30022.522289888522,30039.05141769607,154
2025-05-09 11:11:00+00:00,30037.979080252317,30043.683818215995,30024.331251389172,30038.574939992894,248
2025-05-09 11:16:00+00:00,30038.170073236524,30056.07294614138,30027.738946040285,30038.553452381322,346
2025-05-09 11:21:00+00:00,30040.47321329477,30057.945458335504,30038.36369277615,30040.18192861747,871
2025-05-09 11:26:00+00:00,30040.357290072057,30053.36844669107,30035.727398000276,30041.47393001852,506
2025-05-09 11:31:00+00:00,30039.85499860987,30051.740903204245,30036.562825565827,30042.18622514317,625
2025-05-09 11:36:00+00:00,30040.412376839147,30046.648793953827,30021.10965923963,30039.165092785664,729
2025-05-09 11:41:00+00:00,30038.56108490093,30056.501834908104,30019.149677769783,30038.12759446554,267
2025-05-09 11:46:00+00:00,30038.541517334488,30047.272173766964,30020.02942825769,30038.98552459678,476
2025-05-09 11:51:00+00:00,30038.504907822746,30049.16774164939,30034.19208693504,30037.062509022362,926
2025-05-09 11:56:00+00:00,30037.723412206782,30057.109220972507,30023.002307218154,30038.273075053618,227
2025-05-09 12:01:00+00:00,30038.688870829945,30056.735669901893,30020.37267768013,30038.35349512668,371
2025-05-09 12:06:00+00:00,30040.19888720411,30052.720902711982,30021.008330585824,30039.395876522078,647
2025-05-09 12:11:00+00:00,30039.862337209706,30059.09327332983,30034.09561464071,30038.568608045756,833
2025-05-09 12:16:00+00:00,30039.743693882276,30050.332620818157,30023.14493275572,30037.889867489503,404
2025-05-09 12:21:00+00:00,30038.94920256213,30041.23851277847,30036.271865963794,30037.547779532255,668
2025-05-09 12:26:00+00:00,30040.62435491968,30046.661073156127,30026.965958249755,30041.22801112287,482
2025-05-09 12:31:00+00:00,30040.237284010425,30056.292805839817,30029.47462961854,30039.872831667413,228
2025-05-09 12:36:00+00:00,30038.244451395516,30045.800136429727,30022.5942178424,30038.232968188993,417
2025-05-09 12:41:00+00:00,30036.237972720915,30050.289776440328,30018.20849829841,30035.902657074996,789
2025-05-09 12:46:00+00:00,30035.41218677342,30041.037664507094,30029.40245173141,30035.779389224524,439
2025-05-09 12:51:00+00:00,30035.30113834381,30036.155736724264,30021.779831493357,30033.565827246828,303
2025-05-09 12:56:00+00:00,30035.559186942795,30040.664952212606,30022.177743829354,30035.435137804277,478
2025-05-09 13:01:00+00:00,30036.264312683714,30042.451827368197,30036.021203820346,30035.164392096845,234
2025-05-09 13:06:00+00:00,30035.85760819737,30042.563356757437,30035.57634914276,30037.30694686018,288
2025-05-09 13:11:00+00:00,30036.915438115786,30037.3462082714,30031.080906060826,30037.46740863023,581
2025-05-09 13:16:00+00:00,30036.707016392527,30045.559769881354,30024.558598285334,30036.95303910467,510
2025-05-09 13:21:00+00:00,30037.039043410034,30039.765751733816,30021.654962110275,30037.366569340364,122
2025-05-09 13:26:00+00:00,30037.782771742815,30040.640911346378,30031.690812306704,30038.366339609645,760
2025-05-09 13:31:00+00:00,30037.879986759315,30057.845617637773,30020.72392299662,30036.081142252664,102
2025-05-09 13:36:00+00:00,30036.957356554543,30051.989048359097,30030.964992597575,30037.513191692065,959
2025-05-09 13:41:00+00:00,30036.55547324548,30044.93334313335,30029.763120582396,30037.15374503231,596
2025-05-09 13:46:00+00:00,30037.939038319575,30053.86195208356,30032.19275555892,30038.090394148374,596
2025-05-09 13:51:00+00:00,30035.977475591193,30040.82507131952,30022.635687901067,30036.908484744035,726
2025-05-09 13:56:00+00:00,30035.608195197005,30042.856603692526,30033.438604833522,30034.858149042364,614
2025-05-09 14:01:00+00:00,30034.896352103286,30043.085153200544,30032.027600344623,30033.304570295022,741
2025-05-09 14:06:00+00:00,30035.27063859954,30044.474276110952,30026.675090410834,30034.82971249447,948
2025-05-09 14:11:00+00:00,30034.137783471582,30048.659751225605,30029.675519032662,30034.961520851088,190
2025-05-09 14:16:00+00:00,30034.04148390787,30035.343691577702,30024.858449366224,30032.18405717893,413
2025-05-09 14:21:00+00:00,30034.93177028179,30046.317307965808,30021.277234553203,30033.466402586655,903
2025-05-09 14:26:00+00:00,30035.269238774268,30036.618023953928,30024.76592051664,30034.126355074484,116
2025-05-09 14:31:00+00:00,30034.480313839857,30046.361390761456,30026.90383694685,30035.891230839145,479
2025-05-09 14:36:00+00:00,30034.048546152644,30036.32927333002,30015.11139661414,30034.348642871017,652
2025-05-09 14:41:00+00:00,30034.201568190852,30051.432745549377,30020.86862802626,30034.795913173206,675
2025-05-09 14:46:00+00:00,30034.762319672205,30037.75135785846,30028.105175563385,30035.4930918579,545
2025-05-09 14:51:00+00:00,30034.676000200252,30041.15215581418,30029.42858151464,30035.06886272448,610
2025-05-09 14:56:00+00:00,30034.25474200387,30052.548427644182,30015.57495590448,30033.933332115328,759
2025-05-09 15:01:00+00:00,30035.27410505781,30042.276971074854,30033.07506530991,30035.399142875525,152
2025-05-09 15:06:00+00:00,30036.53516829685,30037.15984510023,30017.234011695247,30035.62433067811,847
2025-05-09 15:11:00+00:00,30036.14554514637,30044.621340513244,30032.235818176585,30035.733645694872,993
2025-05-09 15:16:00+00:00,30036.657842842356,30044.75297962752,30028.878825124906,30036.28857634867,360
2025-05-09 15:21:00+00:00,30034.733792404935,30039.989693120668,30020.393319052797,30033.29889777941,191
2025-05-09 15:26:00+00:00,30033.685626940725,30041.61907963171,30028.748453032178,30032.743949637406,590
2025-05-09 15:31:00+00:00,30033.156013237032,30043.63746931563,30016.3893092852,30032.540415609627,508
2025-05-09 15:36:00+00:00,30031.67417532561,30035.986449335385,30030.620644726554,30032.831598514204,969
2025-05-09 15:41:00+00:00,30030.923697033,30042.221950230116,30013.44411979378,30030.704340677457,828
2025-05-09 15:46:00+00:00,30030.212023860608,30037.249873687706,30012.934025079594,30029.482173042055,240
2025-05-09 15:51:00+00:00,30029.679105335625,30040.31708075503,30025.36439976453,30030.48474684326,152
2025-05-09 15:56:00+00:00,30030.11737121074,30030.993798510208,30010.778236263002,30029.821814685773,253
2025-05-09 16:01:00+00:00,30030.294954933514,30034.91067762937,30021.613786904843,30030.59726607373,818
2025-05-09 16:06:00+00:00,30029.60227044803,30036.528624922736,30016.610778633145,30030.11451156985,159
2025-05-09 16:11:00+00:00,30028.48823533949,30044.812261429666,30012.216988171876,30028.11135216456,826
2025-05-09 16:16:00+00:00,30027.340887817983,30034.296956206945,30017.23288006856,30028.31691992336,669
2025-05-09 16:21:00+00:00,30026.23077553111,30036.12388747578,30021.784995979655,30027.291855015563,237
2025-05-09 16:26:00+00:00,30025.65640059068,30031.10366195086,30020.596208265764,30025.491520929423,212
2025-05-09 16:31:00+00:00,30025.52114607835,30042.091367503755,30008.222640622917,30025.118230998858,863
2025-05-09 16:36:00+00:00,30025.38846710227,30030.55574800195,30016.59532503111,30023.026828532285,767
2025-05-09 16:41:00+00:00,30026.21457949659,30039.702577415865,30015.392035926307,30026.130078334892,198
2025-05-09 16:46:00+00:00,30025.47472314073,30034.325311549303,30011.72643785436,30024.608652427763,957
2025-05-09 16:51:00+00:00,30024.611940403218,30043.920915395545,30016.059322354424,30022.758959448856,923
2025-05-09 16:56:00+00:00,30024.740078149054,30042.51320513083,30010.688508354688,30023.78315083557,409
2025-05-09 17:01:00+00:00,30023.496649694956,30039.693531289686,30019.60360570673,30027.278687210433,956
2025-05-09 17:06:00+00:00,30024.35955276646,30043.593221357016,30019.831920388704,30024.039027590614,687
2025-05-09 17:11:00+00:00,30023.29889020595,30041.953363885325,30005.86247589762,30023.020866982322,118
2025-05-09 17:16:00+00:00,30025.81900516794,30026.47796530156,30023.843990280697,30025.747290710173,315
2025-05-09 17:21:00+00:00,30027.078779207484,30045.862304594553,30025.217998520966,30027.54859270875,711
2025-05-09 17:26:00+00:00,30028.244247183153,30037.105547107796,30011.972351803513,30027.64131623773,893
2025-05-09 17:31:00+00:00,30029.088141532942,30033.843874665123,30011.265263669906,30030.45731396559,687
2025-05-09 17:36:00+00:00,30030.08946211441,30032.583822228902,30016.408716422044,30029.38491312802,265
2025-05-09 17:41:00+00:00,30030.70817760217,30031.969687622597,30028.65700574444,30030.724433662002,924
2025-05-09 17:46:00+00:00,30030.915876979434,30041.448900725492,30017.929763849497,30028.91931181098,786
2025-05-09 17:51:00+00:00,30029.761289241305,30048.39120583369,30016.752213013515,30031.500720014552,554
2025-05-09 17:56:00+00:00,30030.6723567272,30038.444941796883,30024.65266783197,30031.1131828465,631
2025-05-09 18:01:00+00:00,30030.51730218897,30041.668748953278,30014.000682071717,30030.33699744514,825
2025-05-09 18:06:00+00:00,30031.537049410977,30042.412566254076,30018.145947688034,30032.517063816733,575
2025-05-09 18:11:00+00:00,30031.58470674206,30049.054267912343,30026.435369405062,30031.196912239146,376
2025-05-09 18:16:00+00:00,30031.16195213995,30036.033188462687,30015.022585576186,30031.098901602716,969
2025-05-09 18:21:00+00:00,30030.75234454821,30035.26210828132,30022.21899912612,30031.095950083087,915
2025-05-09 18:26:00+00:00,30030.23186793474,30049.51507878749,30012.361044272446,30029.547698883114,888
2025-05-09 18:31:00+00:00,30029.538727094678,30048.313747911754,30015.80815042146,30029.617195024533,720
2025-05-09 18:36:00+00:00,30030.014585192584,30035.81420694048,30024.974000714425,30029.655595221575,925
2025-05-09 18:41:00+00:00,30030.87462907051,30047.289525468626,30012.518564614362,30029.357205444514,456
2025-05-09 18:46:00+00:00,30031.91826740335,30045.175684857197,30027.177182906256,30033.776112635784,915
2025-05-09 18:51:00+00:00,30034.516028417806,30042.38068829409,30020.38355222411,30033.81271877947,221
2025-05-09 18:56:00+00:00,30034.295454031235,30037.95575439373,30019.37532769688,30032.663281438305,687
2025-05-09 19:01:00+00:00,30033.52122821823,30043.08841456289,30017.6363871352,30033.707221888388,452
2025-05-09 19:06:00+00:00,30032.695503866533,30035.78210767231,30025.07943629945,30031.365881690373,947
2025-05-09 19:11:00+00:00,30033.19298639521,30043.840470720377,30028.799554504967,30033.000987892356,954
2025-05-09 19:16:00+00:00,30033.36493201757,30045.541232298627,30023.537947727662,30033.066823725647,690
2025-05-09 19:21:00+00:00,30033.570892380303,30047.032164410393,30020.95363160931,30033.448524846208,578
2025-05-09 19:26:00+00:00,30034.290591654957,30051.850409888593,30028.074482318825,30033.05986040906,281
2025-05-09 19:31:00+00:00,30033.852543055178,30051.960321519226,30020.223827714413,30034.139182467454,277
2025-05-09 19:36:00+00:00,30033.980844970956,30041.807094036994,30027.172365652925,30033.613729942244,311
2025-05-09 19:41:00+00:00,30033.756998701483,30046.697797698682,30029.623418996995,30032.0989819136,401
2025-05-09 19:46:00+00:00,30033.94448806816,30044.129837069893,30026.180873042947,30034.079146412903,153
2025-05-09 19:51:00+00:00,30035.03270302397,30049.20124868919,30027.415507063524,30035.068507461972,125
2025-05-09 19:56:00+00:00,30036.31141655199,30052.74858232278,30018.88628131081,30036.18315403463,609
2025-05-09 20:01:00+00:00,30035.30178382777,30046.8061316031,30034.421934397094,30035.069097636308,273
2025-05-09 20:06:00+00:00,30035.84816953857,30048.326538883986,30033.180035983114,30033.396900564887,918
2025-05-09 20:11:00+00:00,30037.321636497407,30046.30223517164,30023.95026493517,30037.107791227678,847
2025-05-09 20:16:00+00:00,30035.93506943519,30038.86661639055,30021.111938095873,30036.373934270716,872
2025-05-09 20:21:00+00:00,30036.813659276762,30052.807378786154,30036.666258903042,30036.259208232346,509
2025-05-09 20:26:00+00:00,30038.957269178187,30041.807261616115,30032.96022246699,30038.69414847504,527
2025-05-09 20:31:00+00:00,30039.133488082392,30044.521345512203,30027.868090423137,30039.320564846985,412
2025-05-09 20:36:00+00:00,30038.52523579287,30052.692682202392,30018.79360488425,30038.763641930724,471
2025-05-09 20:41:00+00:00,30037.573763199183,30045.442856987287,30030.426789053316,30037.220281854847,383
2025-05-09 20:46:00+00:00,30038.034306412374,30042.372344366377,30021.16547861727,30037.328832452098,482
2025-05-09 20:51:00+00:00,30036.80641174365,30045.5735207303,30032.132509587474,30037.01793959394,681
2025-05-09 20:56:00+00:00,30036.99821595199,30047.893929854366,30025.050483639974,30036.835332532046,126
2025-05-09 21:01:00+00:00,30038.90567539135,30043.244087294996,30037.919263861855,30039.32717886386,549
2025-05-09 21:06:00+00:00,30039.44393037473,30043.711968611475,30032.35670744475,30040.511857355523,824
2025-05-09 21:11:00+00:00,30041.035410514665,30046.249554149435,30030.13177767335,30041.16081574817,542
2025-05-09 21:16:00+00:00,30040.950840313417,30053.391275676935,30021.026626384853,30042.393855773033,640
2025-05-09 21:21:00+00:00,30040.645628277598,30058.536248943823,30026.760894858402,30039.328456886404,423
2025-05-09 21:26:00+00:00,30040.49834858075,30056.75119062441,30028.12788717974,30040.86527866087,562
2025-05-09 21:31:00+00:00,30040.60788264461,30041.691790280413,30033.245872461142,30039.827747282947,990
2025-05-09 21:36:00+00:00,30038.841726246497,30041.724707908186,30026.433260986203,30040.264157543297,363
2025-05-09 21:41:00+00:00,30038.363444682796,30053.112709132936,30034.07386435553,30038.126706091934,498
2025-05-09 21:46:00+00:00,30039.740830625466,30046.56698570418,30026.05903361577,30039.440161329847,940
2025-05-09 21:51:00+00:00,30040.928672725066,30046.51086637278,30032.461581141106,30038.961090617187,773
2025-05-09 21:56:00+00:00,30041.065793391346,30053.868155573822,30026.306002584122,30040.569468826514,132
2025-05-09 22:01:00+00:00,30041.20661377554,30051.53012397389,30027.87513429862,30039.93077996676,491
2025-05-09 22:06:00+00:00,30042.078214989735,30051.22595920882,30038.02399479024,30041.488032508343,724
2025-05-09 22:11:00+00:00,30041.530125814792,30055.523013440717,30032.19737869306,30041.969156106396,573
2025-05-09 22:16:00+00:00,30043.132306584666,30050.7429266324,30029.384618631575,30042.676300540174,498
2025-05-09 22:21:00+00:00,30044.265581382715,30056.671773534956,30026.9015397027,30044.59678569512,789
2025-05-09 22:26:00+00:00,30043.20936976989,30061.866002788585,30033.679950878024,30042.910466126817,862
2025-05-09 22:31:00+00:00,30042.676799060126,30053.993535779515,30036.513903827774,30041.75805288663,542
2025-05-09 22:36:00+00:00,30042.2273428565,30049.065639180048,30025.321427928433,30044.087320127444,998
2025-05-09 22:41:00+00:00,30042.187094368644,30057.220224825818,30039.677068201614,30041.989862032613,966
2025-05-09 22:46:00+00:00,30043.717838827222,30047.17099218072,30043.59695752256,30043.461385187173,432
2025-05-09 22:51:00+00:00,30042.25916841207,30050.37674820671,30029.65318566591,30043.00508881962,493
2025-05-09 22:56:00+00:00,30042.33844481049,30056.51063644173,30025.92035184648,30041.752291623798,739
2025-05-09 23:01:00+00:00,30040.184292357804,30050.87529462223,30036.636330946807,30040.008097485075,913
2025-05-09 23:06:00+00:00,30038.046290920094,30045.361413624858,30025.943702020377,30038.558354960827,684
2025-05-09 23:11:00+00:00,30040.249549921802,30042.7090086573,30026.266612328895,30040.9236731742,199
2025-05-09 23:16:00+00:00,30039.424853568806,30040.4226034593,30031.64682953687,30038.56757153964,936
2025-05-09 23:21:00+00:00,30040.04087601978,30050.63537701078,30033.132992849907,30039.636890667007,427
2025-05-09 23:26:00+00:00,30040.654829623003,30044.40233321345,30021.632704018197,30041.323633719345,260
2025-05-09 23:31:00+00:00,30040.763893391948,30041.923432860043,30025.08262819897,30038.950699965208,317
2025-05-09 23:36:00+00:00,30040.841041397875,30058.16028206555,30025.89211814113,30038.963028145095,829
2025-05-09 23:41:00+00:00,30040.000382258102,30048.84835724681,30034.838386549178,30040.756830036607,359
2025-05-09 23:46:00+00:00,30039.871408676267,30048.263904574982,30025.94556261464,30041.108412749385,237
2025-05-09 23:51:00+00:00,30038.08403348996,30047.685478026735,30030.606861384415,30037.46818307839,560
2025-05-09 23:56:00+00:00,30038.704995996017,30050.969109157508,30031.774115871798,30039.203909965243,868
2025-05-10 00:01:00+00:00,30038.067424633606,30046.616230204,30029.031877991187,30037.026216902006,997
2025-05-10 00:06:00+00:00,30038.921285503755,30048.54420062497,30033.31883097077,30038.058766845897,784
2025-05-10 00:11:00+00:00,30039.83132626326,30053.648033814927,30030.905916394848,30039.037806919314,341
2025-05-10 00:16:00+00:00,30039.3948241043,30050.94124934027,30039.070243305996,30039.534840601693,661
2025-05-10 00:21:00+00:00,30038.077477497543,30055.144971593712,30025.680192707892,30037.172130149745,231
2025-05-10 00:26:00+00:00,30038.816166935056,30046.15109709821,30030.346709730908,30038.082950506392,452
2025-05-10 00:31:00+00:00,30037.820403323072,30050.54996082877,30024.95772539124,30037.696146355473,117
2025-05-10 00:36:00+00:00,30039.271993839255,30047.668870780388,30027.21762987724,30038.515768894693,882
2025-05-10 00:41:00+00:00,30037.334715463367,30039.100557623715,30027.9584786357,30035.915656030127,537
2025-05-10 00:46:00+00:00,30036.65083637262,30038.157953432023,30031.010009155932,30035.90321595753,452
2025-05-10 00:51:00+00:00,30038.291309405762,30039.008299210996,30037.8824461632,30037.800271448195,769
2025-05-10 00:56:00+00:00,30035.21105297824,30043.093132151524,30027.95050721286,30034.57765250968,792
2025-05-10 01:01:00+00:00,30035.37155960545,30039.792930383857,30016.4008936578,30033.788724206,999
2025-05-10 01:06:00+00:00,30036.40837766094,30044.460211146383,30026.810650641182,30036.215267614232,144
2025-05-10 01:11:00+00:00,30035.528785199178,30050.938249605013,30031.378606553866,30036.68356474026,531
2025-05-10 01:16:00+00:00,30036.934209275118,30048.64185234965,30030.909765470526,30037.985409509285,813
2025-05-10 01:21:00+00:00,30037.766558737196,30055.61682824985,30034.410049204966,30038.644340699346,277
